time,hip_angle_l,hip_angle_l_velocity,hip_angle_l_velocity_filt,knee_angle_l,knee_angle_l_velocity,knee_angle_l_velocity_filt,hip_angle_r,hip_angle_r_velocity,hip_angle_r_velocity_filt,knee_angle_r,knee_angle_r_velocity,knee_angle_r_velocity_filt,thigh_imu_l_accel_x,thigh_imu_l_accel_y,thigh_imu_l_accel_z,thigh_imu_l_gyro_x,thigh_imu_l_gyro_y,thigh_imu_l_gyro_z,shank_imu_l_accel_x,shank_imu_l_accel_y,shank_imu_l_accel_z,shank_imu_l_gyro_x,shank_imu_l_gyro_y,shank_imu_l_gyro_z,foot_imu_l_accel_x,foot_imu_l_accel_y,foot_imu_l_accel_z,foot_imu_l_gyro_x,foot_imu_l_gyro_y,foot_imu_l_gyro_z,thigh_imu_r_accel_x,thigh_imu_r_accel_y,thigh_imu_r_accel_z,thigh_imu_r_gyro_x,thigh_imu_r_gyro_y,thigh_imu_r_gyro_z,shank_imu_r_accel_x,shank_imu_r_accel_y,shank_imu_r_accel_z,shank_imu_r_gyro_x,shank_imu_r_gyro_y,shank_imu_r_gyro_z,foot_imu_r_accel_x,foot_imu_r_accel_y,foot_imu_r_accel_z,foot_imu_r_gyro_x,foot_imu_r_gyro_y,foot_imu_r_gyro_z,insole_l_force_y,insole_l_cop_x,insole_l_cop_z,insole_r_force_y,insole_r_cop_x,insole_r_cop_z
71.65,-10.616717504809,-25.2626724758719,-0.507359486461873,-39.9318888045391,-206.331301158735,-4.14382694851025,-17.0450834457963,65.0809891864599,1.30704529711215,-11.8102376661182,66.4190332119404,1.33391772441689,3.22995991101152,9.10997656416395,0.161186638838995,1.13520349539682,-16.3802676730526,43.6164455387414,-3.43771236831069,8.89932270690909,0.242333887588785,11.3157311850392,-11.671539455388,-162.754809328313,0.170462808727916,11.478621154159,1.28521864736567,19.1914969017473,2.51451301963172,-32.7394610225369,4.57400975662335,8.61650103902099,-1.87863169244552,4.67492034962137,147.64863481097,-53.7403853870071,2.43053643793609,9.62103052614679,-1.76167129079121,-25.4512313682015,145.567845227278,13.0107066778991,-0.970815296850303,9.62400873683891,-2.48540081876484,-68.6274924437629,143.451628901507,-90.7437760261352,NaN,NaN,NaN,0,0,0
71.655,-10.7430308671883,-25.2626724758719,-2.31407578868157,-40.9635453103319,-206.331301158735,-18.9000696151454,-16.7196784998643,65.0809891864599,5.96145722601885,-11.4781425000588,66.4190332119404,6.08402285269638,3.15439395767298,9.15442778190678,0.231933240669834,1.11027033372869,-16.5350273740606,43.4663069421167,-3.86894277318689,9.21525057041019,0.177262625118187,11.6784341184312,-11.7582152942039,-162.637639884579,0.499740625809308,12.3143721963926,1.15752582816611,19.5841975941876,2.33884209185691,-32.3225913960892,4.2840288049043,8.7350610711857,-1.55180513119739,4.57349043295197,147.805017446115,-53.5986353277063,2.29739091160108,9.69138654566925,-1.73869180493015,-24.9333109561719,145.757894098458,12.3039681272152,-1.82631746445609,9.50002509780819,-3.05622537523271,-68.9133953290188,143.796461886223,-91.7889747702831,NaN,NaN,NaN,0,0,0
71.66,-10.8681564996911,-25.0251265005851,-5.31158557110181,-41.9929837769143,-205.887693316681,-43.4120991718443,-16.395028911077,64.9299177575146,13.6928141420292,-11.1511537650926,65.397746993287,13.9569194956393,2.86682625638642,9.39086022242322,0.334769694470132,1.15289205935208,-16.7508794883396,42.9971161203569,-4.66125096568197,9.38593655677209,0.112743594883752,12.0641229449128,-11.6789854557145,-162.141088820524,0.862389552263881,13.0084708338852,1.03147435452528,20.3651179340814,1.96631538818466,-31.2815593789768,3.85625546661369,9.12942946874706,-1.05956702941572,5.19072891952612,147.465329282361,-53.3207629670299,1.8752335331744,9.9874199809565,-1.54025433527198,-23.4314006705205,145.683751614249,11.1003551865904,-3.49043252107435,9.3470391576374,-3.53159809855719,-67.8917477394863,144.378262889692,-94.2870519010513,NaN,NaN,NaN,0,0,0
71.665,-10.9905296021424,-24.4746204902135,-8.81141478581545,-43.0149855734282,-204.400359302372,-72.164192504572,-16.0718960704792,64.6265681194409,22.7643274618877,-10.8338420320778,63.4623466028471,23.1202751517227,2.50990344515531,9.72616265577675,0.403069138404363,1.25811399603929,-16.836345861193,42.1436048188885,-5.46375626509859,9.02219223796419,0.11739686018781,12.4059469537828,-11.4531410989461,-161.029026232541,0.882227362598028,12.69440106577,1.02972215185937,21.148780037181,1.65575011867981,-29.8299152932495,3.56318838011447,9.65832981962262,-0.695250150512677,5.76107059779427,146.236663425817,-52.9606170402882,1.31296977655026,10.3919364161063,-1.14966319907426,-21.8344533326374,144.711614486979,9.07115654543264,-5.17651890162727,9.2308057929994,-3.27681268694129,-66.0961378560353,144.325282254014,-96.9295812613496,NaN,NaN,NaN,0,0,0
71.67,-11.108580282354,-23.6101360423445,-12.3080094361467,-44.0247702581533,-201.95693694522,-101.208179428631,-15.750809750066,64.2172640826979,31.9431672910176,-10.530718688216,60.6246687724114,32.2199049021344,2.21673699992634,9.98830578330033,0.488460146904854,1.43193610176823,-16.7864004726379,40.9198949302233,-6.16530442552626,8.62092411159407,0.134486311530495,12.6962852921184,-11.0764073058053,-159.382683658673,0.866120112556798,12.3260398468617,1.04910521534976,21.9277818281,1.41932756518024,-27.9968991261125,3.3012484044634,10.0939382478624,-0.356860341604457,6.27996700022734,144.14590803859,-52.5609342600605,0.744055295119001,10.7058202814503,-0.771376961416092,-20.177313604439,142.864300721986,6.19525328962104,-6.85436660181146,8.99874848527602,-2.99281332434331,-63.5164566606266,143.657599771857,-99.6789062960039,NaN,NaN,NaN,0,0,0
71.675,-11.2207672319764,-22.4373899244883,-15.4523038224339,-45.0180727312963,-198.660494628766,-127.911950111407,-15.4320643952294,63.7490709673764,40.4215375786094,-10.2461393285851,56.9158719262357,40.3203244629597,1.98826835762459,10.1794527515139,0.587442176032508,1.67944645328422,-16.5985253512515,39.3482437022473,-6.76027814329841,8.19951201628372,0.161217862900031,12.9285712994051,-10.5470661439572,-157.289431578728,0.816742510720912,11.9219598473444,1.08806926593273,22.6932540282247,1.26688548864761,-25.8260437639134,3.07240218214765,10.4366776570717,-0.0466846894133096,6.74574071322317,141.230941440829,-52.163541664455,0.177001531761813,10.9322097823015,-0.411838461276379,-18.4913270859842,140.176986168802,2.47134579666685,-8.48791968763185,8.67164973013263,-2.69073569655894,-60.154179346993,142.399075852549,-102.475722477335,NaN,NaN,NaN,0,0,0
71.68,-11.3256124212988,-20.9690378644492,-18.0241012517252,-45.9912088548537,-194.627224711111,-150.707132063381,-15.1157225148037,63.268376085017,47.7328838482521,-9.98421096231727,52.3856732534629,46.8322222798207,1.82391695686939,10.3035868774322,0.696227425529045,2.00480527278998,-16.2728203044697,37.458861330761,-7.24615147186031,7.77587924748582,0.194417788673527,13.0976909143326,-9.86588097174316,-154.840581301955,0.737661793723799,11.5011643397374,1.14401151632536,23.4350430963661,1.20577367053884,-23.3753155470586,2.87766072899961,10.6893762118835,0.233607138362171,7.15943912885974,137.539915469444,-51.8080041317214,-0.379301824536771,11.0765724662788,-0.0771067949761866,-16.8033141072265,136.69642865575,-2.08173099083936,-10.0421311420572,8.27448141468672,-2.38259811794628,-56.0234402180667,140.576391551654,-105.239404895735,NaN,NaN,NaN,0,0,0
71.685,-11.4217360991355,-19.2247355673658,-19.9045624333127,-46.9411287968652,-189.983988402465,-168.842859995603,-14.8016249823122,62.8195064983561,53.6706860618503,-9.74870573192055,47.1010460793858,51.4396144411407,1.72173120172243,10.3662310158217,0.810882403270952,2.41125480944681,-15.8120206409841,35.2895538830674,-7.62329462314804,7.36777253221171,0.230677974322857,13.200298208787,-9.03592759532712,-152.129239892601,0.633191806986251,11.0822553205837,1.21344162679341,24.1419310504692,1.24085141583253,-20.7169050214349,2.71712437391084,10.8570005634428,0.482918353810221,7.52454073663974,133.130422421925,-51.5303677961511,-0.915407040167819,11.1464609681341,0.227351798213471,-15.1348950821081,132.480004492682,-7.42530517716042,-11.4837307527928,7.83555613256362,-2.08049989320563,-51.1521405062231,138.218194670236,-107.869319534479,NaN,NaN,NaN,0,0,0
71.69,-11.5078913531881,-17.2310508105266,-21.0509778194001,-47.8654576254738,-184.865765721894,-182.163037714722,-14.4894078943953,62.4434175834402,58.2153227462904,-9.54298364815903,41.1444167523411,54.0325442076019,1.67855772236316,10.374142857051,0.927461044062897,2.90114664283258,-15.2214282138341,32.885196108801,-7.89468707896978,6.99210332677849,0.266506284328739,13.2350288249572,-8.06235611072402,-149.248264823761,0.508253830997622,10.6826888279873,1.29219012368692,24.8018788989746,1.37461628866768,-17.9366544126231,2.5900553966568,10.9463519549645,0.700678077925897,7.84654297646339,128.068554720625,-51.362034068302,-1.42139265841282,11.1511555618642,0.496863874062147,-13.5021862862595,127.594589593188,-13.5017657989209,-12.7820938986216,7.38537194062606,-1.79582129946793,-45.5830198057891,135.354402004061,-110.247114379979,NaN,NaN,NaN,0,0,0
71.695,-11.5829974698168,-15.0212233257532,-21.4750242549097,-48.7625229229324,-179.413059491888,-190.916356125035,-14.1785254769235,62.176483494411,61.4718821670588,-9.36992656460744,34.6114167103492,54.6486003371396,1.69022211269929,10.3349989175262,1.04212545502785,3.47597722244403,-14.5087663361491,30.2970425165767,-8.06556392847106,6.66437517992579,0.298475680192499,13.202601450212,-6.95211083647462,-146.288356363669,0.36824679352358,10.3181466714539,1.3756477398371,25.4022803536397,1.60744614567886,-15.1331143928828,2.49497255163302,10.9657370745441,0.886794493449456,8.13246696330796,122.427866231279,-51.3287922909764,-1.88766973988984,11.1010745254828,0.727721984108932,-11.9158595311124,122.115317109767,-20.2360265038127,-13.9105444263774,6.95489722193412,-1.53851408160725,-39.374594848236,132.015693544908,-112.239944463924,NaN,NaN,NaN,0,0,0
71.7,-11.6461713308417,-12.6347722049574,-21.2249837181265,-49.6313694091592,-173.769297245016,-195.602373656858,-13.868278387385,62.0494179075868,63.6198936547421,-9.23188526479974,27.6082599614866,53.4246102197157,1.75171535308588,10.2570789854666,1.15125157265153,4.13642238398443,-13.6839730211559,27.5818885491723,-8.14302219471908,6.39821350257468,0.323366484073297,13.1058067494443,-5.71363632900395,-143.336317219411,0.218924652087435,10.0020442523954,1.45901914929141,25.9302131992196,1.93793135743486,-12.4162290275444,2.42976117383548,10.9246247206789,1.04160959908652,8.39031763995621,116.288244345539,-51.4500321317031,-2.30536820628856,11.0073271548895,0.917320352752128,-10.3815354276685,116.124240760748,-27.5375004550502,-14.847127981072,6.57409324542703,-1.31649204300869,-32.6018471481776,128.233215751834,-113.704543384411,NaN,NaN,NaN,0,0,0
71.705,-11.6967560995651,-10.1169537446814,-20.3719001046104,-50.4717607588808,-168.078269944477,-196.852882347025,-13.5578466353619,62.086350404671,64.8746560054447,-9.13064112272984,20.2488284139995,50.5585302792375,1.85738107779062,10.1489615800566,1.25151807219701,4.88236217794049,-12.7589493187228,24.8010967586064,-8.1356134243301,6.20500615111714,0.338297047759128,12.9493914500205,-4.35659533765798,-140.473501049911,0.0662752761586794,9.74518502597501,1.53757590419149,26.3726770612854,2.3632710428241,-9.9056545831552,2.39179249317197,10.8332984856638,1.1658560779246,8.62853805617045,109.734702508838,-51.7381500565667,-2.66631178843715,10.8814057213798,1.06425015628348,-8.90045941810634,109.708928854511,-35.3025144693117,-15.5748682164024,6.27074475307596,-1.13515799868884,-25.3565269320953,124.038490074191,-114.49201429036,NaN,NaN,NaN,0,0,0
71.71,-11.7343464792751,-7.51807594201681,-18.9993303262332,-51.2841689673639,-162.481641696776,-195.34522963011,-13.2463262330807,62.304080456291,65.4590365496051,-9.06738333837843,12.6515568702936,46.2807055828187,2.00109966530136,10.0192396271761,1.3399777186757,5.71288858555867,-11.7472801322724,22.0195055868756,-8.05294642692018,6.09365614560058,0.340838922418621,12.7398518400469,-2.89162017838012,-137.774464296791,-0.0836066239082097,9.55556377721617,1.60689555308706,26.7168083369156,2.87970612402042,-7.72872538324473,2.37804609418154,10.7025147779104,1.26061601115934,8.85549368714687,102.856103827942,-52.1981579913713,-2.96318746043881,10.7348309565714,1.16833601469002,-7.47039384057241,102.961009412225,-43.4170763511801,-16.0820034039738,6.06926427888429,-0.997135228741805,-17.7469375555197,119.463502273532,-114.453177077723,NaN,NaN,NaN,0,0,0
71.715,-11.7588098755044,-4.89267924584325,-17.1961690834113,-52.0697517694992,-157.116560426743,-191.74289868299,-12.9327685971455,62.711527186919,65.5841915135872,-9.04270225966511,4.93621574265402,40.8331989507863,2.17646579892531,9.87626408418143,1.41411098744143,6.62629053023111,-10.6639438373023,19.3042407293083,-7.90532014542577,6.07044196983202,0.329113352276043,12.4851553971887,-1.3301130157064,-135.305829430799,-0.224659879876198,9.43831353635725,1.6630764542653,26.9500658082828,3.48296283272692,-6.01808829715395,2.38523009125606,10.5431746096122,1.32728061870289,9.07901736898756,95.7438276803059,-52.8274967718711,-3.18975080827153,10.5788114908934,1.23061564443485,-6.08664892567914,95.9746827196225,-51.7598992397396,-16.3620848092035,5.98963250011087,-0.902207174722904,-9.8970742640412,114.540930316679,-113.444276967061,NaN,NaN,NaN,0,0,0
71.72,-11.7703028584074,-2.29859658060998,-15.0519558015986,-52.8303187480746,-152.113395715221,-186.65815305461,-12.6162216527602,63.3093888771182,65.4375129442116,-9.05659879765714,-2.77930759840967,34.4556995886096,2.37695667940597,9.72792167432251,1.47186225838805,7.6200129441846,-9.52502448061485,16.7234511168865,-7.70340167868157,6.13897639739955,0.301866506438431,12.1944115265854,0.315896369037571,-133.125362168573,-0.351016045490935,9.39578477854836,1.70292032804203,27.0603839887962,4.16868256631348,-4.90903671723976,2.40989447259751,10.3660166735775,1.36750992934562,9.3060381000994,88.4903928216665,-53.6160523026968,-3.34100959703126,10.4239409614511,1.25326543965458,-4.74317129562608,88.8452148700295,-60.2055808091157,-16.4139098166341,6.04656172621734,-0.847458846667242,-1.94501458263162,109.304455814434,-111.332834240791,NaN,NaN,NaN,0,0,0
71.725,-11.7692824033731,0.204091006868809,-12.6540753345146,-53.5682868819157,-147.593626768353,-180.631651879175,-12.295771545018,64.0900215485061,65.1761515001505,-9.10850944033602,-10.3821285357837,27.376526962798,2.59608850194908,9.58145123145928,1.51165926351111,8.69058942946171,-8.34743664051262,14.3449932966475,-7.45795895952774,6.30025164865244,0.258521341094997,11.8775126366986,2.03383392351101,-131.281260458718,-0.457179558555233,9.42774055193111,1.72407689381636,27.0362954471046,4.93281713186818,-4.53658470442412,2.44853411603628,10.1813383123092,1.38319128775523,9.54230833292231,81.1880523169952,-54.5463684633051,-3.41337855207329,10.2799384605873,1.23947705905832,-3.43361026792179,81.6674248701044,-68.6278333821183,-16.2413089615038,6.24892247786702,-0.827601006538848,5.95950535607104,103.789097477601,-108.00339752665,NaN,NaN,NaN,0,0,0
71.73,-11.7565114852306,2.55418362849586,-10.0863146088768,-54.2866263854375,-143.667900704082,-174.124417518295,-11.9705838398628,65.0375410309057,64.9246260053699,-9.19734588865633,-17.7672896640276,19.8073765262096,2.82755917433326,9.44330143751693,1.5324167899758,9.83355113255993,-7.14866859372827,12.2350893832421,-7.17965199492516,6.55275679308572,0.199204410030162,11.5447653968359,3.81061124428254,-129.811649047532,-0.538226877804691,9.5316472696719,1.72514691776842,26.8670279217087,5.77197178732641,-5.03233187453826,2.49767910475899,9.99875001849281,1.37639585894939,9.79223523890618,73.9273776650337,-55.5940476122807,-3.40479954773587,10.1554362047633,1.19329323723903,-2.15228962256087,74.5341787764093,-76.9026632013323,-15.852809240959,6.59945635987965,-0.835444788255963,13.6583450685856,98.031505228737,-103.362955527246,NaN,NaN,NaN,0,0,0
71.735,-11.7330587122353,4.69055459906258,-7.42831458011272,-54.9887977800009,-140.434278912802,-167.518215091597,-11.6399431013043,66.1281477117744,64.7752542698882,-9.32154789282558,-24.8404008338744,11.9406542370963,3.06537558294894,9.31903100688394,1.53352592615506,11.0433176504979,-5.94654475728967,10.4569847504698,-6.87888132919089,6.89265249234262,0.12474639552202,11.2065294782196,5.632613561927,-128.744270189935,-0.590018125870503,9.70303796148812,1.70574165575056,26.5425865443519,6.6836815516707,-6.52117909614305,2.55397108134851,9.82696806710799,1.3493327172243,10.0588125530733,66.7958516788152,-56.7283268846005,-3.31482285605896,10.057816617968,1.11941352189715,-0.895024649716996,67.5349068530246,-84.9114028411811,-15.2611973348772,7.09478072468337,-0.862484244551955,20.9890026703019,92.0701599609316,-97.3457661543466,NaN,NaN,NaN,0,0,0
71.74,-11.7002918079465,6.55338085775759,-4.75554515215359,-55.6786812158332,-137.976687166595,-161.121155934813,-11.3032897620361,67.3306678536954,64.7903846907958,-9.4791474708184,-31.5199155985907,3.94847503868008,3.303964033191,9.21325068699187,1.51483039038524,12.3130788554026,-4.75900398137366,9.06963217908964,-6.56568783957031,7.31398823155714,0.0366556963570993,10.872877881734,7.48566204195484,-128.096358539001,-0.609410649335289,9.93592271260338,1.66649807243838,26.0538354206974,7.66660869326083,-9.1179638066785,2.61422539604263,9.67364873817172,1.30430061997366,10.3436417073046,59.8764919234602,-57.912816164161,-3.14464677976241,9.99309947144105,1.02298226555211,0.340259880946042,60.754163334366,-92.5435094952581,-14.4830061013175,7.72567352630582,-0.899538011653165,27.7893412175707,85.9454353565496,-89.9173786665256,NaN,NaN,NaN,0,0,0
71.745,-11.6598648793209,8.0853857251146,-2.13951919481482,-56.360499132295,-136.363583292106,-155.17607705596,-10.9602532618249,68.6073000420939,65.005646770427,-9.66784235715842,-37.7389772679318,-4.01737255538648,3.53826281688821,9.12960485330328,1.47659170686848,13.6346791740079,-3.6038866842046,8.12642924366927,-6.2496943587528,7.80894792538299,-0.0629348529992463,10.5532895596988,9.35496977436402,-127.87468638267,-0.594460641526268,10.2232198074401,1.60905044571465,25.3925956233205,8.72065105237224,-12.9240913615498,2.67547966287582,9.545266336196,1.24363809321794,10.6470246440139,53.2465286754238,-59.1063814743812,-2.89712187999265,9.96587617633207,0.909371908407095,1.55313706379072,54.2702523291051,-99.6990530191378,-13.5379520202761,8.47760680606752,-0.937399419170638,33.9028300382473,79.699493175364,-81.0776538278146,NaN,NaN,NaN,0,0,0
71.75,-11.6136995448631,9.23306689156776,0.351956576607647,-57.0387334047133,-135.646854483784,-149.869921043535,-10.6106805112743,69.9145501101842,65.4336536235163,-9.8850762675774,-43.4467820838365,-11.8249866629039,3.76379620592988,9.07078903027138,1.41944519581185,14.998517791094,-2.49872150710821,7.67403529558101,-5.94007709352599,8.36811105610732,-0.171347116508564,10.2563818234203,11.2251120402001,-128.075764142764,-0.544596935649592,10.5571808110948,1.5359601145264,24.5517777863246,9.84695207476666,-18.0242448650094,2.73502998344085,9.44703585978289,1.16967294117707,10.9681064164065,46.9761632995804,-60.2641554409106,-2.57687727765429,9.979241197556,0.783975239430172,2.74051782858121,48.1539469623925,-106.290830517826,-12.4484674191368,9.33138273778039,-0.967451924971692,39.1840756455946,73.3760003448998,-70.8626285204545,NaN,NaN,NaN,0,0,0
71.755,-11.5639601344431,9.94788208399536,2.65462532933166,-57.7180381783071,-135.860954718881,-145.342915723095,-10.2546588464828,71.2043329583701,66.0677716052701,-10.1281233812911,-48.6094227427797,-19.3617515572046,3.97672954838687,9.0385984188295,1.34434892167312,16.3934791963995,-1.46050147312052,7.75129348708291,-5.64555343822545,8.9807181920986,-0.28546050329195,9.98968725076666,13.0800306098179,-128.686180340472,-0.460750463695094,10.9297835935294,1.45060626690949,23.5255664509771,11.0478044861111,-24.4832599026868,2.79045650027209,9.38287975188695,1.08467269146327,11.3050436995371,41.1274344297804,-61.3386543848257,-2.19032246656507,10.0347896015512,0.652015368274451,3.89671267649184,42.4673313379441,-112.24605834255,-11.2391497365537,10.2639946739783,-0.982197583715045,43.5043715989168,67.0196733981804,-59.345122815474,NaN,NaN,NaN,0,0,0
71.76,-11.5130233092599,10.1873650366274,4.70779177062228,-58.4031496340215,-137.022291142611,-141.696818832235,-9.89253277058586,72.4252151792523,66.8857181492814,-10.3941743416878,-53.2101920792402,-26.5337497362601,4.17390555563989,9.03400150931933,1.25252787630913,17.8069082674075,-0.505440722255884,8.38828189691384,-5.37437256749626,9.63493177020967,-0.401835143608678,9.75947758782258,14.9030889633106,-129.683064981412,-0.345423713555311,11.3330692946486,1.35704181886436,22.3096697273391,12.3264409384436,-32.3432520626628,2.839640095309,9.35543671298339,0.990797763680211,11.6551757287591,35.7532200991296,-62.2809795102632,-1.74508548491731,10.1328210654993,0.518382619989799,5.01368833033528,37.2627957543463,-117.507607080511,-9.93579646121727,11.2499713544424,-0.975646431654493,46.7569681458426,60.6756718095752,-46.634046356202,NaN,NaN,NaN,0,0,0
71.765,-11.4634425831384,9.91614522431532,6.45452968745741,-59.0987939671078,-139.128866617377,-139.00185157106,-9.52491392833651,73.5237684499357,67.852859621885,-10.6804210600713,-57.2493436767486,-33.2652535990914,4.35286231277134,9.05723215970633,1.14541574440355,19.2246425805808,0.351294280619938,9.60551597191879,-5.13426443155699,10.3181384683511,-0.516850764180176,9.57063546356594,16.6771906307431,-131.034660430778,-0.202631557323462,11.759430632784,1.25981871998623,20.9016415750944,13.6867073048889,-41.6210837675042,2.88077198137561,9.36610914844683,0.890059276156561,12.0151768138534,30.8964036607932,-63.0420776272893,-1.24965229342908,10.2725157885901,0.387507328008835,6.08147989586359,32.5822144663497,-122.034760046227,-8.5646328926697,12.2626249141036,-0.943576603506835,48.8617543560891,54.3888753455936,-32.8724233033831,NaN,NaN,NaN,0,0,0
71.77,-11.4179083514372,9.10684634024126,7.84207985938032,-59.8095948863395,-142.160183846475,-137.302205658224,-9.15268392614045,74.4460004392791,68.9251599084089,-10.9841376752025,-60.7433230263014,-39.4982900564257,4.51183400463148,9.107893168462,1.02459659000868,20.6311118954063,1.09588088542758,11.4133221917818,-4.93213143681768,11.0176541321505,-0.626855642536174,9.42657349784036,18.3849667136955,-132.700984240407,-0.0373320782784276,12.2020296497722,1.16378341255043,19.3012752596792,15.1326181308489,-52.3062525642892,2.91235770020936,9.41514452509547,0.784283369233062,12.3811741218633,26.5892296388932,-63.5740350221929,-0.713547010753445,10.451954733247,0.263270073844319,7.08871093995817,28.4563320111067,-125.80349054714,-7.15200486722952,13.274909898083,-0.883668604590021,49.7690598447932,48.2030908002703,-18.234216741701,NaN,NaN,NaN,0,0,0
71.775,-11.3792041476612,7.74084075519528,8.82240982244141,-60.539981958622,-146.077414456221,-136.620185467586,-8.77698978799014,75.1388276299171,70.0517823604087,-11.3027551708358,-63.7234991265261,-45.1922257308525,4.64973579293815,9.18506440343915,0.891748704229514,22.0095109050777,1.71616028098822,13.8114000830308,-4.77413650373107,11.7207432232035,-0.728318747288516,9.3291994279225,20.0090316127221,-134.634568965717,0.144521496054873,12.6547672256441,1.0738681091414,17.5110558741324,16.6677994133284,-64.3592756525517,2.93321670196409,9.50174481161793,0.675083725697002,12.7488203919171,22.852872302025,-63.8313766122147,-0.14726135918175,10.6682315230406,0.148951267603055,8.02317058306178,24.9043788355634,-128.806267474658,-5.7239243227338,14.2604047644343,-0.795480630030405,49.462320370828,42.1602399211088,-2.92008994856267,NaN,NaN,NaN,0,0,0
71.78,-11.3501599466925,5.80884019373786,9.35289268019399,-61.294101128714,-150.823834018535,-136.959155622203,-8.39923202258356,75.5515530813857,71.177377976343,-11.6339273789353,-66.2344416199639,-50.3232976950895,4.76613464950154,9.2874089737067,0.748592665843184,23.342046651462,2.20197225889667,16.788586445312,-4.6662462152852,12.4136974526404,-0.817977468236482,9.27892506147589,21.5322987028719,-136.781264698457,0.335097341956448,13.1116614620755,0.994887524330132,15.5366481988807,18.2948314156274,-77.7106353070246,2.94247829482047,9.62419734742118,0.56384362944104,13.1133180391023,19.6972346646733,-63.7723415597979,0.438019932395013,10.9176441568804,0.0472168021691239,8.87239833518307,21.9339300105195,-131.051412259379,-4.30550644124026,15.1943483641494,-0.680284310908582,47.9594099059276,36.2995827376836,12.8477108084363,NaN,NaN,NaN,0,0,0
71.785,-11.3336034138971,3.31130655908484,9.39705486282214,-62.0757287348019,-156.325521217728,-138.305520586928,-8.02104546326901,75.6373118629787,72.2441064954007,-11.9755863902176,-68.3318022565323,-54.8840097555669,4.8612081851471,9.41327173173766,0.596845393054936,24.6102568090384,2.54549016960679,20.3228319264485,-4.61386994761395,13.0823262939775,-0.892973660625986,9.27471608112665,22.938340884268,-139.081090791005,0.525384549651262,13.5668708554849,0.931311339934955,13.3873849561999,20.0145133289983,-92.2603373556666,2.9395743650986,9.78001998442242,0.451708453471502,13.4693980690314,17.1209889218262,-63.3601061864354,1.03060792998827,11.1958621460984,-0.0398678180229631,9.62423356183016,19.5410127465484,-132.562042623989,-2.92052614005456,16.0544940022008,-0.540800292562364,45.3125175477884,30.6570288287088,28.8311325920186,NaN,NaN,NaN,0,0,0
71.79,-11.3323100584262,0.258671094170492,8.92534080192924,-62.8881903157263,-162.492316184566,-140.629980470821,-7.64427322514755,75.3544476241466,73.1934392162396,-12.3259857465615,-70.0798712686342,-58.8823222301232,4.93569357877317,9.56076552214648,0.438181609290015,25.7953897620045,2.74153707987286,24.3813959384132,-4.62119482078643,13.7130283673973,-0.950970656373125,9.31417893671235,24.2117752857111,-141.469124036897,0.706537681659422,14.0149521146197,0.887038423577147,11.0767113260143,21.8250816137785,-107.87812046232,2.92422892060126,9.9661132203889,0.339588932153726,13.8112637112189,15.1118613741581,-62.5639253616488,1.61849795931983,11.4980909432784,-0.110801610453994,10.267296287415,17.710459914458,-133.374649565948,-1.59102754293507,16.8218161678723,-0.380862639146718,41.6065354232141,25.2645832935029,44.7825119527829,NaN,NaN,NaN,0,0,0
71.795,-11.3489532850257,-3.32864531989313,7.91584448662944,-63.7342854629641,-169.219029447718,-143.888298557246,-7.27093429806219,74.6677854171388,73.9677868820424,-12.6837301905202,-71.5488887918202,-62.3405796753059,4.99082861673198,9.72784197756531,0.274203715984388,26.8788324642571,2.78786126240749,28.9212613961261,-4.69111422071163,14.2928104039469,-0.990245370337633,9.3936802847521,25.3386475246927,-143.876411395648,0.870202054742642,14.4505119990639,0.865205012689082,8.62253604704614,23.7214238041631,-124.404338180201,2.89644425129454,10.1789123092894,0.228174971418301,14.1325140908869,13.6471562533497,-61.3601645303827,2.18956158753617,11.8192285181469,-0.164598883722786,10.7913783020899,16.4164985134192,-133.537363298467,-0.336982813692193,17.4810536996792,-0.205048980034873,36.9560166561299,20.1499643397787,60.4509471612091,NaN,NaN,NaN,0,0,0
71.8,-11.3860553508425,-7.42041316336461,6.35496259221252,-64.6162199084987,-176.38688910707,-148.021790891726,-6.90318545645094,73.5497683223169,74.5119861964954,-13.0477911831573,-72.8121985274688,-65.2941424549371,5.02828664111644,9.91234519998506,0.106420581426983,27.8425679074385,2.68534829627172,33.8897659308851,-4.8251756888211,14.8092199264069,-1.00975050383448,9.50849373212167,26.3067892788482,-146.230896216966,1.00880861249353,14.8677829470673,0.868018074808679,6.0474388169168,25.6943381856839,-141.65151922901,2.85648337881203,10.414532982942,0.117959116068947,14.4260670910614,12.6945041467343,-59.733196132378,2.7317410823187,12.154007604321,-0.200735072463998,11.187736767002,15.6235546211498,-133.107971185061,0.823999643367751,18.0210760401953,-0.0183135165921581,31.5008530869425,15.3364156386705,75.5886128793833,NaN,NaN,NaN,0,0,0
71.805,-11.4459402222354,-11.9769742785713,4.23793034697947,-65.5355459572519,-183.865209750286,-152.95771420632,-6.54327831393503,71.9814285030432,74.7746669746545,-13.4175078591109,-73.9433351905919,-67.7897114800175,5.05010692638538,10.1120482321935,-0.0637647487405054,28.6696410158693,2.43814849559773,39.2254411313316,-5.02340068060613,15.250522689299,-1.00914325184014,9.65296808339382,27.1061237530996,-148.458347858922,1.11613345826766,15.2603342286478,0.896617482869783,3.37868870951314,27.7298956741375,-159.40659486764,2.8048485105037,10.6689054060105,0.00926817476069565,14.6841024380537,12.2128125819577,-57.6761363080186,3.23324541271929,12.4971179408553,-0.219095224170589,11.4492951702282,15.2872502298089,-132.151755797648,1.87691724589432,18.435065772829,0.174343634130726,25.4009034619664,10.8427195283275,89.9568063253966,NaN,NaN,NaN,31.7159976905786,0.336446344368016,0.0889626640716052
71.81,-11.5306892921813,-16.9498139891944,1.56920875643847,-66.493112269114,-191.513262372585,-158.609691131988,-6.19351247917947,69.9531669511755,74.7095104021248,-13.7925735529584,-75.0131387695515,-69.8833586359275,5.05862170083016,10.3246736941197,-0.235058897107051,29.3446102640406,2.05370215369068,44.8590460777656,-5.28412598303299,15.6058962664632,-0.988779252220617,9.82071092179554,27.7288969572146,-150.483285646188,1.1878559037767,15.620835611648,0.950977599943962,0.648038905740494,29.8089621830397,-177.43376616016,2.74225542419824,10.9378922400371,-0.0976990338603393,14.8980457729592,12.1533893359044,-55.1914004369474,3.682746905123,12.8433041143676,-0.219931118901391,11.570767132758,15.3555627648103,-130.739223988668,2.80956423567057,18.7205173997324,0.368143968426398,18.8298678721276,6.68339796551021,103.331546324959,NaN,NaN,NaN,59.0533023051002,0.278095059818296,0.060428917321846
71.815,-11.6421008626309,-22.2823140899351,-1.63730034616607,-67.4890238708049,-199.182320338374,-164.878274882695,-5.85618587720351,67.4653203952544,74.2763985833767,-14.1730084892043,-76.0869872492527,-71.6382966934908,5.056380741718,10.5479012282372,-0.406274464774351,29.8539624923741,1.5426509797413,50.7147760820625,-5.60388605813916,15.8656398964799,-0.949672635335622,10.0047811619719,28.1698183096892,-152.22988930793,1.22208046471773,15.9409121631081,1.02985491970505,-2.10872158700211,31.9069368902843,-195.477968824212,2.6696040483226,11.2173881163914,-0.202830248644569,15.0586120404613,12.4612036473961,-52.2910591947445,4.06957764261098,13.1874363772573,-0.203830815410109,11.5487260265186,15.7701150971668,-128.943798277168,3.61266901158543,18.8790593549273,0.558717122668046,11.9687481706319,2.86906859544495,115.508585049355,NaN,NaN,NaN,96.9064862037772,0.250169379758105,0.0470052003139365
71.82,-11.7816542195597,-27.9106713857731,-5.35822713149813,-68.5226131326668,-206.717852372566,-171.651721803428,-5.53354338424855,64.528498591049,73.4424472256772,-14.5591196654996,-77.2222352591298,-73.1224407399685,5.04607424187588,10.7793653826587,-0.576320082969461,30.1864703508537,0.918631656078906,56.7116222864198,-5.97735302653709,16.0213992362782,-0.893425203207138,10.1978841323438,28.426101461489,-153.622889366864,1.21978687761535,16.2111247203735,1.13078767232866,-4.85245979920677,33.9937537956243,-213.268879571877,2.58794590375423,11.5033993027835,-0.30605730855943,15.1559221154129,13.0762470812782,-48.9969804285758,4.38392455702678,13.5245540070514,-0.171701891816757,11.3816468577447,16.4675624759111,-126.83953998282,4.27997395425385,18.9161133968674,0.742198692956108,4.99925336590401,-0.593094396972112,126.307732597739,NaN,NaN,NaN,145.468787456803,0.234272278404924,0.0396833453598875
71.825,-11.9504790333543,-33.7649627588698,-9.56090269423782,-69.5924222816038,-213.961829786986,-178.80701068255,-5.2277249821826,61.1636804130719,72.1829072759174,-14.9514493615865,-78.4659392172323,-74.4058276555976,5.03045451110713,11.0166481894774,-0.744185780274546,30.333475427301,0.197955976584766,62.7648528036825,-6.39734003373282,16.0663974148337,-0.822129815971483,10.3925626742914,28.4974046637852,-154.588432379371,1.18517493418926,16.4210942072588,1.25015109158677,-7.54161463765893,36.0341811119646,-230.525395654938,2.49844946856665,11.7921037793813,-0.407315368853946,15.1797005530456,13.9349544904665,-45.3407462450602,4.61702186536123,13.8498832409729,-0.124767061342411,11.0699460718769,17.3810429126305,-124.498969566299,4.80825319063489,18.8404124785505,0.915242015914712,-1.90249806082951,-3.69885851751579,135.576432735055,NaN,NaN,NaN,203.660096748665,0.224237485861953,0.0354231104312834
71.83,-12.149330705916,-39.7703345123712,-14.2037252785316,-70.6961978410806,-220.755111895553,-186.211123065507,-4.94071466842739,57.4020627510958,70.4819176775152,-15.3507140626673,-79.8529402162357,-75.5579705336112,5.01225706809997,11.2572709133514,-0.908925455269385,30.2890851507408,-0.600809283620404,68.7875816211112,-6.85490521057791,15.9956729725534,-0.738254539366284,10.5813775820968,28.3856786159221,-155.0549173788,1.12584848790786,16.559805422515,1.38327554406968,-10.1332977096602,37.9884362361592,-246.96050880871,2.40236485000983,12.079893209105,-0.506506334116503,15.1195551933766,14.9716463378101,-41.3633392785124,4.76133900447546,14.1588343593533,-0.0645684833291581,10.6160400386816,18.4416589386665,-121.991043808805,5.19726399267221,18.6634045296693,1.07495611113051,-8.57165968382315,-6.44646120831795,143.192560562582,NaN,NaN,NaN,269.340782844883,0.217296240583429,0.0328687451881606
71.835,-12.378572161181,-45.8482910530351,-19.236718668634,-71.8308971953875,-226.939870861584,-193.722578960422,-4.67429135838839,53.2846620078478,68.3330900286208,-15.7577358846208,-81.4043643907711,-76.645231096122,4.994121809543,11.4986892253116,-1.06963836949803,30.0502775878478,-1.45734164704448,74.6923877781818,-7.33957766955316,15.8063136077092,-0.644515470980184,10.757070386744,28.094937607995,-154.953801255831,1.05278884353824,16.6160966564589,1.5246308375571,-12.5845238103924,39.8131146163696,-262.286485887822,2.30098934309405,12.3633992976133,-0.603468720433592,14.9653316854826,16.1199563568327,-37.114597166207,4.81076149502034,14.4469848442183,0.00702476875173952,10.0244346505604,19.5799610275406,-119.379342133078,5.44962901263188,18.3985748301087,1.21878974138153,-14.8594586477092,-8.83623781171333,149.066437526479,NaN,NaN,NaN,339.903243666676,0.211942185751062,0.0312989142597955
71.84,-12.6381624407522,-51.9180559141395,-24.6022719496521,-72.992707272009,-232.362015323866,-201.19320695103,-4.4299829889486,48.8616738878625,65.7399065635512,-16.1733688209227,-83.1265872602134,-77.7282951976864,4.97851520263937,11.738295418646,-1.22545159622353,29.6169147434714,-2.35011382258066,80.3929446161472,-7.83964404313009,15.4976455521311,-0.543746815473908,10.9127010252082,27.6309760628007,-154.220372004778,0.980124032067334,16.5792601893228,1.66806605344622,-14.8535043962098,41.4624103350631,-276.220261015064,2.1956354835754,12.6395077230623,-0.697955677390035,14.7075284920838,17.314212749092,-32.6524397751351,4.76076122629484,14.710057428199,0.0878127609584938,9.30184779602887,20.7274059410129,-116.720505931816,5.57064939947295,18.060723344223,1.34438680199533,-20.6369261024108,-10.8704083801524,153.142075461425,NaN,NaN,NaN,412.987249417532,0.207245749539044,0.0302819720552296
71.845,-12.9276523243595,-57.8979767215281,-30.2360449281156,-74.1770751271992,-236.873571038259,-208.47011630737,-4.20902497415611,44.1916029585399,62.7159152377642,-16.5984222907034,-85.0106939562258,-78.859834688764,4.9676548060601,11.9734302926474,-1.37550526233318,28.9916713318916,-3.25696449300825,85.8056174227878,-8.34249679143009,15.0713672278054,-0.438776555340029,11.0417524620704,27.001056594127,-152.794489636496,0.924672022864107,16.4397248478308,1.80709978105366,-16.9009323456149,42.8895862650705,-288.488937785968,2.0876030550104,12.9053631384542,-0.789622309433766,14.3377512598287,18.4907463080929,-28.0418796349601,4.60855154697347,14.9439030075693,0.175271226897435,8.45735482369848,21.817766374423,-114.062965631272,5.56805278776114,17.6652351318185,1.44944056809089,-25.7974488344081,-12.5530626834217,155.397670396218,NaN,NaN,NaN,487.001584429595,0.202611250532339,0.0295369218072361
71.85,-13.2461870493688,-63.7069450019034,-36.0680193445037,-75.3787500104921,-240.334976658781,-215.39783062572,-4.01232407887653,39.3401790559516,59.2847094305227,-17.0335845499246,-87.0324518443208,-80.0824336017603,4.96343783924308,12.2014060863887,-1.51894218778542,28.1798915906455,-4.15565584033542,90.8509877664965,-8.83508168754862,14.5316268825831,-0.332315556789718,11.1381940870834,26.213597002494,-150.621294960633,0.905220401563333,16.1898070186438,1.93525669404138,-18.6911881690112,44.0486337262858,-298.835294802197,1.97815620848826,13.1583687102312,-0.878022780003639,13.8491802156627,19.5891044578315,-23.3538322173393,4.35322136831118,15.1444985992552,0.26657487781658,7.5025359942177,22.7884711182099,-111.445980741676,5.45168468452717,17.2273815085686,1.5315735951302,-30.2581206228887,-13.8903554050393,155.845370868975,NaN,NaN,NaN,561.23508418485,0.197699908720099,0.0288745744588192
71.855,-13.5925160577875,-69.2658016836163,-42.0236726148172,-76.5918362787568,-242.617253652472,-221.820537267397,-3.84042866444365,34.3790828865083,55.4796845423527,-17.4793485313222,-89.1527962793521,-81.4268482728729,4.96737593296687,12.4195404741411,-1.65490315384667,27.1893910083634,-5.02438611926963,95.4552643810784,-9.30440281518809,13.8850196063259,-0.226866406121609,11.1964960320389,25.2778821243684,-147.651886234284,0.941571170390541,15.8244434374923,2.0464314279182,-20.1934061916132,44.8960469735334,-307.023183481525,1.86850644067064,13.3961832896716,-0.9626170063205,13.237020987052,20.55315565942,-18.663748982204,3.99584137532006,15.3079696225991,0.358642299723592,6.45159580070051,23.5818571617823,-108.899008622856,5.2331561611042,16.7616869320603,1.58826646112453,-33.9599534873379,-14.8908916794946,154.530347367252,NaN,NaN,NaN,635.538659894445,0.192404664457237,0.0281690700202626
71.86,-13.9650095561415,-74.4986996708689,-48.0252481995952,-77.8098563344089,-243.604011130657,-227.584403889291,-3.69350612418088,29.3845080525819,51.3435692270036,-17.9359426039685,-91.3188145293296,-82.9106601264772,4.98053853526763,12.62520027579,-1.78252853885286,26.030222398619,-5.84222987045778,99.5515437013623,-9.73804323731457,13.1404871749112,-0.124656339198335,11.2115877848737,24.2038223866611,-143.843962759863,1.05340113967319,15.3418209611379,2.13525668083405,-21.3823528409537,45.3926276552743,-312.842703794544,1.75980169081729,13.6167186786149,-1.04278610877147,12.4989082900196,21.3320734924689,-14.050102233242,3.53953457015488,15.4306437240017,0.448205048230233,5.32141820119511,24.1463164872526,-106.441408340374,4.9254641659791,16.2813917727988,1.61685247961642,-36.867079306036,-15.5662510058205,151.529192038113,NaN,NaN,NaN,709.755357301795,0.186813993925904,0.0273525943080459
71.865,-14.361681535951,-79.3343959619755,-53.9930947993708,-79.0258225801885,-243.193249156138,-232.539912232043,-3.57132816858424,24.4355911193495,46.9277348601804,-18.4032685927896,-93.4651977643061,-84.5373669581616,5.00350764254037,12.8158523292175,-1.90096648133229,24.7144263091234,-6.5894850471868,103.080888044913,-10.1247232840784,12.3088538225684,-0.0275968489530031,11.1787569171887,23.0017748610433,-139.162432852277,1.25883383650321,14.7436281205815,2.1974386602138,-22.2390860848339,45.5052294295848,-316.115041540646,1.65312130059174,13.8181386290464,-1.1178552081563,11.6352334218435,21.8811935655367,-9.5927564562634,2.98950293980915,15.5091401958279,0.531900920093659,4.13152019852713,24.4373206120799,-104.082476955861,4.5426024852185,15.7980345107369,1.61458763504567,-38.9651259711305,-15.9315698603856,146.947683184876,NaN,NaN,NaN,783.183277680447,0.181137915809578,0.0264052035781512
71.87,-14.7802187728929,-83.7074473882071,-59.8470453895662,-80.232317218896,-241.298927741039,-236.544159702643,-3.47326444311076,19.612745094659,42.2912928450746,-18.8808491772991,-95.5161169017175,-86.2959442053623,5.0363465151918,12.9891180399688,-2.00938711828602,23.2557842452205,-7.24791475348009,105.993195865451,-10.4547861627826,11.4022423250456,0.0627303978860718,11.093487526776,21.6824353585413,-133.579981229319,1.57301104919254,14.0350340435741,2.23003623105224,-22.7513830003806,45.2083537878786,-316.69685039077,1.54947607524189,13.9988603070242,-1.18712170508646,10.649370345382,22.162738998537,-5.37126557486844,2.35300224692037,15.5404949675629,0.606388612968408,2.90386933243008,24.418305316006,-101.82180698267,4.09918092313681,15.3211689447758,1.57879608192159,-40.2589859520413,-16.0060844538948,140.917958395856,NaN,NaN,NaN,854.326694972603,0.17561523798776,0.0253510026431005
71.875,-15.2180152034813,-87.5592861177534,-65.5078066025678,-81.4215785846235,-237.852273145711,-239.463080880693,-3.39828476973462,14.9959346752409,37.4999952562036,-19.3677865046403,-97.387465468329,-88.1608924415339,5.07858478182019,13.1428275548138,-2.10700186177056,21.6695897628947,-7.80088062987368,108.247846228423,-10.7203757710957,10.4348540438893,0.145065346000679,10.9512430652649,20.2568025675164,-127.077587957908,2.00760022622167,13.2255912356934,2.23174618452718,-22.9139391308456,44.48551512828,-314.484063745007,1.44981224104802,14.157558061544,-1.24988686030523,9.54778105350279,22.1464114872445,-1.46313907358221,1.63940585128532,15.5223936344873,0.6684778004678,1.66253852002314,24.0613967505732,-99.6499456062092,3.61021727962163,14.8582968144931,1.50708428053981,-40.770207727433,-15.8135284633031,133.59515333392,NaN,NaN,NaN,921.034307958008,0.170434665402107,0.024240440347449
71.88,-15.6722109716712,-90.8391536380668,-70.8983291035564,-82.5855925758519,-232.802798245883,-241.173543679214,-3.34497010132885,10.6629336811641,32.6249599254229,-19.8627335142894,-98.9894019299212,-90.0927717154158,5.12922182072515,13.2750693526932,-2.19308617537463,19.972447517116,-8.23337426823384,109.814108317735,-10.9157115468971,9.42326799501313,0.218441885204444,10.7472042623645,18.7362083176475,-119.644987866369,2.57002345458286,12.3296469106186,2.20310832320474,-22.7283567790371,43.3303062072201,-309.415026127427,1.35501775876761,14.2931685670567,-1.30548833631493,8.33998836116527,21.8098450453386,2.0578781037908,0.861321598180713,15.4540320153972,0.715263383111922,0.433183773158066,23.3479588370171,-97.5493286699351,3.09211402422626,14.4154781857362,1.39761538339642,-40.5342329769194,-15.3822879700719,125.153579061467,NaN,NaN,NaN,980.938579802338,0.165695248173036,0.0231403706337625
71.885,-16.139735346962,-93.5048750579879,-75.9451303549689,-83.7161876732814,-226.119019485461,-241.56527834163,-3.31153207108459,6.68760604883913,27.7412461964414,-20.3638790916219,-100.229115466294,-92.0392079111886,5.18674954575892,13.3842313236884,-2.26700395330624,18.1821043850599,-8.53196149446064,110.67131590288,-11.0375756298756,8.38450329983845,0.282147293681832,10.4759793156036,17.1324025042685,-111.281056158166,3.26168195083123,11.3646735334062,2.14647600727704,-22.2029484232675,41.7471137494764,-301.472841977977,1.26592925695658,14.4048958316429,-1.3533313687689,7.03841265386679,21.138918733503,5.12346678167806,0.0334480884576023,15.3358788669842,0.744267766401899,-0.75765437511283,22.2689412285191,-95.4954554428589,2.56148148908764,13.9969593525787,1.24937667608143,-39.5976773884952,-14.7452369336123,115.782527304607,NaN,NaN,NaN,1031.99168123252,0.161405496620278,0.0221143103892736
71.89,-16.6173526435722,-95.5234593221151,-80.5795424961029,-84.8051319687285,-217.788859089634,-240.542601632807,-3.2958408141522,3.13825138648048,22.9263120496359,-20.8689477574517,-101.013733166047,-93.93634153249,5.24919476612346,13.4690300841284,-2.32823143134132,16.3173104909101,-8.68466113924162,110.808815722112,-11.0854066583667,7.33497518807408,0.335675344829065,10.1313096363129,15.457677528287,-101.994103247256,4.07724361212657,10.35003332859,2.06588738519925,-21.3523855992996,39.7514569950017,-290.686851751295,1.18333781660428,14.4922142307422,-1.39291640807075,5.65807771404673,20.1279234614566,7.67229245847018,-0.831093491373343,15.1679992295581,0.753574727064462,-1.88340779946734,20.825007907732,-93.4582639431928,2.03137341709467,13.6038094699156,1.0624268222818,-38.015814418182,-13.9392089529053,105.68180795647,NaN,NaN,NaN,1072.90442277185,0.157510935626001,0.021221646863367
71.895,-17.1017102203441,-96.8715153544714,-84.7388599655239,-85.8442306073805,-207.819727730585,-238.025903381871,-3.29546054257207,0.076054316026111,18.2583869685222,-21.3752141739522,-101.2532833002,-95.7106756809065,5.31418022988521,13.52852627611,-2.37637858533959,14.3977020606199,-8.68078442528046,110.225707063735,-11.061105564055,6.29056726786962,0.378678313229764,9.70579938583268,13.7250154698352,-91.8020600168674,5.00494307350967,9.30653482294094,1.96688702256378,-20.1972233179795,37.3699472939303,-277.133161467357,1.10799199456366,14.5548676621225,-1.42386139581984,4.2161988454658,18.7795767941859,9.6514218505641,-1.71985760057544,14.9507319513367,0.741941647740813,-2.91846091075766,19.026429387431,-91.4036612833233,1.51222894534404,13.2349311581992,0.838185884356542,-35.850374139383,-13.0041007809158,95.0571342785464,NaN,NaN,NaN,1103.38802265251,0.153925332049993,0.0205054365412467
71.9,-17.5893876157902,-97.5354790890383,-88.367363959874,-86.8254220547209,-196.238289467705,-233.952867867248,-3.30769217413188,-2.44632631195809,13.8147976352835,-21.8795323176305,-100.863628735474,-97.2812679280281,5.37900241353897,13.5621248048684,-2.41120618465338,12.4436932214245,-8.51076299375259,108.930396845356,-10.968821598879,5.26628450427211,0.410925895399388,9.19069999815409,11.9482414588872,-80.7325341967471,6.02699279891079,8.25556870156548,1.85622310491491,-18.7633265419884,34.6398917952814,-260.934172391335,1.04059682957895,14.5928631153985,-1.44591729722212,2.73167349337988,17.1048791322253,11.0175619397755,-2.61863344456834,14.6863143310353,0.708887718238113,-3.83920328105633,16.8927269421825,-89.2951593523794,1.01459839915347,12.8887684388447,0.579664989724038,-33.1677185733716,-11.9816449811406,84.1154772719037,NaN,NaN,NaN,1124.17492173992,0.150562640466555,0.019990097821835
71.905,-18.0769458730852,-97.5116514590758,-91.4172038427878,-87.7408716410371,-183.089917263398,-228.279408307829,-3.32962215646045,-4.38599646571784,9.67028518251696,-22.3783787503716,-99.7692865483037,-98.5622006289661,5.44072318502507,13.5695602459354,-2.43263703463939,10.4763607078931,-8.16599281864099,106.939999666515,-10.8146519742462,4.27589029609571,0.43227556119787,8.5757812358,10.1421683902208,-68.8227196889806,7.1203408601782,7.21819915303975,1.74145456754628,-17.0812199710536,31.6085856469708,-242.257082216053,0.981808103436022,14.6064573734127,-1.45897606127739,1.22449993435437,15.1228051360369,11.7380923990559,-3.5123076439783,14.378714647976,0.654739117518486,-4.62509189894234,14.4520654428471,-87.0955634054057,0.548538566459294,12.5634514090259,0.291546391846687,-30.0374055545263,-10.9139279031155,73.0605110393466,NaN,NaN,NaN,1136.85573584004,0.147359629162105,0.0196747820068701
71.91,-18.5609761346737,-96.8060523177953,-93.8491191535902,-88.5830609090335,-168.437853599442,-220.980298834784,-3.35817649281359,-5.71086727063323,5.89535321524785,-22.8679090221207,-97.9060543499154,-99.4652562788288,5.49627170740255,13.5508688781331,-2.44076043809227,8.51730432398876,-7.6387180372337,104.279615272419,-10.6062652273378,3.33163085753763,0.442657335685151,7.8493177096417,8.32272061726733,-56.1191436345403,8.25777080647505,6.21435589520796,1.63049885517874,-15.1853768994882,28.3323518562165,-221.311357442512,0.932221749693037,14.5961361518107,-1.46307079203547,-0.284846916646355,12.8598261587031,11.791868945179,-4.38595319690344,14.0332369656045,0.580634363469099,-5.2596528501162,11.7404018823958,-84.7686600095962,0.122756561120764,12.2568689262941,-0.0198458635917962,-26.5311095760211,-9.84175993501688,62.0882659026198,0,0,0,1143.55434919677,0.144294186335524,0.0195358029883606
71.915,-19.0381466324015,-95.4340995453836,-95.6329898337727,-89.3448713912746,-152.362096447918,-212.049494649838,-3.3901788670792,-6.4004748531097,2.55468514015574,-23.3440258745287,-95.2233704814134,-99.9027189720596,5.54255239793587,13.5063498515345,-2.4358294911403,6.58846706851226,-6.92197351210793,100.981516480048,-10.3524767359782,2.44405361332209,0.442074101621356,6.99821419104528,6.50702684524267,-42.6772407957284,9.4092583239396,5.262182316389,1.53115052180313,-13.1134583349056,24.8753937080725,-198.345207608611,0.892358915207982,14.5625856629327,-1.45836854414322,-1.77605207591212,10.3492628768632,11.1697820984678,-5.22517958021274,13.6564485189868,0.488492082956957,-5.73135071079408,8.80040880899424,-82.2808514870528,-0.25548538161318,11.9670548093764,-0.34668575460064,-22.7218335314324,-8.80302402171214,51.3830963970484,0,0,0,1146.51468293718,0.141391443322906,0.0195257393007155
71.92,-19.5052472626943,-93.4201260586445,-96.7482065560223,-90.0196615709213,-134.958035929461,-201.500137496971,-3.4224116829534,-6.44656317484467,-0.294332442706296,-23.8024575936937,-91.6863438330725,-99.7902199994813,5.57655444023113,13.436518785589,-2.41825144856925,4.71190193531892,-6.00959834991119,97.0842790011072,-10.0628052644521,1.62191789058408,0.430616474372267,6.00828478055343,4.71347450704535,-28.5607512246486,10.5434803803481,4.37757261560866,1.45060253806571,-10.9055104767404,21.3085204010299,-173.641124289629,0.862647713291844,14.5066572896058,-1.4451567510445,-3.22957942799335,7.63047219628669,9.87506268152655,-6.01644367449154,13.2560388876348,0.380939532489047,-6.03425871129847,5.68020448804146,-79.6026865809766,-0.580445363579735,11.6925165184434,-0.679908080282232,-18.6833220275227,-7.83113356547271,41.1140582402091,0,0,0,1147.6878163671,0.138719402471463,0.0195863519767192
71.925,-19.959231013523,-90.7967501658229,-97.1838574357837,-90.6013359281297,-116.334871441786,-189.364249946022,-3.45167877628187,-5.85341866569981,-2.60294630012034,-24.238844590495,-87.2773993603458,-99.0495451358309,5.59545829428452,13.3420575478347,-2.38857197620082,2.90947721428778,-4.89632532857544,92.631881091948,-9.74703729959165,0.872188799213586,0.408489463984068,4.86469069138394,2.96171904918658,-13.8409447946467,11.6293646677394,3.57390672424404,1.39500130002516,-8.60312718103641,17.7077930149592,-147.510579920458,0.84340312653773,14.4293267099151,-1.42382480558308,-4.6272452626031,4.74787860142251,7.92333188888883,-6.74731735477663,12.8406079373495,0.261205578351502,-6.16847359377839,2.43193336121304,-76.7102415183866,-0.847966249006066,11.4324789774476,-1.00958341898518,-14.4895760682857,-6.95372175334643,31.4317733298051,0,0,0,1148.41192820561,0.136370159293827,0.0196620271087236
71.93,-20.3972515976052,-87.6041168162578,-96.9387317511691,-91.084405141934,-96.6138427606788,-175.692128169879,-3.47486853054682,-4.63795085298138,-4.33220270104624,-24.6488320756023,-81.9974970213039,-97.6113231792709,5.59673487695942,13.2237640668014,-2.34745458396683,1.20251815559443,-3.57794391718392,87.6727960837528,-9.41482184879828,0.200099592363913,0.376046693577954,3.55252988669742,1.27264169350773,1.40431556682147,12.6375702270446,2.86196964847422,1.36906326563621,-6.24858410355566,14.1531174675627,-120.288011922875,0.834806809014682,14.3316493721514,-1.39484268874809,-5.95272230874001,1.74986701694035,5.34239969937343,-7.40670298145001,12.4193890374113,0.132983991982701,-6.14023524094879,-0.889750081736829,-73.5863117508691,-1.05552517151568,11.1870265487031,-1.32538372958103,-10.2143703941146,-6.19166260930248,22.4658460116256,0,0,0,1149.24302903762,0.13443198770366,0.0197073280729452
71.935,-20.8166967420249,-83.88902888402,-96.0211454333937,-91.4640366996777,-75.9263115487991,-160.55144876034,-3.48901612352299,-2.82951859523539,-5.45391703938347,-25.0281665474476,-75.8668943691284,-95.4175196756428,5.57823358147946,13.0825058053856,-2.29565685653438,-0.388610463372468,-2.05152793104586,82.2590952203391,-9.07531310628002,-0.390735563128688,0.33382701768995,2.05756001047914,-0.331751391913037,17.0916518485611,13.5418026506272,2.25002448299017,1.37577635092824,-3.88395270143641,10.7267875459818,-92.3242447388653,0.836888690420311,14.2147146387246,-1.35873874155558,-7.19195486195688,-1.31243855593091,2.17182065110055,-7.98499185843594,12.001918986141,0.000274497590519985,-5.96173122500687,-4.22923469465638,-70.2213820851876,-1.20226057637182,10.9571342222571,-1.61710811127488,-5.93068757033754,-5.55849270496173,14.3228780997646,0,0,0,1150.00514068529,0.132962929573872,0.0197004628781832
71.94,-21.2152166860809,-79.7039888112785,-94.4485968896377,-91.7360953591882,-54.4117319021479,-144.026110551577,-3.49136365779669,-0.469506854740925,-5.95142566978762,-25.3727937271808,-68.9254359467009,-92.4236662913823,5.53825603010949,12.9191800159176,-2.23400524554004,-1.8449696293029,-0.315713348954048,76.4455725213299,-8.73687275522734,-0.898177488625927,0.282588044775108,0.36702491299438,-1.82849648732261,33.1333624755195,14.3198868104404,1.74399743190347,1.41620321209552,-1.55020511410427,7.51195906331295,-63.9795244870891,0.849512286651895,14.0796011694363,-1.31607867525384,-8.33347092694751,-4.38647944997557,-1.53777948566389,-8.47416479871803,11.5976703789008,-0.132790009150969,-5.65058863502262,-7.53148191083291,-66.6143512268802,-1.28896713704676,10.7445879939652,-1.87523180537211,-1.71000510001755,-5.06026555277189,7.08511469493154,0,0,0,1150.00639334121,0.131972753491684,0.0196414780069567
71.945,-21.5907475445032,-75.1061716845244,-92.2472650934025,-91.8971731089567,-32.215549953734,-126.214837301365,-3.47941697784197,2.38933599094513,-5.82010386943023,-25.6789555544257,-61.2323654490285,-88.6007647181013,5.47561334984534,12.7346831878884,-2.16337015959683,-3.14954187779656,1.6289922138645,70.28889822383,-8.40683835196439,-1.32140450597916,0.223331314558651,-1.52945453733733,-3.19391479295773,49.4386935149785,14.9545438731558,1.34772926057887,1.48939680899424,0.713674900610012,4.591020367519,-35.6163563812713,0.872365465079309,13.9273361824006,-1.26744771113584,-9.36858287214594,-7.41961256508358,-5.72558877710237,-8.86783786426817,11.2156655129575,-0.262121266562606,-5.22907788539586,-10.7434717080567,-62.7729954698656,-1.31804880140687,10.551803495675,-2.09143830808068,2.37859929378163,-4.69583274904165,0.809737464028448,0,0,0,1148.3610287504,0.131419142091799,0.0195489778750648
71.95,-21.9415292993709,-70.1563509734059,-89.4513647630441,-91.9446084745638,-9.48707312140456,-107.229571332525,-3.45099804911111,5.68378574616094,-5.06763925081085,-25.9432838990235,-52.8656689194585,-83.9368139666704,5.38966574790943,12.5298912644189,-2.08464290364883,-4.28773518298099,3.77988923274818,63.8468032557907,-8.09135971369503,-1.66075662188614,0.157314650596165,-3.63897200005524,-4.40393799204046,65.9151513817032,15.4338447310577,1.06325012546493,1.59243160069038,2.87155445480184,2.04381870741101,-7.59234224574647,0.904958102248548,13.7588611107456,-1.21343734928596,-10.2914735912417,-10.3604645697433,-10.3216853381708,-9.16125976451139,10.8640930946218,-0.38384982164777,-4.72307368679584,-13.8155126475414,-58.7141649068993,-1.29342226780091,10.3815604478313,-2.25909483151504,6.26952667630672,-4.45751123649065,-4.4711938818264,0,0,0,1144.29176823836,0.131219094151585,0.0194490090203416
71.955,-22.2661182873233,-64.9177975905382,-86.1023758001008,-91.8764952214454,13.6226506236976,-87.1936917909254,-3.40429186618842,9.34123658454654,-3.71405543267037,-26.1628887427877,-43.9209687528818,-78.4379210625488,5.28034414718393,12.3056513207829,-1.9987157097861,-5.24786906202605,6.13177667602114,57.1772945218381,-7.79530173788742,-1.91759239826278,0.0860483992330584,-5.96446070101361,-5.43452285080603,82.4698167780865,15.7513365652579,0.891042269069447,1.72054670737462,4.89096081208129,-0.0542912420528476,19.7467865544128,0.946627620237395,13.5750058713116,-1.15463772088786,-11.0991703366745,-13.1602454561614,-15.24828132008,-9.35126999936439,10.5499498244077,-0.494487498382002,-4.16083519458599,-16.7023732081143,-54.4637137041811,-1.22036705071189,10.2366776863728,-2.37363530179829,9.90189017336997,-4.33206813070579,-8.7501681676836,0,0,0,1137.32503132535,0.131268193906367,0.0193692858637471
71.96,-22.5633941449184,-59.4551715190797,-82.2481659300364,-91.6916807008657,36.9629041159607,-66.2400939791606,-3.33788696289329,13.2809806590384,-1.79148616224194,-26.3354387362905,-34.5099987006024,-72.1289670867205,5.14815452472383,12.062784538398,-1.90646571632099,-6.02161531723619,8.67667355449376,50.3378997227153,-7.52220962164128,-2.09416490974059,0.0112737403052111,-8.50390436522641,-6.26215687261525,99.0106199260321,15.9058612770128,0.830265712853184,1.86739066610899,6.74380485281899,-1.63459053306783,46.0737566662531,0.996552816755281,13.3764734964014,-1.09163583461408,-11.7914130590794,-15.7739762708279,-20.4211088913714,-9.43622840900217,10.2787282997662,-0.591070969437705,-3.57167916139302,-19.3642038263807,-50.0561733661703,-1.1053233154034,10.1196587325082,-2.432822258819,13.2208433799953,-4.30193566793276,-12.0430517048226,0,0,0,1127.32870551005,0.131462892795007,0.019329477948693
71.965,-22.8325612613858,-53.8334232933732,-77.9420266372477,-91.3897542739839,60.3852853762616,-44.5091682404895,-3.25080871342961,17.4156498927023,0.656294794103732,-26.4592322327266,-24.7586992871644,-65.0538128148286,4.99416630599535,11.8020995318285,-1.80874334201501,-6.60436611586071,11.4035896961251,43.384940977602,-7.27433085083674,-2.19351858876032,-0.065077139737834,-11.2496843281687,-6.86445127639245,115.447539792913,15.9011027816655,0.87893381859113,2.02535129486463,8.40698164284867,-2.63731321816125,71.0857958830271,1.05377574813807,13.163836279452,-1.02501935533299,-12.3704281564067,-18.1615876688866,-25.750920310266,-9.41592724229794,10.0541705983728,-0.671280320043486,-2.98462586088786,-21.7672322711732,-45.534184312771,-0.955643995418134,10.0323406403412,-2.43686872461729,16.1789222792544,-4.3465598050553,-14.3873722649875,0,0,0,1114.43903989001,0.131720950576105,0.0193464916761954
71.97,-23.0731448640675,-48.1167205363843,-73.2416429953735,-90.971026424872,83.7455698224426,-22.1467180770227,-3.14254473826067,21.6527950338079,3.57457795665705,-26.5332571372915,-14.8049809129865,-57.2750405048607,4.81998666911878,11.5244144384034,-1.70636511030666,-6.99550436462548,14.2983603604501,36.3728384719029,-7.05268731754009,-2.21940467512273,-0.140937623914795,-14.1881076485883,-7.22081040540061,131.693694707342,15.7449140139091,1.03403663147323,2.18594898659806,9.86280968885031,-3.01408079670689,94.5099920202623,1.1172307393906,12.9375438907928,-0.955384927279252,-12.8406219673259,-20.2888502046307,-31.145072351425,-9.29149619234328,9.87810349553864,-0.733527680023115,-2.42709735232278,-23.8842279581302,-40.9477064124942,-0.779312496992797,9.97557887682548,-2.38841235736904,18.7373057060635,-4.44378630942684,-15.8401280034003,0,0,0,1098.92711307749,0.131989639087584,0.0194242392785728
71.975,-23.2849819296298,-42.3674131124914,-68.2080178956869,-90.436499334296,106.905418115298,0.69814241077537,-3.01306186142587,25.8965753669836,6.89864237767439,-26.5572381793033,-4.79620840237241,-48.8732403180455,4.62772290275948,11.2305856801454,-1.60011063011564,-7.19855545442143,17.3435551347943,29.3534483224214,-6.85719020624076,-2.17620981379439,-0.214177143836329,-17.2991524924121,-7.3131588111504,147.666298051419,15.4484837200855,1.29161891332313,2.34026786168168,11.0992737133533,-2.73035474999464,116.107856162934,1.18577895494382,12.6979431814815,-0.883349537715788,-13.2082111249025,-22.1281038461413,-36.509163859092,-9.06530919408546,9.75036673349192,-0.777012255199641,-1.92374162779905,-25.6947424477584,-36.3530333706575,-0.584640828253588,9.94899819026182,-2.29234585118181,20.8668966719565,-4.57119628490595,-16.4752059625485,0,0,0,1081.0901419486,0.132249721223617,0.019564092528797
71.98,-23.4682071772473,-36.6450495234306,-62.9043705698375,-89.7878298292434,129.733901010265,23.8750720631256,-2.86281420881059,30.0495305229974,10.5548818642156,-26.5316705083022,5.11353420021485,-39.9458611198324,4.41993505123927,10.921540956093,-1.49072313640289,-7.22120516940626,20.5184670404447,22.3754423156177,-6.68678962510783,-2.06889034300691,-0.282681514725616,-20.5564558759841,-7.12669962456399,163.287460023563,15.0254077623855,1.64682586807509,2.47939702459136,12.1100443833027,-1.76776949562545,135.679008508035,1.25824644913031,12.4453086660103,-0.809563052106048,-13.4808089949588,-23.6587627551597,-41.7486941608588,-8.74089935835892,9.66884039038627,-0.801739413166563,-1.49544513725448,-27.185142823635,-31.8116391355554,-0.379964803443947,9.95083400945461,-2.15551839614751,22.5491347903936,-4.7073169366272,-16.3805057578557,0,0,0,1061.18660597382,0.132507676973596,0.0197628742276033
71.985,-23.6232344618497,-31.0054569205112,-57.39502834389,-89.0272857461383,152.108816621167,47.2345286253174,-2.69274219042521,34.0144036771075,14.4621119850561,-26.4578388272157,14.7663362173105,-30.6056557386829,4.19958100393129,10.5983138181522,-1.37891273217041,-7.07517546524911,23.7991832789328,15.4837405565317,-6.53965022157484,-1.90290411040239,-0.344438223381637,-23.9275557359754,-6.65067139905992,178.484824142962,14.4907299322925,2.09393237991334,2.59485404261005,12.8942620810659,-0.126179508799656,153.063933835778,1.33346329902458,12.1798820052456,-0.734719861004917,-13.6669887979747,-24.8675813656103,-46.7707096368283,-8.32288553291847,9.62957154009027,-0.808502883133343,-1.15858131187391,-28.3484613868277,-27.3888868629808,-0.173352893833333,9.97788136697202,-1.98633203706348,23.7764671609657,-4.83265083956425,-15.6548705808028,0,0,0,1039.43522145524,0.132785837913149,0.0200144210260946
71.99,-23.7507339480415,-25.4998972383828,-51.7443294258247,-88.1576968462983,173.91777996816,70.6297004498881,-2.5042622733915,37.6959834067756,18.5330338338752,-26.3378215977667,24.0034458898142,-20.9787599497131,3.96995600011931,10.262077132161,-1.26536128237832,-6.77595740909817,27.158734896731,8.71901079994165,-6.41334322784472,-1.68413223492944,-0.397621312491594,-27.3743851263178,-5.87906628045388,193.192034586885,13.8600134743728,2.62637120824748,2.67896486460034,13.4560891528611,2.1747587296533,168.145780066012,1.41030134601392,11.9019182302578,-0.65956759008822,-13.7758445752714,-25.7486785626712,-51.4854060576653,-7.81691098966734,9.62699442248366,-0.798830621499251,-0.924525431495673,-29.1840889775264,-23.1526325865361,0.0276565466953215,10.0255593683872,-1.79426322763579,24.552428882809,-4.93048604390589,-14.4049294280488,0,0,0,1016.05389843083,0.133111034024249,0.0203096770990525
71.995,-23.8516055082735,-20.1743120463527,-46.015553374518,-87.1824014985849,195.059069542303,93.9183097838028,-2.29924762339125,41.0029299999724,22.6758280149396,-26.174480177789,32.6682839954736,-11.202452332777,3.73462828302449,9.91417283696817,-1.15072783389552,-6.34240829359327,30.5673191201786,2.11724982954992,-6.30504466595291,-1.41878496053928,-0.440670465221749,-30.8540021681419,-4.8112708271117,207.349037100937,13.1484970958181,3.23677252482906,2.72517866170743,13.8040540288188,5.09464336094814,180.851196127765,1.48770823354632,11.6117359816185,-0.584911066314117,-13.8165708505044,-26.3033276310746,-55.807655519396,-7.22959199843798,9.65423264284652,-0.774896468888033,-0.799448007318596,-29.6973405005742,-19.1717566951,0.216278179328337,10.0880896761355,-1.58934340830741,24.8913119743366,-4.98746821751119,-12.7419513744168,0,0,0,991.311487136444,0.133506815041495,0.0206398881808738
72,-23.926948850492,-15.0686684437249,-40.2698948252617,-86.1051903944668,215.442220823817,116.96425663754,-2.07999986669445,43.8495513393999,26.7958501100634,-25.9714330691992,40.6094217179991,-1.42264860447919,3.49737236837185,9.55613567992901,-1.03565348600967,-5.79622727023114,33.9925854149589,-4.29053764290992,-6.2117290085332,-1.11328838596704,-0.472359238530988,-34.3195262911747,-3.45259247809257,220.902221742173,12.3703787914491,3.91702231261053,2.72830220952638,13.9502288142727,8.57216983136495,191.150223803839,1.56473578394906,11.3097687226309,-0.511610187104285,-13.7980806342027,-26.5395299708024,-59.658428979751,-6.5684718746499,9.70346687557937,-0.73940134334239,-0.784381210700954,-29.8989204644559,-15.5146567281344,0.38665524450324,10.1587781942758,-1.38163301374149,24.8174300557886,-4.99393316180442,-10.7788049192365,0,0,0,965.559032479415,0.133987473412713,0.0209933414607715
72.005,-23.9780309384145,-10.2164175844991,-34.5654950882922,-84.9302485830736,234.988362278842,139.63907594294,-1.84921239800175,46.1574937385805,30.7973969955698,-25.7330157616672,47.6834615064412,8.20881104860343,3.26210107937893,9.18970899348475,-0.92076478177458,-5.16133031162074,37.399974570579,-10.4785486034848,-6.13034765825381,-0.774152077647706,-0.491848073123243,-37.7212403481034,-1.81463955766494,233.804419900472,11.5382581565327,4.65834156941537,2.684645943821,13.9092970709504,12.5258628978826,199.055272493072,1.64056124543764,10.9966137587049,-0.440570923045441,-13.728679317916,-26.471399771512,-62.966088504015,-5.84197470313874,9.76634752030491,-0.695429301546172,-0.875537011611149,-29.804314253892,-12.2477349428101,0.533984577448306,10.2303808981033,-1.18072118098995,24.3640131065562,-4.94401236492935,-8.62710354348009,0,0,0,939.233687751639,0.134556796982772,0.0213610676331371
72.01,-24.0062513195584,-5.64407622876761,-28.9565453695353,-83.6620971070907,253.630295196093,161.823184924107,-1.60992582693157,47.8573142139443,34.5855118622613,-25.4642269439288,53.7577635475897,17.5370197548569,3.03279713487537,8.81685104462535,-0.806674882801048,-4.46315046420086,40.7530993289363,-16.4262689703873,-6.05798235997479,-0.407820995811506,-0.49871866947618,-41.0078102382763,0.084469624173536,246.014770830134,10.6627539842459,5.45138308374564,2.59208198858404,13.6975785291646,16.8557427499456,204.61921703585,1.71450049745537,10.6730759829007,-0.372729300219629,-13.6158090073674,-26.118394340234,-65.6675272241171,-5.05935245720214,9.83442902457164,-0.646285261871788,-1.06484254886101,-29.4331281177938,-9.43391361424847,0.654591731001154,10.2955281675009,-0.995279056371998,23.5717896460563,-4.83553527693482,-6.39460367044889,0,0,0,912.824251352359,0.13520896315852,0.02173496626102
72.015,-24.0131060206104,-1.37094021041389,-23.4924745308586,-82.3055354844344,271.312324531504,183.40690227302,-1.36547631436934,48.88990251249,38.0677947239286,-25.1706621165194,58.7129654819379,26.4069432137751,2.81344469240122,8.43973100732521,-0.693981996437811,-3.72789282383724,44.0141552203878,-22.1184317873144,-5.99196892513675,-0.0205449404973219,-0.492987286985281,-44.1275693504775,2.22008339283418,257.498474381541,9.75229080392062,6.2863135499387,2.45002061169943,13.3320810281422,21.4459030821823,207.932668529323,1.78601287088033,10.3402035644178,-0.309028778654559,-13.4658739843289,-25.504430147134,-67.709139505479,-4.23061964751989,9.89960131180651,-0.595322405100022,-1.34064845193726,-28.8083980237087,-7.13121008458865,0.74595993415869,10.3471774895411,-0.832688641526367,22.4873310149004,-4.66975973430042,-4.18290454214437,0,0,0,886.809114250323,0.135932121584419,0.0221091991051932
72.02,-24.0001507058472,2.59106295263743,-18.217233446895,-80.8655862166489,287.989853557361,204.291225765992,-1.11943769609673,49.2077236545679,41.1561846506857,-24.8584358717604,62.4452489518439,34.6663765685768,2.60796091057085,8.0607141564826,-0.583264740166334,-2.98177521732063,47.1443512241704,-27.5448448062911,-5.93013856956915,0.380835102089251,-0.475088094358107,-47.0298146632259,4.56118337956092,268.226446948148,8.81271440797024,7.15203288160436,2.25926583282248,12.8296465941092,26.1679102641532,209.120478194949,1.85469777590146,9.99931327044994,-0.250391927203259,-13.2841533670134,-24.6569276225373,-69.0476086748704,-3.36647083123932,9.95449398491841,-0.545768133822217,-1.68855964031202,-27.9558850158644,-5.39140213754292,0.806718645639866,10.3790622352616,-0.69876229930376,21.1612429876926,-4.45096679026071,-2.08548243352546,0,0,0,861.590571927429,0.136712184104468,0.0224804579419624
72.025,-23.9689638220278,6.23737676387679,-13.1686870752865,-79.3474424149836,303.628760332474,224.388360285785,-0.875558422913149,48.7758546366211,43.7686799834671,-24.5340943053465,64.8683132826481,42.1688563237274,2.4201273926003,7.6823364452377,-0.475074373658877,-2.25028514207995,50.104351449023,-32.7000913271436,-5.87108477305713,0.788566349381416,-0.445836300527218,-49.666064540154,7.07073536565166,278.174897131789,7.84711495055758,8.03585157575331,2.02188131150142,12.2062487323156,30.8848692174645,208.337546317887,1.92028380885038,9.65200371504115,-0.197687703163313,-13.0748018516795,-23.6058282244163,-69.6505046535613,-2.47817807165606,9.99283066180415,-0.500557890059368,-2.09233550422775,-26.9033727481093,-4.2588123066821,0.836598391834623,10.3861044317699,-0.597561067407667,19.6462934778354,-4.18595861518456,-0.186075303122955,0,0,0,837.442207418361,0.137536525480016,0.0228452467413831
72.03,-23.9211104726219,9.57066988117905,-8.37812430694869,-77.756419521874,318.204578622223,243.621993712293,-0.637694462152265,47.57279215222,45.8309633990197,-24.2045191861855,65.9150238322783,48.7764674066664,2.25352139174993,7.30726919724859,-0.369924136145225,-1.5574812473306,52.8547209959837,-37.5831135347125,-5.81377781422684,1.19689538573552,-0.40638511473747,-51.9912345399673,9.70620953950108,287.324836634707,6.85701850660035,8.92620807565493,1.74123455271973,11.4764831112986,35.4559494609028,205.76402286853,1.98261142333912,9.30015550609337,-0.151696016224769,-12.8409339584009,-22.3826253940635,-69.4966887345265,-1.57746748274142,10.0097137996014,-0.462186036507641,-2.53480704844804,-25.6799814945002,-3.76923722581652,0.836358515202448,10.3647619149423,-0.531313398205525,17.9955621132687,-3.88349856631959,1.44258061725698,0,0,0,814.485586255499,0.138396749567194,0.0232043478798989
72.035,-23.8581077748497,12.6005395544547,-3.86989449079321,-76.0979119717963,331.701510015833,261.927323682761,-0.409739403268817,45.5910117767312,47.2778998978199,-23.8768256357605,65.5387100850468,54.3624893961885,2.11144694757125,6.93827521298424,-0.268276313621342,-0.925363865193139,55.3563712554364,-42.196692561439,-5.75707797400828,1.60328542309117,-0.358162298494359,-53.9646960336969,12.4202485925031,295.661540781864,5.84331569387805,9.81376574709802,1.42187263001841,10.6532758717352,39.7411289970643,201.600003582169,2.0416106002349,8.94591795629862,-0.113071626722292,-12.5847818606449,-21.0194469826992,-68.576527325055,-0.676376016110321,10.0018244692448,-0.432582361613614,-2.99876212388804,-24.3155120649726,-3.94904514437032,0.807693650428604,10.3132846922527,-0.500430279590333,16.2606891193974,-3.5537312863378,2.73967295737764,0,0,0,792.697578769158,0.139287760689099,0.0235569217068479
72.04,-23.7813924525213,15.343064465649,0.338821777543004,-74.3773554834451,344.111297669576,279.250843673114,-0.195553087421089,42.8372631694626,48.0548775633873,-23.5582551551264,63.714096126692,58.8138309510878,1.99686665468263,6.57815813350549,-0.170528107435461,-0.373334282573867,57.5710018555075,-46.5468438750493,-5.70002031501099,2.00580617774559,-0.302804552227856,-55.5511920392137,15.1614577439839,303.173972200357,4.80571685397518,10.6889493601335,1.06916826584624,9.74781506649137,43.6058975750806,196.059844032926,2.09727522814808,8.59168268830796,-0.0823097932438778,-12.3079120975162,-19.5482209479349,-66.8919205440419,0.212908625535862,9.96752649303659,-0.413021561840776,-3.46775575097202,-22.8398324553762,-4.8144613426541,0.753123526474097,10.2318614034807,-0.503608133678931,14.4902888034721,-3.20761790281328,3.65691406914708,0,0,0,771.947716379776,0.140206493229428,0.0239039254156426
72.045,-23.6922914018271,17.8202101388726,4.23810148491651,-72.6001955064947,355.431995390398,295.549902105328,0.00110986596847946,39.3325906779496,48.118963276372,-23.2560658880602,60.4378534132972,62.0332073803239,1.91233543476199,6.22970737886982,-0.076997807312896,0.0822429079798322,59.4615381167801,-50.6421501876472,-5.64192444519389,2.40248019965518,-0.242084359009158,-56.7215943975604,17.8752889812834,309.854180786748,3.74282444566394,11.5413736978093,0.689160044862512,8.76969330855737,46.925665677913,189.366232858927,2.14963609780733,8.24004506833142,-0.0597163759492922,-12.0114826892235,-17.9999490485643,-64.4561549314076,1.0782208420135,9.90686987247924,-0.404071309592547,-3.92681017657139,-21.2823194429786,-6.37105748423143,0.675869426872533,10.1226440112724,-0.538007497789526,12.7285786814279,-2.8564170803513,4.15884702454083,0,0,0,752.053421493629,0.141149285739219,0.0242446009986086
72.05,-23.5919959304397,20.0590942774793,7.8252232419785,-70.7718621621797,365.666668863347,310.792053158515,0.176670238177875,35.112074441911,47.4398484638442,-22.9774220255005,55.7287725120036,63.9410228839824,1.85993832267355,5.89564130352606,0.0120869263152372,0.428365460452759,60.9925640460343,-54.4930567618235,-5.58207542707451,2.79206390147888,-0.177821797086453,-57.453495313141,20.5049922937389,315.696693297173,2.65288315728495,12.3606436512209,0.288516844416023,7.72723503537237,49.5896505253943,181.744181679195,2.19873450577452,7.89375493384702,-0.0453852066335721,-11.6965197555087,-16.4041053814248,-61.2935920469261,1.90759803402802,9.82149421810866,-0.405582303662684,-4.36297811306226,-19.6713663438443,-8.61345699874459,0.579719651100408,9.98964681886413,-0.599493202167658,11.0142604546934,-2.51123682600844,4.22288681555863,0,0,0,732.836699739815,0.142112206814207,0.0245772500959029
72.055,-23.4815403072464,22.0911246386229,11.1044641951243,-68.8977518193777,374.822068559661,324.954222599565,0.327791706235341,30.2242936114347,46.0005634464317,-22.7292842426268,49.6275565746331,64.4769260294384,1.84123472227785,5.57855130584266,0.0965968059682718,0.655603340661715,62.1307515615748,-58.1111556027178,-5.51961352761144,3.17399822831958,-0.111806606361792,-57.7316336634999,22.9926090325079,320.697906654955,1.53414305047428,13.1364318584665,-0.125527741569965,6.62797049118707,51.5040525666076,173.41510137694,2.2445984438261,7.55565853960852,-0.0391853400824194,-11.36419187767,-14.7881683412418,-57.4392063328469,2.68946479437171,9.7144386555246,-0.416721152373128,-4.7657519976796,-18.033966405958,-11.5252644128999,0.46888581534172,9.8385241210602,-0.682920447803243,9.37967479279389,-2.18267467787722,3.83912808891564,0,0,0,714.170020641874,0.143092431072245,0.0248998365603237
72.06,-23.3617851676756,23.9510279141837,14.0867500049691,-66.9832152400628,382.907315863334,338.021716212368,0.451444307681809,24.7305202893161,43.7979430407287,-22.5183030192197,42.1962446814654,63.6010142720752,1.85721172866326,5.28084944930681,0.176503066445732,0.758193621728725,62.8452867907946,-61.5084854277368,-5.45359114935806,3.54831787917002,-0.045729142608942,-57.5481619117752,25.2799861844006,324.855500194152,0.385027299410938,13.858585305713,-0.545219779322245,5.47921039255356,52.5943907885209,164.591140662502,2.28722321132694,7.22863402451289,-0.0407602451399587,-11.0160611727475,-13.1772863493234,-52.9379863144482,3.41281607682419,9.58987012906838,-0.436044241915659,-5.12731151696413,-16.395378528592,-15.0792221210033,0.347851869686266,9.67623875869951,-0.782450712443688,7.85023892806391,-1.88055553238804,3.00995010686889,0,0,0,696.005830783461,0.144091326462321,0.0252059019092981
72.065,-23.2334061985078,25.6757938335844,16.789161180226,-65.0335520151074,389.932644991438,349.987102240746,0.544962606709586,18.7036598055725,40.8428307854937,-22.3507166292208,33.5172779998025,61.2946705620486,1.90824893285667,5.00472172293908,0.251872915635699,0.734025185486379,63.1082939611631,-64.6968734065589,-5.38289235621793,3.9154894724002,0.0188765606070156,-56.9027627412045,27.3097946738429,328.167883264595,-0.795596488183647,14.5171791742521,-0.962340945000398,4.28866970976511,52.8069271278794,155.469961954787,2.32655801688415,6.91552298118915,-0.0495401161794629,-10.6542922331111,-11.5940699172551,-47.8442131316376,4.06739574818754,9.45274686914318,-0.461608109155454,-5.44261054741086,-14.7788780896104,-19.2375934075725,0.221218202673847,9.51064108605605,-0.891881621795334,6.44416476690661,-1.61376744398318,1.74944754690475,0,0,0,678.386762759563,0.145117870146047,0.0254907065078465
72.07,-23.0968883804993,27.303563601734,19.2343027036261,-63.0540108004496,395.908242931924,360.849002589205,0.606097403703151,12.2269593987242,37.1600144395316,-22.2322554989425,23.6922260556805,57.5610221100472,1.99409667602108,4.75208846746124,0.322857867452976,0.584521242787461,62.8952566788852,-67.6873424796673,-5.30589341466571,4.27649168073276,0.0806709865071626,-55.8026257447194,29.0265391298319,330.633695612906,-2.00787940766213,15.1028237762169,-1.36827960898097,3.06508563646734,52.1091735662661,146.230120875654,2.3624997266048,6.61906086562576,-0.0647674072740708,-10.2818034918381,-10.0584957724191,-42.2206297085153,4.64386773169153,9.30843776255434,-0.491109486100023,-5.70931264570218,-13.2055908434637,-23.952765666999,0.0935439743635046,9.34998393360234,-1.00497565604757,5.17244566233833,-1.39018701150275,0.0827126509419725,0,0,0,661.436660939645,0.146186426095053,0.0257453971181683
72.075,-22.9525259040653,28.8724952867309,21.4495479794929,-61.0497946626633,400.843227556477,370.610830227108,0.633059968204915,5.39251290034223,32.7878911300612,-22.1680545269491,12.840194398666,52.4250180742705,2.1138690931447,4.52457282511737,0.389675267676651,0.314430155450142,62.185435320324,-70.4896047380937,-5.21599127012859,4.64033570613624,0.138440393952734,-54.2622939503191,30.3775502230235,332.251378452191,-3.24579321704705,15.6141281719382,-1.7540161435511,1.81877365911994,50.4895348064614,137.027198848845,2.39489438725074,6.34180899553688,-0.0855345673945063,-9.90234990947675,-8.58790338782562,-36.1375127799877,5.13397765378674,9.16232122748201,-0.522046296811636,-5.92759098804957,-11.6944026297674,-29.1680628456512,-0.0308083320022791,9.20240367422318,-1.11577366312396,4.03909213035769,-1.21667827724099,-1.95500950960567,0,0,0,645.332861372625,0.147313840287458,0.0259606049219956
72.08,-22.8004277009254,30.4196406280226,23.4661724585805,-59.0260706602796,404.744800477116,379.279512161695,0.624557935133608,-1.70040661426293,27.7778665298527,-22.1625748338614,1.09593861754675,45.9331291845177,2.26605257594628,4.3234774351627,0.452583985560246,-0.0684632706815065,60.9622779206138,-73.1116571355538,-5.10019602142786,5.02312508258107,0.191112113915671,-52.3033881536983,31.3139531487755,333.018833920875,-4.49628899533493,16.0574493536534,-2.11040611862901,0.562067190123065,47.9561903864566,127.99081390852,2.42354654549652,6.08609075261707,-0.110831929672567,-9.52053081536816,-7.19706078761397,-29.6716587223345,5.53070336718064,9.01938875338474,-0.551889601517241,-6.09981406274643,-10.2619326980767,-34.8187513395671,-0.147821399835866,9.07540018381585,-1.21888048707187,3.04159052026584,-1.09914316613409,-4.31927488485948,0,0,0,630.266627380597,0.148513885711353,0.0261317322567454
72.085,-22.6405283613477,31.9798679155574,25.3183965721805,-56.9879826305168,407.617605952934,386.864238318446,0.579822179673766,-8.94715109197656,22.1934984808159,-22.2195362686732,-11.3922869623739,38.1526780866231,2.44852956436113,4.1497690746674,0.511855771643432,-0.553692915336956,59.2138204136589,-75.5594910293903,-4.95279664224938,5.42406899727783,0.237871141699773,-49.9542146115759,31.791606757015,332.933189555838,-5.75448476396052,16.424410611386,-2.42886024763039,-0.690408772877904,44.5353594309387,119.222603946299,2.4482357555234,5.85393434218645,-0.139602881666679,-9.14172193665131,-5.89827524544158,-22.9052928976624,5.82839285576664,8.88387838502364,-0.578255865996561,-6.23014244358783,-8.92255453892118,-40.8332190982107,-0.253959358972464,8.97534912606597,-1.3097115112124,2.17155383941346,-1.04259795181758,-6.95748951106228,0,0,0,616.396243346326,0.149791813473041,0.0262549470279323
72.09,-22.4726040400656,33.5848642563538,27.0423615262661,-54.9406660269824,409.463320706073,393.375276541939,0.498624172056571,-16.2396015234075,16.1094013170001,-22.3418618408841,-24.4651144421478,29.1708144547622,2.65861689335,4.00407058812848,0.567744147553559,-1.12851950928533,56.9330704553925,-77.8369220398867,-4.77955305157354,5.82509133399089,0.2781737673986,-47.2492593225265,31.7720071131843,331.990682388167,-7.02626005071989,16.6911330626804,-2.70128615379446,-1.92167050181461,40.2691168643508,110.79524078541,2.46873906909116,5.64702410403795,-0.1708028653074,-8.77193576903885,-4.70152554047395,-15.9249112173931,6.02288781358279,8.75896203982503,-0.59906899651925,-6.32406466741625,-7.68844584524495,-47.1343036659559,-0.346286426528918,8.90707849300985,-1.38469055255558,1.41553045963888,-1.05124937674373,-9.81004328343826,0,0,0,603.800092613333,0.15114395314231,0.0263312761525318
72.095,-22.2962928006689,35.2622478793792,28.6750647775102,-52.8892635675781,410.280491881249,398.8228925929,0.381283504529816,-23.4681335053725,9.60993254215572,-22.5316350759181,-37.9546470068168,19.0931536896417,2.89311730802359,3.88665927608268,0.620452887845368,-1.77837867455063,54.1183674624909,-79.9455417674975,-4.58445550247328,6.21468264451179,0.311828322451973,-44.2285705461092,31.2231470852056,330.186674308879,-8.31313535687884,16.8411506233053,-2.9196537958033,-3.11254240725121,35.2129408302275,102.752494448316,2.48485777973231,5.46666194985657,-0.203458437818675,-8.41761916003305,-3.61459563078378,-8.82006200803125,6.11163066825066,8.64650766193307,-0.61270228706189,-6.3879016702493,-6.56964904330652,-53.6407414534656,-0.422562701304077,8.87353773538263,-1.44139138397167,0.755934177928791,-1.12854595216918,-12.8115206230652,0,0,0,592.43779893499,0.152563337867742,0.0263691067988994
72.1,-22.1111187139121,37.0348173513942,30.2532843961819,-50.8389404069674,410.064632122508,403.21641140803,0.228665474807058,-30.5236059445792,2.7876882945552,-22.7900711058458,-51.6872059855886,8.0421023255082,3.14838224132047,3.79747090316941,0.670106187297156,-2.48735622753906,50.7737100449537,-81.8847882385293,-4.36735836723878,6.58907951405237,0.338962279812485,-40.9370309160366,30.1203202867421,327.51580650887,-9.61037339768472,16.8670581636084,-3.07643364875357,-4.24206892863865,29.4331674108535,95.1103268075688,2.49644628616292,5.31374006276348,-0.236722569843975,-8.0854010039698,-2.64319457831919,-1.68207612572735,6.0937520778754,8.54693293587236,-0.618091702748838,-6.42830943049072,-5.5741259053055,-60.2687077517911,-0.481312554577459,8.87558229725661,-1.47861729541125,0.172057960612743,-1.27718447636669,-15.8919820714688,0,0,0,582.135357625089,0.154047394037924,0.0263791396172257
72.105,-21.9165189145392,38.9199598745038,31.8125228434485,-48.7948975468377,408.808572025151,406.563452014231,0.0421687993602242,-37.2993350892947,-4.25816195828652,-23.1175021092237,-65.4862006754512,-3.84510285154126,3.42038355650348,3.73610859601789,0.716722492768201,-3.23867882297507,46.9090408219496,-83.6521277165588,-4.12851635348318,6.94459307029133,0.359874398776002,-37.423521825093,28.4468539229405,323.972296186563,-10.9119077572587,16.7633072255851,-3.16526303590746,-5.2881636891855,23.0045117752586,87.8589547803779,2.50344068668523,5.1887255644453,-0.269922553848348,-7.78180607279921,-1.7910537763951,5.39724632223805,5.97013509879686,8.45916180903784,-0.614813672196315,-6.45180839835361,-4.70779398800714,-66.9334149352662,-0.521862133563874,8.91188924982859,-1.49641561774624,-0.358866425391989,-1.4990585938748,-18.9783117874841,0,0,0,572.608212657497,0.155607984200364,0.026377872110765
72.11,-21.7118727375454,40.9292353987932,33.3860008527199,-46.7623822407486,406.503061218179,408.869363416376,-0.176296287222277,-43.69301731654,-11.4236679016053,-23.5133775037059,-79.175078896512,-16.4186114712577,3.70479172106271,3.7018560850943,0.760193736563163,-4.01520869619476,42.5404777859017,-85.2433368140996,-3.86891563603112,7.27734234812764,0.374974429656312,-33.7399858048177,26.1947514081884,319.55037350299,-12.2106456118899,16.5260682031155,-3.18133410975118,-6.22846874451907,16.0077869211734,80.9657876898638,2.50588464134202,5.09165745142916,-0.302597324485821,-7.51295309543399,-1.05999934001952,12.3269833020161,5.74345146022209,8.38068869986226,-0.603122661202135,-6.46436589431612,-3.97453865762236,-73.550734984196,-0.544343954722051,8.97901144198079,-1.49602705331859,-0.860599873240532,-1.79514474595223,-21.9956259490196,0,0,0,563.519069498169,0.157276572644404,0.026380239766703
72.115,-21.4965320008968,43.0681473297633,35.0037310771132,-44.7466942382811,403.137600493866,410.136882630769,-0.424339116762774,-49.6085659081444,-18.6019821899979,-23.9762790739119,-92.5803140412956,-29.5183983629819,3.99705781557506,3.6936949630494,0.800271364946602,-4.79993183408552,37.6904809867656,-86.652870714105,-3.59033407215867,7.58340836493097,0.384726572050722,-29.9403972604174,23.3652226680515,314.244851162883,-13.4985518564623,16.1534652182976,-3.12174709188663,-7.04137853713687,8.52791539429522,74.3791132935728,2.50395015144389,5.02215572554682,-0.334521625474122,-7.28425620513585,-0.450004217894627,19.0184613189751,5.41816486921217,8.30774837369385,-0.583946124853881,-6.47105387423424,-3.37620163579424,-80.038811936056,-0.549668334329892,9.07156868465327,-1.47977293256373,-1.35685374660805,-2.16533042324111,-24.8687362371432,0,0,0,554.55620828879,0.159104007689799,0.0263954785187694
72.12,-21.2698514791731,45.3361043446468,36.6916989829403,-42.7531868437714,398.701478901185,410.366028987453,-0.699128263491181,-54.9578293455753,-25.6852984105896,-24.5039509860964,-105.534382436685,-42.9768879104451,4.29249689143762,3.7103258492259,0.836560140430194,-5.57642933373251,32.3879433820116,-87.8743007698678,-3.29633871321193,7.85814348369887,0.389601554642591,-26.0796578054877,19.9690783305223,308.051813275273,-14.7676539213609,15.644837731231,-2.98580402723817,-7.70716801703454,0.652289452486261,68.0323834462472,2.49795120607237,4.97944229004081,-0.365715248776615,-7.10014882223615,0.0407695297328516,25.3866360434016,5.00049617736669,8.23558249619812,-0.558836852230819,-6.47579928199267,-2.91255450417275,-86.3196301839135,-0.539463354060786,9.18256556116441,-1.45088698159764,-1.8703066845729,-2.60819935340399,-27.5236610227818,0,0,0,545.50919421213,0.161156328799899,0.0264252854201272
72.125,-21.031218621882,47.7265714582594,38.4711752224899,-40.7872619350872,393.184981737179,409.554241084108,-0.997439070291096,-59.6621613600372,-32.5668055287109,-25.0933444022492,-117.878683230667,-56.6217248214005,4.58637046344495,3.75019353514888,0.86852024161499,-6.32932201381641,26.6681952394018,-88.9008027802841,-3.00613154003618,8.08507496661856,0.390085552512258,-22.2124390495859,16.0269639491418,300.969404588019,-16.0224774306321,14.9879548444983,-2.77506993948357,-8.20915392876638,-7.53050508810352,61.848933841938,2.48834871364477,4.96237284355119,-0.396436477576577,-6.96384800575948,0.415923404477932,31.3514676057705,4.49834570722823,8.15878729684776,-0.529885096607176,-6.48123776197006,-2.5812724890497,-92.3205057091554,-0.515987016654221,9.303817117684,-1.41330156319156,-2.4217095515007,-3.12079715961265,-29.8891747478131,0,0,0,536.324625312291,0.163505947944207,0.0264649319750969
72.13,-20.7800816107214,50.2274022321801,40.3581795435752,-38.8543582932403,386.58072836974,407.696754580325,-1.31570815054915,-63.6538160516697,-39.14262148888,-25.7406761617131,-129.466351892909,-70.2786497974269,4.8739663367933,3.81151631506389,0.895477708711996,-7.04467860601974,20.5729124559126,-89.725675825762,-2.74867454715051,8.24479694691334,0.386514334756121,-18.3920023824739,11.5694121925921,292.998696089593,-17.2742733261062,14.1672819338284,-2.4934543416803,-8.53481354710102,-15.9316229868056,55.7469626324605,2.47574573927005,4.96947866625101,-0.427159847185875,-6.87717541083643,0.680752708520265,36.8392722563155,3.92116915242605,8.07172105363394,-0.499595109151214,-6.48867407721102,-2.3779291772096,-97.9754693589995,-0.482017002157752,9.42645651011035,-1.37140128632984,-3.02910334710236,-3.69840810685184,-31.8983834510754,0,0,0,527.131604815187,0.166218201593535,0.0265037912416162
72.135,-20.5159749201704,52.8213381100957,42.3631113594234,-36.9599328282624,378.885092994855,404.787210635773,-1.65009387454781,-66.8771447996014,-45.3136697213981,-26.4415007512413,-140.164917905368,-83.7744364947553,5.15067448403037,3.8923197619372,0.91664280678599,-7.71037819647921,14.1499205087177,-90.3428707096437,-2.52113023884494,8.34775146292067,0.378944558373348,-14.6690313793756,6.63669459245999,284.144598604047,-18.5051658536295,13.2023008981339,-2.14770357878495,-8.67678643261342,-24.4626037388087,49.6445894320345,2.46087276554151,4.99901684772872,-0.458539348114177,-6.840448373273,0.842136683441845,41.7840291393361,3.27980526061432,7.96894566611554,-0.470732657604767,-6.49814466490449,-2.29603579426883,-103.226514113402,-0.440724769673463,9.54149316198128,-1.32975898943368,-3.70716981479932,-4.3343778898357,-33.4903115640287,0,0,0,518.233191277071,0.169333338395514,0.0265247968744413
72.14,-20.2385416427753,55.4866554790571,44.4905566077461,-35.109434543466,370.099656959614,400.818476496956,-1.99654175146695,-69.2895753838917,-50.9874640438165,-27.1907945383334,-149.858757418554,-96.9398443708515,5.41205823576823,3.99047517820386,0.931135443984697,-8.31641813927664,7.45288742820697,-90.7475068021106,-2.29648525647771,8.42001919288884,0.367154821930716,-11.0905172394455,1.27845980734275,274.416792599603,-19.6768785232626,12.1349503475788,-1.7475974026737,-8.63369166685541,-33.035799330162,43.4648185544921,2.4445634487396,5.04902716469917,-0.491359161373137,-6.85245144576846,0.908372905555796,46.1286180793111,2.58625593059948,7.84567376848949,-0.44615172757477,-6.50857001761219,-2.32714874224161,-108.024681835559,-0.395541472077589,9.64038650547345,-1.29287006230793,-4.4667288742222,-5.02001829193165,-34.6114820937509,0,0,0,510.064268412919,0.172848971357256,0.0265070051016689
72.145,-19.947551960798,58.1979363955124,46.739274686269,-33.3082713506541,360.232638562697,395.783651809049,-2.35085354008596,-70.862357723867,-56.0797697670444,-27.9830510019879,-158.451292731049,-109.612540570472,5.65392054476861,4.10374282011991,0.93801643758571,-8.85515951269305,0.540901154425154,-90.9363564381874,-2.0634932894265,8.47145941485541,0.350664212079567,-7.69874053461559,-4.44684783618224,263.830640143037,-20.7656996644366,10.9922619324392,-1.30526556959129,-8.4107047181669,-41.5646706189579,37.1402375010275,2.4277221170947,5.11739350530913,-0.526474848868908,-6.91049503238811,0.888944503472996,49.8259617611193,1.8534222662439,7.6981919002975,-0.428609805597757,-6.51797776876665,-2.46106596182606,-112.330969112295,-0.350023126656942,9.71559917673715,-1.26490067608136,-5.31439120784493,-5.74462656662902,-35.2174692265733,0,0,0,503.125074113028,0.176705491538787,0.0264264660409816
72.15,-19.6429172852907,60.9269351013533,49.1023632853622,-31.5617701242294,349.300245284277,389.677226957583,-2.70875886424607,-71.5810648318833,-60.5161116414811,-28.8123854644029,-165.866892482681,-121.639942995684,5.87236545400243,4.22981976562882,0.936323195719269,-9.32150336723564,-6.52207109253631,-90.9082769725588,-1.82454423326168,8.50217804018297,0.328907769439083,-4.53039294491908,-10.472787905077,252.40804384056,-21.7602743209759,9.79161700444394,-0.834395802761185,-8.01985352816776,-49.964038805202,30.6172930615519,2.41128499830934,5.20190748902423,-0.564748550017648,-7.01056366845343,0.79421486620655,52.8400437768364,1.09479478894636,7.52424646988477,-0.420581905083973,-6.52377225230545,-2.68612641121306,-116.117036255989,-0.307725060287817,9.76111162134258,-1.24946575216853,-6.25236881555217,-6.49564557545099,-35.2743993318318,0,0,0,497.904421329037,0.180782282763552,0.0262605888782614
72.155,-19.3246997374138,63.643509575429,51.5675930662518,-29.8751306535424,337.3278941377,382.496353399727,-3.06598807366999,-71.4458418848482,-64.2331025360333,-29.6726476115989,-172.052429439351,-132.881936216501,6.06385510373064,4.36639198535886,0.92510827398083,-9.71299251434482,-13.6678412286326,-90.6645721330381,-1.58374743267146,8.51380775849072,0.301374022323002,-1.61588018369493,-16.7259314709016,240.178217729943,-22.6518511066272,8.55320350129107,-0.349623726723837,-7.48001122570265,-58.1503708768218,23.8600024574769,2.39617779951105,5.30033177633443,-0.606982121056729,-7.14755201845217,0.635052028477575,55.1467729863366,0.324009939640662,7.32353115354106,-0.424083979253702,-6.52302356130634,-2.98961796779523,-119.365708108183,-0.272130518344386,9.77305194023342,-1.24946996098845,-7.278441576335,-7.25898049021093,-34.7603734073491,0,0,0,494.803937818015,0.18491256867897,0.0259938757565816
72.16,-18.993116809798,66.3165855232257,54.1178985641927,-28.2533744113829,324.351248432205,374.242180766712,-3.41834507706321,-70.4714006787083,-67.179570360361,-30.5575398955143,-176.978456783235,-143.21341200642,6.22526263977305,4.51118981506501,0.9034792499315,-10.0298353939769,-20.8247734561989,-90.2092664415849,-1.3450408393981,8.50750142083015,0.267671134163559,1.02115823735045,-23.1270582894471,227.178336404029,-23.4323287449551,7.29808703096233,0.134025509550058,-6.81658140055369,-66.0421630676915,16.8529754329759,2.38327272264663,5.41046052475129,-0.653852279832631,-7.31558188441576,0.422393204950042,56.7346647734263,-0.445469323589031,7.09780460355154,-0.440515310417362,-6.51274918620752,-3.35828816224416,-122.071259695121,-0.246539625030014,9.74991511916838,-1.26695852126118,-8.38607415265872,-8.01947504743175,-33.6667812257969,0,0,0,494.080653377824,0.188915425716277,0.0256245238783226
72.165,-18.6485412125549,68.915119448494,56.7320066215319,-26.7012892936471,310.417023546561,364.921211710751,-3.76177888241049,-68.686761069324,-69.3174646472537,-31.4607397399768,-180.639968892151,-152.526587123142,6.35392124519602,4.66204564907588,0.87063840720248,-10.2748505841634,-27.9186659932377,-89.5492791839397,-1.11124735498218,8.48191988908454,0.227583890615315,3.36408534831898,-29.5925172511941,213.454031097995,-24.0930075906649,6.04620169532597,0.601719456113599,-6.06088934977453,-73.5604664032657,9.60364481813606,2.37334822071928,5.53017454569469,-0.705851688416586,-7.50838855107854,0.166768220673262,57.6053113129637,-1.20037764878879,6.85042899311562,-0.470529457695406,-6.49016427607138,-3.77894043727853,-124.239483794427,-0.233851353044605,9.69211616066686,-1.30295192399083,-9.56467504186621,-8.76153605683775,-31.9994748119254,0,0,0,495.821739775527,0.192636954744899,0.0251694916435241
72.17,-18.2914960736195,71.4090277871367,59.3851792453072,-25.2233716927171,295.583520186268,354.546623189445,-4.09245260860738,-66.1347452394369,-70.6225283371223,-32.37602333317,-183.056718638806,-160.733052584143,6.44766923933757,4.81695230813366,0.825920809851834,-10.4533326986166,-34.8737319183675,-88.6944876840688,-0.88605082779471,8.43671247449592,0.181120431227253,5.40324343577051,-36.0357171589225,199.059704982201,-24.6275243013557,4.81881020935178,1.03969250739017,-5.24930759895263,-80.6295756992776,2.14362749821947,2.36705474519255,5.65748896395166,-0.763239529018989,-7.71975982866989,-0.122191986208187,57.7736160622413,-1.92798134885431,6.58641468902115,-0.513942376311322,-6.45288214749164,-4.23908733810916,-125.887540890864,-0.236481728209877,9.60208901707567,-1.35741034522931,-10.7999880522542,-9.46988046106804,-29.7797663988117,0,0,0,499.959496446407,0.195980438225434,0.0246559285823853
72.175,-17.9226458209298,73.7700505380121,62.0500441814774,-23.8237674373812,279.920851067428,343.139502235897,-4.40680878234823,-62.8712347482281,-71.0847245804075,-33.2973886846868,-184.273070303533,-167.765511180506,6.50489081279752,4.97412020925204,0.768829465537476,-10.5728426644717,-41.6136662159917,-87.6576734201502,-0.674419301040021,8.3741509353074,0.128545151285856,7.13566886911322,-42.3687098598363,184.058644370423,-25.0329925882814,3.63931092684751,1.43602250622334,-4.42215520794711,-87.1778802282855,-5.4708355227985,2.36488938683148,5.79059158278547,-0.82600452291941,-7.94400645117131,-0.436229851770074,57.2677724065542,-2.61665031612512,6.31275179412073,-0.56968398153663,-6.39905418019762,-4.72762244539293,-127.043594722002,-0.256400797570636,9.48471067829977,-1.42929829107199,-12.0746055376027,-10.130366161301,-27.0452137129156,0,0,0,506.319660986237,0.198917946337972,0.0241170457331723
72.18,-17.5427832191984,75.9725203461261,64.6974838185878,-22.506213258542,263.51083576733,330.729945313398,-4.70162980359347,-58.9642042489339,-70.7084127289222,-34.2191755605194,-184.357375166167,-173.57916338561,6.52455154882252,5.13203120507822,0.69906641496008,-10.6429275802351,-48.0627826006284,-86.4543487063016,-0.481422155512506,8.29763374855773,0.0703888875722617,8.56455755944459,-48.5038246363979,168.522907866298,-25.308689990118,2.53146181287754,1.78113838666116,-3.62241740238872,-93.1388527241542,-13.1593827622839,2.36718167943795,5.92787070652435,-0.893842545884448,-8.17643837930614,-0.768883349091216,56.1289726419044,-3.25611811635764,6.03814160942187,-0.63579849225129,-6.327446677958,-5.23546605847537,-127.746238642884,-0.295071518430296,9.34704413658264,-1.51662355350901,-13.3685917489165,-10.7308574408924,-23.8501534439689,0,0,0,514.684336161606,0.201476348785407,0.0235781047470436
72.185,-17.1528131617277,77.9940114942106,67.2975513625039,-21.2739805169499,246.44654831864,317.357973108143,-4.97409255075958,-54.492549433272,-69.5122720589672,-35.1361798883756,-183.400865571408,-178.152706181123,6.50622748315293,5.2894867897564,0.616558738443639,-10.6747774339963,-54.1472002753468,-85.102466120743,-0.309373978016575,8.21256532736607,0.00746935857908781,9.69850864642659,-54.3553116541196,152.532981502273,-25.4538006141305,1.5205225105638,2.06821403930406,-2.89433505250174,-98.4521350753889,-20.8189728442061,2.37409195350444,6.06793184415896,-0.966150056876324,-8.41381842955083,-1.11582005725963,54.4108410398128,-3.83760545956702,5.77251971175318,-0.709495848036572,-6.23746044650552,-5.75613644926356,-128.043719490712,-0.353354297162729,9.19782642055981,-1.61649343058259,-14.6602029528588,-11.262069282329,-20.2659423026277,0,0,0,524.844898496162,0.20371248800357,0.0230533672816549
72.19,-16.7537339233407,79.8158476774767,69.8203826134752,-20.1298229525834,228.831512873511,303.074217027188,-5.22181620155088,-49.5447301583036,-67.5289760949938,-36.0437602518625,-181.516072697539,-181.488914649253,6.4501261319903,5.4456483086328,0.521478644744077,-10.6808278439407,-59.796057614134,-83.6220174106429,-0.148945197369101,8.13039284081041,-0.059017791168465,10.5505882262492,-59.8409530994055,136.177194532459,-25.460721862163,0.639665019133642,2.29330968387884,-2.28191311976377,-103.064665067932,-28.3262255071282,2.38562255801634,6.20960346932677,-1.04203354034275,-8.65476291012342,-1.47505013404665,52.1785932448811,-4.3539519354561,5.52663523565201,-0.787253643758895,-6.12910555139014,-6.28619939735108,-127.992966735816,-0.431433482075253,9.04700311037577,-1.72521642691848,-15.9266878920965,-11.7183329703537,-16.3808645143113,0,0,0,536.628505106092,0.205685339198144,0.0225427995772929
72.195,-16.3466166601668,81.4234526348508,72.2370721479791,-19.075930182507,210.778554015467,287.940339647462,-5.44290246533444,-44.2172527567535,-64.8046246229576,-36.9379341678636,-178.834783200377,-183.614782448759,6.35709771820352,5.60006687609458,0.414257007080644,-10.6743196162555,-64.9427270475294,-82.0345330381051,0.00201944256214254,8.05766989673609,-0.127690962618548,11.1372671125358,-64.8836031514672,119.550897559279,-25.3292070179371,-0.087124529568663,2.45581617284737,-1.82739451669297,-106.931779481789,-35.5405974699109,2.40164110379057,6.351932788893,-1.12033413647002,-8.90005896971244,-1.84699120316829,49.5079332228782,-4.79968178874274,5.31158899812772,-0.864966768681919,-6.00294795628725,-6.82555375894371,-127.658435780042,-0.5287366891597,8.90519948874129,-1.83843031503425,-17.1451473748449,-12.098228477764,-12.2996653995491,0,0,0,549.894024268638,0.207437935723637,0.0220366751635686
72.2,-15.9325839926574,82.8065335017255,74.5204842486724,-18.1138885843958,192.408319621869,272.029158758896,-5.63596755610186,-38.6130181534096,-61.3979445393203,-37.8154619684154,-175.505560110036,-184.581204455259,6.22863478725179,5.75270091128722,0.295589940100332,-10.6688272666627,-69.526003364227,-80.362497627969,0.116860791471296,7.9862984875281,-0.197132229664497,11.4772956559006,-69.412621698678,102.755411921703,-25.0821015679789,-0.663246996170677,2.55897219946042,-1.5697422417548,-110.01822492477,-42.3083002515407,2.42191372770964,6.4941732095574,-1.19966567214508,-9.15287044649042,-2.23436716749992,46.4837078458864,-5.17100467908464,5.13835694767746,-0.938138893464753,-5.8600458474679,-7.37751972258933,-127.110775663815,-0.643848244210963,8.78315913344307,-1.95125543578859,-18.2934253950072,-12.4050371712829,-8.14267335392232,0,0,0,564.507896224218,0.20899303145828,0.0215257602940682
72.205,-15.5127885277341,83.9590929847404,76.6459714911774,-17.2446510576735,173.847505344628,255.424453262557,-5.80016537905317,-32.8395645902907,-57.3792745179324,-38.6739162869683,-171.690863710728,-184.462192825141,6.06685855436097,5.90391955312183,0.166438263913544,-10.6777697064345,-73.4912363908981,-78.6287001329265,0.173448026821212,7.91196734975879,-0.266000882830498,11.5905836167859,-73.3651712301674,85.8967665619666,-24.7401990288188,-1.09137001641357,2.60866309559734,-1.54316950254026,-112.299008901573,-48.4668423533206,2.4461453464996,6.63576582061123,-1.27846349083191,-9.4188082979476,-2.6419344130112,43.1983473913373,-5.46578351758746,5.01730919455582,-1.00210718527679,-5.70189123963228,-7.9487085601712,-126.425333502142,-0.774452496678671,8.69117784454639,-2.05847493918311,-19.3509968597916,-12.6469808249406,-4.04447755255026,0,0,0,580.316109295098,0.210354739515119,0.0210018880763059
72.21,-15.0883921633917,84.8792728685436,78.5919774083219,-16.4685169564259,155.226820249646,238.220438779375,-5.93520155619963,-27.0072354293167,-52.8293520373487,-39.5117353781611,-167.563818238706,-183.353626427125,5.87449067497955,6.05449071418468,0.0280199603662697,-10.7139170566218,-76.7913787220714,-76.8555403865525,0.17387301140548,7.84218243120562,-0.333231855585449,11.4971533510552,-76.6873511159722,69.0842457264282,-24.3077564544576,-1.35829439624251,2.61219056883771,-1.77575584170957,-113.760029455139,-53.8500569967861,2.47402307444807,6.77631766368837,-1.35504088436104,-9.70584817406116,-3.07604199097574,39.7501272082633,-5.68426127952177,4.95709730287164,-1.05228976376229,-5.53036728292536,-8.54866724805254,-125.680510940768,-0.918295158983427,8.6382892528016,-2.15477370443864,-20.2998099129843,-12.837228793378,-0.152136462952034,0,0,0,597.126502756785,0.211518699750247,0.0204674033901773
72.215,-14.6605469744604,85.5690377861082,80.3405040009046,-15.7851232425791,136.678742769096,220.520911113367,-6.04133807449419,-21.2273036588718,-47.8379245424092,-40.3282587777615,-163.304679919768,-181.371542833638,5.65480966804402,6.20555316602525,-0.118204028740511,-10.7889080403515,-79.3879199395736,-75.0643157634756,0.127848655769235,7.78630404453971,-0.397914602177809,11.2162298478418,-79.3351481312561,52.4287776438877,-23.7846482514267,-1.45008481902588,2.57827489526079,-2.28818749728738,-114.398431830672,-58.2934595575625,2.5052585216478,6.91557977606005,-1.42764960630915,-10.0240861384093,-3.54404616806298,36.2412911356503,-5.82891068447423,4.9642195827037,-1.08444199566801,-5.34772440503645,-9.1893072920403,-124.955991933701,-1.0731609990315,8.63179522691584,-2.23496986598744,-21.1250355460532,-12.9936730493897,3.37709703718323,0,0,0,614.710112757246,0.212480652289509,0.0199317820947664
72.22,-14.2303784026616,86.0337143598259,81.8774299103906,-15.1934476203945,118.335124437042,202.438066383487,-6.1193885010575,-15.6100853126753,-42.5022093662294,-41.1237441313288,-159.097070713609,-178.649991700415,5.41159190797599,6.35857278683988,-0.270550099843553,-10.9127926271601,-81.2516806335077,-73.2745128480875,0.0459041656616926,7.75206839137878,-0.459253320751081,10.7655215834303,-81.2751863413872,36.0412005484162,-23.1711845715995,-1.35796888352641,2.51666207971469,-3.09266217044396,-114.222654470308,-61.6397665159241,2.53962464150982,7.0534279318908,-1.49454091734902,-10.3853334962756,-4.05361308330288,32.776080666777,-5.90153967319618,5.04506999426022,-1.09490625497387,-5.15657026594744,-9.88414330462276,-124.330866163307,-1.23339871861358,8.67790572256114,-2.29416576760628,-21.8156753997022,-13.1384888569439,6.37853452829862,0,0,0,632.817685337656,0.213245854809347,0.0194089011422065
72.225,-13.7989713696445,86.2814066034989,83.1926706506455,-14.6918240916454,100.324705749904,184.091017361252,-6.17070387108309,-10.2630740051281,-36.925229465422,-41.89936438112,-155.124049958373,-175.338478180732,5.14903787676635,6.51528389612562,-0.427137647321504,-11.0936145737903,-82.3634425208807,-71.5031293048905,-0.0611063192166283,7.74555910527932,-0.516612753405819,10.1607322771922,-82.4852633217326,20.0304478475704,-22.4683217189772,-1.07860487031308,2.43741974650348,-4.19200120149813,-113.252143640983,-63.7444005623992,2.57698319124795,7.189848657671,-1.55402385509868,-10.8025625038513,-4.61195495375783,29.4587152478018,-5.9031578069936,5.20599113413805,-1.08084183673172,-4.95986091720937,-10.6473821459512,-123.881678247899,-1.38982274251021,8.78158660225608,-2.32802575324268,-22.3649819468474,-13.2975151738283,8.68327926807495,0,0,0,651.210469789306,0.213834435255737,0.0189112354586731
72.23,-13.367359801576,86.3223136135397,84.2801782319734,-14.2779710237431,82.7706135803086,165.604035992068,-6.19714951199773,-5.28912818291695,-31.2140539794888,-42.6571848940649,-151.564102588695,-171.599034788748,4.87168516056342,6.67761738465482,-0.585919217413507,-11.3370482140056,-82.7143950284682,-69.7640505453558,-0.182427406323628,7.77126814389618,-0.569571924423663,9.41532641403294,-82.9546633376645,4.50169864644883,-21.6778567595524,-0.61411659973328,2.35021758995619,-5.57901451020501,-111.516735390505,-64.4808045995767,2.61729969026005,7.32493248868995,-1.60451788483777,-11.2892255936718,-5.22505416257302,26.3913685789089,-5.8369992607312,5.45053559611781,-1.04041931714553,-4.76087495836009,-11.4929165143156,-123.680439125321,-1.53376206260588,8.94534729210534,-2.3331754480817,-22.770654686566,-13.4995015127771,10.1218877070997,0,0,0,669.695381004293,0.214284692731744,0.0184476258128248
72.235,-12.9365199027418,86.1679797669149,85.1377836040083,-13.9490314607241,65.78791260385,147.104561902191,-6.20107321979328,-0.784741559111527,-25.4779740785141,-43.400120531264,-148.587127439952,-167.602969592335,4.5843104184831,6.84761806098172,-0.744714201702845,-11.6461032626031,-82.3063837935704,-68.0675043211803,-0.307751902007647,7.8322226135854,-0.617976976095558,8.54055213296892,-82.6842419158172,-10.4454570023395,-20.8025990379025,0.0280914883820161,2.26364963384594,-7.23616390607198,-109.05572436011,-63.7453906717149,2.66064394628776,7.45887560921646,-1.64459770309623,-11.8584807578599,-5.89693461536149,23.6721836257652,-5.7085411413572,5.77922046237323,-0.972967478279543,-4.56315003141526,-12.4332865571366,-123.792642129956,-1.65745404508809,9.16918552091565,-2.30746958211824,-23.0347917711958,-13.7752752215677,10.5284111581297,0,0,0,688.157031950839,0.214649723982683,0.0180228909592435
72.24,-12.5073673495985,85.8305106287374,85.7668913799714,-13.7016250406118,49.4812840225026,128.72102557319,-6.18526534810317,3.16157433802416,-19.8266454874204,-44.131873092202,-146.35051218773,-163.527347513057,4.2918231887402,7.02735422956747,-0.901245080267794,-12.0209104527338,-81.1519524946477,-66.4196140998394,-0.427492273289738,7.93015649096358,-0.661983158111463,7.54570531913874,-81.6862805963135,-24.7187870386189,-19.8465087223714,0.835719545644383,2.18465329444221,-9.13556694325022,-105.916660011583,-61.4619581296028,2.70717566501034,7.59199003452262,-1.67302866251986,-12.5223639970854,-6.6290401889501,21.3933656479624,-5.52426657997357,6.19058598635873,-0.879063466882819,-4.37036239439614,-13.4786783072296,-124.275331671906,-1.7528074195797,9.45115533476794,-2.25018103740667,-23.1635976830262,-14.1568837103683,9.74474242908274,0,0,0,706.572850727607,0.214988526339885,0.017630704159358
72.245,-12.0807584030578,85.321789307969,86.1720420540222,-13.5319105240438,33.9429033135447,110.580542489409,-6.15291150608596,6.47076840343114,-14.3682294644099,-44.856850004536,-144.99538246652,-159.551269567831,3.999154885336,7.21882295998952,-1.05317525447409,-12.4585994301391,-79.2741760062924,-64.8220690967614,-0.532978493876247,8.06570691269489,-0.702076308105623,6.43860014073429,-79.9841158669066,-38.2350693191167,-18.814794688476,1.79212832374266,2.11807307226647,-11.2393752428358,-102.153930523568,-57.5854284560184,2.75711623565627,7.72472140673322,-1.68879199882564,-13.2909555014715,-7.41977550863491,19.6393883706482,-5.29156192114639,6.68140383077432,-0.760556802408877,-4.18613567188486,-14.6360277302201,-125.175276453588,-1.81161095680183,9.78766595580277,-2.16217885106771,-23.166871980826,-14.6767594958953,7.6251712467953,0,0,0,725.00101565936,0.215356760772714,0.0172641592008729
72.25,-11.65749476321,84.6527279696377,86.3603621478986,-13.4356576001372,19.2505847813245,92.8065406443167,-6.10753868623069,9.07456397106125,-9.20756387990671,-45.5800655620079,-144.643111494515,-155.852021834025,3.71114664750928,7.42385478622575,-1.19814761483766,-12.9532783759228,-76.7062897223973,-63.2719252941547,-0.616592618254659,8.23861672317477,-0.739065929662328,5.22619547412354,-77.6115524201197,-50.9215768898329,-17.7139658995231,2.87702921432396,2.06640478194061,-13.5005477685683,-97.8272112544766,-52.1047621077863,2.81070934610642,7.85767235914486,-1.6910997144227,-14.1715889149384,-8.26425470160025,18.4853439158742,-5.01872201050014,7.24685055931587,-0.620524449464629,-4.01377365468801,-15.9082934819478,-126.527301276637,-1.82590523323528,10.1738294158699,-2.04603398097561,-23.0573285010769,-15.3669424111085,4.04103272545362,0,0,0,743.538986721227,0.215796158700675,0.0169104000932885
72.255,-11.2383318246216,83.8325877177562,86.3409271908957,-13.4083263278115,5.46625446515101,75.5163880787135,-6.05295575626278,10.9165859935924,-4.44439541877766,-46.3070264275255,-145.392173103649,-152.601171499428,3.43243981439993,7.64402168231344,-1.33382316627061,-13.4961222163786,-73.4911265594031,-61.7615478483418,-0.671853858499226,8.44792785786283,-0.774045036233187,3.915315096004,-74.612077722023,-62.7173502783942,-16.5518320307867,4.06726739859309,2.02974056769504,-15.8640215005828,-92.9998664996534,-45.0449454576526,2.86817447157445,7.99162834777796,-1.67939956777358,-15.1681523387544,-9.15428967254741,17.9954626510561,-4.71497186791079,7.88068988638566,-0.463157693088149,-3.85592309250811,-17.2939501918939,-128.352831304515,-1.78840115659083,10.603849902254,-1.90603232082772,-22.849814854752,-16.2583743786839,-1.11468352165112,0,0,0,762.262596557021,0.216331302676871,0.0165628429404965
72.26,-10.8239898382503,82.8683972740983,86.1240659442759,-13.4451523048145,-7.36519540058642,58.8190894192071,-5.99318934823277,11.9532816059779,-0.171702844380005,-47.0436035045463,-147.315415403879,-149.960691336859,3.16737269308487,7.88055209446364,-1.45791925733372,-14.0755729281094,-69.6803791459992,-60.2787011718103,-0.693468858689418,8.69215352824,-0.808315893038549,2.51339327324265,-71.0379019131168,-73.5742155285332,-15.3374506671871,5.3376562429537,2.00591702536272,-18.2682607451632,-87.7373986656919,-36.4679632444497,2.9296583507442,8.12758197095868,-1.65337109572129,-16.2805256227627,-10.0786317491013,18.2218249764692,-4.39048509456604,8.57544285770024,-0.293585648083471,-3.7141842728814,-18.786737828035,-130.658699935488,-1.69292067155474,11.0714168760892,-1.74808363071274,-22.5605147760459,-17.3802602622285,-7.92290838153469,0,0,0,781.162868607036,0.216966717400553,0.0162148656485099
72.265,-10.4151673532571,81.7644969987233,85.7206366703515,-13.5412354418972,-19.2166274165481,42.8131205526955,-5.93241625995717,12.1546176551327,3.52586025907879,-47.795892626724,-150.457824435684,-148.079196120219,2.91988696071956,8.13425657429642,-1.56824719556798,-14.6776513371462,-65.3337095567194,-58.8067888612681,-0.67736064043011,8.96942078179923,-0.843285132587106,1.02917704799602,-66.9488535215627,-83.457513431739,-14.0810203008518,6.66182313907716,1.99085035953191,-20.6471439520831,-82.1060366633999,-26.472703299848,2.99519017767761,8.26675121732848,-1.61291394027158,-17.5041912059259,-11.0234605188823,19.2032834155061,-4.05637689022006,9.32252865130227,-0.117644148474213,-3.58869813933849,-20.3756826258943,-133.436266167037,-1.53483127868683,11.5700628465375,-1.57952301710959,-22.2062178488041,-18.7594668599253,-16.4344041314249,0,0,0,800.093805403347,0.217692407434546,0.0158667527808367
72.27,-10.0125562030696,80.5222300375697,85.1413074192966,-13.6916300638484,-30.0789243902795,27.5844685454134,-5.87489354664292,11.5045426628597,6.57337679995596,-48.5700668131064,-154.834837276612,-147.088374716808,2.69344650334625,8.40546716712029,-1.66274923765859,-15.2863750015338,-60.517732275217,-57.3252416844033,-0.620686931906906,9.27757862670913,-0.880335877554514,-0.526677874457391,-62.4111664945612,-92.3465136938486,-12.7937208085607,8.01303155431084,1.97902556708064,-22.9321256227487,-76.1715446140175,-15.1937747048144,3.06464630079084,8.41058688894268,-1.55812996598238,-18.8300457685447,-11.9730928591531,20.9646102341122,-3.72464928403509,10.1123638816528,0.0583978256309311,-3.47774723772921,-22.0453828485193,-136.660879626068,-1.31144402288098,12.0934485202518,-1.40881020782849,-21.8037309075944,-20.419914903546,-26.6661640315703,0,0,0,818.739633754905,0.218490316760899,0.015522008805628
72.275,-9.61685721880609,79.1397968525539,84.3958722250709,-13.8914339686634,-39.9607809629155,13.2049397009877,-5.82488752162753,10.0012050030593,8.90690746135897,-49.3722230747619,-160.431252330801,-147.09969974388,2.49097078605467,8.69399319107558,-1.73953508684048,-15.884271419284,-55.3048976497167,-55.8100481468992,-0.521855002416896,9.61427037046581,-0.920687936185069,-2.14116974094241,-57.4961968405418,-100.234497388,-11.4875061649471,9.36495040779115,1.96409296606549,-25.0545928390685,-69.9983130938128,-2.79925652364512,3.1377296840692,8.56076468478728,-1.4893007685396,-20.2444279140363,-12.9108652487664,23.515883155062,-3.40806806674646,10.9344149351709,0.228139335257258,-3.37741273178438,-23.7765303597895,-140.291721592591,-1.02234412530896,12.635543096477,-1.24513994078405,-21.3694835477036,-22.3819095874956,-38.5984480068622,0,0,0,836.6071968229,0.219342341269525,0.0151853697255477
72.28,-9.22879580255103,77.612283251081,83.4926337811348,-14.1358740552886,-48.8880173250781,-0.269207667577529,-5.78660290304496,7.65692371652026,10.4745406721435,-50.2082269307678,-167.200771201317,-148.201492716766,2.31478403572822,8.9990954286114,-1.79691808852038,-16.4529701922854,-49.7723028837526,-54.234418796889,-0.380536385441724,9.97697196469709,-0.965259404232975,-3.79870872422079,-52.2791071382497,-107.128501679186,-10.1748576631533,10.6923491697857,1.93951640449241,-26.9483228678711,-63.6487693559713,10.5125698211085,3.21396825536064,8.71915810970326,-1.40686223426418,-21.7293638296467,-13.8201252203156,26.8521194505465,-3.11995479112581,11.7772056319211,0.385359618129331,-3.28133047247932,-25.5466189488348,-144.272038791544,-0.669624040727149,13.1906757526621,-1.09798329226835,-20.9193493755076,-24.6613563989213,-52.1725895450131,0,0,0,853.04408080527,0.220236118562393,0.0148561658091833
72.285,-8.84913647471642,75.9318655669927,82.4378806699332,-14.4203861814528,-56.9024252328932,-12.7982574494686,-5.76411333662978,4.49791328304006,11.2372332143377,-51.0835578911567,-175.066192077946,-150.456416556205,2.1665806750487,9.3194800675027,-1.83345126557613,-16.9738522783114,-44.0004557243146,-52.5695723827786,-0.197681529142932,10.3630008003869,-1.01454382807083,-5.48108913985332,-46.8375540620686,-113.048732059109,-8.86850944618076,11.971704433555,1.89921403675558,-28.5519411769778,-57.183112419032,24.5174173945412,3.29273460922433,8.88778947793559,-1.31137785109094,-23.2630192896621,-14.6852549439307,30.9531666677648,-2.87388287141782,12.628290914221,0.524323642531883,-3.18058560731187,-27.3307748134311,-148.529773998887,-0.257990149186785,13.7534456261025,-0.976584053691457,-20.4686694468523,-27.2688221085638,-67.2896897088987,0,0,0,867.285669822287,0.22117167622784,0.0145318087753576
72.29,-8.47869552435646,74.0881900718481,81.2354836547778,-14.7406870362514,-64.0601709596075,-24.3596186357354,-5.7612944931072,0.563768704514598,11.169427043605,-52.0031591880829,-183.920259384888,-153.899459249531,2.04740665844174,9.65331299709672,-1.84796315630182,-17.4287295243729,-38.072012746372,-50.7856291934944,0.0244681959721054,10.7695013898469,-1.06851634074542,-7.16767589552285,-41.2504080463909,-118.02765872403,-7.58116111658877,13.1817103662755,1.83813484350772,-29.8112780383312,-50.6593463790398,38.9700020301118,3.37328748151352,9.06875777113302,-1.20351251300988,-24.8203333782983,-15.4926428617168,35.7838563180584,-2.68327405325292,13.4742156391263,0.640063646286702,-3.06377798082977,-29.1026355228987,-152.978584181621,0.205283415637298,14.3184913520304,-0.889436166552422,-20.0324305371199,-30.2084251724139,-83.810288320132,0,0,0,878.528558413924,0.222159263843573,0.0142002228659388
72.295,-8.11835093847549,72.0689171762595,79.886631053684,-15.0928360055246,-70.429793854703,-34.9479700773354,-5.7817608818656,-4.09327775168293,10.2594318951471,-52.9712949827256,-193.627158928709,-158.536462532665,1.95765571429576,9.9982543089575,-1.83959310546897,-17.8005237697644,-32.0705098867933,-48.8525942670878,0.282375452186046,11.193415565242,-1.12657994108436,-8.83578719119005,-35.5965258307861,-122.108824724113,-6.32519397743948,14.3036908276447,1.75272166280568,-30.6815257904746,-44.1335539064688,53.6097182200865,3.45483315259446,9.26414391788049,-1.08400859560173,-26.3737977885728,-16.231519024334,41.2944248564478,-2.5609001427083,14.3004850179105,0.728620247569397,-2.91728049802499,-30.8352024274273,-157.519223556302,0.710576665138967,14.8801367385002,-0.843768118064227,-19.6255244075629,-33.4765730946949,-101.555070969933,0,0,0,886.018989377941,0.223219173828942,0.0138473023520831
72.3,-7.76904886502406,69.8604146903495,78.3897179736146,-15.4732852676098,-76.0898524171064,-44.574952871238,-5.8288074420869,-9.40931204426917,8.50956755474111,-53.9914181449448,-204.024632444037,-164.343237904298,1.89707906455236,10.351512092884,-1.80782522934186,-18.0739123917609,-26.0790981666319,-46.7414105376876,0.571214120270184,11.6314451524477,-1.18755957560939,-10.4612401336239,-29.9535868512272,-125.345403542068,-5.11240756863328,15.3219147188766,1.64122346762778,-31.1291063383428,-37.660324836167,68.1668180263766,3.53660266927451,9.47589607629483,-0.953666082734711,-27.8943362727859,-16.8945767948808,47.4212039670232,-2.51830463787479,15.0915787406,0.78722859629363,-2.72570075020513,-32.5015983061089,-162.041256200514,1.24633838507019,15.4319454920333,-0.845058889509433,-19.2630000454227,-37.0606025426063,-120.306635267319,0,0,0,889.139515905978,0.224372851450635,0.0134523494330541
72.305,-7.43180597265632,67.4485784734168,76.7403983783387,-15.8789166764597,-81.1262817698252,-53.2684095127628,-5.90535687041546,-15.3098856656828,5.93606421365009,-55.0660514978837,-214.926670587353,-171.265299386482,1.86480700880001,10.7099138771779,-1.75251978041704,-18.2359066357273,-20.1792929766393,-44.4250593106559,0.884894307144205,12.0800145693537,-1.24974726553393,-12.0190145531782,-24.3969945408426,-127.79855227039,-3.95379134272015,16.2238182244269,1.50383468223238,-31.133168105619,-31.2932351076574,82.3689131819566,3.61793870763792,9.70569957271467,-0.813328445963222,-29.3522324420783,-17.4783177505416,54.0875792877217,-2.56516943139763,15.8310431977645,0.814437718099587,-2.47254351915194,-34.0756765479129,-166.425051294903,1.79970128908806,15.9662338586373,-0.896608519018229,-18.9602219315981,-40.9374162153176,-139.812302791425,33.6163470733025,0.216721096090589,-0.043888798736412,887.47018592755,0.225637279919104,0.0129950719244327
72.31,-7.10770720577973,64.8197533753769,74.9318027885079,-16.3070643598955,-85.6295366872371,-61.0711826932664,-6.0139135235163,-21.7113306201872,2.56872399281978,-56.1966851448004,-226.126729383548,-179.218228537774,1.85938082156433,11.069993349538,-1.67394015332945,-18.2763307140022,-14.4497415631173,-41.8796826726222,1.2161106797088,12.5352395736191,-1.31099664584825,-13.4839838196736,-18.9988350014175,-129.535613074553,-2.85934263511431,17.0001382088269,1.34265599882777,-30.6866424407992,-25.0852617073651,95.9476109075351,3.69838422708719,9.95483810045646,-0.663875761420905,-30.7180511704514,-17.9830771645991,61.2052129731899,-2.70866244464526,16.501694382605,0.810154640959986,-2.14105900796713,-35.5324488966873,-170.544004346224,2.35729186927491,16.4736040939981,-0.999185438740949,-18.7328640375348,-45.07224345405,-159.787926838666,58.8860886099905,0.209876024562137,-0.0346757336534518,880.807452511949,0.227019023023272,0.0124576963990561
72.315,-6.79789859226324,61.961722703355,72.954918066045,-16.7555223724002,-89.6916025010241,-68.0395003153105,-6.15652459785616,-28.5222148679981,-1.54964860682479,-57.3836921564613,-237.401402332401,-188.088672666541,1.87879367635476,11.4280893232662,-1.57277338073898,-18.1881736164088,-8.96501109054758,-39.0856996021289,1.55641930675386,12.9929066644595,-1.36886043863596,-14.8316602272583,-13.8268795711428,-130.628219810768,-1.83793693541679,17.644960488854,1.1614879072518,-29.7968012777042,-19.089021611747,108.645089998898,3.77776397270753,10.2240544278847,-0.506226139845012,-31.9634997347077,-18.4127130001835,68.6755206255025,-2.95281198447875,17.0859572209426,0.775609043779298,-1.71524919970788,-36.8483234963312,-174.266920492499,2.90621050249545,16.942571915183,-1.15077288062548,-18.5966989177224,-49.4176746627387,-179.922612370363,93.8216669788021,0.205514018777195,-0.0286717793013684,869.136758984249,0.228509534124503,0.011821526539431
72.32,-6.50357493851942,58.8647307488185,70.7991194171877,-17.2225371821023,-93.4029619404999,-74.2409865092785,-6.33474914117732,-35.644908664264,-6.36403502676121,-58.6262645022665,-248.514469161266,-197.735962364389,1.92053970498117,11.7804532959911,-1.45014174186036,-17.9677918088595,-3.79439940192799,-36.0288847978479,1.89634772533652,13.4484657051211,-1.42076004339568,-16.038906397885,-8.94361563645938,-131.150368344011,-0.897250566365162,18.155685489552,0.965483507177329,-28.485271407446,-13.356737832644,120.220425563195,3.85624951931272,10.5134200284163,-0.341345900842916,-33.0621797054437,-18.7739699394948,76.3913868806178,-3.2975538510148,17.5670461288929,0.713241588357288,-1.18099274482666,-38.0011707662881,-177.460491824398,3.43586000427974,17.3597070748499,-1.34642481181929,-18.5671788445018,-53.9131292374163,-199.88423541178,139.174243635379,0.202604060074158,-0.0246237516426984,852.573591642632,0.230085415606488,0.0110725351629624
72.325,-6.22596243663194,55.5225003773882,68.4528386635748,-17.7067852268704,-96.8496089534402,-79.7523507316617,-6.5496352938168,-42.9772305278138,-11.8081931563044,-59.9223706664587,-259.221232837942,-207.994319774681,1.98167073260191,12.1233614066979,-1.30760310574771,-17.614949259605,0.999227330147841,-32.7013768398924,2.225542328854,13.897036482772,-1.46417301590125,-17.0845724837123,-4.40529225855664,-131.176508319591,-0.0437301100940558,18.5329124630492,0.76069979538488,-26.7874773282705,-7.9398628731514,130.455478489271,3.93439901289816,10.822223570355,-0.170268035019273,-33.9901894333652,-19.0755592181423,84.2390961956794,-3.73675570623035,17.9326105034597,0.626527898710791,-0.527237230773852,-38.9702583270063,-179.991800049063,3.94207813753164,17.7112992779177,-1.57824806788853,-18.6588446017368,-58.4849107741084,-219.325626000664,194.639711258201,0.200623496574218,-0.0219066365413827,831.296022602954,0.231709996670271,0.0102014342758885
72.33,-5.96629640412491,51.9332065014524,65.9043471841702,-18.2073362303408,-100.110200694171,-84.6568179844905,-6.80170599663962,-50.4141405646101,-17.8058295158989,-61.2687359133583,-269.273049380161,-218.675614822092,2.05886060041955,12.4532261637127,-1.14713789306934,-17.1326910751514,5.36056141222728,-29.1025805850761,2.53295630818344,14.3334284459056,-1.49682205903629,-17.9500306557193,-0.260973895651211,-130.779711111928,0.717401818848313,18.7802425815914,0.553595401856698,-24.7515056187104,-2.88832694697367,139.160179346314,4.01316408748016,11.1488879680811,0.0058825890138708,-34.7265493786859,-19.3270222985753,92.1004462058386,-4.26019506969635,18.1725230772274,0.519723089739166,0.252803302908581,-39.7361146432872,-181.73077902263,4.42471813252781,17.9825469478731,-1.83568783577471,-18.8846299680427,-63.0469812084154,-237.891262633328,258.648819409598,0.199235734688716,-0.0201427189158272,805.493752195714,0.233335959688316,0.0092043412269005
72.335,-5.72579457187754,48.1003664495182,63.1426269245229,-18.7236034105794,-103.253436047805,-89.0413724258704,-7.09095323937994,-57.8494485481155,-24.271929170104,-62.6608456649752,-278.421950323633,-229.572613344516,2.14847721460185,12.7667030334041,-0.971121075767065,-16.5270578140088,9.24292966543372,-25.2399280543679,2.80708013232243,14.7521719780513,-1.51684848927351,-18.6195920638016,3.44839381130705,-130.029963803919,1.38211784222553,18.9040013471633,0.350526894109198,-22.4364099186882,1.75057855804278,146.177055762355,4.0938585806236,11.4909246279489,0.185859995787469,-35.2534377866348,-19.5374690636129,99.8550007451338,-4.85737578062233,18.2726011030846,0.39756333591878,1.16051774466698,-40.2803915884609,-182.552578607256,4.88143590231829,18.1544679485728,-2.10596187474208,-19.2551495924705,-67.5025478566811,-255.224317436839,328.587152933094,0.198166524528056,-0.0190758728501974,775.340721942495,0.234911547775235,0.00808957626083018
72.34,-5.50562652260665,44.033609854092,60.1582986927325,-19.2552821276171,-106.335743407343,-92.9938937979326,-7.41684076222054,-65.1775045679942,-31.1142165338009,-64.0929719439445,-286.425255793309,-240.462649062878,2.24666248062468,13.0607868957228,-0.782278427726246,-15.8066584903599,12.6092953457258,-21.1294628724878,3.03636402106724,15.1476362375428,-1.52295458246042,-19.0808055733944,6.69088865633175,-128.992632839506,1.94768023251565,18.9129860375736,0.157291697722942,-19.9100067271211,5.93362749388462,151.384876951264,4.17808652742266,11.8449316199283,0.368267690467211,-35.5562412281207,-19.7142968691808,107.382428903562,-5.51504565146508,18.2190888647232,0.26494389475886,2.19091443524883,-40.5857969351264,-182.339781487218,5.31270534067676,18.2062443202762,-2.37449931754377,-19.7780605880635,-71.7465056532072,-270.973889806413,401.489594102159,0.197143948906658,-0.0185155524910305,740.98793028484,0.236389486175259,0.00687391926538439
72.345,-5.30688005467997,39.7492935853721,56.944573778532,-19.8022788878522,-109.399352047112,-96.6002708979195,-7.77831496818587,-72.2948411931309,-38.2347179673425,-65.5582223283891,-293.050076889184,-251.111640947754,2.3494200709033,13.332893540479,-0.583627237701963,-14.9821304997731,15.4331538998817,-16.7962158553751,3.21134836009639,15.5150476417674,-1.51450746859836,-19.324650507416,9.44445449811604,-127.727133967541,2.41425010768669,18.8192764240857,-0.0212705629882946,-17.2462468834456,9.62329991080821,154.701318052074,4.2676302935502,12.2066398390745,0.551533760826001,-35.6234418672611,-19.8620036191948,114.564866285524,-6.21511700585346,18.0041480598206,0.126588669933493,3.33186988306565,-40.636158203241,-180.984437100685,5.72688488410387,18.1188895676725,-2.62564972613777,-20.4575726461162,-75.6687135652374,-284.802271169084,474.979366923511,0.195878736287585,-0.0183062733263863,702.578778086478,0.237743980407446,0.00559034997258134
72.35,-5.13052539785906,35.2709313642154,53.4981928737235,-20.364632941248,-112.470810679266,-99.9415785544993,-8.17382365806627,-79.1017379761529,-45.531395460273,-67.0486103768958,-298.077609701603,-261.278369108185,2.45271055076015,13.580921842964,-0.378402821204245,-14.0655232964257,17.699282364081,-12.2743437634884,3.32442354735089,15.8503630088393,-1.49158249728947,-19.3456458267342,11.6976352567859,-126.285837726534,2.78447164469848,18.6372575699257,-0.181500559497782,-14.5222829330389,12.789510565351,156.084579159193,4.36430335758371,12.5710079382257,0.733895596398848,-35.4463793003142,-19.9812049309099,121.289226164861,-6.93652003755917,17.6248540899768,-0.0132346559041958,4.56369443054287,-40.416660081033,-178.389890428928,6.13817454948807,17.8759103868977,-2.84361786315322,-21.2941504381707,-79.158012437588,-296.392093491251,548.040230939006,0.194075249251174,-0.0183096077671348,660.29143185387,0.238983800979644,0.0042793583028109
72.355,-4.97737833370152,30.629412831448,49.8203154273224,-20.9424329610503,-115.560003960239,-103.091404126608,-8.60134206656907,-85.5036817003956,-52.899819816207,-68.5551460246503,-301.30712955033,-270.718916104543,2.55255280973853,13.8032930490799,-0.169973327097943,-13.0696488032178,19.404295894796,-7.60700952570259,3.36546411148041,16.1478091792581,-1.45493929735763,-19.1419043880999,13.4501419718924,-124.713232344233,3.05917010140425,18.3798539638179,-0.320909730455664,-11.8153844442408,15.4112788903451,155.533928069824,4.46977585868121,12.9323631487285,0.913399111798637,-35.0189376557939,-20.0679523021145,127.449382858609,-7.65665891533217,17.0827366463953,-0.150949488768141,5.85909244661526,-39.9142709464411,-174.47239649715,6.56496724609005,17.4642942760962,-3.01348545650708,-22.2844116779689,-82.1068157812148,-305.45322727675,621.245192596376,0.191499229597875,-0.0183993066495072,614.40747574628,0.240160312885419,0.00298833113318953
72.36,-4.84806336914248,25.8629929118316,45.9173229807138,-21.5357314769135,-118.659703172748,-106.113406390487,-9.05840556102652,-91.4126988915729,-60.234851594287,-70.0679440382565,-302.559602721507,-279.191176779951,2.64513007574133,13.9989647204357,0.0382535847581415,-12.0074445839361,20.5569616569815,-2.84599016766701,3.3229204811818,16.4001554063838,-1.40593951948581,-18.7151622383997,14.7131874149381,-123.045358701434,3.23777963055538,18.0585976315821,-0.438109309449738,-9.19987685920841,17.478189970035,153.089170491074,4.5853842332226,13.2845813732077,1.08791643924683,-34.3372166940843,-20.1134268572117,132.948148692174,-8.35249642671721,16.3839640854722,-0.283834170148356,7.18357913085903,-39.1183432888168,-169.162522471403,7.0285960805807,16.8758893435004,-3.12227251149512,-23.421183132099,-84.4160312678446,-311.729308849918,696.301775739872,0.188047011273989,-0.0184663731405728,565.382572177038,0.24136398077904,0.00177031231705627
72.365,-4.74297817308663,21.0170392111896,41.8015016983805,-22.1444598343639,-121.745671490181,-109.059183886875,-9.54214826424328,-96.7485406434401,-67.4322986340859,-71.576348257751,-301.680843899176,-286.459338447099,2.72689808147325,14.1674183018258,0.24292773254845,-10.8913953264375,21.1782211441211,1.94899218598382,3.18822619627501,16.6009737096733,-1.34640341869647,-18.0708089820298,15.509521577747,-121.309524918363,3.32202520959436,17.6858070066306,-0.532656597484224,-6.74428991176171,18.9915066288878,148.829085305432,4.71193871468584,13.6212965041503,1.25518446230547,-33.3992475878837,-20.1040536133922,137.698970489298,-9.00178262705279,15.5392789868331,-0.410096328839695,8.4963916861323,-38.0213423578639,-162.406346722498,7.55156475406947,16.1086433350411,-3.15996742683254,-24.6936445858484,-86.0000066804841,-315.003789182095,775.074518449824,0.183806101126744,-0.018429276466513,513.884528687637,0.242710483615458,0.000680204806812412
72.37,-4.66226050936935,16.1435327434243,37.4915722035479,-22.768346472199,-124.77732756679,-111.966521515424,-10.0493467821694,-101.439703585037,-74.3905202639015,-73.0690690588788,-298.544160224981,-292.298234614685,2.79469225444794,14.3086209003078,0.440852026684857,-9.73305403214695,21.3008777413482,6.71121115208704,2.95586499085406,16.7446518861259,-1.27843275217008,-17.2179363715522,15.8731073294629,-119.524301022039,3.31576588845338,17.2737895742832,-0.604730765327009,-4.50889557205891,19.9648165046704,142.868894076864,4.84954385842179,13.936126179791,1.41286445691396,-32.2048091609294,-20.0220469699244,141.627282218748,-9.58427241737175,14.5636393974097,-0.528850133509817,9.75190016163283,-36.6196317057234,-154.166467097453,8.15542169076991,15.1674936045164,-3.12042307134868,-26.0874754912046,-86.7911489663662,-315.10540493296,858.450365167924,0.179037120082374,-0.0182471833126536,460.775332785136,0.244324384837135,-0.000218936279071436
72.375,-4.60575888333682,11.3003252065168,33.0130388753945,-23.4068412431789,-127.698954196088,-114.85807361794,-10.5764681559475,-105.424274755703,-81.0119502148958,-74.5343312437236,-293.052436969224,-296.497479360764,2.84583017171942,14.4229635926159,0.629071481394262,-8.54269663836518,20.9689173135433,11.3681341297089,2.62252700295326,16.8258792234774,-1.20421442018431,-16.1694093775181,15.8483891531844,-117.699786864714,3.22394605038172,16.8335791200775,-0.654735438822585,-2.54379149975752,20.4241316409237,135.356862031199,4.99744737508179,14.2228994813539,1.55862073915088,-30.7553886161585,-19.8463625201156,144.671467234448,-10.0826976322795,13.4755437433199,-0.639999301200376,10.9014848111773,-34.9142275496114,-144.42282842915,8.85856776297784,14.0646906091807,-3.00201491013196,-27.5849255719618,-86.7438483367006,-311.91297479203,945.468691810905,0.174095636235252,-0.0179220638508397,407.03901715881,0.246318297637476,-0.000860320571972828
72.38,-4.57300806351423,6.5501639645242,28.398335855884,-24.0590483536089,-130.441422086129,-117.740529291078,-11.1197211172935,-108.650592269312,-87.2045127648221,-75.9600294178336,-285.139634822261,-298.865295841976,2.87820503054062,14.5111802671337,0.804950643381243,-7.32913308023238,20.2364456061927,15.8428541962254,2.18733024600839,16.8397678606088,-1.12581384532543,-14.9419486917108,15.4891288938499,-115.838138864942,3.05255619663027,16.374537987562,-0.682908799527877,-0.88764515845421,20.4073976009109,126.470151277687,5.15393135217177,14.4758716575936,1.69021389578789,-29.0543130442481,-19.553996719547,146.783405626986,-10.4835644589179,12.2961529700917,-0.744038727474002,11.8958057753225,-32.9114290360184,-133.173372329814,9.67412582777861,12.8196285723763,-2.80799769142045,-29.1647589576128,-85.8373590583547,-305.359419823206,1033.03515759603,0.169323931936941,-0.0174959000097514,353.682571298252,0.248772354152295,-0.001175145574833
72.385,-4.56321054592774,1.9595035172942,23.6867529973954,-24.7236702684757,-132.924382973102,-120.604291588397,-11.67510970655,-111.077717851084,-92.8829096354432,-77.333887838993,-274.771684231354,-299.231961068848,2.890365603953,14.5742525080854,0.966235127593693,-6.09968477392607,19.1662464957786,20.0557251955444,1.65200287110988,16.7820191069299,-1.04498217026638,-13.5561980257049,14.856809813332,-113.93433325806,2.80860745624467,15.9041064255645,-0.688982400509004,0.432840512780784,19.9634103259725,116.410065395666,5.31625749542251,14.6899119498867,1.80560219741856,-27.1070559411929,-19.1215475763658,147.928607913884,-10.7777630952402,11.0482923966163,-0.84179627398021,12.6873516067616,-30.6232398045631,-120.434501670206,10.6080634398544,11.4582098451773,-2.54651071242549,-30.8020660590911,-84.0773490260336,-295.434896277374,1116.34171405507,0.164972741150589,-0.0170294034867462,301.646700357566,0.251706785079227,-0.00110454630609791
72.39,-4.57522489922467,-2.40287065938839,18.924131664988,-25.398964627602,-135.058871825371,-123.423687047407,-12.2384883136845,-112.67572142699,-97.9697585808378,-78.6436217260818,-261.946777417995,-297.452799699947,2.88157812007769,14.6133071960511,1.11109398160622,-4.86032414244519,17.8279882844728,23.9261636777423,1.02099140300136,16.6491232021203,-0.962997284479619,-12.036736097528,14.0186421148532,-111.97713560687,2.50009745980812,15.4277027672206,-0.671940413618583,1.40274122445405,19.1501786114412,105.396837332826,5.48067453683027,14.8606529320046,1.90304343211386,-24.9216989156655,-18.5269288976538,148.085963288497,-10.9608799773785,9.75528836697238,-0.934144458782256,13.2331202282413,-28.0675169965063,-106.24133968514,11.6577840696096,10.0116427494157,-2.23020394469882,-32.4679886387066,-81.4959301301487,-282.188916228304,1189.85328811047,0.161180081921111,-0.016592019763225,251.760327756226,0.255059418006272,-0.000600463405064033
72.395,-4.60756176711238,-6.46737357754772,14.1623274693619,-26.0827158540174,-136.750245283208,-126.157706090193,-12.8056172225997,-113.425781783148,-102.396568333425,-79.8770970928063,-246.695073345131,-293.410671862159,2.85186574863723,14.6295142017099,1.23814089901693,-3.61595722638525,16.2961295452299,27.3745772595272,0.301486155696843,16.438590162853,-0.88055629909439,-10.4119842589974,13.0452369509891,-109.95023881589,2.13596746322629,14.9487827136724,-0.629920691498866,2.01807002231793,18.032805871547,93.664119707638,5.6424917373536,14.9845932513417,1.98118883391566,-22.5095054502229,-17.7511193508149,147.247156128837,-11.0332233025724,8.43960802039858,-1.02171502506255,13.497263512986,-25.2678143092292,-90.6477517146295,12.811292485534,8.51467087160411,-1.87550265834317,-34.129449503989,-78.1501129010199,-265.731320265368,1248.56340969896,0.157987637421739,-0.0162468789091692,204.743817381518,0.258675277046702,0.000361886502592945
72.4,-4.65838811478852,-10.1652695352091,9.45844441575223,-26.7722227194508,-137.901373086419,-128.751258804853,-13.372217776097,-113.320110699236,-106.104538511986,-81.022486314923,-229.077844422887,-287.017913485793,2.80202191470567,14.6239916907752,1.34643375755012,-2.37081680481,14.6475994554547,30.324376138585,-0.496642015418471,16.1492045166389,-0.797733078865857,-8.71395834306703,12.0080487335983,-107.833525513266,1.72604972617522,14.4690534475334,-0.560282840836083,2.28440251014865,16.6809955192657,81.453338068476,5.79621782544073,15.0591498954638,2.03916108882111,-19.8855437350684,-16.7798262214011,145.415825545813,-10.9993763039313,7.12278012940179,-1.10464568628148,13.4535178489264,-22.2529215267701,-73.7260887148903,14.0478002484707,7.00455443501842,-1.5016091417161,-35.7490079076512,-74.1187775319319,-246.231963361334,1289.09066947489,0.155382222185899,-0.0160433657966337,161.241396574031,0.262334935114793,0.00178808488286464
72.405,-4.72554009270713,-13.430395583733,4.8738523767485,-27.4643026761731,-138.415991344578,-131.136914933839,-13.9340263299116,-112.36171076303,-109.045177119775,-82.0684168433947,-209.186105694536,-278.217701905541,2.73359450308788,14.5977260860084,1.43545344864338,-1.12892196594433,12.9593479630033,32.7040223761777,-1.36099643110765,15.7812912970117,-0.714008999182326,-6.97781881371565,10.9767139787842,-105.604406247546,1.28100166329937,13.9888256361594,-0.459848510722906,2.21513472694566,15.1663091587993,69.0080635227844,5.93576014415163,15.0826606426372,2.07660953159337,-17.0692816211083,-15.6049517264358,142.606556828427,-10.8676064927593,5.82557043407388,-1.18239314084614,13.0872491875658,-19.0561388813745,-55.5666081808905,15.3389815623538,5.52013509951084,-1.12929800173256,-37.2849676051018,-69.4984001266263,-223.91898592198,1310.33350678998,0.153331765305266,-0.0160106327537815,121.849370718827,0.265862506437837,0.00367114183050266
72.41,-4.806544659844,-16.2009134273896,0.473007005883143,-28.1553132832083,-138.202121407172,-133.237082076807,-14.4868462265429,-110.563979326361,-111.180732242653,-83.0041107306739,-187.138777456002,-266.984834052429,2.64883917635715,14.5515126499793,1.50506438004606,0.105448196226891,11.3058764370936,34.4490695535593,-2.27690054563418,15.336975191534,-0.62837860807985,-5.24118696456079,10.0164355891044,-103.239183305987,0.812219562806041,13.5074748178892,-0.325297573851207,1.82956545930746,13.5593254249927,56.5685516500786,6.0546745941331,15.0543416859907,2.09373743667462,-14.0850703986369,-14.2257656136031,138.843798806331,-10.6494628077933,4.56612050760781,-1.25363383561515,12.3969617398478,-15.7143552696146,-36.2765317575134,16.6496603265796,4.09906243941617,-0.779531344844839,-38.6918446278545,-64.3978972818695,-199.075571478989,1313.51402399659,0.151805653063369,-0.0161600751920803,87.1076530888103,0.269355431728695,0.00601450303509132
72.415,-4.89864986611072,-18.4210412533083,-3.67790201534569,-28.8411905627372,-137.175455905506,-134.966562633331,-15.0265970905366,-107.950172798535,-112.484438373811,-83.8195129329326,-163.08044045143,-253.32591897989,2.55064149932735,14.4859210206739,1.55546026911982,1.32732318106374,9.75686788624462,35.5041429865955,-3.22773212419455,14.8204103587815,-0.539524806095896,-3.54321583088252,9.18557139030584,-100.714391698385,0.331720364156996,13.0239747249097,-0.153683278222878,1.15099882113245,11.9268590283863,44.36658024681,6.14645346398992,14.974209084665,2.09129851728217,-10.9624363176718,-12.64970945549,134.160796477053,-10.3590610225365,3.35890826691037,-1.31626439904802,11.3951525182883,-12.2670202204701,-15.9787104235698,17.9395466148866,2.77561704411126,-0.472095667292982,-39.9212600119328,-58.9330354562458,-172.035142345511,1301.67887856746,0.150796088075776,-0.0164825609127162,57.4442635124603,0.273766274403053,0.00889650702815548
72.42,-4.99886344682376,-20.0427161426265,-7.51244237086937,-29.5175036339388,-135.262614240458,-136.235418292764,-15.5493608242212,-104.552746737002,-112.940581336192,-84.505406676999,-137.178748813411,-237.279000281734,2.44240930311758,14.4012879697622,1.58709981572159,2.53070760209466,8.3750360800467,35.8248075828567,-4.19536488042836,14.2379992065411,-0.446051015955401,-1.92343056504218,8.53358263505531,-98.0080741703207,-0.148042384544158,12.5375050338936,0.0569960962530945,0.205045011772883,10.329403265567,32.6207000361027,6.20483565360132,14.8429753280835,2.07056211370213,-7.73610952649588,-10.8927831793741,128.598613997079,-10.012117605775,2.21543079141765,-1.36750693874636,10.1084359284365,-8.75510759912985,5.190112555825,19.1660949938889,1.5801179177604,-0.224397164517736,-40.9232673705195,-53.220881193025,-143.175013109855,1278.86436227514,0.150305686517936,-0.0169469376743479,33.0861469293159,0.282787748727978,0.0126431241226115
72.425,-5.10399913834815,-21.0271383048965,-10.9655328212656,-30.1795245005766,-132.404173327664,-136.952061288526,-16.0514237645963,-100.412588075117,-112.544388962169,-85.0535145263641,-109.621569873113,-218.912636763678,2.32793864571858,14.2977373287276,1.60063749861477,3.70839514235562,7.21430434835854,35.3792667909401,-5.16067073308463,13.5985017995244,-0.346751266354642,-0.420381204126531,8.09948091764849,-95.1009556910785,-0.614414290364779,12.0480130291841,0.307220805249442,-0.981740228952668,8.81895344379435,21.5319911140527,6.22412224410773,14.6619336778687,2.03324884450295,-4.44573852540687,-8.97949067679931,122.205300793691,-9.62512890250446,1.14472372506101,-1.40410566771561,8.57690952677863,-5.22016331658224,27.0814251401963,20.2871805250184,0.538405414108351,-0.0504382017024506,-41.6480669673173,-47.3747395424717,-112.908603749223,1249.18414285334,0.150344404183363,-0.0175081197151981,13.9722217577104,0.312730548050232,0.0187699898023457
72.43,-5.21072989012204,-21.3461503547378,-13.9750976225035,-30.8223114283439,-128.557385553211,-137.026484458917,-16.5293145461474,-95.5781563100288,-111.301757464522,-85.4565841355508,-80.6139218371873,-198.324481174697,2.21125869844839,14.1752246500448,1.59685505619993,4.8519680033737,6.31840757729757,34.1498325609191,-6.10395633623213,12.9128276818916,-0.240893826017536,0.929822646004357,7.91088079782718,-91.9774938174509,-1.05476111444237,11.5564862043575,0.595401608668149,-2.38278879700437,7.43735182172784,11.2803948649389,6.1994798919476,14.4328430049177,1.98144054859043,-1.13526264933387,-6.94234687409812,115.035225679043,-9.21467152311622,0.15379172361322,-1.4225968835223,6.85277981478307,-1.70351085431518,49.5374113888178,21.2635049209735,-0.328529086152411,0.0399593179522176,-42.048007100521,-41.4999455356636,-81.6764011217762,1216.11321491101,0.150908654026409,-0.0181187134344327,0,0,0
72.435,-5.31564693074751,-20.9834081251116,-16.4837369027001,-31.4408039501402,-123.698504359379,-136.373537594296,-16.9798372989453,-90.1045505596644,-109.228825757576,-85.7084580365859,-50.3747802070624,-175.639406610122,2.09646273973825,14.0336019701657,1.5765991822187,5.9520035877445,5.71998590862855,32.1341039050586,-7.00550137435904,12.1938253554896,-0.128490025703143,2.09500444004115,7.98372228266294,-88.6267932702906,-1.45682296739802,11.0652428973831,0.917489243453983,-3.97199679150695,6.21526578544663,2.02166771295013,6.12721510420983,14.1578246414806,1.91747006225805,2.14805673806806,-4.82097197108518,107.148573778282,-8.7968000223705,-0.751886810285358,-1.41962672461974,4.99831196357669,1.75433991477124,72.3936827915139,22.060676129001,-1.00461540861197,0.04164067263935,-42.0797377397023,-35.6907502415399,-49.9359398726462,1182.0974355949,0.151962234687421,-0.0187298542362742,0,0,0
72.44,-5.41532345070585,-19.9353039916879,-18.4403663581418,-32.0299271923344,-117.82464843895,-134.916155705948,-17.4000998947841,-84.0525191678463,-106.351411845628,-85.8041271462128,-19.1338219254025,-151.007238159872,1.98753397387405,13.872696244423,1.54073058136928,6.99848999722042,5.44020756062721,29.3457919136309,-7.84628986335997,11.4562164296602,-0.0105185252335213,3.04833723699092,8.32267557061554,-85.0433842402567,-1.80927077601487,10.5783821195309,1.26682781571773,-5.72377445099063,5.17187020983552,-6.11501917363569,6.00500401651715,13.8392805175271,1.84379769969321,5.35491631254493,-2.66081875024175,98.610972520976,-8.38654503397143,-1.5678533768418,-1.39228556401338,3.08320691287314,5.11406909959831,95.4821744961745,22.6508170207915,-1.47854660090572,-0.0456947201970294,-41.7063640634166,-30.0283977593444,-18.1511419668072,1148.51967141089,0.153428656289452,-0.0193061988800824,0,0,0
72.445,-5.50638149706476,-18.2116092717975,-19.8017790520391,-32.5847029312561,-110.955147784438,-132.588445739206,-17.787537034974,-77.487428038041,-102.704326787997,-85.7397680096787,12.8718273068248,-124.600153364954,1.888175906527,13.6923938261989,1.4900887762508,7.98142951566,5.48892333239157,25.8151333894483,-8.60863625156267,10.7162015959918,0.110923625121766,3.76957896726645,8.92218479856158,-81.2278725490564,-2.10224868723374,10.1018680833408,1.63419770892521,-7.61275081553136,4.31525408773657,-13.0288297777386,5.83206472171004,13.4798388311854,1.76288221855483,8.43550424136434,-0.511595460318947,89.493189487669,-7.99750386182709,-2.29022651214978,-1.33842629738762,1.18154152585558,8.33773154482619,118.634084895854,23.0136145925374,-1.74346779442069,-0.217593790478555,-40.8994483919216,-24.5803441592245,13.2185992263163,1115.9094870706,0.155197040269039,-0.0198245670977215,0,0,0
72.45,-5.58556054168998,-15.835808925013,-20.5340828574869,-33.1003645733406,-103.132328416697,-129.338541798927,-18.1399280512913,-70.478203263337,-98.3305826945448,-85.5127640993659,45.400782062487,-96.6098190093185,1.80165731787912,13.4927229002986,1.42547592348135,8.89158665942786,5.86531950351522,21.5888448197509,-9.27668730562774,9.99079441704012,0.232567874626387,4.24603102241759,9.76805345762676,-77.18747427907,-2.32788421654446,9.64327664086992,2.00806906451379,-9.61325170391656,3.64351420714042,-18.6483741167242,5.60926233242582,13.0823300487875,1.67705453845822,11.3412053064498,1.57454035703274,79.8708295814387,-7.64151064318371,-2.91537352721858,-1.25693544017288,-0.631568624175714,11.3888036654382,141.682726636311,23.1367776684739,-1.79658716637203,-0.465208166618806,-39.6407245382786,-19.4004446865673,43.7291834661218,1084.26271770669,0.157134106553618,-0.0202761088270611,0,0,0
72.455,-5.64978608934995,-12.8451095320057,-20.6139691754791,-33.5724731095356,-94.4217072390947,-125.131145006357,-18.4554093671561,-63.0962631730034,-93.2805117434036,-85.1217117584672,78.210468179799,-67.2443337277509,1.73068135462101,13.2739261064748,1.3476613815944,9.72131703007325,6.55900201892794,16.7295838523403,-9.83689783379153,9.29712369646152,0.350036384509211,4.4731452046779,10.8394273827063,-72.9364468866783,-2.48081094770592,9.2114356288077,2.37509772875379,-11.6986886181018,3.1464403256575,-22.9322027889943,5.3391406248706,12.6497924837638,1.58840250014679,14.0263783336701,3.54493259180107,69.8239538657483,-7.32837424245219,-3.43972989320502,-1.14793061094945,-2.28340918004416,14.2321681435973,164.466158145714,23.0159226979158,-1.63877425872417,-0.775869031524711,-37.9234137569448,-14.5298480121417,72.9620159478968,1053.36373549202,0.159111803650325,-0.0206578175311174,0,0,0
72.46,-5.69623664058589,-9.29011024719638,-20.0297719544306,-33.9970310281688,-84.9115837267097,-119.94967244476,-18.7324816406877,-55.4144547063664,-87.6108134120855,-84.5664116170833,111.06002827688,-36.7250459337815,1.67728687999513,13.0365166619159,1.257406910563,10.4653975776916,7.55141602819637,11.3149066077327,-10.2784153889457,8.65167801885411,0.458027578916521,4.4547326296808,12.110996982865,-68.49642301343,-2.55862050153408,8.81591052306257,2.72081897054638,-13.8409957197883,2.80764347887848,-25.8687145269327,5.02587811206315,12.185503375871,1.49867445005339,16.4500967113482,5.34843190414774,59.4365482803187,-7.06567737299793,-3.85977923983171,-1.01286512853351,-3.70702889101052,16.8341228545173,186.82947780181,22.6539501040494,-1.27419559783357,-1.1338305516233,-35.753061060868,-9.99829568091885,100.53329754088,1023.02611725941,0.16102219042617,-0.0209704537634883,0,0,0
72.465,-5.72240731981138,-5.23413584508782,-18.7822806933535,-34.3705911822877,-74.7120308236339,-113.797950007909,-18.9700116861079,-47.5060090839604,-81.3835470632287,-83.8478465080445,143.713021807492,-5.28331480368277,1.64278804128601,12.7813129782449,1.15551026685426,11.1217701968978,8.81748362958266,5.4357348919698,-10.593346157115,8.06953469290146,0.550621628013393,4.20276111145253,13.5552226319111,-63.8966430374236,-2.56218167741363,8.46636472275086,3.03048663064692,-16.0102336563517,2.60693844905684,-27.4755086650211,4.67517051772315,11.6930285445422,1.40920835177419,18.5777416601341,6.93736406923314,48.7957867526739,-6.85863764192905,-4.17218682898874,-0.854529359155003,-4.84434568748722,19.1624979685509,208.626686914027,22.0600060145929,-0.710019557678723,-1.52113167763496,-33.1478406500342,-5.82553299609007,126.102074947325,993.235467915659,0.16279238685985,-0.0212155551723123,0,0,0
72.47,-5.72616852325959,-0.752240689642721,-16.8852769493392,-34.6903576975629,-63.9533030551134,-106.70139603453,-19.1672293455037,-39.4435318791881,-74.6650868213058,-82.9681470718264,175.939887243786,26.842721313065,1.62775520065526,12.509448864951,1.04286277155365,11.6921104506783,10.3273309909185,-0.805624415793005,-10.7768876738406,7.56363110261397,0.621690217532094,3.73676054875003,15.1443880423097,-59.174069594128,-2.49577404610863,8.17184870238732,3.28999422546076,-18.174446860848,2.52276864679811,-27.7982139099863,4.29404564017937,11.1762815299464,1.3208914607718,20.3823457030252,8.26937195082303,37.991058084293,-6.71003761165441,-4.37406100727988,-0.676948238991027,-5.64883124448453,21.1869499952599,229.722060533283,21.2481458849397,0.043796067060117,-1.91852692576977,-30.1383073984225,-2.02258852507154,149.376799868851,964.180796480744,0.164377492803883,-0.0213894130164256,0,0,0
72.475,-5.70581803335344,4.07009798123316,-14.3657707693838,-34.9542761732179,-52.7836951310431,-98.7076560585143,-19.3237195588543,-31.2980426701515,-67.5250553967721,-81.9305463651231,207.520141340843,59.4113094082284,1.63203717613136,12.2223586762331,0.920514443231345,12.1821424015514,12.0479749747253,-7.29783766019849,-10.8273236164384,7.14413635935911,0.665383178982903,3.08288470192743,16.8523060847144,-54.3733542531576,-2.36699666062787,7.94008184293205,3.48680818853667,-20.2998209111832,2.53446024298968,-26.9088226223261,3.89062029048238,10.6395818228115,1.23415343966112,21.8455998944558,9.30904802120328,27.112756412062,-6.62023716637318,-4.46332282272563,-0.485184066392963,-6.08762948707183,22.8794755764459,249.991003385693,20.2358202336447,0.974618183657833,-2.3064393766262,-26.7665976054642,1.40723877112656,170.120222633322,936.179366191015,0.165761088959692,-0.0214925466859954,0,0,0
72.48,-5.66012518314509,9.13857004165301,-11.2639212524342,-35.161110667002,-41.3668987567274,-89.8866634722029,-19.4394099552684,-23.1380792827779,-60.0352532111011,-80.7393248778312,238.244297457908,92.1801254066978,1.65482145610531,11.9217389523085,0.789738818075545,12.6016387494135,13.9448491501009,-13.9231858863641,-10.745886393838,6.81797440778429,0.676654573989452,2.27269918829789,18.6555379345672,-49.5466160077013,-2.18643291965112,7.77679359758133,3.61084386433234,-22.3511452399232,2.62411304991946,-24.9035576785534,3.47381215070986,10.0877014324942,1.14899331623948,22.958461510405,10.0292847743876,16.2508672593859,-6.58739682125451,-4.43984896441003,-0.285061017304721,-6.14299434109201,24.2151545963338,269.320408016119,19.0420213587106,2.0665079540539,-2.66589198659555,-23.0851076863911,4.46774890723907,188.152525663567,909.578152673818,0.166941491699178,-0.0215299052184479,0,0,0
72.485,-5.58836583264133,14.3518701007646,-7.63263389595462,-35.3105052598217,-29.8789185639778,-80.3301160116482,-19.514554360702,-15.028881086724,-52.2685988663141,-79.3997474200639,267.915491553716,124.909149578996,1.69472601526576,11.6094900319053,0.65208890925558,12.9640713945486,15.9830688501397,-20.5603771428386,-10.5365034352037,6.58853692403183,0.651783894504668,1.34177763068827,20.5340359145604,-44.7529858531598,-1.96707759755476,7.68518600052157,3.65522125086376,-24.2925500951627,2.77797613260028,-21.9002985765317,3.05302181567085,9.52588969353034,1.06503812955698,23.7213271694737,10.4122847808187,5.49341111579688,-6.60789542538679,-4.30650735205687,-0.0828372612490148,-5.81296963208862,25.173096205505,287.608569445695,17.6854703867467,3.29965548459987,-2.97938350128552,-19.1547055102227,7.16953577617887,203.352680567386,884.649186516634,0.167919317305791,-0.0215142712520828,0,0,0
72.49,-5.49034713335145,19.6037398579945,-3.53683623334457,-35.4030283584733,-18.5046197303362,-70.150373337619,-19.549712684666,-7.03166479280597,-44.2980966674984,-77.9179933651098,296.350810991083,157.363333623982,1.74991391616894,11.2876426508787,0.509436024793471,13.285908840217,18.1283630255224,-27.0874082992173,-10.2054518424332,6.45560699900074,0.58884511706351,0.328190450773099,22.4711779172756,-40.0578735574876,-1.72355843568712,7.66556780803845,3.61684829709052,-26.0884596743254,2.98721158199409,-18.0355961789622,2.63780171731981,8.95986780904678,0.981628684915725,24.1437673277323,10.4501899950235,-5.07516972110086,-6.67642991724998,-4.06755540088797,0.115143920976615,-5.11127762019319,25.7375275738352,304.764741530526,16.18402978046,4.65219822236589,-3.23166719839572,-15.0425560201032,9.52989854234702,215.658085152457,861.53570734784,0.168692891046769,-0.0214690637220274,0,0,0
72.495,-5.36642130292514,24.7851660852133,0.947557750013355,-35.4401983067565,-7.43398965662136,-59.4787962091793,-19.5457277079037,0.796995352447874,-36.1958464994956,-76.3010817259742,323.382327826488,189.315026664045,1.81822034465092,10.9582756519176,0.363984336318346,13.5855904163144,20.3476345094125,-33.3843563376035,-9.7609524932249,6.41549502589164,0.488077940541083,-0.729034791762954,24.4532210044788,-35.5319228006699,-1.47120891691121,7.71519335857448,3.49679292521228,-27.704687834149,3.2480136765491,-13.4613122471548,2.23752887273662,8.39578702145612,0.897925718997396,24.2438489817822,10.1453103332009,-15.375580683765,-6.78602918757669,-3.72744122728853,0.30279694817751,-4.06642957552262,25.8989381175855,320.708441700561,14.5543707310774,6.10156075106694,-3.41039701097218,-10.8196690830732,11.5728107516827,225.06259986359,840.231947595572,0.169250518153119,-0.0214180104279214,0,0,0
72.5,-5.21748790195304,29.7866801944472,5.73497509715036,-35.4244893254515,3.14179626100072,-48.463562437584,-19.5036993420653,8.40567316768156,-28.0321108133848,-74.5567925025458,348.857844685999,220.54613490031,1.8972813144179,10.6234316127379,0.218256033779887,13.8822396179438,22.6091468011848,-39.3359906207949,-9.21273812536685,6.46136906089675,0.352121623891686,-1.79141371231008,26.4682577258659,-31.2496389277891,-1.22506758094841,7.82831900750362,3.3004190633568,-29.1095981579381,3.56111542811353,-8.34093088744062,1.86109736832519,7.84014727614642,0.813028127820053,24.0471013319885,9.50995317599373,-25.3350968658602,-6.92861323792747,-3.29233913966745,0.474601558070587,-2.72011865419331,25.655175020549,335.368620865406,12.8108210615361,7.62319170049679,-3.50663845628128,-6.55829998491927,13.3287728524058,231.613154591535,820.587748082078,0.169579931820895,-0.0213885196194523,0,0,0
72.505,-5.04498439206195,34.500701978249,10.731775506238,-35.3593172780821,13.0344094738864,-37.2670085880167,-19.4249569685633,15.7484747004326,-19.8744527212121,-72.6935856649591,372.641367517679,250.849997163467,1.98465402627288,10.2850374642972,0.075044444488552,14.1942064626129,24.8823712223741,-44.8341181248982,-8.57163010154295,6.58374571777001,0.186081879311583,-2.82241160976218,28.504805511675,-27.287698016955,-0.998889897779867,7.99646957825099,3.03727547694524,-30.2752538304894,3.93077313647073,-2.84560358244517,1.51664432150473,7.29967657799856,0.72609391024906,23.5852014840846,8.56587673824595,-34.8887411497331,-7.09549687674279,-2.77061214606994,0.625854911868086,-1.12499836049424,25.0123810038661,348.682813348332,10.9649287992638,9.19025230327142,-3.51522193666539,-2.32934765085416,14.834392211608,235.405135151075,802.327715011893,0.169667484294313,-0.0214021297067122,0,0,0
72.51,-4.85086504914022,38.8238685842706,15.8380716041801,-35.2490052488226,22.0624058518695,-26.0625589022791,-19.3110304847436,22.7852967638889,-11.7869581588813,-70.7205190389762,394.613325195831,280.032965963365,2.07792062978315,9.94483701858801,-0.0626645667571288,14.537548798212,27.1375600937825,-49.7796004758813,-7.84915548549808,6.77109633244112,-0.00258570830343137,-3.78871413911895,30.5501930094977,-23.7229740831434,-0.804259856421243,8.20888934586904,2.72073837929724,-31.1784910920939,4.36336604599142,2.84999384189733,1.21132002426605,6.78117469119692,0.636454271395271,22.8944720505973,7.34340951867688,-43.9801405992028,-7.27752549737867,-2.17207141178748,0.752855374022891,0.658014562512679,23.9856727382234,360.596368535173,9.02599441659958,10.7743675187619,-3.43492139732411,1.80010082427941,16.1315810948801,236.576783540003,785.091618827501,0.16951044510361,-0.0214722809635832,0,0,0
72.515,-4.63756859804361,42.6592902193614,20.9497355539628,-35.0987294077696,30.0551682106178,-15.031313806806,-19.1636206892326,29.481959102228,-3.82955369843572,-68.6471662346615,414.670560863305,307.915690789948,2.17476961915824,9.60434175349056,-0.191799534986405,14.9245729678841,29.3451367102608,-54.0840113915964,-7.057230087255,7.01051774747238,-0.204377525792367,-4.66132924376714,32.5889248558859,-20.6303495856249,-0.649879891454547,8.45313863514722,2.3674196761691,-31.8018593981651,4.8657782342556,8.57189721697658,0.951109403491773,6.29132812139343,0.543711951695135,22.0142887248194,5.88029378499905,-52.5620097659491,-7.46532704715257,-1.5075832144709,0.853008964894459,2.56274886066293,22.5994766930799,371.061843555859,7.00167548313544,12.3460857842438,-3.26845428750765,5.76894013933462,17.2663273983775,235.302857806485,768.490549015012,0.16911138104999,-0.0216087505337166,0,0,0
72.52,-4.40797521602513,45.9186764037371,25.9605440499804,-34.9144461141072,36.8566587325128,-4.35837934447972,-18.9845696235894,35.8102131286627,3.94257016870285,-66.4835356145831,432.726124016084,334.334107247633,2.27305194740929,9.26480519986151,-0.309332397290667,15.3625542418466,31.4750093205759,-57.670932008283,-6.20792483054245,7.28841764900403,-0.408215716603699,-5.41649217505972,34.6012071530638,-18.0803993492047,-0.541100628527694,8.71578917563691,1.99636277740875,-32.1343790768148,5.44374131227864,14.151073417193,0.740708185413162,5.83650614499917,0.447816224320461,20.9854935228254,4.22032210919086,-60.5962413566226,-7.64968391830723,-0.788588359360922,0.924860067080311,4.5209223786977,20.8874659542968,380.038607731386,4.89867607006706,13.8755018590031,-3.0223000008423,9.52381396964184,18.2870632079301,231.787797280502,752.171431021586,0.168481191029765,-0.0218102626958636,0,0,0
72.525,-4.16535381310817,48.5242805832986,30.7644095149689,-34.7028016575422,42.3288913129176,5.77097432112527,-18.7758314542988,41.7476338580382,11.4794226098251,-64.239991137529,448.708895409939,359.140142006625,2.37081181005584,8.92722482240387,-0.412420846561583,15.8527471089092,33.4959228436084,-60.476906049671,-5.3133229245337,7.59117001072566,-0.602066370813641,-6.03634615601804,36.5618005053385,-16.1370562675921,-0.479728266669916,8.98316882589312,1.62805794508289,-32.1720720300733,6.10030941135372,19.4275035452376,0.58345359255431,5.42254974064981,0.349108983092111,19.8488993687955,2.41184169595399,-68.0536181324106,-7.82158264684324,-0.0266562381391076,0.968053957387814,6.46524391121732,18.8920731983732,387.492678199358,2.72382969587857,15.3328734166605,-2.70636278310562,13.0203942072666,19.2427208853863,226.258629126488,735.8776309411,0.167632414612568,-0.0220721538343138,0,0,0
72.53,-3.91330073178188,50.410616265304,35.2576426195397,-34.4710264521235,46.3550410837849,15.175232709239,-18.5394444290492,47.2774050499755,18.7365577462598,-61.9271757443321,462.563078639809,382.202149409098,2.46629461708613,8.59237336719591,-0.498553557738511,16.3897759827633,35.3749583348693,-62.4520941931828,-4.38546480071846,7.90570523185709,-0.773662376092767,-6.50936972210818,38.4393379154769,-14.8553763018577,-0.464120031557945,9.24210816325111,1.28331975135208,-31.9182233876723,6.83461427745643,24.2540066009647,0.481306355564695,5.05456642434743,0.248338723717069,18.6439557670943,0.506201568157842,-74.9131913613652,-7.96768497675784,0.774709984955035,0.983246571679709,8.33230884279407,16.6635879558369,393.396775624018,0.490831626531378,16.6963542871426,-2.33348214150911,16.2241255776662,20.1806159636294,218.957835157692,719.501318552173,0.166573166448376,-0.0223852680357179,0,0,0
72.535,-3.65567121022689,51.525904311045,39.3411901869118,-34.2268158647751,48.8421174697312,23.6805404765592,-18.2775043764786,52.3880105141629,25.6752993490129,-59.5559377800851,474.247592849829,403.405100746571,2.5579366868761,8.26085929319299,-0.565686899866295,16.9614699560114,37.0772767727794,-63.5606758176999,-3.4363676358849,8.22001005721742,-0.911281851652365,-6.83052068296785,40.1962043287388,-14.2795191052323,-0.489550196310192,9.4806461919344,0.982080499383972,-31.3833340483995,7.64101168844119,28.4996839471618,0.43487850555438,4.73674406410499,0.146641780605758,17.4076256934103,-1.44378694323557,-81.1613974276932,-8.06176786826313,1.63068050856666,0.971995124279691,10.0651465159097,14.2588771972294,397.730562402479,-1.76950626067797,17.962255162768,-1.91880486884536,19.1104293412196,21.1443247379947,210.136376238821,703.122964517188,0.165306064198387,-0.0227376248332911,0,0,0
72.54,-3.39650511869992,51.8332183052933,42.9227931339361,-33.9782001755215,49.7231378506205,31.1244942806205,-17.9921401421542,57.0728468647785,32.2628456455323,-57.1372607779407,483.735400427948,422.65055160145,2.64434249595989,7.93321320984313,-0.612361825457301,17.5491732276215,38.566181813894,-63.7810464542908,-2.4780976012185,8.52352250052211,-1.0045272648228,-7.00106899289854,41.7890270691719,-14.4410492608712,-0.548803820941407,9.68865841467838,0.742164792445418,-30.5847286782265,8.50868556901652,32.0528760961758,0.443499907716791,4.47219572421764,0.0454926973457209,16.1735029320144,-3.38531459347869,-86.7910028487432,-8.08018806966946,2.54291263125074,0.93662254307877,11.6153072113605,11.739794469664,400.481005807137,-4.02904643034743,19.1167275820817,-1.4790825465843,21.6643978969505,22.1717300427285,200.047047812333,687.02598366412,0.163822929211715,-0.023111463947961,0,0,0
72.545,-3.13994860516299,51.3113027074326,45.9190112758823,-33.7334064208247,48.9587509393919,37.3597336171941,-17.6854912691874,61.3297745933988,38.4722580460854,-54.6821967696878,491.012801651022,439.856416106634,2.72425585460253,7.60999438927043,-0.637790737754334,18.1285282533919,39.803547614098,-63.1058518736665,-1.52286676477484,8.80741538464485,-1.04504843995633,-7.02809918408732,43.1697761157827,-15.3576430899968,-0.632935360575659,9.85837643802127,0.578120421450108,-29.5457939581782,9.42172838664825,34.8235414752047,0.505315785209759,4.26284555511959,-0.0533721119385374,14.9711790947473,-5.26691314202798,-91.7999774084008,-8.02244584565745,3.47530188802374,0.880048797234518,12.9444111499175,9.17136249550675,401.642796662122,-6.28372375151748,20.1140626348054,-1.0318427593204,23.8800446872194,23.293392868379,188.938316004497,671.67391750379,0.162114628120419,-0.0234909131887351,0,0,0
72.55,-2.8901733724482,49.9550465430048,48.2570654631664,-33.5007150605585,46.5382720532869,42.2572432755925,-17.3596881436345,65.1606251106517,44.2823406180582,-52.2018031427791,496.078725382188,454.956579427063,2.79653120471629,7.29190867266752,-0.641906212309918,18.6706940771083,40.750624918664,-61.5418870302572,-0.5831236191582,9.06476808227997,-1.02715492221726,-6.92367891546057,44.2874243604979,-17.0322598048823,-0.732116655488097,9.98477346456347,0.500187400266334,-28.2948398625734,10.3596708989146,36.7449904797447,0.61740747608586,4.10936290661782,-0.148051350686184,13.8258522585302,-7.03963138990864,-96.190394867733,-7.89366379164403,4.39263379508135,0.805606381965804,14.0251181091793,6.61982639624054,401.218751080811,-8.52958143968539,20.9121689229703,-0.594506332676458,25.7591987937457,24.5313745007176,177.048760512783,657.639019282237,0.160173491115511,-0.0238536603884834,0,0,0
72.555,-2.65129535459043,47.7756035714601,49.8764524496581,-33.2883145294242,42.4801062267878,45.7092882258878,-17.0168347362891,68.5706814689471,49.6774199281862,-49.7070829368213,498.944041190605,467.900381144171,2.86011048111153,6.97992677696464,-0.625366330660514,19.1439301457293,41.3692039605257,-59.1098728470943,0.328393072346457,9.29062965236618,-0.948269548384673,-6.70371357125452,45.0900745111046,-19.4528066006939,-0.836494591553553,10.0657945319625,0.51348812302196,-26.8636031726457,11.2983956447362,37.7749353678171,0.775929212055179,4.01114847471971,-0.2365889917857,12.7581557444267,-8.65802416395307,-99.9674512655136,-7.69212517389473,5.27705489537488,0.716837373018063,14.8415115360764,4.15067936877646,399.220128201665,-10.7492547523936,21.4883995690185,-0.18362255259724,27.3101500269464,25.8985895766193,164.602228417681,645.493793789277,0.158011232599689,-0.0241817423893194,0,0,0
72.56,-2.42729456405557,44.8001581070135,50.7302939110359,-33.1041567832843,36.8315492280098,47.6319107866554,-16.6589939861993,71.5681500180285,54.6470373027729,-47.2089283677086,499.630913823,478.65200250574,2.9140098036933,6.67539048669573,-0.589514847654599,19.5154484365941,41.623078959462,-55.8441089804004,1.19866307980008,9.48197850931103,-0.809185355695326,-6.38653590876883,45.5274242343867,-22.592298369393,-0.936982876577784,10.1024148893165,0.617515341561681,-25.285446026722,12.2113400950464,37.8958451948498,0.976254602381603,3.96637270109771,-0.317089239533139,11.7841765789765,-10.0809425807386,-103.138673560798,-7.4168088557611,6.11426091106511,0.617329403318206,15.3889233806083,1.82676012677648,395.666809620966,-12.9218369980036,21.8274073731631,0.185831400022787,28.5461579761312,27.3987211030667,151.803782074023,635.6911590416,0.155671566238755,-0.0244580607346281,0,0,0
72.565,-2.22193784428222,41.0713439547066,50.7863879259945,-32.9558169298827,29.6679706803516,47.9669305538722,-16.2881757886345,74.1636395130136,59.185567526884,-44.7180672861511,498.17221631195,487.189789713555,2.95731885112527,6.38009381286975,-0.536298176312288,19.7534158558018,41.4797288358433,-51.7919887863532,2.01447474514205,9.63758507927038,-0.614101575269868,-5.99131112262052,45.5534165690515,-26.4094869524422,-1.02592385992356,10.0985155083759,0.805979861831658,-23.5933398183716,13.0708789550788,37.1146228484717,1.21312753918614,3.97206313837435,-0.387827699560957,10.9156285613323,-11.27212501853,-105.713368340344,-7.06901447608154,6.89136716634086,0.510582995130804,15.6732537757462,-0.293487512085968,390.587304523558,-15.025428286217,21.9194719564247,0.501088767107608,29.4839378327054,29.0266798716407,138.836503927043,628.465590322971,0.153234056030866,-0.0246706266241699,0,0,0
72.57,-2.03870618360596,36.6463321352866,50.0279387983194,-32.8503599432739,21.0913973217778,46.6833995031895,-15.9063274720013,76.3696633267122,63.2917794655644,-42.2450122198277,494.611013265125,493.50554363625,2.9892142667105,6.09632714511702,-0.468144911300467,19.828976114277,40.9121045999281,-47.0133555161317,2.76260541147431,9.75778566634671,-0.370430521506965,-5.53636687817973,45.128909559785,-30.8499143185818,-1.09757326782236,10.0605724379926,1.06705661280987,-21.8177612965276,13.8497709616594,35.4616463258589,1.4808132313758,4.02423436177276,-0.447350565463135,10.1601440373742,-12.200597569325,-107.702333959315,-6.66400341382421,7.58704499544206,0.399870683422897,15.7098620992124,-2.15751690198853,384.018566071343,-17.0496017920076,21.7506275421991,0.752034512335181,30.1422276816642,30.769547630046,125.859200985616,623.780053028964,0.150805937857647,-0.0248117054475649,0,0,0
72.575,-1.88072812862666,31.5956109957991,48.4539491409341,-32.7942173050042,11.2285276539179,43.7784775893687,-15.5153265749766,78.2001794047931,66.9683550384597,-39.8000116147305,489.000121018488,497.603803673779,3.00898698727307,5.82687479361274,-0.387816977449712,19.7181566301989,39.9003978290802,-41.5796771135537,3.43009118782353,9.84417875571193,-0.0883844953283445,-5.03757999115978,44.2241973658571,-35.8473298359603,-1.14838078442689,9.9971671384778,1.38403748449742,-19.984657520896,14.5225623344364,32.9892370747332,1.77324590008004,4.11805149653466,-0.494554706821595,9.52165054571357,-12.840900279223,-109.117832388389,-6.2561421525806,8.15582375039723,0.288084827319424,15.5221221759499,-3.71988546820914,376.005626900304,-19.0199390302161,21.2847846602838,0.931287867069411,30.5405276001138,32.6079093962578,113.005031405983,621.324695454211,0.148513211722836,-0.0248826460118092,0,0,0
72.58,-1.75072068043395,26.0014896385639,46.0792664769672,-32.793076196943,0.228221612229825,39.2777077268992,-15.1169756682788,79.670181339641,70.2213834383997,-37.3930028814212,481.401746662311,499.50115010659,3.01608203798302,5.57496000859189,-0.298244117733738,19.4035317945461,38.4336582122633,-35.5730207078261,4.00457527967223,9.89925948788984,0.219631088161731,-4.50696204154982,42.8212237571378,-41.325403929798,-1.17706011381968,9.9183379859223,1.73636477344906,-18.113653695316,15.0668542960458,29.7696333380136,2.08417029068534,4.24801673871823,-0.528743212883313,9.00080240076386,-13.1731613170135,-109.973791693929,-5.88395347781884,8.58089351945792,0.177792183167545,15.1397439692203,-4.94313082275854,366.601082089896,-20.9437913114926,20.5149217829357,1.03451846514144,30.6980818128468,34.5174576374525,100.38105504825,620.567268829035,0.146475433070701,-0.0248917192593749,0,0,0
72.585,-1.65093887081827,19.9563619231542,42.9342850446212,-32.8517835959952,-11.7414798104527,33.2346829124066,-14.7129989076158,80.7953521326641,73.0598474857389,-35.03356686616,471.887203052667,499.225545288439,3.01014813692006,5.34413627653914,-0.202354981809747,18.8755288565917,36.5111321452707,-29.0848159531516,4.47471597738673,9.92601370969829,0.539776785489593,-3.95158207327483,40.9153463366522,-47.1996680012517,-1.18446127219923,9.83480789314815,2.10098382857893,-16.2166783291539,15.4643625247064,25.8925554207463,2.40727462555094,4.40816751348528,-0.549653052435603,8.59544202486724,-13.1830454527757,-110.28618868758,-5.50691318400447,8.90984360725936,0.0712627779095722,14.5969668741018,-5.79830405573101,355.864464472818,-22.7539925520527,19.5050513414416,1.06111583133705,30.6331529159474,36.4707405289731,88.0686889205524,620.841461867764,0.144793718432483,-0.0248535340905072,0,0,0
72.59,-1.58313500419646,13.5607733243359,39.0643118119671,-32.9742672959516,-24.4967399912151,25.7301121188465,-14.3050399588733,81.5917897483356,75.4951185702386,-32.7308834055252,460.536692126058,496.81572962747,2.99109342031415,5.13812895730724,-0.102918287912839,18.1332857889167,34.143208862467,-22.2144071620892,4.83062954172105,9.9274989637892,0.857636662940994,-3.37294424664745,38.5165342846588,-53.3796120535806,-1.17327364457172,9.7571377687352,2.45392155501023,-14.2971612652267,15.7017186570083,21.4624526885682,2.73631303815581,4.59227519705789,-0.557453830088352,8.30107066583146,-12.8616059039079,-110.073545627247,-5.07996752257079,9.18208251950168,-0.0294737574386659,13.9307258465233,-6.26517122571594,343.861567937391,-24.3847424764366,18.3188541935525,1.01406783241633,30.3626131706052,38.4389276057127,76.1250270139431,621.453964840552,0.143541857283517,-0.0247918425205844,0,0,0
72.595,-1.54852832147905,6.92133654348884,34.5286136882689,-33.1634755135203,-37.8416435137811,16.8703051468851,-13.894660906705,82.075810433749,77.5404757464288,-30.4936876859179,447.439143921884,492.320683568737,2.95914274066582,4.96063658062843,-0.00240633573690769,17.1850002475273,31.3518848266783,-15.0674058784055,5.06433990759738,9.90644479575609,1.15911259525748,-2.76690266698506,35.649912337433,-59.7708753268197,-1.147599733421,9.69486813505602,2.77197260697158,-12.3499221012599,15.7709851024707,16.5955195719373,3.06521597453578,4.79403457362806,-0.552718912464768,8.11131255885353,-12.2050696324877,-109.357466140726,-4.60088838368198,9.40452927503841,-0.122537164065838,13.1788817497838,-6.33211484897713,330.663778406919,-25.8156038495426,16.9896283130728,0.899325284378204,29.9018532391145,40.3934770411394,64.5849620095546,621.784583185113,0.142759083582148,-0.0247329418040092,0,0,0
72.6,-1.54778560115529,0.148544064752356,29.3991703327149,-33.421336332026,-51.5721637011978,6.78510957534664,-13.483341745455,82.2638322500632,79.2106632016867,-28.3302272148731,432.692094209352,485.799161852289,2.91489132078811,4.81510577831299,0.0971092990238812,16.0477431116594,28.1706894201333,-7.75386644077748,5.17020615734227,9.86490752453446,1.43129066037407,-2.12414761781587,32.3555978075058,-66.2774698261653,-1.11244617265343,9.65571933089175,3.03436044613942,-10.3618122811467,15.6698725528124,11.4165610481898,3.38818754517786,5.00723623482041,-0.536372261496955,8.01836038908654,-11.2145854194592,-108.16313428148,-4.07751999130385,9.57824190409453,-0.206305982641633,12.3785926929537,-5.99578381552708,316.347469166222,-27.0391507655871,15.5461004375326,0.725284845400306,29.2649847177569,42.3076070169378,53.4640237474771,621.360602335238,0.142454178659743,-0.024706856059928,0,0,0
72.605,-1.58101296669327,-6.64547310758231,23.7591636026843,-33.7487378060345,-65.48029480156,-4.37465495113742,-13.0724800577929,82.1723375322581,80.5214985027364,-26.2482193169589,416.401579582024,477.319301284784,2.85934911184243,4.70449735631495,0.194023418222017,14.7467466405632,24.6440528840168,-0.386315954480664,5.14529960370288,9.80401401644696,1.66321715650815,-1.43124200521323,28.6878146522658,-72.8039808336189,-1.07318072398555,9.64492233069936,3.22423792419607,-8.31310870091783,15.4016640550403,6.05577849036666,3.69978934686246,5.22591669368646,-0.509615987944491,8.01339303357445,-9.89596138183237,-106.519706560784,-3.51647019966471,9.69782160480169,-0.279456005118571,11.5648854232065,-5.26055119663471,300.993507572905,-28.0490042926011,14.0119888386283,0.502256746815537,28.4652910170067,44.1574964923929,42.7618266191726,619.895304687168,0.142609373908755,-0.0247430136703981,0,0,0
72.61,-1.64775892399725,-13.349191460808,17.7012403803211,-34.145529102509,-79.3582592949701,-16.4402088601672,-12.6633905119047,81.8179091777258,81.4895417617295,-24.2548091900359,398.682025384966,466.958298246035,2.79397008859726,4.63106298513399,0.287221568403644,13.3142133937544,20.8261377772072,6.92232368177995,4.98970448865811,9.72382433059174,1.84652884405251,-0.672130216180434,24.7133078999398,-79.2576918442994,-1.03500226203249,9.66474605261937,3.32990231649458,-6.1795867043573,14.9748609812564,0.645536043850822,3.99501082512142,5.44448376669711,-0.473844812717674,8.08695905568679,-8.25941400384082,-104.460538983177,-2.92650328809477,9.75673630262505,-0.340965014870786,10.7694668942608,-4.1378440313547,284.686905034139,-28.8433775226758,12.4101978218742,0.241972447732503,27.5158633453974,45.9231656549448,32.4659960520322,617.292929169948,0.143191136491622,-0.0248652837668466,0,0,0
72.615,-1.74702841398319,-19.853897997207,11.3255901369246,-34.6105425986214,-93.0026992225784,-29.2282052878952,-12.2573038522549,81.2173319300321,82.1318331880056,-22.3565286938025,379.656099247035,454.80214727714,2.72066103226875,4.59615214406672,0.376064338213174,11.7877251339229,16.779194453833,14.0608803564078,4.70671927620882,9.62333426086723,1.97589329271265,0.17000944064109,20.5091219889764,-85.5505840712259,-1.00246600516363,9.71427288220208,3.34562207163161,-3.93513331087984,14.4025760889713,-4.6828425804041,4.26932677581603,5.65781745407204,-0.430554232989539,8.22932138331998,-6.31934433608898,-102.023208052006,-2.31657663897838,9.7566081420079,-0.390105493756816,10.0197978198677,-2.64540729813007,267.516623098748,-29.4247217265038,10.7715116966726,-0.0429368205342635,26.4303463150565,47.5890112808694,22.5564241619092,613.630427180357,0.144155031558657,-0.0250877240025833,0,0,0
72.62,-1.87730743865264,-26.0558049338397,4.73788204904902,-35.1416364028031,-106.218760836126,-42.5444290886634,-11.8553651205698,80.3877463368546,82.4657034715182,-20.5592561869503,359.454501369747,440.945427497877,2.64176519828221,4.60006722309169,0.460336239958137,10.2083586040335,12.5715356898857,20.9220997876024,4.30293907680253,9.50062633810237,2.04922972044806,1.11073665934171,16.159846191988,-91.6011634604948,-0.97909925562367,9.78945297353346,3.27200496734972,-1.55470485627147,13.7017087307169,-9.80220544827709,4.51874302566493,5.86134881667518,-0.381249229924754,8.43076011943864,-4.09414911840439,-99.2493045477337,-1.65400324920897,9.72510701255369,-0.426412388031758,9.33843391326339,-0.806556554372593,249.5755276437,-29.7636978404752,9.16097250562507,-0.338505782053767,25.2237119845177,49.1439954701895,13.0096877349975,609.122136708203,0.145464307828176,-0.0254071998318732,0,0,0
72.625,-2.03659760895722,-31.8580340609446,-1.95289128081658,-35.735756323832,-118.823984205882,-56.1877215428188,-11.4586309205549,79.3468400030684,82.5086581686269,-18.8681778760966,338.21566217103,425.491119419987,2.56001769488963,4.641981193665,0.540166509077321,8.61863534665401,8.27525247222238,27.404792987995,3.78820395963746,9.35316293849522,2.06769729605019,2.16233549487661,11.7544670630059,-97.336072074886,-0.967134340423194,9.88344178580668,3.11587684445924,0.982606585961809,12.891948294296,-14.5925960875433,4.73983161581331,6.05112094962768,-0.327359878718594,8.6818315819926,-1.60606580224684,-96.1839995733409,-0.906716552359991,9.68464650714229,-0.449768728130396,8.74262768806352,1.35053851151454,230.960462614444,-29.8353112731992,7.63989308949973,-0.63078467282305,23.9129822885664,50.5815066274243,3.80344924515774,604.071996155394,0.147088227404631,-0.0258075051114606,0,0,0
72.63,-2.22245977310098,-37.1724328287865,-8.63661543009498,-36.3890158923287,-130.651913699472,-69.9540453079476,-11.068065628877,78.1130583356379,82.2783338435846,-17.2877512824924,316.085318721131,408.550431107981,2.47847138799919,4.71992731596674,0.615930876357634,7.0604440917691,3.96380962754434,33.4159181569976,3.17540308948243,9.17819941674098,2.03545532568782,3.33200727734191,7.38299887107643,-102.691446703619,-0.967375795789604,9.98719720897401,2.88968283626992,3.69065186868407,11.994664321235,-18.9441362295598,4.9297568938448,6.22383690854796,-0.270169324726555,8.9735825069778,1.1189584007337,-92.8754019035691,-0.157140223151146,9.60002206331442,-0.460386265970077,8.24417459507661,3.79351235763502,211.772396716563,-29.7131267866553,6.18379872204631,-0.909693706593714,22.5178273292416,51.8989285738102,-5.0793450646639,598.823939776796,0.149009959967356,-0.0262568995751682,0,0,0
72.635,-2.43206571787664,-41.9211889550497,-15.2042531952036,-37.0967926491554,-141.555351365053,-83.6406012402698,-10.684536552427,76.7058152898481,81.7925202923867,-15.8216715645266,293.2159435926,390.242609743953,2.40039458489833,4.83086440783764,0.688144083573868,5.5730757116925,-0.290335105941885,38.8725503256289,2.48013114943155,8.97328056530628,1.95921683227117,4.62044359195008,3.13308489967553,-107.613996228694,-0.979208487272233,10.0902859116377,2.61046483751339,6.57369664266018,11.0317544326377,-22.7597339950892,5.08629379753526,6.37689927797653,-0.210758380206313,9.29771894597144,4.05139132375174,-89.3737423065157,0.477993623304842,9.43257162909649,-0.458702778470605,7.84948169789911,6.48639225805396,192.116582655815,-29.4993665528056,4.74785477996525,-1.1680340096833,21.0609797188183,53.096967136704,-13.6466554919492,593.717188205568,0.151220856852263,-0.0267117087311872,0,0,0
72.64,-2.66225679566548,-46.0382155578104,-21.5499944727849,-37.8538385644204,-151.409183053151,-97.0499077108952,-10.3088081336821,75.145683749057,81.069239884248,-14.4728415484674,269.76600321208,370.694712626283,2.32914442818974,4.97081480600118,0.757352707761908,4.19150198170591,-4.41795215970099,43.7036895422387,1.72020164835677,8.73677214761535,1.84763256766028,6.02091556993541,-0.913228077675529,-112.061780605208,-1.00074262144342,10.1818265602321,2.29850569659533,9.62450508839633,10.02453203091,-25.9575816508408,5.20783932733775,6.50844503641115,-0.149969590309684,9.64672985804975,7.1582586593847,-85.7304328787381,0.963167661206364,9.19087281675097,-0.445245662845899,7.55983434171411,9.39012078959947,172.102660319619,-29.2291561171463,3.34797966113256,-1.39811382675171,19.568421293933,54.1787935550142,-21.8941039808982,589.054028789912,0.153706122934246,-0.0271256957390822,0,0,0
72.645,-2.90960821770937,-49.4702844088235,-27.5733127286239,-38.6544021468329,-160.112716482633,-109.993753973697,-9.94153540761698,73.4545452130899,80.126872047453,-13.2433464101734,245.899027659036,350.041310605894,2.26802257015349,5.13506589578647,0.824036899482161,2.94501072597966,-8.35498346153335,47.8518555163573,0.914999643242564,8.46834659857903,1.71055524527992,7.51896422005128,-4.68234564986045,-116.004687567295,-1.02911922672808,10.2514691554255,1.9757615342237,12.8232038803401,8.99274185679274,-28.4734040634304,5.29341781934515,6.61737765332756,-0.0883921252302493,10.013965882996,10.4033327251793,-81.9970567152126,1.3069322221858,8.90150016725195,-0.420452433089092,7.37183533760611,12.4630279820806,151.844633460801,-28.9023049842394,2.02711807885132,-1.59226042999758,18.0693160135063,55.1490707665664,-29.8024520410201,585.081729047794,0.156437366032927,-0.0274579430796367,0,0,0
72.65,-3.17049767138089,-52.1778907342033,-33.180887058487,-39.4923595528431,-167.59148120173,-122.296941988047,-9.5832570101945,71.6556794843581,78.9843083454014,-12.1344340105963,221.782479914975,328.424097047996,2.22012198204221,5.31842056093492,0.888528129693863,1.85628243339641,-12.0441179258514,51.2744145392908,0.0836070150611864,8.16844418689624,1.55823893897214,9.09271697430557,-8.11143798011705,-119.424616983338,-1.06228705982801,10.2898198886881,1.6643161772823,16.1370289160224,7.95378990511783,-30.2624163718903,5.34268021936607,6.70339623572664,-0.0263673756894453,10.3936744468805,13.747395863741,-78.2243451482867,1.52318511376085,8.58821648326941,-0.384631643249218,7.27799099584531,15.6612778743927,131.460654173124,-28.5150453096391,0.825313367547349,-1.74395411134221,16.5956797689733,56.012932297429,-37.3359319304183,581.990454857947,0.15936369783006,-0.0276733333659287,0,0,0
72.655,-3.44117686590057,-54.1358389039853,-38.2883528987061,-40.3613518141073,-173.798452252996,-133.800735803272,-9.23438812485926,69.773777067111,77.6611215715882,-11.1465019122439,197.586419670674,305.991376680546,2.1881753762252,5.51547764875712,0.950948182456537,0.940958906855748,-15.4359432617803,53.9445846498097,-0.75634395628834,7.83811114655174,1.40053918333259,10.7137951900951,-11.1500732654507,-122.315395364328,-1.09995216022769,10.2890077469087,1.38480276388918,19.5209829042475,6.92226270795,-31.3009479977893,5.35589718351703,6.76701935718007,0.0359862509246773,10.7809933213988,17.1486045839215,-74.4611965895592,1.62875583926052,8.27109738765556,-0.337997844365953,7.26741796689459,18.9393189555409,111.072560354413,-28.0616096943619,-0.222063456581654,-1.84802881917839,15.1817926794646,56.7749841457116,-44.4415260335511,579.930520384287,0.162414199183751,-0.0277505131926814,0,0,0
72.66,-3.71784458700697,-55.3335442213293,-42.8218491546549,-41.2549251747351,-178.714672125728,-144.365944077167,-8.89521382449959,67.8348600719956,76.1777309623986,-10.2790920876402,173.481964920888,282.897411194293,2.1744164282672,5.72092099455022,1.01117260405283,0.207715484158563,-18.4896553464553,55.8520689251624,-1.58576234361406,7.48220026305468,1.24618733973347,12.3487231499906,-13.7610899830498,-124.682452511765,-1.13951979000584,10.2449451047055,1.15463658160674,22.9193566500741,5.90978883972438,-31.5876903299186,5.3339455356362,6.80959927790113,0.0987320533556348,11.1719060984209,20.5629747289284,-70.7537833923869,1.63915947340383,7.96554436634066,-0.280722982234137,7.32664367005726,22.2503683759089,90.8051275176942,-27.537429725962,-1.08706455486021,-1.90095779602872,13.863371410483,57.4383976817989,-51.0492477802531,579.043538059847,0.165502274519857,-0.0276842886878086,0,0,0
72.665,-3.99671984553711,-55.7750517059212,-46.7193347370797,-42.1666714694639,-182.349258945399,-153.875569396664,-8.56588331735511,65.8661014287687,74.5555450891388,-9.53089427089435,149.639563348884,259.301602196083,2.18046462146507,5.92979497608141,1.06881977268372,-0.341192047072061,-21.1733425716623,57.0032756281418,-2.38379543843977,7.11059878076681,1.10218843895674,13.9607071668896,-15.9206872944361,-126.54229713294,-1.17501778359874,10.1583837986561,0.986825341407283,26.2679983824368,4.92526392181731,-31.144527339587,5.27828742366058,6.8333208892117,0.16206100426906,11.5631647248446,23.9449993456167,-67.1447821430914,1.57258181242642,7.68420229496911,-0.213029859787238,7.44047090358848,25.5469561640514,70.7850163569218,-26.93570595977,-1.74641798056468,-1.90082811731263,12.6765281042944,58.0041559726734,-57.07343194435,579.498605494683,0.16853706494317,-0.0274771907946114,0,0,0
72.67,-4.27411373621195,-55.4787781350184,-49.9316530806063,-43.0903654816321,-184.738802433805,-162.236967625985,-8.24640563268051,63.8955369349775,72.817064322428,-8.89975879844264,126.227094490455,235.367497040483,2.20724305873888,6.13774603812216,1.12326480589412,-0.708973044737855,-23.4638942164444,57.4210982257313,-3.13231358677377,6.7349726364506,0.97339388456845,15.511627862809,-17.6177777672084,-127.92182760002,-1.20199842808658,10.0334047855796,0.889604608481645,29.4971601558686,3.97542265058111,-30.0169117892247,5.19094145334423,6.84117912841107,0.226229445234208,11.9521861391874,27.248400306427,-63.6727496180316,1.45622832104069,7.43927177472965,-0.135294153836847,7.59287427099823,28.7815486085661,51.139419714561,-26.2422849820982,-2.17723581284172,-1.84713910047956,11.6565493117251,58.4705068485725,-62.4149949566852,581.515342587105,0.171436574580113,-0.027144540887595,0,0,0
72.675,-4.54649867918112,-54.4769885938832,-52.4233290170087,-44.020096295217,-185.946162717143,-169.383471320445,-7.93664728330569,61.9516698750216,70.9859259994847,-8.38271963590656,103.40783250731,211.261609068489,2.25493609350339,6.34121297462783,1.17367576421687,-0.903040042833607,-25.3466060659995,57.1442475915235,-3.81732000193319,6.36753014852139,0.862274185861782,16.96408123861,-18.8527073052317,-128.857507979976,-1.21886606097474,9.87679390402115,0.86616936244545,32.5347127183747,3.06570225536405,-28.2737540987122,5.0744451488165,6.83692897231516,0.291493459272072,12.336931919534,30.4270030768534,-60.3716526563514,1.31370384449318,7.23907956189188,-0.0481262599291528,7.76789292494127,31.9072603105268,31.994435227061,-25.4460563192199,-2.36508483794746,-1.74136059177656,10.8365340320077,58.8326633642889,-66.964579463762,585.359468338042,0.174131027334586,-0.0267056002867498,0,0,0
72.68,-4.81057379579105,-52.8150233218844,-54.173088244729,-44.9503897962088,-186.058700198012,-175.275443074239,-7.6363324165228,60.0629733564621,69.0868775564269,-7.976028097842,81.338307612755,187.1520506968,2.32299035082296,6.53755361462985,1.219068115051,-0.933563090422824,-26.8145711748666,56.2261516008221,-4.42821010431519,6.0214124518973,0.768893273449227,18.2833139359164,-19.635497038367,-129.394429143619,-1.22558689390175,9.69809870240262,0.914612672126035,35.3095024214036,2.20130688606917,-26.0067957174973,4.93180829137732,6.82500347581986,0.358045014549972,12.7157813562426,33.4357123567033,-57.270546761829,1.15619629348061,7.08650162949921,0.0475521060984785,7.95048163440143,34.8786531195275,13.4732111966263,-24.5461644112456,-2.30936600926938,-1.58735345350029,10.2459358861856,59.0827762296602,-70.6064545852598,591.306808811095,0.176573536285795,-0.0261796776107106,0,0,0
72.685,-5.06332526913897,-50.5502946696287,-55.1740954421218,-45.8763196816693,-185.185977092258,-179.900737251348,-7.34504591200813,58.2573009029871,67.1456658518184,-7.6751975404867,60.1661114711154,163.206985398306,2.41015897948448,6.72510141335125,1.25837226200038,-0.811977025406436,-27.8679479779843,54.7334615455603,-4.95791675091397,5.71009357024729,0.69109134487352,19.4389220172655,-19.983795300479,-129.585262216364,-1.22355691276618,9.50900650558189,1.02834219899659,37.7546254807173,1.38835709703905,-23.329443660441,4.76645698962316,6.81039757529535,0.42595476768985,13.0874091220563,36.2315556471348,-54.3933866457512,0.989996800456596,6.98208140639286,0.150488755583462,8.12728116999104,37.6526082157365,-4.30606841191528,-23.5460794028557,-2.01790519071716,-1.39093357774608,9.90906153298673,59.2101838211186,-73.2230070119609,599.584575602379,0.178740399415765,-0.0255900075038173,0,0,0
72.69,-5.3020806566518,-47.7510775026105,-55.4339126947042,-46.7936045950553,-183.456982677365,-183.27456159136,-7.06223980669666,56.5612210623448,65.188834597737,-7.47505905009152,40.027698079072,139.59291262056,2.51458520121435,6.90315170484511,1.29050818319972,-0.549578535332694,-28.5131921801713,52.744227501676,-5.40290936817032,5.44669073180401,0.624851254479764,20.4062159843197,-19.9207411460286,-129.489099489755,-1.21538083463277,9.32255218894404,1.19681273723742,39.8104137874041,0.634997007804446,-20.3750480050459,4.58216868110433,6.79851827914025,0.495125857833118,13.450678380776,38.7747530177095,-51.7589432325976,0.820978173837309,6.9256778709529,0.259106802045934,8.28727019479557,40.1892460025467,-21.2322798367988,-22.4502042639757,-1.50359617604239,-1.15943186994031,9.8435859642088,59.2019245008896,-74.6996305703405,610.310284336089,0.180624365831044,-0.0249522615094131,0,0,0
72.695,-5.52455625338511,-44.4951193467023,-54.9741852420842,-47.6986893176528,-181.01694451968,-185.438743386972,-6.78724332358785,54.9992966218125,63.2434260888436,-7.36982786783409,21.0462364515056,116.472807805513,2.63391782607302,7.07188340620168,1.31446090865938,-0.156337538180325,-28.7623243867536,50.3458230395315,-5.7629738221474,5.24331971753832,0.564810546091079,21.167192264484,-19.4729331093812,-129.170168917093,-1.20447307588171,9.15226633241706,1.40648949028433,41.4269586758238,-0.0476639476664661,-17.2946107091247,4.3829986038777,6.79500507128366,0.565262132028009,13.8045585313795,41.0297652440989,-49.3807966387628,0.65452199469631,6.91661333722261,0.371515844720808,8.42226471455907,42.4528582465936,-37.2034473620865,-21.2641355549894,-0.783971805241522,-0.901385551692521,10.0591547339876,59.043474606382,-74.929804616764,623.446828937688,0.182235381309404,-0.0242831604945648,0,0,0
72.7,-5.72889674795509,-40.8680989139163,-53.8300665093118,-48.5888083009984,-178.023796668759,-186.460417993644,-6.51927665738433,53.5933332405992,61.3365881091023,-7.35317999468438,3.32957462993533,94.004147591032,2.7654487647938,7.23222719558288,1.32935072676419,0.359976105621361,-28.6322845388345,47.6327109600137,-6.04080744923049,5.11054547878763,0.504870561359931,21.7110879346323,-18.6686697520327,-128.696404805935,-1.19452162855864,9.01133235953791,1.6419558615405,42.5660401748161,-0.644877824181478,-14.2539236741363,4.17319857680793,6.80552747073255,0.635853062715058,14.1480738017925,42.9662696285579,-47.2673736973191,0.495434707674963,6.95378817762392,0.485546461394071,8.52723782501076,44.4128089980878,-52.1287312437119,-19.9948944455098,0.119339992887423,-0.62615973725232,10.5561521451972,58.7196555126072,-73.8201451372193,638.792336773122,0.183599200384882,-0.0235932342930045,0,0,0
72.705,-5.9137065648043,-36.9619633698758,-52.0493988949147,-49.4620302157342,-174.644382947323,-186.430170054567,-6.25746852877931,52.3616257210513,59.4950918094162,-7.41833811512789,-13.0316240887145,72.336857680761,2.90626098307613,7.38569514253035,1.33449263192182,0.994281718953215,-28.1443997134253,44.7041444321864,-6.24148068050995,5.05696226027852,0.438847941810466,22.0345269915324,-17.5365859579824,-128.137860760246,-1.18887585873145,8.9118122194201,1.88707822350376,43.20237517639,-1.13792388303167,-11.4301480510262,3.95712919786027,6.83556934842657,0.706176222810729,14.4802847898469,44.5600135008711,-45.4220017459133,0.347925443203063,7.03578021968248,0.598809376817648,8.60044177533203,46.0443560412211,-65.9302268677894,-18.6510523265893,1.18130460502802,-0.343510875570379,11.3247210231117,58.2156367646975,-71.2952164546744,656.005537324674,0.184749618326223,-0.0228871248692863,0,0,0
72.71,-6.07807244359426,-32.8731757580226,-49.6916707810997,-50.31728260943,-171.050478739314,-185.459669717718,-6.00087736620585,51.3182325147402,57.7447712817087,-7.55816567742689,-27.9655124598248,51.6112274586004,3.05337497210919,7.53418913016876,1.32944055921399,1.74426138263653,-27.3239667675033,41.6618915845053,-6.37182718580495,5.08891871456803,0.361112886359871,22.1412905754703,-16.1047565560226,-127.564961594765,-1.18993283881074,8.86398731165907,2.12614551698885,43.3241453659909,-1.50414280023665,-9.00786621208602,3.73916684422414,6.89021148525908,0.775316684371997,14.8003002326306,45.7934996299573,-43.8429572487046,0.215638644957921,7.16092664119988,0.708778541379009,8.64332567771257,47.3293435282752,-78.5444951054342,-17.2427436409093,2.37428400190371,-0.063114329432732,12.3441217691773,57.5179515582365,-67.30190509923,674.660471622413,0.185730079232599,-0.0221708534651945,0,0,0
72.715,-6.22157696572504,-28.7009044261001,-46.8267736597607,-51.154356199949,-167.414718103476,-183.678857016438,-5.74851581475248,50.472310290575,56.1099002916142,-7.76526768059495,-41.420400633532,31.9558409072798,3.20388265467125,7.67980604105796,1.31401330773268,2.61002547820824,-26.1999285124557,38.6080571823086,-6.4398273564086,5.2103850449198,0.267162422217877,22.0417594806336,-14.4002830638112,-127.046607833649,-1.19860158341482,8.87584704850109,2.34491172816908,42.9328123507312,-1.7173262174058,-7.17466240985483,3.52360717323132,6.97392473989696,0.842201248305628,15.1073113918779,46.656465301934,-42.5234976547934,0.101728420563653,7.32738837546233,0.812895279556197,8.66025468180178,48.2567193541872,-89.9237576805429,-15.7815682150593,3.66891710181508,0.205915964230716,13.582513809537,56.6154375953502,-61.8131792754844,694.308207757588,0.186585244077945,-0.0214432183972963,0,0,0
72.72,-6.34430289642145,-24.5451861393044,-43.533586093515,-51.9738887722414,-163.90651445863,-181.232737235656,-5.49937811301734,49.8275403470739,54.61252595881,-8.03209645487766,-53.3657548565906,13.4855775032689,3.35505955120983,7.82465663029066,1.28830060972057,3.59341438091664,-24.8046040159709,35.6430546650059,-6.45404523379385,5.42294377525471,0.15408488681878,21.7520858325889,-12.4493264290825,-126.648167351449,-1.21391928792691,8.95274361348952,2.53148238273995,42.0422716270635,-1.74841014917206,-6.11631652697737,3.31456719544509,7.09038597525688,0.905644155450895,15.4006372065936,47.1461271949453,-41.4518766562692,0.00895655366749393,7.53319832702702,0.908688500649276,8.65804906586273,48.8228377866554,-100.036709116786,-14.2803943282191,5.03503389785241,0.455484452679619,14.9972297115193,55.5000216883735,-54.8310856838731,714.52866144987,0.187360839629523,-0.0207072936981314,0,0,0
72.725,-6.44682836626189,-20.5050939681074,-39.8984134333001,-52.7773290856261,-160.688062677084,-178.277858281059,-5.25246972647381,49.38167730875,53.271782886468,-8.35106049316897,-63.7928076583188,-3.7002607216911,3.50444873396716,7.97071248825326,1.25264941095244,4.69701169533999,-23.1734219982928,32.8637585738346,-6.42316765350487,5.72587524447301,0.0208826662672114,21.2931538056505,-10.2775039698005,-126.429410739176,-1.23287856477176,9.09721926988891,2.6770005900758,40.6774375931078,-1.56639237022088,-6.011724978594,3.11588840834757,7.24232758727724,0.964400019183093,15.6797655197436,47.2671768015217,-40.611355402319,-0.0602069739726814,7.77629505026959,0.993903901457356,8.6453733769398,49.0315186483537,-108.86891702639,-12.7530812206099,6.44255767676458,0.678915780619772,16.5355903813416,54.1672806326583,-46.388868254616,734.956120896479,0.188097052017586,-0.0199625442089308,0,0,0
72.73,-6.53021306705738,-16.6769401590661,-36.0133137948788,-53.5668816269811,-157.910508270695,-174.978547640659,-5.00683848710166,49.1262478743367,52.1032141529618,-8.71463420453354,-72.7147422727737,-19.5196390125566,3.64991329484744,8.11969183387514,1.20763194474448,5.92296777622844,-21.3446020970832,30.3618447093987,-6.35567814720749,6.11630424883217,-0.131367251234561,20.6893889309927,-7.91053625319984,-126.442466757513,-1.25050134728122,9.30900230746894,2.77610279714629,38.8723872876657,-1.13937937574335,-7.02769052308458,2.93104389530215,7.43142922507119,1.01721925683879,15.9443748337925,47.0315252208229,-39.9802338093618,-0.103502729437251,8.05454314790409,1.06663336191484,8.63201543925944,48.8938483484104,-116.422803514693,-11.2141451153214,7.86235091068124,0.87127235917041,18.1362793214074,52.6167329472002,-36.5521287102471,755.275581316381,0.188826205250574,-0.0192157046514474,0,0,0
72.735,-6.5959757827734,-13.152543143216,-31.9743417833338,-54.3454334546838,-155.710365540687,-171.502991360161,-4.7616063701002,49.0464234003355,51.1181275288326,-9.11546632594854,-80.1664242830729,-33.9092408100002,3.7896574299319,8.27299047729225,1.15399848091413,7.27174630337604,-19.3587321938627,28.222306435684,-6.2596792073241,6.58937524223393,-0.299522343366752,19.9674739569618,-5.37501168943833,-126.729888621138,-1.26016640995028,9.5851590373358,2.82712872179687,36.6682189252009,-0.435669495969945,-9.31374510915973,2.76305264268889,7.65825731806721,1.06290132693804,16.1943225330066,46.4578106406641,-39.5319354332157,-0.118839484640252,8.36574086991608,1.12543458068454,8.62810187714724,48.4277242356342,-122.717220645346,-9.67839569919543,9.26696532717459,1.02956421983055,19.7312567356543,50.8518440818222,-25.4189850649093,775.196701780839,0.189567145064983,-0.0184740754345905,0,0,0
72.74,-6.64606371584599,-10.0175866145256,-27.8797418965653,-55.11646476068,-154.206261199379,-168.01924047726,-4.51600094549928,49.1210849202297,50.3230161406034,-9.54648465147981,-86.2036651063337,-46.8256270180402,3.92221947131622,8.43165956688298,1.09261861629537,8.74091085517539,-17.2582004499246,26.5221228945128,-6.14285715980982,7.13842911343804,-0.478548157279153,19.1550277591262,-2.69913374383418,-127.322928355755,-1.2541669677876,9.92038150837818,2.8320837447948,34.110800005619,0.575205609240033,-12.9971840217856,2.61440452679539,7.92225463571331,1.10034158995986,16.4295893319675,45.5706955548344,-39.2351851440578,-0.104661448241109,8.7075067973698,1.1694333496308,8.64330017909526,47.6571606650672,-127.786650712976,-8.16085688295246,10.6310284035054,1.15282303704991,21.2481534425624,48.8797586669454,-13.119219759876,794.421665820042,0.190334406638745,-0.0177534574055835,0,0,0
72.745,-6.6828142014383,-7.35009711844903,-23.8281234955856,-55.883945125737,-153.496073011103,-164.691231549156,-4.26938548068347,49.3230929630665,49.7190724792819,-10.0009947249422,-90.902014692311,-58.2460558730576,4.046442937995,8.59642709502161,1.02441559953566,10.3240630517711,-15.0864569851585,25.3290499667177,-6.01256625595627,7.75516320299823,-0.661840047435878,18.2793029751034,0.0866730296564673,-128.240113648347,-1.22444646428094,10.3073833126574,2.79636528785267,31.2485860031719,1.92153177873576,-18.1784934159031,2.48699938954513,8.22177863663657,1.12856854052466,16.6501755079983,44.3999925002633,-39.0543200923326,-0.0611782782184488,9.07688454874964,1.19840142355985,8.68605702683983,46.6113911941884,-131.680076245418,-6.67736712579612,11.9309520170596,1.24202201283243,22.6130441425881,46.7108038215098,0.187556986965774,812.625416685592,0.191138613316848,-0.0170723321168298,0,0,0
72.75,-6.70890952512775,-5.21906473789477,-19.9166487568204,-56.6522177479624,-153.654524445226,-161.674907265652,-4.02128664343725,49.6197674492894,49.301823098462,-10.4727701965272,-94.3550943170744,-68.1689225079104,4.16143363785452,8.76775595215794,0.950298444968745,12.0100298780546,-12.8871005563669,24.7005078759198,-5.87599448139347,8.42976613353194,-0.841667041254871,17.3659575188032,2.94939862364089,-129.486209296619,-1.1634380093887,10.7373689165076,2.72827721222666,28.1306819986983,3.62857282189244,-24.9273458848514,2.38210329377031,8.55418414825271,1.14676940313696,16.8559515568425,42.9796657961192,-38.9497706540682,0.011200604049017,9.47079113217909,1.21277904250096,8.76291876302383,45.3238148365015,-134.459574341434,-5.24293801139157,13.1463994502871,1.29997929055181,23.7534640209919,44.3578338002882,14.3146716737449,829.456802535215,0.191990015611634,-0.0164506110618774,0,0,0
72.755,-6.7273256712192,-3.68322921829269,-16.2392641621301,-57.4258741798719,-154.731286382034,-159.114520692083,-3.77141876699702,49.9735752880906,49.0609085668323,-10.9561326677248,-96.6724942396086,-76.6137858601723,4.26651183397544,8.94592791833917,0.871096522791815,13.7823766988678,-10.7028081256925,24.6825494629712,-5.74036431815674,9.15102859265799,-1.00970425683515,16.4379539474954,5.8533931324739,-131.05162464184,-1.06491869929352,11.200535955934,2.63836763344955,24.8052949061154,5.71782446044195,-33.2793202559405,2.30032439467911,8.91594324027003,1.1543034930642,17.0464733384059,41.3467616433937,-38.8787392280622,0.114503233467066,9.88692585528111,1.21365841202944,8.87797295299602,43.8308438855292,-136.198694762474,-3.86921634342351,14.2623522325265,1.33118253722769,24.6015061308283,41.8355050214677,29.0519946281409,844.557179636529,0.192903882020848,-0.0159054291607115,0,0,0
72.76,-6.74127592738502,-2.79005123315817,-12.8850048632372,-58.2096223085058,-156.749625726473,-157.139202480377,-3.51970369018679,50.343015361949,48.9800292869277,-11.4460190415893,-97.9772747727093,-83.6209606469765,4.36116840892303,9.1311406300604,0.787500981206283,15.6192960304941,-8.57414764409432,25.308908441864,-5.61311807397361,9.90643919805405,-1.15761497810924,15.5146375858632,8.76065297361392,-132.912301397358,-0.924785713103208,11.6865659761126,2.53863510066224,21.3186837981438,8.20631825550942,-43.2334736939782,2.24160990970795,9.30279322677293,1.15070414663938,17.2207785054459,39.540319561346,-38.7960915413574,0.250823216070054,10.3231075012042,1.20272262606678,9.03244076597234,42.1707154256723,-136.980681290645,-2.56599034788541,15.2676817664485,1.34131418653188,25.0968228518812,39.1595791339496,44.1702798351437,857.582624507603,0.193899830698436,-0.0154445663994478,0,0,0
72.765,-6.75415035481907,-2.57488548681287,-9.9363996940704,-59.0081504514319,-159.70562858538,-155.859864496828,-3.26628527684067,50.6836826692695,49.0370727727896,-11.9380346539267,-98.4031224675632,-89.2506634634016,4.44503285132088,9.32360344716222,0.700016835641203,17.4938923361376,-6.53833447208018,26.6001447653763,-5.50198001805749,10.6823806429868,-1.2776404866465,14.6110382586962,11.6314396688098,-135.0300859542,-0.741562305002697,12.1851106380424,2.44165097357327,17.7146631437953,11.1059162445054,-54.7508586015652,2.20526449688311,9.70990267033697,1.13567125662436,17.3771860354271,37.6003144489672,-38.6554586550939,0.420025025934265,10.7765152880325,1.18213728395276,9.22443928708008,40.3823277045646,-136.896591900155,-1.34274307375306,16.1536765378944,1.33673440414833,25.1893550088193,36.3463486666086,59.4261070172611,868.218079462044,0.194996206441173,-0.0150611255898694,0,0,0
72.77,-6.76945219994846,-3.06036902588141,-7.46800270571011,-59.8259905154776,-163.568012809278,-155.366505845934,-3.0115378475547,50.9494858572403,49.2044320506773,-12.4284907797414,-98.0912251630401,-93.5817143409754,4.517858876936,9.52361837398939,0.608928919486238,19.3748520968919,-4.62800751989043,28.5629216755531,-5.41456313041855,11.4649765609278,-1.3631553991431,13.7374308267416,14.4251867276688,-137.353559763556,-0.51602285638438,12.6865134454086,2.35963403192048,14.034653621798,14.4225361965814,-67.7540364291017,2.18998908832273,10.1320450906583,1.1090573621509,17.5131232279911,35.5666709506635,-38.410529708107,0.620228583041021,11.2438405515498,1.15442152060793,9.44892185615688,38.5041561007253,-136.043366344166,-0.208045019968738,16.9143676631844,1.3240624615106,24.8416273551637,33.4122646565641,74.5672796383517,876.173353175717,0.196213075686856,-0.0147365579305729,0,0,0
72.775,-6.79073237262226,-4.25603453475153,-5.54507487094471,-60.6673831728122,-168.278531466606,-155.725978360332,-2.75606791996096,51.0939855186496,49.4495182119963,-12.9144254803554,-97.1869401226017,-96.7098079606778,4.57953079332967,9.73163376978425,0.514284173976687,21.2274583467461,-2.87011061354819,31.1894633133778,-5.35856802467854,12.2398318317205,-1.4091502916108,12.8991765170533,17.101619788602,-139.819273856281,-0.251748722555364,13.1818258130953,2.30360842426561,10.3182143210989,18.1552624795233,-82.1275982933714,2.19393801680545,10.5637707370325,1.07085073469304,17.6250041329814,33.478381099071,-38.0164973661033,0.847925166371478,11.7213298019343,1.12228694175305,9.69779401377377,36.573292190546,-134.5218811715,0.830683492438418,17.546529434617,1.30973587084203,24.0304777379638,30.3738196430268,89.3385218014582,881.165796122254,0.197560899773015,-0.0144378312090323,27.6152261924705,0.221220052144436,0.0354650058741068
72.78,-6.82152314555045,-6.15815458564351,-4.22243705817101,-61.5361479502746,-173.75295549264,-156.980258452297,-2.50070884635619,51.0718147209998,49.7354630470685,-13.3936071700995,-95.8363379489091,-98.7453817432388,4.63009060368916,9.94826141526703,0.415891976202535,23.0148818834033,-1.28496645012081,34.4572506332705,-5.34250429260408,12.9905162498576,-1.41260398555254,12.0968510672481,19.6219935300661,-142.353311563729,0.0433393198325917,13.6619874745341,2.28269123388437,6.60393603521313,22.2953266812526,-97.7196611973101,2.21479126036599,10.9995681328367,1.02115892073557,17.7081799781402,31.3727435961328,-37.4316017408678,1.09788091883892,12.2047527900121,1.08845781382777,9.96019333324974,34.6246347172065,-132.435023362406,1.76715386456453,18.049474371627,1.29958657889655,22.74812646254,27.2477051613955,103.487311770983,882.899049354162,0.199040080870369,-0.014127711757685,47.125446932653,0.21444359470909,0.03084779644972
72.785,-6.86527223991802,-8.74981887352156,-3.54351252257272,-62.4355610039553,-179.882610736286,-159.145260991142,-2.24650815358753,50.8401385537792,50.0220003906766,-13.8645207258278,-94.1827111457496,-99.81112080525,4.66978264462634,10.1742513703365,0.313343357144545,24.6996594706287,0.114375919310928,38.3290152924054,-5.37486158347684,13.6994342815063,-1.37271789115871,11.3266483297758,21.950337827056,-144.87308889346,0.358206727740629,14.1180433498263,2.3034049675516,2.93053497965874,26.8249810174637,-114.344271381567,2.24983792705453,11.4340089535491,0.960195757505338,17.7569761136813,29.2847300054149,-36.6187057910997,1.36314984934627,12.6894054548046,1.05548873313988,10.2229137924227,32.690244860316,-129.88580598575,2.5962005616693,18.4248660624773,1.29847451746487,21.0025381630819,24.0512242564849,116.769690081337,881.054617269455,0.200636399598071,-0.0137704244264523,75.0295158007989,0.20857329385672,0.0271665706823425
72.79,-6.9252784522669,-12.001242469752,-3.5395740295573,-63.3682431650251,-186.536432213605,-162.210218824474,-1.9947076225181,50.3601062137882,50.2665076001491,-14.326336424866,-92.3631398074614,-100.039151832129,4.69910959688312,10.4104236341452,0.206049037479904,26.245254269283,1.32245382408503,42.7530855469864,-5.46288147587911,14.3494655344318,-1.29099437149403,10.5810309077225,24.0546059620495,-147.289295724779,0.680860321199002,14.5416244719064,2.36913709158449,-0.662035038166285,31.7163301012443,-131.78461528699,2.29606678268697,11.8618719404491,0.88827405363876,17.7648219777523,27.2464710731151,-35.5468271292576,1.63519832882024,13.1701489788064,1.02559426776103,10.470949598466,30.7988621071097,-126.975543507341,3.31379458252878,18.676550916964,1.30999970267226,18.8170761810093,20.8029012256175,128.955885540967,875.311762177894,0.202323949925384,-0.0133287839473466,112.615840696894,0.204265832332153,0.0245873875237059
72.795,-7.00462994808048,-15.8702991627303,-4.22920734454108,-64.336060599318,-193.563486858757,-166.137638968261,-1.74671638529807,49.5982474440517,50.4251817524923,-14.7788624636029,-90.5052077474631,-99.5679888472787,4.71889131783757,10.6575604813099,0.0932952046609562,27.6175868201482,2.34131978361944,47.6641252874072,-5.61219781800876,14.9240679909833,-1.17115140717322,9.84958433005213,25.9076290217514,-149.507883043339,0.999066311210036,14.9245264445718,2.47985756404994,-4.13163336797261,36.9302260777336,-149.796915627316,2.35025970909753,12.2782437527075,0.805805054238787,17.7244715686912,25.2868468005417,-34.1925484695025,1.9041350632756,13.6414821346134,1.00050426701967,10.6881295199551,28.9755632423925,-123.802101187496,3.91708720921544,18.8103997318699,1.33630856991062,16.229494255785,17.5231976483697,139.835612163666,865.400614040067,0.204062406430625,-0.0127787738392842,160.055394112899,0.201433325458396,0.0229483128190466
72.8,-7.1061462986383,-20.3032701115843,-5.61799923815426,-65.3400401285475,-200.795905846079,-170.863833641608,-1.50407755966536,48.527765126585,50.4543189685608,-15.2224822653933,-88.7239603581545,-98.5393032451196,4.73031640861819,10.9162680176067,-0.0256851313587499,28.7864269626068,3.18007016448564,52.9842882880616,-5.82644127607474,15.4074149659353,-1.01888010818661,9.12001962485769,27.4878014330603,-151.432011030795,1.30121677450687,15.2582455228104,2.63203651705616,-7.43330527425259,42.4153621165696,-168.114876377219,2.40908442927068,12.6785967076351,0.713304639792513,17.6283029670839,23.4311579298813,-32.5412318611872,2.15903369642783,14.0976407483456,0.981356350301196,10.8578106509443,27.2415372485203,-120.458232510523,4.40448628807012,18.8341425893794,1.37800388104784,13.2903479831686,14.235220167527,149.222903147253,851.168884217229,0.205804842588937,-0.0121013910382519,215.941922419638,0.199761030067001,0.0220246441990959
72.805,-7.23232527067376,-25.2357944070423,-7.69845442108586,-66.38030092309,-208.052158908113,-176.300011525661,-1.26842917198479,47.1296775360233,50.3116600100906,-15.6580782182171,-87.1191905646068,-97.0945979387188,4.7349759757599,11.1868194850523,-0.151628518812472,29.7265482455859,3.8539888403866,58.6247862508906,-6.10670331148194,15.7849082325413,-0.841462002313314,8.37926176873239,28.7794504794189,-152.963888512497,1.57759358235335,15.5337357932281,2.81875708198539,-10.5190951043519,48.1077149188266,-186.454536503218,2.46918355248683,13.0588450677343,0.6114050854978,17.4686776262184,21.7008549017922,-30.5879700467056,2.38832980461687,14.5327159070814,0.968633772217597,10.9635999020235,25.6139444345321,-117.030020489003,4.77576029679678,18.7571771884302,1.43416051091954,10.060936065894,10.9652949319437,156.960363395916,832.625673875252,0.207492574379806,-0.0112874988492768,277.363056517226,0.198878165834122,0.021610387258491
72.81,-7.38529529451582,-30.5940047684399,-10.450142001244,-67.4560039039868,-215.140596179546,-182.333902200205,-1.04146033619584,45.3937671578312,49.9577611801357,-16.0869438754544,-85.7731314475279,-95.3718707377247,4.73486981923998,11.4689956996608,-0.285149679203847,30.4185660251694,4.38335300403846,64.4878433693868,-6.45110449339099,16.0437258049851,-0.647274618666887,7.61455857802338,29.7728744579985,-154.006454151661,1.82159741059436,15.741291333698,3.03003234947014,-13.3383650168513,53.9304854194099,-204.519397556037,2.52725784427153,13.4153827656086,0.500870242285911,17.2383342955225,20.1133032129142,-28.3382210046273,2.58027019036913,14.9407817410257,0.962152791696352,10.9900721342429,24.1058293118141,-113.595442361423,5.03215833417703,18.5903317668637,1.50244195688311,6.61089784257901,7.74328824827935,162.922738827896,809.928559671841,0.209073719770149,-0.0103404271940963,340.633652272731,0.198395628915992,0.0215303974643994
72.815,-7.56677443720299,-36.2958285374672,-13.8400682160261,-68.5653197949125,-221.863178185342,-188.831874972313,-0.824863846199795,43.3192979992489,49.3573467799445,-16.5106869940155,-84.7486237122982,-93.5023548711806,4.73237728436343,11.7619393678337,-0.42664798341707,30.8494070815491,4.79197775636183,70.4689841583371,-6.85452371268077,16.1733730752957,-0.445223723518173,6.81454576176322,30.4640663794591,-154.464871750192,2.03083018174956,15.8706111643786,3.25331392552344,-15.8386260635652,59.7946677445079,-222.005703461008,2.58014247391555,13.7451061377947,0.382611281874915,16.930789117997,18.6815709043251,-25.8080879008328,2.72339004267201,15.3160242054043,0.961099289141862,10.9234555007742,22.7260631549247,-110.223081824916,5.17652807920819,18.3455691395528,1.57930497390032,3.01559974597407,4.60257325197307,167.01971820974,783.317859197731,0.210507031570442,-0.00928064557031849,402.481903643363,0.197893512865405,0.0216344008329363
72.82,-7.77803659395642,-42.2524313507236,-17.8232684026929,-69.7054163533463,-228.019311686967,-195.641502561536,-0.620286497073198,40.9154698253566,48.4805980795747,-16.9311260613216,-84.0878134613019,-91.6074247326215,4.73018810241474,12.0640396802697,-0.576218337457992,31.0123900042573,5.10559998334396,76.4595773661824,-7.30852305377989,16.1661977644748,-0.244147220512469,5.97020826588586,30.8541692719401,-154.247833944537,2.20792652584164,15.9110774208479,3.47416951128518,-17.9668327919606,65.6003413563824,-238.607769849254,2.62487572161277,14.0454253569969,0.257699753176184,16.5407128888635,17.4142335571633,-23.024224991304,2.806992641365,15.6528640350361,0.964110121337675,10.7522570617943,21.4793026228586,-106.971017584934,5.21340981575993,18.0356272165601,1.66027302927928,-0.646558873690847,1.57957666342467,169.197901215071,753.034115503153,0.211779552154481,-0.00814249896525698,461.221269841129,0.19690762313155,0.021782472790556
72.825,-8.0198854857211,-48.3697783528434,-22.343607492762,-70.8724648941082,-233.409708151923,-202.594510619987,-0.429278569275881,38.2015855593897,47.3043340371815,-17.3501831665495,-83.8114210454158,-89.7957523694062,4.73119241672176,12.3728614817689,-0.733573560267584,30.9069289780316,5.35021766448477,82.3495389092181,-7.80153219287153,16.0178417053856,-0.0522383322433538,5.07568474740296,30.9487321343669,-153.268688491852,2.36100952793662,15.8522865516709,3.67710992115256,-19.6710465893391,71.2387334850667,-254.023282344187,2.65876016044329,14.3142678640985,0.127374678567558,16.0642586203664,16.3152032118981,-20.0233691562106,2.82160675312535,15.9460695421513,0.969390978923764,10.4678049493041,20.3659635327155,-103.885920722826,5.14908365171301,17.6736022860568,1.74025416508079,-4.29679865360402,-1.28711583497526,169.441884781331,719.2629226683,0.212907665726523,-0.00697618551812962,517.411080841165,0.194963731523456,0.021849780879994
72.83,-8.29263691352021,-54.5502855598719,-27.3347748046824,-72.0616658077996,-237.840182738504,-209.510046078274,-0.253243984145271,35.2069170261539,45.8130408900724,-17.7697761945765,-83.918605605481,-88.1607949748835,4.73833344629559,12.6851296139906,-0.897985306695812,30.5379058094346,5.55050624251022,88.0300826344358,-8.3193034819688,15.7275850639562,0.123465416815179,4.1288701834596,30.756850068475,-151.44641752485,2.50367970112621,15.6848073981914,3.8465291346917,-20.9023417640812,76.5950426952876,-267.958505344562,2.67941662578791,14.5500763170288,-0.00695920803792454,15.4993171106369,15.3835984548661,-16.8515153854658,2.75939860652084,16.1908576808264,0.974859658021176,10.0646871430586,19.3822218669667,-101.002395327172,4.99154947649522,17.2724926121096,1.81387616592993,-7.85846311705464,-3.95806782435939,167.774438802148,682.129749289514,0.213939989552833,-0.0058420877627956,573.717792442233,0.191683598328017,0.0217353446822628
72.835,-8.59610957352543,-60.6945320010995,-32.7214556047227,-73.2672923813041,-241.125314701126,-216.19819101045,-0.0933926641541472,31.9702639982539,43.9997112222985,-18.1917133580278,-84.387432690329,-86.7786857746832,4.75443042888817,12.9967740716386,-1.0682498745725,29.9147829041797,5.72842816062865,93.3964006139567,-8.84554252253455,15.298515890485,0.277486672025445,3.13178071259926,30.2902768217809,-148.706511273707,2.65453098843324,15.401040164878,3.9676920320313,-21.6168143263799,81.5519543731233,-280.133362070509,2.68483134364058,14.751802543198,-0.143744246931959,14.8456846265905,14.6136819182113,-13.5627714755323,2.61451823274592,16.3829843071087,0.978301931847671,9.54107111067282,18.5200653061454,-98.3425963200917,4.75042484209132,16.8447296807798,1.87581216748965,-11.2592793833989,-6.39463832892364,164.25576208052,641.747763980857,0.214939594648923,-0.00479554697465989,634.006853768532,0.186912038392067,0.0213766187382864
72.84,-8.92962458177245,-66.7030016492753,-38.4206588427799,-74.4827518567117,-243.091895081041,-222.463644246179,0.0493033948576092,28.5392118022961,41.8664581167653,-18.6175930313659,-85.1759346674664,-85.7065904216963,4.78198315770746,13.3030359096968,-1.24268379735571,29.0505506026543,5.9021354646324,98.3501553875792,-9.36270215864622,14.7375096593199,0.406175255800082,2.09065468974956,29.5625928009892,-144.981782897571,2.83616667417333,14.9961139963536,4.02772042430998,-21.7775562663673,85.9937195238041,-290.286360420865,2.67339644765492,14.918897877361,-0.281294806459297,14.105134381026,13.9948971645761,-10.2179413977451,2.38336387329557,16.5188263912819,0.977526755781522,8.89889296535059,17.7674261521454,-95.9161549739421,4.43675412237385,16.4017310954802,1.92107307930599,-14.4333034151403,-8.56084956311197,158.981830670835,598.310069315408,0.215967321651548,-0.00388405644516432,701.9616752961,0.180829828633982,0.0207612093671106
72.845,-9.29201369665277,-72.4778229761293,-44.3431776789407,-75.7006623273998,-243.582094137838,-228.109490419585,0.174148910311517,24.9691030908042,39.4248763948389,-19.0487117117006,-86.2237360670153,-84.9815786092009,4.82297216958416,13.5986280104307,-1.41915202052028,27.960613649508,6.08523998896231,102.801675341531,-9.85293045375436,14.0550180268655,0.507819249167981,1.01577482002961,28.5884976785564,-140.213169796107,3.07371712407448,14.4687528811188,4.01652504878983,-21.3564749046031,89.810613792596,-298.179345714573,2.64394384423222,15.0512992626056,-0.41783433819458,13.2813914287274,13.5120382760222,-6.88289744711239,2.06475289526997,16.5954597935588,0.970508372566669,8.14390919960125,17.1084290390885,-93.7204360418827,4.06273187434735,15.9535114900701,1.94524901793667,-17.3224969642966,-10.4253308311823,152.08187351589,552.206511475218,0.217057874090929,-0.00313443578827144,779.665839348214,0.173919119555692,0.0199256960317005
72.85,-9.68163606368234,-77.9244734059835,-50.3951569336867,-76.9129437730139,-242.456289123037,-232.940975572827,0.280757657001051,21.3217493379262,36.6961305426708,-19.4859827075444,-87.454199168831,-84.6200464391426,4.87867012960248,13.8779395202665,-1.5951288557046,26.661722429101,6.28649365676322,106.671760900913,-10.2990652176341,13.2646536217477,0.582596511794819,-0.0789915099274445,27.3832761981665,-134.350559158796,3.39296766383765,13.821966638282,3.9276079489118,-20.3358627150108,92.9035481562635,-303.602059758471,2.59577206844795,15.1494097413044,-0.551543182148781,12.380018149284,13.1455818688751,-3.62680783731438,1.66016168520797,16.6108243120693,0.955504510164169,7.28560830018875,16.5237835961265,-91.7411407615534,3.6415260946085,15.5084645593693,1.94469137141914,-19.8779047121275,-11.9631787747379,143.715034548302,504.115705065673,0.21819137196474,-0.00255031054349075,866.595399544026,0.166801013875249,0.0189465045987536
72.855,-10.096403144237,-82.9534161107669,-56.479739465853,-78.1109212848912,-239.595502375002,-236.769209816513,0.369077240511468,17.6639167020492,33.7107574699429,-19.9298678555875,-88.7770296084579,-84.6177095741705,4.94947999126854,14.1352686083497,-1.76778906607563,25.1710449115583,6.50988612122216,109.893032492784,-10.6855850376898,12.3825804509706,0.632377705665609,-1.17692267814026,25.9624616483275,-127.353662179656,3.81823890426609,13.0634522874807,3.75866657926661,-18.7096520548012,95.1885703380712,-306.376475931691,2.52866547855905,15.2140715722967,-0.680614538198531,11.4082239332039,12.8722027715392,-0.520288626210504,1.17464193375219,16.5643153616614,0.93114182919977,6.33698356305809,15.9913433068653,-89.9532575509942,3.18786424557008,15.0736100928907,1.91663769965737,-22.0604217670268,-13.1575755483687,134.066305553736,455.012101335367,0.219282077626149,-0.00211267177060925,959.352643133066,0.160038977994068,0.0179128956579966
72.86,-10.5338113320852,-87.4816375697303,-62.4987617670245,-79.2854383347774,-234.90340997746,-239.414720822501,0.439405384045475,14.0656287068143,30.5081814376895,-20.3803241959396,-90.0912680704915,-84.950170845388,5.03481406395389,14.3650656617026,-1.93412368828361,23.5054561778652,6.75513198011946,112.410779808802,-10.9994936747013,11.4264650336244,0.660405448386405,-2.25941751915648,24.3416970332799,-119.192943495729,4.37002112641202,12.2054074982117,3.51192462271292,-16.4843159323946,96.6009805879937,-306.360862978077,2.4429049090953,15.2465302338352,-0.803314971738121,10.3746174914974,12.6654819136512,2.36645320570756,0.615751986578789,16.4564088097211,0.896469677502267,5.31417224781759,15.4868380680619,-88.3223475925607,2.71667016361956,14.6540757732746,1.8592536716514,-23.8411630088442,-14.0010230944228,123.341838879902,406.063278704633,0.220179225929252,-0.00179992822689901,1052.24301165285,0.154015701037101,0.0169001289438171
72.865,-10.9909816128709,-91.4340561572186,-68.354467828287,-80.4269777957114,-228.307892187002,-240.710786967651,0.492397056190512,10.5983344290171,27.1359479791594,-20.8367671099867,-91.2885828095027,-85.574049311047,5.13302534765276,14.5621683874581,-2.09107287162075,21.6810961429699,7.01848859863808,114.183303738668,-11.2309411829301,10.4146468678378,0.670883705566612,-3.30717118900066,22.5367724203588,-109.850591695382,5.06297716526166,11.2641872802956,3.19418063602964,-13.6793962349221,97.0987904570763,-303.453507620867,2.3392687818288,15.2483880072923,-0.918045071793864,9.28892299387593,12.49679930466,4.96542465686777,-0.00900227035969922,16.2874477461745,0.850978258408793,4.2359699871535,14.9847709174965,-86.8061365484508,2.24016289314817,14.2521629677054,1.77162192702734,-25.2014657797193,-14.4960814886974,111.76377189497,358.44601163188,0.220693357337084,-0.00160330552505261,1138.51060137183,0.148924672141802,0.0159632785814825
72.87,-11.4647054860393,-94.7447746334943,-73.9512096571004,-81.525788336372,-219.762108131694,-240.506485593185,0.529062033040688,7.33299537002097,23.6486930503801,-21.2980509558958,-92.256769181639,-86.4286413169189,5.24139871601581,14.7220115576586,-2.23566638648862,19.7132156913093,7.29382111524301,115.181775011137,-11.3734709321723,9.3663963062757,0.668518231788229,-4.30149269115619,20.5638008939106,-99.3214953128093,5.90488771252275,10.26054138681,2.81664086797622,-10.3276529631276,96.6652808907621,-297.596000471273,2.21902369412514,15.2215466336507,-1.0233955184356,8.16168183895184,12.3363879419867,7.21254782908292,-0.691166869141136,16.0583221732746,0.794584563478726,3.12323330746387,14.4594510739404,-85.3563674445553,1.76872635605242,13.8682171089714,1.65374628249307,-26.132574831653,-14.6555392489027,99.5647142556908,313.152290764899,0.22063413424591,-0.00155278864820918,1211.8415619954,0.144824552529808,0.0151340670205427
72.875,-11.9514962492244,-97.3581526371039,-79.197102760702,-82.5720137790974,-209.245088545273,-238.669399884816,0.550752767461146,4.33814688409554,20.1068726154701,-21.762467739922,-92.8833568053363,-87.4380684516039,5.35620514924814,14.8407970790474,-2.36516171287257,17.616300303849,7.57381552689966,115.389664369623,-11.4242790712374,8.30117309343837,0.658052297135974,-5.22568981827175,18.4394866299805,-87.6141689700199,6.89533351494573,9.21878141832193,2.39440569983574,-6.4748327805863,95.3104667588403,-288.775964341789,2.08390366828731,15.1681395949593,-1.11819390451934,7.00396031408415,12.1545078851217,9.04921673139479,-1.41992484865107,15.7714770367716,0.72759468884103,1.99818741528172,13.8861180022927,-83.9208545204189,1.31241413543925,13.5017087412622,1.50653100927494,-26.6350717107511,-14.5019896866574,86.982063059862,270.849620204701,0.219864757152113,-0.00172531737490544,1267.6826422653,0.141702978588066,0.0144299081674113
72.88,-12.4476446443576,-99.2296790267279,-84.0056055088151,-83.5558230357896,-196.761851338627,-235.087937068535,0.559142722273071,1.67799096238654,16.5752860517557,-22.2277638525324,-93.0592225221596,-88.5138529506099,5.47281767175117,14.9156142800112,-2.47716985154632,15.4044317465024,7.85123478936743,114.801825321758,-11.3843899962455,7.23660120990624,0.643837553383102,-6.06643605725201,16.18143721419,-74.7515586679404,8.0242947838418,8.16453651944326,1.94555779856722,-2.17905552521181,93.0713464413838,-277.029082936288,1.93607752167322,15.0904557524659,-1.20153821932623,5.82707995355229,11.9226853245484,10.4236812988474,-2.18301946234238,15.430659435866,0.650645895584385,0.883661138528767,13.2420967756287,-82.4456648607794,0.880129106838629,13.1513415583779,1.33172179936358,-26.7181183500359,-14.0668355807031,74.252318629531,231.828922245061,0.218337693306361,-0.00224046689809487,1304.02281760169,0.139515287214482,0.0138590616790299
72.885,-12.9492777847231,-100.326628072911,-88.296992557472,-84.4675383121612,-182.343055273952,-229.673220685264,0.55619560397536,-0.589423659541148,13.1214338516389,-22.691174392454,-92.6821079841438,-89.5578485639776,5.58588335192623,14.9445052409385,-2.56976016766283,13.0918253480668,8.12011639750929,113.423329714205,-11.2583513810871,6.18778066348302,0.629475121686293,-6.81502800827378,13.8084775637647,-60.7716458313907,9.27225147186155,7.12333818507333,1.49010786261374,2.49018260325291,90.0109016259272,-262.440275099765,1.77810416849939,14.9908572078467,-1.27281391831303,4.64238246726372,11.6149507887725,11.2922418403155,-2.96751068886563,15.0407104863602,0.564641387037932,-0.197724038212013,12.5079152888031,-80.8773451508861,0.479056355474004,12.8152961959915,1.13185063485962,-26.3985854382732,-13.3887903616486,61.6055740502957,196.04354264593,0.216121841956012,-0.00323245832325458,1321.4964513805,0.13820106091979,0.0134264673434394
72.89,-13.4524202241979,-100.628487895053,-91.9996944446289,-85.2977593950428,-166.044216576481,-222.360530364557,0.544126200843767,-2.41388062632066,9.81375585700484,-23.1494741144116,-91.6599443915966,-90.4654445765778,5.68954203165542,14.9264750610105,-2.6415375117137,10.6934648231717,8.37682166063106,111.268166737137,-11.0536911673725,5.16741291317771,0.61755263501717,-7.46844228491793,11.3409327230118,-45.7277682067088,10.6112712178581,6.11980160174183,1.04887070128185,7.45338664413481,86.2159053437266,-245.143859274587,1.61287607228246,14.8716951892428,-1.3316928954939,3.46103524985949,11.2090048244072,11.6202472463359,-3.76010379387821,14.6075523069594,0.470687581461008,-1.22437891048197,11.6683100905597,-79.165106005818,0.114631741498791,12.4916528042631,0.910185590419172,-25.7001298503587,-12.5119836533289,49.2603440948376,163.227163090724,0.213381344345039,-0.00480945917154152,1322.85916537896,0.137695062027977,0.0131324833251405
72.895,-13.953055994585,-100.127154077512,-95.0514780164128,-86.037482004285,-147.944521848573,-213.110273461906,0.525353775998634,-3.75448496903019,6.7198005029519,-23.5990435821758,-89.9138935529301,-91.1289528888085,5.77767963181588,14.8614515884142,-2.69168730192165,8.22574949885721,8.62086483136517,108.357916414641,-10.7803465001886,4.18571603737551,0.609490692173075,-8.03010818562511,8.80085878454202,-29.6885829545099,12.0064362712191,5.17663366631546,0.642266196961197,12.6228085316259,81.7936849104043,-225.322567762842,1.4435515297115,14.7352283772326,-1.37811431039935,2.2938773615195,10.6872392564578,11.3828978971994,-4.54744230299916,14.1381433576403,0.370041032404351,-2.17654920337581,10.7130503184128,-77.262876746293,-0.209385212508445,12.1787739197331,0.670677182865979,-24.6522728315918,-11.4838090333929,37.4188838041238,133.063187930932,0.210317215632005,-0.00702540466010859,1312.07312668896,0.137911930139347,0.0129734416259826
72.9,-14.4471904245589,-98.8268859945842,-97.4004454463639,-86.6782083937365,-128.145277890047,-201.908483853802,0.502449185103991,-4.58091817891973,3.90437814814072,-24.0359487008715,-87.3810237389665,-91.4410830689592,5.84420206893027,14.7502028881025,-2.71998690726379,5.70707018899058,8.85547196250125,104.7204991381,-10.4500424854469,3.25051656345123,0.605503147685487,-8.51032636355615,6.212212538231,-12.7376132053263,13.4177264040316,4.31386322638967,0.289154134245448,17.9045311383992,76.8680600978254,-203.205302747884,1.27347696787682,14.5835482963088,-1.41224894194676,1.15130021418641,10.0375476801337,10.5658587068349,-5.31635891855128,13.6403959136089,0.264070852195955,-3.03705679966352,9.63751833753702,-75.1311494988294,-0.490751778902467,11.8756169935179,0.417894878336862,-23.289513479316,-10.3526697136507,26.2631245351431,105.356351059835,0.207099525439133,-0.00987755515089628,1293.3098939946,0.138750586023807,0.0129386473649031
72.905,-14.9309105647733,-96.7440280429655,-99.0058331899325,-87.2120486179034,-106.768044833487,-188.766853805502,0.478077073056207,-4.87442240956114,1.42775246588287,-24.4560314526629,-84.0165503583524,-91.298408218693,5.88331504438239,14.5942232924188,-2.72678426896464,3.15823896084674,9.08784240870528,100.389084343922,-10.0756663216953,2.36752231446595,0.604665323356666,-8.92628327438438,3.60095884935769,5.02765709790335,14.8022073413924,3.54836217683245,0.00577952645367219,23.2008393524831,71.5747264827814,-179.063575637345,1.10610095389737,14.4185161713807,-1.43445037787116,0.0431526882337956,9.25386981677188,9.1656889643529,-6.05408294525414,13.1230509713871,0.154239610682427,-3.79193980844039,8.4430004350665,-72.7385428239002,-0.72851982519232,11.5819544592068,0.15694618598553,-21.6504928587045,-9.16578202726407,15.951327134708,80.1449614013103,0.203822837647317,-0.0133291429837161,1270.15829954527,0.140087229619348,0.0130068250718143
72.91,-15.4004430789952,-93.9065028444831,-99.8385961918447,-87.6318111349722,-83.952503413823,-173.722314863131,0.454934648155544,-4.62848498013676,-0.656076948058917,-24.8550093771669,-79.7955849008703,-90.6047253869666,5.88979517714845,14.3956001665277,-2.71294700791173,0.602713141488144,9.3291080961642,95.4012159744357,-9.67067668267251,1.54073027225609,0.6050759802009,-9.30163483913545,0.995118698849026,23.4971460231825,16.116338618179,2.89365758857481,-0.195111638942353,28.4128040464232,66.056373741285,-153.206635532022,0.944882134167825,14.2417150072334,-1.44519772853413,-1.02134237557989,8.33642997820261,7.19009392545277,-6.748408263472,12.595507326132,0.042102431779771,-4.43095409977818,7.1366599894229,-70.0630309213263,-0.922779521834881,11.2984883337051,-0.106628294135995,-19.7772056947302,-7.96718692441975,6.61552002326268,57.7122654990348,0.200507190533787,-0.0173590173907501,1245.19588837848,0.141789572540055,0.0131498545545199
72.915,-15.852208521657,-90.3530885321848,-99.881766964158,-87.9310816856973,-59.8541101449038,-156.836192930554,0.4356886305494,-3.84920352122132,-2.30095009533803,-25.2285811290473,-74.7143503759352,-89.2742180584808,5.85923902696769,14.1568735800553,-2.67978711431417,-1.93342674591397,9.59400538177442,89.7981825791256,-9.24857394433645,0.772914086306865,0.604092847331982,-9.6656587530681,-1.57524018126063,42.5499678822249,17.3182200255358,2.36000057021832,-0.304943134902593,33.4429850755591,60.4578173246048,-125.975366435227,0.793193826433534,14.054419662673,-1.44503552314952,-2.03367401274075,7.29164895295161,4.65799923185118,-7.38783006180738,12.0676036459128,-0.0706792323776274,-4.94790467554946,5.7311872382264,-67.0928035427177,-1.07439877507412,11.0268555204613,-0.366987749275227,-17.7142417807753,-6.79609721431727,-1.64024336196294,38.4959044266332,0.197149542673203,-0.0220401506489676,1219.94843295741,0.143717603973412,0.0133313443318519
72.92,-16.2828710082499,-86.1324973186585,-99.1305837186044,-88.1042896641311,-34.6415956868102,-138.192970867092,0.422912020540538,-2.55532200177487,-3.46993367527228,-25.5725353143809,-68.7908370667806,-87.2343347632887,5.7882783281548,13.880900092402,-2.62896760216382,-4.42176378760807,9.9002904337173,83.6246289313857,-8.82244266714794,0.0661330860362812,0.598617764723128,-10.0520014236754,-4.07807343603599,62.0566005253024,18.3696182960614,1.95463251459536,-0.319739849319391,38.1981461717638,54.9213827267434,-97.7351091496363,0.654228450186905,13.8575864675061,-1.43451687397617,-2.98614335540147,6.13172972479663,1.59944430463961,-7.96166093871636,11.5493552162901,-0.18231552170446,-5.34078436882154,4.24414225028934,-63.8267424203433,-1.18478609621561,10.7695284992957,-0.618151925956753,-15.5080302609177,-5.68567538928964,-8.74080584975644,22.931120299786,0.19382976697725,-0.0277184717891013,1195.11533101487,0.145733030979739,0.0135113065212229
72.925,-16.6893823952895,-81.3022774079905,-97.5923865095011,-88.1467614734567,-8.49436186511729,-117.898698921974,0.4190223304224,-0.777938023628319,-4.13647881324531,-25.8828597560949,-62.0648883428604,-84.4283068445963,5.67475202566741,13.5707300921103,-2.56239821367274,-6.83209278677067,10.2679410901567,76.9283770604928,-8.40456606504129,-0.577792062938104,0.585405955615003,-10.4970710278604,-6.47950234297241,81.8813385583505,19.2376501620882,1.68217570538956,-0.240309759633365,42.591869482828,49.5827217304916,-68.8676345603176,0.530905338080804,13.6518625954121,-1.41415580381136,-3.87198646042534,4.87393897917472,-1.94471383280778,-8.46013741900486,11.0506506588041,-0.290866254550319,-5.61170937020229,2.6970291119059,-60.2745205016364,-1.25569951046829,10.5296235000368,-0.854185516286053,-13.2060580692791,-4.66229690352621,-14.6400344096155,11.2764345869821,0.191015065185506,-0.0356655909415098,1170.91549984684,0.147708943610115,0.0136558768184987
72.93,-17.0690202179505,-75.9275645320567,-95.2862852476721,-88.0547606318246,18.4001683263758,-96.0790989883417,0.426222872325857,1.44010838068859,-4.28531536831314,-26.1558483662032,-54.5977220215622,-80.8172395429964,5.51782826906431,13.2295058665959,-2.48212741350417,-9.13320523181844,10.7181960890302,69.7604005738241,-8.00610462078471,-1.15688374178674,0.561374344151138,-11.0381512923898,-8.74404807829556,101.884922739747,19.8960386022792,1.54507276123836,-0.0721800073319536,46.5469603857411,44.5671697473084,-39.7625523597807,0.425785652438976,13.4376140868588,-1.3843938179485,-4.68552236456713,3.53962672881945,-5.92329798867385,-8.87452651762413,10.5809181940122,-0.394228700429222,-5.76665499628789,1.1141579752944,-56.4563488012955,-1.28911669155487,10.3106343674096,-1.06939811358492,-10.8560391802685,-3.74531080123566,-19.3202080281049,0,0,0,1147.39119949695,0.149527263596548,0.0137386787496965
72.935,-17.419418781168,-70.0797126435473,-92.2426083727807,-87.8255146532291,45.849195719156,-72.8774129410902,0.446448597953073,4.04514512544701,-3.9130567407033,-26.388202905671,-46.47090789359,-76.3817234058401,5.31807219459527,12.8603850831756,-2.39023759048821,-11.2938680939221,11.2724867604672,62.1748794333463,-7.63682815238648,-1.668726877607,0.523885843388575,-11.7113302132227,-10.8349845096371,121.927221671071,20.3259006119086,1.54400631810889,0.17469857261884,49.9975425314273,39.9866839923751,-10.808477094367,0.340998082087677,13.2149702280939,-1.34558442220114,-5.42232228766004,2.1530440701079,-10.2755216740931,-9.19723908107287,10.1487755759419,-0.490144358916764,-5.81500959110456,-0.478633894453864,-52.402410727268,-1.28717271489471,10.1161150713321,-1.25854906591889,-8.50502288321694,-2.94726783129378,-22.7907393365268,0,0,0,1124.61476331759,0.151080504773332,0.013747333031584
72.94,-17.7385929587282,-63.8348355121108,-88.5021457770602,-87.457228972003,73.6571362452866,-48.4520481898028,0.481317849356154,6.97385028062248,-3.0284978370758,-26.5771270863424,-37.7848361343314,-71.1229271647173,5.07745796928919,12.4664918571934,-2.28874966761188,-13.2839382630146,11.9513172816524,54.2292544822826,-7.30489212374986,-2.11032508910931,0.470989825463036,-12.5493530832917,-12.7148385849359,141.86983761172,20.5160629819374,1.67824410801639,0.486455529467279,52.8907567268116,35.9373443723879,17.6157118093182,0.27817868846904,12.9838810213477,-1.29799746956508,-6.07938898845537,0.740032749418597,-14.9319227319496,-9.4219527697639,9.76168212988515,-0.576232547465324,-5.76897792740278,-2.05532157337522,-48.1520341871395,-1.25216270766205,9.94933716085631,-1.41704545244598,-6.1984449772881,-2.27454956761588,-25.0863184118274,0,0,0,1102.7389112581,0.152279484941878,0.0136804438826754
72.945,-18.0249544195824,-57.2722921708947,-84.1152040934825,-86.9490884022882,101.628113943055,-22.9740750447987,0.532091209200945,10.1546719689675,-1.65259802023843,-26.7204107062511,-28.6567239817612,-65.063148170824,4.79932607483517,12.0508952318796,-2.17954229026934,-15.0755434754725,12.7731480103327,45.9842025315978,-7.01665364677397,-2.47810085057367,0.401603233994361,-13.5795190002929,-14.3460642768706,161.578514210112,20.4629346187729,1.94587243461587,0.845983675375466,55.1879933097474,32.4973606373836,45.1491882200848,0.238427704767274,12.7441837794858,-1.2418431368072,-6.65532911566886,-0.673331142971395,-19.8155226293143,-9.54374330260587,9.42561470760511,-0.650055849942509,-5.64287640097401,-3.59100822722332,-43.7526570630403,-1.18659829024717,9.81295030180593,-1.54112189490402,-3.97914286849934,-1.72830376000956,-26.2645761874167,0,0,0,1081.93642067019,0.153059493036598,0.0135511527300753
72.95,-18.2773201669036,-50.4731494641417,-79.1404965340037,-86.3012468224908,129.568315959213,3.37536938525068,0.599638440696405,13.5094462990658,0.181849876032781,-26.81650180075,-19.2182188997448,-58.2458117546323,4.48828908891748,11.6166127998937,-2.06428949861152,-16.6442543858686,13.7533327803198,37.503463236953,-6.77652875493413,-2.76803336044493,0.31562172212749,-14.8217435972296,-15.6919065702942,180.925239513677,20.1699886104064,2.34390049550561,1.23376523979767,56.865604998857,29.7255146525783,71.4567782225254,0.222285286537181,12.4956744668913,-1.1773131981818,-7.15049692739751,-2.06205408850341,-24.8432046989415,-9.55921854068979,9.14479114301676,-0.709218736216824,-5.45236936843034,-5.06313501482053,-39.2586417886888,-1.09329997267169,9.7086742036385,-1.62799276679808,-1.88637113230197,-1.30557332423356,-26.4033686858941,0,0,0,1062.28256875385,0.153390738243463,0.0133784779576303
72.955,-18.494913439644,-43.5186545481086,-73.6438929502946,-85.5148059467739,157.288175143521,30.4077171824631,0.684414288129225,16.9551694865795,2.43085437916809,-26.8645651268375,-9.61266521750254,-50.7349260029629,4.15009121302006,11.1666354166551,-1.94441936378205,-17.9701713317718,14.9031557960861,28.8534669293627,-6.58689830472551,-2.97591545138887,0.21395553356089,-16.2869072655391,-16.7174565051281,199.789961219761,19.646924466872,2.86823700430932,1.62880087577798,57.9150656443195,27.6599751404739,96.2355900103752,0.229727210952738,12.2381792835223,-1.10463529768432,-7.56708575248362,-3.40342041939214,-29.927292628909,-9.46664663195901,8.92146437000058,-0.751496310274922,-5.21369828456064,-6.45251058748168,-34.7299903928704,-0.975503276221137,9.63704852541949,-1.67597009990648,0.0451344175506435,-1.00050002626824,-25.5977825419143,0,0,0,1043.64618532052,0.153280952298374,0.0131846146637669
72.96,-18.6773571855428,-36.4887491797978,-67.6970585899491,-84.5917841893678,184.6043514814,57.9295941900813,0.786443675282018,20.4058774305772,5.04014550652678,-26.8645256655114,0.00789226521150262,-42.6140129624205,3.79142845897576,10.7039675260158,-1.82109456122775,-19.0388534452545,16.2290072319696,20.1027358711632,-6.44807365148878,-3.09770057268273,0.0984903126057398,-17.9755970243268,-17.3908782295976,218.061860442862,18.9085914458242,3.51355748010854,2.00959700743996,58.3425604600915,26.3174492169642,119.220484401921,0.260180397587535,11.9716221290478,-1.02413434299999,-7.90914453793212,-4.67799253819907,-34.9772973797625,-9.26606714895171,8.75580741474054,-0.774985674880239,-4.9429525596503,-7.74409814067667,-30.2310035959701,-0.836954686812999,9.59726360819623,-1.68454350919095,1.78599060121923,-0.805488831406278,-23.9569579025717,0,0,0,1025.64150540967,0.152781201141344,0.0129885022031893
72.965,-18.8246604661416,-29.4606561197063,-61.3760120775161,-83.5350767418994,211.341489493271,85.7453851345285,0.905316597438174,23.7745844311853,7.94635397494503,-26.8170962152734,9.48589004757934,-33.9845507570949,3.41973772207506,10.2316765716967,-1.69521435629672,-19.8420269192077,17.7317290765882,11.3210574588442,-6.35833392472695,-3.12990324245386,-0.0280216561700963,-19.8773312593255,-17.6847667135993,235.640162509195,17.9737586929176,4.27309408777085,2.3551640617685,58.1680160978262,25.6926726016547,140.188260552706,0.312556979653896,11.696083956949,-0.936294146047459,-8.18250090975896,-5.8703566956839,-39.9017879226218,-8.95937316843221,8.64590400007526,-0.778268364600986,-4.65542365787359,-8.92751456834867,-25.8289177877446,-0.681974703862568,9.58708912667693,-1.65442115740045,3.31284643548312,-0.712233814169813,-21.6008176859453,0,0,0,1007.68189899382,0.151968842700731,0.0128027129578676
72.97,-18.9371982959926,-22.5075659702219,-54.7596344422554,-82.3484080685091,237.333734678276,113.659695393199,1.04019275957791,26.9752324279716,11.0784166096199,-26.7237885473456,18.6615335855833,-24.9639731742484,3.04296391708964,9.75294434383979,-1.56743608095495,-20.378022971276,19.4061543877992,2.57845383595338,-6.31404467028655,-3.07001792319052,-0.162129405274267,-21.9703302968437,-17.5775731705652,252.434495485753,16.8638164161497,5.13838328915781,2.64597656088493,57.4236050077993,25.7582790568905,158.960495846701,0.385304603816668,11.4118506010741,-0.841812149668375,-8.39457912366814,-6.96957321657981,-44.6103302495949,-8.55035266744987,8.58785188474357,-0.760569232708959,-4.36507291121971,-9.99721587263257,-21.5925435368596,-0.51546904271326,9.60291024314681,-1.58753267628669,4.60886401458319,-0.712529341779744,-18.6567832225289,0,0,0,989.091283226865,0.150940635279787,0.0126341804606609
72.975,-19.0156855474292,-15.697450287329,-47.9281615526869,-81.036278077932,262.425998115665,141.479670316034,1.18981577494559,29.924603073563,14.3591695563068,-26.5869079886171,27.3761117457191,-15.6832836111283,2.66931489916276,9.27111295280621,-1.43821297563805,-20.6519135442029,21.2408541755425,-6.05600453781415,-6.30996727227613,-2.91757255908005,-0.299893316740672,-24.2218634962669,-17.0550174771148,268.364836481107,15.601286270139,6.09838288092914,2.86481256072608,56.151787736004,26.4651201279501,175.40503781987,0.476469778787551,11.1194464021954,-0.741640554282079,-8.55411047114061,-7.96931125697623,-49.0154313466377,-8.04467941154589,8.57597705157261,-0.721895531835116,-4.08413033994324,-10.9523643562705,-17.5909201822092,-0.342875049533226,9.63987211118192,-1.48699579337613,5.66396957892508,-0.798818256594521,-15.2565463333768,0,0,0,969.267803602107,0.149787680541354,0.0124820059933644
72.98,-19.0611456662781,-9.09202376975406,-40.9616921281508,-79.603903255843,286.474964417241,169.017138363142,1.35253651032166,32.5441470751507,17.7070866415569,-26.4095316817884,35.475261365686,-6.28434865023549,2.30701398531096,8.78971846353597,-1.30784432170242,-20.6753328533662,23.2180969007261,-14.5154759356269,-6.33981271691001,-2.67541612062249,-0.437119637092148,-26.5891674106798,-16.1113957832147,283.361109797179,14.2082473852417,7.13835526104742,2.99747518637105,54.4029875344414,27.743121114171,189.436195879794,0.583770510734502,10.8196518615953,-0.637008337435367,-8.67074418985454,-8.86767074450583,-53.0344212170455,-7.44984652498177,8.60314746452485,-0.663140000823682,-3.82282823141896,-11.7963949017554,-13.8919942650913,-0.170037945463348,9.69212438753782,-1.35704819076537,6.47486029629184,-0.964459025106147,-11.5329577002878,0,0,0,947.832375670916,0.148584822627785,0.0123442347310689
72.985,-19.074875039846,-2.74587471359632,-33.9387426117264,-78.0571540348248,309.349844203916,196.090550076772,1.52634495255159,34.7616884460181,21.0381172820253,-26.1954711351093,42.8121093358625,3.0830572154078,1.96405950135191,8.31250607002825,-1.17653313815097,-20.4659940160022,25.3140164372243,-22.7366386132275,-6.39641395083266,-2.34792219931898,-0.569609014945462,-29.0208924910255,-14.750689073408,297.362517969877,12.7058092557444,8.24171404317928,3.03351613931018,52.2330207548745,29.502753866195,201.013719935388,0.704674220142357,10.513504587329,-0.529420393779349,-8.75457753644146,-9.66671639485668,-56.591207112142,-6.77503987803783,8.66116645744361,-0.58613365541276,-3.58926111430781,-12.5363183388207,-10.5613258687608,-0.0030198024794853,9.75314869197734,-1.20294511104457,7.04476998496021,-1.2037233444695,-7.61708165056653,0,0,0,924.732206596589,0.147383289489416,0.0122166529114986
72.99,-19.0584039336885,3.29422123150154,-26.9348786382013,-76.4024896442179,330.932878121675,222.526690936935,1.70890978018373,36.5129655264618,24.2675767365442,-25.9492200093772,49.2502251464487,12.264380117461,1.64799991362126,7.84342201557584,-1.04444638814192,-20.0469304222279,27.4989757347812,-30.6609165986638,-6.47161369471402,-1.93901731306418,-0.693393095395688,-31.4590011401053,-12.9873854858403,310.316695599763,11.1140281743432,9.392027163998,2.96670447993389,49.7004296946131,31.637180635012,210.14068199817,0.836477054198145,10.202283943662,-0.420632109541339,-8.81563316895853,-10.371768891861,-59.6178398706194,-6.03095291098114,8.74121894868351,-0.4936375490956,-3.38935457832856,-13.1818179969736,-7.66082656993662,0.15214775787317,9.81614464473553,-1.03082190131289,7.38301336941877,-1.51156183227728,-3.63545873000292,0,0,0,900.262015333418,0.146209818639346,0.0120972910120543
72.995,-19.0134549658898,8.98979355973605,-20.0214506467368,-74.6468916196798,351.119604906956,248.162152337939,1.89762465896537,37.7429757562555,27.3120412102516,-25.6758883913028,54.6663236147867,21.1035111198723,1.3657318325462,7.38657921535103,-0.911772665806324,-19.4455094568105,29.7381058257715,-38.2355648467152,-6.55684451139795,-1.45409384884902,-0.804946772740288,-33.8410109865352,-10.846945190496,322.178776490129,9.45082017512092,10.5712882020122,2.79508101375429,46.863877530273,34.0250787876051,216.86039684818,0.976381149904931,9.88748099470004,-0.312599915535663,-8.863319204948,-10.9905148830745,-62.0558421950005,-5.22954905984739,8.83433940084789,-0.389267699948763,-3.22692012262136,-13.7442096031169,-5.24753535385544,0.289749165182884,9.87444500485158,-0.847519660628413,7.50434144811059,-1.88319599991955,0.292390044658222,0,0,0,874.992054672115,0.145069728049954,0.0119859265996531
73,-18.9419001155391,14.3109700701475,-13.2644584077511,-72.797797065312,369.818910873893,272.84455115026,2.08966014426669,38.4070970602975,30.0912013155159,-25.3811250646293,58.9526653347487,29.4460289963785,1.12332661279072,6.94619562666254,-0.778772740773495,-18.6922800882777,31.991993697879,-45.4145499469633,-6.64373762759439,-0.900942411288407,-0.901362703437825,-36.1024568534035,-8.36585979116646,332.910457673447,7.73127964215625,11.7591496257073,2.52090332577625,43.7797644799489,36.5341000461058,221.252531129911,1.12156706579208,9.57075644101908,-0.207410537396831,-8.90591137816092,-11.5320091168152,-63.8572618492823,-4.38378203613487,8.93186920335261,-0.277353177542588,-3.1037721911583,-14.2353435572334,-3.37244373211218,0.404685713600545,9.92192805669648,-0.660372030777578,7.42814882829326,-2.31360822109095,4.05618953775116,0,0,0,849.625745274744,0.143962041661859,0.0118868536389156
73.005,-18.8457172654866,19.2365700105097,-6.72356590865391,-70.8630326533638,386.952882389979,296.433494474226,2.28201996998691,38.471965144079,32.5296295989925,-25.0710295092355,62.0191110788102,37.1423863075291,0.92588957444877,6.52650671357259,-0.645819123244318,-17.8197245709318,34.2174882767814,-52.1591792970458,-6.72423419364513,-0.288813020928202,-0.980468002491122,-38.1794348876786,-5.59128581491831,342.479130829286,5.96793987969541,12.9339663015575,2.15049354398331,40.5002091198936,39.0248584180728,223.428558880839,1.26925936341109,9.25389015542438,-0.107193609438774,-8.95009710489233,-12.0056480090982,-64.9854278473916,-3.50728735830619,9.02587296862431,-0.162733426684522,-3.01988639312423,-14.6665315611993,-2.07938738395901,0.492765816249153,9.95339592909039,-0.476952417779408,7.17757697709371,-2.79700710700851,7.55684475721658,0,0,0,824.839801798102,0.14288665268738,0.0118084615681298
73.01,-18.7269472589146,23.7540013143646,-0.451284244982893,-68.8507502219387,402.456486284246,318.801292119894,2.47160043354937,37.916092712419,34.55842115858,-24.7520555310153,63.794795643923,44.0509675083509,0.777454192022573,6.13165570145876,-0.513421915840523,-16.8609874769793,36.3685915490119,-58.4384517813823,-6.79079921361244,0.371999456794592,-1.04088730147127,-40.0110932882149,-2.58026064140496,350.857134297496,4.17101369829443,14.0733691531208,1.69389666777975,37.0715099255567,41.3552871502572,223.52672706109,1.4167840842596,8.93872650988567,-0.0140238976655481,-9.00061791231714,-12.4201938514038,-65.415403262167,-2.61406036729757,9.10948772677394,-0.0505066655503543,-2.97358361084139,-15.0475763529824,-1.40402777173991,0.550958932963401,9.96489081004186,-0.304783776994006,6.7785556747671,-3.32634359952331,10.7080644903831,0,0,0,801.159010389508,0.141846873590186,0.0117608158470572
73.015,-18.587652405826,27.8589706177404,5.50766401590379,-66.7693646940062,416.277105586889,339.833424931102,2.65525155038924,36.7302233680076,36.1166706684577,-24.4309085503942,64.2293961242844,50.0409532777016,0.680912062819113,5.76556750625037,-0.382239530392218,-15.8486525168278,38.3974017498648,-64.2291244067465,-6.83676626582545,1.07057192910458,-1.08205033570723,-41.5419452926004,0.601464050274774,358.021159534227,2.34861419338322,15.1548854295457,1.16441263064815,33.5331627915379,43.3851648113893,221.706697919143,1.56161756495339,8.62711986486874,0.070179540208193,-9.06003991619408,-12.7829229066445,-65.1341429158322,-1.71813628671877,9.17718550363196,0.0542539402466735,-2.9617318401203,-15.3859742074259,-1.37295227877634,0.577590053436932,9.95392657241592,-0.151017432887418,6.2588197027189,-3.89294390182385,13.4376594419448,0,0,0,778.893042281006,0.140851931318371,0.0117531795662416
73.02,-18.429877310404,31.5550190844294,11.1167899868687,-64.6274948952508,428.373959751454,359.428782187522,2.82983864808641,34.9174195394653,37.1527542464974,-24.1144386551947,63.2939790399583,54.994932038136,0.637978126346607,5.43181402001248,-0.253074222111108,-14.8136296999176,40.2550774084031,-69.5155099621607,-6.85642368219445,1.79572500702092,-1.10414789465319,-42.7238996487967,3.88091435560074,363.951826566417,0.507288684155336,16.1565208838729,0.57802844130445,29.91746506201,44.9805895676219,218.144036060265,1.70142661316128,8.32088433443241,0.143749451842881,-9.12867254426239,-13.0989593757814,-64.1403767385813,-0.83328673188567,9.22493742542375,0.146796137511429,-2.97996458292003,-15.6863456943683,-2.00292459440894,0.572456565079678,9.9196204808308,-0.0220927882540164,5.64693058502785,-4.48631038723977,15.6885035919886,0,0,0,758.134506366158,0.139906152127796,0.0117875847657691
73.025,-18.2556128048411,34.8529011125068,16.3480887391693,-62.4339076976432,438.717439520685,377.499685863386,2.99230309832025,32.4928900467055,37.6253903563711,-23.8095315557343,60.9814198919609,58.8112074672352,0.649189467160598,5.13347962256773,-0.126853675742662,-13.7842033749494,41.8927945771178,-74.2890387412281,-6.84320521213054,2.53935944999919,-1.10807152232603,-43.517928952616,7.17963964746425,368.633425613445,-1.3453993200009,17.0602431100436,-0.0472127468665162,26.2496904676949,46.018181263554,213.024706489114,1.83410049983619,8.02175126925884,0.205354130298302,-9.2046444023518,-13.370841607907,-62.4442491698978,0.0272553495177535,9.25027542836765,0.222974525214128,-3.02291991151485,-15.9501321455258,-3.30031771993794,0.536855977792983,9.86271763833359,0.0766045418793936,4.97132578607909,-5.0941226198024,17.4191513930105,0,0,0,738.801697484774,0.139008895687369,0.0118589612359266
73.03,-18.0667636719237,37.7698265835245,21.1820949965599,-60.1974657640591,447.288386717215,393.971723413237,3.139720941606,29.4835686571772,37.5044601430286,-23.5229995689753,57.3063973518532,61.4057594108787,0.713935100033146,4.87303621652663,-0.00460096023649714,-12.7852769310311,43.2626743364993,-78.5476312350732,-6.78128756276533,3.30949041350877,-1.09541649574643,-43.8953238383499,10.4156318401231,372.05380796553,-3.1916432549638,17.8651190321725,-0.691994516690833,22.5487770058578,46.3888122437864,206.539745033612,1.95777550113541,7.73133688568734,0.254062038366666,-9.28413312581212,-13.5983482418762,-60.0667511935422,0.851033632035109,9.252255076019,0.279504763418358,-3.08450679568065,-16.1755749123081,-5.26075982152664,0.473520541752154,9.78550889206628,0.141063604489472,4.25941171864169,-5.70244962446849,18.6041079371987,0,0,0,720.704695022334,0.13814450137137,0.0119566475669046
73.035,-17.865120720328,40.3285903191706,25.6077491610227,-57.9270790210167,454.077348608903,408.783413927659,3.26935824220927,25.9274601206773,36.7715740551004,-23.2614747073364,52.3049723278255,62.713824717289,0.830513415666979,4.65223669179103,0.112604017899054,-11.8378339764142,44.3186631272958,-82.2949375490245,-6.65246803330917,4.1127001152484,-1.06826380638775,-43.8385080550577,13.5053383803676,374.20439932404,-5.01128890097494,18.5709900834244,-1.3365948583926,18.8284350657764,46.0007064309237,198.880253705346,2.07085285627285,7.45112122082468,0.289381998472383,-9.36173433711014,-13.7785917037472,-57.0389844030745,1.62656432241184,9.23132929929247,0.314166285526238,-3.15820433940787,-16.3579735243792,-7.86901828852537,0.386462437858617,9.69165038267177,0.168922028559991,3.536713352536,-6.2961636612678,19.2337545023923,0,0,0,703.61405629073,0.137288727893781,0.0120619556739845
73.04,-17.6523376465638,42.5566147527634,29.6220830455693,-55.631659845842,459.083835034053,421.885734906093,3.37872211536097,21.872774630298,35.4203781147001,-23.0313058599755,46.0337694720933,62.6910738504895,0.99621344987529,4.47203455100896,0.223667936374177,-10.9586201641637,45.0173540792734,-85.5395027724878,-6.45736168507582,4.92320909280682,-1.02897337376638,-43.3414135096748,16.3656944788145,375.08030347111,-6.80277473141708,19.1482300266752,-1.96132342501946,15.0985585748374,44.7817966133144,190.232860129472,2.17201102177201,7.18243825007373,0.31127553333082,-9.43094445105175,-13.9063662260254,-53.4012961949503,2.34348877193979,9.18914771087575,0.3259375109618,-3.23739528393189,-16.4901989932374,-11.0991401494179,0.280740161551839,9.58589927905917,0.159666125637939,2.82609260043987,-6.85952692271705,19.313937897914,0,0,0,687.313136030645,0.136406809420164,0.0121537785098615
73.045,-17.429912979324,44.4849334479869,33.2297388715043,-53.3200818253464,462.315604099545,433.241538492883,3.46560649236885,17.3768754015912,33.4565995701236,-22.8384619338258,38.5687852299635,61.314368466506,1.20741580720108,4.33253558899901,0.327528565431982,-10.1600358382277,45.3187427710539,-88.2939158355922,-6.20641588901708,5.70767352144592,-0.979992322472988,-42.4094338436276,18.9161096658113,374.680463185128,-8.57159588747876,19.5615153029682,-2.54672441538404,11.36680870341,42.6812858107935,180.775761921632,2.26021302872007,6.92647571985338,0.320140158098943,-9.48472385826131,-13.9747188256091,-49.2023223366163,2.99268477480016,9.12829938713162,0.315052695448611,-3.31572821287597,-16.5634212307867,-14.914858055926,0.162162343746889,9.47378515456856,0.114732462415127,2.14704973570015,-7.37690736473344,18.8652385577595,0,0,0,671.622012361581,0.135468014350777,0.0122143701802484
73.05,-17.1991772595281,46.1471439592295,36.4423388850149,-51.0011418291399,463.787999241711,442.824886791551,3.52813182761777,12.5050670497966,30.8978377452238,-22.6884426724889,30.0038522674217,58.5820942263395,1.45970889587153,4.23298520330633,0.423196741162883,-9.45021834201081,45.1869153567715,-90.5739931686571,-5.90455330268728,6.44856425818316,-0.923584769208524,-41.0589894339465,21.0803552846599,373.007848159876,-10.3146038651472,19.7931190203676,-3.0742059715472,7.64023743784898,39.6704135850085,170.675453947417,2.334709622916,6.6842821796043,0.316764766696523,-9.51610155307878,-13.9756958166616,-44.4979684575636,3.56634104049415,9.05201873436923,0.282975608048572,-3.38749457004697,-16.5679959821303,-19.2702610928303,0.0369491811599969,9.36123976673104,0.0374915689335889,1.51512596521587,-7.83356936778538,17.9219389877311,0,0,0,656.404650703745,0.134450002171949,0.0122353442435319
73.055,-16.9612854666916,47.5783585672123,39.2777262618141,-48.6835250454117,463.523356744754,450.620335803538,3.56477810066425,7.32925460928198,27.7731115375946,-22.5861986974374,20.4487950102442,54.5140717900767,1.74801609823965,4.17179234981339,0.509792644132195,-8.83328478658996,44.590670433235,-92.398038737715,-5.55529726241556,7.13456362945405,-0.861805980071274,-39.3167461541822,22.7883111505996,370.06964540969,-12.0247803748437,19.8337877051964,-3.52688014470707,3.92682585228813,35.7424766987308,160.08420941234,2.39503872747991,6.45677798087711,0.30226052173264,-9.5187798572355,-13.9012055136997,-39.3503562034385,4.0580009622282,8.96387447945682,0.232291650222958,-3.44799840028847,-16.4944474830367,-24.1107194461759,-0.0886262300985128,9.25420968398356,-0.0668972630360721,0.94142961001354,-8.2164795952513,16.5307205139406,0,0,0,641.584405590835,0.133342036596252,0.0122188178195826
73.06,-16.7172145635989,48.8141806185876,41.759100708784,-46.3757725532266,461.550498437436,456.622196640424,3.57441062247939,1.9265043630283,24.122180094475,-22.5360621220164,10.0273150842127,49.1510570340735,2.06672959508337,4.14658858842441,0.586573923307562,-8.30970153007721,43.5040782248653,-93.7862099727057,-5.16358748128678,7.75593754260886,-0.796486028625024,-37.2185357222578,23.9775399220393,365.87743515453,-13.6942478573418,19.6781999343209,-3.89022280185471,0.236827335653969,30.9121915115682,149.138355918747,2.44102164227589,6.24476674721907,0.277972646260024,-9.48769855872322,-13.743930543504,-33.8267535756043,4.46258255905704,8.86746122301949,0.16652627263157,-3.4938902260749,-16.3344784977077,-29.3740421288834,-0.208593940297393,9.15827634678241,-0.191760647720975,0.432311649413105,-8.5150681931443,14.7491218854882,0,0,0,627.183423055397,0.132152065320904,0.0121816092885441
73.065,-16.4677659006012,49.8897325995805,43.9140742600857,-44.0862509553619,457.904319573349,460.833800957321,3.55629831334936,-3.62246182600875,19.9946576112199,-22.5416888783654,-1.12535126979654,42.5538489400812,2.40984677038061,4.15431832451223,0.652954074816232,-7.87674540336159,41.906981591525,-94.7600060213213,-4.7356779393396,8.30465396511525,-0.729208430592324,-34.8080282620181,24.5946660037335,360.447343319379,-15.3143944429448,19.325034574479,-4.15264507729712,-3.41617277095915,25.2145105716057,137.957356694957,2.47275629643452,6.04894404978367,0.245380045858519,-9.41952132526286,-13.4982210101059,-27.9985029427569,4.77638143807666,8.76611163019248,0.089903075750861,-3.52343304675119,-16.0819393553864,-34.9918380474912,-0.317618884200712,9.07830690419956,-0.329304162055684,-0.0107827217428761,-8.7218898178195,12.6437978424169,0,0,0,613.374901014706,0.130902519583834,0.0121426062080827
73.07,-16.2135721019585,50.838759728579,45.7736741405064,-41.8231235709939,452.625476874014,463.266795096814,3.5101242772618,-9.2348072175208,15.4489468775986,-22.6060136742192,-12.8649591707823,34.8020302389912,2.7711054373066,4.19135445401239,0.708510434157154,-7.52902334761747,39.785443090599,-95.34188188583,-4.29019335764772,8.76480248186062,-0.661227291650767,-32.1352090809865,24.5965419200856,353.800169461478,-16.8861968058862,18.7661556579514,-4.3056836487505,-7.01454486414283,18.7030174162262,126.6436769848,2.49060779381177,5.86990072478103,0.205990624305705,-9.31301325514341,-13.1609026461335,-21.9399548049281,4.99706294774354,8.66264541382421,0.00705936155265062,-3.53666903862003,-15.7336917000353,-40.8910430719221,-0.411288819020157,9.01815670460112,-0.471101183624922,-0.391262435653047,-8.83313703273165,10.2886190814516,0,0,0,600.513115561379,0.129626775023726,0.0121171456655524
73.075,-15.9551079528312,51.6928298253595,47.3713201891121,-39.5943226889741,445.760176403112,463.94048428307,3.43598865040434,-14.827125371463,10.5510190934016,-22.7312182638283,-25.0409179217711,25.9923717040214,3.14411453691746,4.25363232444177,0.752982078607387,-7.25902090616411,37.1321410131317,-95.5549804104136,-3.87281797290134,9.10448042094366,-0.593448923915261,-29.2547126252797,23.9511894581752,345.961495236114,-18.4331181657532,17.9755413461073,-4.34395619607243,-10.5362874252974,11.4480225632847,115.283387660407,2.49519641814264,5.70811934600327,0.161240409799253,-9.16928634528509,-12.7319416665803,-15.7274109093883,5.12364853110418,8.55916891167968,-0.0772601835352436,-3.53546051807956,-15.2903103436992,-46.9955696830992,-0.486342060853598,8.98044082450999,-0.608644755904601,-0.717121257795836,-8.84896937403947,7.76265705167381,0,0,0,589.107612675523,0.128378235737528,0.0121082724969916
73.08,-15.6927047196446,52.4806466373723,48.7418041819752,-37.4075224100264,437.360055789936,462.881244447963,3.33440384668847,-20.3169607431929,5.37306956437428,-22.9187134780516,-37.4990428446793,16.2369359604799,3.52247745792323,4.33679432024262,0.786258773717559,-7.05765513036072,33.9467151859778,-95.4229646253687,-3.50824330707848,9.31911914650214,-0.526785762534046,-26.2240676895192,22.6385061758923,336.961782748361,-19.9580763712764,16.9564627246291,-4.26664581343585,-13.9550950950494,3.53447217523035,103.947433591859,2.48738317692136,5.5639636734089,0.112404161223731,-8.99189885618822,-12.2149196051985,-9.4380769267766,5.15649977735652,8.45693632748055,-0.158509722188116,-3.52338785553644,-14.7565772366124,-53.2280313604464,-0.540822394648555,8.96638769199587,-0.733922125822211,-1.00044378711457,-8.77363382436178,5.14809769585725,0,0,0,579.731236915039,0.127227759020475,0.0121049847918986
73.085,-15.4265672708434,53.2274897602986,49.9202974683797,-35.2701116591483,427.482150175991,460.122015008341,3.20628245841205,-25.6242776553063,-0.00791982519530054,-23.1691352160313,-50.084347595982,5.66092081777287,3.89990569294729,4.43633747816134,0.808362759864785,-6.91481310498907,30.2360606370996,-94.9699261838988,-3.16287230413244,9.44959267058135,-0.462279501828416,-23.1019093296197,20.650730849857,326.836473925882,-21.4128835805705,15.7670472727466,-4.07872776766438,-17.2408088632472,-4.94023818292715,92.6934737422581,2.46825285229944,5.43766225996306,0.0605240284271103,-8.78680437713032,-11.6172859618119,-3.14902266669767,5.09730191940287,8.35628060418497,-0.232626860294562,-3.50549944510996,-14.1417344768852,-59.5114912089548,-0.574152840335132,8.97578291491185,-0.839967450296147,-1.25669337538552,-8.61536561912236,2.52812770440689,0,0,0,572.879525931833,0.126267651726297,0.0120901594162577
73.09,-15.1567933211127,53.9547899460233,50.9414116694127,-33.1891670261394,416.188926600989,455.701881265805,3.05291819315157,-30.6728530520376,-5.51167996093018,-23.4823543578332,-62.6438283602757,-5.59971454406499,4.27032116573348,4.54775726490475,0.819425613504969,-6.81986274472801,26.0145642163206,-94.220341818518,-2.80614767648123,9.52559430729626,-0.401238418971165,-19.946214222641,17.9926647057185,315.626101298094,-22.7540479719309,14.458224406105,-3.78975378923183,-20.3602127522257,-13.8684755996545,81.5681834564043,2.43909440014193,5.32928863251561,0.00636121202367876,-8.56215620141652,-10.9503728271809,3.06385322781555,4.94904662030412,8.25661842340461,-0.296276001907482,-3.48792320380469,-13.4594778263569,-65.7711834558355,-0.587124670952384,9.00700609347437,-0.921348023077396,-1.50380429614567,-8.38607146058079,-0.0151647897282769,0,0,0,568.82186296588,0.125598293376807,0.0120528741167476
73.095,-14.8833941008191,54.6798440587796,51.8383348341228,-31.1714251899192,403.548367244408,449.665750202348,2.87596033709301,-35.3915712117438,-11.0561844944609,-23.8575003171354,-75.0291918605108,-17.4007946564497,4.62794621496802,4.66668186106595,0.819662610868405,-6.76212717999087,21.3042762074509,-93.1990488934912,-2.43790358595518,9.55311758958054,-0.345284945231116,-16.812616831384,14.6816491631642,303.37641747136,-23.9663804600392,13.0554258908667,-3.41287929665252,-23.2781228493508,-23.1345628778098,70.6098968544204,2.40137841775329,5.23874141012873,-0.0496264305060515,-8.32798182203499,-10.2291724969123,9.12685699982919,4.71601192054097,8.1565299985502,-0.347034165670203,-3.47736373448438,-12.7276877273142,-71.9361573893738,-0.581803062420685,9.05715793544641,-0.974543369228823,-1.76111662952601,-8.1008097398442,-2.40283570403506,0,0,0,567.488607438017,0.125321410918779,0.0120022701859357
73.1,-14.6063157537699,55.4156694098931,52.6420624820981,-29.2232547976147,389.634078461256,442.064118443943,2.67738232920325,-39.7156015779874,-16.5591802159267,-24.2929977184771,-87.0994802684176,-29.5925964407236,4.96738087280586,4.78899280317288,0.80934697862157,-6.73131754457905,16.1350061223417,-91.9312129920439,-2.06360060337216,9.53683259273294,-0.296068127351868,-13.7528629435766,10.7473053633316,290.138545577183,-25.0413465095772,11.5830507335961,-2.96460522871213,-25.9587001658305,-32.6169300489638,59.8514585415185,2.35673131658303,5.16572826142358,-0.107280060773429,-8.09575043653288,-9.47189516811355,14.9695334090182,4.40373529998316,8.05391021576156,-0.383507317256798,-3.48052247293764,-11.9679106483368,-77.9407960658994,-0.561355828568075,9.12226966619393,-0.998184412892605,-2.04820717376819,-7.77709385141815,-4.56104062543054,0,0,0,568.432800248475,0.125512345097544,0.0119754966968824
73.105,-14.3254607896941,56.1709928150341,53.3807394793026,-27.3506277979153,374.52539993915,432.952926220115,2.45944510939692,-43.5874439611829,-21.9396890307384,-24.7866154575282,-98.7235478100221,-42.0225927314612,5.28366768764371,4.91092944420226,0.788786164688625,-6.71792111291632,10.5443294930783,-90.4422646109122,-1.6872689567551,9.47852172040093,-0.255161576262776,-10.813454303501,6.23104567171565,275.9691466502,-25.9699116521496,10.0638639586582,-2.46397011525864,-28.3669090592609,-42.1902196491978,49.3231489745334,2.30690581476012,5.10975765124439,-0.166710189394173,-7.87786287187715,-8.69933797453042,20.5256981506121,4.0189741222661,7.94618339750041,-0.405370338714924,-3.50348820123998,-11.2046189775417,-83.7261666446094,-0.529816601027496,9.19758180280967,-0.993130973975293,-2.38368157869253,-7.43405481562221,-6.42286839752449,0,0,0,570.891337095365,0.126214900480309,0.0120287907802172
73.11,-14.0407089616641,56.9503656060689,54.0791248112289,-25.5590903647925,358.307486624893,422.393486428745,2.22465596707831,-46.9578284637642,-27.119454776369,-25.3355271879495,-109.782346084367,-54.5382214959695,5.57234486090715,5.02917622021952,0.758301849126512,-6.71354253408231,4.57749081946099,-88.7577878555491,-1.31194315981889,9.37693014772411,-0.223984934625535,-8.03453266711347,1.18537221219608,260.930592994754,-26.7429447155304,8.51866432622241,-1.93175060554424,-30.4700380788961,-51.7273529143693,39.0555466911251,2.25374742851577,5.07014185980711,-0.228244956190776,-7.68709795627127,-7.93410789140099,25.7344641730975,3.56964650792527,7.83056971211761,-0.413329180805242,-3.55115092728834,-10.4642917800942,-89.2411654448645,-0.491798210532216,9.27787510582831,-0.962379110364901,-2.78400036854175,-7.09150788539262,-7.93002485053937,0,0,0,573.9396640229,0.127435924010091,0.0122236732220014
73.115,-13.7519370009107,57.754392150727,54.7581871623859,-23.8537336865785,341.071335643106,410.45247359178,1.97572366434419,-49.7864605468699,-32.024310536075,-25.9363820773682,-120.170977883831,-66.989631853075,5.82948884519041,5.14093299289343,0.71821490397839,-6.71119558425714,-1.7128128939184,-86.9033508715306,-0.94264162339941,9.23363469750634,-0.203717895649754,-5.44904350102395,-4.32701823756103,245.091129900033,-27.3556952674146,6.97094924479361,-1.38968152553505,-32.2391999615429,-61.1015691076388,29.0821930876737,2.19915681482857,5.04601381214905,-0.29236120668779,-7.53605181049089,-7.19974871413327,30.5412522727871,3.06474518098589,7.70438729667641,-0.409009180957505,-3.62669248358607,-9.77437060033953,-94.4434285927973,-0.452175512402689,9.35783318234296,-0.910804084602668,-3.26241351412577,-6.76897422793841,-9.03434342722126,0,0,0,576.703575861624,0.129155325353765,0.0125968392727778
73.12,-13.459036719451,58.5800562918274,55.4348349218413,-22.2391650304507,322.91373122493,397.201953729878,1.71551064118632,-52.0426046314724,-36.5854448432504,-26.5853844905624,-129.800482638593,-79.232358864772,6.05174775180978,5.24396964504195,0.668835971204595,-6.7055417622033,-8.26678317261439,-84.9042749298899,-0.584753842646893,9.05412841502791,-0.195216261347329,-3.08220883258456,-10.2343004332814,228.525002295324,-27.8069567305182,5.44784813187626,-0.859431060438038,-33.6507317562658,-70.1884485050811,19.4419315972401,2.1450481128801,5.03635893253554,-0.359604274675449,-7.43660662648789,-6.51982596071897,34.8987709491335,2.51421727904007,7.56537083141186,-0.394778646539688,-3.73120207488009,-9.16215313001757,-99.2999881447255,-0.415759067248734,9.43241401474315,-0.844758663501218,-3.82807420815963,-6.48471271577808,-9.69910410507852,0,0,0,578.557954752922,0.131330225213338,0.0131398052912806
73.125,-13.1619310814985,59.4211275905434,56.1217799528852,-20.7194796173664,303.937082617134,382.719433153781,1.44698312893431,-53.7055024504514,-40.7405481272676,-27.2783810929464,-138.599320476926,-91.1298805389817,6.23636693175747,5.33666656530403,0.61046182277963,-6.69307062923914,-15.01801917085,-82.7853459772261,-0.222406140808522,8.85615706378184,-0.19885652546547,-0.951325852603274,-16.4567334980037,211.31251871754,-28.081603250855,3.99435887928739,-0.362208019273476,-34.687424143873,-78.8679219698785,10.1808033151625,2.09330384040537,5.0400616816246,-0.430502916763452,-7.39946316331193,-5.91702306637258,38.767944876974,1.92880465799493,7.41198496501953,-0.373521304918517,-3.86345483290701,-8.65369206414757,-103.787663408569,-0.386981595378964,9.49720681463807,-0.771558757909995,-4.48539259792803,-6.25481791979763,-9.90014654972564,0,0,0,579.241756865765,0.133906887457399,0.0137971532362791
73.13,-12.8605879442863,60.268627442504,56.827530331013,-19.2982339514507,284.249133183407,367.087902009497,1.17316000381695,-54.7646250235224,-44.434823839061,-28.0109537245997,-146.514526330799,-102.55601252125,6.38120793821989,5.41804266468246,0.543377245091457,-6.67221552832458,-21.8941753327211,-80.5704785460371,0.169018157140069,8.65968329810652,-0.214409719156205,0.934106581997934,-22.907995516902,193.540022758425,-28.1606406786458,2.66070290968527,0.082731240602895,-35.3395201982961,-87.0262579996994,1.35339578735285,2.0457273960864,5.05596481156596,-0.505485855910651,-7.43376645746088,-5.41229786387148,42.1187660367406,1.31984188624395,7.24370999159128,-0.348374835361926,-4.01987724161869,-8.27276612163078,-107.893187263713,-0.369617764871103,9.54875118218204,-0.698897924926196,-5.23367512530603,-6.09243821162486,-9.62676764375624,0,0,0,578.851389534982,0.136825674534876,0.0144778291063474
73.135,-12.5550312738793,61.1113340812844,57.5565034025856,-17.9784213351393,263.962523261774,350.395847241594,0.897061205937869,-55.2197595757088,-47.6218518301812,-28.7785162770603,-153.512510491824,-113.397098553551,6.48476177662033,5.48777218267688,0.467861880295,-6.64339766186768,-28.8177838429469,-78.2823468117098,0.556582353103207,8.45396170372419,-0.241132188993344,2.57194659541212,-29.4966158418161,175.299742251635,-28.0720543529418,1.44834965294312,0.461581709410599,-35.6054371673926,-94.5580035117561,-6.97643889941046,2.00399475410549,5.08293786054832,-0.584805922548929,-7.54684729410779,-5.02414061521208,44.9310371656166,0.699009634029181,7.06128340986615,-0.322455194655376,-4.19470657332968,-8.03998466927404,-111.613076950628,-0.366555556089356,9.58480398466182,-0.634238490957268,-6.06707599493057,-6.00716223288789,-8.88239716801375,0,0,0,577.732781681262,0.140020529004665,0.0150853408108444
73.14,-12.2453497477704,61.936305221837,58.3092470709036,-16.7624503620267,243.19419462274,332.737209540091,0.621656531363699,-55.0809349148841,-50.2642946692199,-29.5764137144389,-159.579487475862,-123.553957927965,6.54615693769423,5.54619087234843,0.38420126991509,-6.60899183130251,-35.7072426766457,-75.9420010314499,0.874708643041645,8.21713091440387,-0.277878749319377,3.9666811884741,-36.1274828121873,156.689488937812,-27.8705161232244,0.333146344113017,0.765782652206343,-35.4921793150213,-101.367839537223,-14.7355564460788,1.96960744284624,5.11995016739032,-0.668476914229692,-7.74409315375907,-4.76796457327318,47.1949743914586,0.0779736510199855,6.8670060315603,-0.29858782686206,-4.38033400831401,-7.97207677445884,-114.953267391337,-0.379653572440352,9.60468319758816,-0.584237357710749,-6.97486569563372,-6.00461290170838,-7.68504820322319,0,0,0,576.339590568414,0.14342723033495,0.0155457530791194
73.145,-11.9317027594354,62.7293976670581,59.0827542879217,-15.6521272093085,222.064630543841,314.21125985761,0.349815577756261,-54.3681907215371,-52.3344405998703,-30.4000213195531,-164.721521022994,-132.943554850629,6.56516225033313,5.59429134573674,0.29270126342615,-6.57320867554222,-42.4779637206444,-73.5684894895824,1.10132428258739,7.95281543825021,-0.323354535950517,5.12845347658667,-42.7034067673862,137.812186101476,-27.5789875037549,-0.674355946818637,0.989126734363724,-35.0154245433822,-107.372299585278,-21.8422144341866,1.94384928745703,5.16614285563268,-0.756227125360739,-8.02895214893015,-4.65564819884946,48.9116352639221,-0.53194346294564,6.66483633978679,-0.279066024946991,-4.56780474320811,-8.08140049361031,-117.928531998346,-0.409651918284253,9.60938462308598,-0.554235074294312,-7.94199922270678,-6.08627597973257,-6.06754053341193,0,0,0,575.120473612474,0.146988694192035,0.0158199410481936
73.15,-11.6143239365891,63.4757645691372,59.8708534133529,-14.6486425480717,200.696932246957,294.922373230148,0.0842595884114385,-53.1111978688619,-53.8145797203522,-31.2448422170232,-168.96417949369,-141.500358846388,6.54218415561718,5.63370657209512,0.193704942284826,-6.54189105827147,-49.0436685053563,-71.1785064111194,1.24679824652256,7.67883287781505,-0.376262075410134,6.07189945492835,-49.1267202448248,118.775208430642,-27.197417949599,-1.54149709189604,1.12824347454131,-34.1992816673637,-112.501288719204,-28.2074878913808,1.92774957153679,5.22089391314923,-0.847472144817267,-8.40306259064767,-4.69523587183481,50.0931403304879,-1.11984250941028,6.4599587465607,-0.265455161370221,-4.74743479651184,-8.37569002487962,-120.561720661583,-0.456077464689879,9.60110591008381,-0.547826045059234,-8.94994550786467,-6.24957579860014,-4.07749579577661,0,0,0,574.461690534379,0.150653183366648,0.0159083033431671
73.155,-11.293522370925,64.1603131328808,60.6646554735751,-13.7525638509133,179.215739431859,274.97968086545,-0.172484103074558,-51.3487382972459,-54.6972126494965,-32.1066012306904,-172.351802733604,-149.177370064213,6.47825765483438,5.66667990325877,0.087611228698215,-6.52222624061796,-55.3178119653456,-68.7860852129146,1.32452562565886,7.41136256902366,-0.435206690868954,6.81485790733642,-55.3008986277988,99.6895266997837,-26.7247857307744,-2.23859804684703,1.18395990982347,-33.0757283116777,-116.699337014072,-33.7373725492806,1.92205516823917,5.28387073066075,-0.941308091951046,-8.86649012726752,-4.89079239173472,50.7626611082308,-1.67549951495885,6.25861346495024,-0.25845882639999,-4.90949468059141,-8.85803874344917,-122.882846909925,-0.517259999114887,9.5830696473449,-0.566593854178073,-9.97772125491463,-6.48819521158043,-1.77710227998062,0,0,0,574.667619119068,0.154378240104806,0.0158416543614228
73.16,-10.9696818293974,64.7681083055754,61.4530384620378,-12.9638338022293,157.746009736937,254.496585687654,-0.418124374008606,-49.1280541868543,-54.9850934072263,-32.981333173947,-174.946388651469,-155.946788570176,6.37502996515539,5.69601967949551,-0.0251056275820062,-6.52238035735832,-61.2151077936212,-66.4023541415391,1.34886338823193,7.16419886011706,-0.498680258462288,7.37702323291731,-61.1321848587543,80.6686593179218,-26.1602376996581,-2.74087679657272,1.16123552090631,-31.6837511200853,-119.92652312802,-38.3355083665244,1.92721378490346,5.35506525897645,-1.03652505598239,-9.41804482122503,-5.24239684484296,50.9541546598072,-2.18988838857141,6.06830459404494,-0.257857585505761,-5.04490538847799,-9.52709710400753,-124.92805613036,-0.590484084832491,9.55980355060468,-0.610038387479488,-11.0030583543643,-6.79262164142663,0.757354731354321,0,0,0,575.952897385152,0.158124885671266,0.0156745535923086
73.165,-10.6432582730214,65.284711275078,62.2231486960681,-12.2817754081946,136.41167880667,233.590131612617,-0.650644760194584,-46.5040772371058,-54.6911104573045,-33.8654637495561,-176.826115121475,-161.800312413138,6.23473585250868,5.72503653312646,-0.14387647361929,-6.55106706235593,-66.6531228162738,-64.0353680526187,1.33428713598536,6.94873214728582,-0.565067716486868,7.77861340862696,-66.5312009781628,61.8274427555923,-25.5033290363384,-3.02925984555923,1.06880759328165,-30.0682201585241,-122.159012616322,-41.9064239147553,1.94336978470156,5.43480823692936,-1.13163919958294,-10.0556430139423,-5.74625437710493,50.7118345547564,-2.65547923473151,5.89757418487503,-0.262526301032882,-5.14589241352041,-10.3774479544026,-126.738504493079,-0.672129904759206,9.5369497054401,-0.675642961208929,-12.0036254028694,-7.15088775231854,3.43620399102314,0,0,0,578.438332454293,0.161855057230583,0.0154632612846743
73.17,-10.3147760468496,65.6964452344206,62.9608998783578,-11.7051042635204,115.334228934944,212.380222601802,-0.868337509161619,-43.5385497934464,-53.8380118325913,-34.7558813504825,-178.083520185456,-166.749055379332,6.0601637157645,5.75746199613946,-0.268018378673956,-6.61706749292821,-71.5539027907865,-61.6900261062058,1.29465884226586,6.7740391767984,-0.632674636721164,8.03912380136,-71.4145272113976,43.2806427841453,-24.7542303722025,-3.09100071589144,0.918620084962811,-28.2785380333629,-123.389171011364,-44.3591737504057,1.97037315501318,5.52376061008458,-1.22494085748237,-10.7766742124979,-6.39490058291472,50.0893790577723,-3.0663703655346,5.75553690024304,-0.270529653784779,-5.20654839786302,-11.4001097189588,-128.359174456597,-0.757806694596717,9.52080919637703,-0.759084198035909,-12.9582212004901,-7.54946508241513,6.15735055746518,0,0,0,582.159691873543,0.165529355826232,0.0152611719614297
73.175,-9.98482312306306,65.9905847573593,63.6514518713816,-11.231948264476,94.6311998089809,190.988693794953,-1.0698327611823,-40.2990504041735,-52.4579819937912,-35.6499982045725,-178.823370818154,-170.823081858013,5.85461176880039,5.79734791764462,-0.396717277382152,-6.72872336189064,-75.8455884498723,-59.3680807988713,1.24263228125673,6.64704801980122,-0.699775555107735,8.17623207697638,-75.7062263551364,25.1414377567945,-23.9139013790976,-2.92007543892857,0.725071680342226,-26.3671113464167,-123.62523253085,-45.6112176040611,2.00780117605482,5.62288214278903,-1.31455507314647,-11.578332144388,-7.17747275631363,49.1488890017213,-3.41842269219281,5.65149261374057,-0.279288602092402,-5.22326366006429,-12.5831114538905,-129.837648202923,-0.842513809910077,9.51798503958502,-0.854584046176989,-13.8478615310441,-7.97426276855298,8.80750148050873,0,0,0,587.099492476397,0.169103166841036,0.0151001121204688
73.18,-9.65404577745279,66.1554691219252,64.2796532190289,-10.8598748674515,74.4146794047485,169.5382435195,-1.25412244686441,-36.8579371363501,-50.5920795769475,-36.5457994922848,-179.160257542123,-174.070563045938,5.62183408209432,5.84894743892328,-0.529013000752265,-6.89342849739743,-79.4639786930011,-57.0682393491549,1.18921013820788,6.57274611016121,-0.764679528468849,8.20491024681608,-79.3392877470887,7.51981330384686,-22.9842332601123,-2.51733385487331,0.504131822231854,-24.3876976890814,-122.890529894526,-45.5923735370512,2.0549913177193,5.73337913989494,-1.39851042161869,-12.4578718988663,-8.08002492104698,47.9596189464353,-3.70932705796626,5.59452909804278,-0.285805263769417,-5.1949951619755,-13.9120835635636,-131.222855954382,-0.920801729249859,9.53501932617778,-0.955366136590652,-14.6566896708914,-8.41168148956547,11.2636678219458,0,0,0,593.23026468588,0.172530620805538,0.0149901902369551
73.185,-9.32314305808004,66.1805438746105,64.8304340580436,-10.5859257855162,54.7898163871136,148.151241467346,-1.42057855996378,-33.2912226199038,-48.2895464828662,-37.4418792859121,-179.215958725616,-176.556565729334,5.36597675161335,5.91657974057668,-0.663787630876824,-7.11714608963244,-82.3539976572313,-54.7863543110997,1.14345492269221,6.55440498522404,-0.825806616784754,8.13678740521628,-82.2569616914333,-9.47908565460581,-21.9681643445212,-1.89039670735361,0.272383201912131,-22.3936854617386,-121.222317003881,-44.2486682397783,2.11108297867315,5.85663495066027,-1.47481168843513,-13.4127616593334,-9.08586877319771,46.5965149021522,-3.93860131404075,5.59313296090329,-0.286928567857471,-5.12335720426296,-15.370813854966,-132.563812671589,-0.986926213659515,9.57804150183414,-1.0541788147913,-15.3726551956968,-8.84967451318181,13.3949543266553,0,0,0,600.554172248236,0.175760236835857,0.0149155892160504
73.19,-8.99286136441138,66.0563387337931,65.2891391495976,-10.406658798678,35.853397367667,126.948434561314,-1.56896553666614,-29.6773953405,-45.6069998747463,-38.3374624077199,-179.116624361726,-178.361491985264,5.09150499098385,6.00448231391156,-0.799758163871999,-7.40397899050449,-84.4710239328694,-52.5156966833577,1.11234547033171,6.59380182283495,-0.881767055945858,7.97979163864826,-84.4139524531676,-25.7565951296022,-20.8697731131843,-1.05330122574663,0.046054436724236,-20.4363664051352,-118.670241782424,-41.5459070869767,2.17506499685483,5.99412835188109,-1.54151200507777,-14.4407074755353,-10.1759295606062,45.1385992871152,-4.10752525998382,5.65483007501528,-0.279639414302245,-5.0125301031374,-16.9417297115757,-133.90835475644,-1.03499706631556,9.65245056547622,-1.14384395030257,-15.9879238310891,-9.27877226294085,15.064643562028,0,0,0,609.124620382491,0.178747442778117,0.0148475756466357
73.195,-8.66398939742858,65.7743933966189,65.6417942103933,-10.3181961341538,17.6925329048484,106.047577754487,-1.69944654743835,-26.0962021544656,-42.6075195995261,-39.2324115790607,-178.989834268314,-179.579195210397,4.80312242497666,6.11665594384768,-0.935474464395312,-7.75581854372764,-85.7820432743793,-50.247301913097,1.10076250093123,6.69142452383206,-0.931434036763408,7.73808282986083,-85.7774363949577,-41.222111779808,-19.6943516650351,-0.0259110864275992,-0.159893138407642,-18.5632618303553,-115.29454884139,-37.4727946598932,2.24582549874215,6.14734585679308,-1.59678035258736,-15.5395419784311,-11.3291134208124,43.6672483572123,-4.21973127480894,5.78528800330212,-0.261334204313074,-4.86899529428896,-18.6062819561176,-135.301888418468,-1.06002694452733,9.76247898398591,-1.21780613172,-16.4990022635068,-9.69303276413543,16.1325737555586,0,0,0,619.049029433386,0.181457166599879,0.0147549321541485
73.2,-8.33735366886842,65.3271457119067,65.8753024002862,-10.3162786586375,0.38349510326118,85.5620219803127,-1.81258358425232,-22.6274073627501,-39.3596443528987,-40.127219527658,-178.961589719121,-180.314804767926,4.50568425260449,6.25670875359811,-1.06932342694192,-8.17209368357912,-86.2665905546543,-47.97037718905,1.11158070550704,6.84665312682264,-0.974001346970995,7.4122706903563,-86.3278719727282,-55.7945595106197,-18.4484603059488,1.16688081002116,-0.332565601249919,-16.8165631034049,-111.164108564054,-32.0434528978546,2.32220066888715,6.3176943715067,-1.63896089811382,-16.7069817475548,-12.5226896723404,42.2644089224001,-4.28216322201853,5.9870210049193,-0.230084268881326,-4.70111599476782,-20.3452224771562,-136.786163289848,-1.05957754104728,9.91070015946587,-1.2706409879004,-16.906584765875,-10.0908861578456,16.4577990846582,0,0,0,630.470165409781,0.183870535793859,0.0146101744554405
73.205,-8.01381467461795,64.7077988501513,65.9775715817004,-10.3963249233379,-16.0092529400774,65.5992954847882,-1.90933130422852,-19.3495439952573,-35.9362905849249,-41.0229860299449,-179.153300457552,-180.682298081457,4.20410622648927,6.42770641166332,-1.1995401178581,-8.64963669520868,-85.9174521133852,-45.6727573208515,1.1458412899772,7.05791520637637,-1.00901860622628,6.99989545602437,-86.0595704108844,-69.4036929166991,-17.1399611709828,2.49611752477189,-0.461774216502292,-15.2317449820672,-106.354378852872,-25.2992080025245,2.40301941171685,6.50642038400497,-1.66662137743335,-17.9402718721162,-13.7326969499278,41.0107999684363,-4.30192265931185,6.26156567652017,-0.184840322469902,-4.5185912768497,-22.1387837920984,-138.39808832705,-1.03019638594127,10.0986063477361,-1.29838845633026,-17.2151516622658,-10.475845716318,15.9015083836681,0,0,0,643.519448562715,0.18598815003356,0.0144018822001204
73.21,-7.6942637478693,63.9101853497883,65.9375766446205,-10.5534939224793,-31.4337998283244,46.2597176360736,-1.99102467022772,-16.3386731998557,-32.413608708823,-41.9213801830055,-179.678830612279,-180.801865027776,3.90327155753899,6.63203584320131,-1.32422646078806,-9.18267548341775,-84.741105713249,-43.3413962771628,1.2029777750966,7.32281633075129,-1.03639922307537,6.49613338711158,-84.9810000004071,-81.9911924512891,-15.7780262012313,3.92986391351868,-0.540475072759349,-13.8364069446702,-100.945406955506,-17.3095473328865,2.48714159296521,6.71454105112985,-1.67858862031421,-19.2357487553819,-14.9343850472954,39.9841413956464,-4.28366423647356,6.6116815582106,-0.125573632873637,-4.33181796543044,-23.9667824130894,-140.168611352374,-0.964326738472168,10.3272198069266,-1.29877556770111,-17.4323711283314,-10.8570592903777,14.3301639681954,0,0,0,658.243367752734,0.187835939414448,0.0141329019874092
73.215,-7.37962051676489,62.9286462207603,65.7453646225095,-10.7827502747052,-45.8512704450767,27.6350858655002,-2.05936050925186,-13.6671678048013,-28.8697916439017,-42.8245885193843,-180.641667275416,-180.797114816339,3.6079379040095,6.87128947610951,-1.44137775415062,-9.76295494314127,-82.7578817177803,-40.9628819900519,1.28106895330659,7.63824864043688,-1.05639920693359,5.89467654373267,-83.1148029479521,-93.5115132342326,-14.3731129588816,5.43436100374443,-0.564990827988119,-12.6493926525952,-95.019971053091,-8.17218206887702,2.57348849862019,6.94279123989455,-1.67397026449081,-20.5883621657177,-16.1027043274025,39.2574472703809,-4.23330281360072,7.03820221047663,-0.053337763654328,-4.1511991338834,-25.8086775411362,-142.121687901539,-0.855403417526925,10.5962562086633,-1.27143872855627,-17.5683734093936,-11.2496733504635,11.6188074759895,0,0,0,674.522229963151,0.189455674286218,0.0138205258452153
73.22,-7.07083080389621,61.7579425737935,65.3920133449148,-11.0789304213085,-59.2360293207316,9.80747653003739,-2.11637319024323,-11.4025361982833,-25.3838511053701,-43.7352498906166,-182.132274246624,-180.792180025798,3.32264655473551,7.1461761994561,-1.54891697739942,-10.3799825888585,-80.0018355967482,-38.5239631448603,1.37709590994641,8.00048136535634,-1.06956818165124,5.1887271006586,-80.4975112332385,-103.932458163625,-12.9369011012039,6.97519559086282,-0.535011859259273,-11.6802309389964,-88.6619450714431,1.98781154271122,2.6610652187078,7.19158892247113,-1.65216264943631,-21.9912039362561,-17.2128513685372,38.8974156553019,-4.15947774335625,7.53845600537749,0.0297564723822968,-3.9864402112673,-27.6436211480122,-144.273368416532,-0.700314820193562,10.903817193327,-1.21797172875536,-17.6349780877262,-11.6749771666065,7.65446521075599,0,0,0,692.015021582409,0.190911032467982,0.0134884544202762
73.225,-6.76886472610204,60.3932155588879,64.869556830198,-11.4368083611546,-71.5755879692669,-7.15180087024505,-2.16440470358411,-9.60630266818499,-22.0343773558144,-44.6563783444431,-184.225690765468,-180.908775943314,3.05163579455939,7.45646388587544,-1.64473646712491,-11.0213864916205,-76.5203282977368,-36.0120781267636,1.48718449531508,8.40523697078885,-1.07667696656253,4.37204129994819,-77.1789565668568,-113.235455976252,-11.4821830518828,8.51843394765214,-0.453390619616727,-10.9289328342325,-81.9549467168496,13.0197619935809,2.74897572152097,7.46101948255179,-1.61284576545879,-23.4350928835996,-18.240873307541,38.9629420816309,-4.07180284318744,8.10757959959073,0.120640817513122,-3.84587392217707,-29.4505344954577,-146.631034392315,-0.497654115974569,11.2469204999412,-1.14178059515808,-17.6449587695834,-12.1602886750766,2.33957236838169,0,0,0,710.15559556073,0.192271211162744,0.013163777112946
73.23,-6.47471468730545,58.8300077592041,64.1708923861904,-11.8511594136915,-82.8702105072264,-23.1830595507234,-2.20606950494367,-8.33296027189571,-18.8982983598001,-45.5912754988935,-186.979430889711,-181.263275686377,2.79876028017226,7.80095664664918,-1.72674614721057,-11.6733672440997,-72.3733173096318,-33.4158778213756,1.60682007006233,8.84775600510332,-1.07862857211407,3.43995727949791,-73.2213787480056,-121.415535547127,-10.0227044742895,10.0316737567113,-0.32575752214731,-10.3861677082127,-74.9813000697456,24.7500368446654,2.83643229542134,7.7508376361266,-1.5559669104586,-24.9082631747835,-19.1643246959274,39.5037797000024,-3.98040779946375,8.73884764499292,0.21546876126573,-3.73585353889476,-31.2082398991418,-149.192813209891,-0.247584715717538,11.6217858124776,-1.0478441034693,-17.611424355394,-12.7385385395793,-4.40467528774512,0,0,0,728.201838196204,0.193611320368967,0.0128633789268351
73.235,-6.18939290890213,57.0643556807163,63.2896853543822,-12.3168205210433,-93.132221470451,-38.2388691352885,-2.24421456565433,-7.62901214214021,-16.0496544369258,-46.5434341664434,-190.431733510152,-181.963862666094,2.56741808305131,8.17750809770686,-1.79292710566094,-12.3212204888623,-67.6323673185511,-30.725735296911,1.73102717920944,9.32285298521675,-1.07636114793155,2.39034437844838,-68.6982459057896,-128.48099845715,-8.5729533030808,11.4849758929053,-0.159998020925169,-10.0338273568996,-67.8213128409494,36.9854620107838,2.92276167229298,8.06048397929369,-1.48171534003004,-26.396196659562,-19.9629605485304,40.5593664603287,-3.8957777225164,9.42376842239093,0.309859409146736,-3.66025029118079,-32.8956660707856,-151.947197755128,0.0479251873991203,12.0240620737878,-0.942383341547173,-17.5473816198133,-13.4475076307402,-12.6351412099503,0,0,0,745.322860944112,0.195006747548981,0.0125964699338512
73.24,-5.91392811494894,55.0929587906881,62.220287534546,-12.8287456685873,-102.385029508884,-52.2844406257525,-2.28187514981865,-7.53211683286984,-13.5584045893561,-47.5164351963468,-194.600205980849,-183.107821686834,2.36048688504419,8.58306997677656,-1.8413889438248,-12.9499027586874,-62.3793951583081,-27.9342362832127,1.85451248150136,9.82496507681243,-1.0707521808611,1.2244186894879,-63.6928086790907,-134.452802148028,-7.14789988187117,12.8516466662684,0.0343620714291033,-9.84596978777519,-60.552837643184,49.517417891102,3.00741040974292,8.38911182159662,-1.39049065952186,-27.8816291301024,-20.6194388490972,42.1578383650294,-3.82857922816712,10.1521944463461,0.399187314531873,-3.6200853269102,-34.4921321932319,-154.872890601165,0.384912667536395,12.4490388219176,-0.832461069823687,-17.4655209121571,-14.3286783261452,-22.3838414103845,0,0,0,760.70033594334,0.196529949186736,0.0123644546317481
73.245,-5.64936098559474,52.9134258707379,60.9576845313858,-13.3820551197616,-110.661890234643,-65.2977429634959,-2.32222691382947,-8.07035280214942,-11.4892806815454,-48.5138396767703,-199.480896084327,-184.779028311265,2.18027065093491,9.01377361953654,-1.87042900484504,-13.5446111420663,-56.7051692532194,-25.0366446257836,1.97177426137741,10.3481950675541,-1.06253303866638,-0.052620109069808,-58.2964178690345,-139.363675341216,-5.76269464356292,14.1088507322818,0.246812998442368,-9.79011494694964,-53.2510595012383,62.1264811921459,3.08995194548444,8.73561909587814,-1.28286798450606,-29.3447469296176,-21.1199964075996,44.3152476436599,-3.78945838299222,10.9124455706439,0.47889671402939,-3.61331950616155,-35.9777018270368,-157.938883959462,0.757304792244198,12.8918144613973,-0.725540261406313,-17.3782372792804,-15.4256737131267,-33.6554117339236,0,0,0,773.624576168907,0.198250176875739,0.0121600619049618
73.25,-5.39673801321646,50.5245944757021,59.4974855860662,-13.97207732252,-118.004440551791,-77.2693393481499,-2.36853499565859,-9.2616163658313,-9.90070555898286,-49.5390787652368,-205.047817693486,-187.045693028298,2.02845796406707,9.46504020574842,-1.87859134310236,-14.0913466685599,-50.7075889622761,-22.0313364548944,2.07718577204693,10.8863502307938,-1.05222185916741,-1.43116319197372,-52.6066412053674,-143.256995423596,-4.4323332135155,15.2380443171716,0.466510551816401,-9.82884353012957,-45.9884312710311,74.5874643223462,3.17009715267607,9.09867986041897,-1.15956299428464,-30.7635749204734,-21.4550549291504,47.0350050798283,-3.78879718199655,11.691446607062,0.544816482867811,-3.63481584364773,-37.3335847037675,-161.104776520193,1.15690832335443,13.347397235735,-0.62903150470503,-17.297866187784,-16.7822818283177,-46.4250424889417,26.5127114982368,0.222099706521476,-0.0376234840118812,783.569615712094,0.20021764434887,0.0119738827441012
73.255,-5.15710344166967,47.9269143094007,57.8359669510453,-14.5943825474807,-124.46104499225,-88.2019400426118,-2.42410082763619,-11.1131663955302,-8.84379098770474,-50.5953434919897,-211.252945350762,-189.958412258532,1.90609309983999,9.9317144218878,-1.86472314117651,-14.5774323104351,-44.4897742299689,-18.9201957221679,2.16506222709162,11.4329790698163,-1.0400809368553,-2.89699735254317,-46.7252195592812,-146.185463911628,-3.17130137923739,16.225227076978,0.682875328963274,-9.92162869734483,-38.834667079827,86.6746936005787,3.24770927927296,9.47677027090037,-1.02139992706148,-32.1145408303628,-21.6197105769204,50.3075659818921,-3.83641925423356,12.4748857197796,0.593451742277907,-3.67648004816795,-38.5425541645521,-164.321317643964,1.57353198746436,13.8107205739616,-0.549856806290451,-17.2370801166225,-18.4400938812624,-60.6369618203083,47.2869484417932,0.213833941843094,-0.0275824026873472,790.230137694989,0.202459923716354,0.0117924621322771
73.26,-4.93148903866801,45.1228806002462,55.9701766389381,-15.2448075553168,-130.085001566968,-98.109677380439,-2.49220746578771,-13.6213276302776,-8.36143094835578,-51.685476903361,-218.026682273847,-193.548572374963,1.81356080966006,10.4082153154186,-1.82802622348219,-14.9919590689324,-38.1580008176375,-15.7089621884406,2.22972235112397,11.9814084883263,-1.02610235233149,-4.43134567700933,-40.7559063788453,-148.209620747963,-1.99321380309406,17.0610183921934,0.886107005184258,-10.0268107612172,-31.8567028421538,98.1673631525707,3.32282294987021,9.86818488143663,-0.869285303720649,-33.3731857833943,-21.6140610331873,54.1103786692019,-3.94124197351715,13.2474032888266,0.622229457443399,-3.72757491986467,-39.5893418307568,-167.531159147802,1.99526332947341,14.2765634953704,-0.494053280510849,-17.2093639038224,-20.4358238510499,-76.2035325666332,76.5085435233016,0.208064817657402,-0.0216440075182458,793.512096634403,0.204967317443486,0.0116016119744948
73.265,-4.72090154201251,42.1174993311382,53.8981045690102,-15.9194708557512,-134.932660087005,-107.017117781795,-2.5760642792393,-16.7713626903341,-8.48750529347367,-52.811870879566,-225.2787952412,-197.827145806163,1.75058565651572,10.888697659811,-1.76810135194093,-15.3261376529653,-31.8195211942692,-12.4075211521621,2.26555503746835,12.5247844891579,-1.01002285677573,-6.01113725877449,-34.8022366362497,-149.396241044933,-0.910460621339923,17.7405699793585,1.06758965059331,-10.1036088004072,-25.11854264204,108.854802882479,3.3956655783876,10.2710406557477,-0.704189702575979,-34.5149777150003,-21.4433295402673,58.4081121581307,-4.11088056106978,13.9928229812352,0.629678511439598,-3.77519497965291,-40.4609699052299,-170.669786114827,2.4089138279763,14.7393785352892,-0.46643505459778,-17.2294670511575,-22.7984184548198,-93.0050070954679,115.43755077347,0.20394201310714,-0.0180323158277895,793.480273168279,0.207694356066196,0.0113843338655446
73.27,-4.5263077285599,38.9187626905562,51.6189179271473,-16.6147784039744,-139.06150964478,-114.958034444355,-2.67875188286504,-20.5375207251666,-9.24620803709134,-53.9763698735829,-232.899798803602,-202.783910065407,1.71624654434281,11.3672170918952,-1.6849831164637,-15.5735386023045,-25.5803159066316,-9.03012250297152,2.26709998794743,13.0561198984604,-0.991366213378183,-7.60948845790845,-28.9652735314277,-149.816659076447,0.0661246663432695,18.2633313586806,1.22017599486998,-10.1140528652422,-18.6809293097704,118.541505653272,3.46667825029693,10.6832679877967,-0.527139226533283,-35.5161745558799,-21.1177556311803,63.1531754651838,-4.35121930795079,14.6944369169275,0.615529477113075,-3.80487920560565,-41.1469855412649,-173.666591565282,2.80063502002847,15.1930433914008,-0.470326378538153,-17.3137235742848,-25.546106825594,-110.889962254832,164.653479232835,0.200963095796191,-0.015855824872399,790.28762881223,0.210558411891668,0.0111196574183472
73.275,-4.34861717593717,35.5381105244785,49.1332571515131,-17.3274198729644,-142.528293797715,-121.973972673195,-2.80316822344968,-24.8832681168792,-10.6515135552281,-55.1801836765472,-240.762760592381,-208.387111393655,1.70900679048749,11.8378925764683,-1.57916345755677,-15.7302101237749,-19.5428248133206,-5.59551542217263,2.22914846993629,13.5683527119325,-0.969508565686564,-9.19636993965127,-23.3413829080931,-149.545064041404,0.927564056942926,18.6326880977047,1.33835035219278,-10.0247181978025,-12.600804721056,127.051769996692,3.53653206952355,11.1025901490943,-0.339217417271024,-36.3546785222718,-20.6522367294612,68.2865343320242,-4.66597468979622,15.3353546669174,0.580725373166344,-3.80133260623607,-41.6395705914257,-176.446056040086,3.15669504853041,15.6305668719398,-0.507374282383307,-17.4801362689689,-28.683573367423,-129.67641402213,223.641393122377,0.198756099931411,-0.0145776528856283,784.112789946918,0.213454655091813,0.010784210243342
73.28,-4.18866291586416,31.9908520146297,46.4435835754244,-18.0543559321583,-145.387211838906,-128.112647230113,-2.95197674253097,-29.7617038162862,-12.7067927026682,-56.4238111236333,-248.725489417451,-214.583584834381,1.72675969065252,12.2950603299465,-1.45160218494011,-15.7946700867263,-13.8037117019493,-2.12698458567958,2.14686683250882,14.0544183709454,-0.943760184833635,-10.7394280307309,-18.0200869566352,-148.656810654369,1.66699047300907,18.8554951034637,1.41828056860379,-9.8081505618852,-6.93055714835994,134.233829473937,3.60613530634996,11.526494661069,-0.14157731924833,-37.0108222304763,-20.0657224949887,73.7388222354913,-5.05628369455165,15.8989211607673,0.527341698415924,-3.74922186119317,-41.9335127744145,-178.928992461024,3.46438960707188,16.0437929835422,-0.577445782061528,-17.7481423683664,-32.199460381911,-149.153590767338,290.681581155159,0.197005466431567,-0.013843422023367,775.11982437263,0.216266146224921,0.0103510213363736
73.285,-4.04718030878085,28.2965214166875,43.5545656226702,-18.7927972442072,-147.688262409916,-133.426217326492,-3.12755753622488,-35.1161587388137,-15.4045892713297,-57.7069764174753,-256.633058768638,-221.299332221445,1.76688902697784,12.7334141184265,-1.30372328254403,-15.7677761743673,-8.45171913633223,1.34772563070632,2.01602001674192,14.5073785373498,-0.913455317168544,-12.2049257320245,-13.0820502425222,-147.226785273156,2.2799212457322,18.9415824137017,1.45777641427778,-9.44389037990287,-1.71708570366661,139.963357434025,3.67662657827107,11.9522018797767,0.0645377562495933,-37.4680319309692,-19.3803832580389,79.4317315843273,-5.52034501259032,16.3692208395705,0.458421557922049,-3.6340064921555,-42.0260393994762,-181.033819021163,3.71306567109148,16.4231645875275,-0.678612273729042,-18.1380095006742,-36.0644152359053,-169.084327269634,363.238486950418,0.195421783856048,-0.0133958952519633,763.426644418274,0.21888275974636,0.00978988829342864
73.29,-3.92478459621586,24.4791425129506,40.4734867727535,-19.5401761523773,-149.475781633732,-137.969489703021,-3.33196241231296,-40.8809752175359,-18.7265653129931,-59.0285794698165,-264.320610467721,-228.44054903038,1.82634339742031,13.1481277602294,-1.13739630607555,-15.6524856531707,-3.5656724543314,4.7966104677739,1.83631051378641,14.9222084064719,-0.878043257864497,-13.5587676669017,-8.59725213686997,-145.327865346889,2.76728365225166,18.905300591974,1.4561232199052,-8.91903254000184,2.99925839390639,144.14625568504,3.7493498338561,12.3766373325685,0.27776737653497,-37.7133227377127,-18.6205933280376,85.2796586127996,-6.05213097736333,16.7334342374159,0.377745148751117,-3.44276489227508,-41.9165304563463,-182.677827983142,3.89711322518573,16.7583372363555,-0.807181578424836,-18.6698510152753,-40.2298875388656,-189.208030289073,438.762739451779,0.193720546292935,-0.0130324199140475,749.064659179205,0.221217987197627,0.00907438229072444
73.295,-3.82194770386783,20.567378469626,37.2106554913028,-20.2941122624326,-150.787222011212,-141.798103432546,-3.56687470647939,-46.9824588333296,-22.6436216177808,-60.3866613533868,-271.616376714308,-235.895080605178,1.90172263412863,13.5349566414111,-0.954902767420102,-15.4535231017618,0.787307799963311,8.18373574826577,1.61244262390906,15.2966970443995,-0.837180418493664,-14.7675737688949,-4.62339988689416,-143.029506705457,3.13655376517292,18.7653983800775,1.41391939610078,-8.22829648762345,7.18577093040038,146.720656990823,3.82580809908693,12.7964148599745,0.496604697931082,-37.7375946309374,-17.8117874418286,91.1915624872946,-6.64056038430657,16.9843046831831,0.289544793694831,-3.16497382835379,-41.6061421826242,-183.778425499918,4.01870849938256,17.0392336292057,-0.95784989173702,-19.362293402436,-44.6278541968505,-209.244161396201,515.543378910737,0.19163118657042,-0.0125818912973319,731.933369888679,0.223229509994243,0.00819051560522333
73.3,-3.73897496885421,16.5945470027396,33.7797951246794,-21.0523733163894,-151.652210791493,-144.966751504033,-3.83357466195219,-53.3399910946087,-27.1161970828947,-61.7783856229091,-278.344853904716,-243.534278215425,1.98937397197087,13.8903160395256,-0.758888037906561,-15.1769802204665,4.55332749807182,11.4697038768689,1.34378557986295,15.6260876294371,-0.790791979795496,-15.7997679545212,-1.20463526160325,-140.396489756867,3.39226697579303,18.5373026265276,1.33309861478198,-7.37362403520607,10.8184377387607,147.658093986433,3.90759471020089,13.2078372682367,0.719369194685233,-37.5357150886709,-16.9792622387333,97.0729865526243,-7.27345204704919,17.1145228198062,0.198176038179083,-2.79320050678352,-41.0973833316773,-184.254326082081,4.08172769606289,17.2539861510689,-1.12413147718226,-20.2308704684568,-49.1716051845276,-228.896183717384,593.17048895844,0.188947263708946,-0.0119184959537781,711.784590232021,0.224931864485411,0.00713985969899777
73.305,-3.67598254371204,12.5984850284094,30.1983905235332,-21.8128329044615,-152.091917614126,-147.527493816561,-4.1329110995107,-59.867287511585,-32.094747838594,-63.200035915215,-284.33005846063,-251.215216004526,2.08549506392301,14.2113350047435,-0.552299959118709,-14.8298760410829,7.69292135505725,14.6122524350992,1.02200401588715,15.901238948942,-0.739096431171734,-16.626649728692,1.6294157166239,-137.487852034509,3.53310290146584,18.2310558986232,1.21679775232677,-6.36336551913658,13.882822510159,146.963810728886,3.99630293493441,13.6069199755258,0.944186284113497,-37.1063929067571,-16.1470028028356,102.828178568536,-7.93961010519224,17.1128894697529,0.107797676963207,-2.32366782191069,-40.3936927791069,-184.026694132391,4.08819614351283,17.3871404082501,-1.29874965447228,-21.2862541473116,-53.757662790275,-247.855925024369,672.354830345174,0.18558432803113,-0.0109824986085822,688.262454370575,0.226393349550345,0.00594264496834196
73.31,-3.63287628298644,8.62125214512795,26.4879679818839,-22.5734266604527,-152.118751198377,-149.528213919957,-4.46528000797853,-66.4737816936271,-37.5204038483239,-64.647029882709,-289.398793499061,-258.78322142353,2.18624046048658,14.4958854411018,-0.33831598660724,-14.4197080742604,10.1818899087483,17.5669764631174,0.642406848144227,16.1146524892124,-0.682593663763659,-17.2234180949166,3.86420661825499,-134.356030641393,3.56191626599744,17.8583065051989,1.06903886623895,-5.21115322555905,16.3747085684411,144.676217115143,4.09341724837439,13.9894411364954,1.16897867268938,-36.4518662766601,-15.336615862751,108.362238337646,-8.62500017510778,16.971474842865,0.0220746738183635,-1.75665601787032,-39.4990678361059,-183.020233002031,4.04616884352083,17.4227689658607,-1.47389654782511,-22.5324562542785,-58.2688354665363,-265.808318009767,754.183679188017,0.181620776501012,-0.00979789334432812,661.002016647075,0.227723455260394,0.00463629591713488
73.315,-3.60933294205177,4.70866818693667,22.6742860036237,-23.3321086312479,-151.736394159178,-151.011267739297,-4.83061056958022,-73.066112320404,-43.3257973096213,-66.1139491609926,-293.383855656984,-266.074664444227,2.287827835986,14.742586848419,-0.120261278118622,-13.9540249050632,12.0117345679227,20.288158988345,0.205874353300755,16.2619303326951,-0.622019123559987,-17.5701179678036,5.50041407693058,-131.046233785532,3.48751130315583,17.4328950022025,0.894624895684446,-3.9345893048485,18.3004219202453,140.865510039523,4.20019182100739,14.3510191479274,1.39147364597834,-35.5774445863251,-14.5664456874637,113.583216312008,-9.31219353007686,16.6885350433878,-0.0560640620370088,-1.09670794078474,-38.4177873578119,-181.164228287638,3.97219606595729,17.3466042792755,-1.64170233297134,-23.9651465364609,-62.5783286046607,-282.436486814022,839.143303766254,0.177276027579784,-0.00846408724630177,629.762122063139,0.229041162173495,0.0032674198024969
73.32,-3.60478450971767,0.909686466822307,18.7874164356827,-24.0868095014051,-150.940174031585,-152.012366739539,-5.22835900112551,-79.5496863091302,-49.4360536091595,-67.5945847293595,-296.127113673659,-272.919944915237,2.38664012716894,14.9507879247563,0.0984793443019123,-13.4400484007189,13.1896665998172,22.7296883960688,-0.28501499355339,16.3398336695696,-0.558289601996926,-17.6524794650179,6.55363967255354,-127.59605556538,3.32079613373766,16.9678192012568,0.699129642138066,-2.55388966059076,19.6767882373334,135.631507702163,4.31752373523577,14.6872155376488,1.60922935112313,-34.490955910011,-13.8509362981584,118.404086373018,-9.98264153789177,16.266167509435,-0.124579825240413,-0.352610770577991,-37.1542628815426,-178.39355573998,3.88804287302239,17.146029242288,-1.79481546503767,-25.570229331892,-66.5547534784893,-297.42715379769,926.296838656367,0.172836563612876,-0.00712688529716932,594.556156513363,0.230448201745272,0.00188807310257477
73.325,-3.61840645496172,-2.72438904880629,14.8616985859515,-24.8353982896391,-149.717757646498,-152.559730715414,-5.65751044281503,-85.8302883377389,-55.7699319006396,-69.0819967007568,-297.482394278887,-279.146613031549,2.47931990695851,15.1205268939381,0.314552196740204,-12.8843691694233,13.7381803935811,24.8460364212085,-0.82631611764036,16.3462420638341,-0.492431326244989,-17.4626202342543,7.05366487307266,-124.035342248252,3.07415530284135,16.4747206153256,0.488835371227985,-1.09062330174212,20.5307055788245,129.100764499294,4.44582983722899,14.9936583355854,1.81968141766667,-33.2021593526309,-13.2002853156769,122.744520462463,-10.617672251958,15.7099913816502,-0.18240088208368,0.462864901589801,-35.7130358198751,-174.649664629736,3.81940428689036,16.8109628883264,-1.92694799304359,-27.3228052358918,-70.0677976894353,-310.476339256966,1012.92151666711,0.168574777761149,-0.00593274158761492,555.739911561651,0.231993021785721,0.000547795121971006
73.33,-3.64911059400443,-6.14082780854587,10.9355529763227,-25.5756490175084,-148.050145573993,-152.673536879214,-6.11658896436771,-91.8157043106202,-62.2410986645501,-70.5685872837799,-297.318116604888,-284.582555151284,2.56285275516047,15.2524730136104,0.524724622396406,-12.292732555597,13.6941972182158,26.5932673266355,-1.41280637849471,16.280257177805,-0.425494668321167,-16.9995808470238,7.04327199557154,-120.386311378615,2.76104901905907,15.963684485647,0.270665127053379,0.433331609712441,20.8983438924246,121.423053296409,4.5849367673102,15.2661784653627,2.02020917741567,-31.7221824778297,-12.620412241386,126.532402145247,-11.1993604823251,15.0289748312995,-0.229409880202854,1.33347717071919,-34.098921053884,-169.881544513278,3.79452066330553,16.3348634528597,-2.03338390735601,-29.1866182952219,-72.9942516454297,-321.295316972587,1094.75341785846,0.164687455703182,-0.00500686657895688,514.01895953849,0.233656531676444,-0.000711810855171358
73.335,-3.69554317869132,-9.28651693738774,7.05114622349831,-26.3052136857767,-145.912933653797,-152.36568246108,-6.60367558708544,-97.4173245436338,-68.759513977895,-72.0461854006762,-295.519623379524,-289.059176187592,2.6346370476546,15.3478522339672,0.725970140991765,-11.6699247935159,13.1078021376902,27.9300475091845,-2.03812193163963,16.1422815689677,-0.358464388152291,-16.2696639364809,6.57666389902487,-116.663917193431,2.39558038582573,15.4431612595924,0.0520972248351025,1.99652606097142,20.8240082867326,112.767319456545,4.73399348421932,15.5009498147945,2.20821852763683,-30.063038823605,-12.1132393801507,129.705030095121,-11.7114438876974,14.235113902832,-0.266345254366499,2.24027131650344,-32.3172794348366,-164.046677269773,3.84238743408349,15.7156556782453,-2.11141121325522,-31.1140573971722,-75.2240323549742,-329.616768912392,1166.78704988523,0.161276165412284,-0.00443023224144934,470.368287167908,0.235346895267104,-0.00185934038466673
73.34,-3.75608867422844,-12.1090991074006,3.2539040064036,-27.0216026862011,-143.2778000846,-151.639867961251,-7.11643404533934,-102.551691650582,-75.2329067929115,-73.506141228503,-291.991165564805,-292.414510553924,2.69253836719159,15.4083604044391,0.915545110375727,-11.0197605919258,12.0406128285532,28.8186254409838,-2.69493364599946,15.9340679237073,-0.292175104254528,-15.2865498956075,5.71753501722255,-112.876447229352,1.99204948256594,14.9200032749594,-0.158955394560951,3.57832610489246,20.3587233427083,103.317226285858,4.89141449792651,15.6946227134067,2.38123643236455,-28.2372695405883,-11.6772593349631,132.209980039212,-12.140096721406,13.3429323370296,-0.294629069485517,3.16256438234684,-30.374386097627,-157.111967661327,3.99074465404323,14.9563662092459,-2.16062079071172,-33.0467469206401,-76.6658147661988,-335.201053170817,1224.41145110135,0.158356933572558,-0.00423721539602351,425.892677435695,0.236933625632025,-0.00287261452407606
73.345,-3.82887953866983,-14.5581728882915,-0.408125055181743,-27.7221735329961,-140.114169359124,-150.491997849693,-7.65214383733471,-107.14195839917,-81.5683124371391,-74.9394287605832,-286.657506416298,-294.496196123459,2.73492755149408,15.4360677482161,1.09105348235014,-10.3451650638748,10.5638338352353,29.2257544008948,-3.37515177157248,15.6587353429631,-0.227241638459088,-14.0711662310136,4.53686490922952,-109.026326097979,1.56451492039926,14.3996024191762,-0.354315337135136,5.15894653528293,19.5586091921056,93.2664237598937,5.05486015341912,15.8444407085154,2.53701045147847,-26.2577376698207,-11.3083413347885,134.005613584671,-12.4744649597193,12.3688362654879,-0.316141265678669,4.07911866121542,-28.277850225097,-149.054635497042,4.26404048803474,14.0653667143408,-2.18303163532403,-34.9167299412478,-77.2518782882817,-337.842461986337,1264.49891276094,0.155883780336679,-0.00442443667383952,381.681210397792,0.238282512147781,-0.00373201311811933
73.35,-3.9118121441893,-16.5865211039076,-3.88504577444505,-28.404128527405,-136.390998881921,-148.910885253419,-8.20773994851301,-111.119222235761,-87.6736429523702,-76.3367543657729,-279.465121038193,-295.164249803147,2.76070217824827,15.4333185215796,1.25049679818384,-9.64833523090812,8.75606240670771,29.1235345367529,-4.07014650486009,15.3207507345139,-0.164012802066866,-12.6512945239065,3.11052120200815,-105.111093766578,1.12638394530321,13.8861077628398,-0.525769345564171,6.71917826591951,18.4831267963589,82.8136806540149,5.22125784918564,15.9483317749474,2.67360572527733,-24.1375852301977,-11.0007115562782,135.061242973298,-12.7070763266469,11.3304262458984,-0.332964471085544,4.96945017017112,-26.0370365004543,-139.863042041427,4.68145671587154,13.0563151025184,-2.18302773948064,-36.6482195192515,-76.9418069209236,-337.375304757789,1286.13229615799,0.153775430134138,-0.00495211869886525,338.69448532191,0.239302938241633,-0.00441426613580287
73.355,-4.00256879768272,-18.1513306986501,-7.12601829885827,-29.0645216801332,-132.078630545377,-146.879237362673,-8.77985847690537,-114.423705678251,-93.4592589325164,-77.6886692556744,-270.382977979779,-294.293588995694,2.76929200112958,15.4026298239889,1.39230731942199,-8.93095995887027,6.70092170400631,28.4901558763152,-4.77097225797566,14.9258773716303,-0.102555168114444,-11.0609085060173,1.51677015182875,-101.124518019387,0.690049936213549,13.3827000379547,-0.665356437440301,8.23989459651344,17.1932707546669,72.1580238764517,5.38686526498296,16.0049672572433,2.78949163056496,-21.8903441641828,-10.7480314678506,135.356980396151,-12.8340814522519,10.2458023717932,-0.34712563511,5.81520329321626,-23.6634396498932,-129.53741402867,5.25518315296444,11.9477591218871,-2.16709777605892,-38.1598702807921,-75.7247479515378,-333.679609281731,1290.76896837087,0.151937960041902,-0.00575625326593698,297.703449468578,0.239984004866777,-0.0048845818306944
73.36,-4.09864563252265,-19.2153669680032,-10.080265315973,-29.7002749198609,-127.150647945648,-144.374889267721,-9.36488725305323,-117.005755229679,-98.8395103274476,-78.9856837548863,-259.402899842618,-291.776250256118,2.76064945459438,15.3465934065405,1.51536307499949,-8.19447266540725,4.48460325551782,27.3105293084831,-5.4686072439535,14.4811337098929,-0.0426706431980764,-9.3392487564359,-0.166201170344988,-97.0577948339946,0.266576358330277,12.8919398609628,-0.765702874330441,9.70144965017887,15.7497844535422,61.4940275098122,5.54737377328837,16.0137846570486,2.88361088931917,-19.5301744146979,-10.5444937710937,134.883317304401,-12.8553008007318,9.13265247920376,-0.360360705182178,6.60151152716155,-21.1709709628525,-118.090421938725,5.98899014911677,10.7621942134855,-2.14338502416594,-39.3675024242946,-73.6200349671924,-326.686199066248,1281.86164890593,0.150281419852555,-0.00674996018412166,259.271225117979,0.240405971183207,-0.00509192690402394
73.365,-4.19738596130817,-19.7480657571207,-12.6981594831238,-30.3082033218653,-121.585680400998,-141.372246023536,-9.95902043218997,-118.826635827455,-103.734213349573,-80.2183813050444,-246.539510031829,-287.523264623296,2.73522679644319,15.2677840303657,1.61898458271876,-7.4403088632778,2.1934027253788,25.5767976194063,-6.15412973497537,13.994642488972,0.0160519056626642,-7.52965331470218,-1.86264766788203,-92.9007868561071,-0.134508005142187,12.4160336864488,-0.820405547125917,11.0830961015282,14.2114658974486,51.0073876266729,5.69804747286567,15.9749735065696,2.95542519799633,-17.0721878763092,-10.3858577054725,133.640491651508,-12.7740317944298,8.00749082088263,-0.373923638577665,7.31825827669839,-18.5761282828798,-105.547566273713,6.87746346075658,9.5248763797602,-2.12108989815771,-40.187191228684,-70.6761096086516,-316.380882198419,1264.05243491482,0.148737900294269,-0.0078304500711992,223.766805840244,0.240724590092389,-0.00497940401608421
73.37,-4.29601850811111,-19.7265093605502,-14.9323620037642,-30.8850488089495,-115.369097416623,-137.843886206925,-10.5583159470964,-119.859102981048,-108.070031217224,-81.3775302165247,-231.829782295626,-281.466158164221,2.69394173283952,15.1686774561272,1.70291402496501,-6.67014076675773,-0.0886687000195579,23.2887228285362,-6.81878680360458,13.4753248192028,0.0741538887464272,-5.67817809921295,-3.50141782978087,-88.643249470192,-0.505275923054783,11.9569362148913,-0.824446756092419,12.3625475488304,12.6336243359656,40.8709073568656,5.83389094155609,15.889426656537,3.00493332227741,-14.5328071244954,-10.2703535992582,131.637708077748,-12.5964913540413,6.88636344620253,-0.388454922426474,7.96115201253531,-15.8980367092463,-91.9473272970746,7.90671122159518,8.26355122200951,-2.10980595249529,-40.5386149268988,-66.9678215990211,-302.807484091852,1242.18720043801,0.147268834530176,-0.00888551612650712,191.39299902159,0.241123774493535,-0.00449182497403644
73.375,-4.39169978450135,-19.1362552780667,-16.7389803189275,-31.427521516798,-108.494541569799,-133.762275305177,-11.158754649491,-120.087740479032,-111.781728022137,-82.4541913076402,-215.33221822329,-273.5580559224,2.63813348089038,15.051580521398,1.76727866550079,-5.8860637914951,-2.28212047493256,20.4539489536029,-7.45414165865281,12.9327708352959,0.132199365098897,-3.83205520953443,-5.01781156826131,-84.2759963401307,-0.839468436623556,11.5166192170327,-0.774566678993133,13.5157940826871,11.0667386019282,31.2410001617179,5.94983703752023,15.7586620266263,3.03265985627021,-11.9301035209429,-10.1993993389564,128.892277134392,-12.3313631682941,5.78495636180628,-0.403921966726994,8.53253722412229,-13.1583637061399,-77.3410404142043,9.05507956816024,7.00765008230991,-2.11880917750897,-40.3485314548517,-62.5923323800827,-286.069477148011,1220.3794820863,0.145874984028387,-0.00980978372912578,162.213178683822,0.241747588080377,-0.00360436691111499
73.38,-4.48155974223629,-17.9719915470031,-18.0787111058799,-31.9323477858974,-100.965253819959,-129.101534121086,-11.7562999380331,-119.509057708535,-114.813267506903,-83.4398197342093,-197.125685314006,-263.774377405427,2.56951121320922,14.9185750248509,1.81254121096305,-5.09071463656632,-4.313998288057,17.0881408004141,-8.05226449261109,12.3772035019272,0.190652060946855,-2.0380496926765,-6.35508063421092,-79.7919616120049,-1.1325311144967,11.0974082174705,-0.669575322934535,14.5172500861437,9.55535820100582,22.254798314121,6.04094499789889,15.5847219577415,3.03961521411005,-9.28406071644902,-10.1780873098399,125.428734803817,-11.989539871813,4.71675137852359,-0.419632386543589,9.0418760702853,-10.3811270059739,-61.7924708491492,10.293256067115,5.78577754572643,-2.15632753073681,-39.5542311666022,-57.6639761543491,-266.330006794464,1201.36171335643,0.14458931188217,-0.0105169654734318,136.168039362741,0.242624005595867,-0.00233576227175636
73.385,-4.5627497313708,-16.2379978268721,-18.9179342593764,-32.3963235491799,-92.7951526563274,-123.839206092516,-12.3469566727047,-118.131346934098,-117.118731931569,-84.3263595059051,-177.307954338808,-252.113121670358,2.49009675743717,14.7714763448806,1.83944057484016,-4.2873074027194,-6.11962229870596,13.2149995212062,-8.60578504105068,11.8192319956317,0.249748474084893,-0.340784960641131,-7.46553090363942,-75.1871237900094,-1.38150415170302,10.7020467762254,-0.510613733845403,15.340274790781,8.13727757801174,14.0279290644995,6.10259873753719,15.3700586040365,3.0272296488258,-6.61671631766435,-10.2154176423209,121.277993498563,-11.5835181117435,3.69256840504013,-0.434315875178097,9.50585432483404,-7.59242450222144,-45.3770766888906,11.5858245628271,4.62421699281123,-2.22892415008347,-38.1067914547628,-52.3085257151048,-243.810183820012,1186.27309087047,0.143453521701802,-0.0109622701182728,113.083692986026,0.24361831157108,-0.000773135106896916
73.39,-4.63249171848794,-13.9483974234403,-19.229724295263,-32.8163717336221,-84.0096368885153,-117.957968026143,-12.9268282077084,-115.974307000839,-118.663040402961,-85.1063294025805,-155.993979335215,-238.594749666746,2.40216333494733,14.6118069434313,1.84892704092734,-3.4795823729462,-7.64400446066905,8.86615482639655,-9.10788952311968,11.2695433354184,0.309380100786566,1.21888723080877,-8.31121100462905,-70.4612658986422,-1.58484337526544,10.3336374217152,-0.30131466482667,15.9580632286374,6.84300240235927,6.65299413846439,6.13069560571095,15.1174142537299,2.99726597062982,-3.95214563495608,-10.3242706931982,116.476561665906,-11.1266650396242,2.72132285825412,-0.446265163524114,9.94808744319144,-4.82012082055406,-28.1809674007818,12.8937703945501,3.54657243059243,-2.34103919684647,-35.9739453784687,-46.6573551928287,-218.785601955945,1174.88298307566,0.142496996532708,-0.0111377878364962,92.6884224660579,0.244437598380307,0.000950359823272962
73.395,-4.68812767690734,-11.1271916838893,-18.9947476171051,-33.1896021881127,-74.6460908981885,-111.447231176199,-13.4921704359909,-113.068445656609,-119.422450898906,-85.7728992363672,-133.313966757477,-223.261680492406,2.30817202433471,14.4407842052347,1.84209611456715,-2.67167102093782,-8.84291575499939,4.08093236245699,-9.55233093611753,10.738634109489,0.368998069097881,2.60539515063081,-8.86419717346842,-65.6185570247333,-1.74223271731127,9.99556993982231,-0.0478262667982527,16.3448628473443,5.69551403454527,0.198760544989728,6.12181681647655,14.8297051221527,2.95171703917869,-1.31626570371315,-10.5211272789177,111.065852743588,-10.632655446847,1.81029904812703,-0.453517765491904,10.3984263682547,-2.09352485978592,-10.2995838981386,14.176745561896,2.57322610634451,-2.49467789973483,-33.1423754850489,-40.841980141978,-191.581138538714,1166.09458743448,0.141714691942617,-0.0110689521586309,74.6554463164107,0.244692822186955,0.0026726368386889
73.4,-4.72716804906916,-7.80807443234829,-18.2020172166323,-33.5133725900003,-64.7540803773849,-104.304583723714,-14.0394418252858,-109.45427785876,-119.384835570747,-86.3199556463697,-109.411282000291,-206.17742635554,2.21070751530858,14.2593214907811,1.82012537809387,-1.86788976097266,-9.68358888399098,-1.09400650307631,-9.93343002161793,10.2365321878154,0.427552331537217,3.78976032021565,-9.10650781616525,-60.6679507227628,-1.85438592756006,9.69138692286101,0.241309003765884,16.4774337265044,4.71032474469803,-5.28995630845218,6.07337218729729,14.5099161529515,2.89269497756754,1.2635463192667,-10.8255583163534,105.091587381272,-10.1149922439657,0.965378709048611,-0.45406082011688,10.8918860743917,0.556913381904619,8.16385571261212,15.3952528852463,1.72097271144171,-2.689263836643,-29.6192606653716,-34.9893876831287,-162.564194133062,1158.52559038837,0.14106820845286,-0.0107975388028514,58.6682909261032,0.243977234391036,0.0042405220041557
73.405,-4.7473382002617,-4.03403023851177,-16.8494804805759,-33.785348768235,-54.3952356469913,-96.5370313243591,-14.5653485352848,-105.181341999897,-118.54972455924,-86.7421568552436,-84.4402417748484,-187.425398109571,2.11241457334559,14.0680408780399,1.78421841426766,-1.07248308368098,-10.1450563061354,-6.60515579805587,-10.2460743413947,9.77251252308125,0.483475557249505,4.75065031383924,-9.0297010533929,-55.6234051539267,-1.92285577915636,9.42459666886666,0.555425694690818,16.3366417256675,3.89580236034462,-9.79176106434532,5.98371355101842,14.1610128781818,2.82231938337347,3.75901025508402,-11.2595156776225,98.6032774215208,-9.58660314512511,0.19128784025397,-0.446039433929316,11.4672410822416,3.09986882829482,27.1000852125214,16.5126505653245,1.00289066725404,-2.92165250748519,-25.4329402578726,-29.2184543925065,-132.136613419542,1150.94970018964,0.140491329814359,-0.0103731968134113,44.4931274219812,0.241930630162194,0.00552520111940158
73.41,-4.74662183155999,0.143273740341018,-14.9444206626216,-34.0035629099674,-43.6428283465303,-88.1619992326395,-15.0668838354164,-100.307060026407,-116.928119317945,-87.0349760544976,-58.5638398508557,-167.107419072929,2.01593647612422,13.867295853517,1.73555931576866,-0.289343222133408,-10.2181367492957,-12.3927896009288,-10.4857234053436,9.35481555233398,0.534718674257385,5.47511806674871,-8.63422292933997,-50.503937459204,-1.94986668837746,9.19844921456115,0.88215206256694,15.9090565079624,3.25372981823292,-13.3075637618544,5.85221311028525,13.7858746192305,2.74261160643985,6.14165059325796,-11.8464630595464,91.6537677433109,-9.05951507702576,-0.508170050657463,-0.427949357256604,12.1653499289742,5.50336553612871,46.395623549118,17.4968464428223,0.428413200028807,-3.18628535849123,-20.6326142457055,-23.6376028240956,-100.725595597434,1142.52192571642,0.139916525454324,-0.00984443671689572,32.0334515463361,0.238232114612218,0.00641100080609203
73.415,-4.72330039649645,4.66428701269863,-12.5036580500324,-34.1664681866007,-32.5810553265991,-79.2080672804112,-15.5413611895057,-94.8954708176717,-114.542082125427,-87.1947333124129,-31.951451582993,-145.341989360104,1.92385651915168,13.6572021840415,1.67528047057202,0.478262355929449,-9.90509499150139,-18.3917206997395,-10.6484262013282,8.99037887969792,0.578840911666949,5.9589899852684,-7.92858187245895,-45.3335302316068,-1.93818181358371,9.01569345011613,1.20795664919299,15.1884213766997,2.78005381928529,-15.8589644350956,5.67930494845663,13.3872514373029,2.65540146850603,8.38361745373419,-12.6103896279094,84.2988039065421,-8.54460182557423,-1.12991922806439,-0.398797012639392,13.027283990817,7.73496836455583,65.9346358281252,18.3215891114553,0.0035513377946339,-3.47545612835027,-15.2870659985503,-18.3436887793384,-68.773942568901,1132.77755759582,0.139290674766903,-0.00925136784633551,21.3439276437685,0.232486106002719,0.00672411393592753
73.42,-4.67598766731793,9.46254583571279,-9.55354270394562,-34.2729884402397,-21.3040507278189,-69.7154173717669,-15.9864405330103,-89.0158687010068,-111.424113919858,-87.2186161103876,-4.77655959494009,-122.262346082655,1.83864351533435,13.4376753239781,1.60444524015746,1.22792307518868,-9.21900935191813,-24.5321900188154,-10.7308553768798,8.68459480427813,0.613152459342346,6.20688258250481,-6.92842594295721,-40.1409108412215,-1.89100991063415,8.87833440034535,1.5187991623663,14.1768690513294,2.46576868274089,-17.486231195797,5.46648976701837,12.9677454094499,2.56225169680666,10.4585742446944,-13.5747504515104,76.5965902610875,-8.05139739190338,-1.67147192151988,-0.358213362575931,14.092344744963,9.76196395962945,85.6007454571125,18.9673034453025,-0.268782188577682,-3.77965768276485,-9.48246647344848,-13.4219617799967,-36.7300059039114,1121.48864320705,0.138592625761919,-0.00863401300022826,0,0,0
73.425,-4.60365871792885,14.46578987783,-6.12973666522164,-34.3225617070342,-9.91465335890403,-59.7359818324325,-16.400147435161,-82.7413804302178,-107.616337651081,-87.1046888066931,22.7854607389113,-98.0143665342276,1.76260202178222,13.2084729312704,1.52404590336105,1.95824637846315,-8.18288873653723,-30.7408785620789,-10.7303599232977,8.44110745999897,0.634902870181509,6.23184573324948,-5.65559360185014,-34.9592248641335,-1.81195119819286,8.7874098388474,1.80085141754572,12.8857755294518,2.29787755947882,-18.2459724567986,5.21630457175004,12.5298151191801,2.46440394211416,12.3425998346072,-14.7613767489198,68.6073049007521,-7.58796707239819,-2.13085086439382,-0.306512515222508,15.3960575549342,11.5515623915769,105.278726489353,19.4214566962024,-0.388396277149539,-4.08797786241753,-3.31938689886199,-8.94681994670195,-5.03768166809152,1108.49215178724,0.137836078317763,-0.00802682728059345,0,0,0
73.43,-4.50567272615577,19.5971983545783,-2.27678946887613,-34.31517651432,1.47703854284627,-49.3332896078783,-16.7808850063763,-76.1475142429069,-103.169508864029,-86.8518914986426,50.559461610003,-72.7543619085535,1.69782781705111,12.9692413111132,1.43501592236956,2.66892235715838,-6.82858611830784,-36.9420277166337,-10.645035699387,8.26166349960712,0.641503506965081,6.05464887630335,-4.13719706747731,-29.825623317429,-1.70497590803161,8.74280438428383,2.04124739291216,11.3361707748597,2.2603739111362,-18.2086049566075,4.9322603940236,12.0758007788711,2.36274866856179,14.0150512981744,-16.1893962460399,60.3925441197158,-7.16082961621349,-2.50657316875362,-0.244690943199229,16.9682296977163,13.0711558973725,124.856015850333,19.6784750739384,-0.357433077295163,-4.38851633735361,3.09079770560244,-4.98300247497416,25.8732287274868,1093.56769031759,0.137058782506584,-0.00745994874824074,0,0,0
73.435,-4.38178914205387,24.7767168204021,1.9524835272747,-34.2514000676867,12.7552893266684,-38.5820156504083,-17.1274385753013,-69.3107137850687,-98.1418790592102,-86.4600289037823,78.3725189721255,-46.646808317374,1.64616893575091,12.7195648075692,1.33825430858488,3.36067438976108,-5.19555800438645,-43.0586475310972,-10.4738106640504,8.14602913265945,0.630768138614974,5.7027436513847,-2.40478123716897,-24.7807803451798,-1.57442465239118,8.74311707326741,2.22881719058238,9.55865733290929,2.33519149721334,-17.4557152080786,4.61875216231218,11.6079661860791,2.25781955758828,15.4593353133698,-17.8741999978275,52.0146789788819,-6.77492596649481,-2.79768727830022,-0.174368340512435,18.8311561385883,14.2886713039544,144.223999669132,19.7392580445488,-0.179999533153428,-4.66879990094434,9.6298954396277,-1.58683657466679,55.5960163911964,1076.42923475516,0.136315929551023,-0.00696321160962832,0,0,0
73.44,-4.23217691629203,29.9224451523957,6.49780533240605,-34.132397636118,23.8004863137579,-27.5672466145584,-17.438973315105,-62.3069479607926,-92.597940397244,-85.9297500077528,106.055779206002,-19.8620600197394,1.60919236166472,12.4590172615937,1.23465874856141,4.03508852553102,-3.3295198522021,-49.0137866544659,-10.2165394106667,8.09198381749504,0.601152666568049,5.20895177559803,-0.493582504326589,-19.8683540838004,-1.42501667956257,8.7855951245257,2.35475822347782,7.59282309321092,2.50308032380754,-16.0774036310276,4.280945525907,11.1285527868023,2.14981148192004,16.6635417814755,-19.8264873266815,43.5361189870924,-6.43363209882313,-3.00384911938754,-0.0976760765645663,20.9980490981713,15.1730478782219,163.279044956402,19.6103580746393,0.138159688661198,-4.91617993480547,16.1770416864773,1.19281771457117,83.7551944757093,1056.79888023601,0.135657854055782,-0.00655736455213507,0,0,0
73.445,-4.05741662868635,34.9520575211665,11.2924048826157,-33.9599426424217,34.4909987392854,-16.3834829773605,-17.7150251416817,-55.2103653153975,-86.6070824377302,-85.2625193315016,133.446135250363,7.42591298042453,1.58815630296495,12.1872146109429,1.12516332294651,4.6943259306752,-1.28104571364548,-54.7318325877703,-9.8740996586175,8.09539708378553,0.551973303992393,4.60993985763943,1.55810734058941,-15.1343993278877,-1.26185078223277,8.86614231639242,2.41319846307326,5.48616939292015,2.74437787168693,-14.1696889277406,3.9246458126616,10.6398405025362,2.03861969527361,17.6209017359,-22.0514154603861,35.0184913260997,-6.13881458012147,-3.12541981669622,-0.0171035594788349,23.4717573602805,15.6948632231658,181.923265817952,19.3029075879452,0.589936065202004,-5.11820200152624,22.6127744361012,3.31420780622511,110.013580799571,1034.49896826563,0.135117541938515,-0.00625957669276911,0,0,0
73.45,-3.85849549830876,39.7842260754428,16.264125154457,-33.7364171670841,44.7050950674327,-5.13340374919501,-17.9554853346993,-48.0920386034158,-80.2421927871377,-84.4605807544154,160.387715416939,35.0417242738643,1.58398784532172,11.9038675184938,1.01077621302302,5.34073457897032,0.895843153373685,-60.1398072583365,-9.44848191397764,8.15039007647795,0.483582622635056,3.9445528902145,3.70948452847218,-10.6267369261779,-1.09038416412358,8.9794053434376,2.40161113994166,3.2926079349601,3.03965791119226,-11.832036360602,3.5561544268425,10.1442096959569,1.92389674130884,18.3300424793689,-24.5478753188357,26.521757023668,-5.89092725773937,-3.16356556545151,0.0646837246627432,26.2438291498465,15.8271175475791,200.065030754796,18.8313831633948,1.16707426562987,-5.26294302041563,28.8228398837514,4.74308783567246,134.078200800324,1009.52146966886,0.134711454304151,-0.00607721232163172,0,0,0
73.455,-3.63679539121896,44.3400214179994,21.3366462329644,-33.4648027718998,54.3228790369153,6.07357507159221,-18.1605794446144,-41.0188219830605,-73.5782337849546,-83.5269148933178,186.733172219683,62.8106726067211,1.59726572682976,11.6088326212559,0.892612779387548,5.97638738266832,3.14506107781609,-65.1686210269094,-8.94286272516115,8.24957787852237,0.39748485298166,3.25208503323683,5.91771068733415,-6.39428204184993,-0.916376882925812,9.11893608472418,2.32104779418302,1.07060752281925,3.37025173693252,-9.16505865417795,3.18211789211887,9.64419869678016,1.80512275250271,18.7950253978366,-27.3079099347192,18.1032966323843,-5.689145885206,-3.12034047764389,0.145038436439358,29.2939588884508,15.5461725816222,217.619233020852,18.2123001157839,1.86033501258108,-5.33931590771635,34.7015653824823,5.45392175903679,155.704920026194,982.044485551915,0.134436142640774,-0.00601495443422007,0,0,0
73.46,-3.39407406889341,48.5442644651548,26.4307958474381,-33.1486617413991,63.228206100188,17.1229132818038,-18.3308411443448,-34.0523399461138,-66.6908267399163,-82.4651910805179,212.344762560167,90.5607152672347,1.62820802687859,11.3021606757011,0.771919792634298,6.60258301250094,5.40977888417487,-69.7542482729612,-8.36165198218269,8.38438301727091,0.296375625189922,2.57056973646782,8.13836029779202,-2.48633182337415,-0.745793339967867,9.27742238122436,2.17616677022053,-1.11890717768869,3.71864727850177,-6.26842338266759,2.80937441509311,9.14255164655722,1.6816842868,19.0251651765833,-30.3162873797925,9.81700618849997,-5.53153477048149,-2.99873539084652,0.221520867942064,32.5898438581412,14.8328270192038,234.507358366509,17.4629289472559,2.65961048417307,-5.33734482566995,40.1546814709696,5.43180337762908,174.70175374732,952.408448623642,0.1342771348969,-0.00606931689015777,0,0,0
73.465,-3.13244003957791,52.3268058629987,31.4659188459633,-32.7921090219289,71.3105438939209,27.8966927435521,-18.4670817634051,-27.2481238120085,-59.6548738368274,-81.2797150076661,237.095214569907,118.124287419513,1.67666471905182,10.9841396325484,0.650087334190069,7.21935177245535,7.63365679378606,-73.8387897132438,-7.71050564709266,8.54540535395947,0.184096728210307,1.93517101217217,10.3258782406205,1.048187225628,-0.584657306551376,9.44697517252082,1.97504666030438,-3.21478883003825,4.06877917690289,-3.23898693468798,2.44480229531153,8.64225200844701,1.5529566211409,19.0346422331811,-33.5502359423632,1.71244876439198,-5.41528050673771,-2.80296603831859,0.292065316513065,36.0874624317502,13.6734968809135,250.657392971634,16.5999989901345,3.55373717331995,-5.24841787525609,45.101520486365,4.67488867647255,190.930836960301,921.076474342032,0.134219175879723,-0.00623102810978349,0,0,0
73.47,-2.8543214856592,55.6237107837925,36.3612767903038,-32.3997753072476,78.4667429363242,38.2754577617436,-18.5703563055287,-20.6549084247402,-52.543245795878,-79.9753731070686,260.868380119727,145.3399460984,1.74211528616155,10.6553305801596,0.528645906806443,7.82501135728885,9.76197073149569,-77.3713905003499,-6.99629718045122,8.72282931517755,0.0655030248229002,1.37675356616357,12.4340855395005,4.16151087236236,-0.43886267645878,9.61945610094277,1.72878810421026,-5.15791070381919,4.40622700382909,-0.169163315020366,2.09517381078883,8.14653791171961,1.41838447840935,18.8419321202418,-36.9793457602877,-6.16589254429584,-5.33711627229696,-2.53947336247368,0.355103993668735,39.7317716866921,12.0614575330365,266.003618538586,15.6382149536006,4.52958385895371,-5.06552643128744,49.4765619783705,3.19704638664348,204.309071830663,888.587880732182,0.134243324338224,-0.00648447246479122,0,0,0
73.475,-2.56242984177989,58.3783287759143,41.0374492048106,-31.9767618727563,84.6026868983403,48.1401096041769,-18.6419267986479,-14.3140986238587,-45.4255608207458,-78.5575747296776,283.559675478465,172.053822150858,1.82367187598069,10.3165945911437,0.409247547377376,8.41581577841881,11.7426208763858,-80.3089887167909,-6.22704365564345,8.9068465599665,-0.0537541697858093,0.920701445382988,14.4167641642181,6.80786436597298,-0.31394795223305,9.78682724368553,1.45092181166833,-6.89330028422771,4.71833942355421,2.85447327106378,1.76701747429183,7.65889656524868,1.27755651276572,18.4690855830398,-40.5656382114875,-13.7792178069697,-5.29351030816708,-2.21585945279722,0.409650555380532,43.4578094347571,9.99809484265445,280.486341392812,14.5897911355445,5.57298203331795,-4.7834869199728,53.2303320582578,1.03038139232911,214.807501374214,855.525756429955,0.1343389434593,-0.00680525963849909,0,0,0
73.48,-2.25971868936798,60.542230482266,45.4177088984908,-31.5285878951649,89.6347955181108,57.3738155838708,-18.6832238587608,-8.25941202254976,-38.3670774572002,-77.0321931504018,305.076315854571,198.120867878863,1.92008870003555,9.96910880548348,0.293631133840523,8.98573526856888,13.5270181491449,-82.6168758081617,-5.41178592336248,9.08807095801227,-0.167515818455948,0.586042947796264,16.2283402871829,8.94431887777223,-0.21484781605278,9.94150361055912,1.15665461477812,-8.37205302679335,4.99429992909662,5.75235963630388,1.46649085773371,7.18303626113224,1.13026950029271,17.9409002308321,-44.2638021082769,-21.094834296389,-5.28041285847364,-1.8384474915335,0.455328768360254,47.1921743281624,7.49410633859814,294.051598459796,13.464987368832,6.67082365384274,-4.39916505814036,56.3296935591024,-1.7727228175611,222.449486871951,822.504723768528,0.134493877290956,-0.00716317516870646,0,0,0
73.485,-1.94933871194089,62.0759954854743,49.4293451081625,-31.0611311082147,93.4913573901246,65.8638943947619,-18.6958073664076,-2.51670152936485,-31.427720821027,-75.4055063874755,325.33735258555,223.405892445248,2.02977845553753,9.61437057558572,0.183573496345867,9.52639603691572,15.070850201491,-84.2690583613245,-4.56042589347336,9.2579232869562,-0.269458184532773,0.384924074393203,17.8246712430076,10.5316672885795,-0.145639423462338,10.0766893978516,0.86199767239998,-9.55293215654889,5.22514590714435,8.45290001564029,1.19926553089016,6.72283593282335,0.976579021272002,17.2840289905583,-48.0215940890319,-28.0863760481593,-5.29342947086477,-1.41310431521996,0.49234604668947,50.854847873127,4.57058924693112,306.650875902469,12.2716072605938,7.81010165603638,-3.91169508191934,58.7575860343815,-5.13836289052809,227.307790639424,790.174499748405,0.134691701193051,-0.00752485349960441,0,0,0
73.49,-1.63458952065722,62.9498382567899,53.0049099126971,-30.5805627367942,96.1136742841795,73.503641461059,-18.6813271557998,2.89604212156342,-24.6612583369308,-73.6841387640584,344.273524683741,247.784381205945,2.15083643847621,9.25418914933701,0.0808292419856332,10.0271971400989,16.3347330294343,-85.2484189427961,-3.68353070684198,9.40897059928838,-0.353467285267998,0.322454361145834,19.163926434446,11.5353055857988,-0.109305519481309,10.1866863602877,0.582831210390087,-10.4035817691092,5.40374843743343,10.8932204241155,0.970425059366919,6.28227373354036,0.81683439843092,16.5260715080875,-51.7803994518334,-34.7338056075619,-5.32817247472025,-0.946356244270079,0.521421655186816,54.3613137775635,1.2599506548766,318.240866955462,11.0145243820837,8.97669158645862,-3.32268444570362,60.5122894118413,-8.97092612989959,229.500684057948,759.221042154027,0.134905944573184,-0.00785759305398059,0,0,0
73.495,-1.31886921016611,63.1440620981001,56.0833653898714,-30.0932777214051,97.4570030776227,80.1940608252447,-18.6414846017755,7.96851080484823,-18.1146377258314,-71.8750040679399,361.826939222996,271.143099008363,2.28107273104585,8.89066511284522,-0.0129367384128568,10.4756084926471,17.2847573313313,-85.5466819877906,-2.79212525418158,9.53522483207565,-0.414018697390294,0.396928386318493,20.2075383677509,11.9261022024608,-0.107541828776993,10.2671824080319,0.333968180083976,-10.9013056080725,5.52475656508792,13.0197332442504,0.784376495203392,5.86533755653193,0.651696685290287,15.6946925499076,-55.4759488716185,-41.0231975620159,-5.3802124777681,-0.44473392759001,0.54366118146057,57.6249227282609,-2.39342444510459,328.78328511583,9.69627165719887,10.1557602821728,-2.63642435305419,61.606293185307,-13.15410732624,229.187212705169,730.342317428264,0.13508955016963,-0.00813655892385423,0,0,0
73.5,-1.00562254001824,62.6493340296315,58.6111112844561,-29.6058212934151,97.4912855980867,85.8454734397481,-18.5779959584278,12.697728669543,-11.8274965314645,-69.9852510803157,377.950597525188,293.380481136007,2.41805244095461,8.52615857133426,-0.0962193678133993,10.857640329621,17.8929400559313,-85.1641985453365,-1.89743030017137,9.63229232210603,-0.446535837087285,0.600404764408367,20.921188477599,11.6812338930974,-0.140596628771977,10.3154025059458,0.128266878761959,-11.0333910584428,5.58450767150573,14.7885226244183,0.644775431249154,5.47592172889203,0.482139511165139,14.8168065805431,-59.0391857735141,-46.9463162812497,-5.444948088439,0.0855963815663889,0.560398580666216,60.5594439289996,-6.3328090480386,338.244738385144,8.31779833395587,11.3319378505013,-1.86008469371697,62.0648552386783,-17.5531758997533,226.561756466539,704.193432936102,0.135183107255984,-0.00834865125513762,0,0,0
73.505,-0.698288655788015,61.4667768461011,60.5428754926875,-29.1248129904042,96.2016606022709,90.3789755051073,-18.4925582549894,17.0875406877029,-5.83184901513697,-68.0222121481939,392.607786424727,314.406818977851,2.55914350314328,8.16324772734448,-0.167740985050259,11.1584614401457,18.1375912660741,-84.1095706616488,-1.0105746968396,9.69738654030031,-0.447700757437433,0.919603386262061,21.2757846087865,10.7849634855843,-0.20716881905043,10.3301345591206,-0.024146930884656,-10.7969852991577,5.5809054664896,16.1655591072254,0.554464510852919,5.11771518051294,0.309433532620454,13.9178605975167,-62.397278356659,-52.5000120690023,-5.51763464008044,0.639000184340868,0.573021910410637,63.0817380081459,-10.4891313901392,346.596660666925,6.87913567046767,12.4894195378779,-1.00387081231999,61.9243317631203,-22.0184248594345,221.848024069209,681.311638074752,0.135112928457955,-0.00849402885112305,0,0,0
73.51,-0.400249265453413,59.6078780668051,61.8424524177907,-28.6568692119964,93.5887556813757,93.72772456652,-18.3868184886359,21.1479532706537,-0.151952780520267,-65.9933553680246,405.771356033074,334.144250657039,2.70157108238513,7.80468004034871,-0.226511350386205,11.3631322969295,18.0036046607282,-82.399141971118,-0.142403391698726,9.72939449519307,-0.415694903244199,1.33706252068911,21.2483836200706,9.22933237989614,-0.304437107557391,10.3118342122389,-0.116473670324315,-10.1985564058985,5.51326900720203,17.1267499751812,0.51542527426462,4.79408713149056,0.135116073103999,13.0212386962429,-65.4747691269875,-57.6854698994536,-5.59345065625621,1.21052201089361,0.582797789094573,65.114478840276,-14.7813843571181,353.815288504329,5.3800751641989,13.6121622129339,-0.0811246543088977,61.2303533924273,-26.3896303025648,215.292620597659,662.045469237147,0.134807904877821,-0.00858423174537304,0,0,0
73.515,-0.114778169376934,57.0942192153478,62.4832771973587,-28.2085254118511,89.6687600291449,95.8380352949531,-18.2623467695771,24.8943438117833,5.19564598493373,-63.9062408314619,417.422907312921,352.526569771254,2.84247719382801,7.45331846028273,-0.271875340715162,11.4574106807273,17.482677146175,-80.0563853328842,0.696680335170072,9.72888256109027,-0.350352442394028,1.83248158813997,20.8230136165763,7.014739294885,-0.428179411744362,10.2626745412791,-0.145622563609515,-9.25299483473912,5.38215952601709,17.6578306757435,0.528743333795088,4.50797668017334,-0.0390517834716098,12.1478024854326,-68.1948530854955,-62.5073524823064,-5.66728330779136,1.79589162357592,0.590712146926543,66.5888443418014,-19.1174884970427,359.881665674516,3.82108850308762,14.6840075160271,0.891650221123851,60.0359139397586,-30.5012667799018,207.158325460323,646.502518940063,0.134207008718503,-0.00863580782824425,0,0,0
73.52,0.155006994217395,53.9570327189148,62.4488269357288,-27.7861590030091,84.4732817684787,96.6702711011992,-18.1206139709346,28.3465597285231,10.2018932599333,-61.7684812587548,427.551914541807,369.498868081969,2.97898383821437,7.11208528439663,-0.303544382822621,11.4285821098794,16.5734590954417,-77.1112208128067,1.49689283806458,9.69793426042545,-0.253214851972302,2.38416418773009,19.9913552625114,4.15037678586664,-0.572943467880481,10.1864142445492,-0.112371348588838,-7.98242875648865,5.18919586193365,17.7541027507191,0.59458703771415,4.26179256243707,-0.21113787595895,11.3155721504021,-70.4807732647571,-66.9728841807871,-5.73016935670617,2.39753502195137,0.597430858563556,67.4470887273382,-23.395637474998,364.781655066221,2.20855449885721,15.6942651199852,1.89492793382336,58.3994283994875,-34.1881667495329,197.717218882725,634.527520434631,0.133275485597662,-0.00865925059053652,0,0,0
73.525,0.406189981889695,50.2365975343631,61.7328433806183,-27.395914023548,78.0489958920723,96.1995218407995,-17.9629743152763,31.5279311315907,14.8648420591891,-59.5877072125299,436.154809244137,385.017030448831,3.10825776684806,6.78390598865626,-0.321608772400057,11.2662655710902,15.2816327980985,-73.5992977555801,2.24920609911449,9.63992482377293,-0.127482785210666,2.97047020680167,18.7532494657166,0.654498705678411,-0.732292395079948,10.088190348703,-0.0212819600347112,-6.41483912626172,4.9368728980522,17.4200250752701,0.712199944324819,4.05732877894278,-0.37909835855394,10.5395443637962,-72.2573190201761,-71.0909241088996,-5.76296713131918,3.03232193135155,0.603353064433318,67.6449018353219,-27.5061384612218,368.505936826088,0.562423048289706,16.6450901638255,2.90649062203385,56.3828076676083,-37.2912852838595,187.243798410244,625.716907720978,0.132006508350123,-0.00865673581931325,0,0,0
73.53,0.636097422719706,45.981488166044,60.3393749374483,-27.043628569356,70.4570908384633,94.4160617645832,-17.7906531933755,34.4642243801936,19.1891130863877,-57.3715369467,443.234053166368,399.047102537787,3.22757496766998,6.47165496313449,-0.326529397323718,10.9631466190169,13.6199125182106,-69.5612730261034,2.94543279940216,9.55926033670916,0.0221317528615648,3.57118603361527,17.1170081695793,-3.44550479784268,-0.899113235269252,9.97425680670543,0.119623090524842,-4.58256656797655,4.62839961289576,16.6686677655939,0.879907530245828,3.89570078116348,-0.540840653438248,9.8316359330532,-73.4524083707251,-74.8710755679828,-5.74851162071238,3.70654258695834,0.608410873855665,67.1534561415096,-31.3337396896179,371.04997380023,-1.10009298918438,17.5300312383855,3.90183950130272,54.0495901526156,-39.6632346827055,176.008233128043,619.472434864026,0.130429796649097,-0.0086183779261999,0,0,0
73.535,0.842335896862886,41.2476948286736,58.2826394680077,-26.7347659523972,61.772523391818,91.3255854767536,-17.6047403623479,37.1825662055681,23.1852163391415,-55.1275508047602,448.79722838837,411.564553819737,3.33438309576927,6.17810449832053,-0.319108918113453,10.5155945019078,11.6079559903022,-65.0421137826472,3.57827246744464,9.46108000783022,0.18964337131751,4.16872801996721,15.0995146953628,-8.11324295400847,-1.06596289845434,9.85166054690413,0.299399331229237,-2.52080200056999,4.2675734002858,15.5210414578212,1.09513857568373,3.77730554972498,-0.69428693284222,9.20073644440077,-73.9987308651246,-78.3228750471306,-5.68678118183844,4.39750461699913,0.612029814540898,65.9610404510757,-34.760413542639,372.413929447151,-2.78095311338619,18.3181195090967,4.85483733887346,51.4631661635899,-41.1732852103623,164.269911160291,615.08912818603,0.128600513620997,-0.00852467426479109,0,0,0
73.54,1.02282407140961,36.0976349092745,55.586712895134,-26.4743504873679,52.0830930057573,86.9492229288952,-17.4061885146323,39.7103695430346,26.8687522296157,-52.8632699424381,452.85617246355,422.553460085142,3.4263603394653,5.90587770831781,-0.300444007502126,9.9241270270677,9.27217453463357,-60.0904476102171,4.14132470022648,9.35093696401234,0.368106172455449,4.74910594853416,12.7261088997116,-13.303682088573,-1.2254294747916,9.72786845501706,0.504897771330306,-0.266146801487719,3.858704803702,14.0053182585205,1.3544616112607,3.70180732117387,-0.837435371963331,8.65284944047898,-73.835422156445,-81.4550976950557,-5.58084803898335,5.08326096283587,0.613075617636169,64.0741825551684,-37.6685368567399,372.602529140661,-4.48150432810535,18.9806236537522,5.73818512063351,48.6851299671039,-41.7115829587509,152.271443200618,611.863133024868,0.12658958419567,-0.00835391349142878,0,0,0
73.545,1.17581945901233,30.5990775205731,52.2850521282593,-26.2669087480177,41.4883478700774,81.3233373784387,-17.1958170516549,42.0742925955138,30.2595139505537,-50.58613901553,455.426185382031,432.005631072441,3.50146957086081,5.65740543112501,-0.271861656636366,9.19369577025061,6.64542769241646,-54.7579758835679,4.6290782241704,9.23447283232691,0.549981945780429,5.30258953232863,10.0302595827703,-18.9637286320429,-1.37048685882269,9.61036271131074,0.721613988076424,2.1446829632493,3.40660175181511,12.1559639563469,1.65363668846493,3.66814907487148,-0.968416780427443,8.19129993022478,-72.909736039031,-84.2752080320937,-5.42762996878787,5.75469350237905,0.609811070862205,61.5181727699116,-39.9443821355209,371.624862525407,-6.19200753004265,19.5024407590548,6.5241856504326,45.7737959679495,-41.1924072903719,140.233288337595,609.197498627774,0.124483213074656,-0.00809276940019465,0,0,0
73.55,1.29993947858547,24.8240039146492,48.4198641183555,-26.1164170672133,30.0983361609003,74.4991127722293,-16.9743207414041,44.2992620501987,33.380515613911,-48.3035123486006,456.525333386304,439.919709771024,3.558007006895,5.43488661623955,-0.234843704546603,8.33377430707779,3.76658872224065,-49.098958353787,5.03688630172496,9.11710062738825,0.727541161241014,5.82404082514948,7.05303178914221,-25.0330316750438,-1.4948224481593,9.50622533608566,0.934614040470735,4.67594893545078,2.91661517841301,10.0128035767942,1.98768253416122,3.67458832230243,-1.0855446364192,7.8169862057744,-71.1786745597257,-86.7889753717791,-5.22399544522989,6.40441506561183,0.600216234128016,58.3369172516473,-41.4818059923468,369.494131698804,-7.89964823585964,19.8726081258392,7.18611770177854,42.7829180277001,-39.5563707849191,128.349165187147,606.68647112812,0.122370135206115,-0.00774191957872183,0,0,0
73.555,1.39417661323646,18.8474269301631,44.0413358322157,-26.0262559824673,18.0322169491688,66.5419391987714,-16.7422827919273,46.4075898952812,36.2569729796313,-46.0226429876805,456.173872183131,446.300270439615,3.59464492549175,5.24025138472387,-0.190944577224321,7.35824276296444,0.679969657562488,-43.1697687359991,5.36093951151632,9.00370940207397,0.893272837991471,6.31289758556155,3.84235998699962,-31.4449900451533,-1.59312091588622,9.42173533433848,1.12947839273028,7.29373804297176,2.394739331958,7.62004370254232,2.35095883817337,3.71875436098777,-1.18735699335265,7.52865581186438,-68.6105324252199,-89.0002636325625,-4.96814210940618,7.02498269556931,0.582224077641341,54.5920746419886,-42.185996820432,366.227356812223,-9.59034769361835,20.0829584361732,7.69955803447486,39.7606525936262,-36.7715459204989,116.782398863798,604.159587917958,0.120341908098518,-0.00732260062225265,0,0,0
73.56,1.45790757583152,12.7461925190234,39.2067425109162,-25.9991722514232,5.41674620883223,57.5306069198424,-16.5001917371126,48.4182109629863,38.9152652552419,-43.750673943821,454.393808772319,451.156942310705,3.61046817798122,5.07512588612034,-0.141707698498228,6.2850725345316,-2.56540110736511,-37.0285131237043,5.5982462219398,8.89840288581854,1.0402794249049,6.77281574065792,0.452140020578647,-38.1279398786437,-1.66129115415212,9.36200300122805,1.29320468843654,9.96654301867663,1.8477511696736,5.02527498525156,2.73726299119431,3.79772305588017,-1.27264919760612,7.32318872763558,-65.1863087374602,-90.9109955599227,-4.6600626220103,7.6087673392259,0.553947041453573,50.3614614210291,-41.9771249661093,361.845056575561,-11.2495200105691,20.1280814411616,8.04371613116809,36.7488053043339,-32.8335768688885,105.663331348318,601.676537361981,0.118493867582098,-0.00687725612970969,0,0,0
73.565,1.49089650457343,6.59778574838664,33.9794536746085,-26.0372489798098,-7.6153456773218,47.5563210855439,-16.2484614113446,50.3460651536382,41.3819073877048,-41.494630858173,451.208617130007,454.503585270857,3.60500427805232,4.94079829657468,-0.0885861344948198,5.13582498868061,-5.91664976919885,-30.734695968443,5.74662924169276,8.80428299700112,1.16263424741359,7.21100173170234,-3.05884612225954,-45.0064905092666,-1.69662787104092,9.33066535700676,1.41501336485703,12.6655729600885,1.28336516505664,2.27847695272245,3.13994006814116,3.90810446761976,-1.34049683068141,7.19587493687082,-60.9009374862901,-92.5212823933557,-4.31723585582776,8.1349186559235,0.513713184301545,45.7367488887527,-40.793727960595,356.370925555029,-12.8781767146932,19.9922409171696,8.2025146702071,33.7823957299181,-27.7648948643534,95.0878896179613,599.469065749467,0.116931327458311,-0.00645980009958613,0,0,0
73.57,1.49329231698111,0.479162481536336,28.4278579056852,-26.1418843175097,-20.9270675400054,36.7215506041075,-15.987453190094,52.2016442501683,43.682562415615,-39.261415267011,446.643118232813,456.357542466708,3.57824672438894,4.83818576967439,-0.0328727370519784,3.93498684876521,-9.31807036528864,-24.3489126947231,5.80474437171842,8.72328765973105,1.25568169219339,7.63728630542111,-6.62815749012937,-52.0029697074413,-1.69790349379228,9.32966408473892,1.48700643735342,15.3648094188237,0.710373797375605,-0.568955226603386,3.55200430032808,4.04613831344077,-1.39026874726272,7.14067809369821,-55.7642885118503,-93.8297021648929,-3.98363298738794,8.56771733519369,0.460312902043738,40.8205156433374,-38.595662563791,349.831532648731,-14.5007964201683,19.6455126958336,8.16562280721461,30.889565144829,-21.6131966793947,85.1173642833714,597.840073684795,0.115757874951322,-0.00612732833614782,0,0,0
73.575,1.46562044817223,-5.53437376176543,22.6242284527385,-26.3137790862431,-34.3789537466119,25.1387258297402,-15.717499598359,53.9907183468871,45.8411227511011,-37.0577976203468,440.723529331984,456.73899274867,3.53067095636583,4.76780279271526,0.0243556382822203,2.70917249584479,-12.7122658825325,-17.932544221525,5.77212318573084,8.65609070403255,1.31626391874777,8.06300892749712,-10.1910559739611,-59.0389343073438,-1.66538963979683,9.35912273608656,1.50463893072217,18.0408399651869,0.138740939318546,-3.46514557530109,3.96626976975225,4.20779234612232,-1.4216304973293,7.1504814520535,-49.8018930154157,-94.8337034710714,-3.67377669857956,8.90520372167385,0.39362379702934,35.7227607964577,-35.3664656429709,342.256065467084,-16.1099693519764,19.0915275693102,7.92990377016526,28.0918376446048,-14.4493654775432,75.7794042933126,597.044491150295,0.11507423650472,-0.00592513495740921,0,0,0
73.58,1.40876928623567,-11.3702323873211,16.6435521331203,-26.5529336044711,-47.8309036456418,12.9288008006284,-15.4389283415649,55.7142513588845,47.8788876868939,-34.8904092132727,433.47768141522,455.670423103138,3.46324200411794,4.7297321188566,0.082276310753139,1.48622932294748,-16.0413941831343,-11.5474270449344,5.64923865338779,8.60206967556307,1.34286228788386,8.49979524848329,-13.6819817257133,-66.0366993831291,-1.60081031412976,9.41733360233933,1.46697394257591,20.6725148213358,-0.420383975925653,-6.35862088227357,4.37548764984624,4.3888592457338,-1.43453877608055,7.21731617680202,-43.0553522265749,-95.5301069651167,-3.34940239050275,9.18480817414862,0.314801371151804,30.5570215767455,-31.1149874334416,333.676143486025,-17.6478099915881,18.3776886195231,7.50052740124511,25.4047261755705,-6.36501218054011,67.0701839038893,597.183936097186,0.114962123127295,-0.00587185494514308,0,0,0
73.585,1.32397169222844,-16.9595188014615,10.5623438753243,-26.8586538711182,-61.144053329487,0.219696755230414,-15.1520857964572,57.3685090215914,49.8138619723124,-32.7657322266625,424.935397322413,453.176237739038,3.37741255091808,4.72360013249393,0.140339141123236,0.294286446105529,-19.2484872322493,-5.25547325253179,5.43758852302359,8.55934502156785,1.33564664610596,8.95831794100025,-17.0361154631192,-72.9208385762993,-1.50723122895246,9.50085702368632,1.37670567480624,23.2404822492671,-0.954758439585563,-9.19913379145552,4.77248703429625,4.58504846256609,-1.42922784021399,7.33257522572019,-35.5823944837339,-95.9156740710897,-2.98374279254561,9.42718921569957,0.226480759312431,25.436270978015,-25.8761926251941,324.125718907964,-19.0705575755452,17.5391026002254,6.89123352629298,22.838653673327,2.5302035553441,58.9576499811158,598.147642136608,0.115468253160643,-0.00595968838107375,0,0,0
73.59,1.21278205406036,-22.2379276335723,4.45746855748047,-27.2295671594858,-74.1826576733773,-12.855355378562,-14.8573590140478,58.9453564817619,51.6601970025686,-30.6900871440398,415.129016523752,449.28251631561,3.27510985862007,4.74855905491066,0.198264357600456,-0.839210580149769,-22.2788043609292,0.881782123371135,5.13978801580449,8.52489128431657,1.29643085510763,9.44713299936209,-20.1909932362158,-79.6196099879523,-1.3888914300256,9.60472773397763,1.23994935139364,25.7266643455648,-1.45126489009398,-11.9384195983527,5.15031624011311,4.79207051706032,-1.40618906799482,7.48721791622387,-27.4565545842339,-95.9877114756981,-2.57919540558551,9.63277837850132,0.13263558380657,20.4687935576301,-19.711065062351,313.641078430303,-20.3643413026477,16.5915424227691,6.12376150863339,20.4001378137789,12.1113457963643,51.3857139116955,599.618727922248,0.116598397088381,-0.00615388624017843,0,0,0
73.595,1.07704937185661,-27.1465364407754,-1.59500939052791,-27.6636469565147,-86.8159594058576,-26.1595548584582,-14.5551953331612,60.432736177374,53.4277920842279,-28.6696169140028,404.094046007751,444.016928989036,3.15870989947824,4.80327871411893,0.256020626713532,-1.88843590779151,-25.0811738929891,6.8037238207334,4.75966064208935,8.49471761677864,1.22853825030738,9.97167883321058,-23.0881301082715,-86.0662661434991,-1.2509850520079,9.72275492454446,1.06581201311176,28.1137363836549,-1.89626138314925,-14.5308841150218,5.50238143316464,5.0057124282175,-1.36614503205946,7.67197092652491,-18.7664595125846,-95.7446806335146,-2.14236270221528,9.8012332829705,0.038009572079321,15.7542478737815,-12.7055977894935,302.260951973833,-21.5208140107826,15.5505806278405,5.22670638214189,18.0931685449008,22.2409805561465,44.2792154200321,601.148599647063,0.118314327268994,-0.00640403793871513,0,0,0
73.6,0.918886907310323,-31.6324929092865,-7.52092978401386,-28.1582470610403,-98.9200209052112,-39.5543337177855,-14.246118780999,61.815310432488,55.1220684744566,-26.7102673612458,391.869910551757,437.408810610994,3.03099716603699,4.88595061542642,0.313785583630546,-2.83004862385592,-27.6092730130255,12.4512995173496,4.30231409201368,8.46411121984245,1.13658578181443,10.5335142030333,-25.6745996892059,-92.2002126897352,-1.09940277321825,9.84789587291772,0.865772850505127,30.3846697580072,-2.27605805128172,-16.934222958433,5.8225794872856,5.22190407810607,-1.31001959866257,7.87753083513852,-9.61471615430646,-95.1867835867255,-1.67851530717383,9.92749751676461,-0.0521994304118814,11.3801208081701,-4.96889822704806,290.026726355123,-22.5311942624278,14.4278621705478,4.23410818719604,15.9206929976838,32.7719122576221,37.5494571184086,602.278023619502,0.120548813257357,-0.00665506123824677,0,0,0
73.605,0.740638951415328,-35.64959117893,-13.2490770384547,-28.7101445290283,-110.379493597384,-52.9012014195255,-13.9307425447,63.0752472596899,56.7439235711391,-24.8177635112582,378.500769996797,429.489390660467,2.89510904494207,4.99430672551496,0.371892268523268,-3.64394843113351,-29.8227937891271,17.767765418347,3.77418738329089,8.42793336834158,1.02620015884202,11.1298537421583,-27.904507951894,-97.9679883395004,-0.940444544551977,9.97267792159113,0.65291498338391,32.5223910918569,-2.57749771299432,-19.1099756067497,6.10542212604049,5.43677630632547,-1.23890566050471,8.09477153055813,-0.116408871909268,-94.3164995792223,-1.19365309380947,10.0045704138262,-0.132667872424547,7.41876174748252,3.36951539868058,276.982753452227,-23.3884767979805,13.2335420989404,3.18394584698917,13.886114244448,43.5498660358368,31.1000895436447,602.673076596019,0.123214003768843,-0.00686375594666533,0,0,0
73.61,0.544845274516406,-39.1587353798201,-18.7121425202958,-29.3155910255203,-121.089299298504,-66.0636099273124,-13.6097769323462,64.1931224708214,58.2898669091049,-22.9975816801721,364.036366217562,420.292169489338,2.75446435511658,5.12565473237677,0.430765851342077,-4.31388798031698,-31.6884442103148,22.6995269266457,3.183041038529,8.38098003067185,0.903683090742193,11.7534375318591,-29.7402938573005,-103.324047654846,-0.780523639605899,10.0896701310183,0.441064206618999,34.5095986272187,-2.78860499142055,-21.0240207087508,6.3461485749888,5.64671225768181,-1.15403214982927,8.31495720513214,9.60277264475041,-93.1390509473939,-0.696928751501383,10.029627438545,-0.198295948808117,3.92515411620019,12.1631092992287,263.176734175676,-24.0909243669781,11.981688294958,2.11639007821502,11.9947094390194,54.4161290776412,24.8331170133636,602.240519455898,0.12622073931204,-0.00700059455544988,0,0,0
73.615,0.334203820852638,-42.1282907327919,-23.8475968052583,-29.970372013889,-130.956197673865,-78.908816592621,-13.2840323995245,65.1489065643936,59.7523336693501,-21.2549173865866,348.532858717406,409.85342539663,2.61267663329657,5.27693060988438,0.490855596285285,-4.82791442143595,-33.1807372281642,27.1970574919633,2.53784142630826,8.31844823316911,0.775645452099115,12.3927455228434,-31.1537875895386,-108.231337967427,-0.625893734315639,10.1920438003568,0.243900202769466,36.3287623937965,-2.89925673795562,-22.6470224774577,6.5408241502376,5.84839390106084,-1.05673195309591,8.52995855718284,19.4087425378846,-91.6627813045841,-0.176612182092439,10.0154278847365,-0.244667823243068,0.935540048325911,21.2522716035491,248.660152053353,-24.6214998798861,10.706205022382,1.07217239264303,10.2548789406909,65.210177600029,18.654794697979,601.192112780125,0.129493048093001,-0.00705399572367948,0,0,0
73.62,0.111532197957742,-44.5343245788931,-28.598462336774,-30.6698730848567,-139.900214193271,-91.309721394056,-12.9544173938239,65.923001139995,61.1201654233631,-19.5946493600664,332.053605303406,398.212831126604,2.47345392033042,5.44476816813729,0.552567189984514,-5.17862044836946,-34.2825281746236,31.2158695612088,1.84870192501296,8.23618431716249,0.648632129633184,13.0325405630121,-32.126960951412,-112.661671417988,-0.482344969888676,10.2738562986317,0.0740691698203296,37.9623179388526,-2.90181892995369,-23.954841409471,6.68642242453846,6.03884566554518,-0.948412244603442,8.73246669084968,29.1615206418091,-89.8994338280565,0.413127504752971,9.99051216003666,-0.268638695987985,-1.53303599058637,30.4686211920282,233.488723957827,-24.9369816669001,9.4657984075234,0.0907394822128716,8.67914996651489,75.7723167585861,12.4811963620955,600.040163816488,0.132965292964379,-0.00703086248921192,0,0,0
73.625,-0.120271509142527,-46.3607414200959,-32.9139795802772,-31.4091526025848,-147.855903545756,-103.146654345299,-12.6219309591529,66.497286934266,62.3792420115728,-18.0213001438839,314.669843236785,385.414152839082,2.34048804373142,5.625583999564,0.61620034489686,-5.36319388831687,-34.9852713798783,34.7175034852404,1.12686004530115,8.13075845630074,0.528759191644241,13.6546977337452,-32.6523144496195,-116.59590207312,-0.354894269041044,10.3301006929004,-0.0576304549967239,39.3930459501699,-2.79169266568651,-24.9289256349874,6.78088886294677,6.21547682013004,-0.830528553891658,8.91619646206721,38.7179722910552,-87.8643222647471,1.05686087423846,9.94783927665349,-0.268400119970316,-3.48225342661863,39.6395077484056,217.722830887428,-25.0490489448572,8.27249202301627,-0.794009312848238,7.2848742079574,85.9463501782811,6.24324943660349,599.517346975417,0.136585274534625,-0.0069416981510928,0,0,0
73.63,-0.358268096481611,-47.5993174678601,-36.7501623150996,-32.1830197252749,-154.773424538161,-114.309088367946,-12.2876502382656,66.8561441775161,63.5132429939794,-16.5389940089454,296.461226987973,371.505999660874,2.21733756922555,5.81567494915821,0.681896034564553,-5.38326439991396,-35.2889798722972,37.670493978397,0.38437950935673,7.99987568978987,0.421384025042063,14.2392550263496,-32.732861827638,-120.023925685054,-0.247615625466738,10.3571044285355,-0.142880329964152,40.604613428351,-2.56771503579872,-25.5567012470922,6.82318412810097,6.37612360983317,-0.704563566801668,9.0760690691142,47.9347224165992,-85.576391889066,1.64872416708148,9.8423778177563,-0.243402037446516,-4.93115569639724,48.5925258973269,201.427889137838,-25.0466691638236,7.07619373548394,-1.55669963552676,6.0945762674862,95.5822768518036,-0.108941780033537,600.434086893863,0.140301949224195,-0.00679478090875651,0,0,0
73.635,-0.599516302944496,-48.2496412924837,-40.0702401238894,-32.9861167456881,-160.619404082322,-124.697252660694,-11.9527132084079,66.9874059714007,64.5045122116503,-15.1514131023432,277.516181319895,356.54258783416,2.10730957115149,6.01132407941971,0.74959687586146,-5.24455568346678,-35.201886982413,40.0512699108911,-0.366246668823968,7.84277198069,0.330826806229041,14.7656033209928,-32.3816944893778,-122.944525305012,-0.163554044322025,10.352903296374,-0.176291528263051,41.5822376396783,-2.23236952629779,-25.8319801996805,6.81330562846248,6.51909132037748,-0.572011239590594,9.20836283140829,56.6711732286584,-83.0581718799468,2.11961367204524,9.65879845215239,-0.194033703912909,-5.91400026266542,57.1598804625602,184.674621947803,-24.9884110671415,5.85955350829494,-2.1780837233066,5.13592633283931,104.538989729117,-6.60263433244903,603.501825329288,0.144060165571115,-0.00659072828264051,0,0,0
73.64,-0.841111142579582,-48.3189679270611,-42.844988369129,-33.8130045954997,-165.37756996247,-134.223621643376,-11.6182971741447,66.883206852705,65.3349948535859,-13.8617529380271,257.932032863451,340.584480464568,2.01334603418455,6.20891020212463,0.819023107078076,-4.95636132298574,-34.739824568924,41.8449423197901,-1.1124166933273,7.6603174038402,0.260157814730124,15.2137238987235,-31.6211338423654,-125.365089169241,-0.104665576852363,10.3172863878979,-0.15567011842112,42.3134231568907,-1.79177460940791,-25.7554021285064,6.75228631759156,6.64319545775215,-0.434366313503905,9.31082150176376,64.7925498720708,-80.3356242294593,2.46295217778554,9.41419470175023,-0.121179401715496,-6.47745960147978,65.1824630989332,167.539193896456,-24.8821498674455,4.6511764100519,-2.64433652864503,4.44132451008055,112.686926621837,-13.2399619072047,609.169280783726,0.147794876178126,-0.00632403699972972,0,0,0
73.645,-1.08022111369374,-47.8219942228747,-45.0529479374252,-34.6582502690615,-169.049134712522,-142.814254966248,-11.2855937159054,66.5406916479286,65.9872132144416,-12.6726784897615,237.81488965334,323.69926215031,1.93792095689292,6.40501551537986,0.889665395791573,-4.53087149780089,-33.9253483805399,43.0459378092308,-1.84177847278248,7.45504888342225,0.211061237615299,15.5653803349835,-30.4815069145057,-127.301227762221,-0.0718392225488871,10.2517743699842,-0.0820643910260951,42.7887157599549,-1.25543712818532,-25.3349213284445,6.64217024753061,6.74780020602655,-0.293118802584847,9.38271110625639,72.1728958330884,-77.4378971385436,2.68286743916613,9.1280869490516,-0.0264588833535904,-6.67734952544908,72.51352994691,150.103174926668,-24.7284551427575,3.48462574954065,-2.94922737454429,4.04709511036563,119.910603970953,-19.9965060263868,617.51902412799,0.151437092402941,-0.00598073132912624,0,0,0
73.65,-1.31412393053845,-46.7805633688525,-46.6805387458064,-35.5165148492478,-171.652916036914,-150.40996489779,-10.955780945809,65.9625540191538,66.445245210896,-11.5862822603531,217.279245881252,305.96210751781,1.88295402073808,6.59652577202403,0.960794448063784,-3.98238583534016,-32.7866556402184,43.6584399695534,-2.54261128878745,7.23113398483672,0.183781131334515,15.8051787127996,-28.9996071237422,-128.776314683139,-0.0649969835798152,10.1595449975096,0.040398259406681,43.0024152756072,-0.635777290561594,-24.5863420151197,6.48596494226946,6.83285140393452,-0.149752531090622,9.42481903303444,78.6979396420119,-74.3969927204478,2.7873658929796,8.81860714346888,0.0876599854956989,-6.57508465166878,79.0219022335321,132.453307676878,-24.5258996897247,2.39273136760431,-3.09455099497153,3.99229751009343,126.110950584386,-26.8209633711035,628.255896371732,0.15492399726743,-0.0055546410469649,0,0,0
73.655,-1.54024046192516,-45.2233062773821,-47.7220724114759,-36.3826407625994,-173.225182670487,-156.967288671962,-10.6299940478593,65.1573795899832,66.6956688186092,-10.6040457703206,196.447298006687,287.456204011774,1.84974599844741,6.78071772384545,1.03148619390433,-3.3264541399679,-31.3563521717374,43.6966097951307,-3.20419022431603,6.99423955515862,0.177150144910036,15.9214248356019,-27.2169251738373,-129.820971140114,-0.0832506807312234,10.0452826253693,0.204858268017039,42.9531925614583,0.052547488930648,-23.5338941635386,6.28757128862187,6.8989006014505,-0.00574635421776465,9.43939260443242,84.267756505766,-71.2473596318774,2.78403134899981,8.50089246930519,0.217885750754909,-6.23407129129885,84.5946435498933,114.681060510252,-24.2742728738733,1.40422830689456,-3.08996583483046,4.3171674250935,131.207353304121,-33.6359107329846,640.785781306959,0.158207959070313,-0.00504772884324289,0,0,0
73.66,-1.75616659722848,-43.1852270607031,-48.179670568458,-37.2517368546672,-173.819218413711,-162.459245105398,-10.3092951724771,64.1397750765148,66.7284359738543,-9.7268059296882,175.44796812664,268.272992225431,1.8389399330674,6.95532930761502,1.10066029017356,-2.57899117137115,-29.6701352673511,43.1845667603486,-3.81710910670879,6.7513140787673,0.188696814012877,15.906727821507,-25.1777523181182,-130.472507101176,-0.125093780859742,9.91496245449197,0.402218693702889,42.6445632769698,0.793474198476974,-22.2108293106395,6.05169232014682,6.94711643857159,0.13742365928577,9.43001829167001,88.7991527693993,-68.0254210193537,2.68081524707912,8.18755569444092,0.360119241772455,-5.71624532983766,89.1391958600047,96.8819588112848,-23.9736101795486,0.543828043423945,-2.95227076979273,5.06121050612652,135.139329909373,-40.3396318138873,654.357220899561,0.161272653048963,-0.00447189114903512,0,0,0
73.665,-1.95970279284035,-40.7072391222965,-48.0630960635532,-38.1192598607727,-173.504601220759,-166.875856988841,-9.99464381145128,62.9302722050339,66.5376411819011,-8.95472772611705,154.415640713932,248.512191569934,1.85051060610467,7.11860910083324,1.16712887834067,-1.7554136848353,-27.7654632112372,42.1561244068192,-4.3735400296842,6.51029932790816,0.214822917944004,15.7583237559891,-22.92726783865,-130.774324128383,-0.188601866706693,9.77558212079672,0.621743802598075,42.0851818764578,1.57046110517196,-20.6600018022647,5.78372295164038,6.9792797023625,0.278283025683037,9.4014466556671,92.2277073195607,-64.7690470659907,2.4992472985699,7.89272486666649,0.509432872543961,-5.07894744050829,92.5849787909262,79.1546982373414,-23.6131369434018,-0.159749197667368,-2.70382203417256,6.26098114830202,137.867755349069,-46.8089357366656,668.221561034759,0.164126908609235,-0.00384722499842294,0,0,0
73.67,-2.14888108046796,-37.8356575255565,-47.389504684253,-38.9810908536653,-172.366198578678,-170.224423403534,-9.6868687958701,61.5550031162931,66.1221530655395,-8.28728458060971,133.488629101589,228.281585055311,1.88378305283437,7.26934288747826,1.2296520041612,-0.869847335400497,-25.6802824141955,40.6542869908679,-4.86761746213024,6.27962371695017,0.251037752104553,15.4781182256806,-20.5097234881374,-130.775276694841,-0.271869579844075,9.63478184734756,0.851714257928892,41.288932134646,2.36744082020708,-18.9343874414658,5.48962335671242,6.99775898636855,0.415360612685725,9.35937161888862,94.5094119360901,-61.5169797428527,2.2688970021973,7.62983766259746,0.660252737868937,-4.37230161196314,94.884471989008,61.6000550262215,-23.1758233765672,-0.677870289951706,-2.37119726588047,7.94759504338298,139.375583741752,-52.9028668234395,681.772442551505,0.16680956619079,-0.00319947743542137,0,0,0
73.675,-2.32198934231845,-34.6216523701286,-46.1831251794787,-39.8336052788943,-170.50288504596,-172.529529188662,-9.38664303484633,60.0451522048082,65.4860812990527,-7.72324758978928,112.807398164188,207.69654420514,1.9374790204784,7.40685663534662,1.28699586337673,0.0655522983970384,-23.4518783267089,38.7305258226112,-5.29673341879068,6.06679257977604,0.292231466213565,15.0724697949207,-17.9668297108309,-130.528981416,-0.374680966076464,9.50006337203101,1.08009047007171,40.2748040525764,3.16972815806562,-17.0974799031022,5.17577921463812,7.00546486316204,0.547195192309173,9.31017545071822,95.6218618869868,-58.308215512127,2.00696324658379,7.40605234096387,0.806568861879308,-3.6372274216774,96.013807923905,44.3196194632197,-22.6550384197971,-0.995272682846669,-1.98438258209048,10.1440451793991,139.668028257456,-58.4671796452268,694.634060235019,0.169376845010151,-0.00255157412321161,0,0,0
73.68,-2.47759267711879,-31.1206669600078,-44.4748751596824,-40.6737352421008,-168.025992640981,-173.8327822598,-9.0944620467077,58.4361976276142,64.6390566861196,-7.26068469419595,92.5125791184878,186.87928341412,2.00978845760429,7.53099669417798,1.33799006873003,1.04112629867929,-21.1159069134056,36.4438642934387,-5.66006150266523,5.87912229709316,0.332988993361018,14.5517554094631,-15.3364324814628,-130.093058164154,-0.496816865717067,9.37892528155036,1.29513783970869,39.0665598241099,3.96481589232254,-15.2234971695349,4.84885243613662,7.00578179504772,0.672348197264793,9.26065264784462,95.5649584768463,-55.1813501668571,1.72078704566134,7.22412470985888,0.942279852784923,-2.90417408607044,95.9729031572886,27.4143884738716,-22.0524289118214,-1.10825554597605,-1.57481081373026,12.8624173477972,138.77218189574,-63.3394327538686,706.683917594926,0.171887486012,-0.00192335811285282,0,0,0
73.685,-2.61455169536057,-27.3918036483814,-42.3019200465207,-41.4990227905265,-165.05750968528,-174.192273314037,-8.81062722806807,56.7669637279768,63.5963083921127,-6.89697058971601,72.7428208960545,165.957842098274,2.09846152245441,7.64208947485853,1.38158041642335,2.05005665918251,-18.7056501007666,33.8598082787098,-5.95537454012659,5.72614265310337,0.367909990516304,13.9297715660677,-12.6515471383635,-129.528284360345,-0.634100602606018,9.27969740301947,1.48599892888718,37.6922025660226,4.74300229524206,-13.3973269629439,4.51562618758246,7.00247852270883,0.789423474948361,9.21772660905991,94.3610965621627,-52.1738891978903,1.41732495535319,7.08565656956755,1.06166440661118,-2.19261765132598,94.7851513712874,10.9832613441235,-21.3702666114604,-1.0184242740733,-1.17291409826349,16.1011309514744,136.736082676554,-67.3545386180256,718.013675447578,0.174393493460191,-0.00132681981235461,0,0,0
73.69,-2.73203759275131,-23.4971794781685,-39.7071816337301,-42.3076630341065,-161.728048716152,-173.68175661199,-8.53523466268555,55.0785130765544,62.3785293310781,-6.6288079401943,53.632529904391,145.06480246593,2.20091533761592,7.74088415832058,1.41687413036929,3.08850848730779,-16.2515221790629,31.0491629283444,-6.1811887124882,5.61759045441398,0.391918516431889,13.2230309826716,-9.93978873711587,-128.897644450002,-0.781103477913328,9.21049543666663,1.64320243244702,36.1832700611919,5.49781021971738,-11.7141426019206,4.18284807954999,6.99959924199011,0.89709403283037,9.18817267624704,92.0548220400606,-49.3215274619747,1.10373397744784,6.99138919341597,1.15969739545909,-1.51131446677068,92.4966936584543,-4.87851180164361,-20.6110651055771,-0.732164439077228,-0.806297430640355,19.8423608119857,133.627245923099,-70.3505955883295,728.843890315929,0.176923680588614,-0.000759912202961566,0,0,0
73.695,-2.82954385847966,-19.5012531456878,-36.7388020771253,-43.0985360794472,-158.174609068277,-172.389554952164,-8.26817009550367,53.4129134364249,61.0115282022255,-6.45226016074435,35.3095558900209,124.335760320818,2.31434890042342,7.82848301139109,1.44317523324161,4.15556198034905,-13.780835813025,28.0867775021706,-6.33915473412058,5.56083298360223,0.400553878887744,12.4500134866162,-7.2232095689292,-128.265260900987,-0.934379228141044,9.17795112008538,1.75904666093388,34.5739816914178,6.22617673029467,-10.2786291729194,3.85707530590956,7.00133935684865,0.994134864137477,9.17835989454676,88.7119568467949,-46.6574037631835,0.787236559825421,6.94129288383566,1.23231388830333,-0.859257058551847,89.1752733582053,-20.0808763158824,-19.7777855712898,-0.260401291038133,-0.498190441135591,24.0498214123686,129.530703842157,-72.1748197083494,739.423335964415,0.179479303218042,-0.00021758579243869,0,0,0
73.7,-2.90689448064223,-15.470124432485,-33.4495683141933,-43.8712269022979,-154.538164569842,-170.417196594751,-8.00911049321335,51.8119204579634,59.5256744124208,-6.36279573143855,17.8928858611255,103.907575659331,2.43585923947646,7.9062645891992,1.46000846596178,5.25293818223372,-11.3178174164568,25.0502569785966,-6.43279089846741,5.5614111410976,0.390215075727299,11.6304228274773,-4.51852592927103,-127.695200821818,-1.09110357475559,9.18727502367153,1.82785247898431,32.9002703927788,6.92841288110508,-9.20377406151642,3.5445253551264,7.01191084080398,1.07946002005024,9.19402196514143,84.4182019677699,-44.2113393294245,0.475005648023535,6.93467720315739,1.27661904123356,-0.227235421147748,84.9086767384754,-34.5404618591481,-18.8740192753564,0.381829109855178,-0.266226272543542,28.6671116034172,124.546608618089,-72.6893895225813,749.945487195138,0.182032572190076,0.000314332726612854,0,0,0
73.705,-2.96424851632103,-11.4708071357696,-29.8963010851421,-44.6260324599235,-150.961111525268,-167.877796689054,-7.7575323875552,50.3156211316752,57.9551498377308,-6.3553436788009,1.49041052753269,83.9164386133433,2.56255210125175,7.97580544425303,1.46713096690213,6.38453462977135,-8.88384358183994,22.0186731970265,-6.4665049099437,5.62351582930681,0.35836281842381,10.7844897325567,-1.83769014878666,-127.250162849825,-1.24801640260607,9.24232116602071,1.84612548790469,31.198733570842,7.60795301768878,-8.60919496657863,3.25093570018731,7.0354031288026,1.15216124766014,9.24006557179407,79.2772423087148,-42.0090738876356,0.174066108165058,6.97031465075741,1.29103270068934,0.400129804600931,79.8027593687224,-48.1819645659067,-17.9041405281579,1.17597092553166,-0.121619312613692,33.6168203225672,118.787469950344,-71.7770155805329,760.505036655688,0.184539349772051,0.000848120271116137,0,0,0
73.71,-3.00210089991076,-7.57047671795257,-26.1392119495899,-45.3639555426095,-147.584616537333,-164.894200645445,-7.51272695891355,48.9610857283754,56.3370287919173,-6.42435953728962,-13.8031716977568,64.4957942108322,2.69164113385553,8.03880591878697,1.4645316569273,7.5557982846851,-6.49785442280596,19.0713001832194,-6.44531883094594,5.7499515279376,0.30367015134063,9.93234780404698,0.811257877727398,-126.990061279357,-1.40125186468861,9.34547801095617,1.81262676910213,29.5055383773055,8.27092990147881,-8.61900139138526,2.98143563560351,7.07564592121834,1.2115448424732,9.32042177441008,73.4083909610561,-40.0715186677551,-0.108793653635234,7.04657014848024,1.27536077285589,1.04204337696317,73.9790627212667,-60.9393790705444,-16.8734264273156,2.10066495655118,-0.0687880261933696,38.8005782970047,112.375111399616,-69.3460482707634,771.099047385224,0.186951306857949,0.00139007547216341,0,0,0
73.715,-3.02127937223118,-3.83569446407681,-22.241231027291,-46.0866850812241,-144.545907722638,-161.596911795502,-7.27382157398279,47.7810769860599,54.7102144094511,-6.56390078465452,-27.908249472927,45.7741761999915,2.82053065124671,8.09702515312632,1.4524189097006,8.77297293996754,-4.17688733745896,16.2863891986247,-6.37464198288431,5.94215062329649,0.226111449557623,9.09349496530212,3.42314156983928,-126.970537194618,-1.54623382459872,9.4976304803993,1.72835432546552,27.8553184485852,8.92562431515564,-9.3592107503102,2.74043319419761,7.13608029628413,1.25716298073694,9.43794363888928,66.9438242892722,-38.4140515272373,-0.367107361291988,7.16152850342414,1.23078923396749,1.71905839367218,67.5720369997989,-72.7570447029373,-15.7881406238567,3.13254597039029,-0.10543953622262,44.1002047176274,105.437441671648,-65.3349435498451,781.662423159802,0.189228849458995,0.00194044631527657,0,0,0
73.72,-3.02293742670431,-0.331610894627267,-18.2673076966522,-46.7965628623749,-141.975556230291,-158.121830519363,-7.03980725149503,46.8028644975944,53.1142656513833,-6.76771044379562,-40.761931828257,27.8730055637065,2.94687852414579,8.15222959426109,1.43119760675436,10.0422660213488,-1.936666810265,13.7399901955181,-6.26010711138555,6.20022606849786,0.126985841586397,8.28634104174324,5.99449256311748,-127.24143824334,-1.67766173645702,9.69819508546376,1.59644395158226,26.2801017085506,9.58184442099238,-10.9547657759638,2.53151985763633,7.21964412513216,1.28883580132371,9.59435080939651,60.0254730916111,-37.0458846832783,-0.594821271926079,7.31311211992203,1.15980104797199,2.45064787234318,60.7259039093648,-83.5904793158882,-14.6555778540202,4.24707236913291,-0.223100456782895,49.3800415151627,98.105146184865,-59.7159171250356,792.111634948422,0.191354199275903,0.00249035468995551,0,0,0
73.725,-3.00854318927208,2.878847486449,-14.2836862163254,-47.4965368505369,-139.994797632533,-154.607836691481,-6.80957130340234,46.0471896185792,51.5881540585222,-7.02930726947142,-52.3193651352061,10.9044131341169,3.06863744005063,8.20615806125462,1.40143708367787,11.3689849568895,0.207816943964132,11.5048189354785,-6.10748013682226,6.5230464626932,0.00887376670285926,7.52783316503223,8.5223842542659,-127.845318312125,-1.7896058083196,9.94522555242566,1.42199764651391,24.8083121573109,10.2502904477053,-13.5262238729895,2.35739556184008,7.32867701598721,1.3066609527026,9.79021937465075,52.8016483554964,-35.9695394434083,-0.786395379263192,7.49918173970273,1.06602104560312,3.25299763099505,53.5912154075908,-93.4069839209296,-13.4840648741631,5.41933960062893,-0.408045947138969,54.4904938245108,90.5084096920903,-52.4976350075663,802.37858943439,0.193333076510614,0.00302390914571848,0,0,0
73.73,-2.97986417724434,5.73580240553639,-10.3571582386903,-48.1901015732428,-138.712944540898,-151.19425169832,-6.58193419432619,45.5274218151425,50.1689929915285,-7.34208070025001,-62.5546861555974,-5.03085226023827,3.18407457578514,8.2605048851921,1.36383176428224,12.7566957842088,2.24180520446079,9.64916401145141,-5.92264492605531,6.90831862555892,-0.124471968806271,6.83314581008788,11.0033450764731,-128.816014642815,-1.87571757990726,10.2355823249493,1.21184675420258,23.4638920344389,10.9419543605482,-17.18620965964,2.2198162546601,7.46484894447754,1.31100820241552,10.0250131540266,45.4234921610205,-35.1804640945499,-0.936918980116225,7.71761400450122,0.953998683588947,4.1371712080618,46.3211888401421,-102.186010764155,-12.2829126967183,6.62483291252793,-0.642548764332432,59.2727087474183,82.7737810406411,-43.726813201524,812.417347676703,0.195190137131366,0.00352383488535235,0,0,0
73.735,-2.93894791982235,8.18325148440502,-6.55429448998391,-48.8812262860285,-138.224942557267,-148.018220297224,-6.35568948748694,45.2489413678907,48.8907842377304,-7.69938856283221,-71.4615725165052,-19.8453685304707,3.29177149809416,8.31692089420224,1.31915646347574,14.2064562651913,4.15040092738353,8.23582603316856,-5.71165560252319,7.35266515191508,-0.268296606143469,6.21542148832738,13.4324330361434,-130.177362107924,-1.92954827097321,10.5651549778733,0.974256541339471,22.2655930526556,11.6675927634802,-22.0357377999239,2.11956593932048,7.62911542568831,1.3024979553324,10.2971504559805,38.0413542204223,-34.6668301849164,-1.04224089677467,7.96635121527917,0.828943101138836,5.10776425408972,39.0679221029915,-109.919295933167,-11.0623155534336,7.8400831514648,-0.906345286541592,63.5642330333295,75.021285386974,-33.488632176708,822.184829609904,0.196962621577688,0.00397391578264727,0,0,0
73.74,-2.88809846987801,10.1698899888786,-2.94065850965706,-49.5742718927121,-138.609121336851,-145.212056090624,-6.12964560747931,45.2087760015673,47.7832274096834,-8.09465537440804,-79.0533623152381,-33.4667781357063,3.39060770834932,8.37703019394497,1.26821843026068,15.7161724665004,5.91837675500582,7.32108250580971,-5.48084077163878,7.85168775304744,-0.417068616428441,5.68555084371111,15.8025382572008,-131.942102110951,-1.9449540398007,10.9291220212572,0.718579415894277,21.2264848431348,12.4372957576186,-28.1605235168955,2.05645468272766,7.82170062711236,1.28196401559774,10.6040985000644,30.8012014191051,-34.4095385087201,-1.09911107714614,8.24342078160879,0.696428513797879,6.1621237225344,31.9786112956959,-116.610764484961,-9.83319436470937,9.04320050048336,-1.17819899163045,67.2054025509714,67.3618770829983,-21.905912412862,831.606050358329,0.198686705170606,0.00436385280170715,0,0,0
73.745,-2.82984889221098,11.6499155333825,0.419993744004718,-50.2738978475721,-139.925190971725,-142.900597255565,-5.90266805450781,45.3955105942122,46.8706364543258,-8.52146900467588,-85.3627260534025,-45.8392628447577,3.47973253012196,8.44245895655453,1.21180821035249,17.2801216369274,7.53018974777608,6.95367624445999,-5.23693739186025,8.40001093685658,-0.564750300099385,5.25198604615336,18.1039612766167,-134.111037010101,-1.91655609634614,11.3222281152363,0.454865637553393,20.3537236121949,13.2601567569571,-35.6274026605672,2.02934344388495,8.04210829291765,1.25040248711475,10.9424861583076,23.8411706235494,-34.3824591815568,-1.10532692440252,8.54692438822143,0.56209024474276,7.29015986809057,25.1919048287472,-122.276221089596,-8.60698669566338,10.2142740477794,-1.43743600949643,70.0461413659348,59.8953086864338,-9.13704450713968,840.540625092858,0.200392069780384,0.00469163717540688,0,0,0
73.75,-2.76692987690489,12.5838030612299,3.46652344454459,-50.9849605025409,-142.212530993886,-141.198621266392,-5.67372065481899,45.7894799378049,46.1710048451432,-8.97367343654945,-90.4408863747976,-56.9247048741301,3.5585308749599,8.51487092988473,1.15065135691426,18.8886754744871,8.97021313530644,7.17383194160987,-4.98722743335658,8.99130435544071,-0.705101900080218,4.92058758810933,20.3242928167406,-136.672470620143,-1.84021555803707,11.7390548636491,0.193443009212719,19.6486129976451,14.144030679596,-44.4809822081194,2.03619576789885,8.28915883553864,1.20891015786999,11.3082246304461,17.2883732200199,-34.5529205930589,-1.05987500089884,8.87499962530942,0.431332222262237,8.47473079371859,18.8345300889692,-126.942842221118,-7.39539067123752,11.3356383102078,-1.66533331214224,71.9527938061263,52.7084696586231,4.62728099438004,848.768875247748,0.202098731903034,0.00496203786601779,0,0,0
73.755,-2.70223469613626,12.9390361537378,6.1412212631357,-51.7124045780272,-145.488815097402,-140.208368552332,-5.44190443022402,46.363244919037,45.695256721294,-9.44545540558554,-94.3563938073032,-66.7034910883016,3.62658871622448,8.59600324834538,1.08536294808281,20.5282468573372,10.2231754918638,8.01231387268331,-4.73964832125516,9.61828570227944,-0.832004998700203,4.69451047312994,22.4485971176137,-139.601962125317,-1.71347865993009,12.1742587946566,-0.0555198127927527,19.1069718301655,15.0953530309835,-54.7406362123955,2.07415540453316,8.56104954380048,1.15861689623625,11.6966253247506,11.2560529395432,-34.8824503511191,-0.963318753841265,9.22568042015836,0.309065610881922,9.6925345730857,13.018320703174,-130.648487181029,-6.21029002251212,12.3918497928444,-1.84626792763223,72.8145850666108,45.8742244874605,19.1684457000949,856.003655782165,0.203813918261239,0.00518505475139985,0,0,0
73.76,-2.63878079719743,12.6907797877405,8.39061472946221,-52.4611496241469,-149.749009223659,-140.017225229001,-5.20649271636866,47.0823427709815,45.4467155081778,-9.93142280312524,-97.1934795077513,-75.1749257460884,3.68366380088142,8.68769548066899,1.01640681961423,22.1814702919702,11.2747780638584,9.48954664112274,-4.50284865708517,10.2727092655627,-0.939789043665201,4.57414015077941,24.4598772179256,-142.86240579055,-1.53594757143302,12.6227496310183,-0.282448750551094,18.7198007175805,16.1189825818062,-66.3979521052054,2.13964778782112,8.85543365238245,1.10061738073334,12.1025047750538,5.84118648426522,-35.327758416131,-0.819264506986661,9.59638446123102,0.199493215322943,10.915407025915,7.83775461589366,-133.440845131947,-5.06458263953312,13.368854559783,-1.96858524699081,72.5493081421186,39.4507566605302,34.2452279899033,861.92749375363,0.205539657551882,0.00537820605071548,0,0,0
73.765,-2.57966840179501,11.8224790804964,10.1662612590235,-53.23597349444,-154.964774058746,-140.695614142687,-4.96696125388751,47.9062924962723,45.4208145983602,-10.4266728957016,-99.0500185153694,-82.3572273732921,3.72966623490957,8.79190479218743,0.944061409188956,23.8276123450259,12.1124430911227,11.6148292437248,-4.28616387605466,10.9453481529776,-1.02354353523128,4.55709059658504,26.3397785230978,-146.40443345593,-1.30953533496698,13.0797841863092,-0.478778662580983,18.4742130337167,17.2180274556747,-79.4147184868011,2.22850213383875,9.16951310357498,1.03590780412462,12.5202680327594,1.12259967542846,-35.8419394170651,-0.632904617185835,9.98424517516373,0.105949270462001,12.1118974381323,3.36808724000467,-135.37643443923,-3.97068000137096,14.2549762221319,-2.02498983360033,71.1078679274602,33.4814043623211,49.5998856060549,866.239231381079,0.207270259214967,0.00555802175011877,0,0,0
73.77,-2.52803656010148,10.3263683387144,11.4255160652261,-54.0413949720873,-161.084295529617,-142.295141410333,-4.7230121165268,48.7898274721866,45.6050667272843,-10.9268486404911,-100.035148957979,-88.2870964590991,3.76465215765038,8.91070071553329,0.868394116934549,25.4431939380503,12.7261314062568,14.3856795626669,-4.0994922014722,11.6259808549008,-1.07939791389576,4.63827634562887,28.0694682884013,-150.167122165786,-1.03856974714793,13.5409566602308,-0.637326008541729,18.3545689040899,18.3936193118188,-93.7215288136438,2.33608979229595,9.50013928705598,0.965332976198109,12.9439646534695,-2.84034895178414,-36.3758586380741,-0.407577530607009,10.3871862338921,0.03081087577304,13.2489820335582,-0.335867633280181,-136.519469613703,-2.93737331051762,15.043095119529,-2.01250292678168,68.4773753297466,27.9949575678396,64.9647660830555,868.69114190524,0.208996756568967,0.00574614659516115,0,0,0
73.775,-2.4870171858151,8.20387485726006,12.1322628560441,-54.8815577657495,-168.032558732114,-144.847042410036,-4.47459052206612,49.68431889204,45.9793000129267,-11.4281816587716,-100.266603655903,-93.0188525042743,3.7888319114572,9.0462343540228,0.789246063615515,27.0027924496169,13.1091577229422,17.7873507953618,-3.95305922725316,12.3033952114492,-1.10475169831003,4.81006725443815,29.6306148036115,-154.078976462121,-0.72971966751993,14.0020748937392,-0.752600088801972,18.3437265623517,19.6446124838625,-109.217056717935,2.45747355096645,9.84391592322009,0.889548479697105,13.3673149955738,-6.00848890322791,-36.8796753167286,-0.146850788941276,10.803280340966,-0.0245227663867816,14.2937764142254,-3.24029067212938,-136.940610596596,-1.97127153124722,15.7291300964281,-1.932293284507,64.6825710150375,23.0063749377905,80.069191608059,869.098173905783,0.210706818542008,0.00595806787629982,0,0,0
73.78,-2.45968767374787,5.4659024134521,12.2575940993239,-55.7601181256926,-175.712071988787,-148.360966803688,-4.22189379016664,50.5393463799418,46.51615953198,-11.9275207597167,-99.8678201891258,-96.6231511616927,3.80259208867353,9.20067884671595,0.706229020892663,28.4799789858598,13.2589278832654,21.7925626582103,-3.85706927301648,12.9654248526981,-1.09843906233151,5.06252990839431,31.006382302264,-158.059144646304,-0.391727659508774,14.4589240481525,-0.821035758124187,18.4243075197043,20.9672026943602,-125.768039200767,2.58756194854496,10.1972985841511,0.809001271149052,13.7837087239881,-8.36295994224715,-37.3044485160412,0.142823286669938,11.2297736369101,-0.0595888577231122,15.2151224964822,-5.33225885871688,-136.71560945493,-1.078901906741,16.3101424338857,-1.78923385731177,59.7854638350569,18.5178720475058,94.6463557879565,867.313399249517,0.212389317678792,0.00620932748120318,36.2719631515974,0.205357753032084,0.0462138499147908
73.785,-2.44902277205478,2.13298033861918,11.7804267863288,-56.6801383186615,-184.004038593939,-152.824136718734,-3.96537195929468,51.3043661744396,47.1818640816384,-12.4223452765523,-98.9649033672121,-99.1853044516337,3.8065287825108,9.37614047500882,0.618736057702618,29.8483358614286,13.1775245625342,26.3614880551468,-3.82125273765126,13.5990344657444,-1.0608148679962,5.38375380936477,32.1823566986524,-162.018821186559,-0.0349446419282141,14.9069335113801,-0.841134675890861,18.5798635067227,22.3544806088876,-143.209984706696,2.72126237184939,10.5566861059565,0.72393049414644,14.1861816930742,-9.90475824116544,-37.6037654913157,0.453018496761202,11.6632745617553,-0.0747716192953705,15.9849502741008,-6.6190421910606,-135.923870995575,-0.266001124441233,16.7847622713854,-1.59113542143824,53.8831852913808,14.52032849022,108.439975739235,863.182610368354,0.214034912888116,0.00651043081509961,58.1716368835466,0.203382414689889,0.0428419693637929
73.79,-2.45784644464131,-1.76473451730322,10.6880390812559,-57.6439881404474,-192.769964356806,-158.200905773851,-3.70571984445307,51.9304229682224,47.9371987399863,-12.9107628756556,-97.6835198204699,-100.803238937091,3.80148747051457,9.57454268839498,0.525967064177344,31.0824921649101,12.8720766749939,31.4420301978787,-3.85433030243264,14.190470322068,-0.993753165660838,5.76025474615259,33.1473234193178,-165.862783657231,0.329324798252296,15.3407784367771,-0.813507413646813,18.7958364486262,23.7959558316468,-161.348604943694,2.85362683140331,10.9185002712541,0.634388474717903,14.5673812433435,-10.6537526650549,-37.7353304374841,0.774105818498012,12.0999406153485,-0.0711818135727058,16.5793465896282,-7.12686618054565,-134.646946377471,0.462998434611862,17.1534857093307,-1.34789084721314,47.1041795815887,10.994958209405,121.210463844625,856.505981578832,0.215636887953334,0.00687086145431337,87.6406740918292,0.201257395764977,0.0404466918645765
73.795,-2.48878451278412,-6.18761362856762,8.9765130628581,-58.6532565376385,-201.853679438404,-164.43273931912,-3.44386059944541,52.3718490015782,48.738715305632,-13.3914919149529,-96.1458078595396,-101.585137932662,3.78860340763132,9.79748832341271,0.426969756267962,32.1591120619002,12.3548625866111,36.9704161030201,-3.963318844019,14.7256699433585,-0.900554626946148,6.17744291196214,33.8938315051582,-169.491012136068,0.689833761172179,15.7540487654369,-0.740814050922106,19.0602188479679,25.2771038263802,-179.96195285051,2.97998482570649,11.2792515182604,0.540280096629227,14.9195328900206,-10.6472377934302,-37.6624527482746,1.09552626930973,12.5355119683174,-0.0505155221279145,16.9792979831447,-6.89922923090559,-132.966982297994,1.1049833838323,17.418615646599,-1.07062382437308,39.6029591542502,7.91518298914336,132.740418210314,847.034713586149,0.217185514617814,0.00729954965089696,125.347730622478,0.199255516596859,0.0387077319808924
73.8,-2.54421890571752,-11.0868785866898,6.65106898819738,-59.7086752551396,-211.08374350041,-171.438628209059,-3.18092113202215,52.5878934847,49.54010497636,-13.8638288485043,-94.4673867103638,-101.64682392488,3.76933537651404,10.0461081149872,0.320695999896154,33.0577718249452,11.6431172609393,42.8721204234236,-4.15201018265212,15.1922404254293,-0.785767319117715,6.62013991713578,34.4184968832435,-172.800341645541,1.0380445111007,16.1397126864928,-0.627602102592252,19.3638502060555,26.7789990678467,-198.803234743264,3.09605857246731,11.6355899169103,0.441417174707432,15.2344229995398,-9.93810592324296,-37.3553781688777,1.40611101326341,12.9653751190518,-0.0149053014038802,17.1711085668991,-5.99487441805117,-130.965152342614,1.65814645358447,17.5841957235046,-0.770898610361947,31.5537488700401,5.24864203096657,142.839276705069,834.507730057091,0.218668748613654,0.00781093111892517,171.079436647417,0.197508795263715,0.0374157534673012
73.805,-2.62624437512854,-16.4050938821717,3.72627717944735,-60.8100562255168,-220.276194075011,-179.11593979159,-2.91819999750953,52.5442269024234,50.293701005099,-14.3276015865028,-92.7545475995325,-101.108946053861,3.745485284278,10.3209059752556,0.20607230186299,33.7616677958302,10.7585371485852,49.0631193418176,-4.42099809824143,15.5792677387881,-0.65492013883266,7.07312696358233,34.7220207527333,-175.686103622168,1.36831355745473,16.4897068888293,-0.480056805687046,19.7003230217525,28.2781008408944,-217.604252639159,3.19805702315623,11.984342080365,0.337583185170244,15.5034120692266,-8.59273014200515,-36.7924130160635,1.69443223103298,13.3846498125867,0.0332240503039043,17.1465231559002,-4.48551802452937,-128.720101085289,2.12195632456213,17.6559172486957,-0.460050025091851,23.143409803786,2.95926090532771,151.347032487589,818.705028106299,0.220064313132144,0.00841917613675847,223.556910741221,0.196049474508052,0.0364328617929779
73.81,-2.73662853572288,-22.0768321188885,0.226134786586078,-61.9562441732396,-229.23758954478,-187.341700753016,-2.65712865658748,52.2142681844567,50.9520638048164,-14.783110111073,-91.1017049141233,-100.094044431232,3.71919650974721,10.6216131687993,0.0820821218238856,34.2581085283029,9.72650204420413,55.4514585477017,-4.76957213646567,15.8737163734494,-0.51418860003318,7.52170579309795,34.8089244391206,-178.043720026288,1.6746321998619,16.7928207718663,-0.305695323773706,20.0655153376867,29.7462530597947,-236.079423087989,3.28274638916873,12.3225358937997,0.228602861933895,15.7174915430493,-6.68865414532025,-35.9608004026975,1.94916744430192,13.7882907830557,0.0912851959242964,16.9026078338597,-2.45343322384935,-126.306434960658,2.4971183936997,17.6409807267984,-0.148671139632873,14.5640707176658,1.00929229837269,158.136964139225,799.480354555491,0.221352148340857,0.00913435016894493,280.632673329826,0.194814959975247,0.0356722524265898
73.815,-2.87677608126555,-28.0295091085595,-3.81600366628931,-63.1450856259982,-237.768290551935,-195.974297203952,-2.39922721650142,51.5802880172594,51.469597273003,-15.231056005763,-89.5891789380742,-98.7235679791513,3.692925128507,10.9470642106922,-0.0521436577559403,34.5387597332357,8.57505804541992,61.9391030038333,-5.19471055509499,16.0616497061013,-0.370016146839483,7.95225397530169,34.6870275687939,-179.770222964754,1.95251481335862,17.0349364514884,-0.112986676099722,20.4568104909208,31.1509470481803,-253.93031129111,3.34749629009301,12.6474158115327,0.114410775991507,15.867393798947,-4.31218190171386,-34.8573175383846,2.15946131392808,14.1711959302569,0.156636510238548,16.4414531168855,0.0110221511992697,-123.793296325658,2.78553164708994,17.5478994812576,0.153726442822727,6.00589849928156,-0.638768435779262,163.117385559791,776.754559670107,0.222518402057353,0.00995689474460715,339.855296231741,0.193652843742787,0.0350770112375933
73.82,-3.04769799127683,-34.1843820022877,-8.35765087989185,-64.3734152122745,-245.665917255468,-204.855568139704,-2.14605597380849,50.6342485386311,51.8041431283174,-15.6724628690727,-88.2813726620174,-97.1149251620404,3.66938012522015,11.2951068893049,-0.197233080259807,34.5996293954155,7.33372782186625,68.4240202098157,-5.68914654509011,16.1319513601024,-0.228712564251134,8.35275592343209,34.3667196012603,-180.765682917205,2.2030188394107,17.200951179421,0.0890898206114513,20.8721029363352,32.4558781191923,-270.850613294879,3.39030198286312,12.9564519096079,-0.00488690192364264,15.9437603030406,-1.55595217859872,-33.488574119219,2.31527087602739,14.5283137195686,0.226665269539319,15.7697684441942,2.81185822630533,-121.243058159588,2.99024267255801,17.3862409844089,0.438885405013061,-2.3495911419412,-2.02049444509029,166.232464678239,750.484658559003,0.223568427970641,0.0108681133576791,399.201199119157,0.192334340326984,0.0346153253288453
73.825,-3.24998648698128,-40.4576991408102,-13.3475727945565,-65.637059786169,-252.728914778416,-213.813259391691,-1.89916423363756,49.3783480340916,51.9184998920516,-16.1085898399189,-87.2253941690632,-95.3786473101738,3.65143129866038,11.6625572028818,-0.353482385519473,34.4408011568789,6.03223143737929,74.8024339499577,-6.24173904059612,16.0765765528884,-0.0960659000653695,8.71329009328608,33.8600933349047,-180.934539089869,2.43279976048105,17.2753231178925,0.291487896180818,21.3087163312148,33.6218052400569,-286.531513824404,3.40978435084327,13.2473458506633,-0.128962709176049,15.9373673757907,1.48342956892332,-31.8710030672086,2.40768235057851,14.8547445547866,0.298845432797532,14.8984315418013,5.84982625832789,-118.710176353115,3.11539362078407,17.1663104753882,0.6998309736886,-10.3353410208988,-3.16816312282103,167.462191899155,720.641939902989,0.224528136821704,0.011834758091922,457.690942379558,0.190593352770043,0.034269343861185
73.83,-3.48379641591437,-46.7619857866613,-18.726339172866,-66.9308605649887,-258.760155764181,-222.663796643097,-1.66003798969674,47.8252487882063,51.7818148339841,-16.5408406577131,-86.450163558924,-93.615742148264,3.6419865533231,12.0452072484323,-0.520775037309616,34.0659450219346,4.69921113540993,80.971173054095,-6.83823619262715,15.8902937841986,0.023007808279048,9.02645084738724,33.1800210341724,-180.186835265646,2.653424313563,17.2425697437289,0.485535069964604,21.7623722238293,34.6077002618932,-300.667342016315,3.40517035545879,13.5180364527566,-0.257234545172611,15.8394031094871,4.70764496080495,-30.0305460176041,2.42918978589801,15.1458332027419,0.370772540173793,13.8420438632003,9.02466893546785,-116.240234484718,3.16615763095515,16.898789928391,0.930788541969396,-17.8034190179225,-4.10980002756027,166.821596904664,687.218567828653,0.225438174935224,0.0128139283323891,515.642037942679,0.188183581818188,0.0340244827071272
73.835,-3.74883364320767,-53.0074454587075,-24.4270383779226,-68.2487131008771,-263.570507177912,-231.215328253397,-1.43004810675178,45.9979765890355,51.3708006970091,-16.9706708058551,-85.9660296284787,-91.9153106751012,3.64384338364732,12.437890387069,-0.69851749375893,33.4816536865335,3.36105556689392,86.8300304688848,-7.46181405003883,15.5711268484657,0.124751806548916,9.28768066385157,32.3392579712366,-178.439372931058,2.88108439416598,17.0883716135854,0.663362487343264,22.2263422970028,35.3721509472326,-312.96144114782,3.37625743204768,13.7667067439153,-0.388851605463153,15.6417833356521,8.01876204714349,-28.0020466432192,2.37392775186228,15.3972516417222,0.440180467605634,12.6185260535446,12.2372200539021,-113.869212450933,3.14865367196551,16.5943523247871,1.12703075923415,-24.6283828456132,-4.86868908440099,164.359316020918,650.259906017189,0.226347204038701,0.0137628563890253,574.451797654483,0.184952705008081,0.0338601650837287
73.84,-4.04435090512342,-59.1034523830368,-30.3761521204318,-69.5836245438326,-266.982288590593,-239.270981756758,-1.21040065053782,43.9294912427061,50.6707342135929,-17.3994953410428,-85.7649070373695,-90.3524938101992,3.6595222991377,12.8346036271668,-0.885598147212623,32.6966683642722,2.04091245388418,92.2840428210108,-8.09379310823892,15.1206684350244,0.206768031909299,9.49548548187087,31.3496538903309,-175.616799597805,3.13587840570538,16.8007937149412,0.818298089249986,22.6908942246111,35.8749615410972,-323.132160894407,3.32336580845166,13.9917933637075,-0.522700932393467,15.3374897680121,11.3211568960512,-25.8283748580366,2.23785204960847,15.6050736181583,0.504946162874945,11.2487677855212,15.3913395288805,-111.623005436571,3.06983333572796,16.2632757079396,1.28469526367913,-30.7092856554988,-5.46337165559308,160.155604206659,609.92020738282,0.227293235820777,0.0146441801985864,635.975571040565,0.180891936997577,0.0337328088833715
73.845,-4.36915143883567,-64.960106742508,-36.4945818555977,-70.9277872988625,-268.832551006213,-246.632272185968,-1.00209095846729,41.6619384141446,49.6762001649279,-17.8285999900465,-85.8209298008183,-88.9868064254856,3.69109240848299,13.2286825177204,-1.08037455945814,31.7210681088247,0.757964046407763,97.2456003971166,-8.71454549859468,14.5442346651057,0.268112913283049,9.65150419018548,30.221540567192,-171.652653319494,3.44061686006468,16.3715499626776,0.945206032254017,23.143103470592,36.0788765856257,-330.918871445464,3.24728291124351,14.1919980967788,-0.657434193776713,14.9209100497701,14.5232489713424,-23.5593138626073,2.01886404015732,15.7658434773562,0.563088993465413,9.75632697665488,18.3956804111485,-109.517213637914,2.93733482567364,15.9150832378424,1.40061094671245,-35.9703648983996,-5.908114593251,154.319870054408,566.534344653699,0.228290627812949,0.0154385674997721,701.715518530687,0.176146503784506,0.0335845926769123
73.85,-4.72160054463565,-70.48982116006,-42.6988142914962,-72.2726678434966,-268.976108927069,-253.10259601525,-0.805862939594689,39.2456037745553,48.3915527897927,-18.2590580008757,-86.0916021659287,-87.8609057768745,3.74000109852729,13.6130193955103,-1.28069215644115,30.5654999831127,-0.472981792306871,101.636302595648,-9.30454208342131,13.8508275015145,0.309282128920591,9.76040398715273,28.9633445772664,-166.490383802072,3.81918621015687,15.7971798594391,1.04075522388023,23.5670558613405,35.9513385451293,-336.087888120929,3.14920388660627,14.3663003449557,-0.791512598927534,14.3881577694914,17.539053668842,-21.2502495449849,1.71687582168198,15.876642345108,0.612770993644559,8.16715667907587,21.1652915438006,-107.557216029201,2.75930373867713,15.5582343331494,1.47216400468254,-40.3605443357228,-6.21378253772037,146.987794179334,520.678272306721,0.229312483962973,0.0161453779873382,772.108495614523,0.170966599939238,0.0333568594676006
73.855,-5.09964506652441,-75.6089043776062,-48.9022092515801,-73.6091091616281,-267.288263625793,-258.490741664869,-0.622174937818251,36.7376003552165,46.831075452255,-18.6916550693044,-86.5194136855768,-86.9998292624221,3.80692050190856,13.9803120529412,-1.48393509139995,29.240523306934,-1.64155843746802,105.388484639356,-9.84534865190712,13.0528500448528,0.332086710389213,9.82957788577662,27.5814507875993,-160.084365853196,4.2946489892326,15.0799079297802,1.10359989484836,23.9444153068361,35.466178302814,-338.438183543871,3.03067182237138,14.5139686002452,-0.923266327560601,13.7373507506199,20.2895631517219,-18.9607075669691,1.33381521633096,15.9351544556495,0.652303236252316,6.50932574330959,23.6230623280706,-105.738533405646,2.54418543786307,15.1998882292547,1.49722615199217,-43.851947713819,-6.38900810130627,138.318076024084,473.16839295162,0.230274005479637,0.0167839874790543,846.168982736397,0.165612280749111,0.0330059280853545
73.86,-5.50084059926236,-80.2391065476634,-55.0163890585259,-74.9274449730719,-263.667162288995,-262.614346275242,-0.451173293970292,34.200328769623,45.0188293076906,-19.1268244295013,-87.033872039456,-86.4107232289295,3.89162313960201,14.323327205152,-1.68710729222893,27.7561297355987,-2.74156758932678,108.446357474216,-10.3205342203996,12.1656067668689,0.339432860202526,9.86862988444858,26.080316763922,-152.400912221966,4.88720728885941,14.2281162451267,1.13446293801665,24.2552851600329,34.605131054084,-337.80675290171,2.89352057675907,14.6345685688606,-1.05096361815958,12.9688280408046,22.7039699146033,-16.7527871976228,0.873571425748236,15.9397354289299,0.680161962817498,4.81269301125396,25.7010148360168,-104.047477041667,2.30049887724867,14.8457553968425,1.47415726528877,-46.4376683548444,-6.44152097329851,128.488845340483,424.969863829102,0.231043869013382,0.0173802573550876,921.605486865103,0.160288079444037,0.0325158061818795
73.865,-5.92238604979477,-84.3090901065583,-60.952704829936,-76.2176237018247,-258.035745750787,-265.303228894861,-0.292674507733248,31.6997572474375,42.9881919116745,-19.564593906059,-87.5538953116234,-86.0830706320091,3.99289775473957,14.6351618444188,-1.88693908104616,26.1214830500727,-3.77039715747643,110.766723616049,-10.7165042040351,11.2066461461678,0.335025961796665,9.88864741776339,24.4628143324556,-143.419280624884,5.6121479282762,13.2564177740292,1.13611741099892,24.4792573357395,33.3590706148524,-334.073487640751,2.73982227940777,14.7279655631614,-1.17288385444515,12.085289807356,24.7207464058087,-14.689542341752,0.342156082085611,15.8896248152936,0.695014903602557,3.10849492434642,27.34144376253,-102.462069700029,2.03689014543553,14.5001591611371,1.40189444887912,-48.1290603649406,-6.37947840323616,117.69377455369,377.043775561033,0.231472564005186,0.0179495127773546,995.33832673921,0.155116166781271,0.0318948014054481
73.87,-6.36116500449173,-87.7557909392222,-66.6237517605603,-77.4693399351042,-250.343246655418,-266.4025323413,-0.146156638089145,29.303573928764,40.7810969209157,-20.0045463828552,-87.9904953590672,-85.9894111547933,4.10851402228758,14.9094858406509,-2.08001250507884,24.3449000341391,-4.72818557514854,112.319256003843,-11.0231479947086,10.1949743153511,0.323026119407429,9.90127887426932,22.730754886882,-133.13265492283,6.47799595976959,12.1852561597563,1.11326434812432,24.5965255124388,31.7288651032296,-327.165405533691,2.57184065097834,14.7943191105645,-1.2873886800627,11.0918493930851,26.2885891412335,-12.8333591315122,-0.251685949742511,15.7854428250766,0.695755910973003,1.42881298116409,28.4978974470649,-100.953215643161,1.76274094025449,14.1663827826421,1.28012560413691,-48.9528151578943,-6.21263828588908,106.13793690788,330.206366427386,0.2314298576899,0.0184713926038285,1064.20320174101,0.150167698473647,0.031170993649158
73.875,-6.8137931870147,-90.5256365046763,-71.9449027719166,-78.6721709838973,-240.566209758847,-265.775609742252,-0.0107603012119375,27.0792673754662,38.4469958577724,-20.4457947623877,-88.2496759065667,-86.0865333467484,4.23524171207851,15.1407509684438,-2.26289693490282,22.4340690273395,-5.61680772353287,113.086352957774,-11.2342499128634,9.15013119257723,0.307685947263516,9.91765454592381,20.8855419783098,-121.549064464401,7.48504256215437,11.0399863788474,1.07230975764495,24.5889396347896,29.7257783127123,-317.06008195566,2.39199035825914,14.8340683597758,-1.39298540460014,9.99599258718126,27.3672280575786,-11.2443759726759,-0.898066304036382,15.6285595438414,0.681556964260543,-0.194100271248585,29.1359847677309,-99.4860861028771,1.48654712714559,13.8462015541994,1.10942938308161,-48.9480641818526,-5.95323322432664,94.0334707747635,285.06423849073,0.230840417816636,0.0188875771437598,1125.57245764116,0.145497877396349,0.0303807019795395
73.88,-7.27667114090202,-92.57559077755,-76.8358279893163,-79.8157160666671,-228.709016554155,-263.306597047459,0.11470066212778,25.0921926679662,36.0415719778468,-20.8869720794277,-88.2354634080805,-86.3171048926385,4.36892627044948,15.324354712821,-2.43228575403617,20.3964783223975,-6.43877001878541,113.062608024829,-11.3476738172481,8.09103537543483,0.293001233773327,9.94720998436442,18.9288895308325,-108.692190370176,8.62431958690792,9.84937103027996,1.02104662479452,24.4408972803695,27.3713744008922,-303.78812993471,2.20280176083998,14.8479076954819,-1.48837772874508,8.80744514319545,27.9280926685281,-9.97898636362814,-1.58805747148879,15.4201042207811,0.651925109896732,-1.72864136417598,29.233984669914,-98.0216768908837,1.21374804944019,13.5393807685033,0.891428869930983,-48.1637090574874,-5.6164380217389,81.5951293661896,242.034879077284,0.229697179547038,0.0191020758393483,1177.71589428995,0.141195132780127,0.0295700513979256
73.885,-7.74604114155061,-93.8740001295364,-81.2219664885162,-80.8897356023551,-214.80390713719,-258.902619481497,0.231719061044395,23.4036797832779,33.6252442494811,-21.3262370079517,-87.8529857046346,-86.6116946848869,4.50461899670675,15.4567513528131,-2.58512514742599,18.2400051293952,-7.19610660354555,112.253956537328,-11.3651374046322,7.03578645775328,0.282403824325002,9.99648867553243,16.8635466926102,-94.601995021096,9.87775837515692,8.64455577194874,0.968277508115056,24.1399989799089,24.696926983523,-287.434586608951,2.00688970793995,14.8367528859861,-1.57250005602613,7.5379551718304,27.9548173446396,-9.08845768912805,-2.31211105223806,15.1619431398361,0.606760912167088,-3.14480746642349,28.7832290144686,-96.5184861519381,0.948527982087656,13.2447425196437,0.629097588292828,-46.6561285406935,-5.22037021745322,69.0358133272609,201.419999597556,0.228056084568688,0.0190143080449259,1219.8356891242,0.137390713825508,0.0287877110586026
73.89,-8.21804723832208,-94.4012193543796,-85.0359167348419,-81.8842881167153,-198.910502872228,-252.495587800027,0.342065252916522,22.0692383744455,31.2615060280764,-21.7612945736032,-87.0115131303844,-86.8911293447437,4.63675636064798,15.5355074523744,-2.71872703147139,15.9735995821137,-7.88936507755231,110.676578859358,-11.2917945077493,6.00184107644668,0.278518447875028,10.068013620651,14.6939796048844,-79.3351032104944,11.2190663429563,7.45820044713279,0.92338084077349,23.6774330015164,21.7423828456437,-268.139082452307,1.80692459970433,14.8016989725854,-1.64453327210744,6.20100178044515,27.4435601753655,-8.6176913093159,-3.05902336313075,14.8574394078422,0.546415061541259,-4.41524472083679,27.7882267126001,-94.9342534347944,0.695183987340429,12.9609582057754,0.327000791634049,-44.4873529436549,-4.78561784129781,56.5621975845983,163.49391204791,0.226018766699942,0.0185368477524284,1251.86782561271,0.134249857406153,0.0280825753861365
73.895,-8.68879725146643,-94.1500026289557,-88.2187131621509,-82.7898623356857,-181.114843794248,-244.04354910035,0.447749797582124,21.1369089331396,29.0151479592468,-22.1894314683482,-85.6273789490861,-87.0691175684975,4.7593798290063,15.559303466652,-2.83085987530649,13.6079887730267,-8.51675970229319,108.355651624574,-11.135939752218,5.00455377997418,0.282998579486634,10.1593228004193,12.4269739504423,-62.9648619935657,12.6142805093882,6.32209478839012,0.895798101620978,23.0480935711427,18.5549783476897,-246.094697930723,1.60560379189159,14.7439718701453,-1.70390171579873,4.81144490031107,26.4031046722593,-8.60414151340091,-3.81696129832457,14.5110557796125,0.471725329644964,-5.5163402668332,26.2664987649898,-93.2276970468469,0.457346870326474,12.6865228822834,-0.00862534884099368,-41.7237360489974,-4.33434375599232,44.3705706604446,128.580236880544,0.223694130604059,0.0176253464240625,1274.19359152094,0.131938999426378,0.0274995668564006
73.9,-9.15442550104043,-93.1256499146188,-90.7209583919495,-83.5975021579262,-161.527964447774,-233.531566576552,0.550978822577977,20.6458049991306,26.9504178324801,-22.6075649716266,-83.6267006555044,-87.055068453798,4.86638504976439,15.5278872023452,-2.91981330850405,11.1563237844935,-9.0735540474969,105.324041452552,-10.9084581959501,4.05613244709132,0.296448931808302,10.2622604524234,10.0721371109209,-45.5810123179446,14.0231827646937,5.26503895591367,0.894500360715319,22.2504690705991,15.1876450004961,-221.545450301017,1.40562159382901,14.6648762178172,-1.75025297210771,3.3851334875568,24.8547120185366,-9.07690415267975,-4.57394508391563,14.1281993862072,0.384038749718474,-6.42929004530109,24.2481002899336,-91.3601857153943,0.237796608814114,12.4199510668858,-0.369868963388074,-38.4350970601846,-3.88906495031624,32.6430030999675,97.0952492904762,0.221169418218317,0.0162806217376588,1287.39318589228,0.130580461403607,0.0270741874987257
73.905,-9.61115502521024,-91.345904834046,-92.5037835933182,-84.2989223616468,-140.284040744259,-220.972112735332,0.654103247204462,20.6248849253158,25.1291714872592,-23.012304124076,-80.9478304899668,-86.7570250020632,4.95178749419574,15.4419879717893,-2.98443473277091,8.63469796325149,-9.55171548838512,101.621030182401,-10.6220118633086,3.1660241176297,0.31843226415424,10.3626044813375,7.64229212972663,-27.2889193647565,15.4017998131613,4.3120603437563,0.927472815514774,21.2863595505119,11.697361790551,-194.782400241783,1.20963653130821,14.5657423603748,-1.78342390292258,1.93849022506356,22.8316942394247,-10.055980688919,-5.31805762953683,13.7151708909442,0.285213407040132,-7.1410651118556,21.77481669816,-89.297283313057,0.0385815412428353,12.1600418784116,-0.747247315726864,-34.6942552129216,-3.47124198962348,21.5439518177766,69.5327575561949,0.218480224057832,0.0145407288593535,1292.13249902359,0.130220866284606,0.0268333578778979
73.91,-10.0553580519839,-88.8406053548044,-93.5396132944726,-84.8866131034981,-117.538148370356,-206.404970925357,0.759563171863231,21.0919849317729,23.609068493727,-23.4000214853241,-77.5434722496913,-86.0846314255874,5.00999071309975,15.3032022289236,-3.02413840204445,6.0624763073996,-9.93986275577578,97.2911470587309,-10.2902883297578,2.34128412070075,0.347553729088304,10.4400909890767,5.15376494590881,-8.20832959483567,16.704978029404,3.48382691861216,1.00121196133108,20.1604945145153,8.14361006985336,-166.138421890818,1.02023513127818,14.447875442556,-1.8033978044165,0.488090648220441,20.3786856834796,-11.5517203499666,-6.0376291656714,13.279075324663,0.177594661894234,-7.64519661543066,18.8990359841133,-87.0101118892963,-0.13884442326177,11.9060939475076,-1.12994427547797,-30.5768411088939,-3.09983427997994,11.2173903913647,46.3792075432773,0.215612160465354,0.0124535381830881,1289.17136421952,0.130806844234455,0.0267873907512799
73.915,-10.4836135205649,-85.6510937160472,-93.8127154065847,-85.3539315042786,-93.4636801559249,-189.896650310534,0.86982886107507,22.0531378423253,22.4418643085786,-23.7669335444562,-73.3824118262748,-84.9520527562809,5.03604322274696,15.113862218897,-3.03888939543085,3.46239226606451,-10.2235066659195,92.3831629693202,-9.92732828023478,1.58687748420803,0.381609764753482,10.4688714692313,2.62656999608285,11.528350694506,17.8888778787189,2.79623694119049,1.12025780029085,18.8801230658209,4.58706028255924,-135.981737451273,0.839892144772648,14.3125094758576,-1.81025857388064,-0.949746488625442,17.5506012401043,-13.5644420419014,-6.72139842861666,12.8276905800575,0.0639632227427896,-7.94230457656908,15.6823162415025,-84.4764881615196,-0.293486399950732,11.6580566390519,-1.50618013630288,-26.1612444976343,-2.78997885033182,1.78453373883189,27.9787210195771,0.212538224927852,0.0100362608230089,1279.437552415,0.132189598539693,0.0269319638139596
73.92,-10.8927605056564,-81.8293970183651,-93.3195221345605,-85.6951788820918,-68.2494755626943,-171.539329382896,0.987339831186941,23.5021940223955,21.6718471060232,-24.1091876471286,-68.4508205345392,-83.2807675186671,5.02587068087917,14.8768988026961,-3.02916641573456,0.86038765072043,-10.3855646697128,86.9492769750871,-9.54692315227457,0.906079323683907,0.417784628035741,10.4184087465986,0.0844969942335662,31.7782301880172,18.9133211793198,2.26034668554655,1.28678938086424,17.4546410191347,1.08857098837687,-104.708374745485,0.670927798268137,14.1607689278814,-1.80414814907036,-2.35934251980228,14.4112840523068,-16.0842382213829,-7.35865413801447,12.3692916216662,-0.0525458443079547,-8.04030814634761,12.1936852197632,-81.6818012350306,-0.424692702988418,11.4166084675489,-1.86370035024943,-21.5285498772462,-2.5519344202303,-6.65779833791981,14.3986230106747,0.209319243760859,0.00718212122577455,1264.06442454337,0.134151245330014,0.0272420837253202
73.925,-11.2799464794491,-77.4371947586077,-92.0687126668802,-85.9056624827988,-42.096720141454,-151.44935253858,1.11444359518597,25.4207527998283,21.334462686053,-24.4229531616632,-62.7531029069817,-81.0021587793994,4.97647140584377,14.5957083254381,-2.995908308287,-1.71480815748144,-10.4071130170602,81.0444987220787,-9.16209933490572,0.300918203469212,0.452876407842483,10.2547865171639,-2.44490547435642,52.3905046038658,19.7438310823767,1.88258168031785,1.5003098305149,15.8953055375741,-2.2914836524084,-72.7337585683996,0.515463315488961,13.9936399440027,-1.78523317110874,-3.72600286640883,11.0318620927715,-19.0909643984306,-7.93936198347856,11.9124313101264,-0.168552173122978,-7.95427440583633,8.50772517915939,-78.6196135764681,-0.532071894993088,11.1831582008247,-2.19035691829046,-16.762319357374,-2.39040126391735,-14.038158240596,0,0,0,1244.34422087062,0.136436044907448,0.0276740334579983
73.93,-11.6426694499823,-72.5445941065119,-90.0810539154809,-85.9817408645421,-15.2156763486165,-129.765312940973,1.25333561707371,27.7784043774954,21.4551649632377,-24.7045145304463,-56.3122737565115,-78.0598355383191,4.88606534436201,14.274031437685,-2.94044959991101,-4.2323436604282,-10.2683267882352,74.7262048162705,-8.78469365504543,-0.22739253641976,0.4835345905197,9.94237653847402,-4.93046381344492,73.2093410761156,20.3532428286481,1.66515770318591,1.75744780008846,14.2150689998958,-5.4936113879791,-40.4836903435151,0.375376536404162,13.8119527948138,-1.75368581961869,-5.03631102068457,7.48885061794553,-22.5544194725605,-8.45428265740127,11.4656822848476,-0.280564149327756,-7.70588751747627,4.7025098033665,-75.2919818774514,-0.615449872139854,10.9597690041974,-2.47474502269736,-11.9481057218922,-2.30428522676742,-20.3107899275517,0,0,0,1221.6027890592,0.138795996781588,0.028176262461816
73.935,-11.9788131382604,-67.2287376556757,-87.3890009850216,-85.920852412064,12.1776904956218,-106.645762714891,1.40600198856366,30.5332742980179,22.0485227503717,-24.9503638428249,-49.1698624757496,-74.4116249382166,4.75418916670539,13.9158494335085,-2.86445026814688,-6.66012149548465,-9.94954812077602,68.0538256804002,-8.42501687559628,-0.678083310989262,0.506492838912471,9.44577910604662,-7.33765475874077,94.0769663202901,20.7228071619126,1.60663104173804,2.05190114787525,12.4285415526067,-8.45944083677605,-8.38500207182686,0.252259912675727,13.616376585233,-1.70968215539485,-6.27836416544709,3.862054824243,-26.4347228182144,-8.89508568301575,11.0373483869316,-0.385132736733538,-7.3225480912287,0.857469183824818,-71.7095080798974,-0.674867366211705,10.7490110410693,-2.7068492780807,-7.17261503726762,-2.28692666680678,-25.4553113717566,0,0,0,1197.04743123096,0.141029399067806,0.0286917787233056
73.94,-12.2866744967725,-61.5722717024712,-84.0360643591324,-85.7215267819658,39.8651260196793,-82.2665983356816,1.57416626429054,33.6328551454056,23.1176061035384,-25.1572906194923,-41.3853553335265,-70.0311858406951,4.58173309832399,13.5253012060259,-2.76982447382745,-8.96583692344475,-9.43241674379568,61.0886041506484,-8.09159832478778,-1.05055311335981,0.518783153380299,8.7319281748942,-9.6290527767398,114.836833861212,20.8427522699763,1.70250137421552,2.37454487049658,10.5520675386154,-11.1319630848428,23.1438124555481,0.147383409496071,13.407426674609,-1.65341923587544,-7.44194448742754,0.232342567959548,-30.6828931390278,-9.25446209525944,10.6351582602484,-0.479017782158201,-6.83614147485643,-2.948736905535,-67.891142288076,-0.710611886487907,10.5537530916055,-2.87864973744351,-2.52248360902713,-2.32676780984277,-29.4757969633058,0,0,0,1171.63201462046,0.143006118978873,0.0291694796947528
73.945,-12.5649830260979,-55.6617058651367,-80.0759558767165,-85.3833794065832,67.6294750765852,-56.8181748130557,1.75924178150212,37.0151034423495,24.6536676321522,-25.3224666121738,-33.0351985363296,-64.9092055954665,4.3709182160063,13.1066215692608,-2.65867224178306,-11.1181191166561,-8.70099437785536,53.8933597282047,-7.79100513259556,-1.3442130200356,0.517920573355743,7.77223393070218,-11.7649807154326,135.336738502949,20.7123104080958,1.94580252017822,2.71371810777429,8.60387642956245,-13.4559543466769,53.7016849358155,0.0616648415192568,13.1854846377568,-1.5851499574628,-8.51862275217422,-3.32063062045335,-35.2416310520202,-9.52623675759293,10.2659575374693,-0.559357669649786,-6.28154061889542,-6.64025830701755,-63.86376765306,-0.723273116559242,10.3769087172088,-2.98463814956434,1.91731627616301,-2.40839025422019,-32.3993098671554,0,0,0,1145.98885935533,0.144678023634582,0.0295779238329699
73.95,-12.8129115119389,-49.5856971680959,-75.5715303293783,-84.9070895067222,95.2579799720076,-30.5022068682717,1.96229064957275,40.6097736140479,26.6361261393432,-25.4435235907305,-24.2113957112836,-59.0541539379037,4.12521607756173,12.6640996256713,-2.53321716277713,-13.0877091858321,-7.74281557360859,46.5321936682654,-7.52773260992948,-1.55845558956128,0.5020506869521,6.54462427197661,-13.7043877739014,155.431748849434,20.3392495203958,2.32763339079033,3.05569430606144,6.60424634865877,-15.378742952801,82.9134884811403,-0.0043501054033482,12.9508299357794,-1.50523227643075,-9.50179337320161,-6.72065403373318,-40.046301940107,-9.70547861516957,9.93541882693979,-0.623831800429313,-5.69493158786302,-10.1459332527766,-59.6616020881435,-0.713807773588734,10.2211568727705,-3.02220008062112,6.06537891819252,-2.51382225703583,-34.2739453751338,0,0,0,1120.42500697408,0.146059651734652,0.0299053617003677
73.955,-13.030077980606,-43.4332937334688,-70.5935438656106,-84.2943623772063,122.545425903292,-3.52851874031929,2.18399042679607,44.3399554447042,29.0328519642501,-25.5186223058336,-15.0197430206448,-52.4925804856734,3.84921555588415,12.2020541875048,-2.39575221185713,-14.8486066683281,-6.54980204133253,39.0700796615402,-7.3041663421762,-1.69274245475299,0.470055180572757,5.03534393197179,-15.4059634309012,174.986840690735,19.7389771136795,2.83760093539985,3.38532467332173,4.57560080711291,-16.8514367341414,110.437721196163,-0.0504964518136826,12.7036817635246,-1.41418743837601,-10.3866430587392,-9.89705899998942,-45.0261080285064,-9.78860486978605,9.64779001641042,-0.670804625054628,-5.11206544934458,-13.4009436926994,-55.325452842935,-0.683599206444104,10.0886601231164,-2.99182802949043,9.84597110127279,-2.62399556396787,-35.1664558373048,0,0,0,1094.99800440135,0.147212245531866,0.0301611851461834
73.96,-13.2165388553479,-37.292174948403,-65.2192542955089,-83.5478770092697,149.297073587456,23.8882934691615,2.42460930997207,48.1237766352433,31.8007456369383,-25.5465110714444,-5.57775312215948,-45.2689548721945,3.54844446415147,11.7248220536156,-2.24859481059963,-16.3791183660909,-5.11898533811796,31.5723014766178,-7.12061978945329,-1.74678902783268,0.421613324685816,3.24037704349235,-16.8294732055239,193.879134166271,18.9333032208391,3.46416623978671,3.68682890607501,2.54245042678035,-17.8306534573111,135.9731374084,-0.0769861299503638,12.444248822107,-1.31276036076421,-11.1700581269974,-12.7865913378147,-50.1054295076219,-9.7734732443416,9.40570078444409,-0.699440023834847,-4.56654756589771,-16.3481974317363,-50.9018579713286,-0.634498444956927,9.9808052013186,-2.89714373110804,13.1912051666038,-2.72022480372146,-35.1595362114632,0,0,0,1069.61423679786,0.148207043592296,0.030371840540643
73.965,-13.3727734874526,-31.2469264208968,-59.5308918365121,-82.6712203953223,175.331322789145,51.5322218766786,2.68399044976403,51.8762279582924,34.8865940831998,-25.5265726990585,3.98767447716903,-37.4450607724522,3.22915584963847,11.2367542214962,-2.09405135974368,-17.6627497627762,-3.45299371808611,24.1037205037796,-6.97545212737497,-1.72081451748795,0.357219585612023,1.16637657924538,-17.937274460822,211.99966374557,17.948961911995,4.19490204822574,3.94469047849905,0.531094512303213,-18.2807077650012,159.264156570302,-0.0843917067504034,12.1727840855188,-1.20197456448646,-11.8504786460117,-15.3349789381855,-55.205304802287,-9.65945544188881,9.2100444689895,-0.709775846752584,-4.08827346495682,-18.9394022309511,-46.4421443831333,-0.56883658444277,9.8979901028554,-2.7447232037735,16.0431260850409,-2.78558816862209,-34.348856627757,0,0,0,1044.13676433928,0.1491060357255,0.0305679419727047
73.97,-13.4996604325159,-25.377389012673,-53.6140318268586,-81.6688101190203,200.482055260577,79.1891642899,2.96154577580986,55.5110652092165,38.2281817556785,-25.4588588258478,13.5427746421544,-29.0989665942489,2.89809055144789,10.7422148525259,-1.9343906581878,-18.6888893549748,-1.5602726346653,16.7278800350144,-6.86527347254497,-1.6158500348759,0.278159470912729,-1.16898773813355,-18.6959415440504,229.254639646882,16.8159856455001,5.01665320358581,4.14459832393079,-1.43098552241565,-18.1761165951508,180.104935141973,-0.0736183977268388,11.8896410721847,-1.08317413836884,-12.4277104966192,-17.4981293427247,-60.2450109523916,-9.44748474928768,9.05994768840773,-0.702750426143659,-3.70210961019396,-21.1358124263628,-42.0014265096851,-0.489402668413507,9.83947901943491,-2.54373422802881,18.3555580818566,-2.80610432361081,-32.8399342336448,0,0,0,1018.45149722209,0.149951856155781,0.0307755377895793
73.975,-13.5984460401888,-19.7571215345908,-47.5559034585539,-80.5458070609025,224.600611623768,106.650135153297,3.25625947532451,58.9427399029847,41.7556278266769,-25.3441110015846,22.9495648526526,-20.3236061091369,2.56222860834732,10.2455779637011,-1.77182491464737,-19.4532494378714,0.544975807301826,9.5059764899978,-6.78533666963627,-1.43464847800127,0.186447660160603,-3.73731387337579,-19.0779036915994,245.566189522287,15.5658146418124,5.91507892724962,4.27435914660285,-3.3160777636298,-17.5042057295039,198.342043295464,-0.0458659739334566,11.5953277865398,-0.958046128720151,-12.9027090177647,-19.2429118973536,-65.1436977146633,-9.14007152234621,8.95283375047233,-0.680175795544259,-3.42689858029546,-22.90864348729,-37.6375637603266,-0.399385928805554,9.80334126840818,-2.30541122991056,20.0955705578712,-2.77162454337747,-30.744940314205,0,0,0,992.504450848226,0.150770621122364,0.0310148001174388
73.98,-13.6707061201618,-14.4520159945772,-41.4436706257307,-79.3080202409911,247.557363981808,133.714308268259,3.56670102378767,62.0883096925119,45.3929150596314,-25.1837682245642,32.0685554040315,-11.2250115045713,2.22854225783188,9.75121735862292,-1.6084964946063,-19.9580422722718,2.84313210445453,2.49574797479016,-6.7300139358978,-1.18213177175323,0.0847343466638792,-6.50039042449599,-19.0629806220355,260.872597339949,14.2295618835136,6.87458429460763,4.32472172157873,-5.09753108118052,-16.2675459593213,213.875742114831,-0.00258288234851978,11.2905544343097,-0.828618381723469,-13.2773497696842,-20.5475021447648,-69.8220244072637,-8.74128193818318,8.8845785731838,-0.644656010875775,-3.27484318976111,-24.2391635239659,-33.4100899469013,-0.302285717165743,9.78648337975181,-2.04240546775302,21.2444506527432,-2.67638797917226,-28.1795395670631,0,0,0,966.317910597701,0.151578653808864,0.0312886920180873
73.985,-13.7183016316294,-9.51910229353827,-35.3627224936342,-77.9618059689876,269.242854400946,160.191832922917,3.89104742365781,64.8692799740859,49.0595712902448,-24.9799609352818,40.7614578565139,-1.92024902060709,1.90376257182948,9.26348621260053,-1.44646819644612,-20.211887016504,5.30975779910614,-4.2496546693528,-6.69298304660752,-0.863879529469948,-0.0238154674827853,-9.41171609310448,-18.639693214275,275.128080079585,12.8371614191504,7.88002829672162,4.29005811568453,-6.75133269053799,-14.4859277027178,226.659904599323,0.0545845546214467,10.9762712778854,-0.697230075717453,-13.5542028634573,-21.4012909062321,-74.2037473275825,-8.25667772564285,8.849750389246,-0.599453090416442,-3.25129535278928,-25.118482640347,-29.3791245356582,-0.201796188046566,9.78477536070246,-1.76805774593348,21.7981073722419,-2.51921873034842,-25.2598558289606,0,0,0,940.014178002603,0.152390229240406,0.0315898380407988
73.99,-13.7433295102343,-5.00557572097542,-29.3950122733553,-76.5139635748614,289.568478825489,185.906369516227,4.2271140749599,67.21333026048,52.6724607151366,-24.735491780286,48.8938309992083,7.46488668317663,1.59417030424637,8.78668395260245,-1.28771477257209,-20.2294591170959,7.91641757326359,-10.6827413141445,-6.66745353212632,-0.485546652663887,-0.135663448525021,-12.4185265643996,-17.8062323996203,288.302160498314,11.4164878691832,8.91746786893583,4.16880284047242,-8.25787182812647,-12.1976018149559,236.700662496797,0.12384469116463,10.6536935952854,-0.566474748305918,-13.736327058053,-21.8043851277034,-78.2172079907548,-7.69321732576521,8.84191776804053,-0.548307307726503,-3.35494571000723,-25.5470710580193,-25.6042744235143,-0.101675402915927,9.79326375679171,-1.49564578127145,21.7668754674915,-2.30337330734668,-22.0996520529181,0,0,0,913.814668789387,0.153218117906661,0.0318936864888917
73.995,-13.7480698870726,-0.948075367671863,-23.6174828054195,-74.9716300433275,308.466706306198,210.697296321816,4.57239348830003,69.0558826678916,56.1476395341922,-24.453803740662,56.3376079246885,16.7983591066737,1.30541942334255,8.32500953561493,-1.13411360512759,-20.0309087751657,10.6316758438461,-16.7626271893769,-6.6467595710896,-0.0540301023449552,-0.247053931765798,-15.4641984714264,-16.5709888307817,300.378705006674,9.99200931157843,9.97319494712317,3.96359980676362,-9.60375126222767,-9.45956984106777,244.053889299561,0.203311690187415,10.3243116200031,-0.439118275020874,-13.8270983208514,-21.766750099141,-81.796678259767,-7.05912177319928,8.85400524013323,-0.495222484166722,-3.578381938268,-25.534045082974,-22.1435359541909,-0.00560979958437568,9.80645640934083,-1.23765851820652,21.1747316023846,-2.03607379746905,-18.8078017440708,0,0,0,888.022813421721,0.154071422834107,0.0321715504966527
74,-13.7349310607636,2.62776526181154,-18.1006167565117,-73.3421758716413,325.890834337523,234.421545687187,4.92410086414362,70.3414751687824,59.4022290479945,-24.1389364742629,62.9734532798662,25.9444947684101,1.04239926194419,7.8825018058287,-0.987432864269118,-19.6410874802288,13.4222086691054,-22.4557824564643,-6.62480085186322,0.422485840955475,-0.354177535231497,-18.4908694353173,-14.9525774397498,311.354699639615,8.58408162659641,11.033765413286,3.68117488732554,-10.7834851759724,-6.34679152185817,248.821647658081,0.291052383291483,9.98988450737037,-0.317996686057676,-13.8300847926388,-21.3070612809327,-84.883527091169,-6.36371117120986,8.87867261908464,-0.444230125177024,-3.90895967733752,-25.0962662199173,-19.0522096690468,0.0829151187524974,9.81865761612282,-1.00514533782979,20.0579763557466,-1.72778379630227,-15.4861145983128,0,0,0,862.982313994419,0.154947457833106,0.0323999818882195
74.005,-13.7063936493019,5.7074822923488,-12.9071473678753,-71.6331044095444,341.814292419705,256.955035651202,5.27922540875842,71.024908923025,62.3562591795436,-23.7954719430401,68.692906244626,34.7666431399612,0.809138477846592,7.46296917196724,-0.849316066296075,-19.0886304918763,16.2539661524787,-27.7365337271544,-6.5962386504284,0.935190248897139,-0.453333333630444,-21.4420965946781,-12.9793312280484,321.238834988127,7.20884342196352,12.0866081479188,3.33193763505813,-11.8009175622502,-2.95027930320367,251.147738521087,0.385126611223546,9.6524186744785,-0.205900655280766,-13.7489762228202,-20.4513471975192,-87.4271842175242,-5.61721960439315,8.90869324596618,-0.399148379525311,-4.32991199707732,-24.2573029862688,-16.3818440717232,0.160728356776168,9.82432833909247,-0.807179943012113,18.4634695611951,-1.39129975607013,-12.2275614324775,0,0,0,839.027625911686,0.155829740373094,0.0325654761029988
74.01,-13.6649553689269,8.28765607498273,-8.09096264804656,-69.8519568229806,356.229517312067,278.193671599676,5.63458614219559,71.0721466872968,64.9344366382297,-23.4284705823588,73.4002721361224,43.1298296289867,0.608751320299838,7.06991225804404,-0.721262651696255,-18.404947977504,19.0933197560555,-32.5872823938859,-6.55663589920199,1.47499348239244,-0.541082924455668,-24.2653755036125,-10.6882828126288,330.049964147983,5.87827959286901,13.1202630990705,2.92933437319291,-12.6702103636698,0.625844746200613,251.21249206401,0.483619605434756,9.31413213503665,-0.105454776275936,-13.5875712081528,-19.2315117248922,-89.3858875348784,-4.83059740231182,8.93730776352978,-0.363352628545952,-4.82161240767223,-23.0463071389127,-14.1792285555871,0.225064080255783,9.81844446944457,-0.650467808933653,16.4465308016673,-1.04073921844849,-9.11492374956837,0,0,0,816.440871329936,0.156684611312998,0.0326676121155476
74.015,-13.6130778603777,10.375501709847,-3.69623162757852,-68.0062246510182,369.146434392818,298.053902034184,5.98689088017444,70.4609475958326,67.0677945872389,-23.0433994148801,77.0142334958021,50.9033423545085,0.443424255340255,6.70644430335298,-0.604604943005187,-17.6231781425628,21.9081329618234,-36.9984249903209,-6.50263678682068,2.0329205537338,-0.614390031009895,-26.9143567560953,-8.12369509350007,337.8154879709,4.60038418801084,14.1246223329471,2.4890115030086,-13.4162826959103,4.2681581439086,249.226939939443,0.58466587533999,8.9774075373101,-0.0190002398170524,-13.3498203596024,-17.6838242718311,-90.7272121045308,-4.01530967039645,8.95853329856318,-0.339573922756403,-5.3629028793062,-21.496855989783,-12.4854586891067,0.27362517366822,9.79682694205663,-0.539113738643246,14.0686302898332,-0.690509370344423,-6.21987283745775,0,0,0,795.415827068945,0.157466273178569,0.0327231660892959
74.02,-13.5531369091213,11.9881902512978,0.24322417709095,-66.1032717016219,380.590589879596,316.472822625029,6.33279704045477,69.1812320561306,68.6951846579952,-22.6460536157651,79.4691598230811,57.9631976608661,0.314438969263089,6.37521478208138,-0.500482520778945,-16.7771524046769,24.6687020242009,-40.9679814900607,-6.43207209908898,2.60051462601064,-0.670739252144861,-29.3506271721253,-5.33523889385409,344.569710969732,3.37947337498967,15.0911241945843,2.02786088802076,-14.0746266497767,7.858366332668,245.426507429152,0.686464962252424,8.64473738607336,0.051510785089848,-13.0399182859748,-15.8474601210098,-91.4283884627281,-3.18313895137159,8.96741252973145,-0.329739521827434,-5.93240170633544,-19.6458101442627,-11.3350985218942,0.304618824746888,9.75642040550274,-0.474553562077208,11.39499792545,-0.354334892126506,-3.60246363722587,0,0,0,776.030147687725,0.158135661650357,0.0327497602928197
74.025,-13.4873772886996,13.1519240843131,3.70429748382445,-64.1502667618136,390.600987960918,333.407833236961,6.66897293337158,67.2351785832318,69.7645773449058,-22.242473098483,80.71610345627,64.1944347616772,0.222226250046815,6.07834187150372,-0.40981558317967,-15.9004161114019,27.3485252216663,-44.5009564768214,-6.34375471272305,3.17011005238429,-0.708229438303617,-31.5449621884188,-2.37594154354406,350.352200751462,2.21680772698573,16.0127349740136,1.5630276681359,-14.6904751128787,11.2780553210356,240.064364868873,0.787290224373951,8.31866531478465,0.104601829726717,-12.6624324827344,-13.7631613859672,-91.4764255693654,-2.34599796446919,8.96019239287701,-0.334866647608751,-6.50971520925804,-17.5322312877563,-10.7554639737414,0.316766440789413,9.69550172701242,-0.455642530114402,8.49227117857909,-0.044413974691971,-1.31101110121839,0,0,0,758.238738639158,0.158670258639182,0.0327729555182259
74.03,-13.4178733011177,13.9007975163809,6.67469093426473,-62.1541282884584,399.227694671388,348.835863296682,6.99215824152713,64.6370616311685,70.2341430002668,-21.8388557126884,80.7234771589906,69.4931963727249,0.166444305988426,5.81735898244934,-0.333279173312856,-15.0253393975604,29.92487283317,-47.6084738735627,-6.23587358937346,3.7375538669829,-0.725654877463343,-33.4780014896426,0.699956298803322,355.206175083527,1.1129462880033,16.8861377754983,1.11095772499075,-15.3173465315878,14.4134565402162,233.404581352373,0.885492470693069,8.00172725259972,0.139334301354751,-12.2224532828478,-11.472072918045,-90.8680587887029,-1.51575593119167,8.93442749958269,-0.355016535268922,-7.07649067694523,-15.1963976271384,-10.7660485452789,0.309292869831892,9.61380526760369,-0.478883384473542,5.42628757507394,0.229243192839291,0.617697531834794,0,0,0,741.896225861208,0.159073284761526,0.0328079182603407
74.035,-13.3464959029147,14.2754796406289,9.15274048189318,-60.1214819061081,406.529276470437,362.752191420462,7.29922246951331,61.4128455972906,70.0730925538992,-21.441468629978,79.4774165421549,73.7685594397976,0.14607474207761,5.59317962460743,-0.271280257687055,-14.1823425917725,32.3791446871417,-50.3067373477243,-6.09964868127255,4.31185585374724,-0.722614343437065,-35.1403458105576,3.8390983440525,359.176934432575,0.0755369443134967,17.7202668796587,0.686525000390292,-16.0150353937004,17.1599239933395,225.71523002283,0.979500724833795,7.69639593403377,0.155341655925312,-11.7257463360106,-9.01478863811474,-89.6095457418886,-0.704079459250711,8.8890082095261,-0.389311340539632,-7.61726389425699,-12.6789455227403,-11.3781077364801,0.281901706046414,9.51255800965385,-0.538769984895014,2.26010741701007,0.459256842822154,2.15791148096573,0,0,0,726.806879751827,0.159370636585485,0.0328640401459364
74.04,-13.2748870985747,14.3217608679553,11.146973348243,-58.0586311776121,412.570145698396,375.168895324902,7.58722024484228,57.5995550656846,69.2622643819103,-21.0565594433514,76.9818373251643,76.9440878363549,0.159529643672218,5.40608353588726,-0.223939559103342,-13.3992502185088,34.6970162222799,-52.6158751758893,-5.92480064309662,4.90137019983933,-0.699484979863483,-36.5321145601741,6.99093987493829,362.310354364938,-0.888216425055669,18.5235658776281,0.302250352016322,-16.8471520398727,19.4258610539316,217.261601820182,1.06782264110655,7.40503150212769,0.15283426121193,-11.1788879274636,-6.43062391444862,-87.716333008035,0.077713256563476,8.82411737682596,-0.436011828554783,-8.12007142524049,-10.0201552370365,-12.5944121816618,0.234744161715014,9.39442373090421,-0.628217923321722,-0.947670447950602,0.641083610991215,3.29420923896246,0,0,0,712.77954434555,0.159599608117063,0.0329403815415228
74.045,-13.2044420619506,14.0890073248407,12.6754153804098,-55.9715417414159,417.417887239616,386.112977387361,7.85344247045611,53.2444451228137,67.7944511107311,-20.6902684262251,73.258203425319,78.9590869336383,0.204763915665724,5.25572543223784,-0.191079839892377,-12.7007781173941,36.8683863917046,-54.5587303802429,-5.71468292046427,5.49113988872744,-0.657374797941354,-37.6620378254246,10.1094011963969,364.651451446777,-1.78886873393479,19.2830817443914,-0.0322769875331262,-17.8783396681737,21.1358903960177,208.299691010996,1.14904709281074,7.12984006474439,0.132575733039539,-10.5893640175456,-3.75711050928391,-85.2126150191094,0.818787706817178,8.7411229554632,-0.492649409642554,-8.57681414123892,-7.2593873341104,-14.4091723251862,0.168388498371197,9.2633610808622,-0.739051592040374,-4.14426007985064,0.77298808212173,4.02064041584924,0,0,0,699.669516325282,0.159800020773905,0.0330273152137703
74.05,-13.1362992175544,13.6285688792607,13.7646700845567,-53.8658385360671,421.140641070149,395.624219505368,8.09546246294266,48.4039984973545,65.6744672607936,-20.3485432920218,68.3450268407323,79.7695479731274,0.279388030528776,5.14116610730253,-0.172222032403987,-12.1081503242977,38.8871505623201,-56.1596549035112,-5.47838480993084,6.06195669900763,-0.598049347759617,-38.5461801879338,13.1541718902331,366.243037755053,-2.64339462050007,19.9814517112046,-0.310505576290809,-19.1713101612477,22.2331283823195,199.07011835028,1.22185119956016,6.87284110098112,0.0958333389830155,-9.96561623079215,-1.02969384844381,-82.1308037446319,1.5089630651242,8.64243788883662,-0.556202345923476,-8.98337329341449,-4.43466499743615,-16.8081302825816,0.0838415575587682,9.12441485810086,-0.862514577015732,-7.28368879596088,0.855799886428647,4.33977956358133,0,0,0,687.398094561294,0.160001638050407,0.0331143647373517
74.055,-13.0713382815388,12.9921872030903,14.4487982511405,-51.7468154663835,423.804613935912,403.752827870126,8.31117635578853,43.1427785690894,62.9189652633533,-20.0370576715511,62.2971240940171,79.3487779498185,0.380777445940993,5.06092407208711,-0.166590227618867,-11.6388366328879,40.7508283207667,-57.4433612889168,-5.21951671306264,6.60673278696325,-0.523773584155344,-39.2064069449351,16.091620632272,367.124482079458,-3.46207250430976,20.6116686957711,-0.528858154615611,-20.7838449016879,22.6804976759717,189.792653699317,1.28501357190802,6.63584370512868,0.0443065176109444,-9.31702202674927,1.71840083513933,-78.5109245396212,2.13895565138256,8.53137499360394,-0.623303199929738,-9.33949314162067,-1.58238731031845,-19.7688081249997,-0.017335860151988,8.98345974671515,-0.989772207460225,-10.3274464909456,0.892491725555668,4.26174953611764,0,0,0,675.950811945364,0.160216145615875,0.0331865439272221
74.06,-13.0101860308258,12.2304501426002,14.7680327363473,-49.6194565156001,425.471790157052,410.556933714822,8.49883720104877,37.5321690520821,59.5560133529513,-19.7611343889597,55.1846565183259,77.6877180121318,0.5061759648114,5.01304457586754,-0.173126038077329,-11.3063983280144,42.4600797169904,-58.433877675164,-4.93962093229936,7.12260449403049,-0.437260848222046,-39.6687064242165,18.8952946760193,367.330599477704,-4.25295321082476,21.1697414399487,-0.686738707013397,-22.7659039835048,22.4610823167221,180.661487664531,1.33743486256623,6.42043090879355,-0.0199613586697453,-8.65380162205987,4.45617579432739,-74.3999503849086,2.70010186695012,8.41169897586065,-0.690461969243733,-9.64845453287741,1.26284984627227,-23.2608967902817,-0.133477519056661,8.84678196586582,-1.11241972988024,-13.2447987723264,0.887625541968501,3.80326380002068,0,0,0,665.354329292468,0.160439597725254,0.0332307341710658
74.065,-12.9532293427282,11.3913376195371,14.7673675092168,-47.4884669824229,426.197906635842,416.100019873669,8.65708236263269,31.6490323168139,55.6244540441563,-19.5256744743286,47.0919829262565,74.7949599893594,0.652791099555177,4.99518177126384,-0.190512254563155,-11.1204282687529,44.0181442351282,-59.1536427649833,-4.64013115595706,7.60737933166373,-0.341597578883588,-39.9614767519352,21.5460191628153,366.890694116883,-5.0240758044479,21.6513401922084,-0.786330229018408,-25.1569791991847,21.5775924147989,171.841380963308,1.37816587932045,6.22795080847543,-0.0946821427371101,-7.98685040304215,7.15478802431317,-69.8510840933517,3.18419810997787,8.28723039131004,-0.754289130094318,-9.91657188734311,4.06835458744448,-27.2467665198531,-0.263122283244891,8.72067475145352,-1.22293272901794,-16.0127898733537,0.846721663315566,2.98672699779128,0,0,0,655.634791167258,0.160662083047384,0.0332332572049197
74.07,-12.9006348327032,10.5189020050183,14.4950634552254,-45.3583132305446,426.03075037605,420.448344989356,8.784953955816,25.5743186366844,51.1730662882533,-19.3350927079309,38.1163532795823,70.6964763907031,0.817880038847381,5.00468905575565,-0.217205075852996,-11.0865718825426,45.4302352061421,-59.6227675605262,-4.32233910296007,8.05932479717472,-0.240138120477712,-40.1138738166032,24.0316276993343,365.827782455365,-5.78327284316134,22.0515740822709,-0.832231183461693,-27.9838143995865,20.0510566527042,163.464791671484,1.40644260604408,6.05951296338014,-0.177426847799059,-7.32750195833114,9.7874426875283,-64.9229961305835,3.58440451794912,8.1620004112292,-0.811703981605984,-10.1525519450885,6.80339395729022,-31.6820782502279,-0.404146029937597,8.61126159106325,-1.31497660975023,-18.6159691648731,0.775608808298356,1.83942179875679,0,0,0,646.769368981525,0.160867783108275,0.0331846930907203
74.075,-12.8523742220634,9.65212212794082,14.001115601834,-43.2332690902346,425.008828061162,423.668437363555,8.88191224549277,19.3916579353159,46.2595579367355,-19.1932603527942,28.366471027278,65.4350839426127,0.998825135063431,5.03871230570148,-0.251473598816306,-11.2066171883379,46.7029191216368,-59.8584807724161,-3.98801862577079,8.47641240296598,-0.13638724174898,-40.1543015235388,26.3463715556837,364.158024145425,-6.53860554183991,22.3642974179443,-0.830996761732038,-31.2586019374584,17.9188971626883,155.630046143747,1.42172657444175,5.91598848956356,-0.26572832687796,-6.68723284717176,12.3292944741307,-59.6790245698443,3.8956809301323,8.04015151829913,-0.860114549740356,-10.3667565443102,9.43923553972183,-36.5164756293845,-0.553413587628864,8.52420223723755,-1.38366121547759,-21.0458802826079,0.679811315046353,0.392798463483619,0,0,0,638.654385692212,0.161051372450157,0.0330800745670672
74.08,-12.8082543983349,8.82396474569255,13.3357273529336,-41.1174668559242,423.160446862471,425.824728710063,8.94784206478018,13.1859638574954,40.9494177798266,-19.1034556026488,17.9609500291001,59.0696643545464,1.19319799830305,5.09428084546672,-0.291444803768532,-11.4786441572834,47.8435050603179,-59.8747654850106,-3.65553076702562,8.84263800751867,-0.0337066665040237,-40.1091077925291,28.4900655220297,361.890386161637,-7.31411312746955,22.5684097443017,-0.790409898404018,-34.9777457643289,15.2325618737325,148.400581722006,1.42374821499478,5.79801240994879,-0.357177204754716,-6.0773252437476,14.7573907988468,-54.18634327383,4.11445100646422,7.92545971973223,-0.897559070180349,-10.570413810604,11.9492053074701,-41.6943389837866,-0.707285123785484,8.46426386103574,-1.42575479008255,-23.3003550260017,0.564024168058195,-1.31812765271422,0,0,0,631.108070067882,0.161220420208516,0.0329253443856894
74.085,-12.7679509955541,8.06068055617311,12.5478369370201,-39.0149506878821,420.503233608797,426.977394426561,8.98305245114302,7.04207727257328,35.3146581475772,-19.0683221546605,7.02668959768004,51.6741684933417,1.39881136233898,5.16839153708148,-0.335152009758257,-11.897226046234,48.8594648463325,-59.6821863436105,-3.36126049419561,9.13194683035275,0.0648187866003729,-40.0015317385599,30.4670345807502,359.026561435419,-8.14973327229402,22.6303866606565,-0.718819070804304,-39.1212598425025,12.0548943579353,141.805251112408,1.41255016753554,5.70598707073717,-0.449506480391454,-5.50850722738296,17.0506803382798,-48.515104469419,4.23847444446846,7.82102220777571,-0.922800551024074,-10.774822540029,14.3087854342778,-47.1555852124368,-0.861890136142341,8.43501051098997,-1.43978656714426,-25.3826557743741,0.431716988534114,-3.25527558737483,0,0,0,623.910113677318,0.161394269451749,0.0327282740783899
74.09,-12.7310442257911,7.3813539525886,11.6837395500821,-36.9297301559751,417.044106380598,427.180461471503,8.98826981550642,1.04347287267939,29.4324798374554,-19.0898362125353,-4.30281157495308,43.3364315230401,1.61375793554602,5.25808225821666,-0.380584712649563,-12.4536773783046,49.7579001806189,-59.2878995082919,-3.1086478806431,9.35076097364347,0.156294220273985,-39.8509301930201,32.2849280491992,355.561156789341,-9.05081543513253,22.5475314805068,-0.62495626096896,-43.6528445481329,8.45741200161129,135.839642164492,1.38852710827923,5.64008575589912,-0.54066139154788,-4.99059244496151,19.1900985235654,-42.7375622053678,4.26683720202518,7.7290637907607,-0.935369855048308,-10.9905932696568,16.4957675583132,-52.8365007520329,-1.01326974866042,8.43859182444335,-1.42604057032166,-27.3005105467365,0.284895983719337,-5.37790880795041,0,0,0,616.862718202335,0.161596788456287,0.0325031549547052
74.095,-12.6970556405597,6.79771704628763,10.7858456020985,-34.8658316629558,412.779698604247,426.480237590358,8.96462505838875,-4.72895142353952,23.3838909693214,-19.1692821364171,-15.889184776385,34.1568269010029,1.83643552050204,5.36049214919727,-0.425737839238882,-13.1363446730264,50.545069242229,-58.6958320225776,-2.86161124682782,9.5322965708868,0.238091870570093,-39.6722957563852,33.9534677070208,351.482156512836,-9.98405031541411,22.346067616136,-0.517726196054156,-48.5206539789543,4.51764233725136,130.468334952489,1.35245848184303,5.6002559823642,-0.628852443389435,-4.53214105153033,21.158729305798,-36.9271835206811,4.199940080726,7.65080386456787,-0.935557304013779,-11.2269664845804,18.490467015294,-58.6705979708895,-1.15751717154961,8.47560952012392,-1.38645171448321,-29.0650841775604,0.12403892236808,-7.64297614578174,0,0,0,609.850750201254,0.161857305768378,0.0322663880024345
74.1,-12.665484493712,6.31422936955032,9.89161109632126,-32.8273455553116,407.697221529193,424.914106610879,8.9136351246047,-10.1979867568187,17.2523103038171,-19.3072368810998,-27.5909489365527,24.2467865289009,2.06555782232081,5.47290723598745,-0.468658725979122,-13.9309366580118,51.2259823797851,-57.9070130626681,-2.59746531143235,9.69231681937582,0.307753494320505,-39.476064089439,35.4831944358668,346.771657979597,-10.929235875078,22.0367215569025,-0.405800792175035,-53.6587345649319,0.316637617312212,125.627992096282,1.30553061466053,5.58622230100597,-0.712590821101496,-4.14016231429249,22.9420308529858,-31.1577543138818,4.0394913099377,7.58639212748084,-0.924356544601737,-11.4912435228855,20.2759926989482,-64.589488213945,-1.29090467704207,8.54506673868227,-1.32441256467096,-30.6899274432481,-0.0517964452370931,-10.0054087875676,0,0,0,602.886661162229,0.162203786561685,0.0320340111713247
74.105,-12.6358424163435,5.92841547368321,9.03267057897826,-30.8184668706093,401.775736939695,422.509724015877,8.83717954424536,-15.2911160718382,11.1221836683946,-19.5035633021126,-39.2652842024881,13.7272129930563,2.30015059729878,5.5927912638406,-0.507490520216952,-14.8208904881046,51.8040745245155,-56.9200366397926,-2.31368959254727,9.83226129068055,0.363048452169124,-39.2681950623814,36.8842745270306,341.406864896735,-11.8844771385145,21.6163320680563,-0.297166412551579,-58.9890817272593,-4.06324735778767,121.231158887208,1.24934501029985,5.59748872917807,-0.79070662060011,-3.81987628493065,24.5281027624953,-25.5024867688216,3.78850671443312,7.53491817153226,-0.903367683769888,-11.7883589733982,21.8385564196423,-70.5237669675583,-1.40998581657408,8.6444012554985,-1.24450450007628,-32.1899433377561,-0.244704449639261,-12.4184013421431,0,0,0,596.131848604915,0.162663699184831,0.0318215266521484
74.11,-12.6076851977995,5.6314437088021,8.23419644573763,-28.8435278781169,394.987798498841,419.284635262834,8.73747254285589,-19.9414002779129,5.0776395247293,-19.7574123582918,-50.7698112359016,2.72680787358801,2.53953313965329,5.71780270068493,-0.540511158480144,-15.7877695647448,52.2809606793334,-55.7316335178596,-2.00935144260869,9.95358295542937,0.402248994438195,-39.05050054631,38.1654221452033,335.361312809416,-12.8477822226619,21.0828890720977,-0.198649607448782,-64.4242285298037,-8.54026589728474,117.170636884256,1.18591016773931,5.63334118111635,-0.862351355117038,-3.57454787486033,25.907964665941,-20.0331347219937,3.45155460935971,7.49462122761709,-0.874670428859394,-12.1206148032566,23.1677959392698,-76.403908113924,-1.51139994345078,8.76964198734599,-1.15215882903918,-33.5804060320583,-0.457531047812162,-14.8337060467317,0,0,0,589.887700310679,0.163263922939243,0.0316348481243214
74.115,-12.5806405920343,5.40892115304169,7.5145008842108,-26.9070208383817,387.301407947386,415.246326669377,8.61703131902075,-24.08824476705,-0.798793484480529,-20.0672341972516,-61.9643677920055,-8.61966225073032,2.78328556771834,5.84579979797748,-0.566167539482504,-16.8116871072428,52.6562799637432,-54.3373291327269,-1.68121010386903,10.0529432527537,0.424205222611381,-38.8211810278831,39.3329882869558,328.606291103005,-13.812407222552,20.4315722728712,-0.115614568705317,-69.8702504822708,-13.0348652165482,113.324287499976,1.11761500644622,5.69285044307569,-0.926986964094378,-3.40540195762051,27.0758113344189,-14.8191226165506,3.03538704346134,7.4633886879901,-0.840679312336569,-12.4875863769729,24.2570782452624,-82.1611649988299,-1.59120536515394,8.91571043952074,-1.05326608486411,-34.8760633663796,-0.69337877594502,-17.2019686421109,0,0,0,584.556184471897,0.164027752426605,0.0314710771328306
74.12,-12.554431230672,5.24187227245516,6.88488861712742,-25.0136097291101,378.682221853582,410.392705494516,8.47864108462594,-27.678046878909,-6.42738780312277,-20.4307980740692,-72.7127753633853,-20.1731430325323,3.03120293840796,5.9748362612716,-0.583104912104347,-17.8717479591255,52.9276328610154,-52.732163903349,-1.32539507106206,10.1235360561733,0.428379978976005,-38.5755240618178,40.3902586408998,321.112416635398,-14.7682605504114,19.6564631013001,-0.0519390279982991,-75.2300460615445,-17.4709639879668,109.560119716373,1.04718290419407,5.77487637058286,-0.984364031644867,-3.31162324196729,28.0292078814396,-9.92669285628385,2.54847124944885,7.43876298161609,-0.80398682053372,-12.8861994231379,25.1037449379191,-87.7284761279511,-1.64538734559361,9.07659949408512,-0.953843059794365,-36.0903480932547,-0.955063052049988,-19.4731326019642,0,0,0,580.576742067291,0.164977839516277,0.0313138427144777
74.125,-12.5288919169883,5.10786273674706,6.34976017098267,-23.1681300488865,369.095936045065,404.712992531047,8.3253174444532,-30.6647280345752,-11.7323217466411,-20.8452210202966,-82.8845892455448,-31.7920963308559,3.28323785146644,6.1031504520932,-0.59019179119007,-18.9464995127097,53.0906151819328,-50.9114522809387,-0.940431296376198,10.1609128051571,0.414859296299393,-38.3067103034159,41.3369928098486,312.851306880391,-15.7056471080195,18.7562126578718,-0.0100593128768178,-80.4067351489969,-21.7769608759299,105.741517431477,0.977606408565093,5.87807407043112,-1.03449211049748,-3.29044004149999,28.7691904689846,-5.41807569473449,1.99977696323121,7.41758699984545,-0.767208002916086,-13.3109655685687,25.7092604664074,-93.0413728740241,-1.67116207396831,9.24547850266314,-0.859751075203824,-37.2347167037683,-1.24457030402418,-21.5969355235482,0,0,0,578.355099690841,0.166127296920288,0.0311353914247432
74.13,-12.5039807912651,4.98222514464457,5.90695693513326,-21.3755762051301,358.510768751608,398.188997521266,8.16026666085228,-33.010156720214,-16.6426765287989,-21.307005146382,-92.3568252171735,-43.3343168716072,3.53943384233452,6.22915112620454,-0.586540865905624,-20.0143813810988,53.1389505515073,-48.871557013888,-0.502101971509973,10.1764846902428,0.384053283094254,-38.0066681283989,42.1692253697167,303.797295515095,-16.5935316788328,17.7521748412647,0.00823115992660467,-85.3070091305446,-25.8865271091318,101.732466047395,0.912063795938115,6.00090286444238,-1.07760496335897,-3.33728706111501,29.3002428591226,-1.35068550731409,1.39893824095351,7.39640989325899,-0.732833958639457,-13.7543531633648,26.0792266806519,-98.0388857841014,-1.66670447027809,9.4150872425374,-0.77636235696476,-38.3181278606618,-1.56256908667105,-23.5235178203147,0,0,0,578.205116729053,0.167482592423502,0.0309052359838962
74.135,-12.479784089245,4.83934040401112,5.54833111158656,-19.6410764052398,346.89995997739,390.796735461382,7.98684430991318,-34.6844701877522,-21.09331822068,-21.8120834218479,-101.015655092976,-54.6587496599575,3.79985243895822,6.35140254632143,-0.571526370669315,-21.0541627697737,53.0647207532252,-46.6106553050514,0.0593176480711879,10.2025990630143,0.33641557642005,-37.6669163586518,42.8793354922567,293.929131026282,-17.3603481981025,16.7000394870969,0.000734242923834338,-89.8442680068266,-29.7392407843234,97.4026439115445,0.853819741774251,6.14163880614949,-1.11412322588544,-3.44603916011763,29.6301268103885,2.22365243953276,0.75654791620598,7.37200893041757,-0.703099952029979,-14.2072607297395,26.22323373665,-102.664445078247,-1.63067232998893,9.57817981737379,-0.708273749073688,-39.3466656943076,-1.90802208970186,-25.2041595850986,0,0,0,580.31222300377,0.169038942533723,0.0305973943236628
74.14,-12.4565144529456,4.65392725988739,5.2605160963461,-17.969855386451,334.244203758059,382.508330801475,7.80851279181634,-35.6663036194012,-25.0256610789782,-22.3558737303862,-108.758061707769,-65.6272978959805,4.06449721246072,6.46861143772683,-0.54479825857891,-22.045356561502,52.8586899569893,-44.1294737733383,0.75206567195726,10.2330567663139,0.27300784337923,-37.2793369892633,43.4563769673278,283.231599250326,-17.9875439218359,15.6110255890783,-0.032582100066623,-93.9413919204636,-33.2811166639636,92.6322515473231,0.80611336934288,6.29839142857618,-1.14461653073226,-3.60930584103048,29.7695541132523,5.25943972781913,0.08377236035993,7.34155236057719,-0.679878817712816,-14.6595534414336,26.1545274017277,-106.866769838234,-1.5624503821322,9.72785275240877,-0.659129371458158,-40.323307036002,-2.27793988468662,-26.5921567116228,0,0,0,584.720992603596,0.170772696314811,0.0301932521441763
74.145,-12.4345029880389,4.40229298133917,5.02586616899576,-16.3671857267336,320.533931943782,373.294147074412,7.62879811370764,-35.9429356217717,-28.3883120571264,-22.9333409380799,-115.493441538847,-76.1066122771654,4.33323843814111,6.57961773551039,-0.506293282777529,-22.968600002252,52.5107147761379,-41.4319694477894,1.46813219979736,10.2104525840472,0.195498066600729,-36.8368264184639,43.8866453616471,271.697013722592,-18.5555097781799,14.4216419999409,-0.0877876458184074,-97.533016619336,-36.4650741904614,87.3164601020966,0.772037811001751,6.46912523504627,-1.16976658818898,-3.81877493142661,29.7316992941069,7.71820059031505,-0.60793781156824,7.3028037487133,-0.664598843735839,-15.1006194098964,25.8894855114726,-110.600739239097,-1.46225338599368,9.85788319326517,-0.631510577070622,-41.2478266123396,-2.66730682256064,-27.6438420814465,0,0,0,591.344310139094,0.172649889959664,0.0296879205842195
74.15,-12.4141854858581,4.06350043614086,4.82352885271846,-14.8383288627168,305.771372802755,363.125071947193,7.45124632200583,-35.5103583402934,-31.1375991915986,-23.5390666394173,-121.145140267231,-85.9698530714967,4.60574207091852,6.68339046045758,-0.456242797912129,-23.8059935419383,52.0102274518127,-38.5259345249604,2.12403623445932,10.1047246347969,0.106313271744153,-36.3337844829681,44.1544449033288,259.326523048046,-19.1219063688829,13.0977328216769,-0.159760558588036,-100.567213292692,-39.2513703973921,81.3693703260061,0.754416107643069,6.65168619820059,-1.19033217575262,-4.06559344529767,29.5315639295868,9.56912745055004,-1.30710371524119,7.25431862618358,-0.658186967818893,-15.5199027973333,25.4469107081857,-113.828237953194,-1.33116664750054,9.96304871260445,-0.626897813102623,-42.1168307591714,-3.06919632512066,-28.3197517783603,0,0,0,599.987300895426,0.174621716181523,0.0290883208058998
74.155,-12.396083433029,3.62041056583538,4.63060914829282,-13.3884672887116,289.972314801319,351.974882362698,7.27937992544905,-34.3732793113888,-33.23798883975,-24.1673261555608,-125.65190322882,-95.0984161679334,4.88140661781538,6.77902941887135,-0.395176790412275,-24.5413917294724,51.346774589595,-35.4235034567331,2.70337478508641,9.92377029890605,0.00870750176386803,-35.7664150706863,44.2430057165276,246.131191836202,-19.6867625162907,11.6580258673023,-0.243695882784063,-103.006510896177,-41.6080058505788,74.7273851002196,0.755678757224942,6.84383319812886,-1.20711651043758,-4.34077372320262,29.1852153255234,10.789665798559,-2.00247670570433,7.19559747395877,-0.661036137658477,-15.9073751154451,24.8471614351058,-116.518966488709,-1.17117476942909,10.0394061198309,-0.645699547996313,-42.9239086156066,-3.47507778111313,-28.5859297576782,0,0,0,610.379965957995,0.176634467824672,0.0284070188431969
74.16,-12.3807806108421,3.06056443737036,4.42338219082753,-12.0226297123472,273.167515273126,339.822611527285,7.11665462267126,-32.5450605555866,-34.6623983735748,-24.8121722513163,-128.96921915122,-103.383613450002,5.15931116804219,6.86577281035194,-0.323923385497666,-25.1606428903438,50.5105892247246,-32.1415422662846,3.20019323970286,9.68090209756214,-0.09404554145681,-35.1328291832365,44.1354933759505,232.132820604867,-20.2420063955814,10.1308600761585,-0.334897300166415,-104.828240810709,-43.5110933315084,67.3519124101403,0.777748471898868,7.04327390810443,-1.22093711285973,-4.63561340388857,28.7089332756243,11.3660260164649,-2.68329102173752,7.12718517333207,-0.67299399404115,-16.2539142883889,24.1111572029548,-118.651205631227,-0.9851799071571,10.0845161125741,-0.687334304239338,-43.6598900661086,-3.87530140480368,-28.4153569950415,0,0,0,622.210994456053,0.178631648366826,0.0276668674885281
74.165,-12.3688962340355,2.3768753613304,4.17850981118117,-10.7456111877981,255.403704909321,326.654839111748,6.96641663005063,-30.0475985240688,-35.3924118838732,-25.4675249114422,-131.070532024921,-110.72829632613,5.43817734430856,6.94301029307849,-0.243602907225179,-25.6517773678512,49.4931700834659,-28.701901959934,3.60061855211684,9.38689130382106,-0.198810681717743,-34.4329595711105,43.816048247789,217.364479942696,-20.787523141149,8.54129082144649,-0.4285361172978,-106.02422627087,-44.9451631771143,59.2313318112485,0.821937689532127,7.24770414860542,-1.2325980509278,-4.94211831586591,28.1183080242674,11.2936081919742,-3.33950144761457,7.05070999562019,-0.693369180256462,-16.551572485782,23.2593061823059,-120.212522268134,-0.777009158661288,10.0976024196765,-0.750347069017012,-44.3132016460585,-4.25973190378324,-27.7894826865472,0,0,0,635.159532370534,0.180565947166,0.0268943664688797
74.17,-12.3610556901691,1.56810877328298,3.87421702339193,-9.56189042961703,236.744151636428,312.467828187749,6.83186089742824,-26.9111465245016,-35.418406740076,-26.1272663746473,-131.948292641151,-117.048409161735,5.71634730437285,7.0103006180768,-0.155615516717481,-26.005147091612,48.2878392429417,-25.1315206125381,3.8866193113176,9.0517565199028,-0.302780332383863,-33.6683136897455,43.2707921255581,201.870744621792,-21.328126685682,6.91297732091183,-0.519994093990752,-106.599878995611,-45.9033680802065,50.3821757688412,0.888864091882385,7.45484922865945,-1.24286437829988,-5.25341776777512,27.4273397869035,10.5773250825783,-3.9619965078661,6.96885858808086,-0.720951382451742,-16.7937272620981,22.3104121902097,-121.200401659091,-0.551408571173941,10.0796363299395,-0.83253898378807,-44.8703145946135,-4.61848782792993,-26.6998255216866,0,0,0,648.923803304079,0.182400441748176,0.0261152790370245
74.175,-12.3578600131474,0.639135404325812,3.49138655912885,-8.47554662362879,217.268761197845,297.269437042979,6.71599050062993,-23.1740793596839,-34.7395985397191,-26.7853404674353,-131.614818557722,-122.274456807415,5.99177918758389,7.06739260480687,-0.0616215316561399,-26.2135218516732,46.8902483829063,-21.4623621803287,4.0752861316385,8.69607015987688,-0.403756044144784,-32.8416068753959,42.488744113672,185.70762378609,-21.840372914873,5.29097450547182,-0.606734504797059,-106.572799419954,-46.3875451484805,40.8494975772172,0.978388804790096,7.66250534762125,-1.2524386371106,-5.56416179232702,26.647594690144,9.23180844647371,-4.54277786687336,6.88528708950229,-0.754041647881265,-16.9751247231605,21.2806234046136,-121.622788696833,-0.314018998934912,10.0333402101679,-0.931089719604791,-45.3162822775375,-4.94273217535647,-25.1496026053806,0,0,0,663.247946559793,0.184110730504528,0.0253541609778889
74.18,-12.3598552559627,-0.399048563058752,3.01453312519531,-7.49017809342512,197.073706040354,281.080740943119,6.62157750944333,-18.8825982372829,-33.3640111596599,-27.435855113636,-130.10292923989,-126.352867557129,6.26206060968984,7.11424799151972,0.0364862647954699,-26.272149628335,45.298804755104,-17.7311842788978,4.21046881045864,8.34492771691821,-0.500184764541805,-31.9563286384323,41.4625959171712,168.942193378038,-22.2800496410019,3.73457990953049,-0.68842223642147,-105.971001876833,-46.4080947948351,30.7064194590533,1.08958111113119,7.8685788082916,-1.26193943715351,-5.87088956815143,25.7874733639252,7.28148506385427,-5.07509742440983,6.80447228300365,-0.790490521906495,-17.0918366290211,20.1824862968391,-121.498517983684,-0.0713271530571162,9.96310682618532,-1.0426554521969,-45.6353661632747,-5.22545222591695,-23.1553326948181,0,0,0,677.944016460193,0.1856855390362,0.0246270083134332
74.185,-12.3675029181438,-1.52953243621103,2.43262391345092,-6.60882515154359,176.270588376466,263.937307891055,6.5511256462192,-14.0903726448381,-31.3083774050546,-28.0731867238301,-127.466322038924,-129.247229882537,6.52444000752892,7.15106455593753,0.136618697469374,-26.178789426788,43.5149910154818,-13.9791319263585,4.31176734817725,8.01292404924573,-0.59121516427672,-31.0163005420511,40.1893076650036,151.65194625141,-22.6255589052922,2.28599475488927,-0.764988500910806,-104.830899950091,-45.9836445228548,20.0528770447321,1.220712426499,8.07112064628827,-1.27188230638806,-6.17235750615411,24.8516463912503,4.7605109413815,-5.55354515887839,6.73151034266699,-0.82774292636711,-17.1411638781437,19.0241653598561,-120.85760982535,0.169415914516565,9.87483499385661,-1.16343157272181,-45.8117492756367,-5.46216346959639,-20.7483496028303,0,0,0,692.900804780125,0.187122388630324,0.0239391202553065
74.19,-12.3811525338699,-2.72992314523357,1.73971784337728,-5.83389936562535,154.985157183788,245.890083153305,6.50683507156203,-8.85811493144206,-28.5979742733674,-28.6920849976279,-123.779654759673,-130.93937837818,6.77587487070138,7.17829785583046,0.236534616677454,-25.9337251323953,41.5435581472859,-10.2511594196883,4.37671802261643,7.7072422236755,-0.676560525730544,-30.025283572711,38.6704979382038,133.923883679784,-22.875892930716,0.971942657849961,-0.836224568675779,-103.195189130452,-45.1404800342344,9.01359852703087,1.36928101611791,8.26835435833377,-1.28266317912815,-6.46981444159205,23.8407053105114,1.71255531783223,-5.97408306784624,6.67187403221536,-0.862890247480608,-17.1215252432671,17.8088826145247,-119.741406797941,0.400316603216621,9.77568623751015,-1.28917751111013,-45.8303326168799,-5.65147443994165,-17.9761516066297,0,0,0,708.076162878238,0.188427136948906,0.023291205477884
74.195,-12.4010174397428,-3.97298117457622,0.935402830554281,-5.16712130608094,133.355611909003,227.005849401838,6.49056965726751,-3.25308285890878,-25.2663952469763,-29.2877765074071,-119.138301955948,-131.430301733018,7.01309520585509,7.19667996225076,0.333893150023112,-25.5397678674161,39.3925776043807,-6.59528789731546,4.40172411676046,7.43410868225364,-0.756198677970121,-28.9866861793189,36.9126145733719,115.853379000488,-23.0327669119159,-0.184301863550217,-0.902132723603298,-101.11075416782,-43.9117446628936,-2.26462274942459,1.53206752547615,8.45869475463494,-1.29454500574296,-6.76721021651058,22.7510689601702,-1.8095700330263,-6.33402648455476,6.63114729375712,-0.89273155803785,-17.0323714804775,16.5346212236247,-118.202523727873,0.613006830103202,9.67377765810779,-1.41521066427843,-45.6776028617589,-5.79545647227947,-14.9035044406567,0,0,0,723.472906664909,0.189608605071011,0.0226723586709623
74.2,-12.4271546204601,-5.22743614343943,0.0250177898765037,-4.60946861927303,111.530537361367,207.367242335456,6.50382713011856,2.65149457020597,-21.3552604354658,-29.856065281765,-113.657754871372,-130.740843436038,7.2326799805006,7.20723362754107,0.426312779040385,-25.0022522293289,37.0733470546617,-3.06171155796084,4.38362452198577,7.19895347448862,-0.830235165423141,-27.9034119118621,34.9268849848234,97.5428497708232,-23.0991236043645,-1.16279811892635,-0.962728534667575,-98.6267085827104,-42.3364285883433,-13.6162854356997,1.70521992680127,8.64075658012484,-1.3076479988613,-7.0713229471914,21.5751729276851,-5.74443635194139,-6.63198954400066,6.61477840819577,-0.913847028299872,-16.8741605011533,15.194125571222,-116.304583125609,0.798860406524596,9.57785420239625,-1.53638661613845,-45.3425486243106,-5.89977475315675,-11.6132101157666,0,0,0,739.105839854749,0.190675025832665,0.0220750433684112
74.205,-12.4594493807774,-6.45895206348454,-0.980346172691529,-4.16113599677476,89.666524499736,187.072315153873,6.54771249061034,8.77707209836486,-16.9138639356167,-30.393428478157,-107.472639278496,-128.912164539486,7.43114379599542,7.21128044274919,0.511435740065214,-24.3290287655742,34.6001530754014,0.298229213930431,4.3198621232439,7.00618829544801,-0.898766805838545,-26.7778690881206,32.7290554255463,79.1002789273644,-23.0787651050856,-1.94755609411216,-1.01779213643059,-95.7926462409651,-40.4581888800037,-24.8610750243438,1.88436503359633,8.81335241773519,-1.32194396220385,-7.39178977344639,20.3019551845197,-10.0226739361547,-6.86773357457924,6.62775030554458,-0.922686902549046,-16.6484193361029,13.7752166013165,-114.121708716592,0.949264260075193,9.49682304906366,-1.64707989594398,-44.8175885019642,-5.97355402839637,-8.20645254557689,0,0,0,754.965091877949,0.19163202738765,0.0214893090549868
74.21,-12.4976054187484,-7.63120759419939,-2.06406312787793,-3.82150829602031,67.9255401509519,166.233658810684,6.62291512535352,15.040526948648,-11.9987565784229,-30.8971051346861,-100.735331305895,-126.005937341787,7.60503065276827,7.21044170408209,0.586995801058259,-23.5304513284613,31.9899031587927,3.43318455875168,4.20864346357501,6.85903164167252,-0.961746816414377,-25.6121458794499,30.3389374404728,60.637627927111,-22.9759561495022,-2.52700498888345,-1.06663975187474,-92.6571532408388,-38.3240574867689,-35.8081923421253,2.0647423952405,8.97548043437941,-1.33725498504783,-7.74102621920246,18.9176343273282,-14.5677899839153,-7.04194363954127,6.6742250824653,-0.915679444179531,-16.3579039926863,12.2614266728389,-111.737752049288,1.05593735359986,9.43921441305289,-1.74119712524754,-44.0994584659956,-6.02897315521103,-4.80263462289218,0,0,0,770.986194766309,0.192482190360554,0.0209130328049421
74.215,-12.541140684601,-8.70705317050367,-3.20439841741098,-3.58914772071203,46.4721150615667,144.977098131762,6.72969003809256,21.3549825477682,-6.67326138581165,-31.3651759283396,-93.6141587305296,-122.104239489261,7.75101141171571,7.20663093354848,0.65088710303951,-22.6193538825953,29.2616477573238,6.29301378743919,4.04908208579229,6.75939498129479,-1.01886620628791,-24.4083346117344,27.7797868223753,42.2691856409718,-22.7950319024203,-2.89428943480263,-1.10794339861709,-89.2665967358541,-35.9831045384748,-46.2610030687793,2.24135524034072,9.12630366191155,-1.35325655662061,-8.1340207696503,17.4067590405433,-19.2971157177565,-7.15608604275781,6.75741518718522,-0.889360108842922,-16.006850530074,10.632943112985,-109.245231470888,1.11127243629789,9.41286742407906,-1.8122648721256,-43.1899913295804,-6.08060611818138,-1.53863037643712,0,0,0,787.0369236016,0.19322560611654,0.0203485718950738
74.22,-12.58938920851,-9.64970478179897,-4.37512653408411,-3.46179560126208,25.4704238900127,123.439996244351,6.86784361947483,27.6307162764785,-1.00691864242713,-31.7966318481403,-86.2911839602258,-117.309119875929,7.86598144483093,7.20203728340916,0.701231521009708,-21.6110072975378,26.4360202205758,8.83005382747091,3.8413180390752,6.707839726834,-1.06946525778014,-23.1689709451528,25.0775460127541,24.1098958378531,-22.5400435596937,-3.04737961135119,-1.13962315023848,-85.664179838129,-33.4851272176847,-56.0218905689241,2.40913226776091,9.26512361854164,-1.36948490124168,-8.58799413352133,15.753489402006,-24.122867191727,-7.21226160938721,6.87951036575544,-0.84052222760511,-15.6012918041322,8.86783428145972,-106.74396915856,1.10869764516701,9.42465767544623,-1.85360084207927,-42.0967098425624,-6.14455159951147,1.43260986481121,0,0,0,802.933116582413,0.193868819614474,0.0198047013254978
74.225,-12.6415088757821,-10.4239334544313,-5.54631744549667,-3.43638893694805,5.08133286281094,101.769210953154,7.03672435783928,33.7761476729204,4.92514244571425,-32.1914297228037,-78.9595749327504,-111.741810947637,7.94715501906026,7.19909938269055,0.736441932130776,-20.5230430914904,23.5346278053547,11.0004015391281,3.58660619607134,6.70360963711291,-1.11248673179354,-21.897538793137,22.2599855358883,6.27370347288289,-22.2144726720921,-2.98899343085096,-1.15883043982593,-81.8892318497616,-30.8794293926579,-64.8971924491792,2.56309354377233,9.39135206356548,-1.38534810075798,-9.12191704764045,13.9430534906595,-28.9533020612306,-7.21297889268654,7.04152956806515,-0.766387194264487,-15.1493967412049,6.94351642082852,-104.339420340845,1.04305032193223,9.48012326784667,-1.85857611367049,-40.8331504528398,-6.23741674191124,3.94414411455187,0,0,0,818.482018122329,0.194423299081659,0.0192978163372244
74.23,-12.6964949261763,-10.9972100788202,-6.68526252600153,-3.50909148272043,-14.5405091544478,80.1187564128101,7.23521886089607,39.6989006112822,11.04290795506,-32.5505326285312,-71.8205811453534,-105.541566646317,7.99215316855299,7.20046953802154,0.755278902554798,-19.3753284588264,20.5794300225578,12.765170681249,3.28736633718072,6.7447375123102,-1.14647902645718,-20.5989819096436,19.3557840311443,-11.1280442125633,-21.8210400203253,-2.72634154119805,-1.16203300553712,-77.9766929232214,-28.2137446642003,-72.7021021077619,2.69851358420032,9.50448542907613,-1.40014040152259,-9.75588638605639,11.9633074772431,-33.6939534832658,-7.16094766467953,7.24325525210054,-0.664788902400617,-14.6617751509926,4.8384040324457,-102.140699148006,0.910934782139145,9.58318332841437,-1.82098125665738,-39.4188396870164,-6.37524106629993,5.81783241926238,0,0,0,833.538210821384,0.194908515742767,0.0188418677311537
74.235,-12.7531987614134,-11.3407670474327,-7.75750683731003,-3.67533879474265,-33.2494624044747,58.6472314348391,7.46175351046137,45.3069299131004,17.2622606685911,-32.8759333471317,-65.0801437201645,-98.8641112644483,7.99908217425314,7.20896856218678,0.756898609146864,-18.1897756635715,17.5921410698513,14.0916816708366,2.9471885907399,6.82821920155818,-1.1696530967008,-19.2801590968393,16.3935897949144,-27.9881113428264,-21.3616274058639,-2.27071780291593,-1.14520264866888,-73.9567523945207,-25.5333370480973,-79.2654195927228,2.81107488825059,9.60408687570691,-1.41305903799995,-10.5103665818755,9.80631504490283,-38.2489221653387,-7.0589208719522,7.48327398152927,-0.534364171369178,-14.1516832534304,2.53367138511946,-100.258317344525,0.711043799318748,9.73599130240945,-1.73548444652044,-37.8788614450585,-6.57246106240874,6.86783188449161,0,0,0,848.043445819899,0.19534714356745,0.0184492784744767
74.24,-12.8103514672288,-11.4305411630959,-8.72795126057785,-3.92989629941568,-50.911500934653,37.5150818507399,7.71430200924276,50.5096997563237,23.4958385015409,-33.1706592499159,-58.9451805568838,-91.8796918643124,7.96660027767688,7.2275318582256,0.740890268741403,-16.9900694022993,14.5936908008574,14.9545405529664,2.57078896831975,6.95024254986736,-1.1799918273642,-17.9501824766099,13.4011091575453,-44.2047779622019,-20.8373213951543,-1.63696780134771,-1.10409666351965,-69.8546092947267,-22.8802916940493,-84.4340409047593,2.89700573745114,9.68978087710422,-1.42322296914727,-11.4053116155174,7.46985360772394,-42.5222082257429,-6.9095795236719,7.75909412796466,-0.374738134782688,-13.6350650599108,0.0150388142905456,-98.801665029938,0.444428924726744,9.93890098481668,-1.59815141312155,-36.2429820290381,-6.84102216385615,6.90475622134462,0,0,0,862.026694227849,0.195760102070329,0.0181268312038503
74.245,-12.866591299035,-11.2479663612066,-9.56198600509749,-4.26692912987343,-67.4065660914202,16.8817684146852,7.99039900044537,55.2193982404157,29.6539677034729,-33.4387572492119,-53.6195998591098,-84.7707355424692,7.89397090008959,7.25914772545519,0.707301910629604,-15.8012983054349,11.6037736385986,15.3365630996504,2.16391157376922,7.10645446959332,-1.17540517364148,-16.6205871002599,10.404267917943,-59.6831187471674,-20.2485775860053,-0.842874679351176,-1.03461348973611,-65.6903392700058,-20.2929859303323,-88.0770812586009,2.95319695807913,9.76126467995187,-1.42969311277732,-12.4591915852741,4.95875124976204,-46.4190657269484,-6.71546845091859,8.06733599741815,-0.186691281839812,-13.1303735273652,-2.72551408750884,-97.8762756323507,0.114706556649142,10.1905485253896,-1.40698428371089,-34.5443394559044,-7.18974030821518,5.74043318415299,0,0,0,875.559551720475,0.196169811236406,0.0178768246123342
74.25,-12.9204942482427,-10.780589841554,-10.2266163335807,-4.68008218972223,-82.6306119698341,-3.09708628668447,8.28715984871775,59.3521696545297,35.6456662505584,-33.6852577853621,-49.3001072300822,-77.7291225232685,7.7811013904359,7.30678917009777,0.656653930937341,-14.6494814536705,8.6405073802539,15.2295010481092,1.73317669340652,7.29224624689616,-1.15391926413427,-15.305294553095,7.42649072348938,-74.336146139812,-19.595493227555,0.0914957164344696,-0.933193898289791,-61.4788706598144,-17.8057117593601,-90.0895357569422,2.97729352466884,9.81833988198225,-1.43149394333632,-13.687956566506,2.285960253691,-49.8473642282889,-6.47898665235619,8.40398520808617,0.0277064503465338,-12.6581329860872,-5.68821387140212,-97.5809304654663,-0.271808971108152,10.4880444231639,-1.16242517853482,-32.8177515229397,-7.62399839518222,3.1931643098668,0,0,0,888.682082038294,0.196587540181333,0.0176958607930944
74.255,-12.9706067035329,-10.0224910580507,-10.6915419453847,-5.16256866274215,-96.4972946040723,-22.2724985394214,8.60130656645463,62.8293435474326,41.3797102210721,-33.9161171988319,-46.1718826940065,-70.9530966285392,7.62856711030222,7.3733407881974,0.589940435370118,-13.5609875149707,5.72021458553705,14.6345305472738,1.28587737470254,7.50303577886778,-1.1138833685714,-14.0203517514572,4.48813906003366,-88.0858144061041,-18.8781659642334,1.14445004042895,-0.797232004270258,-57.2300897090513,-15.4484075655544,-90.3953905558564,2.96775828185711,9.86096573709069,-1.42763661772554,-15.1039784317029,-0.526719104498458,-52.7189431954126,-6.20243127481447,8.76469550284632,0.26500920497928,-12.2402295467022,-8.86424453293792,-98.0046700532862,-0.706049725227822,10.8272598835312,-0.867764633244326,-31.0977481648131,-8.14583319685085,-0.906635239507917,0,0,0,901.331131092377,0.197018202224255,0.0175747217195266
74.26,-13.0154791509149,-8.97448947638792,-10.9301533035184,-5.70726499462415,-108.939266376189,-40.5048005447164,8.92919975523441,65.5786377558297,46.7657531763065,-34.1381382685337,-44.4042139402549,-64.643845823895,7.43762137406632,7.46152252895111,0.50861883294831,-12.561852494887,2.85732906397705,13.5624682755309,0.82973110088627,7.73452582828728,-1.0541757055022,-12.7834469673636,1.60614100268868,-100.863885967736,-18.0971080153268,2.2932884632241,-0.625456662058468,-52.9491069491316,-13.2464512125134,-88.9501090038734,2.92390658538635,9.889333710524,-1.41714401621981,-16.7150178772392,-3.44833712754183,-54.9509463252856,-5.88808979338276,9.14512284648979,0.520369707536996,-11.898946649616,-12.2348863949709,-99.2237896618385,-1.1762170616555,11.2031832119126,-0.529396065540057,-29.4164812315478,-8.75442683979389,-6.71056193296245,0,0,0,913.301982416263,0.19746213292093,0.0175031422544096
74.265,-13.0536998204698,-7.6441339109808,-10.9204112005375,-6.30681023279125,-119.909047633529,-57.6661265157939,9.26687631131621,67.535311216422,51.7154857707697,-34.3588691705764,-44.1461804085822,-59.0017969683624,7.21019229943194,7.57381232985715,0.41458842698144,-11.6770115318814,0.0644198941722076,12.0336887073936,0.372597430654192,7.98291957002425,-0.974387954926716,-11.613226115125,-1.20616492620243,-112.612664306843,-17.2536790477644,3.51486607757643,-0.418244116220066,-48.6367206474853,-11.220469693074,-85.7424303778606,2.84591221589718,9.90396040717262,-1.39907814077075,-18.5232684563828,-6.43896905394199,-56.4671235542951,-5.53837111000276,9.54126888105154,0.787585358130815,-11.6557952389717,-15.7711299322147,-101.298904414842,-1.66788252864416,11.6103152381212,-0.156866264919282,-27.8017015158444,-9.44696711093835,-14.3462779425624,0,0,0,924.261181409564,0.197916755813373,0.0174654529654745
74.27,-13.0839271876465,-6.04547343533905,-10.6455799242284,-6.95370752622631,-129.379458687129,-73.6426462769013,9.61009252028265,68.6432417933509,56.1438201199479,-34.5864816166181,-45.5224892083949,-54.2226802393636,6.94886793662373,7.71236972941475,0.310158836812567,-10.9294698385446,-2.64768356477823,10.0777267138577,-0.0778234915270108,8.24507851286804,-0.874969312098245,-10.5284513254111,-3.93896306360209,-123.285598499051,-16.3504979409867,4.78608041513174,-0.177827453783744,-44.2901072437178,-9.38613158165728,-80.7954335192964,2.7347864241631,9.90579347604736,-1.37257013484799,-20.5245314204524,-9.45039462941671,-57.1990885527408,-5.15596345345267,9.94980889092754,1.05922250958996,-11.5302181597136,-19.4338284620244,-104.272174522768,-2.16416648542149,12.0430689889351,0.237312074525589,-26.2750115718692,-10.2197878441383,-23.9116713668326,0,0,0,933.810348221401,0.198385559262987,0.0174509388673529
74.275,-13.1049202732036,-4.19861711142643,-10.0947893735062,-7.64042556104996,-137.343606964464,-88.3364920885969,9.95437204315829,68.8559045749949,59.9700809946486,-34.8296294563413,-48.629567944536,-50.4934295921888,6.65687111870899,7.87896260260632,0.1980089870152,-10.3394468240376,-5.26968919964117,7.73256282637593,-0.514293405563648,8.51861298154496,-0.757313996759972,-9.54705886876305,-6.58567782659126,-132.847762949638,-15.3917938946963,6.08428231778921,0.0916228626969397,-39.9037528942657,-7.75390609093223,-74.1668335719737,2.59233334864168,9.89632268638545,-1.33685275842222,-22.7075742343717,-12.4272846721623,-57.0875188200781,-4.74400536188006,10.3683777057736,1.32682050030735,-11.5382720801858,-23.1744217783532,-108.164783158084,-2.64599598359061,12.4961384684244,0.638097857334144,-24.8505980769743,-11.0696514915036,-35.4693087406457,0,0,0,941.573536696205,0.198878277179969,0.0174437579265998
74.28,-13.1155657574257,-2.12909684442105,-9.26340723341017,-8.35949773972771,-143.814435735681,-101.66733303156,10.295058178993,68.137227167003,63.119183819367,-35.0972895612446,-53.5320209807143,-47.9879956528896,6.33802530037923,8.07489913057001,0.0811371630732168,-9.92353462823085,-7.79359009859092,5.04360347200937,-0.930319343137052,8.80190126232403,-0.623781081646889,-8.6851830889347,-9.1424975616689,-141.276212444789,-14.3836609015031,7.38761759891239,0.384061188715217,-35.4706163811682,-6.32879399389798,-65.9484967630462,2.42108621786254,9.87768631672571,-1.29129449652371,-25.0537215399591,-15.3088665372686,-56.083284124816,-4.30625569363256,10.7957867997789,1.58117138208793,-11.6914037845672,-26.9362244950739,-112.974758130474,-3.09244603871427,12.9648044997399,1.02859583166354,-23.5346164839871,-11.9949985000796,-49.0413703185424,0,0,0,947.269398687356,0.199414730854337,0.0174294300604814
74.285,-13.1149010288845,0.132945708238928,-8.15320866934148,-9.10361700076871,-148.823852208337,-113.573560980816,10.627369681239,66.4623004492566,65.5227778509138,-35.3985873325961,-60.2595542703576,-46.8631562457566,5.99671222293035,8.30096701491247,-0.0371976706378872,-9.6939168326051,-10.2123921879241,2.06238439184739,-1.32127723637261,9.09377415266617,-0.477643608167697,-7.95621632986372,-11.6077425302081,-148.560207746523,-13.3348679078671,8.67469926074488,0.691802029772652,-30.9834849495206,-5.11005791550851,-56.2651754133394,2.22422962200568,9.85276152266888,-1.23543368361866,-27.5367200440343,-18.031009998894,-54.1484870917459,-3.84724937471403,11.2321475511873,1.81266553379774,-11.9954383821348,-30.6562312149181,-118.675223666138,-3.48117043344661,13.445151643065,1.39092851176075,-22.325344518525,-12.9969698119289,-64.6052587440187,0,0,0,950.739839564033,0.200019583614395,0.0173932249464803
74.29,-13.1021324225246,2.5537212719819,-6.7723377496923,-9.86572431847236,-152.421463540434,-124.01306272966,10.9464593111385,63.8179259797777,67.1203319095122,-35.7426096798674,-68.8044694541253,-47.2544169419605,5.63782159059495,8.55738179150509,-0.153543368232107,-9.65769427614889,-12.5198491097245,-1.15495884012559,-1.68975741306879,9.39171338415885,-0.322979899981017,-7.36997179453831,-13.9811264595718,-154.70130147705,-12.26084445731,9.9211961458367,1.00600815880331,-26.4364554161612,-4.09099931192262,-45.2724828266636,2.00551363399707,9.82522664526903,-1.16901022739884,-30.1229084410961,-20.5286460756226,-51.2573973873238,-3.37242711388006,11.6788794402334,2.0116879925742,-12.4498837617617,-34.2673496390955,-125.213160333165,-3.7889281910852,13.93417827635,1.70724388346754,-21.2141447376295,-14.0800154345909,-82.0900672721203,0,0,0,951.927563956057,0.200722886798098,0.0173171943390402
74.295,-13.0766480620955,5.09687208582472,-5.13506174420979,-10.6390891140629,-154.672959118248,-132.96356389236,11.2474742341021,60.2029845927725,67.8601397098022,-36.1382087818353,-79.1198203936427,-49.2720992298621,5.26669215503593,8.84374590660674,-0.264331136745509,-9.8163623047049,-14.7102274618172,-4.54939502919318,-2.04028112280191,9.69304493224241,-0.164490275747482,-6.93200749164461,-16.2629686962711,-159.713268939516,-11.1793711061919,11.1037619570255,1.31689255642204,-21.8264478149036,-3.2588439912164,-33.1541451080172,1.76916561746959,9.79958363622035,-1.09199189132626,-32.771710356827,-22.7384057158764,-47.3972583979802,-2.88822916340097,12.1385879726073,2.16904584048792,-13.0476293163823,-37.7009367193449,-132.508739677436,-3.99220862395337,14.429790744646,1.96078020310419,-20.1871884389407,-15.2519361388563,-101.374083666948,0,0,0,950.820731999031,0.201554863993459,0.0171877891791841
74.3,-13.0380249029779,7.7246318235349,-3.26132635777121,-11.4173800444679,-155.658186081134,-140.422541525946,11.5256173074824,55.6286146761122,67.7002222449026,-36.5938003555219,-91.118314737408,-52.9977168343672,4.88904280914924,9.15902001073346,-0.365961249407234,-10.1654774198558,-16.7781189654465,-8.06080659228206,-2.36603205552326,9.99930114900291,-0.00725922834973142,-6.6431561439966,-18.453416347093,-163.621864835855,-10.0999833811075,12.2098426359342,1.61383368826695,-17.1546421951902,-2.59480509482356,-20.118583940025,1.51980512194733,9.7811299918743,-1.0045918256448,-35.4364529198372,-24.601344983208,-42.5689427857891,-2.40214492847152,12.6148052060649,2.27640373741758,-13.775080358146,-40.8894859937605,-140.455285768705,-4.0679507686293,14.9306807674968,2.13690079734451,-19.2278045581763,-16.5232652526319,-122.283488773843,0,0,0,947.389696274159,0.202541746033056,0.0169949877397908
74.305,-12.9860297675801,10.3990270795369,-1.17612663069058,-12.1947249060435,-155.468972314824,-146.406713657918,11.77620827248,50.1181929994254,66.6091058321364,-37.1171605036633,-104.672029628081,-58.4807410908596,4.51089162911039,9.50150772543034,-0.454897708523278,-10.6945415809257,-18.7183082826961,-11.6298263556086,-2.65638739042881,10.3142327982149,0.143510348454276,-6.49928979700521,-20.5517325705531,-166.464385511688,-9.0292916401473,13.2327496858763,1.88626374498615,-12.4277241342335,-2.07439063156467,-6.39490045201564,1.2623662872738,9.77587181489942,-0.907274259727081,-38.0654966107054,-26.0656102020155,-36.7874311198657,-1.92271147232696,13.1115955945085,2.3267029418987,-14.6127271593249,-43.7692995108392,-148.91989906026,-3.99434227294673,15.4360920920334,2.22401298866755,-18.3192393410238,-17.9059770619628,-144.592383121737,0,0,0,941.536340568329,0.203699031142474,0.0167289483426831
74.31,-12.9206143706347,13.0830793890881,1.09128554126424,-12.965758690217,-154.206756834843,-150.951124786869,11.9947438507486,43.7071156537541,64.5664563219338,-37.7152254761342,-119.612994494278,-65.7358539136553,4.13846042482044,9.86885496001212,-0.527770940117115,-11.387120135939,-20.5256969805246,-15.1996212925291,-2.90757180256053,10.6399240795376,0.282784437341534,-6.49133068587771,-22.555698737996,-168.289018102272,-7.978685099081,14.1640879330498,2.12453471267904,-7.65883254695678,-1.66801132665877,7.77165495233153,1.00203063976083,9.7903727970566,-0.800746048020802,-40.6036443266653,-27.0888918754916,-30.0820862232328,-1.45945456203554,13.6330408914283,2.31453900297858,-15.5361046193406,-46.2829770059796,-157.744759320538,-3.75166950036134,15.9454873795141,2.2142959907858,-17.4475559159952,-19.4115974698539,-168.024239893517,0,0,0,933.065278009688,0.205028522756189,0.0163880644384609
74.315,-12.841904539693,15.7419661883577,3.50833073548133,-13.7256591486848,-151.98009169369,-154.107856653122,12.1769557583819,36.4423815266947,61.5635525593759,-38.3938988532438,-135.734675422053,-74.7407816729688,3.77806242322585,10.2580646971763,-0.581486626388976,-12.2211955882013,-22.1952764636763,-18.7175443696124,-3.1197307554522,10.9772344896359,0.405949127526499,-6.60550341682337,-24.4611655586816,-169.153963134738,-6.96153864812451,14.9957648150435,2.32026177167487,-2.86812401795701,-1.34192401695852,22.1246290392731,0.744171101017008,9.83153791162479,-0.68593308277959,-42.9937800931409,-27.6405210002457,-22.4966952855589,-1.02276594558786,14.1826293433259,2.23647469561974,-16.5170608093758,-48.3815683448407,-166.749104600409,-3.32317662993911,16.4581299855325,2.10418139757074,-16.6043750805088,-21.0488788413167,-192.254838465546,NaN,NaN,NaN,921.685399514304,0.206518882910377,0.0159707311567958
74.32,-12.7501840406026,18.3440998180806,6.04013688561382,-14.4701695596678,-148.902082196751,-155.944402904801,12.3188656862721,28.381985578063,57.6035854003909,-39.1578707297326,-152.794375297905,-85.4347951803321,3.4359713426311,10.6655280094035,-0.613337612382873,-13.1697453888079,-23.7221365262725,-22.136582416963,-3.2943727171636,11.3263595229922,0.509020926268524,-6.82380908950921,-26.2617731224924,-169.126325672521,-5.99071011853071,15.7217644834988,2.46662832861694,1.91710124015243,-1.05951742340804,36.4016199728257,0.494305560214708,9.90633523038537,-0.563942332611898,-45.1786716144911,-27.7030759661463,-14.0892525708585,-0.624294516992226,14.7621106623877,2.09126400417055,-17.5252250459751,-50.0262611225327,-175.731863051838,-2.69663021914729,16.9725498086356,1.89453896312117,-15.7891634479071,-22.8212715154408,-216.916681133163,NaN,NaN,NaN,907.043449062566,0.208148879135899,0.0154786839843473
74.325,-12.6458736122016,20.8620856801607,8.65064462553084,-15.1956087253709,-145.087833140343,-156.541754495012,12.4168363553888,19.5941338233035,52.7017723250204,-40.0104534405726,-170.516542167661,-97.7179500451128,3.11827134576659,11.0870718767871,-0.621114603883011,-14.2015189493261,-25.1014923889587,-25.416539233699,-3.43408409933006,11.6866772659154,0.588812698118645,-7.12469055429787,-27.9488442253592,-168.280781422667,-5.07785164169317,16.3382393476505,2.55867147415848,6.66272946770275,-0.782913244110839,50.33972257358,0.25805567754871,10.0214642846991,-0.436012202123678,-47.102857034873,-27.2733921354496,-4.93145814653716,-0.278971424008859,15.3688016881847,1.87996442479261,-18.5295521865409,-51.1895108137074,-184.474894794482,-1.86805631853336,17.4856734213454,1.59052928191652,-15.0108121413924,-24.7244682813231,-241.604839698825,NaN,NaN,NaN,888.785806726334,0.209888192620208,0.0149168234956987
74.33,-12.5295059920508,23.2735240301859,11.303745286067,-15.8988685650713,-140.651967940203,-155.992249553062,12.4676178366424,10.156296250743,46.8852818390796,-40.9534382186526,-188.596955616169,-111.45112805947,2.8306890788253,11.5180241087484,-0.603210278125459,-15.2819782237634,-26.3287123171793,-28.5249081736691,-3.54220432098206,12.0566669560511,0.643042674702435,-7.48384995188361,-29.5114413699779,-166.698037443178,-4.2327709577396,16.8435631401477,2.59345946681276,11.3285982786532,-0.474819394916896,63.6810422154753,0.0411039679401912,10.1829844598786,-0.303455714038639,-48.7145260715702,-26.362898344359,4.89208707113168,-0.00296580227510324,15.9959386240951,1.60595666126193,-19.4998209729658,-51.8555623349613,-192.746782895791,-0.840302148394702,17.992012697764,1.2012920162243,-14.2883140890141,-26.7443080641084,-265.884122485534,NaN,NaN,NaN,866.631596831646,0.211703866906137,0.0142905371263504
74.335,-12.4016978689603,25.5616246181327,13.9644122069232,-16.5773999886597,-135.706284717809,-154.397246917704,12.4683884252436,0.154117720236398,40.1929662765701,-41.9869769082206,-206.707737913785,-126.456924236395,2.57841100217386,11.9532952880902,-0.558710627753218,-16.3743583618719,-27.3993303208868,-31.4374060766447,-3.62249133960849,12.433901226874,0.67038479182102,-7.87517495520997,-30.9365671213801,-164.463121003429,-3.46289229574016,17.2383238256329,2.57016139747945,15.8696394614717,-0.100537704225588,76.1781519335693,-0.150859988889826,10.3959216881146,-0.167602322907234,-49.967300257718,-24.9972432276777,15.2850021477114,0.191515078885342,16.6360526077822,1.27484793427045,-20.4079796452957,-52.0203554542832,-200.307096879565,0.382837688444504,18.4835641916068,0.739497621501529,-13.6504332447441,-28.8552992429195,-289.297400711748,NaN,NaN,NaN,840.436162519051,0.213563469971006,0.0136048401218023
74.34,-12.2631198219342,27.7156094051674,16.5997857577361,-17.2291880325769,-130.35760878318,-151.864686367922,12.4167894757377,-10.3197899011551,32.6749061603008,-43.1094924779134,-224.503113938139,-142.52140598639,2.36589125193404,12.3874771228637,-0.487466998040948,-17.4408005539992,-28.3090336697274,-34.1381592488153,-3.67881320172286,12.815104061721,0.670464251896798,-8.27172832281276,-32.2094810104947,-161.663543458201,-2.77286562287453,17.5252359588793,2.4900168622044,20.237314096214,0.37000052198436,87.5993666711934,-0.312214740763366,10.6638757964634,-0.0297446576854867,-50.8218174291801,-23.2152171271294,26.1405646698408,0.295206059397911,17.2795436433963,0.894263738631268,-21.2292587490627,-51.6908486246172,-206.911039937141,1.79476367962265,18.9494700123271,0.220609768283852,-13.1343553969435,-31.0199650733662,-311.374890369652,NaN,NaN,NaN,810.225706520148,0.215430499795473,0.012868537598326
74.345,-12.1144653933104,29.7308857247899,19.1801735044829,-17.8527175050561,-124.705894495949,-148.506600728672,12.3109537324303,-21.1671486615118,24.3917737924805,-44.3176215882122,-241.625822059967,-159.396751070951,2.19665711395718,12.8149558911164,-0.390142471373707,-18.4435083328496,-29.0536222532471,-36.6195508341374,-3.71489483404839,13.1962616425346,0.643806772528901,-8.64675590206769,-33.3141041506577,-158.387397411449,-2.1643618841834,17.7089633946728,2.35621895590181,24.3812357997264,0.960317049025049,97.7337100908463,-0.437514219559949,10.9886538614955,0.108904026778281,-51.2470325891828,-21.0670196298228,37.3434556623888,0.300010094639739,17.9125198989775,0.473543884007207,-21.9430044936399,-50.8838336231254,-212.314382908921,3.38330119220914,19.3754755682306,-0.337977502971737,-12.7834075296602,-33.1891320757655,-331.644154983798,NaN,NaN,NaN,776.189678889959,0.217268894011879,0.012086712861799
74.35,-11.9564204917307,31.6089803159556,21.6799293257754,-18.4469306123795,-118.842621464788,-144.436645391584,12.1495268264884,-32.2853811883955,15.4140280741494,-45.6061918785362,-257.714058065034,-176.80474988521,2.07312066235282,13.2300387996253,-0.268227072384572,-19.3458809636822,-29.6289451396071,-38.8817560262132,-3.7341406053449,13.5727706854048,0.591753047172508,-8.97467048184109,-34.2334847301291,-154.721453851925,-1.63607723167894,17.7958565127779,2.17372722755489,28.2508705628114,1.68574001669454,106.395452944131,-0.521636276248331,11.3699564154704,0.247237437494655,-51.2211612422362,-18.6119654047769,48.771783955042,0.20063266052528,18.517865309408,0.0233298694860112,-22.5332207532602,-49.6243446754378,-216.278584486908,5.13267074037905,19.7441475355719,-0.917799928238456,-12.6440211160076,-35.3031886131547,-349.640577278125,NaN,NaN,NaN,738.628738786944,0.219031710872424,0.0112636971759512
74.355,-11.7896343250381,33.3572333384646,24.0781789538069,-19.0111782157295,-112.849520669781,-139.767709342751,11.9316817511287,-43.5690150718575,5.82095653983262,-46.9682359602716,-272.408816346555,-194.441135831604,1.99640608483818,13.6270900866272,-0.124017722014262,-20.1135825474494,-30.030827875033,-40.9320060191703,-3.73954294802928,13.9396085256601,0.516351296559655,-9.23197236069137,-34.9503025948975,-150.74933049891,-1.18395177724105,17.7936210973951,1.94902842337319,31.7972053015289,2.55217241684283,113.428107860305,-0.559978503201194,11.8051429807421,0.384266967014159,-50.7322119801461,-15.9157587598763,60.2993457880153,-0.00430283260634168,19.0763565411079,-0.444914987942927,-22.9888384424957,-47.9437890227329,-218.575997819215,7.02510337157111,20.035574132813,-1.50019800574422,-12.7621854538664,-37.2942478547759,-364.918043162155,NaN,NaN,NaN,697.869466712589,0.220663440397693,0.0104077374662337
74.36,-11.6146930228956,34.9882604285243,26.359364315325,-19.545166494036,-106.797655661397,-134.609668549778,11.6571262654925,-54.9110971272969,-4.30041589973642,-48.395043347584,-285.361477462741,-211.980685629782,1.96620259560163,14.0006726573752,0.0394391063319907,-20.7155122991571,-30.2550109422903,-42.7836325310031,-3.73324092806671,14.2917352554022,0.420242759188545,-9.39807179275162,-35.447397887049,-146.549802785021,-0.801198644740359,17.7112423119363,1.68985616777285,34.9742903183304,3.55539654962663,118.707774022655,-0.548702453695878,12.2891009162258,0.51911647138624,-49.7780815687669,-13.0474971613702,71.7980576461111,-0.311752833093011,19.5677248678351,-0.919424763831523,-23.3037530655451,-45.8779401030913,-218.995068082687,9.04189773432441,20.2285199073826,-2.06717601348638,-13.1796831725136,-39.0890682711517,-377.059587035245,NaN,NaN,NaN,654.168076312106,0.222101522636988,0.00953078030193399
74.365,-11.4320970243272,36.5191997137208,28.5135850557833,-20.0489008585952,-100.746872911944,-129.067337601587,11.3261033118207,-66.2045907344138,-14.856529111725,-49.8762507436244,-296.241479208352,-229.083009964942,1.98065257612079,14.3456900625486,0.218441616317896,-21.1246492866539,-30.2971242823459,-44.4549516161948,-3.71601991317124,14.6245910197774,0.306549191205873,-9.45598339195891,-35.7083156201547,-142.195324532185,-0.478342342463878,17.5589632930225,1.40488847562664,37.7405808825639,4.68099766400795,122.145737088712,-0.485021117450464,12.8142368335415,0.651004863801276,-48.366216253469,-10.0765831911283,83.1404835443381,-0.714069067954464,19.9719180767668,-1.38865868158336,-23.4766819114823,-43.4649389134379,-217.345432430171,11.1642315266197,20.3020714687224,-2.60221505154597,-13.9304167245911,-40.6125239611402,-385.687759488345,NaN,NaN,NaN,607.636764010349,0.223277070892367,0.00865358737745492
74.37,-11.2422431786457,37.9707691362212,30.5367225699908,-20.5226289784818,-94.7456239771365,-123.238668948007,10.9393846555063,-77.3437312627295,-25.7485761971646,-51.3999702431175,-304.743899898029,-245.398934506344,2.03628369055997,14.6575228461948,0.408760695724735,-21.3187528950496,-30.1527240300763,-45.9680480979364,-3.68971389123706,14.9330776707678,0.178758629356537,-9.39286805351064,-35.7178636738608,-137.750816569093,-0.205958734154485,17.3463662877102,1.10347864828711,40.0600272396655,5.90494174238031,123.69024532386,-0.367517513555332,13.3706029801498,0.779222662164106,-46.5128749369798,-7.06973112002306,94.202364090423,-1.19920198855412,20.2704392625945,-1.84180100223577,-23.5108909697398,-40.7434431869169,-213.462841444203,13.3735325323209,20.2376685676325,-3.09101959773605,-15.0371204465715,-41.7913804500926,-390.474493057733,NaN,NaN,NaN,558.230184509219,0.22412652132296,0.007818066395469
74.375,-11.0454123430877,39.3661671116376,32.4303395139675,-20.9667847319002,-88.831150683753,-117.213241136383,10.4982580701869,-88.2253170639707,-36.8738522243656,-52.952954132223,-310.596777821382,-260.577352607276,2.12799226167025,14.9321528334065,0.605795897719892,-21.2809077197826,-29.8174151413526,-47.3475203800319,-3.65867013626443,15.2109074096481,0.0406309596385622,-9.20040400943518,-35.4626847962876,-133.272768721652,0.0232442132569504,17.0812829276296,0.795374400681785,41.9028877599239,7.19478837088665,123.32740253221,-0.19647532119502,13.9461623400216,0.903110098152671,-44.2420601897021,-4.0882474897009,104.865045536497,-1.75132148787541,20.4476140321616,-2.26919643498298,-23.4138297864253,-37.7510476481803,-207.213828093451,15.651262031319,20.0213260327203,-3.52217480209604,-16.5087095871394,-42.5581187959351,-391.150255365869,NaN,NaN,NaN,505.812713611087,0.224596770943328,0.0070791442035727
74.38,-10.8417630620595,40.7298562056728,34.2013558769598,-21.3819347993541,-83.0300134908578,-111.071068320135,10.0045084875218,-98.7499165331122,-48.1271365912431,-54.5207940829991,-313.567990155507,-274.272414465673,2.24908328497816,15.16626890709,0.804751155355915,-20.99990798739,-29.2870773824642,-48.6192400192763,-3.62662472090425,15.4524748339081,-0.103883451926748,-8.87497530222448,-34.9318431337137,-128.808684502144,0.216620648009184,16.7718485903446,0.49036050962793,43.2462642403742,8.51146558845289,121.081142035438,0.0258035268295901,14.5271863771349,1.0220446345093,-41.5842084370185,-1.185745041908,115.017704446044,-2.35183241353525,20.4916316344216,-2.66268779016034,-23.1966938258367,-34.523072377914,-198.50005451213,17.9780490410325,19.645779195228,-3.8876847584409,-18.3384512605342,-42.85455823369,-387.512289666798,NaN,NaN,NaN,450.312345307985,0.224647372516867,0.00650964930961528
74.385,-10.631331687717,42.0862748684254,35.8615109653113,-21.7687294633157,-77.3589327921738,-104.881753289766,9.46039361168672,-108.8229751668,-59.4020825502702,-56.0881516733671,-313.471518072991,-286.150903671316,2.39137024449247,15.3573483071538,1.00082005634178,-20.4704816910687,-28.5582026921748,-49.8091718984584,-3.59591653364055,15.6535540550303,-0.250714757352406,-8.4176732103664,-34.117422473699,-124.396879414951,0.381866988882949,16.426915328105,0.197949550584347,44.0743797142227,9.81148535282939,117.012273389708,0.294723557841075,15.0987691768479,1.13544461043968,-38.5747480979715,1.59358251444079,124.559268844555,-2.9807082545659,20.3952230094349,-3.01582962559142,-22.8739134839335,-31.0917818426697,-187.262267359137,20.3322271522144,19.1122474704948,-4.18335342166673,-20.5030615817842,-42.6350498843719,-379.43174998315,NaN,NaN,NaN,391.934635528501,0.22425928544074,0.00619444753843013
74.39,-10.4140390572721,43.4585260890242,37.4266287917552,-22.1278589810714,-71.8259035512026,-98.703995651763,8.86861456077479,-118.355810182494,-70.5925883859112,-57.6390163347699,-310.172932280857,-295.899641318817,2.54533550552535,15.5037084940134,1.18936930696441,-19.693358370633,-27.6283401179006,-50.9422900317252,-3.569148436008,15.8105422738607,-0.395728635964037,-7.83411387048852,-33.0151272749452,-120.06662429402,0.525082723676843,16.0548887662975,-0.072865072389365,44.3786361893443,11.0494409562903,111.216623960079,0.603193748251647,15.6454322021844,1.24279333330936,-35.2526416253846,4.21603843538034,133.399950423612,-3.61797010619198,20.1559622532198,-3.32396207601277,-22.4625521895828,-27.4860572769328,-173.483788304834,22.6880281102075,18.4315743943162,-4.40896497326841,-22.9627494281293,-41.8690462500035,-366.859542637309,NaN,NaN,NaN,331.390250168941,0.223431524798825,0.00623092786505808
74.395,-10.1897035874898,44.8670939564824,38.9157120713486,-22.4600166592169,-66.4315356291532,-92.585455877544,8.23228214093442,-127.26648396819,-81.5941263992808,-59.1569860588201,-303.593944810306,-303.232750577836,2.7003496115831,15.6045261169276,1.36610873113618,-18.6751870185302,-26.4966315873858,-52.0416120546682,-3.54954821112124,15.9203437846436,-0.534789246327068,-7.13408327859834,-31.6248696211609,-115.83860585398,0.650114578135299,15.6634937417256,-0.313869054561145,44.1575016955732,12.1806052300819,103.82232952277,0.941528534069038,16.1517859740085,1.34368456883837,-31.6590231532424,6.65881381437523,141.462324310892,-4.2438953192588,19.7784368889204,-3.5841460683436,-21.9815878101683,-23.7315038552574,-157.193457377296,25.0158093079036,17.6260637679048,-4.56825843381946,-25.662151819435,-40.5428901413566,-349.830690052512,NaN,NaN,NaN,270.057689523935,0.222185052974197,0.00672301499513672
74.4,-9.9580603906411,46.3286393696606,40.3498970024745,-22.7658694876721,-61.1705656909277,-86.5629650980142,7.55487938454065,-135.480551278493,-92.3050081355976,-60.6255655002953,-293.715888294467,-307.898611053436,2.84494539712244,15.6598215262371,1.52723689294466,-17.4283122459085,-25.1644090906647,-53.12736354123,-3.54096007307899,15.9804042615204,-0.663831769311687,-6.33102867380307,-29.9513167514146,-111.72565911525,0.758390134168747,15.2597725062424,-0.517875479296105,43.4162824102542,13.1634428351887,94.9863598805946,1.29747736388773,16.6032095839358,1.4378865355769,-27.8360280109626,8.90970002062453,148.681921937217,-4.84120998864202,19.2729399424295,-3.79496460391321,-21.4510549166204,-19.8509362146965,-138.467934440144,27.2791732076705,16.7286072791059,-4.66861969814522,-28.53204847014,-38.6607116047789,-328.467038792547,NaN,NaN,NaN,210.000960596396,0.220565142068716,0.00778799716851353
74.405,-9.71878576882309,47.8549243636456,41.7513069768766,-23.0460368967186,-56.0334818093443,-80.6630600632092,6.84022099151385,-142.931678605489,-102.627567074037,-62.0284755147282,-280.582002886839,-309.686332620518,2.96714051828652,15.6704094273749,1.66955321991151,-15.9704179562204,-23.6358128112216,-54.2162727316643,-3.54774328295073,15.9887409602974,-0.778948425032733,-5.44142257950382,-28.0043661922817,-107.733711969756,0.848993463470842,14.8500972958726,-0.678948788624992,42.1668362798267,13.9618615690631,84.8903948902068,1.65640134431883,16.9865066892242,1.5254177647986,-23.8258853575087,10.9661773534582,155.007336517798,-5.40105892566552,18.6455698594257,-3.95620287280022,-20.8910409802934,-15.8651561133919,-117.433249873224,29.4257429638139,15.7746909152168,-4.7202951796973,-31.4917094408399,-36.2443734098948,-302.97814460867,NaN,NaN,NaN,153.780936285258,0.218645897016587,0.0095722737988666
74.41,-9.47152621569514,49.451910625635,43.14184805579,-23.3010778915629,-51.0081989689178,-74.9028129408647,6.09241030355484,-149.562137591938,-112.469243166113,-63.3499676808549,-264.298433225592,-308.431582762737,3.05479984808106,15.6378185162133,1.79053024037086,-14.3240487142006,-21.9183816196308,-55.3209882349267,-3.57457824761398,15.9439724744496,-0.876490937460076,-4.48403201232195,-25.7995100933168,-103.862872160692,0.918975494812526,14.4401755593081,-0.792595812031088,40.4272795265565,14.5470547686136,73.736190978616,2.00160636647663,17.2904978089781,1.60662513061977,-19.6703134960555,12.8339745925193,160.39987669596,-5.92243263782123,17.8974010120437,-4.06845389259509,-20.3205552163662,-11.7939181081269,-94.2654823224588,31.3886256859378,14.7990711932791,-4.73539001229376,-34.4517206295117,-33.3324659364259,-273.660185308769,NaN,NaN,NaN,104.059970458489,0.216555482173404,0.0122864577965567
74.415,-9.21593085665686,51.1190718075575,44.5419922373468,-23.5314865048153,-46.0817226503832,-69.2909168871993,5.31579441534566,-155.323177641537,-121.743557040847,-64.5751369960605,-245.03386304063,-304.021609785688,3.09602722214507,15.5641850661898,1.88834301842859,-12.5160200782622,-20.0235631193115,-56.4496077026791,-3.62618962752535,15.8453504426405,-0.953189106954498,-3.47913006975937,-23.3580482561677,-100.1085823517,0.963870069018482,14.035033186292,-0.855913948241246,38.2217270446152,14.8988262834664,61.7405958396276,2.31483152431349,17.5065132327517,1.68225248455883,-15.4102227592296,14.5252253040931,164.832838492414,-6.40676991389468,17.0334822082208,-4.13268455894959,-19.7563201757998,-7.65697500061941,-69.1904325129682,33.0966025641878,13.8396795728843,-4.72690852483368,-37.3171424336902,-29.9784201111507,-240.892779813919,NaN,NaN,NaN,63.0793729501082,0.214569419445189,0.0163326116195588
74.42,-8.95168609926706,52.8489514780074,45.9695960334371,-23.7376951979437,-41.241738625711,-63.828980848883,4.51491798651997,-160.175285765283,-130.370965280821,-65.6902257098888,-223.017742765883,-296.399316520984,3.07957431368763,15.4521272772307,1.96185675200871,-10.5767306030674,-17.9670907391856,-57.6053048603792,-3.70700504740472,15.6927938015657,-1.00628138927774,-2.44768981661577,-20.7071112835361,-96.462770331659,0.978367176708274,13.6389705004241,-0.867686621700648,35.5800926195456,15.0063366674529,49.1303775711841,2.57688054883887,17.6287581684694,1.75348795857174,-11.0856971981983,16.0563672850286,168.290495171476,-6.85829727000328,16.0624712886354,-4.14981507452877,-19.2115674821984,-3.47510386744681,-42.4821611415032,34.4756629703951,12.935378066026,-4.70757362803057,-39.9908787812953,-26.2478781934908,-205.133630737094,NaN,NaN,NaN,32.1649907786846,0.213462711404968,0.0227362101285244
74.425,-8.67855115195484,54.6269894624934,47.43880154578,-23.9200855484746,-36.4780701062214,-58.5129810715041,3.69447626677746,-164.08834394865,-138.279591796472,-66.6829111883107,-198.53709568455,-285.566255133738,2.99525305287857,15.3046085995026,2.01057738500814,-8.53939011718098,-15.7691804093554,-58.7860456161813,-3.82077604734531,15.4869240850424,-1.03364968435437,-1.41060074743284,-17.8794615335713,-92.9149287711176,0.957079612887216,13.2554957685161,-0.828417695009854,32.5379562943656,14.8682590960406,36.1370329193107,2.76837332334569,17.654531084877,1.82197920852511,-6.73619735974019,17.4459407172437,170.766925488235,-7.28589149578886,14.9923633768828,-4.12036220920648,-18.6949441900188,0.728967358374566,-14.4602690837461,35.4483162774353,12.1204618239406,-4.68849436382485,-42.3771571065551,-22.2155288015166,-166.910959669576,NaN,NaN,NaN,0,0,0
74.43,-8.39639300514439,56.43162936198,48.9590650395299,-24.0790052907419,-31.7839484533917,-53.3348124847531,2.85926778845796,-167.041695663577,-145.405833857281,-67.5425707895257,-171.931920242668,-271.584433175582,2.83433710516893,15.1247991109251,2.03457352780618,-6.43918121759966,-13.4545089160363,-59.9843907056311,-3.97019397465771,15.2290982646818,-1.03394743705807,-0.387945899561581,-14.9130499474237,-89.4530717279467,0.895329760839515,12.8872496845458,-0.740299486241349,29.1364857308297,14.492380935469,22.9917276662141,2.87058516943306,17.5842865504402,1.88980850167196,-2.40090508647114,18.712438855479,172.264810179832,-7.70267838857508,13.829722238163,-4.04416466812821,-18.2096498800728,4.92978862351203,14.5141779095473,35.936808842952,11.4216194394857,-4.67792400945179,-44.3850365035477,-17.9616642289241,-126.81376977302,NaN,NaN,NaN,0,0,0
74.435,-8.10521945702656,58.2347096236195,50.5343540106814,-24.2147905441546,-27.1570506825801,-48.2838806568503,2.01414712126666,-169.024133438415,-151.694844631772,-68.2605169880522,-143.589239705434,-254.576843821377,2.58993759330396,14.9159443008542,2.03438055678756,-4.31237356516322,-11.0519495070736,-61.1873914149664,-4.15653675881086,14.9214341281238,-1.00670813210739,0.601627084036997,-11.8503206845868,-86.0645320861994,0.789880465236702,12.5359401445587,-0.607112983433224,25.4223782144881,13.8947272691617,9.92050201042268,2.86633418485428,17.4215442174179,1.95942326265018,1.88088070912209,19.8723535835221,172.794322755049,-8.12524891751824,12.5794877978163,-3.92022105575869,-17.7529233606608,9.09860442986424,44.0441389414301,35.8670945477064,10.8556599990596,-4.6801888582072,-45.9318664960209,-13.5687442558742,-85.4800485900131,NaN,NaN,NaN,0,0,0
74.44,-7.80520880666024,60.0021300733192,52.1625480731717,-24.3277918730265,-22.6002657743833,-43.3486744643068,1.16397802760712,-170.033818732063,-157.100896989455,-68.8301964123243,-113.935884854511,-234.726658972802,2.25733855605038,14.6812502712326,2.01089912245544,-2.19541328059907,-8.59405677293018,-62.3765948771798,-4.37938232804117,14.5668225702502,-0.952420716659958,1.54141477985168,-8.73727184516022,-82.7365835663789,0.63953838507886,12.2023086168692,-0.434063150639173,21.4477724307954,13.0983124551387,-2.86015239363744,2.7408719346413,17.1726550488923,2.03352202548687,6.06939044174307,20.9385386480485,172.372223292412,-8.57265806066873,11.2451897923081,-3.74665884833691,-17.3159804620358,13.2029740956447,73.7035075245964,35.1730779183194,10.4280935362251,-4.69489189098331,-46.9466120649285,-9.11824333955255,-43.5831126377595,NaN,NaN,NaN,0,0,0
74.445,-7.49673492831651,61.6947756688024,53.8350718733921,-24.4184026832297,-18.1221620406555,-38.5182610584962,0.313587308587903,-170.078143803997,-161.587635682322,-69.247347063356,-83.4301302064168,-212.275052239102,1.83427858829842,14.4237934079797,1.96530022730381,-0.124012219574226,-6.11631104359437,-63.5281844887233,-4.63642055584237,14.168921659957,-0.872559630828135,2.417029582148,-5.62229808176603,-79.4568907780952,0.445569581036286,11.8861472182108,-0.227556238502142,17.2700666782359,12.1316427697022,-15.1472660210435,2.48273049580922,16.8464437658422,2.11490020391913,10.1241583880124,21.9189876876979,171.02123436352,-9.065253663422,9.82955174553244,-3.52084247258018,-16.8844718021555,17.206603975183,103.045380440723,33.8008186139,10.1327083404042,-4.71648133253493,-47.3729448009969,-4.68801447675208,-1.816389595433,NaN,NaN,NaN,0,0,0
74.45,-7.18038657970444,63.2696697222914,55.5367799560363,-24.4870883788274,-13.7371391195178,-33.7836481165753,-0.532280406098503,-169.173542936954,-165.128226731063,-69.5101087559487,-52.5523385184507,-187.517649291606,1.32116664551505,14.1464610101095,1.89894750247968,1.8677362175431,-3.65615108278985,-64.6132873130578,-4.92338823153575,13.7321289514934,-0.769559997141774,3.21662724124086,-2.55485810584727,-76.2138087927378,0.211884474818354,11.5863796729143,0.00507075508339013,12.9515748207109,11.0270968158287,-26.7548663528353,2.08447929185442,16.4537524081028,2.20626422375393,14.0039963669837,22.8160941300064,168.769739224273,-9.62337757674348,8.3354199135442,-3.23961851481093,-16.4394842425485,21.0694029823039,131.611550999024,31.7124054169344,9.95219019724198,-4.73424871128515,-47.1719804893992,-0.350327034927012,39.1229729645332,NaN,NaN,NaN,0,0,0
74.455,-6.85697997814435,64.6813203120768,57.2461043821814,-24.5344146799746,-9.46526022945457,-29.138963663208,-1.36900669388542,-167.345257557536,-167.70541380882,-69.6190827629455,-21.7948013993804,-160.799635250407,0.721222026505753,13.851927218527,1.81334445795522,3.74818718578551,-1.25184115834932,-65.5984822788112,-5.23414122908737,13.2615309961636,-0.646732928882448,3.93099415769576,0.415974611781089,-72.9965678416105,-0.0550288053106065,11.3012107501801,0.255856126037504,8.55895440240151,9.81930166149322,-37.5169295530102,1.54334824248858,16.0069137322259,2.31002596382405,17.6672168554176,23.6264272770505,165.651798254305,-10.2659781083258,6.76690900847453,-2.8996862933087,-15.9590560306453,24.7477833112252,158.943014384932,28.8892541259165,9.85972882871334,-4.73279054225737,-46.3245258559993,3.82936198596921,78.5511992145491,NaN,NaN,NaN,0,0,0
74.46,-6.52756389679844,65.8832162692422,58.9354662912389,-24.5610735431758,-5.33177264024674,-24.582410796087,-2.19214197708455,-164.627056639976,-169.311491607309,-69.5773377360287,8.34900538337897,-132.509582048253,0.0405309475062934,13.5426659151234,1.71011063312036,5.48889326637941,1.05876696004276,-66.4465393760017,-5.56086579255776,12.7628319099577,-0.508121449985193,4.55350828889535,3.24300778754105,-69.7953873611534,-0.346419350028833,11.0283390538475,0.516541456587776,4.16235345057065,8.54360401773952,-47.2898035702854,0.861679301799989,15.5191849948447,2.42809183442285,21.0721315437233,24.3410249491259,161.70743532716,-11.0091754533655,5.13062502882195,-2.49807268617889,-15.4201182549029,28.1952409450969,184.591198728651,25.3346443351383,9.8214643956962,-4.69293465699349,-44.8326867775108,7.79294781496444,115.815136831375,NaN,NaN,NaN,0,0,0
74.465,-6.19341678061612,66.829423236334,60.5719428651184,-24.5679052253954,-1.36633644390492,-20.1169632303625,-2.99744653043803,-161.060910670385,-169.948205603509,-69.3903602072041,37.3955057648504,-103.072092503922,-0.711985264109604,13.2209991625601,1.59098620368552,7.06524694773887,3.23950633853473,-67.1174104143528,-5.89441793768487,12.2422655457518,-0.358303580197894,5.07999597003639,5.88239567016191,-66.6015657333307,-0.651808943124698,10.7652187997261,0.77890756791076,-0.165756970282028,7.23471053936744,-55.9541095593097,0.047176163521184,15.0041727042749,2.5616620154231,24.17782559469,24.9461693830674,156.9831066523,-11.864832085107,3.43680908857865,-2.03268127290605,-14.80071985778,31.3632583623371,208.129571388466,21.0753724389603,9.79954965081645,-4.59309799490479,-42.7206910240566,11.4896658246272,150.309085327001,NaN,NaN,NaN,0,0,0
74.47,-5.85603565079871,67.4762259635432,62.1181716511941,-24.5559151910588,2.39800686731262,-15.7507774186519,-3.78092960323324,-156.696614559183,-169.62658639113,-69.0659493216502,64.8821771108225,-72.9393914210159,-1.52469265357717,12.8891763843969,1.45786026328383,8.45699520197511,5.25712610948123,-67.5694765303013,-6.22476778284728,11.7064976624394,-0.202155010897628,5.50851292808012,8.29499520946789,-63.4075875524529,-0.959698458948991,10.5093488941629,1.03510442323574,-4.35207003441875,5.92554336455506,-63.4161340336715,-0.887068624533962,14.4752774260012,2.71105532730012,26.9451825203143,25.4245812682788,151.532235486527,-12.8391970186379,1.70024727305096,-1.50287764395756,-14.0823462940245,34.2025678797272,229.16522173841,16.1624526508514,9.75554783483773,-4.41100783491485,-40.034793480891,14.8757288315049,181.49060283119,NaN,NaN,NaN,0,0,0
74.475,-5.51711684877289,67.7837604052254,63.5334652662013,-24.5262847701036,5.92608419104336,-11.4973077716191,-4.53888636589769,-151.591352533028,-168.366724921117,-68.614056887695,90.3784867911211,-42.5820266227702,-2.38345749250965,12.5494760820628,1.31281426498245,9.64860987589328,7.08240769577991,-67.7610375974929,-6.54151552720307,11.1625249579906,-0.0445887131533079,5.8390806334345,10.447539434054,-60.2072798101544,-1.25837850914082,10.2585632401186,1.27796110699424,-8.32422424108822,4.64633003945466,-69.6087241094138,-1.92277917736891,13.9451849461704,2.87557395872234,29.338111218839,25.7569386136749,145.415680701005,-13.9317125090959,-0.0591888094354536,-0.910065522911953,-13.2521095905211,36.6647934041794,247.349994146945,10.6708395017426,9.65385794078084,-4.12568314829201,-36.842162804401,17.9138402547366,208.894709685614,NaN,NaN,NaN,0,0,0
74.48,-5.17852895682215,67.7175783900186,64.7751014428994,-24.4803747288119,9.1820082583226,-7.37512282413357,-5.26793234740945,-145.80919630207,-166.197492771239,-68.0465753206349,113.496313411812,-12.4788735768296,-3.27194673178499,12.2043187734843,1.15816948154475,10.6295041477334,8.69110011312621,-67.6520057954301,-6.83443894414182,10.6175766830895,0.109707918003099,6.07340858657476,12.3135655930226,-56.9960335426743,-1.53676740204626,10.0112952088684,1.50126219762516,-12.0128196861205,3.42392413043423,-74.4916944974668,-3.03693308451498,13.4254262366773,3.05341994917451,31.3249066463183,25.9236044998456,138.702007605963,-15.1340881627353,-1.81646910104352,-0.258202859000484,-12.304576463055,38.7044497786972,262.390740587103,4.69817454486612,9.46486061670951,-3.71953796572507,-33.2286968043119,20.5727917901714,232.145954349915,NaN,NaN,NaN,0,0,0
74.485,-4.84227851350946,67.2500886625985,65.7997464658175,-24.4197212048981,12.1307047827824,-3.40743166606567,-5.96503498136575,-139.420526791387,-163.156209122706,-67.3770775664323,133.899550840638,16.8933347717207,-4.1720109631196,11.8563774101585,0.996526196561911,11.3940926469751,10.0646223532904,-67.2057421373315,-7.09402945682236,10.0790218821929,0.256516691452852,6.21462928329787,13.8740522516785,-53.77109032851,-1.78519721625308,9.76679152000318,1.69997721376994,-15.3535808006224,2.28133625348814,-78.0517497866287,-4.20241678496176,12.9260239044001,3.24167211934504,32.8796599858931,25.906432623218,131.467445801215,-16.4297540677607,-3.5418473155084,0.445795617122811,-11.2430164498466,40.2812258610733,274.058281950584,-1.63741853760308,9.1675097759755,-3.18043726477583,-29.2957794362336,22.8272983786279,250.96788209338,NaN,NaN,NaN,0,0,0
74.49,-4.51046940906998,66.3618208879556,66.56496449801,-24.3460237749248,14.739485994665,0.378658815170452,-6.6275418298333,-132.501369693631,-159.288253660209,-66.6205145773043,151.312597825743,45.0707071268114,-5.06414257146298,11.508670192897,0.830782866384651,11.9417003674022,11.1904994866318,-66.3909533352773,-7.31197543763587,9.55428159895923,0.392292677298885,6.26706598037711,15.1177402261018,-50.5318759367655,-1.99607483298255,9.52525576409567,1.87043066253355,-18.289552618556,1.2374458848872,-80.3019211925921,-5.38887599916991,12.4552373366875,3.43632831482214,33.98362403506,25.6905135735567,123.795449196299,-17.7937959556784,-5.20180726575189,1.19182142477216,-10.0798962762643,41.3624180673252,282.194708957202,-8.20044584471483,8.75115332176646,-2.50351318188827,-25.1560727243678,24.6581419214919,265.189545087921,NaN,NaN,NaN,0,0,0
74.495,-4.1852570908558,65.0424636427106,67.0307613029459,-24.2611257552014,16.9796039446374,3.9531247376783,-7.25320501039743,-125.132636112585,-154.646622334228,-65.7928773283658,165.527449787375,71.6128566219259,-5.92799955483552,11.164620819036,0.664125672756569,12.2763325412505,12.0625206184185,-65.1835495228681,-7.481557124905,9.05074142285601,0.514312070026255,6.23604490963823,16.0411350443905,-47.2803487238338,-2.16435844849975,9.28790856606452,2.01040195917325,-20.7732021182042,0.306861862773942,-81.2805151956175,-6.5637281629317,12.0194128113826,3.63241369250366,34.6264357180929,25.2657291307335,115.775813926605,-19.1934488689824,-6.76044380456506,1.96654621847467,-8.83651836215523,41.9253268423574,286.718713985984,-14.8419921664837,8.21644413748504,-1.69254238250579,-20.9285263071939,26.0526060902843,274.748807985545,NaN,NaN,NaN,0,0,0
74.5,-3.86879892401613,63.2916333679921,67.161108534588,-24.1669871753815,18.8277159640024,7.28420333211714,-7.8402013183216,-117.399261584939,-149.291421028598,-64.9108316640773,176.409132857851,96.1132482000666,-6.74298325356382,10.8280729961386,0.499982453347684,12.4063235479137,12.680628895494,-63.5683532089498,-7.5979267712941,8.57565650052037,0.620752911642334,6.12775443907692,16.6482112345992,-44.0213200051331,-2.28780981981624,9.05695893423533,2.11914746443661,-22.7682913364084,-0.500097398206909,-81.0495737324513,-7.69329603968248,11.6229387060485,3.82415165380511,34.8071007779073,24.6279967961654,107.50335553869,-20.5891823687728,-8.18115907097143,2.75363897892431,-7.54179404299394,41.9593919430765,287.628719329033,-21.4044031699313,7.575290009535,-0.760701182195562,-16.7328757757491,27.0051063617021,279.692329302921,NaN,NaN,NaN,0,0,0
74.505,-3.56320223089242,61.1193386247974,66.925394169841,-24.0656511946534,20.2671961456324,10.3397193457977,-8.38714751718286,-109.389239772351,-143.289290839112,-63.9913353943218,183.899253951275,118.208944462237,-7.48885595460919,10.5032496129338,0.34193945173221,12.3438871918049,13.0505739133831,-61.5405478656302,-7.6582592057049,8.13603951987527,0.710704657059166,5.94914511270634,16.9498587638018,-40.7626989187967,-2.367005981244,8.83548882555021,2.19734122617326,-24.2513955899334,-1.17732629149538,-79.6928525732342,-8.74401616647403,11.2682999323009,4.00519018832858,34.5346560388345,23.7801114991385,99.076191814104,-21.9363548857195,-9.42852113789459,3.53424032420504,-6.23024434467017,41.4678341479063,285.003649798362,-27.7265561000071,6.84987802233497,0.269442069386737,-12.6839755819709,27.5178673862649,280.172228964548,NaN,NaN,NaN,0,0,0
74.51,-3.27047166787218,58.5461126039354,66.2997458060638,-23.9592050408757,21.2892307555067,13.0885041115157,-8.89311027198072,-101.192550959377,-136.712758035979,-63.0512479713534,188.017484593313,137.589464333833,-8.1463820548355,10.1946521048292,0.193624014224108,12.1045929604507,13.1833727704328,-59.1067613648611,-7.66177052050767,7.73852288398085,0.784109843370055,5.70785765397552,16.9631271651536,-37.5156157991821,-2.40511866661248,8.62725979328518,2.24693654062397,-25.2129577163283,-1.72277130395524,-77.3133361210697,-9.68367281375495,10.9562201748854,4.16887304359793,33.8284417851375,22.7321240134102,90.5937165183396,-23.1873553685987,-10.4701197713578,4.28768465318699,-4.93941821465403,40.4685968070094,279.001282909841,-33.6495307206047,6.07088595496771,1.36676827742414,-8.88635901540572,27.6014824348526,276.43957905327,NaN,NaN,NaN,0,0,0
74.515,-2.99245768508233,55.6027965580198,65.2681764122106,-23.849736830355,21.8936421041583,15.5018469325087,-9.35761022203242,-92.8999900104251,-129.639501957906,-62.106943721949,188.860849881061,154.004477705955,-8.69797427219211,9.90690186000039,0.0585606118191312,11.7067930367379,13.0946357652136,-56.2856947675841,-7.60961462752497,7.38918956599838,0.841647816224174,5.41216173158877,16.7103315418124,-34.2943855084478,-2.40749237276924,8.43645641174018,2.27095669197672,-25.6577959292209,-2.13819413135676,-74.0303222203498,-10.4826077685207,10.6858757983955,4.30854243888462,32.7179396811665,21.5012331448678,82.1543778382659,-24.2940962849806,-11.2782640544599,4.99243572994743,-3.70699430876927,38.9944395236231,269.854193381288,-39.0224534098869,5.27505379753876,2.49326407888962,-5.42942467975899,27.2752069747117,268.834971388488,NaN,NaN,NaN,0,0,0
74.52,-2.73080784718961,52.3299675785922,63.8235066384332,-23.7392898576258,22.0893945458594,17.5549158525685,-9.78061973957762,-84.6019035091159,-122.151535125103,-61.173939940439,186.600756302162,167.270076939008,-9.1283244280697,9.64453230104737,-0.0599891507303546,11.1710230065193,12.8038152362558,-53.1082295957222,-7.50467761297255,7.09337266632292,0.884575750324153,5.07088699070982,16.2180857680653,-31.116284504253,-2.3810704094682,8.26738577603426,2.27322947589904,-25.6050158920931,-2.42886031130874,-69.9761281313938,-11.114858262378,10.455161781026,4.41785813711501,31.2421585234552,20.1112075825042,73.8533905830354,-25.2106413901367,-11.8313203733645,5.62717718729711,-2.56787451619399,37.0921202109267,257.863387011849,-43.7082024154745,4.50239303546833,3.6063770207358,-2.3836097369293,26.5668825457541,257.776516171804,NaN,NaN,NaN,0,0,0
74.525,-2.48692276829765,48.7770157782982,61.9680238617602,-23.6298161188266,21.8947477597925,19.2280846047418,-10.1625539956446,-76.3868512132402,-114.334291772082,-60.2665511320311,181.477761681238,177.2733931232,-9.42499675594539,9.4117466965506,-0.159189867767186,10.5193957576159,12.333431236622,-49.616974873596,-7.35129711732884,6.85543064267327,0.91454550150782,4.69332953411674,15.516321890914,-28.0011310785704,-2.33373056146572,8.12415558639838,2.25808553715456,-25.0873137687918,-2.60315282858929,-65.2924868699344,-11.5591792925991,10.2609880944825,4.49111668970585,29.4485787758426,18.5913896267883,65.7805125586539,-25.8955058839286,-12.1141511663699,6.17197915178573,-1.55157758150229,34.8206974028665,243.389790256784,-47.5883396477082,3.79364612114811,4.66185867885349,0.202173294278543,25.5124449513609,243.745706444434,NaN,NaN,NaN,0,0,0
74.53,-2.26191832734063,45.0008881914436,59.7138456581925,-23.5231309388718,21.3370359909933,20.5081046745242,-10.5042550582939,-68.3402125299331,-106.275623752521,-59.3975803051849,173.794165369386,183.975361326655,-9.57896068674332,9.21216192226532,-0.236785688846723,9.77500362698762,11.7083166673565,-45.8652466966298,-7.15493775484742,6.67851234808983,0.933415873131047,4.28912128928322,14.6373421486115,-24.9706753446305,-2.27359716351784,8.01035498350455,2.23004433812652,-24.1496932453275,-2.67211118268999,-60.1267200361699,-11.7999118067262,10.0995848044279,4.52355461436933,27.391694955979,16.9753633550756,58.0180039496168,-26.3144746112496,-12.1195467861825,6.60945864265213,-0.680199032175729,32.2490762389541,226.843825537173,-50.5684952393772,3.18662241311775,5.61685825501681,2.30167692824291,24.1550279627185,227.271641537982,NaN,NaN,NaN,0,0,0
74.535,-2.05659568106963,41.0645292542378,57.0829642021529,-23.4208706035899,20.4520670564031,21.3890660123546,-10.8069688797976,-60.5427643008014,-98.0647062808187,-58.5780574300983,163.904575017467,187.411484436052,-9.58503976694416,9.04856153811826,-0.291231007918839,8.96133918475909,10.9549091908048,-41.9155055273322,-6.92185373729505,6.56433205666605,0.943078713077083,3.86805581322405,13.6149333211937,-22.0478223386197,-2.20839437468445,7.92876227140918,2.19351306102776,-22.8476532567225,-2.64890039808904,-54.6277878757327,-11.827664122119,9.96679584474742,4.51162009457047,25.1312203113515,15.2993915031528,50.6388666831219,-26.4437184973064,-11.8502025409455,6.92583638301022,0.0328736862496681,29.4529944386633,208.673359213795,-52.5838152100528,2.71206746789135,6.43295930421841,3.91101181528156,22.5437185388593,208.91413946747,NaN,NaN,NaN,0,0,0
74.54,-1.87142038030437,37.03506015298,54.1069580291104,-23.324454848191,19.2831510797373,21.8730969388319,-11.0723151872704,-53.0692614944415,-89.790860135972,-57.8170340020003,152.204685619319,187.69049895914,-9.44225389643636,8.92268216144789,-0.321787521779328,8.10174092140722,10.100600392318,-37.8373076071751,-6.65876669484222,6.51297838929494,0.945314189913677,3.43987118055678,12.4835551116538,-19.2557264298496,-2.14489694330928,7.8811018900162,2.15252254502829,-21.2449324324575,-2.54822061296065,-48.9423287636619,-11.6397800609443,9.85834469329578,4.45319933147115,22.7300390053962,13.6007368967768,43.7054323268429,-26.2706387266616,-11.3172288133509,7.11180562827179,0.583401234212143,26.5116886363988,189.350360466238,-53.6009186220788,2.3925941583315,7.07882067104858,5.04700042566877,20.7320456325163,189.246285706266,NaN,NaN,NaN,0,0,0
74.545,-1.70651162427521,32.9817512058618,50.8263684447365,-23.2350559209576,17.8797854467013,21.9707630619215,-11.3022504730002,-45.9870571460075,-81.5423016168178,-57.121441079794,139.118584441391,184.990907308152,-9.15403349197514,8.83505502247258,-0.328579303576488,7.21886716251933,9.17313714706394,-33.7048548973699,-6.3725808591831,6.52278165439365,0.941686121152186,3.01399772104012,11.277597902773,-16.6168068495263,-2.08852108935567,7.86786953166283,2.1105204393885,-19.4109196767092,-2.38567504414499,-43.2108078480819,-11.2405733366229,9.77005958454596,4.34778569859934,20.252005897497,11.9159853165751,37.2683363025664,-25.7936892034316,-10.5379942733263,7.16314944868781,0.975902830041061,23.5044926844559,169.356656260407,-53.6181857987153,2.24251064683549,7.53221882980021,5.74441074453036,18.7762917687722,168.836967661331,NaN,NaN,NaN,0,0,0
74.55,-1.56164236242547,28.9738523699755,47.2897493714798,-23.153575727379,16.2960387157247,21.7011363248043,-11.4990244824146,-39.3548018829221,-73.4048365260381,-56.4960162338284,125.084969193229,179.555408261563,-8.72828650180062,8.78491997211465,-0.312600781245096,6.3342001574488,8.20005859212581,-29.5942513561908,-6.07015018292637,6.59026129855572,0.933482934509723,2.5992846154044,10.0306932069205,-14.1517417143502,-2.04308101521434,7.88823930414807,2.0702354730968,-17.4178568326314,-2.17712093646763,-37.5638975231748,-10.6413136538658,9.69805084819007,4.19658211635361,17.7597021880267,10.2794779958178,31.3658871913075,-25.0229520610529,-9.53608693802216,7.08105638368951,1.2225468457351,20.5076003794437,149.169210780066,-52.6667050418337,2.26646731053054,7.78135991606667,6.052366784809,16.7337095545469,148.233934451464,NaN,NaN,NaN,0,0,0
74.555,-1.43625057984646,25.0783565157536,43.5524112990237,-23.0806322694222,14.5886915913233,21.0915182855942,-11.6651308148298,-33.2212664829684,-65.4605195746551,-55.9433025682062,110.542733124226,171.683328809035,-8.17730240284794,8.77022259292031,-0.275676096844476,5.46758257140401,7.20814643349005,-25.5805911631411,-5.75810360404572,6.71016919375774,0.921704338770574,2.20372396547206,8.77505436362537,-11.8785010022163,-2.01071794309124,7.9400606061825,2.03361882669742,-15.3379684616448,-1.93803323665188,-32.1192101659623,-9.85995582296624,9.63883787797836,4.00252942702193,15.3122565517856,8.72194522049182,26.0238160413941,-23.9801634277777,-8.34111778347785,6.87212054701042,1.34150241399712,17.5911830473289,129.245396829006,-50.809982676332,2.45891119087782,7.82536383370353,6.03026959215542,14.6607115741173,127.947903716885,NaN,NaN,NaN,0,0,0
74.56,-1.32946169033759,21.3577779017927,39.6748919222297,-23.0165562339423,12.8152070960009,20.1768159747145,-11.8032524799201,-27.6243330180821,-57.7863056304634,-55.4637204362674,95.9164263878512,161.721234386691,-7.51748139485858,8.7876972194825,-0.220371922634329,4.63679039744868,6.22286750423172,-21.7350162232927,-5.44272649979511,6.87563615622654,0.907088629166315,1.83419340053724,7.54082648686439,-9.8114774874394,-1.99199048108915,8.01994532042943,2.00186005241801,-13.2406553225583,-1.6829131481275,-26.9784960026905,-8.92060905724978,9.58942761786112,3.77025596954286,12.9633363177276,7.26941006741254,21.2553740490303,-22.6978451410895,-6.98786741152052,6.54803197197319,1.35497314739432,14.8169978437395,110.008760397555,-48.1419013736947,2.80475943735973,7.67392790552707,5.7435598072386,12.6110891969827,108.438213240373,NaN,NaN,NaN,0,0,0
74.565,-1.24012152045929,17.8680339756764,35.7211976556807,-22.9613981621402,11.0316143604252,18.998583704275,-11.9162034854289,-22.5902011017829,-50.452723974765,-55.0557097114603,81.6021449614968,150.05196826532,-5.03308112309732,9.03836586558949,0.0362719119991596,3.85714923850847,5.26779541011882,-18.1218858208158,-4.64862736258002,7.58837158621211,0.841882158242035,1.49623832187223,6.35543313687477,-7.96076898676388,-2.01514016796555,8.41193045495106,1.95397456962664,-11.1898826643982,-1.42477287284414,-22.225406421801,-5.40711863001641,9.49317874876689,2.88199934044973,10.7594026798794,5.94240587481637,17.0617385115647,-17.7715459584236,-2.56630745287649,4.90685637207557,1.28714163818585,12.2365660109729,91.8358053830536,-35.4510239915893,4.66373444509968,5.8261759011576,5.25961785020943,10.6343089000076,90.1004854506474,NaN,NaN,NaN,0,0,0
74.57,-1.16683891115163,14.656521861546,31.756871137359,-22.9149461594643,9.29040053519251,17.6037595055026,-12.0068677619234,-18.1328552989109,-43.5226109771831,-54.7159375928344,67.9544237252308,137.082441965478,-2.90970348364291,9.27370051137391,0.259994975920188,3.47955181436178,4.80096534615893,-16.3813354379397,-4.01504163303985,8.20720825723845,0.783484856885329,1.33439993372743,5.77823725266299,-7.09037046026521,-2.05139536537935,8.75509898676532,1.92449701923592,-10.1803341937504,-1.30399344598285,-19.9551512629915,-2.39373192507767,9.41661512374209,2.11606662832945,9.70299521536887,5.30853648038788,15.1083344965987,-13.5094946807101,1.15190555130391,3.45343943030551,1.25211858163408,11.0442739291485,83.0487424421181,-24.2493014155179,6.31186442743165,4.09915975007293,5.00181132900018,9.707265084034,81.2594844821306,NaN,NaN,NaN,0,0,0
