time,hip_flexion_l_power,hip_adduction_l_power,hip_rotation_l_power,knee_angle_l_power,ankle_angle_l_power,subtalar_angle_l_power,hip_flexion_r_power,hip_adduction_r_power,hip_rotation_r_power,knee_angle_r_power,ankle_angle_r_power,subtalar_angle_r_power
33.6,NaN,NaN,NaN,NaN,NaN,NaN,-0.217234468697522,0.00359105776876288,-0.000981233178687962,-0.069741409966042,-0.00773057596100457,-0.000625053642566551
33.605,NaN,NaN,NaN,NaN,NaN,NaN,-0.172026988251084,0.0029362393950152,-0.00280607244817277,-0.132570794835339,-0.00583916253495337,-0.00148679556327559
33.61,NaN,NaN,NaN,NaN,NaN,NaN,-0.129955082846881,0.00232579208721035,-0.00473032437104724,-0.190260278576998,-0.00406372860639384,-0.00214140964576505
33.615,NaN,NaN,NaN,NaN,NaN,NaN,-0.0892806344931754,0.00172785275494585,-0.00670324214808341,-0.242742352222643,-0.00227240459769871,-0.00253101172154216
33.62,NaN,NaN,NaN,NaN,NaN,NaN,-0.0503010758924845,0.00115908969117281,-0.00867067095748059,-0.288146039606001,-0.000528843515199085,-0.0026161337498321
33.625,NaN,NaN,NaN,NaN,NaN,NaN,-0.0130988384031151,0.000635016581176774,-0.010574667124498,-0.325165145774387,0.00107509322589205,-0.00237793155138515
33.63,NaN,NaN,NaN,NaN,NaN,NaN,0.025622762475265,0.000169249878271283,-0.0123559418036392,-0.355822712126569,0.0024265409697545,-0.00182048198794194
33.635,NaN,NaN,NaN,NaN,NaN,NaN,0.0621572131209813,-0.000227251627715633,-0.0139565986543443,-0.376120823401722,0.00340478522687824,-0.000971255940811597
33.64,NaN,NaN,NaN,NaN,NaN,NaN,0.0962161249009877,-0.000546892095016021,-0.0153230074054647,-0.385939511148239,0.00389925864495509,0.000120317001357558
33.645,NaN,NaN,NaN,NaN,NaN,NaN,0.127425949642352,-0.000786000643667447,-0.016408628449909,-0.385616098363479,0.00383031066248056,0.00138610152296611
33.65,NaN,NaN,NaN,NaN,NaN,NaN,0.150361256585809,-0.000945159781886287,-0.0171765903946238,-0.370480598778182,0.00316990582610441,0.00274407183286726
33.655,NaN,NaN,NaN,NaN,NaN,NaN,0.16721022596334,-0.00102922254300695,-0.0176018261120273,-0.346181485761573,0.00195895754897834,0.00410429572393868
33.66,NaN,NaN,NaN,NaN,NaN,NaN,0.179186398780802,-0.00104696761380119,-0.0176725951530234,-0.316297547791526,0.000317972792758477,0.00537559602453068
33.665,NaN,NaN,NaN,NaN,NaN,NaN,0.185768424494619,-0.00101038049928067,-0.0173912611873226,-0.28234023744989,-0.00155188719853995,0.00647234885644466
33.67,NaN,NaN,NaN,NaN,NaN,NaN,0.190237141449223,-0.000933594968817771,-0.016774249814476,-0.247850292369824,-0.00337934989624207,0.00732088080863198
33.675,NaN,NaN,NaN,NaN,NaN,NaN,0.189319917350312,-0.000831577050154814,-0.015851179627073,-0.211892187555355,-0.00484595185524769,0.00786497897857681
33.68,NaN,NaN,NaN,NaN,NaN,NaN,0.182585304310868,-0.000718677306540564,-0.0146632308027724,-0.175599689454024,-0.00562061951351689,0.00807012086653251
33.685,NaN,NaN,NaN,NaN,NaN,NaN,0.170222289190544,-0.000607209501166571,-0.0132608824479316,-0.140193872121419,-0.00540362431870119,0.00792615333167622
33.69,NaN,NaN,NaN,NaN,NaN,NaN,0.156338948662955,-0.000506229084593835,-0.011701203751163,-0.107604914703907,-0.00397616510104562,0.00744828679667199
33.695,NaN,NaN,NaN,NaN,NaN,NaN,0.138863095202009,-0.000420678848369757,-0.0100449169317457,-0.0773630879508893,-0.00125066379689816,0.00667640754876908
33.7,NaN,NaN,NaN,NaN,NaN,NaN,0.118070309878419,-0.000351039636508263,-0.00835345642157643,-0.049935633708865,0.0026838493504417,0.0056728334932656
33.705,NaN,NaN,NaN,NaN,NaN,NaN,0.0950804583481595,-0.000293572307592795,-0.00668622661114744,-0.0258132069834924,0.00752701917148562,0.00451873618322692
33.71,NaN,NaN,NaN,NaN,NaN,NaN,0.0691288864782263,-0.00024116747064965,-0.00509821199352432,-0.00529016346274114,0.0127483746692293,0.00330951775429928
33.715,NaN,NaN,NaN,NaN,NaN,NaN,0.0426303915089367,-0.000184738962947198,-0.00363802518872227,0.0112639972728603,0.0175885948865137,0.00214946382302655
33.72,NaN,NaN,NaN,NaN,NaN,NaN,0.017843142454536,-0.000115014801069492,-0.0023464003137038,0.0238213014124806,0.0210832927364663,0.00114599549022188
33.725,NaN,NaN,NaN,NaN,NaN,NaN,-0.00392066029514767,-2.45058866315999e-05,-0.00125506387609621,0.0325165571396619,0.0221097113903347,0.000403822095700325
33.73,NaN,NaN,NaN,NaN,NaN,NaN,-0.0214958200790862,9.0621110096888e-05,-0.000385855465200483,0.0375821412493611,0.01945446343302,1.92601440176384e-05
33.735,NaN,NaN,NaN,NaN,NaN,NaN,-0.033821954114154,0.000229064450215077,0.000250063126301542,0.0392861773178278,0.011898211257755,7.49418478273053e-05
33.74,NaN,NaN,NaN,NaN,NaN,NaN,-0.0402587960371082,0.000383585826535623,0.000653071673956838,0.0380488976619662,-0.00168877490499249,0.000635096421145267
33.745,NaN,NaN,NaN,NaN,NaN,NaN,-0.0404974468274862,0.000541115071183376,0.000836153000071751,0.0344049000897197,-0.0222477200296289,0.00174155333447011
33.75,NaN,NaN,NaN,NaN,NaN,NaN,-0.0344812541720248,0.000683891803706985,0.000826206483989042,0.0289431219342161,-0.0504374624122511,0.00341059093044722
33.755,NaN,NaN,NaN,NaN,NaN,NaN,-0.0222300452741504,0.000791641538259051,0.000665571289279077,0.0225195023658666,-0.0865539884824594,0.0056307350264045
33.76,NaN,NaN,NaN,NaN,NaN,NaN,-0.0044120693450064,0.00084462752470954,0.000413606744863151,0.0157193199540156,-0.130471036172645,0.00836159719391798
33.765,NaN,NaN,NaN,NaN,NaN,NaN,0.0180717350719501,0.000827258339350254,0.00014806940899162,0.00922615427455489,-0.181607923954552,0.0115338268768557
33.77,NaN,NaN,NaN,NaN,NaN,NaN,0.0443155486628225,0.000731786739623402,-3.40617292944463e-05,0.00389201901398405,-0.238928651595723,0.0150502308258236
33.775,NaN,NaN,NaN,NaN,NaN,NaN,0.0746869634222191,0.000561530467085079,-1.67118979720786e-05,0.000640518306728134,-0.300973782292317,0.0187880838176503
33.78,NaN,NaN,NaN,NaN,NaN,NaN,0.106545062910894,0.000333001435241051,0.000333809886434021,0.000111989557078702,-0.365923887204058,0.0226026141414936
33.785,NaN,NaN,NaN,NaN,NaN,NaN,0.138865587023117,7.63616919801058e-05,0.00116563495128118,0.00316902793336135,-0.431690664393254,0.0263315954834888
33.79,NaN,NaN,NaN,NaN,NaN,NaN,0.171595196393663,-0.000166259972989426,0.00263623733867482,0.0105096680195762,-0.496029481698723,0.029800915345305
33.795,NaN,NaN,NaN,NaN,NaN,NaN,0.204317805118417,-0.000344860964086535,0.00490536041644877,0.0226485389212698,-0.556665256958141,0.032830923389641
33.8,NaN,NaN,NaN,NaN,NaN,NaN,0.235278564633533,-0.000408075321156015,0.00812612400024728,0.0403634076348823,-0.611422451083673,0.035243298408742
33.805,NaN,NaN,NaN,NaN,NaN,NaN,0.264276412691744,-0.000311805610041029,0.0124346956515704,0.0642259232263247,-0.658349615405567,0.0368681192343383
33.81,NaN,NaN,NaN,NaN,NaN,NaN,0.290814884520915,-2.93670722451162e-05,0.0179391281475517,0.0953569786515994,-0.69582943113045,0.0375507921208728
33.815,NaN,NaN,NaN,NaN,NaN,NaN,0.315126592876306,0.000437749817012346,0.0247081469192294,0.134657780626973,-0.722666449401212,0.0371584818646947
33.82,NaN,NaN,NaN,NaN,NaN,NaN,0.338521232244698,0.00104961006062412,0.0327607913161425,0.181699345571707,-0.738146651474872,0.0355857189602817
33.825,NaN,NaN,NaN,NaN,NaN,NaN,0.361744444768493,0.00171928635380473,0.0420578522911383,0.236671202151448,-0.742065303687645,0.0327589085969468
33.83,NaN,NaN,NaN,NaN,NaN,NaN,0.389427486716054,0.00230725061555733,0.0524959953299649,0.299301500611364,-0.734722145638138,0.028639543655935
33.835,NaN,NaN,NaN,NaN,NaN,NaN,0.419832720137815,0.00261977269142905,0.0639053102375075,0.369843336972804,-0.716885475464622,0.0232260151654006
33.84,NaN,NaN,NaN,NaN,NaN,NaN,0.453070209249215,0.00241210828773685,0.0760507986608215,0.448409443437012,-0.689728952918695,0.0165540108901142
33.845,NaN,NaN,NaN,NaN,NaN,NaN,0.490319282697422,0.00139685766477271,0.0886380159908866,0.534970917388127,-0.654746740104799,0.00869558652300358
33.85,NaN,NaN,NaN,NaN,NaN,NaN,0.531786327320235,-0.000742601634833925,0.101322754475661,0.629037997699916,-0.61365381203789,-0.000242924660180702
33.855,NaN,NaN,NaN,NaN,NaN,NaN,0.579279575149095,-0.00433421174922305,0.113724321564719,0.730788735531376,-0.568278835327667,-0.0101239365284961
33.86,NaN,NaN,NaN,NaN,NaN,NaN,0.633757985652861,-0.00969594559950953,0.125441664985766,0.840056344132602,-0.520456944500677,-0.0207823063760563
33.865,NaN,NaN,NaN,NaN,NaN,NaN,0.695931301264807,-0.0171126166921768,0.136071353943724,0.956546478916416,-0.471929114662099,-0.0320294324730347
33.87,NaN,NaN,NaN,NaN,NaN,NaN,0.765969459480654,-0.0268125447082857,0.145226267708403,1.0777696076936,-0.424253755947503,-0.0436575027450933
33.875,NaN,NaN,NaN,NaN,NaN,NaN,0.844467549964497,-0.0389459450054961,0.152553783270383,1.20496798590514,-0.378734787176729,-0.0554436884795514
33.88,NaN,NaN,NaN,NaN,NaN,NaN,0.931475654282765,-0.0535668431814274,0.157752296847449,1.33742555307555,-0.336368939584191,-0.0671541387798357
33.885,NaN,NaN,NaN,NaN,NaN,NaN,1.02580714427799,-0.0706200740093571,0.160585053404303,1.47412207866433,-0.297813543227498,-0.0785477034372621
33.89,NaN,NaN,NaN,NaN,NaN,NaN,1.12549539003518,-0.0899345301405337,0.160890478100703,1.61379874753815,-0.263374681252695,-0.0893793856796285
33.895,NaN,NaN,NaN,NaN,NaN,NaN,1.231760520849,-0.111223319844759,0.158588480400401,1.7554986025746,-0.233014449409501,-0.0994035938335839
33.9,NaN,NaN,NaN,NaN,NaN,NaN,1.34354789884074,-0.134090926999124,0.153682507538331,1.89782838443512,-0.206375180958457,-0.108377315243636
33.905,NaN,NaN,NaN,NaN,NaN,NaN,1.45544589382353,-0.158046898881675,0.146257429865151,2.03744112690231,-0.182817904426355,-0.116063371345016
33.91,NaN,NaN,NaN,NaN,NaN,NaN,1.56195729047562,-0.182525075401615,0.136473618996189,2.17102562724304,-0.161471976023213,-0.122233925912541
33.915,0.757999023423919,-0.00708249437861341,0.00157406659219478,0.500594854122483,-0.0327076260239313,0.0035781947728149,1.66774542131893,-0.20690696667382,0.124557808456601,2.29973675405073,-0.141292729176514,-0.126674407269231
33.92,0.701908142932035,-0.00727784640122934,0.00155636289537583,0.516104368278085,-0.0203177312062645,0.0036936323038809,1.77085605927805,-0.230547620429153,0.110791490476174,2.42180209418079,-0.121124056310576,-0.129187969410269
33.925,0.651225019652983,-0.00743882851866726,0.00133744155838871,0.53095114006495,-0.00854566994217508,0.00368509146238253,1.8627674628426,-0.252802215771245,0.0954976944749173,2.53502990880198,-0.0997630246081038,-0.129600558183419
33.93,0.603325057745185,-0.0075453640260927,0.000947613531710585,0.543444394393122,0.00243289764968137,0.00355198601326765,1.94389291970461,-0.273051676041301,0.0790270129517285,2.63787989177126,-0.0760238746792759,-0.127766570437053
33.935,0.555885458377019,-0.00757614760997525,0.000425111797664487,0.551963895513919,0.0124586947269165,0.00329734220736997,2.01511643492256,-0.290725794457074,0.0617436958267171,2.7289268224656,-0.0487990168153108,-0.123575001925469
33.94,0.509824778960069,-0.00750981552221971,-0.000186084246060794,0.555727670862279,0.0213938156239526,0.00292823098430749,2.07456895423172,-0.305322680766028,0.0440125365813749,2.80667949187253,-0.0171148971880381,-0.116955880994824
33.945,0.465022981027623,-0.0073263519072447,-0.00083869849070251,0.550347900590669,0.029126719556884,0.00245602025563045,2.14198561671769,-0.316423724649204,0.0261871376143396,2.88542854177414,0.0198191535908654,-0.107886688190617
33.95,0.422975140128428,-0.00700866451567403,-0.00148474373769705,0.538609044931251,0.0355768622124327,0.0018963821364452,2.19926414446224,-0.323703687270605,0.00859998398928376,2.95175073726932,0.0625707476494439,-0.0963983761453624
33.955,0.384322884844834,-0.0065442368266235,-0.00207809845871805,0.52070294193136,0.0406985571298006,0.00126900966648026,2.24257005332528,-0.32693593307237,-0.00844541062073027,3.00274660136012,0.111454361515994,-0.0825805386266073
33.96,0.349437806756401,-0.00592674276810392,-0.00257693236776054,0.496558133220961,0.0444836617510666,0.000597023839021297,2.27101556499016,-0.325993162792086,-0.0246801814403059,3.03763865149956,0.166512494473145,-0.0665852409196734
33.965,0.323975334465364,-0.00515749745337935,-0.00294585000922415,0.467831365161901,0.0469627321123434,-9.3918220679299e-05,2.26174924761423,-0.320844278465237,-0.0398736527250876,3.03681736591863,0.227508866103436,-0.048629022886432
33.97,0.302621098877139,-0.00424661463620137,-0.00315764145475082,0.433410374732586,0.0482043830220828,-0.00077677259095621,2.23475269427635,-0.311548186183154,-0.0538349005993782,3.01702944673034,0.293934035443319,-0.0289926262167229
33.975,0.285091102914394,-0.00321374997949946,-0.00319455599426322,0.393813647556758,0.048312719639578,-0.00142444640617063,2.19148439754653,-0.298245418588727,-0.0664125931297753,2.97913123174783,0.365023321003308,-0.00801808101095129
33.98,0.271253186302177,-0.0020883286788127,-0.00304904631374092,0.349824123704071,0.0474228595343014,-0.00201123337416037,2.13282653036447,-0.281148442735123,-0.0774934284595509,2.92340493652607,0.43978632949957,0.0138970871915719
33.985,0.260897234888342,-0.000909185316165791,-0.00272396453497925,0.302389149204206,0.0456947262633444,-0.00251424237889266,2.06001654622209,-0.260531424375803,-0.0869995297132684,2.85038109313842,0.517046793617858,0.0363086057587826
33.99,0.260500053826719,0.000276419110393333,-0.0022322249258433,0.258420811738637,0.0433054493978395,-0.00291471042878587,1.9744498249737,-0.2367200672825,-0.0948851657297174,2.74434980332516,0.595490821535676,0.0587370439448217
33.995,0.265864874383492,0.00141439612420309,-0.00159597848207326,0.215499593683458,0.0404408352251811,-0.00319909705783783,1.87794900476811,-0.210081959812562,-0.101133151463928,2.61423569496454,0.673721127883524,0.0806819231170805
34,0.273398396276147,0.00244599438694152,-0.000845369797190679,0.171892727388111,0.0372864626861297,-0.00335987256180653,1.77247890746676,-0.181017666135503,-0.105751244282153,2.46903984072981,0.750314404223886,0.101637826235445
34.005,0.282768735887143,0.00331043820019354,-1.69652175718958e-05,0.128731192233272,0.0340189999615169,-0.00339593565101514,1.66001797593049,-0.149952620524991,-0.108768796578263,2.31025619007385,0.823878748595703,0.121111801363173
34.01,0.28423522997687,0.00394791176463602,0.000848047493830616,0.0813674627433247,0.0307983231672262,-0.00331262497311504,1.56045341833584,-0.117329739887237,-0.11023385600763,2.17291561507823,0.893108046029068,0.138641207265616
34.015,0.282784612300102,0.00430273268981213,0.00170578393569272,0.0344882822039901,0.0277609504558719,-0.00312132075218386,1.46623667323227,-0.0836025752326725,-0.11021082725261,2.04205204900523,0.956830391617151,0.153811054370135
34.02,0.282595334715775,0.00432653985937807,0.00251161128743117,-0.00813269550321786,0.0250151890896469,-0.00283866454810027,1.37036383685631,-0.0492287818680638,-0.108778728897917,1.90343412279737,1.01404806581895,0.166269863826238
34.025,0.283258733864258,0.00398131348667703,0.00322202787386833,-0.0457499442881198,0.0226382417650767,-0.00248545400964601,1.27422464088532,-0.0146636978543677,-0.106030001382162,1.7586833255059,1.06396717473161,0.175743108818253
34.03,0.280559895115419,0.00324204922816475,0.00379639532177751,-0.0724830809499739,0.0206753477584005,-0.00208529301652352,1.19448233552672,0.0196461275974165,-0.102069753152491,1.59407549150346,1.10601580304111,0.182043417344687
34.035,0.277226143373774,0.00209892293147983,0.00419846066228255,-0.0929515548583203,0.0191408627102205,-0.00166309394245074,1.11945676602874,0.0532695312913579,-0.0970152779961268,1.42336730643211,1.13985032843764,0.185076899102614
34.04,0.273614938596285,0.000558806753796328,0.00439762292475098,-0.108133913812964,0.0180210266100323,-0.0012435368579572,1.04662137448075,0.0857974344416839,-0.090995641942134,1.25136159387197,1.16535034259221,0.184845198510071
34.045,0.269294089045587,-0.00135397064294351,0.00436991559052138,-0.118029709697531,0.0172780492727031,-0.000849590093961384,0.976456525488594,0.116849516103393,-0.0841511261631909,1.07965047542588,1.18260334705533,0.181443152711966
34.05,0.264065021222564,-0.00359768923928983,0.00409869165203726,-0.127498299957726,0.0168550687886659,-0.000501188272547156,0.899581613086612,0.146080646515403,-0.0766323237818821,0.935959108313011,1.19188098377255,0.175052224657033
34.055,0.257296652914871,-0.00611415585470479,0.00357501128069113,-0.131618173615267,0.0166815179108883,-0.000214148921028373,0.825477351314087,0.173186802196932,-0.0685987220662062,0.797206319329982,1.19360897534301,0.165930161755581
34.06,0.24858244889153,-0.00883045964639139,0.00279774292767135,-0.130510399014682,0.0166784663105914,6.11160562404175e-07,0.754872294213524,0.197910156301495,-0.0602166540303274,0.662745816803452,1.18833316541778,0.154397575273482
34.065,0.238703840981775,-0.0116615059904119,0.00177339706023142,-0.124892024620907,0.0167635864278696,0.000137521534550234,0.686784747788982,0.220043047514639,-0.0516565703078589,0.536258077137717,1.17668406345148,0.140822322560655
34.07,0.228518649129509,-0.0145132288222483,0.000515717947755627,-0.11553297868669,0.0168555043914718,0.000196451413369157,0.620141514444421,0.239430577011996,-0.0430896574342605,0.42147732599108,1.1593421310191,0.125602686960891
34.075,0.215353465892299,-0.0172863444591694,-0.000954936549009127,-0.102945465309113,0.0168774275956977,0.000182459265560286,0.55671819437306,0.255971660236317,-0.0346839053991997,0.313647896621146,1.13700573554489,0.109150379449949
34.08,0.199022644400967,-0.0198804785198426,-0.00261239380217587,-0.0879621117861434,0.0167600668887709,0.00010522803378094,0.496313020645674,0.269618460431602,-0.0265997979981935,0.213364530195797,1.11036328606761,0.0918743305369981
34.085,0.181074232986322,-0.0221984734146743,-0.00442560768896598,-0.0712998614626994,0.0164439739880479,-2.17675573575168e-05,0.439518335387659,0.280374243738713,-0.0189858569284807,0.12698420018738,1.08007060138114,0.0741661082179726
34.09,0.160589626271476,-0.0241506684693176,-0.0063597037646423,-0.0539735498427438,0.015881476772242,-0.000182301965836419,0.385724122855259,0.288289809150835,-0.0119743087437865,0.0517058472964683,1.04673408839793,0.0563876034199528
34.095,0.13685404636428,-0.0256589392595209,-0.00837708779425249,-0.0369066944876061,0.0150384053266931,-0.000358579463645191,0.334403246880888,0.293458747833379,-0.00567715852056821,-0.0152546559870529,1.0108998658629,0.0388613904826249
34.1,0.109993106846343,-0.026660287973057,-0.0104385756965314,-0.0208922188686776,0.0138957566771865,-0.000532480931319106,0.285214421649074,0.29601186308811,-0.000182943331841352,-0.0752854459106866,0.973048581865321,0.0218639225645042
34.105,0.0786854578684109,-0.0271097928759877,-0.0125045025294428,-0.00665611798962756,0.0124513516371765,-0.000686802197843659,0.233925063325249,0.296111125105272,0.00444559736615405,-0.151102655362469,0.933595355887413,0.00562148683170356
34.11,0.0453089240727217,-0.026982752015388,-0.0145357692348755,0.00510329810267515,0.0107214076260835,-0.000806411634746194,0.185171132670743,0.293943538327955,0.00817275585621104,-0.218583423870985,0.892894029211162,-0.00969135418944272
34.115,0.010472481525129,-0.0262758933537709,-0.0164947890315264,0.0138299723638177,0.0087418088204934,-0.000879260149029163,0.139030384011732,0.289715263429275,0.0109898922399646,-0.278050587461927,0.851244725939958,-0.0239512520161155
34.12,-0.0251109796726012,-0.0250075692344362,-0.0183463010671997,0.0190742356363767,0.00656872675528802,-0.000897184977708247,0.0956317671007118,0.283646265098444,0.0129142564957619,-0.329923032863605,0.808903601559522,-0.0370839863365483
34.125,-0.0593147940678924,-0.0232169054615127,-0.0200580274214876,0.0202441133000673,0.00427815909825738,-0.000856459510155889,0.0587886576211903,0.275965659709591,0.0139866694920452,-0.358925526146871,0.766093577371315,-0.0490613063344642
34.13,-0.0921966647324593,-0.0209619318334872,-0.0216011606099792,0.0171110551802275,0.00196393751131189,-0.000758054472501505,0.0264554702067922,0.266907825332076,0.0142682188050576,-0.375389820474328,0.723014821087274,-0.0598971482518759
34.135,-0.123462288016508,-0.018316778729204,-0.0229506817664179,0.00967504454218688,-0.00026617424586118,-0.0006075908311165,-0.00270727690488121,0.256709224271483,0.0138361941375937,-0.386740442264853,0.679853737196003,-0.0696435773303988
34.14,-0.152239505086476,-0.0153680799891592,-0.0240855236349116,-0.00202078442709372,-0.00229650623015484,-0.000414981198716439,-0.028501532072334,0.245605789608068,0.0127795358311923,-0.393724523646127,0.636789284846741,-0.078386674020577
34.145,-0.177024261172582,-0.012210772272866,-0.0249886059940238,-0.0190468914881982,-0.00401159434134723,-0.000193773676709923,-0.0418108412005584,0.233830654269626,0.0111940943013657,-0.387337989293792,0.593995561654118,-0.0862424511800023
34.15,-0.197637783222821,-0.00894352160052396,-0.0256467824841011,-0.0405288436006993,-0.0053060227898911,3.97708926844562e-05,-0.0493788513614282,0.221611962240589,0.00917799678313264,-0.375986350369847,0.551639796035142,-0.0933527718265287
34.155,-0.213620532832451,-0.00566403537651779,-0.0260507452324571,-0.0657697044477821,-0.00609529419014567,0.00026782126284885,-0.0536328753890355,0.209170500156254,0.00682739194706876,-0.363114106517093,0.509875192728496,-0.0998811521191746
34.16,-0.224458501173,-0.00246452987564107,-0.026194935564889,-0.0942832772654156,-0.00632669513836543,0.000472276519671391,-0.0546332839454538,0.196716923600847,0.00423279668920269,-0.349397734926731,0.468828485053169,-0.106008291228858
34.165,-0.231264565697463,0.000572383097012924,-0.0260775043937285,-0.122953970801172,-0.00598886667092844,0.000636152326995652,-0.0650127112543339,0.184448422933206,0.00147620859611664,-0.359509551139982,0.428582563820404,-0.111927170786205
34.17,-0.23242490355824,0.00337715171971271,-0.0257003543382856,-0.152922768068797,-0.00511865375309702,0.00074497098357535,-0.0745844002853459,0.172544772670049,-0.00137092083155368,-0.372737507679731,0.389155163585785,-0.117837606294161
34.175,-0.227628361385169,0.00589588642108491,-0.0250692779531878,-0.184128485429353,-0.00380384030531103,0.000788067928901061,-0.0809606654873025,0.161163827615175,-0.00424882611414961,-0.383924410834716,0.350475260299151,-0.123940199298683
34.18,-0.217101232717935,0.00809197266921096,-0.0241941842233801,-0.215986610274271,-0.00218060533715461,0.000759724968054629,-0.0845104764172926,0.15043665655685,-0.00710971805888878,-0.393053567065292,0.312359517589033,-0.13042971586146
34.185,-0.201137752735655,0.00994662936440471,-0.0230893811849556,-0.24898976557665,-0.000424968986759313,0.000660041606187618,-0.0813502157616917,0.140462627254779,-0.0099173140446469,-0.392886097244955,0.274491740299698,-0.137487986730257
34.19,-0.180409310192111,0.0114584260672782,-0.0217738592874567,-0.282536109044122,0.00126188398499494,0.000495460821505022,-0.0726581415410895,0.131304860747476,-0.0126457365634975,-0.384992102706209,0.236408768696074,-0.145276473331694
34.195,-0.155820982209374,0.0126418508458159,-0.0202715014218677,-0.315071690589837,0.00267375787574593,0.000278874903442599,-0.0630558369793591,0.122986545040339,-0.0152779315783499,-0.376082008534787,0.19749648461957,-0.153928663110694
34.2,-0.128272059960239,0.0135250923317174,-0.0186111347739,-0.346047580024678,0.00362360730683706,2.92513805919388e-05,-0.0530738839538889,0.11548862544153,-0.0178037669260505,-0.365864725599102,0.156999515382573,-0.163542447100764
34.205,-0.09876103849617,0.0141472573548852,-0.0168263396066744,-0.374359482315438,0.00396943950420244,-0.000229260608044599,-0.0444860619108043,0.108749361476969,-0.0202179670550289,-0.355068867335147,0.114047741839627,-0.174172599123899
34.21,-0.068331933736172,0.0145552825607327,-0.0149549425370837,-0.398477348151812,0.00363902715047796,-0.000468756158598271,-0.0398348780122302,0.102666153558553,-0.0225180268906173,-0.344836885989941,0.0677018029621654,-0.185823434509303
34.215,-0.0380062483138853,0.0148008093329546,-0.0130381472810506,-0.419733429495649,0.00265007699166828,-0.000659511341834571,-0.0357583950846385,0.0970998978581576,-0.0247022281704402,-0.331546927645355,0.0170184411310421,-0.198441697551301
34.22,-0.00878165336693809,0.0149372729103455,-0.0111192928172748,-0.437817348272339,0.0011224080887377,-0.000772368928684249,-0.0325386041727044,0.091881933495847,-0.0267678597665224,-0.314896400113838,-0.0388651998323542,-0.211909734136636
34.225,0.0184400081174983,0.0150174085025016,-0.00924227396383566,-0.452476329341596,-0.000720997438553726,-0.000781465469270863,-0.0303654691719427,0.086823417135257,-0.028709722219022,-0.294658624120759,-0.100631227057972,-0.226039068260316
34.23,0.0428989937521949,0.0150913028085074,-0.00744970707021066,-0.463518215032721,-0.00256647045626059,-0.000667143975073513,-0.0293320139365365,0.0817267169758833,-0.0305189776855954,-0.270701816326147,-0.168669653335756,-0.240564627543057
34.235,0.0639871582996503,0.015205025987397,-0.00578096729754406,-0.470854158042038,-0.00403690895652282,-0.000418850006561414,-0.0307018800101517,0.0763981854413482,-0.0321823902029351,-0.242859959483692,-0.242963197811395,-0.255140047946351
34.24,0.0812918431776754,0.0153997780768049,-0.004270256989263,-0.474437154493617,-0.00473357424008353,-3.776941194032e-05,-0.0347133692009858,0.0706614736772983,-0.0336819869703078,-0.211252477155289,-0.322977191939202,-0.269334711016706
34.245,0.0947265820568031,0.0157113894030352,-0.00294488087087549,-0.474219576294813,-0.00429048778182519,0.00046106068763938,-0.0392430592948731,0.0643704163974318,-0.0349951581147265,-0.176341467781841,-0.407564859432989,-0.28263339489305
34.25,0.10442956872325,0.0161699423859571,-0.00182389873199301,-0.470288280002958,-0.00243772892747471,0.00104744357806611,-0.0440506356488151,0.0574204640855638,-0.0360951987221041,-0.138448736628013,-0.494898824614989,-0.294439611603127
34.255,0.110790517446416,0.0167992472162708,-0.000917297470103916,-0.462794650657495,0.000931683843043102,0.00167577589767182,-0.0488678781803688,0.0497576858379486,-0.0369522815519332,-0.098002128739828,-0.582439386483045,-0.304083812996416
34.26,0.114261761515141,0.017615917735043,-0.000225772357635462,-0.451269494413368,0.00569791744638443,0.00228607413787938,-0.0545705540067325,0.0413845150724911,-0.0375348307918931,-0.055778260029647,-0.666948763412579,-0.310837631387366
34.265,0.115834785684799,0.0186278622765445,0.000258864009241042,-0.436820688521696,0.0114607798947842,0.00280640996528544,-0.0593866990230514,0.0323616544796403,-0.0378112459325916,-0.0115414160153983,-0.744558143555247,-0.313935138595703
34.27,0.116537251591995,0.0198321253191286,0.000552709879136238,-0.419814201903091,0.0175038796973005,0.00315678350725782,-0.0629694737321045,0.0228058758396421,-0.0377519006490272,0.0341050405153364,-0.810891051249318,-0.312601730447713
34.275,0.117524343660557,0.0212121787080596,0.000678388790290142,-0.400654964789369,0.0227831275130726,0.00325433403456061,-0.0649833641337009,0.0128838138172798,-0.0373313158549225,0.0805668234415192,-0.86124244760903,-0.306090665968287
34.28,0.12002129399433,0.0227349462153374,0.000663472131521575,-0.379761788559007,0.0259446892060462,0.00301964373077621,-0.0651180578491256,0.00280222210558245,-0.0365303813105204,0.127288870415525,-0.89080840430356,-0.293726532816988
34.285,0.124404186787455,0.0243480249431194,0.000538979527353825,-0.356849152221988,0.0253752484514133,0.00238374562094973,-0.0629288276582649,-0.00720450679820076,-0.0353384795307642,0.17377868463786,-0.894956477256247,-0.274954025108595
34.29,0.132346297333641,0.0259777094810183,0.000338238234204097,-0.332818689379957,0.0192846269420659,0.00129531701595856,-0.0583714903206544,-0.0168885012066018,-0.0337553527914562,0.219633915782689,-0.86952246459989,-0.249389487295594
34.295,0.145160188329163,0.0275284971607514,9.63497826666292e-05,-0.308113385931368,0.0058176821733555,-0.000272558134246879,-0.0513379452613784,-0.0260030477338374,-0.0317925521320594,0.26455210513602,-0.811115482347523,-0.216871801760889
34.3,0.163746051294204,0.0288847271110639,-0.000149567946139374,-0.282816065350419,-0.0168107441060557,-0.00231672484046038,-0.0417277817676371,-0.0343164934000483,-0.0294743190644966,0.308333611703141,-0.717410634737137,-0.177508495034198
34.305,0.188721541714539,0.0299148639279684,-0.000359318082122919,-0.256768969409682,-0.0501668919123277,-0.0048000471825365,-0.0294770885402554,-0.0416243254122538,-0.0268377776029576,0.350977907601732,-0.587407336207959,-0.131712525099511
34.31,0.220178310470224,0.0304786753973627,-0.000487851122751919,-0.229385885554766,-0.0954464378211076,-0.0076498309885999,-0.0146078185103114,-0.0477585931795675,-0.0239323558754731,0.393073649033634,-0.421631798716045,-0.0802251911391315
34.315,0.258650425973338,0.030437188238409,-0.000483057914248059,-0.20038996636842,-0.153332716379614,-0.0107590097452836,0.00238851469964128,-0.0525941831199541,-0.0208184106643637,0.434124706644085,-0.22226443704876,-0.0241210461836055
34.32,0.304028382201889,0.0296648717463527,-0.000283564773565541,-0.168909911266314,-0.223877584597263,-0.0139903152076395,0.0212710731138869,-0.0560518518507747,-0.0175650906443474,0.474214833912396,0.00682308210299178,0.0352083834394127
34.325,0.355942514223336,0.0280630503404823,0.000182912397772457,-0.133802025172467,-0.306416704634747,-0.0171833982373358,0.0417134830591327,-0.0580983124042447,-0.0142475393394213,0.513432439042027,0.260130919672427,0.0960938885468064
34.33,0.413792270838624,0.0255731493080997,0.00100003905382531,-0.0936695170771095,-0.399528844934503,-0.020164584830238,0.0633102944355463,-0.0587439939751116,-0.0109436005311229,0.551837513769114,0.530697368182683,0.156650941666273
34.335,0.477454066968027,0.0221881048594214,0.00226156606176351,-0.0456514127418318,-0.501045603951397,-0.0227586744920695,0.0847278241361076,-0.0580393078311777,-0.00773024039207988,0.589119643791516,0.810364107165348,0.214863209147625
34.34,0.545407944674213,0.0179601846080272,0.00406779403052813,0.0109881400448606,-0.608114010893199,-0.024801942999883,0.105732368655448,-0.056070315334518,-0.00467993581878624,0.62541779894421,1.09012865176409,0.268683232411635
34.345,0.616574233491633,0.0130036135925465,0.0065195388488327,0.0780299107494349,-0.717310111492481,-0.0261553281271467,0.125789822845408,-0.0529545960265901,-0.00185729237723217,0.66056072013307,1.3605652558277,0.316144391491276
34.35,0.689904410776943,0.00749080020367509,0.00970963326174296,0.15735148832974,-0.824797312799565,-0.0267166794405121,0.144310483684962,-0.0488378681063319,0.000683854979400785,0.694240885980973,1.61228966594999,0.355476709544371
34.355,0.764315809380038,0.00164158537107498,0.0137123446697698,0.250340870686376,-0.926519356918259,-0.0264309581103278,0.160686103898474,-0.0438915596056981,0.00290264013641793,0.726066158967197,1.8364389167658,0.385218049571675
34.36,0.838531187951073,-0.00429426183139954,0.0185714457963421,0.356313606121684,-1.01841470277831,-0.0252973856444189,0.174077774544022,-0.0383111261147629,0.0047725018797015,0.755669847227324,2.02513523279132,0.404311945960996
34.365,0.912099088435368,-0.0100602009092118,0.0242879947771318,0.478757441565486,-1.09663712713739,-0.0233727556578773,0.184402308246783,-0.0323145325318332,0.00628157117540498,0.782356550827861,2.17190331391308,0.412183792912455
34.37,0.984330399445973,-0.0154197864102915,0.0308091157589219,0.618465934677587,-1.15776671245083,-0.0207704227176812,0.191434372241475,-0.0261400362770117,0.00743210757109393,0.805535817859042,2.27201288547655,0.40878839007016
34.375,1.05469462928764,-0.0201846187461229,0.0380191774863196,0.775756439992452,-1.19899613661144,-0.0176548393521359,0.195131143009799,-0.0200422913933394,0.0082390683478492,0.82463185870868,2.32272323082507,0.394623848120143
34.38,1.12284774847058,-0.0242403401256842,0.0457347159804379,0.949945222628678,-1.21827923847331,-0.0142318917316746,0.196067678743899,-0.0142858779102533,0.00872797160649109,0.83879254535141,2.32341313215139,0.370709427306253
34.385,1.18866061303876,-0.0275675726832431,0.053704227424868,1.1384033277646,-1.21443198763148,-0.0107356484228947,0.196347116965921,-0.00913565751732172,0.00893227508819269,0.846226047695213,2.2755876930243,0.338527795513645
34.39,1.25197044283004,-0.030255020015855,0.0616135797656277,1.34172805408215,-1.18717991254653,-0.00741244854130806,0.194908013900159,-0.00484383710972072,0.00889052917975611,0.848033565363678,2.18276225014731,0.299935179644814
34.395,1.31283218722952,-0.0325026504834548,0.0690972891262416,1.55796129001934,-1.13715034452568,-0.00450348493478729,0.192564903524889,-0.00163422325409076,0.00864357088831851,0.844081223058944,2.05023228720129,0.257045656156982
34.4,1.37139505607162,-0.0346138822791446,0.0757553313919074,1.78461477758979,-1.0658121005631,-0.00222716341328212,0.190294463986205,0.000315217017404254,0.00823200458147722,0.834422240744194,1.88474622587517,0.212098108085234
34.405,1.42841571725058,-0.0369768812483069,0.0811745742558039,2.02065124167284,-0.975369064215794,-0.000762530775936531,0.19147652172164,0.000889814829734415,0.0076941675731523,0.818680578003781,1.69410454031499,0.167315933720297
34.41,1.48405806919248,-0.040036315342364,0.0849533891074357,2.26256203118572,-0.868617204921534,-0.000234965023396386,0.197162659485545,5.36201911933303e-05,0.00706471018271878,0.797292614621834,1.48671329730579,0.124770262285009
34.415,1.53818102837309,-0.0442580250591279,0.0867275992582166,2.50528499129124,-0.748776672965526,-0.000705124636855847,0.206814932159404,-0.00213939680189316,0.00637383938911607,0.77125929369837,1.27112261235159,0.0862571379803902
34.42,1.59104080657505,-0.0500899187348871,0.0861956919019825,2.74495181161002,-0.619311602854534,-0.00216188332806307,0.221432364514563,-0.00554036287655286,0.00564719290405957,0.741250261125563,1.05558048141397,0.0531978962835217
34.425,1.64363439784354,-0.0579228695117694,0.0831411966546002,2.97316869273713,-0.483750150968909,-0.00451966149197577,0.240400410981906,-0.00990824079470505,0.00490623685181936,0.708706142535246,0.847630067722272,0.0265698923970059
34.43,1.69598364327127,-0.0680554122216412,0.0774503199952371,3.1866990470689,-0.345516189486758,-0.00762023752600672,0.264515588870178,-0.0149210332524782,0.0041690244659538,0.674255918387815,0.65377407225645,0.00687205314931731
34.435,1.74768818235592,-0.0806656092353047,0.0691233037503013,3.38466384099399,-0.20778217019308,-0.0112388119327306,0.295022846522881,-0.020195252508587,0.00345112196811943,0.638092963057684,0.479223753723256,-0.00587332452669188
34.44,1.79880840253286,-0.0957926322977771,0.0582785057965083,3.56341808325466,-0.0733502101572191,-0.0150938310873955,0.331873603776643,-0.0253124559311447,0.00276650433213319,0.600765407663151,0.32774307428386,-0.0120842140718919
34.445,1.85105463309875,-0.113329503495904,0.0451488247679036,3.71457078216537,0.0554342864311242,-0.0188598752315889,0.368220638603288,-0.0298507222072837,0.00212824740643764,0.576659282296256,0.201590980192361,-0.0125524927985562
34.45,1.90287974027994,-0.133027200467395,0.0300707413993642,3.83943831696145,0.176734898743092,-0.0221827876044781,0.408857118198338,-0.033418222725762,0.00154888968814463,0.554225739110241,0.101557630539408,-0.0083544806198049
34.455,1.95397487671114,-0.154509121574765,0.0134668605437982,3.93595388938666,0.289243290836236,-0.0246961704294132,0.453310528957206,-0.0356856331682577,0.00104039977618291,0.532240781810395,0.0270840487795477,-0.00074693229616676
34.46,2.00406204088391,-0.177293880638651,-0.00417664942851519,4.00220530758841,0.392168176486438,-0.0260383918288358,0.500373077964533,-0.0364140975138144,0.000613755136307175,0.510279914700695,-0.0235503394358012,0.00894218609656765
34.465,2.05275526324837,-0.200823682651194,-0.0223359548391918,4.03686926270183,0.485198737364739,-0.0258693215615736,0.548662006162538,-0.0354758170457751,0.000278204562469462,0.487680026583518,-0.0529911889975374,0.0194189161015096
34.47,2.09899728814486,-0.224495199748522,-0.0404768315940593,4.02156025266392,0.568448056441814,-0.0238861239488786,0.592629007366703,-0.0328650551152649,4.03414409900589e-05,0.466011785306009,-0.0645442390795471,0.0295162492017327
34.475,2.14259379278183,-0.247689942744433,-0.0580813412858066,3.9701444771221,0.642382529299132,-0.0198375630089435,0.634150878725127,-0.0286983413250522,-9.68498916738965e-05,0.442297653441094,-0.0619021955687254,0.0382681684503418
34.48,2.18287748268383,-0.269801572649419,-0.0746720903512903,3.88571865591896,0.707743114754728,-0.0135363986571489,0.672427197273014,-0.0232038064889257,-0.00013480165289582,0.415083715692312,-0.0488821671576668,0.0449603102657102
34.485,2.21898578077102,-0.290258332915277,-0.0898325572549267,3.76950656929494,0.76546378912043,-0.0048695588927246,0.70621355281893,-0.0167007409533068,-7.98662115652935e-05,0.383267153680359,-0.0291894223398846,0.0491551682007703
34.49,2.24994989305399,-0.308539683266913,-0.103222382643544,3.62330164706094,0.816591799754275,0.00619414798746546,0.734460467566838,-0.00957150021844794,5.66026563615285e-05,0.34583792746423,-0.00621948868219135,0.0506921662219802
34.495,2.26278398690106,-0.324187138092764,-0.114586987849752,3.44661164170357,0.862213397964941,0.0195989673499448,0.75071122594412,-0.00222865772356515,0.000258651253364289,0.297770932970173,0.0170935575658388,0.0496651054853012
34.5,2.26694266187708,-0.336810118142025,-0.123761370491546,3.24475583258965,0.903387779922004,0.0351999396987406,0.75987927496386,0.00491926498566521,0.000506601898062982,0.242457278453272,0.0383789726274991,0.0463812429362969
34.505,2.26189655335119,-0.346088199859029,-0.130668379128515,3.02101858374928,0.941091065363927,0.0527636004718484,0.762032613510444,0.0115001187866317,0.000778325387267822,0.179872034038847,0.0558816645338718,0.0413074585798114
34.51,2.24660913539152,-0.351771419045,-0.135312157053225,2.77882138142404,0.976171358134958,0.0719717778935113,0.757228029447272,0.0172054652191595,0.0010507715061658,0.110145423827897,0.0684685587932982,0.0350095461319683
34.515,2.22106777504158,-0.353680231724941,-0.137767743235335,2.53388170094835,1.00931529179457,0.0924286004164903,0.750491887445188,0.0218105634768739,0.00130157665851615,0.0372739410839986,0.0755952188217368,0.0280906237962756
34.52,2.18473081936257,-0.351706383548617,-0.13816801115361,2.29258083882253,1.04102597345798,0.113670764861655,0.742907495233112,0.02518553299178,0.00151055003236826,-0.0373809189680393,0.077240703571727,0.0211340750411098
34.525,2.13597465903204,-0.345815363704627,-0.13668920824963,2.04438806798922,1.07161188466198,0.13518101324065,0.729416920024594,0.0272972288838994,0.00166085025932329,-0.116821434246922,0.0738195882759454,0.0146554087610796
34.53,2.07449590108056,-0.336050427698217,-0.133536333246072,1.79271641582561,1.10118605102887,0.15640461715741,0.710749689924006,0.0282023678681847,0.00173970280676358,-0.199579044416483,0.0660802502485827,0.00906612006972044
34.535,2.00030305259388,-0.322537489643951,-0.128929466328966,1.54079093296685,1.12967461852914,0.176768479042756,0.687718180763929,0.0280333162766451,0.00173856997647203,-0.283937163404318,0.0549980426350857,0.00465119507751876
34.54,1.91374162801102,-0.305489629879288,-0.123091964913207,1.29157562119502,1.15683383931854,0.19570224358029,0.661169207255603,0.0269786060047053,0.00165276251527145,-0.368003556656709,0.0416709873679753,0.00156048737617367
34.545,1.81551280036877,-0.285209635963712,-0.116241176641138,1.04772933608922,1.18227434609608,0.212660592469463,0.631944936704218,0.0252606172137459,0.00148056409380945,-0.449798399272293,0.0272242692460126,-0.000187068055300526
34.55,1.7059807348235,-0.262088954891949,-0.108582025898332,0.811455219158876,1.20549146199651,0.22714569804472,0.601099001416371,0.0231129351194966,0.00122201570795045,-0.525931473876589,0.0127282585325939,-0.000688446107297361
34.555,1.57609315395038,-0.23660169503799,-0.100303526709364,0.583003437477419,1.22590014633794,0.238728664307395,0.573041163790336,0.020759667131109,0.000877565207579115,-0.574142443613857,-0.00086683100231502,-0.000133462378936821
34.56,1.43862137817606,-0.209292842366128,-0.091577989534122,0.365786995193346,1.2428730201527,0.247068712765866,0.544222270879495,0.0183985451278449,0.000446818419544294,-0.616372306706626,-0.0127781092641138,0.00122327059010148
34.565,1.29555707728817,-0.180760568450558,-0.0825624463030527,0.161045804340644,1.25577976530224,0.251928893660094,0.515186810882933,0.0161890110061911,-7.23732029138972e-05,-0.651236259722552,-0.0224188830082474,0.00309225280002705
34.57,1.15520872414943,-0.151633300341781,-0.0734016371211674,-0.0199347099218064,1.26402607178172,0.253187229782105,0.488169717138791,0.014245782262568,-0.000684289404653217,-0.680480102532839,-0.0294103193946248,0.00517802602997595
34.575,1.02108689093108,-0.122542974896618,-0.0642317976827523,-0.174456863205558,1.26709024821133,0.250842428006954,0.463736662614655,0.0126377115534695,-0.00139505064777476,-0.703473734460815,-0.0335779275655546,0.00720476167732981
34.58,0.887688404740542,-0.0940964990711581,-0.0551844653835561,-0.315219888370028,1.26455563645737,0.245013608782049,0.439843927033031,0.0113911735244556,-0.00221161947093796,-0.715992947883303,-0.0349355479065596,0.00893677595949732
34.585,0.757056990698909,-0.0668477912528892,-0.0463895830448376,-0.442250991326503,1.25613710051176,0.235933881528344,0.416640969152956,0.010496797281078,-0.00314015627000809,-0.717856507609098,-0.0336599184992572,0.01019293632618
34.59,0.644910481738994,-0.041272831787462,-0.0379773128747802,-0.527231784730696,1.24170009946489,0.223938001948789,0.401435773523501,0.00991815029142397,-0.0041838945958011,-0.707107963693103,-0.0300590019862194,0.0108546083941034
34.595,0.549721236957786,-0.0177498939947578,-0.0300781638892417,-0.577193042228041,1.22127120219445,0.20944475000091,0.392278746446759,0.00960097617861161,-0.00534078870042705,-0.684981240362164,-0.0245371340563502,0.010867405740658
34.6,0.461269289372218,0.00345340190407405,-0.0228212625743003,-0.616602911114661,1.19503934574191,0.19293502998493,0.383039287451088,0.00948177329183977,-0.0066012461781366,-0.654047851181958,-0.0175597392341904,0.0102374992895452
34.605,0.380547365686961,0.0221852921619006,-0.0163308351812404,-0.646232760667063,1.16334765864139,0.174926986281275,0.373653158295121,0.0094948280324155,-0.00794628154589796,-0.615269925923451,-0.0096199013282283,0.00902359144668074
34.61,0.310392498219684,0.038407222186291,-0.0107211961250394,-0.683221850266355,1.12667623242694,0.155949626079984,0.358542928246096,0.00957722554161618,-0.00934640733518181,-0.582330917171107,-0.00120852999813839,0.00732585394688187
34.615,0.249477978379928,0.0521840280849159,-0.00609072777207836,-0.715061503986139,1.08561678901652,0.136516529304451,0.341987797078092,0.00967178279001534,-0.0107615178315743,-0.544695138402617,0.00721071300255981,0.00527317548035615
34.62,0.197345766645881,0.0636682858013499,-0.002515473851946,-0.738103364285175,1.0408407161747,0.117101201367145,0.325224500751511,0.00972822080066008,-0.0121419225362917,-0.500352520565555,0.0152211225702778,0.00300998654621803
34.625,0.1537885084082,0.0730806181911927,-4.30390899337547e-05,-0.752958613407712,0.993062387997336,0.0981154919319395,0.307620157992448,0.00970316120492854,-0.0134305621306408,-0.450645916309145,0.0224671834242286,0.000683754209232115
34.63,0.117829257937061,0.080687951394951,0.00131251440680829,-0.760607544848467,0.94300001786689,0.079892276491326,0.2835360130036,0.00955966386442668,-0.0145663032660099,-0.395114503866373,0.028663616218719,-0.00156599795299117
34.635,0.0895586747740544,0.0867816598327363,0.00157415664519146,-0.761023248750439,0.891336479745348,0.0626732974871934,0.259017275645023,0.00926700576457695,-0.0154880759277883,-0.338101479717124,0.0335998099442653,-0.0036165562534189
34.64,0.0682378672368497,0.0916572698578632,0.000803283936946045,-0.754666082816282,0.838682560384886,0.0466027119042577,0.233909998763056,0.00880124872928858,-0.016139504508998,-0.281090335021832,0.0371403803001631,-0.0053684480674191
34.645,0.0526289613809896,0.0955969708202109,-0.000901278147097887,-0.742428563018035,0.785544960912342,0.0317265184063806,0.207186000432997,0.00814688697363546,-0.0164736052000062,-0.225290228746841,0.0392226500718683,-0.00674935975847305
34.65,0.0403608806740789,0.0988556905477719,-0.00340674300685272,-0.726406149123538,0.732301054918296,0.0179976647467528,0.175287198269271,0.0072995521993198,-0.0164570882617433,-0.171481208208851,0.0398518122708181,-0.00771566725692729
34.655,0.0325406799149414,0.101651012718821,-0.00655215667513737,-0.704562637447317,0.679181949695905,0.00528628948044511,0.142956372544306,0.00626943844340321,-0.0160738195831126,-0.122073162763434,0.0390944343998999,-0.00825186004560571
34.66,0.0282409748945372,0.104156815696733,-0.0101561574680094,-0.6773089347514,0.626264820279057,-0.00660574750462191,0.110277093368753,0.0050848451680799,-0.015327061283473,-0.0781256532847952,0.0370708198669402,-0.00836824192848674
34.665,0.0242992429864043,0.106500241370899,-0.0140261609638718,-0.649198004694985,0.573474837584694,-0.0179271254051806,0.0789634911919942,0.00379507059736174,-0.014240219917961,-0.0407308384050412,0.0339465872617428,-0.00809734439514705
34.67,0.0173107541069773,0.108761473733079,-0.0179682982851982,-0.624915805110256,0.520596345465499,-0.0289573490185773,0.0511423421753298,0.00247184854031718,-0.0128559718943905,-0.0103264674130488,0.0299236843636164,-0.00748949668021495
34.675,0.0121966887794557,0.110975806076583,-0.021797366769368,-0.594455742486254,0.467292312336512,-0.0399863644306445,0.0233152533903604,0.00120862205440046,-0.0112337939864485,0.0132032991728102,0.0252309412017493,-0.00660796935830391
34.68,0.00833728502191164,0.113137564882657,-0.0253460522836472,-0.55832189199668,0.413130543577967,-0.0512947845628541,-0.0041691405844267,0.000117176615928726,-0.00944608516645772,0.0294140812150139,0.0201141990637962,-0.00552405527457396
34.685,0.0070644828747085,0.115205585961785,-0.0284727514009329,-0.511760029706667,0.357614735583019,-0.0631358958345016,-0.0353862867904867,-0.000678515112614434,-0.00757320707717685,0.0372690577927959,0.0148260371932917,-0.00431238258689942
34.69,0.00694136825079585,0.117110050753551,-0.0310674522175023,-0.459104027462867,0.300218213542033,-0.075720430174877,-0.0676317829081596,-0.00105099965815481,-0.00569787888626217,0.0362607031364039,0.00961515659136073,-0.00304667876551699
34.695,0.0065248816171001,0.118760544153524,-0.0330553112753626,-0.404550420096897,0.24041813974602,-0.0892048372552244,-0.0976517275724517,-0.00087997551421324,-0.00389942624750994,0.0268072182620051,0.00471556518961321,-0.0017961294211952
34.7,0.00562456082781782,0.1200551650603,-0.0343977723428673,-0.348787553575074,0.177728106775219,-0.103683500171842,-0.124854939479236,-6.38929446394373e-05,-0.00224839684775729,0.00920966729747901,0.00033582935873638,-0.000622408100526221
34.705,0.00285708877862726,0.120890406252747,-0.0350912890434225,-0.292909545616243,0.11172732275949,-0.119185027347743,-0.143135594619272,0.00146867100126987,-0.000802015478284679,-0.016185875816002,-0.00335120301671386,0.000422602821339981
34.71,-0.000184135851647418,0.121171344477443,-0.03516391505223,-0.23702462381575,0.042085021885219,-0.135672449173252,-0.158442119837469,0.00374914752599261,0.00039913559399544,-0.0486802666475067,-0.00621766305926315,0.00129842170972815
34.715,-0.00341821302581744,0.120821486969868,-0.0346701921921867,-0.181810010166806,-0.0314207501045048,-0.153046874436047,-0.170415196437246,0.00676184174213391,0.00133295020875614,-0.087532678486656,-0.00818824408328357,0.0019769558622785
34.72,-0.0066478231931466,0.119791459144422,-0.0336848819343667,-0.127926331346978,-0.108890267555457,-0.171153940518596,-0.178635841918112,0.0104405279950068,0.00199603434120302,-0.131599843725407,-0.00924537763737955,0.00244292886097436
34.725,-0.00903904363128446,0.118065640839258,-0.0322961394574122,-0.0760536437591941,-0.19029491771087,-0.189792238737989,-0.181596157486101,0.0146694174846987,0.00240239051279799,-0.176335022306659,-0.00943127315535095,0.0026938079508718
34.73,-0.0113625840182035,0.115665904609079,-0.0305987189198913,-0.0264947755128991,-0.275474910291875,-0.20872282072271,-0.180845565475194,0.0192886895868373,0.00258074553412377,-0.224147475275328,-0.00884617994362099,0.00273928372914211
34.735,-0.0134579533797836,0.112651798452935,-0.0286877291575377,0.0202609780197876,-0.364140774016516,-0.227678894467012,-0.176385404955024,0.0241042854312707,0.0025708416988183,-0.274110626803981,-0.00764241668757159,0.00260034072779268
34.74,-0.0151885222205021,0.1091168411745,-0.0266533429200229,0.0637993935997365,-0.455877260217706,-0.246374894837656,-0.168328764345998,0.0289011875051681,0.00241910036305819,-0.325296110504902,-0.00601400027258455,0.0023079428628069
34.745,-0.0163785860919649,0.105181028827625,-0.0245767174334315,0.104137617213539,-0.550148177506946,-0.264514253973992,-0.157022169281153,0.0334590106085978,0.00217411099873255,-0.376558668823796,-0.00418208259869615,0.00190134647140565
34.75,-0.0170466115278304,0.100980129709102,-0.0225272293292828,0.14107065982671,-0.646300741518741,-0.281795390069599,-0.142691535701569,0.0375684565648155,0.00188239483568406,-0.427170657363602,-0.00237684801691904,0.00142604955301367
34.755,-0.0172070589171783,0.0966528028665251,-0.0205609821724563,0.174309003809653,-0.743568227678513,-0.297915662734958,-0.125735826975905,0.0410470711131827,0.00158484155103107,-0.476389107657338,-0.000816997953321591,0.000931391547603218
34.76,-0.0168926668556997,0.0923269387273775,-0.0187204264165052,0.203711708403805,-0.841070039035976,-0.312573290602844,-0.106687217713816,0.0437527999439667,0.00131412616894102,-0.523457433267662,0.000311596227549721,0.000467834644598423
34.765,-0.0161782491971014,0.088106828644115,-0.0170348513447622,0.229214576034463,-0.937808716041543,-0.325467471740765,-0.0861497615927584,0.0455940642724043,0.00109329151384224,-0.567684411675702,0.000876113942515101,8.39845967930733e-05
34.77,-0.015170425667189,0.0840627822921396,-0.0155214721645284,0.25084666385482,-1.03266388988752,-0.33629717041512,-0.06478025545726,0.046535437373084,0.000935542547551435,-0.608455949665665,0.000813682203719123,-0.000176555989254707
34.775,-0.0139508153745943,0.0802246145114043,-0.0141868421946005,0.269300745863969,-1.12438368601993,-0.344759218185237,-0.0433487063750573,0.0465984588065708,0.000845158056568157,-0.645475506922357,0.000142705252055697,-0.000278369701758533
34.78,-0.0127373925012108,0.0765800320343109,-0.0130283633013289,0.284142015839981,-1.21157459193298,-0.350546510165543,-0.0222904946051041,0.0458576190521986,0.000819298250730427,-0.677979131999745,-0.00103342551208172,-0.00019727107506203
34.785,-0.011667125625273,0.0730784082348714,-0.0120357360043766,0.295545942686017,-1.29269128693258,-0.353347149048949,-0.00219922797186088,0.04443202688919,0.000850388468204289,-0.705538007146877,-0.00253184399456824,7.69845780807115e-05
34.79,-0.0108630779184548,0.0696398042193694,-0.0111922699141093,0.303749375650276,-1.36602836453631,-0.35284539332208,0.0164255477997121,0.0424736819000569,0.000928701042405372,-0.727788807857591,-0.00410584254123997,0.000538552552968032
34.795,-0.0104224064391712,0.0661684532050987,-0.0104760509118546,0.309050169807196,-1.42971623286377,-0.348725197373211,0.0332165239986722,0.0401535719070193,0.00104474686364705,-0.744435607990206,-0.00547060072889189,0.00116413473974948
34.8,-0.0104486577548179,0.0625693503911667,-0.00986102112692252,0.312632684128289,-1.48172372647543,-0.34067698788523,0.0481094878398616,0.0376469721053373,0.00119112736230387,-0.754806857608366,-0.00633791062064735,0.00191260507356728
34.805,-0.0109331936762092,0.0587661529038538,-0.00931806236835619,0.31448127449702,-1.51987007642197,-0.328408104945703,0.0611467182206628,0.0351193289944941,0.00136358288148559,-0.759022462644004,-0.00645767141209283,0.00272578614001247
34.81,-0.0118261343431527,0.0547183480510169,-0.00881617913287121,0.314648584013041,-1.5418488351682,-0.311657054522793,0.0724899225113858,0.032713975736563,0.00156109535338658,-0.757255475763503,-0.00566286398159824,0.00353047220671346
34.815,-0.0130434911844281,0.0504356243813292,-0.00832385467866717,0.313653094050008,-1.54526610996042,-0.290211382801745,0.0825606545927567,0.0305426699570762,0.00178504756092534,-0.749547876446892,-0.00391384862110073,0.004241707367486
34.82,-0.0144450980290254,0.0459875838325462,-0.00781060861788187,0.312067596954666,-1.52769499373238,-0.263928607552181,0.0919873829115999,0.0286796059127843,0.00203759019964451,-0.736044235903581,-0.00133728273533839,0.0047672264314968
34.825,-0.0158859880781459,0.0415073430464635,-0.00724872619728207,0.311213316150988,-1.48674737563349,-0.232759246399132,0.101439076343377,0.0271591729817961,0.00231950192865015,-0.714382591834077,0.00174516520941119,0.00501285865673796
34.83,-0.0170902460312487,0.0371881435280185,-0.00661506892297329,0.311073843163544,-1.42016335597298,-0.196770591553838,0.111960422962522,0.0259773554716421,0.0026279276460562,-0.687576990329349,0.00480275436323159,0.0048885902591726
34.835,-0.0177804653833534,0.0332727635904364,-0.00589282453627649,0.312237432846974,-1.3259172920792,-0.156169527316271,0.124601856123404,0.0250963344938166,0.00295443027500583,-0.656334082702009,0.00709982071315579,0.00431489191915511
34.84,-0.0176626155699863,0.0300362321210665,-0.00507302106187806,0.315335661765537,-1.20233809334048,-0.11132240897452,0.140422934955312,0.0244515921505512,0.00328378050929871,-0.621191433111906,0.00772032370120564,0.00322885368051853
34.845,-0.0165989052963527,0.0277630179172173,-0.00415562126879125,0.319743669035481,-1.04823982797415,-0.0627698616213198,0.159287152864906,0.0239606509915708,0.00359383353749771,-0.582141263225841,0.00561322086676391,0.00158964211850967
34.85,-0.014096318551184,0.0267204490082343,-0.00315003312320498,0.327055019680361,-0.863057101973729,-0.0112343557581693,0.183037454967607,0.0235325145143514,0.0038567066299742,-0.540459657241344,-0.000342891354697046,-0.000617188851312806
34.855,-0.00986336744341718,0.0271305558704446,-0.00207491724064942,0.337607114664559,-0.646978155340991,0.0423813936979692,0.21239518557728,0.0230769024512129,0.00404129049723518,-0.496759935212469,-0.0112594706504703,-0.00337693848604248
34.86,-0.00366629916822263,0.0291427950132741,-0.000957238650679931,0.351535548908283,-0.401067337904121,0.0970067599707839,0.247014036170629,0.0225124830368004,0.00411692233650487,-0.451111892989078,-0.0281475255064443,-0.00664484799455273
34.865,0.00471537994496084,0.0328101712532723,0.000169411032570361,0.368786770904595,-0.127367717768107,0.151427220536656,0.286224433762034,0.0217734719553549,0.00405784680477314,-0.403640767333145,-0.0518238730882122,-0.0103471912454774
34.87,0.0154318722524259,0.0380711269168557,0.00126711395747809,0.38914286129411,0.171025829904928,0.204320228544939,0.331282164903293,0.0208141694332398,0.00384792204466138,-0.355546381137024,-0.0828220328114198,-0.0143843567653996
34.875,0.0285112546914333,0.0447392079498898,0.00229636930421158,0.412155830696832,0.489932488988498,0.254302202656374,0.381720963466235,0.0196112182275197,0.00348491842970513,-0.306907638662734,-0.12131583760797,-0.018635742302121
34.88,0.0438543565016248,0.0525019709990587,0.00321904539814958,0.436972861562859,0.824098820914597,0.299984928605656,0.434265835387178,0.0181635644628623,0.00298372878022795,-0.256824363363166,-0.167063274680126,-0.0229661291204381
34.885,0.0612616823483381,0.0609298991289944,0.0040012773300118,0.462731729018565,1.16726631518073,0.340038716212684,0.487919836718817,0.0164902742604975,0.00237787170162581,-0.205038292450936,-0.219376733947927,-0.0272330791137481
34.89,0.0804869739259333,0.0694952985424775,0.00461604658004852,0.488644397894173,1.51229745000528,0.373258815921928,0.543826621927737,0.0146264925392799,0.00171882375283847,-0.151632759173898,-0.277123844733426,-0.0312948162356703
34.895,0.101193511362994,0.0776003169470977,0.00504520815756277,0.513657938688222,1.85136132233946,0.398630959351431,0.600734893382305,0.0126179238160089,0.00107294802084832,-0.0957264666865087,-0.338760595418729,-0.0350180222709308
34.9,0.122620891581528,0.0846124247596938,0.00528078530647968,0.537099396482779,2.17617611022157,0.415391529657376,0.658191289138587,0.0105142717249933,0.000516071373406934,-0.036333570211508,-0.402395691328679,-0.0382849975409377
34.905,0.143956779709328,0.0899050026908151,0.00532542505902711,0.558211152574041,2.47830147300086,0.423077851609377,0.715299995089789,0.00836210162500168,0.000126066358933779,0.0277439181224631,-0.465882380248628,-0.0409997060590737
34.91,0.165176746515506,0.0929001480578668,0.00519199080906147,0.575553934980372,2.74946976292619,0.4215644527581,0.769844722489837,0.00619759776182398,-2.59220183692777e-05,0.0979598776361903,-0.526931533719513,-0.0430923331740822
34.915,0.185891619658321,0.0931105012412071,0.00490235063384665,0.588350376157722,2.98194095559597,0.411081887578953,0.820933372185327,0.00403968063891279,0.000115262418551735,0.175675027817893,-0.58323786115189,-0.0445221194011539
34.92,0.206141279672982,0.0901768399128889,0.0044854927053552,0.595966537235157,3.16886287154608,0.392215800993469,0.869130563453576,0.0018839361047171,0.000580041771523342,0.26054758821765,-0.632609946517837,-0.0452783823575394
34.925,0.226652696722392,0.0838984069298382,0.00397515382784733,0.597924236761143,3.30461590945208,0.365885263716942,0.916451097532881,-0.000302214419071139,0.0013669038713818,0.350225920799685,-0.673094452743235,-0.0453797844159263
34.93,0.246484980840253,0.0742534183418805,0.00340717862293644,0.594308515753668,3.38512045034031,0.33330093320193,0.959220281809097,-0.00258270699050196,0.00243768012440255,0.450487775403512,-0.703085365212156,-0.044872032863939
34.935,0.265729364796683,0.0614079067338599,0.00281683319142851,0.585308323234565,3.40808555589711,0.295905150000147,0.997634795226083,-0.00505404825591197,0.00371602366874152,0.562054755440702,-0.721410476771901,-0.0438243006193065
34.94,0.28176085168266,0.0457119364004066,0.00223627973584072,0.574597328892868,3.37317970583213,0.255297529112275,1.03464366311477,-0.00784428358892332,0.00508950569086871,0.686086405612169,-0.72738930131547,-0.0423247213996814
34.945,0.295195395128436,0.027683207774779,0.00169238227568684,0.562312328018261,3.28210810310163,0.213150812774392,1.07002585376392,-0.0111095644982631,0.00641538292278678,0.822617062502216,-0.720859026772472,-0.0404753407756921
34.95,0.308170027033828,0.00797906503001473,0.00120496516815941,0.547314363167215,3.13858637246639,0.171122596939994,1.10293739439546,-0.0150283005149276,0.00752970549150839,0.971112796158201,-0.702167730465555,-0.0383868953588889
34.955,0.321197139233855,-0.0126411549992562,0.00078559371094189,0.530551621516547,2.94820697812547,0.130768940802203,1.13426812485182,-0.0197930478906883,0.0082590756636323,1.13117114766826,-0.672136623534032,-0.0361737519161321
34.96,0.334490680807185,-0.0333607256417724,0.000436897468285909,0.512724196823491,2.71820193529763,0.0934657700062416,1.16493634092776,-0.0256004684837559,0.00843407610449638,1.30311064928455,-0.631995332872358,-0.0339492745894061
34.965,0.348027483530135,-0.0533538347207827,0.000152418413913706,0.494336686497498,2.45711282221813,0.0603433898235818,1.19582764542499,-0.0326398692214197,0.00790319455217071,1.48758710965381,-0.583295983373415,-0.0318218111939591
34.97,0.362968973651228,-0.0718340717371256,-8.30587329575413e-05,0.476963961277749,2.17438608349053,0.0322383832608674,1.22772689792747,-0.0410809841527504,0.00654600164634115,1.68111329184574,-0.527812990449777,-0.0298914084631194
34.975,0.379637285998579,-0.0880996090479581,-0.000292746840138431,0.461380448522357,1.87991751969678,0.00966577422845163,1.26129958543966,-0.0510617659029821,0.00428439676322981,1.88228561305566,-0.467435966369014,-0.0282472897895923
34.98,0.398192926415955,-0.101571910634136,-0.000506718392833709,0.448183722780083,1.58357410964737,-0.0071872837961123,1.29704887054876,-0.0626769935653635,0.0010909146912106,2.08952125067122,-0.404063008556772,-0.0269660642827447
34.985,0.416627113480037,-0.111825383127687,-0.000760431189006043,0.433995484289285,1.29472346373192,-0.018446727225929,1.33531594421658,-0.0759684691412014,-0.00300663810237428,2.29644996369465,-0.339500958826078,-0.0261105872254555
34.99,0.435817592371799,-0.1186061647517,-0.00109294953975129,0.421103216744356,1.02180099193891,-0.0245177560065559,1.37619737894461,-0.090917463743991,-0.0079246073137648,2.50367443276462,-0.275378127769268,-0.0257293611915567
34.995,0.456061035015765,-0.121839151993343,-0.00154488773749446,0.410787126814945,0.771942237797215,-0.0260353935725097,1.41958106972947,-0.107439897966773,-0.0135269957362711,2.71084924467273,-0.213073618666286,-0.0258563539309006
35,0.476790318249122,-0.121623305137199,-0.00215610723172585,0.402793705051749,0.550702962090897,-0.0238039061681731,1.4651461121531,-0.125384518221555,-0.0196327141859449,2.9159826986792,-0.153665911770029,-0.0265111117747248
35.005,0.497750703416294,-0.118216166190829,-0.00296321560934223,0.402522294638206,0.361882863504994,-0.0187301690896118,1.51237091663549,-0.144534090060914,-0.0260259359765852,3.11133073905109,-0.0979019185151287,-0.0276990627541446
35.01,0.517864334037125,-0.112009289232773,-0.00399694330204218,0.405800700892556,0.207460891255735,-0.0117562191641568,1.56050128151207,-0.164609401359247,-0.0324686818422441,3.29800024920296,-0.0461863947715098,-0.029411928104329
35.015,0.536124845328545,-0.103496863601489,-0.00527950913388423,0.409798343361403,0.0876416589919321,-0.0037959328153011,1.60859147643429,-0.185275682157736,-0.0387146252268367,3.47591192778241,0.00140951183630143,-0.0316281902815904
35.02,0.55169266239175,-0.0932401666542243,-0.00682212222817283,0.413619939953559,0.00100428042954264,0.00431992760186906,1.65552712175092,-0.206150927111412,-0.0445230697996935,3.64310244937831,0.0451226729259797,-0.0343135962025981
35.025,0.561579837043818,-0.0818306016123225,-0.00862279803082405,0.423076424309799,-0.0552622517067168,0.0118870594345192,1.69506648478683,-0.226815563766422,-0.0496721062881438,3.79401750319458,0.0854580537909165,-0.0374217029195161
35.03,0.56721167104082,-0.0698539673217325,-0.0106646830247436,0.430974723588719,-0.0850586164316598,0.0183573131123991,1.73010892470349,-0.246822945764401,-0.0539700898776607,3.93000773918036,0.123137532256336,-0.0408944969898692
35.035,0.568234773291646,-0.0578583002488345,-0.0129150803251271,0.436030993647042,-0.0930346764187939,0.0233539539865364,1.7594805467684,-0.265710252175496,-0.0572647721631992,4.04957672827793,0.159040716573029,-0.044663136788429
35.04,0.564347311012338,-0.0463271682702267,-0.0153253435038527,0.437454137820971,-0.0842352939524773,0.0266729282612297,1.78173222012286,-0.283009519153797,-0.0594496493308989,4.15115776196994,0.194141030758217,-0.0486488779619029
35.045,0.554784173560019,-0.0356597322227661,-0.0178317585624305,0.446358115745023,-0.0637578762325549,0.0282716296256059,1.78750747552075,-0.298258687163437,-0.0604673265465209,4.21674479094899,0.229440232053575,-0.0527642455786205
35.05,0.540171517223374,-0.026158278697768,-0.0203574670438237,0.452676752562022,-0.0364441576294489,0.0282474906446942,1.78129995586159,-0.311012682849471,-0.0603099248564111,4.25724254484172,0.265904340066527,-0.0569145119839465
35.055,0.520909702162079,-0.018023318294529,-0.0228154027690428,0.453682066506787,-0.00662420878052896,0.0268092672269137,1.76356791309811,-0.320854639313951,-0.0590167529949837,4.27485289137665,0.304403716760958,-0.0609995269237568
35.06,0.497427422503111,-0.0113557841677424,-0.0251121286108034,0.449185703854043,0.0220749363838475,0.0242441276138461,1.73350532310881,-0.32740737112226,-0.056669620196062,4.26884586741854,0.345659755079419,-0.0649159265078631
35.065,0.474309990233576,-0.00616539454600937,-0.027152377141612,0.464017955195254,0.0468497470709806,0.0208836115057982,1.66051609029894,-0.330345152796952,-0.0533862719895271,4.22386879254341,0.390200315078742,-0.0685597209278205
35.07,0.448186064827743,-0.00238388788302229,-0.0288440289040755,0.473762453671918,0.065769498271529,0.0170712277977775,1.57177010010138,-0.329405708475595,-0.0493124895503352,4.15326439148381,0.438325685818805,-0.0718292289867422
35.075,0.419570149062925,0.000118383153829972,-0.0301032122272476,0.477591990396615,0.0777595962347948,0.0131339673942654,1.4689222577572,-0.324402126055323,-0.0446134092338261,4.05781665731038,0.490086441205758,-0.0746282924591894
35.08,0.391795670134511,0.00151409773652796,-0.0308591845659162,0.468149308155963,0.0825285564089844,0.0093593881486365,1.36551339714835,-0.315234192153473,-0.0394645996041034,3.95250117779538,0.545274091762211,-0.0768696674958321
35.085,0.368417226320228,0.0020004056566171,-0.0310586600618233,0.437559017625534,0.0804514254585147,0.00597925275223734,1.27866006426407,-0.301898441130082,-0.0340433865714863,3.85633011633896,0.60342490988531,-0.0784784564484006
35.09,0.344219430911988,0.00178154977728747,-0.0306692811472946,0.403866321906651,0.0724241863605719,0.00316003403894281,1.18236813555006,-0.284496059662443,-0.0285208512506876,3.7391375075059,0.663836729775216,-0.0793954146727927
35.095,0.319799796028334,0.00105380937780205,-0.0296819903571938,0.367886494690148,0.0597040288391805,0.00100000254329799,1.07815890113442,-0.263237720773012,-0.0230548471277467,3.60207149417798,0.725597911576009,-0.0795799463977349
35.1,0.294424149966924,-6.41505707332732e-06,-0.0281121364771773,0.327411640404858,0.0437494441185081,-0.00046787877727907,0.969525198432317,-0.238444460837134,-0.0177842989010882,3.4544613920651,0.787627040132738,-0.0790125949124062
35.105,0.267982143141581,-0.00125090292168827,-0.0259992394183277,0.282001000944905,0.0260721502090301,-0.00126838105655318,0.859315814984339,-0.210543869531622,-0.012824959098062,3.30243410840842,0.848721339709141,-0.0776968379536868
35.11,0.242822971607449,-0.00256417530068911,-0.0234054326251621,0.23730119662837,0.0081101736049832,-0.00147309173008362,0.746780712498488,-0.180061130606158,-0.00826671315722369,3.13577933894608,0.90761127143726,-0.0756600212254041
35.115,0.219213961631467,-0.00386451093271689,-0.0204126923122938,0.19407474351366,-0.00887166474929949,-0.00118754994367892,0.633837746965481,-0.147604810820603,-0.00417244122915109,2.95652340760831,0.963018386791983,-0.0729533021541036
35.12,0.198349337798011,-0.0051018759557543,-0.017119042127516,0.144464248185285,-0.0238507641465698,-0.000537769117841402,0.526447392319135,-0.113847712492735,-0.000578367155059332,2.76757689259101,1.01371328080707,-0.0696505312333371
35.125,0.17955022399801,-0.00625342431180735,-0.0136339840994201,0.0959413468160999,-0.0360851054324227,0.00034268428400183,0.423313636287617,-0.0795035390574184,0.00250424654313681,2.57080662647917,1.05857045534639,-0.0658460664029191
35.13,0.162543585317412,-0.00731734500198239,-0.0100734478723375,0.0516239542424006,-0.0451233062251807,0.00132412269793247,0.324674469573028,-0.0453005247531485,0.00508626249010609,2.36846946453884,1.09661708131764,-0.0616515913060942
35.135,0.146667351367658,-0.00830587232187999,-0.00655456819524476,0.0115405855673763,-0.0507906229683294,0.00229002218353419,0.233136072642068,-0.011953501744266,0.00719694910864109,2.16523849638002,1.12707303547972,-0.0571920836217192
35.14,0.127589357959308,-0.00923824111960714,-0.0031905954401139,-0.0263924176933193,-0.0531563841273671,0.00314378611011117,0.159157181686739,0.0198639188779815,0.00887967538069958,1.9784665419597,1.14938015931879,-0.052601147016688
35.145,0.110360476432414,-0.0101342719277176,-8.62175772099398e-05,-0.0589446908100765,-0.0524888915477731,0.0038128809687345,0.0920636609804959,0.0495453177301963,0.0101873385465568,1.79303170199628,1.1632194038475,-0.0480159723044573
35.15,0.0948049027981172,-0.0110091255517756,0.00266647185470355,-0.0860573203749213,-0.0492037606247326,0.00425046715994929,0.0321937125193184,0.0765739515206636,0.0111778441252781,1.61113256821971,1.16851532986238,-0.0435722243167491
35.155,0.0826651757543277,-0.0118695908598266,0.00499118194331819,-0.106781706959421,-0.0438110928775044,0.00443482662727077,-0.0247735465259615,0.100540357030855,0.0119099354928787,1.42786486194956,1.16542826275442,-0.0393991569712779
35.16,0.0747439923457535,-0.0127120814224207,0.00682969508906961,-0.120871085710479,-0.0368659261363642,0.00436701109107493,-0.0813245184804824,0.121154047726111,0.0124396258021924,1.24130014721449,1.15433518628347,-0.0356152387707039
35.165,0.067583153095362,-0.0135223338219908,0.0081431526809419,-0.130260815881626,-0.0289252399411491,0.00406719924525578,-0.130395883218964,0.138248729251779,0.012817421047148,1.06462717417285,1.1358011379985,-0.0323245262402325
35.17,0.060959452406719,-0.0142766382291629,0.00891237133107843,-0.135245563886135,-0.0205135547510703,0.00357026370008168,-0.172408359739159,0.151780952849892,0.0130864447661411,0.899247975374193,1.11054338852616,-0.0296139582678198
35.175,0.0540249883272597,-0.0149443023389384,0.00913726088222073,-0.137168962275166,-0.0120979826625455,0.00292101757581075,-0.20187758285638,0.161822608647042,0.0132814895053368,0.758701170170212,1.0793910110008,-0.0275516668446941
35.18,0.0464116199178299,-0.0154909611390072,0.00883546037469278,-0.136502346778337,-0.00407256582384886,0.00216954760496278,-0.217924402946478,0.168548087653151,0.0134289361783591,0.646740966132341,1.04324255723422,-0.0261863175467515
35.185,0.0387876094659815,-0.0158823011488035,0.00804034044228194,-0.13227120143294,0.00324905553339163,0.00136695727323518,-0.229506508339255,0.172217274421673,0.013547408394787,0.546514927375667,1.00302445670929,-0.0255474149686693
35.19,0.030978490629654,-0.0160877683876024,0.0067985394279686,-0.124971694067681,0.00963413724435155,0.000561751250286676,-0.237256554243013,0.173155745988933,0.0136489722234797,0.458112216244042,0.959652466440942,-0.025646442609813
35.195,0.0237162423872076,-0.0160838701678672,0.00516720625826383,-0.114087584015177,0.014926251193806,-0.000202999138048656,-0.250206381539059,0.171733635373151,0.0137406583296403,0.364221509383812,0.91399806363807,-0.0264786606030575
35.2,0.0163668216131965,-0.015856754350745,0.00321111715383821,-0.101003247921306,0.0190374299815432,-0.000891652934990728,-0.263911290824118,0.168344572552739,0.0138260759118117,0.274919100821328,0.866861138616815,-0.0280253631565062
35.205,0.00842093671797835,-0.0154038460529009,0.000999817678157277,-0.0868163550036386,0.0219386779795555,-0.00147717284450114,-0.274681968464593,0.163385958856214,0.0139069061299271,0.19822275258508,0.818949766503338,-0.0302564023713013
35.21,-0.000149229620580897,-0.0147344298272731,-0.00139508103067657,-0.0720578651758972,0.0236501961827859,-0.00194154330037789,-0.282967070848629,0.15724158903546,0.01398410336141,0.133369851454768,0.770867265124025,-0.0331328140127746
35.215,-0.0102728086244178,-0.013869173907348,-0.00390235005521933,-0.0570094728434201,0.0242322948743869,-0.00227554059462756,-0.284967304847741,0.150267342072203,0.0140586896578766,0.0919699048747783,0.723106228112877,-0.0366094279073411
35.22,-0.020864050114748,-0.0128386921526765,-0.00645326161883693,-0.0425081576025,0.0237775700421753,-0.00247798602496472,-0.28541049358369,0.142780351249325,0.0141320935555943,0.0594647299096918,0.676048790918074,-0.0406374023279292
35.225,-0.0318073055890472,-0.011681320747097,-0.00898333470399722,-0.0290205591408254,0.0224045426865464,-0.00255462334345657,-0.284540950984893,0.135051767137731,0.0142060506816976,0.0347937721830881,0.629972065263674,-0.0451666783515665
35.23,-0.0429477124001971,-0.0104403448169419,-0.0114336892327079,-0.0169756423683481,0.0202526397379928,-0.00251676098163227,-0.282533728993874,0.127302968330198,0.0142821425789843,0.0169236569409422,0.585057474866217,-0.0501483973967188
35.235,-0.053802443953406,-0.00916094196149751,-0.013752013554538,-0.00670081329513939,0.0174781547268983,-0.00237981002139188,-0.278472076090783,0.119704870312465,0.0143610953359556,0.00424164479130727,0.541402640878625,-0.0555373550518147
35.24,-0.064376376529818,-0.00788711487338345,-0.0158931687896886,0.00126493115383877,0.0142506781061717,-0.00216183306018394,-0.273217552090159,0.112379840788797,0.0144419864432672,-0.00377069288532282,0.499034489639958,-0.0612945711772128
35.245,-0.0745298005083621,-0.00665886583977434,-0.0178194681108854,0.00660608989342738,0.0107494341717333,-0.00188219911223905,-0.267204796192919,0.105405650516551,0.0145215146998985,-0.00782687471768986,0.457922371314735,-0.0673900370772083
35.25,-0.0840084404044327,-0.00550982605676617,-0.019500679478029,0.00911103536778177,0.00715899910386545,-0.00156041722782083,-0.260494046221284,0.0988208666537911,0.0145934743731392,-0.00877432886956575,0.417990165540098,-0.0738056550993477
35.255,-0.0921053240969277,-0.00446549797282831,-0.0209138070085781,0.00863844055515073,0.00366399217474599,-0.00121519791516004,-0.2526027554967,0.0926311211028494,0.0146485439205846,-0.00777521002189368,0.37912658831717,-0.0805383170296239
35.26,-0.0984319970796791,-0.00354220576691977,-0.0220427094735654,0.00511484590760354,0.000442514783174394,-0.000863767719909967,-0.243367521543436,0.086815747545767,0.01467445605098,-0.00564181128107223,0.341193184760944,-0.0876029808270652
35.265,-0.103494874429082,-0.00274678410415563,-0.0228776147150259,-0.00149107318617943,-0.0023416584407104,-0.000521439308734027,-0.233736760476086,0.0813343655488458,0.0146565656106202,-0.00231870556658133,0.304029780915862,-0.0950355090895587
35.27,-0.107091797414536,-0.00207697437082098,-0.0234145863398392,-0.0111404448109114,-0.00454787665233519,-0.000201417953573132,-0.223819510003383,0.0761330867753962,0.0145787810449962,0.00170073055844119,0.267457464519642,-0.10289493767326
35.275,-0.109055662998125,-0.00152244531683487,-0.0236549939582462,-0.0237351154908749,-0.00606788018904029,8.51936746244288e-05,-0.213750623168323,0.0711501171692822,0.0144247799495252,0.00601134023618377,0.231279461509116,-0.111264760405706
35.28,-0.10825481318997,-0.00106631454589269,-0.0236050304445012,-0.0399258207234512,-0.00683478611580935,0.000329246000525969,-0.2007469415243,0.0663206223214193,0.0141793944036636,0.013829737127225,0.195280564609624,-0.120252756726467
35.285,-0.105595490751539,-0.000687020111143233,-0.0232753090538972,-0.0590293922167403,-0.00683085576642354,0.000523312814799949,-0.187496966576877,0.0615808058000528,0.0138300307937782,0.0216854083414146,0.159226043257669,-0.129988862960681
35.29,-0.101277292452729,-0.000360377614874201,-0.0226805596511699,-0.0806141069013761,-0.00609300172499495,0.00066145089810417,-0.174831321977457,0.056871218851213,0.0133679833347814,0.0286420467156638,0.122861207907676,-0.14062060270057
35.295,-0.0953188414015887,-6.16564519496786e-05,-0.0218394269685368,-0.10436078562392,-0.00471498749345807,0.000739016800094186,-0.162945394450988,0.0521393730276347,0.0127895103607309,0.0346214864065839,0.0859129996047997,-0.152305653518873
35.3,-0.0888805374796914,0.000232482832483929,-0.020774355328156,-0.127656539393539,-0.00284539065141355,0.000752599205434726,-0.159197237689892,0.0473417643403875,0.0120965658620514,0.0326431816113955,0.0480951053351968,-0.165201239955643
35.305,-0.0807831803934154,0.000542331898164093,-0.0195115247980642,-0.15202870521338,-0.000680650670908839,0.000700108209745243,-0.156704368729624,0.0424454380467355,0.0112971125226368,0.0300281816306249,0.00911813336399805,-0.17945020797849
35.31,-0.0711102244155287,0.000883878303558419,-0.018080785087376,-0.177279523246737,0.00154709526359091,0.000581038612582396,-0.15512628389454,0.0374292267554052,0.0104049825424114,0.0273018174479762,-0.0312937111349619,-0.195163852783472
35.315,-0.0600818603638715,0.00126804212820399,-0.0165155179899843,-0.203032799690236,0.00358718691304469,0.000396894557780335,-0.154647827237409,0.0322847807248436,0.00943929429264121,0.024469446805486,-0.0733782635467628,-0.212401835612001
35.32,-0.0476564502540866,0.00170046658962236,-0.0148523496106387,-0.230034653546809,0.0051918428559929,0.000151730022349391,-0.153203637190111,0.0270174779048311,0.00842347193851482,0.0241091437595068,-0.117302604739987,-0.231149828099008
35.325,-0.0345669983730874,0.00218188738301411,-0.0131306327898665,-0.256951270167278,0.0061403897771501,-0.000147272808006874,-0.152921863172027,0.0216472531319109,0.00738394780855134,0.0237830010526627,-0.163121732108656,-0.251295851846843
35.33,-0.0212073887805895,0.00270906371489255,-0.0113916306128486,-0.283177947218595,0.00626433085657457,-0.000489293197375322,-0.154254742987441,0.0162093234322599,0.0063486507677279,0.0231278337571245,-0.210729440292949,-0.272606618699336
35.335,-0.00793372072434616,0.00327620656049349,-0.00967735538091871,-0.307990279669426,0.00547077655698376,-0.000859554433954936,-0.156880667526682,0.010754714930287,0.00534539669092496,0.0222151453986798,-0.259803172715717,-0.294705500855552
35.34,0.00491039428044385,0.0038767873602301,-0.00802905433041878,-0.328966925231177,0.00376144747461744,-0.00123932986771513,-0.158434855585531,0.00535042516801601,0.00440029912135933,0.0211138458026037,-0.309745737783876,-0.317054042708049
35.345,0.0170115660917698,0.00450555575479787,-0.00648538216414547,-0.348136030948513,0.00124438875171709,-0.00160639190347773,-0.161742950548624,7.89946484058698e-05,0.00353631022271902,0.0198729504724057,-0.359627942633535,-0.33893913874455
35.35,0.0280335573504122,0.00516054283550792,-0.00508035720953775,-0.36519837421334,-0.00186423761858018,-0.00193599380194445,-0.166691964373573,-0.00496277315132669,0.00277198596134981,0.0185374189123145,-0.408137265220683,-0.35946811325056
35.355,0.0377131746695685,0.00584478384161128,-0.00384125636816338,-0.379805723278724,-0.00525036313915804,-0.00220242617987215,-0.175023392978795,-0.0096661999859691,0.00212054749228585,0.0164753679980618,-0.453538525272584,-0.377573915925472
35.36,0.0458745624130615,0.00656747016430889,-0.00278665559059641,-0.391706689879083,-0.00852542962031353,-0.00238112653504222,-0.187571957703288,-0.0139144331918518,0.00158928573343029,0.0134086821412444,-0.493652984263058,-0.392032459878047
35.365,0.0523399465570294,0.00734424450251383,-0.00192485798885472,-0.400919381410465,-0.0112630558359614,-0.00245124616910781,-0.200831539941597,-0.0175875561750121,0.00117933086402405,0.0104869084140376,-0.525862275327842,-0.401493742633966
35.37,0.057075919604274,0.00819639367597032,-0.00125296179528979,-0.407370762182457,-0.0130476319773294,-0.00239850199444524,-0.214380985127308,-0.0205690512476559,0.000885785362464856,0.00771887346732073,-0.547142937252162,-0.404527779643104
35.375,0.0596646383530085,0.00914877664856475,-0.000756797928222927,-0.411210807045661,-0.01353206391459,-0.00221806999098647,-0.227906895734443,-0.0227533639823375,0.000698199875860228,0.00495497536330911,-0.554136048881213,-0.399685527454882
35.38,0.060398205524046,0.0102264516408694,-0.00041190798306166,-0.412394578884368,-0.0125004851428066,-0.00191722238672771,-0.240645042895952,-0.024054110035379,0.000601356448616467,0.00232809338880343,-0.543254535585214,-0.385573883645387
35.385,0.0598955945598225,0.011450130306486,-0.00018563866068704,-0.41091462358462,-0.00993055973228395,-0.00151738147015449,-0.251715699772926,-0.0244122716920872,0.000576313251466746,-2.02415493362227e-05,-0.510828217680538,-0.360942554573188
35.39,0.058696395212957,0.0128307759501739,-4.03039355498121e-05,-0.406864357588017,-0.0060491719354958,-0.00105526718361513,-0.260259340452086,-0.0238035856569867,0.000601657986785913,-0.00202015991329115,-0.453283729584422,-0.324779148435733
35.395,0.0583605829210628,0.0143638564445617,6.27769912610807e-05,-0.398199180389415,-0.00137497606726916,-0.000582858280327343,-0.265333805333471,-0.0222442578789198,0.000654912184558609,-0.00351395935913086,-0.367353256593338,-0.276407388400506
35.4,0.0589882915386018,0.0160239344209195,0.000158703695631825,-0.387094596610947,0.00325843443039447,-0.00016596881975135,-0.26598455532934,-0.0197941804374458,0.000714024198448858,-0.00446362625582206,-0.250302858571015,-0.215581994699792
35.405,0.0614478259849657,0.0177603973288517,0.000274347362887138,-0.373472122422506,0.00670403904220546,0.000118640718309887,-0.261262532595125,-0.0165569823534987,0.000758883812214898,-0.00472913410696753,-0.100168247776368,-0.142572728958079
35.41,0.0666686340996475,0.0194951680133069,0.000424191598517742,-0.357373171391631,0.00753130476673507,0.000187554325809962,-0.250300266475306,-0.0126765168364645,0.00077278564566744,-0.00413048637938837,0.0840164644648604,-0.0582295126890887
35.415,0.0755986179001822,0.0211231672932686,0.000607257179492025,-0.340205621812507,0.00408609593100123,-4.38270742779062e-05,-0.232395401069734,-0.00832974994300137,0.000743762554898106,-0.0024547745007494,0.302013087254511,0.0359794043557015
35.42,0.0890552088744866,0.0225161083415848,0.000805673736472264,-0.319115835921267,-0.00542035034749945,-0.000655004870908759,-0.20698690304071,-0.00371643103611198,0.000665705325450161,0.000362332088394189,0.552213304111732,0.137963412750478
35.425,0.107768520577045,0.0235298878423872,0.000985351036033818,-0.293212748223966,-0.0227970157257473,-0.00171379662162007,-0.173830385771292,0.00095365751411287,0.000539183109043676,0.00453295161792683,0.831528187448075,0.245045166608684
35.43,0.13279489852959,0.0240154184753385,0.00109901602417665,-0.261539695773161,-0.0497395260061663,-0.00327003558961673,-0.132974385428327,0.00547471266687567,0.000371882400214248,0.0103509919147999,1.1353472922285,0.354038913312638
35.435,0.164956195238285,0.0238322582987646,0.00109163026396726,-0.222871464627444,-0.0876859805494368,-0.00535017870640342,-0.08489277954475,0.00965877718852512,0.000178592805051024,0.0182545805907121,1.45757817487661,0.461371452445444
35.44,0.203476215639015,0.0228638902516299,0.000907907306432825,-0.175267872784189,-0.137672483288789,-0.00795341163489339,-0.0305207499965729,0.0133479626546302,-1.93132772568189e-05,0.0284851421977662,1.79077284971373,0.563242078740752
35.445,0.248168879563616,0.0210330579662315,0.000501341544862936,-0.116965391815266,-0.200199621696976,-0.0110497379328283,0.0289226276408645,0.0164236310352755,-0.000194932267475516,0.0413525039642376,2.1263424137387,0.655814155878872
35.45,0.295708123705525,0.0183152467968683,-0.000156123516873102,-0.0439038017022781,-0.275121173210535,-0.0145803763150124,0.0918403056864265,0.0188114312443172,-0.000317401767330167,0.0564296294900997,2.45485515613488,0.735427469146236
35.455,0.346563487851488,0.0147482811406157,-0.00106487904705742,0.0449643626090126,-0.36156537976664,-0.0184605797897749,0.156351536003172,0.0204815526970757,-0.000353941207965738,0.0739344812700174,2.76640732118022,0.798817585456426
35.46,0.401361995492599,0.010436143992668,-0.00219009590179193,0.150283527487995,-0.45789725279232,-0.0225847536509561,0.220467320852988,0.021444143962071,-0.000272263335565367,0.0944125635798653,3.05104977384084,0.843326463518966
35.465,0.459067515421671,0.005545537655631,-0.0034570265013772,0.273608681076405,-0.561727675522274,-0.0268335110078574,0.282135775870301,0.0217404778083722,-4.32150783483494e-05,0.118077008109566,3.29924861935261,0.867087803697709
35.47,0.51929174688542,0.00029438433367142,-0.004750197922047,0.416875800536231,-0.66997176215323,-0.0310820914244847,0.33933486941357,0.0214310377793976,0.00035653197855606,0.145452272317107,3.50235383569274,0.869171308708632
35.475,0.580331171047695,-0.00506764036288882,-0.00591722245200741,0.580446740591318,-0.778955286317356,-0.0352094054514134,0.39029297931455,0.0205821672954411,0.0009419490287506,0.176555184497452,3.65304761662332,0.849672212923859
35.48,0.640763850744082,-0.0102854308615619,-0.00677751720378183,0.764369762546774,-0.884564318313713,-0.0391068757211987,0.433563692961975,0.019253182907916,0.0017174955553089,0.211369653669593,3.74574370912496,0.809736043911963
35.485,0.699487461197491,-0.0151295042235392,-0.00713570208708871,0.968325143589151,-0.98242983405208,-0.0426862365976102,0.468118953654127,0.0174858566101458,0.0026755570269652,0.24988491992257,3.77691072810297,0.751513360179205
35.49,0.756293250874121,-0.0194287739033028,-0.00679888957125604,1.18627321345753,-1.06813627684614,-0.0458855323590837,0.492189297832076,0.0152979023986035,0.00379566200750877,0.291166255190254,3.74529623274239,0.678044779044217
35.495,0.810237504780574,-0.0231014287898415,-0.00559655365234304,1.41718798533973,-1.13744111010396,-0.0486727116114973,0.505627511536212,0.0126815851362363,0.00504461803426815,0.334893528279988,3.65203405739296,0.593082477679998
35.5,0.860166059755289,-0.0261800776655628,-0.00340123481577022,1.66278604654857,-1.18649146079951,-0.0510464366773498,0.50985201966941,0.00960786913482023,0.00637763892465113,0.381228008029527,3.50062463436656,0.50085996615795
35.505,0.905754130764993,-0.0288275492403878,-0.000148061887296452,1.92044693458752,-1.21202409253383,-0.0530339873603688,0.505943698091331,0.00603573314050386,0.0077404552518953,0.429603750969803,3.29678630920067,0.405826731737093
35.51,0.947814535247076,-0.0313404367839226,0.00414900452742069,2.1892205792501,-1.21153613573902,-0.0546864107854794,0.496653529727835,0.0019255073730849,0.00907231142392038,0.482094617105164,3.04818431270139,0.312367826558119
35.515,0.986281520550822,-0.0341385970206944,0.00938615494612084,2.46552048649844,-1.18341612110451,-0.0560713244648309,0.483834394946971,-0.00274555255189445,0.0103096655995094,0.537820344634388,2.76405245224789,0.22453021423188
35.52,1.02077940563277,-0.0377402482392759,0.0153655188330027,2.74422324830086,-1.12702771380735,-0.0572639928723066,0.468595826175232,-0.00796765571503189,0.0113903318774182,0.593683593863426,2.45473005570656,0.145777463277141
35.525,1.05179679118647,-0.0427239057072285,0.0217987728406358,3.0217089202276,-1.04274187816427,-0.0583374491235659,0.452958302735756,-0.0136851565457325,0.0122577467996331,0.648463076497085,2.13114263979522,0.0787921316222621
35.53,1.07992466173443,-0.0496799550224446,0.0283188810294571,3.29439279959671,-0.931916730925037,-0.0593525112455121,0.438809948079835,-0.0197876628456852,0.0128650117635852,0.700809378695593,1.80425868515893,0.0253410931624506
35.535,1.10579923758206,-0.0591559996322983,0.0344995057357334,3.55882499445498,-0.796827777789648,-0.0603485439338535,0.427768620793843,-0.0261072212365269,0.0131783644473597,0.749282634950374,1.48455644518543,-0.0137865129010612
35.54,1.13004251927395,-0.0716010500457051,0.0398808683086075,3.81177221563973,-0.640554305885606,-0.0613357466120165,0.421067456005724,-0.0324225063311914,0.0131797674907664,0.792396991944508,1.18153375150396,-0.0387655310471696
35.545,1.15320563616367,-0.0873140167879934,0.0440001754283633,4.05027882132439,-0.466830206490324,-0.06228961849546,0.419477391228162,-0.0384700729307687,0.0128683694118063,0.82867309774857,0.903290374759996,-0.0506488315797979
35.55,1.17571781092336,-0.106401759757412,0.0464242315337299,4.27170627153684,-0.279869273908953,-0.0631480771120163,0.423269214247525,-0.043961834617958,0.0122606854612496,0.856693608223878,0.656206931223049,-0.0512190898634082
35.555,1.19784457541209,-0.12875114243373,0.0467815848409362,4.47375228278742,-0.0841759879820867,-0.0638115062214681,0.432218242849329,-0.0486071255187884,0.0113894562481081,0.875159918472456,0.444737055351094,-0.0427935209701568
35.56,1.21965822633314,-0.154018225382116,0.0447915329814149,4.65445273947292,0.115647068245063,-0.0641457998409996,0.445651078614266,-0.0521370899444288,0.0103012589498096,0.882948626726884,0.271321193058839,-0.0280004609437491
35.565,1.24119359422525,-0.181636059799064,0.0402875464737196,4.81168505779714,0.315084619027071,-0.0639882663750544,0.461872977482976,-0.0543288050297064,0.00905305841271817,0.87890812564838,0.136421612322354,-0.00954841454165628
35.57,1.26351502431982,-0.210840704348321,0.033233128606857,4.94017082811935,0.509877658375763,-0.0631560726651525,0.474366354088098,-0.0550265155480544,0.00770798252461921,0.860358200189916,0.0386698089194279,0.00999214746134692
35.575,1.28461281688196,-0.240713303012076,0.0237287691995174,5.04305640741748,0.696168441474627,-0.0614567508077378,0.487435174934791,-0.054157648036625,0.00633067845297559,0.82919496578562,-0.0248899078014266,0.0283762511309169
35.58,1.30378839894049,-0.270234533912581,0.012009400366624,5.11955928591652,0.870616053485291,-0.0587001666617382,0.499693215442529,-0.0517418333268648,0.00498264659073671,0.785456854035488,-0.0584826629018595,0.0438270812029227
35.585,1.32020638599469,-0.298346635979813,-0.00156744956566776,5.16914671994797,1.03047931455264,-0.0547112614425411,0.509842965357076,-0.0478919286029751,0.00371795322532562,0.729523706178279,-0.0672369206219042,0.0551248615853445
35.59,1.33283595804821,-0.324017648962276,-0.0165418556583576,5.18690176253882,1.17366595998551,-0.0493428278941866,0.512391125801226,-0.0428068952299054,0.00257969031021161,0.657853216524437,-0.0567974947155484,0.0616386209792494
35.595,1.34067163449211,-0.346302500367454,-0.032378449972107,5.17124456112645,1.29874903803931,-0.0424875698801319,0.505492587018951,-0.0367572509465954,0.0015974840031611,0.570399289280551,-0.0329445651089943,0.0633031074144668
35.6,1.3428898237073,-0.36439611038712,-0.048498032212154,5.12804187913554,1.40495318002283,-0.034088717653832,0.494229467542835,-0.0300645741081989,0.000786258833724049,0.473943721521932,-0.00124307658682772,0.0605480906414227
35.605,1.33861476771893,-0.377674673564806,-0.0643114330675672,5.05776540822537,1.4921147413328,-0.0241485291484875,0.478469371259055,-0.0230771103101196,0.000146350229622216,0.370207410141402,0.0332572558890555,0.0541911760468455
35.61,1.32694613684415,-0.38572257991991,-0.0792531264881206,4.94820425103157,1.56062074780937,-0.0127340988327856,0.461449379354791,-0.0161438608637756,-0.000335064604913059,0.267809829089472,0.0662564276851718,0.0453077296126242
35.615,1.30719216180615,-0.388343898074966,-0.0928121942700237,4.79147048131625,1.61133210391347,1.99819439975812e-05,0.445226561204678,-0.00958959248628654,-0.000681367142458263,0.172573019006812,0.0943641687232195,0.035092435955641
35.62,1.27921481750646,-0.385558792403209,-0.104558540890236,4.6094255204115,1.64549665008363,0.013912418653845,0.425336946778805,-0.00369300520004105,-0.000922984203290263,0.0756036143295181,0.115182659413464,0.0247264127408637
35.625,1.24287937273176,-0.377586533489292,-0.114162704999592,4.40382422702774,1.66465744047813,0.0286795927939122,0.402514034132159,0.00133013208792276,-0.00109329648787145,-0.0210677654372617,0.127314816774987,0.0152618759473436
35.63,1.18254361444002,-0.36481776635422,-0.121408172789601,4.09984256117834,1.67056111060266,0.0440034668011115,0.387666295955271,0.0053376606177019,-0.00122435345188313,-0.0773362971400985,0.130305991571247,0.00753340821874771
35.635,1.10904808127836,-0.347779347464992,-0.126195718292804,3.75319874268358,1.66507049114853,0.0595227543557757,0.373534971176494,0.00826498800741569,-0.00134279169801661,-0.121716798251042,0.124530803634505,0.00210132379068357
35.64,1.02721308000077,-0.327095319960002,-0.12853992498704,3.38713261750379,1.65008477923849,0.0748468952536188,0.358136154145527,0.0101224728402952,-0.00146633003439199,-0.163297167213364,0.111039459642472,-0.00077112516400674
35.645,0.938022439975397,-0.303447481030281,-0.128558631191214,3.00496668980458,1.62746967766571,0.0895721846540939,0.342208776041915,0.0109870104355642,-0.00160115668800186,-0.200839063536189,0.0913791706780104,-0.0011084879886402
35.65,0.83822513745372,-0.277538557761185,-0.126456542687164,2.76157075225684,1.59899902399406,0.103299241362357,0.338563083248527,0.0109890854046905,-0.00174043921551859,-0.259274419219322,0.0674062543344058,0.000813440194533054
35.655,0.733230221966153,-0.250060328778708,-0.12250463240447,2.52103269841868,1.56630860983006,0.115650873293939,0.335303620944945,0.0102968776728292,-0.00186408430121213,-0.310854538637701,0.0411033057451005,0.00452454820585598
35.66,0.62479576498777,-0.221668207750765,-0.117017173159065,2.27805672820879,1.53086217727737,0.12628932449863,0.332166355923862,0.00909913793730621,-0.00193976324787163,-0.353341084489102,0.0144136707118777,0.00942957590057321
35.665,0.519092257259342,-0.192962945861539,-0.110328313105736,2.04178136108966,1.4939290000976,0.134931878666371,0.327393706443597,0.00758848928027351,-0.00192511025614591,-0.388614175053668,-0.0108973760571605,0.0148811350745022
35.67,0.424329141776152,-0.164479312008297,-0.102770006578639,1.82394136967893,1.45657202209032,0.141363855889172,0.318586798926348,0.00594658819136503,-0.00177090443862384,-0.419239582086611,-0.0333485534093815,0.0202488383838599
35.675,0.330843078707418,-0.136680952774171,-0.094652870727319,1.6116802666149,1.41964523304005,0.145448173519746,0.311013002978687,0.00433223139786673,-0.00142497101355042,-0.439294806665878,-0.0518126885775834,0.0249781445753316
35.68,0.23989108945576,-0.109960175125596,-0.0862511781339391,1.40702211610978,1.38379880213923,0.147130842506688,0.304628184079168,0.00287307562665045,-0.00083648782341251,-0.449108845066835,-0.0655512017345833,0.0286343734932794
35.685,0.159968169183463,-0.0846411594815925,-0.0777927541450589,1.19956642653782,1.34949044152661,0.146442025432674,0.295637537289895,0.00166119987776135,3.9637175551531e-05,-0.452312824481997,-0.0742157921668294,0.030929428962261
35.69,0.0885182099275962,-0.0609850956941242,-0.0694540677373593,0.996360078805917,1.31700151489818,0.143492573819581,0.28581869298168,0.00075233454847301,0.00123864394149431,-0.447696991553322,-0.0778222128287388,0.0317308437593294
35.695,0.0221938821022391,-0.0391959100616131,-0.0613603312046077,0.805189089017686,1.2864565132856,0.138466267849541,0.2769345262744,0.000168250149491552,0.00278234733204573,-0.434411040732238,-0.076702379126129,0.0310546107373646
35.7,-0.0384925408130866,-0.0194255687793959,-0.0535899994058545,0.626908397051008,1.25784466963303,0.131608276555931,0.268639926245765,-9.84315843618126e-05,0.0046763535521993,-0.413531740690307,-0.0714417001242802,0.0290447206384415
35.705,-0.0915804144202031,-0.00177834114753009,-0.0461827199462007,0.471904873858931,1.23104265630006,0.123210615382292,0.261282700624219,-7.78571564998548e-05,0.00690824033940611,-0.386310421671682,-0.0628084947276639,0.025943286050534
35.71,-0.136268277757052,0.0136861806739423,-0.0391495578794996,0.344468613837472,1.20583748736002,0.113595577577553,0.25473498444155,0.00018415107014084,0.0094468026236877,-0.353987333369303,-0.0516817673610833,0.0220555546673297
35.715,-0.174945990270255,0.0269511401029579,-0.0324842168036812,0.229951925261287,1.18194891466145,0.103098237920564,0.24752312772161,0.000633131550978699,0.0122423931357068,-0.317694188422692,-0.0389826123127689,0.0177140283957061
35.72,-0.207723770849905,0.0380411121737677,-0.0261740042618018,0.128015673745255,1.1590507512034,0.0920491608152412,0.239259342010555,0.00121235543614744,0.0152283209055394,-0.278682449494391,-0.0256132579681777,0.0132453850023547
35.725,-0.234814636373723,0.0470208444891315,-0.0202094324581863,0.0381542371013418,1.13679067143533,0.0807583877531151,0.229569983872891,0.00186811999618896,0.0183232136702876,-0.238170233936536,-0.0124064162458616,0.00894306016592855
35.73,-0.254782422924734,0.0539934310181903,-0.0145915838924673,-0.0357841537297136,1.11480812508981,0.0695016385372685,0.216092950598909,0.0025537508056595,0.021434204995174,-0.197246369400908,-8.63147856599053e-05,0.00504732403220277
35.735,-0.267575664824187,0.0590974090520779,-0.00933667583018244,-0.093314178406484,1.09275006169009,0.0585094519480389,0.197941687742974,0.00323227879076669,0.024460773879851,-0.15701578118974,0.0107583263671809,0.00173361415934866
35.74,-0.276027984686153,0.0625024652104781,-0.00447759299673093,-0.141450468660049,1.07028420020437,0.0479597368309326,0.177652259322702,0.00387789543102759,0.0272990429612649,-0.118589524489985,0.0196899821540548,-0.000891110094615016
35.745,-0.280574315942373,0.0644036843225614,-6.24889532693451e-05,-0.181033012678667,1.04710959571606,0.0379739301231463,0.155061355108764,0.00447637461766099,0.0298463295500724,-0.082859571349977,0.0264278757738661,-0.00278504875621053
35.75,-0.281259356467247,0.0650145293240848,0.0038491494469799,-0.212290454811049,1.02296425758863,0.0286166913391469,0.129980267691104,0.00502468242823189,0.0320057398228616,-0.0505746965114856,0.0308449224353326,-0.00396291490118156
35.755,-0.265927845888062,0.0645589576441281,0.00719234990706168,-0.216860368520477,0.997629571097412,0.0198988285120862,0.0983247095104997,0.00552998446443474,0.0336905989337379,-0.0219278085659283,0.0329576779836536,-0.00448390324560053
35.76,-0.249183022680166,0.0632632258785738,0.00990364172805923,-0.21682171808177,0.970931281698637,0.0117829682567704,0.0647213123246037,0.00600821869494555,0.0348285175348882,0.000868235607627832,0.0329108221516744,-0.00443824952629771
35.765,-0.231413793089225,0.0613479899928704,0.0119283502690948,-0.212971697971924,0.942736835694741,0.00419136452503254,0.0294941547355188,0.00648234729039332,0.0353649078086016,0.0174490630007416,0.0309575163263426,-0.00393415024501446
35.77,-0.219296574634543,0.0590212693819061,0.0132273963795862,-0.221868136832273,0.912948950410358,-0.00298481004522415,-0.00437859498820938,0.00698035079396207,0.035265779871627,0.0279967099374011,0.0274367501451271,-0.00308642207568493
35.775,-0.21645471848216,0.0564727222054359,0.0137829049445128,-0.252519414500202,0.881495426148672,-0.00987533489665498,-0.0348024948977697,0.00753299588949653,0.0345196730699275,0.0334050087806486,0.022748590662921,-0.00200777648922555
35.78,-0.212002424738916,0.0538695015794122,0.0136020928570095,-0.277337845641452,0.848315422562242,-0.0166205580084228,-0.0655157793041322,0.00817140219403758,0.0331386072012066,0.0332202827075017,0.0173281172195071,-0.000803044113462899
35.785,-0.206279278139807,0.05135376007229,0.0127191104314017,-0.296764253906959,0.813342708883869,-0.0233612474784551,-0.095794459588985,0.00892445534825306,0.0311579768833566,0.0274695033278202,0.0116187890349718,0.000433822045078705
35.79,-0.189151453403713,0.0490416776625438,0.011194727780544,-0.288523128519339,0.776486755419071,-0.0302290587498092,-0.123965977776673,0.00981615790695127,0.0286353583384032,0.0135971977527209,0.00604605282358801,0.00162054332340369
35.795,-0.168683532396308,0.047023735668079,0.00911396625182169,-0.270295824229229,0.7376129430259,-0.0373378910606328,-0.149882673107672,0.0108630653220312,0.0256482509926095,-0.00738487225122976,0.00099213398553325,0.00268595676435446
35.8,-0.149217145451959,0.0453658670779084,0.00658195513105737,-0.251498822537546,0.69652359302778,-0.0447763146543471,-0.173134903302707,0.0120720075474563,0.022290834436379,-0.0342160390420124,-0.00322687180085539,0.00356904599838543
35.805,-0.130915612279324,0.0441110915296101,0.0037184309556309,-0.232429581121572,0.652941914770703,-0.052601180780235,-0.193016729282289,0.0134383328832326,0.0186698810683435,-0.0664234827450895,-0.00638033077252794,0.0042184392958453
35.81,-0.120816558361005,0.0432812880304082,0.00065138240837645,-0.229352068920909,0.606501276674609,-0.0608324816340943,-0.208627007969271,0.0149449173452848,0.014900021720094,-0.10049393705492,-0.00833746191599036,0.00459303670905389
35.815,-0.11181040376978,0.0428788568046373,-0.00248962444091242,-0.224937628078956,0.556742370994523,-0.0694495044032936,-0.219772638374048,0.0165621524668986,0.0110986106238179,-0.138198759414527,-0.00907545261217677,0.00466410029890091
35.82,-0.103535775090542,0.0428881520489573,-0.00557992454512301,-0.218225510300515,0.503120806708157,-0.0783883163824065,-0.226131152135216,0.018249055477419,0.00738047203678479,-0.179140236548238,-0.00868015593493348,0.00441875043634494
35.825,-0.0968888929297392,0.0432767049122097,-0.00850558150350788,-0.210548151600943,0.445027381428056,-0.0875406190470215,-0.227774432193638,0.019955543307311,0.00385282898996471,-0.222078705959215,-0.00733859640520845,0.00386441340553821
35.83,-0.0936292936891944,0.0439963763055816,-0.0111682035044311,-0.204271121367067,0.381822719375643,-0.0967540105919753,-0.225204430211312,0.0216257868572999,0.000610711496533462,-0.264727061970162,-0.00532305683058349,0.00303341837898505
35.835,-0.0908776319091007,0.0449846621310202,-0.0134884998656866,-0.195220755816026,0.312887106902781,-0.105833693028236,-0.217679039734799,0.0232024298946169,-0.00226688454064063,-0.308475258228323,-0.00296721170513872,0.00198669746194893
35.84,-0.0886491494151629,0.0461664061480776,-0.0154084508371639,-0.183602337028802,0.237685225217324,-0.114545648365683,-0.205543687436574,0.0246313354113407,-0.00471986500009877,-0.35265409341726,-0.000635558949960384,0.000815442088141094
35.845,-0.0869269394060341,0.0474561533135872,-0.0168920796654681,-0.169637407706066,0.155844117768778,-0.122621288382428,-0.189297733122281,0.0258664284546319,-0.00670877708678874,-0.396565687572897,0.00131179311116754,-0.000360362145411077
35.85,-0.0856649870244505,0.0487613027614854,-0.0179249189846669,-0.153567612725529,0.0672412145579747,-0.129763555953905,-0.169567696579441,0.0268741525194719,-0.00821534839936534,-0.439485402179358,0.00255619216365728,-0.00139735629340742
35.855,-0.0846913751665057,0.0499861058209951,-0.0185123467417739,-0.134239101485935,-0.0279023254033122,-0.135654426119204,-0.147021725799105,0.0276370558186765,-0.00924184283713893,-0.47998865086053,0.00285600206570227,-0.00213861520839237
35.86,-0.0839879181991201,0.0510364175870508,-0.0186770261857552,-0.113353169019095,-0.128929166344939,-0.139963725561329,-0.122481364067549,0.0281560770762967,-0.00980933944119661,-0.517685158130988,0.00207698639973322,-0.00242774502286596
35.865,-0.08349733148523,0.0518249709806039,-0.018455718625185,-0.0919259074885948,-0.234661692006721,-0.142359162810068,-0.096754778748655,0.0284512041613332,-0.00995511959493079,-0.552125873546476,0.000213867503694215,-0.00212657963708578
35.87,-0.0831042666094078,0.0522768207228087,-0.0178957475218171,-0.0702153413108535,-0.343334537989658,-0.142517438812992,-0.0705863610236909,0.0285603228989539,-0.0097294098150573,-0.582562352216741,-0.00260018241943217,-0.00113518891178376
35.875,-0.0828877439356301,0.0523345191346615,-0.0170513805049756,-0.0485695710951821,-0.452552355678113,-0.140136285527639,-0.0446374776178061,0.0285362429799898,-0.00919176480617848,-0.608700588783368,-0.00609856249227963,0.00058761087232264
35.88,-0.0826910134824474,0.0519625489795442,-0.0159803657628028,-0.0271245623109529,-0.559281047462027,-0.134947252401073,-0.019455602544533,0.0284420654889036,-0.00840738375312182,-0.629859626561125,-0.009902058136743,0.00300542950662188
35.885,-0.0821734585337173,0.0511505571079562,-0.0147408155650545,-0.00599663234745724,-0.659879617842573,-0.126729018984578,0.00456603841686753,0.0283452241282309,-0.00744363012608785,-0.644970664442737,-0.0135552806704144,0.00598951114104591
35.89,-0.0812218770838989,0.0499150059686759,-0.013388577446485,0.0145878031764521,-0.750177922547396,-0.115320949355906,0.0272175669772689,0.0283106733326624,-0.00636697326435524,-0.653534320193523,-0.0165769425828509,0.00931024774552665
35.895,-0.0796747010862693,0.0482989809852373,-0.011975177915365,0.0344080200268451,-0.825603003078088,-0.100636516487651,0.0484127333245867,0.0283937981887807,-0.00524049409747672,-0.653688128170177,-0.018520543124789,0.012636915093423
35.9,-0.077394484217117,0.0463700474445337,-0.0105463691788459,0.0532366423732017,-0.881353471667048,-0.0826761129662299,0.0681663157510471,0.0286336750176653,-0.00412200634515252,-0.644396967167961,-0.019040558506972,0.0155469401171167
35.905,-0.0743393913871378,0.0442162236795154,-0.00914126036354673,0.0710316930916186,-0.912617736595905,-0.0615386350835923,0.0869172892766965,0.0290473140690325,-0.00306274979113353,-0.628359738649692,-0.0179580821550033,0.0175451863044865
35.91,-0.0703667833137823,0.0419403087326029,-0.00779197424954931,0.0877878278503197,-0.914827972136352,-0.0374310932248832,0.105204548059357,0.0296254677831238,-0.00210652664826516,-0.605784362925757,-0.0153192015703027,0.0180927790874848
35.915,-0.0653195782039416,0.0396529541193981,-0.00652374082183272,0.103562207834039,-0.883937938669146,-0.0106753820150809,0.123699441415231,0.0303304936205479,-0.00128908864125304,-0.577068365620969,-0.0114393514474966,0.0166439796789066
35.92,-0.0590271894743201,0.0374649859049687,-0.0053553210902131,0.118471355683748,-0.816709379130507,0.0182887365261565,0.14316296876771,0.0310966258447598,-0.000637552620077915,-0.542789014976325,-0.00692751588339621,0.0126886607699422
35.925,-0.0512732796468254,0.0354795544300009,-0.00429964864829804,0.134083881876812,-0.710989094816837,0.0489053975344764,0.165125384649092,0.0318328433032751,-0.000169634090226213,-0.50649780024227,-0.00268546615296259,0.00579714974172081
35.93,-0.0419307638119937,0.0337847082856343,-0.00336458131667575,0.149619135154447,-0.565957245862734,0.0805100286461784,0.189845503344704,0.0324283281050583,0.000107456439677118,-0.466038520310251,0.000120860334874406,-0.00433631800924838
35.935,-0.0308423137579755,0.0324469547276373,-0.0025536690959496,0.165248575700366,-0.382327181300217,0.112343070709432,0.217987687859005,0.0327603014318958,0.000198513635792851,-0.42214947858159,0.00011835884220583,-0.0178554774964471
35.94,-0.0178830842455392,0.0315062841344699,-0.00186686512221881,0.181191855581337,-0.16247834926028,0.143570409720257,0.25004442863029,0.032703806711459,0.000122167543929607,-0.375669181977086,-0.00418996668268529,-0.0347129914073984
35.945,-0.0029863587054399,0.0309730102052729,-0.0013011306504174,0.196952724766009,0.0894933693083498,0.173310481056275,0.285202426252093,0.0321427979065134,-8.71625664281725e-05,-0.326377478709836,-0.0143201597186474,-0.0546536581205292
35.95,0.0138266776127478,0.0308266237233503,-0.000850910524789111,0.213466249442879,0.36781928631076,0.200667486239317,0.324855281833192,0.0309816953243876,-0.000377530531602761,-0.276336416203693,-0.0316879374184073,-0.0772121272054519
35.955,0.0324377216203875,0.0310166923757341,-0.000508479572846272,0.230951374637049,0.665201321491202,0.224769582322388,0.369035582269579,0.0291564101176055,-0.000678385845463993,-0.226021828627698,-0.0574836208331145,-0.101726203330089
35.96,0.0526331131175844,0.0314656800183626,-0.000264180753382863,0.249703083901892,0.973054535462955,0.244810316225799,0.417285305605502,0.0266437318699784,-0.000900653596820378,-0.175381667372093,-0.0925512600034183,-0.127365494410151
35.965,0.0741337763798767,0.0320734221797699,-0.00010659117039319,0.270092661444222,1.28184110285097,0.260091042548117,0.468731572559442,0.0234679436568041,-0.000938453275560593,-0.123928830816624,-0.137282028072384,-0.153173817126913
35.97,0.096413313395936,0.0327228928867958,-2.26613733675372e-05,0.29191538060977,1.5814810609792,0.270061648093496,0.523472726788119,0.0197035971532777,-0.00067284345205109,-0.0717396153250101,-0.191531220564623,-0.178122548688392
35.975,0.118867790986403,0.0332868383574311,2.12351271101072e-06,0.315198849929554,1.86181877043677,0.274356669778729,0.580790014130785,0.0154735632912256,2.21936388737073e-05,-0.0178492285706426,-0.254566584682247,-0.201171130815739
35.98,0.140801596173516,0.0336348378317192,-1.64849895715124e-05,0.339924429378306,2.11311877206931,0.272823883851661,0.639861583504684,0.0109417789961834,0.00127155319918351,0.0390955302744642,-0.325053359986697,-0.221330285092008
35.985,0.161485446789671,0.0336403777816782,-6.18331374926881e-05,0.366054129191106,2.32656112044688,0.265542695175129,0.699494137820034,0.00630053198900413,0.00318890357638111,0.10092717465815,-0.401078555546961,-0.237723245074534
35.99,0.180485148831569,0.0331875847987096,-0.000116831207619636,0.393758194375428,2.49470470968894,0.252830174031476,0.754484324961726,0.00175264203714108,0.00586528063834166,0.171334364516911,-0.480213891339221,-0.249640465824159
35.995,0.196889949541797,0.0321773418206213,-0.000164563071552301,0.422738634164565,2.6118878310769,0.235233355058976,0.808487306218859,-0.00251052981627262,0.00935725448829318,0.250826739322544,-0.559613785804193,-0.256583811765699
36,0.210135360352806,0.0305325961774326,-0.000189034486981235,0.452907148964007,2.67453828460567,0.213507379692843,0.860806722130773,-0.00633373618534741,0.0136757480844067,0.341810102962567,-0.636142057919659,-0.258297090320258
36.005,0.219661131881077,0.0282027398618086,-0.000176039061150407,0.481475043522881,2.68137068333835,0.188580153274207,0.911810499287041,-0.00962313989795222,0.0187766953893642,0.445146147817617,-0.706518871672467,-0.254780905333442
36.01,0.225172919097683,0.0251669890506362,-0.000114105235786017,0.50646586628296,2.63345581289407,0.161505302521623,0.961465556364499,-0.0123698460026683,0.0245547118032455,0.562268593670902,-0.767478061224586,-0.246291045484016
36.015,0.226993594668851,0.0214367043848946,4.52624526336848e-06,0.531017175697503,2.53415552510436,0.13340624903096,1.00825412212965,-0.0146690755086306,0.0308407999711606,0.69713030854811,-0.815924435758816,-0.233320883323111
36.02,0.225536644751688,0.0170565781169273,0.000182956352673533,0.554919866018816,2.38892599361563,0.105415053145037,1.05207731836236,-0.0167324466933443,0.03740483380099,0.851324017375706,-0.849080987430637,-0.216569427093202
36.025,0.219911704005613,0.0121045803551663,0.000418783569796761,0.581909656423521,2.20500148866189,0.0786102387900371,1.09510039405723,-0.0188911646710036,0.0439631735724684,1.0273397188507,-0.864617042997789,-0.196897641692032
36.03,0.211513510990401,0.00669052228794197,0.00070343639300982,0.610578404691449,1.99097936614256,0.0539580183897484,1.13653051435564,-0.0215885290489911,0.0501913012421696,1.22534933144587,-0.860750165351137,-0.175276364481563
36.035,0.202273472474611,0.000953080025018305,0.00102175775866395,0.638822203016599,1.75633399227315,0.0322611653034993,1.17561196611434,-0.02536101934532,0.055740874540497,1.44473865661932,-0.836316828245937,-0.152729545225456
36.04,0.193558983514343,-0.00494485280998254,0.00135191200559138,0.666269191616623,1.51089224031675,0.0141192340523753,1.21269890756881,-0.0308082426960315,0.0602601342257566,1.68485491573227,-0.79080933156395,-0.130276629256401
36.045,0.188280472017486,-0.0108225399761165,0.00166567492742837,0.698156191657599,1.26430558035779,-9.70515376477755e-05,1.25113980152171,-0.038553134984143,0.0634162135579348,1.94156264295077,-0.724378869772383,-0.108877701181896
36.05,0.187007471597738,-0.016489431783962,0.00192915164081226,0.730524499978168,1.0255534369901,-0.0102555581140955,1.28928413363746,-0.0491948826904899,0.0649176384583614,2.21438661003201,-0.637806909217074,-0.0893845597262747
36.055,0.190653779939863,-0.0217546009143375,0.00210394538261369,0.761215348706491,0.802509453605325,-0.0164562538582638,1.32672297370074,-0.0632579593483599,0.0645352040284645,2.50123838864988,-0.53244890650775,-0.0725002660946224
36.06,0.199740499952554,-0.026437138098301,0.00214877341345263,0.788985795558492,0.601596854283134,-0.0190093924745397,1.36381541098361,-0.0811413352194556,0.0621194843168484,2.79761374119534,-0.410155797260759,-0.0587489697926289
36.065,0.208287720610887,-0.0303768659357398,0.00202149501487947,0.808072818839612,0.427551727773014,-0.0184005161714275,1.40160267890493,-0.103072230446725,0.0576134746309436,3.08517155148588,-0.2731795436266,-0.0484570376784569
36.07,0.223143267599136,-0.0334445718695103,0.00168148287995376,0.822060644661324,0.283304434120825,-0.015245439056533,1.43930733163212,-0.129068682764923,0.0510592574691184,3.37275387181014,-0.124069345487222,-0.041745756915374
36.075,0.244305984123354,-0.0355508741067334,0.00109223543119964,0.829894364768514,0.169980219014791,-0.0102390853334231,1.47688025378159,-0.158914675818061,0.0425980856789639,3.65545187293779,0.0344350640917443,-0.0385352005823898
36.08,0.274594664049173,-0.0366528425203977,0.000224096681379127,0.832850547341029,0.0870113077151407,-0.00410240575412064,1.51372834466505,-0.192150655117655,0.0324638386698663,3.93548043234511,0.199507225223421,-0.0385582709934131
36.085,0.315822140432855,-0.0367576136493133,-0.000943074666444739,0.831854942699873,0.0323449826155378,0.0024684424180707,1.54918175222427,-0.228081023032701,0.020970371925323,4.21429588008064,0.368329972092336,-0.0413834897733475
36.09,0.361450482233639,-0.035922462794109,-0.00241746107831271,0.822241065762659,0.00272604710532998,0.00884687555986667,1.58341503884081,-0.265798767661898,0.00849378929875294,4.47500357818673,0.538179913932436,-0.0464447909512498
36.095,0.409955225603687,-0.034251108461904,-0.00419324556297045,0.803290753959068,-0.00597191525905755,0.0145115734605145,1.61581570441243,-0.304225884958295,-0.00454892919327027,4.7126296028418,0.706497846512008,-0.053076388141382
36.1,0.446045003641263,-0.0318863919225551,-0.00624914426766955,0.79287916238759,0.0016062602745046,0.0190709873554881,1.64310927376388,-0.342166851314207,-0.0177232524721177,4.87932352117036,0.870943776203766,-0.0605507159913321
36.105,0.47313301102821,-0.0289998537185081,-0.00854765939018676,0.783869062425925,0.0206450704156901,0.0222756636127822,1.66527768339743,-0.378371239966829,-0.0306005914998396,4.98357017501363,1.02943634846876,-0.0681174719274915
36.11,0.497539208313079,-0.0257790714295619,-0.0110351637935247,0.765427399629484,0.0464772125407387,0.0240184874328606,1.68286196391552,-0.411600770257688,-0.0427802502898202,5.04597015731203,1.18017741389093,-0.0750418882237618
36.115,0.517889167170049,-0.0224138831317302,-0.0136428818815068,0.737556570406189,0.0748541937690114,0.0243239693938869,1.69494338370998,-0.440695717787163,-0.053908352413085,5.06383994937318,1.32166319625859,-0.0806405296000077
36.12,0.550078698162229,-0.0190827623073507,-0.0162887765741723,0.683919898916271,0.102154919480681,0.0233285367027957,1.68874779963543,-0.464635732276381,-0.0636926106195057,5.07307728917617,1.45268403113215,-0.084313124054109
36.125,0.576450755872103,-0.0159406106627729,-0.0188802938483079,0.621343381008945,0.125524685217599,0.0212543838590822,1.67410492221239,-0.482590692136735,-0.0719122365405908,5.03886697755523,1.57231492179726,-0.0855691834999479
36.13,0.595760370740575,-0.0131090918565344,-0.021317859033977,0.551317018769598,0.142943156756181,0.0183797467721781,1.65056120719378,-0.493958202577909,-0.0784227454159537,4.96022969427674,1.67989922856664,-0.0840484470175746
36.135,0.609073450725041,-0.0106703572009349,-0.0234989675647449,0.475011945343356,0.153225528061835,0.0150084841348505,1.61686469291015,-0.498385607233496,-0.083155846558121,4.8400997142759,1.77502769455407,-0.0795344754772304
36.14,0.620035744587045,-0.00866464675719597,-0.0253226712726869,0.393603181284366,0.155965669928937,0.0114416036621521,1.57084656158629,-0.495775793130908,-0.0861149805729556,4.68576898544697,1.857514754198,-0.0719610355961705
36.145,0.6232827494628,-0.00709183107581107,-0.0266942327608057,0.309107661230484,0.151433433196272,0.00795290710631606,1.51452267368257,-0.486277475287798,-0.0873673386544083,4.49295809166211,1.92737371619938,-0.0614112285473823
36.15,0.619225611220227,-0.00591654130427945,-0.0275297068501968,0.223184136584496,0.140440207982289,0.00477031271477567,1.44794071316045,-0.470261906278768,-0.087033361952866,4.26511475536946,1.98479201066238,-0.0481096370850339
36.155,0.613982188177485,-0.00507616865536081,-0.0277602102393839,0.140291933490849,0.124187368245579,0.00206372185760798,1.37574844805658,-0.448288946023263,-0.0852747690321404,4.01258608637108,2.03010729006883,-0.0324080777954239
36.16,0.609180062153805,-0.00449074089396054,-0.0273356575976544,0.0624281307066803,0.104111480809038,-6.03971155273422e-05,1.29977522890933,-0.421066060595067,-0.0822821079307406,3.74174417750659,2.06378481567897,-0.0147658399667699
36.165,0.59887045178176,-0.00407353329202455,-0.026227772256626,-0.0124606500103966,0.0817383613205014,-0.00155816286025097,1.21554228496824,-0.389404051301195,-0.0782626963940105,3.4499788871795,2.08639627097684,0.0042744461620139
36.17,0.58404710616641,-0.00374125785011999,-0.0244322192591181,-0.0830630880383537,0.0585555139896788,-0.00244213712404738,1.12400684310194,-0.354173148750368,-0.073429625488154,3.14241263794251,2.09859993267848,0.0241139603115776
36.175,0.563421045082995,-0.0034227934066682,-0.0219697539793836,-0.148773200377923,0.0359095249484068,-0.00277120188761691,1.03487749019529,-0.31626259047881,-0.067992287319744,2.84186648944768,2.10112199860261,0.0441263732817873
36.18,0.539829108858362,-0.00306565012223839,-0.0188863271438674,-0.208224891578292,0.0149319135543527,-0.00263796071312042,0.943556242194339,-0.276546024975245,-0.0621486758648203,2.54110629863998,2.09473881750098,0.0636865174226205
36.185,0.514923383414576,-0.00263967134281402,-0.015252133771479,-0.260529660989203,-0.0035059306067717,-0.002155184163223,0.848918397863772,-0.235854165883043,-0.0560795251027848,2.23974448882172,2.08025978313244,0.0821975468363592
36.19,0.489573744018122,-0.00213782262331317,-0.0111596370831478,-0.30517066084772,-0.0188105558929764,-0.00144268789089507,0.752351655438262,-0.194955181403419,-0.0499442066847444,1.94211563597044,2.05851073277337,0.0991152222268367
36.195,0.45611256905433,-0.00157425804636017,-0.00672063747096449,-0.353932338068453,-0.0306607172157382,-0.000615784834601234,0.659545949048807,-0.154542458890954,-0.0438782167980312,1.65771749700246,2.03031781222379,0.113968176042027
36.2,0.42407068609231,-0.000980147500646348,-0.00206249066891673,-0.393481691123142,-0.0389830518802496,0.000223870254701722,0.56764648143405,-0.115228722386751,-0.0379920367141383,1.38438192496828,1.99649191330811,0.126373306362929
36.205,0.394078075487488,-0.000397962935772746,0.00267639153868146,-0.423624989628574,-0.0439146837736673,0.000994582367116166,0.477840714307703,-0.0775450562263676,-0.0323711451197391,1.1247964292766,1.9578139309975,0.136045792346993
36.21,0.366467415175842,0.000124964037583532,0.00735159988893084,-0.444567177394404,-0.0457582538849806,0.00163795174651138,0.391286706759373,-0.0419432175293104,-0.027076980179363,0.881179023240643,1.91502120219751,0.142803594221201
36.215,0.34163350240236,0.000542793837827515,0.0118181661232674,-0.452768439548054,-0.0449343634210779,0.002119438991286,0.309005218153213,-0.00879968540207616,-0.0221486817392686,0.663562628797926,1.86879556124007,0.146566667592949
36.22,0.319627391705081,0.000816714508341225,0.0159361838208579,-0.449858285292544,-0.041935555602603,0.00242659589304296,0.231858156318169,0.0215798519589106,-0.0176054768366392,0.471959979746907,1.81975347343542,0.147351454553972
36.225,0.300259355819589,0.000919112086960577,0.0195763984881262,-0.4401514431137,-0.0372849057944707,0.00256555659985876,0.160535277487998,0.0489564946865155,-0.0134495953018114,0.299189597134809,1.76843869125629,0.145261483448887
36.23,0.283433388277365,0.000836057036594973,0.0226255412704308,-0.424241331741436,-0.0315011828799551,0.00255645604028572,0.095548891909647,0.0731551088654217,-0.00966961115296175,0.145324133538967,1.71531782400497,0.140475090910314
36.235,0.268982243944414,0.000568039120044093,0.0249911723586402,-0.402766495796291,-0.0250715121059702,0.00242843454074698,0.0372358399511955,0.0940623722017177,-0.00624409836888356,0.0100498997594302,1.66077912618707,0.133231358053905
36.24,0.254433367221017,0.000129120544228727,0.0266057983182504,-0.37826365094936,-0.0184316033940691,0.00221481260073353,-0.0101240936627843,0.111625643068308,-0.00314546924770245,-0.100442301823449,1.60513469639962,0.123815323433982
36.245,0.239719668439521,-0.000455129723797823,0.0274300351153253,-0.350813024312259,-0.0119529646320521,0.00194889628608486,-0.0468869467288094,0.125852187973154,-0.000343835892839966,-0.187554993508885,1.54862614173869,0.112543407336825
36.25,0.226775441852438,-0.00115043216086439,0.0274546088153903,-0.319099425630347,-0.00593611494765895,0.00166072240005657,-0.0773795412351077,0.136808208792481,0.00218929177841726,-0.259284398141732,1.49143360611258,0.0997497762397316
36.255,0.215215680269787,-0.00191679058773811,0.0267010217800466,-0.283871956982428,-0.000608633929169786,0.00137489401455113,-0.101878161422011,0.1446171365788,0.00447767667629581,-0.316875128592887,1.43368788497684,0.0857741231829884
36.26,0.203786330341688,-0.00271118913607665,0.0252207656893328,-0.246042182691335,0.00387311020184761,0.00110950928041861,-0.122961172761966,0.149456778347299,0.00653760216060389,-0.35928124756594,1.37548515231858,0.0709510751484088
36.265,0.192706201360439,-0.00348960912463125,0.0230930341615221,-0.206238053299017,0.00741957196582184,0.0008760639853419,-0.139261967315919,0.151555080524893,0.00837588825614509,-0.389736044684486,1.31690360913538,0.0556011986853285
36.27,0.18173968078309,-0.0042081482588835,0.0204209750741387,-0.165229485219642,0.010001788029605,0.000680120532045244,-0.150670461905914,0.151184467168722,0.00998883005811783,-0.41021614869743,1.25802113409116,0.0400233919718238
36.275,0.170019117898968,-0.00482321799678644,0.0173266211730661,-0.123396226920455,0.0116438679107776,0.000522487101234336,-0.155202192468113,0.148654885308075,0.0113621543970397,-0.417510333852649,1.19893279267394,0.024488348383472
36.28,0.155535343708839,-0.00529098644433044,0.0139447397864915,-0.0808223538372431,0.0124146044292233,0.000400640029822801,-0.14427398060466,0.144305815988927,0.012472018452052,-0.396097004299824,1.13976686425407,0.00923276451790429
36.285,0.139774489339019,-0.00556639450003848,0.010415938818791,-0.0413577603862963,0.012418457859736,0.000310145021133468,-0.131372939113565,0.138497573416386,0.013286993555582,-0.370137992632465,1.080697905066,-0.00554595812324083
36.29,0.122278606201648,-0.00560217740369636,0.00687944577345965,-0.0058652234939584,0.0117861057323577,0.000245880888058803,-0.117059745761657,0.131602216145965,0.0137708968708509,-0.340751051165996,1.02195531000307,-0.0196946201995657
36.295,0.103180540098756,-0.00534835553674854,0.00346602846108172,0.0248856751758024,0.0106647558623361,0.000202933643539123,-0.103707817626027,0.123994346500947,0.0138862610482625,-0.316648721030581,0.963825898528398,-0.033108650384799
36.3,0.0830155997136724,-0.0047526107633752,0.000291540992502796,0.0507734823521581,0.00920847506647937,0.000177099048047628,-0.0943699008612718,0.116041999056486,0.0135981747193068,-0.309882887680307,0.906649260070834,-0.0457357602766596
36.305,0.0601325959070027,-0.00376184266059538,-0.00254844950886299,0.0709710483664098,0.00756886344135349,0.000164999072567258,-0.0844559734265225,0.108097741490088,0.012878190600018,-0.300393598775926,0.850804977356131,-0.0575783710742147
36.31,0.0344375971647926,-0.00232501848034568,-0.00498257298676542,0.0846265658153731,0.00588647497586684,0.000163874591918484,-0.0743901872389125,0.100490054731846,0.0117079868220938,-0.288899252878863,0.796691416164747,-0.0686942556290077
36.315,0.00883221997214936,-0.000397216474246332,-0.00696583486849429,0.0915462657257128,0.00428342371718873,0.000171157616973548,-0.0661138681740692,0.0935150406299953,0.0100824822792777,-0.27932017410954,0.744696520629935,-0.0791948352681081
36.32,-0.0179580495757309,0.00205545502178919,-0.00847994019794522,0.0909994456260411,0.00285760225514623,0.000183948604553785,-0.0589124104197868,0.0874285305910032,0.00801214720621209,-0.270105659437278,0.69516194967355,-0.0892406728382684
36.325,-0.0468632677530273,0.00505056823127159,-0.00953180418250698,0.082152324927978,0.00167886772793136,0.000198527413243182,-0.0522632190025123,0.0824387331816468,0.00552431253599017,-0.26004968992332,0.648342865917128,-0.0990339049424281
36.33,-0.0772361089409025,0.00858435083025339,-0.0101504527340038,0.0645478884373312,0.000787422888566558,0.000210012057740788,-0.0463851994217938,0.0786996484458462,0.00266336048255138,-0.249521054682633,0.604366647357094,-0.108807632220774
36.335,-0.107943214117748,0.0126276074983079,-0.0103826597459313,0.0380628601836414,0.00019444939283266,0.000212251033993411,-0.041533440054952,0.0763055716871125,-0.00051023258484702,-0.240480327645496,0.56319461627154,-0.118812596169864
36.34,-0.138213103821076,0.0171232257304958,-0.0102877733492396,0.0025205162209462,-0.000115141304668228,0.000197997258905344,-0.037734734452102,0.0752870880482973,-0.00392193936462618,-0.231513261651448,0.524591440692649,-0.129301763989473
36.345,-0.166924412725657,0.0219857674159977,-0.00993223743825103,-0.0419449357886707,-0.000178161580532593,0.000159369720517742,-0.035047271077804,0.0756090022933103,-0.00748616487978677,-0.222523395110793,0.488107037234833,-0.14051366732396
36.35,-0.192823993470392,0.0271034351296888,-0.00938431016735227,-0.0948228169308816,-4.72854028341917e-05,8.85678256233049e-05,-0.033667472158545,0.0771706423014862,-0.0111099527232187,-0.213892892164448,0.453075488386656,-0.152655452922406
36.355,-0.214461682648812,0.03234243985264,-0.00870941892579743,-0.153385971510924,0.000215544559540223,-2.12323273811016e-05,-0.036381559741096,0.0798089133532163,-0.0146971457095593,-0.210418493349596,0.418634621911771,-0.165886577843095
36.36,-0.230907258812962,0.0375535201850627,-0.00796648116486048,-0.218617125760501,0.000545815739582973,-0.000174897311274205,-0.0399452344354311,0.0833043631574698,-0.0181527043005685,-0.206312084213769,0.383768481358841,-0.180303919336347
36.365,-0.241150740356798,0.0425801103135121,-0.00720537952194973,-0.28935265382235,0.000882656359066076,-0.00037438423108865,-0.0443783454889076,0.0873903496788596,-0.0213868834839049,-0.201581000981484,0.347373008753861,-0.195928799221897
36.37,-0.244416730130639,0.0472674596670832,-0.00646562975881567,-0.364191694689359,0.00117405800528512,-0.000617932467742444,-0.0496887280261302,0.0917651941672056,-0.02431899116728,-0.196222868647813,0.30834299606383,-0.21269609964803
36.375,-0.239650267390413,0.0514718961459026,-0.00577614336101627,-0.440488343480293,0.00138075083050679,-0.000899504410178293,-0.0540496507453932,0.0961069633346121,-0.0268804961871678,-0.187406643156586,0.265675934860782,-0.230445344107876
36.38,-0.226944601749876,0.0550694084595152,-0.00515588146532072,-0.516441428913025,0.0014785369386208,-0.00120855843422501,-0.0576966580767323,0.100090274667676,-0.0290173172637201,-0.176018791047674,0.218586042728965,-0.248913411403786
36.385,-0.207164008735204,0.0579627993996006,-0.00461513406887924,-0.591185721212141,0.00145905301087686,-0.00153020632331815,-0.0623655023522398,0.103404279065607,-0.0306911993691473,-0.164995992972395,0.166619731288042,-0.26772850720885
36.39,-0.18090331649887,0.0600868174079449,-0.00415714090033408,-0.662853216773001,0.00132907958983077,-0.00184577028586687,-0.0679618896279462,0.105770770403467,-0.031880163400791,-0.154317664366709,0.10976235921085,-0.286405179072164
36.395,-0.149448756536422,0.061410886893853,-0.00377979317404932,-0.731085772798558,0.00110862820820726,-0.00213371550037416,-0.0765375975779235,0.106961228556413,-0.0325780906307436,-0.146477639776596,0.0485255033264033,-0.304340530172996
36.4,-0.113511753029895,0.0619393015479546,-0.00347720863553622,-0.793392402444293,0.000828112151986867,-0.00237089668462206,-0.0867075272464363,0.106811545333244,-0.0327935674512298,-0.139529538464382,-0.0159956632318702,-0.320812325187898
36.405,-0.0742079336436203,0.0617089906242021,-0.00324104290307573,-0.847496570390222,0.00052494166226974,-0.00253402529943523,-0.0972665048218003,0.105233230424628,-0.0325481621625945,-0.132296982004283,-0.0821039064257894,-0.334980305670364
36.41,-0.0329802756619953,0.0607851884282845,-0.0030614747600423,-0.892061661739167,0.000239884022370048,-0.00260124084245482,-0.108013694698693,0.102220056354675,-0.0318743299070935,-0.124950384260418,-0.147527007831533,-0.345892625521924
36.415,0.00871911462553384,0.0592555090976033,-0.00292787006092192,-0.925992023830273,1.35003366046236e-05,-0.00255365756041095,-0.118600311885944,0.0978493752915827,-0.0308131430779869,-0.117631191826215,-0.209493750624328,-0.352499744216819
36.42,0.0493290585229675,0.0572230361210072,-0.00282917973657918,-0.946583493689297,-0.000117077816274937,-0.00237675800637213,-0.125360384371442,0.0922777116999835,-0.0294120243416944,-0.109217762087516,-0.264858291976168,-0.35367824352003
36.425,0.0875324155942876,0.0547990713266815,-0.00275415738582989,-0.955678713564373,-0.000120829130068628,-0.00206151717703546,-0.131542399383131,0.0857306766539409,-0.0277226222452863,-0.101512875436294,-0.310268189476593,-0.348266754642578
36.43,0.12235381044346,0.0520961526385299,-0.00269149043446429,-0.953337774965652,2.51567888765124e-05,-0.00160516425745075,-0.136783653441019,0.0784877253505775,-0.0257989217759817,-0.094565616234303,-0.34236718980617,-0.335115435226208
36.435,0.153071820544355,0.0492218535696526,-0.0026299285231816,-0.939971250666462,0.000334431942384036,-0.00101152094639584,-0.140711543673002,0.0708627444996563,-0.0236956318457099,-0.0883674867870978,-0.358020167630621,-0.313149219110636
36.44,0.178994944108045,0.0462737369148498,-0.00255846875085477,-0.91506121961981,0.000810708865820062,-0.000290892726277789,-0.1460322210793,0.0631818631579113,-0.0214668461253032,-0.0834372109895486,-0.35454469665371,-0.281443446867736
36.445,0.20009656188386,0.0433356717290836,-0.00246662600805639,-0.880964471838791,0.00144810646710099,0.000540471476938716,-0.149174476845221,0.0557601846130574,-0.0191649394488853,-0.0789017872676433,-0.329931967759148,-0.239308613234428
36.45,0.216442111409273,0.0404755593343131,-0.00234478439876197,-0.838964858553076,0.00223203897708134,0.00146129892102323,-0.14968680350494,0.0488793028038597,-0.0168396435592045,-0.074483495098591,-0.283039380578203,-0.186379043278643
36.455,0.228290438691544,0.0377443719890353,-0.00218459838251797,-0.790467977331595,0.00314062901322249,0.00244650858650089,-0.147270014399414,0.0427674725359785,-0.0145372448797451,-0.0698064355805692,-0.21373824817346,-0.12269858028642
36.46,0.236977178440137,0.035176303412058,-0.00197939397808412,-0.738634129830094,0.00414650009041986,0.00346861699169158,-0.141723330632289,0.03758414074749,-0.0122998617407263,-0.0645080572769608,-0.123002656559578,-0.0487950966490816
36.465,0.242584937564669,0.0327897729210272,-0.00172451340003891,-0.68373815833704,0.00521878816243992,0.00449921719510194,-0.132907711935906,0.0334102222576152,-0.0101647845267526,-0.057878240010504,-0.0129294553161857,0.0342649358450004
36.47,0.245262515773542,0.0305890156930161,-0.00141755103425099,-0.62653092613733,0.00632520640852985,0.00551041411189785,-0.120798577677953,0.0302450372994589,-0.00816389279387634,-0.049162126047934,0.113315665496084,0.124850275611839
36.475,0.245568383549854,0.0285660237859264,-0.00105844303984974,-0.568493229868997,0.00743400295678693,0.00647611078107208,-0.105496408529228,0.0280102534015706,-0.00632319077186975,-0.0376053462326831,0.251625428856941,0.220774321004218
36.48,NaN,NaN,NaN,NaN,NaN,NaN,-0.0872173243993,0.0265605383055538,-0.00466251954674119,-0.0224289059081077,0.397145164258441,0.319345037986822
36.485,NaN,NaN,NaN,NaN,NaN,NaN,-0.0664267555923282,0.0256999915919818,-0.00319550521577726,-0.00287236112393687,0.544522070357668,0.417457265404415
36.49,NaN,NaN,NaN,NaN,NaN,NaN,-0.043306930086584,0.025202843615524,-0.00192978505105494,0.0217371006817768,0.688193020369855,0.511725583856351
36.495,NaN,NaN,NaN,NaN,NaN,NaN,-0.0183267922714178,0.0248364533583161,-0.00086751953860653,0.0519668922305437,0.822690992876268,0.598651999964921
36.5,NaN,NaN,NaN,NaN,NaN,NaN,0.00799021756827108,0.0243843571976491,-6.15221863280389e-06,0.0882179582705761,0.942948420311874,0.67481890059366
36.505,NaN,NaN,NaN,NaN,NaN,NaN,0.0350933974068228,0.0236670605336468,0.00066067012803106,0.130655941028448,1.044575751338,0.737094489161278
36.51,NaN,NaN,NaN,NaN,NaN,NaN,0.0623764063221378,0.022558446167201,0.00114214693287753,0.179086612665722,1.12409535058907,0.782835618878724
36.515,NaN,NaN,NaN,NaN,NaN,NaN,0.0893506241571432,0.0209960942894587,0.00144949807401349,0.233233841552091,1.17911436710009,0.810071900695401
36.52,NaN,NaN,NaN,NaN,NaN,NaN,0.115582581022323,0.0189844375817707,0.00159541699975572,0.292467349841182,1.20842508754743,0.817655385755223
36.525,NaN,NaN,NaN,NaN,NaN,NaN,0.140720531454016,0.0165904521239903,0.001593924409165,0.35587590077143,1.21202711775695,0.805362056081103
36.53,NaN,NaN,NaN,NaN,NaN,NaN,0.164653035188543,0.0139324281563745,0.00146068021095701,0.420674337721002,1.1910719836272,0.773934695993688
36.535,NaN,NaN,NaN,NaN,NaN,NaN,0.187134814976848,0.0111631765118689,0.0012137218949976,0.486258029493315,1.14773684953032,0.72506119761046
36.54,NaN,NaN,NaN,NaN,NaN,NaN,0.208079070419595,0.00844970479611971,0.000874493987331356,0.551027754316556,1.08503946812989,0.661287581708492
36.545,NaN,NaN,NaN,NaN,NaN,NaN,0.227473302336271,0.00595184914740477,0.000468932478660028,0.613131791746198,1.00661071359519,0.585870504009929
36.55,NaN,NaN,NaN,NaN,NaN,NaN,0.244552810934323,0.00380250205007785,2.82892445829336e-05,0.667764153581561,0.916443740085958,0.502579239928163
36.555,NaN,NaN,NaN,NaN,NaN,NaN,0.259982504360836,0.00209189778592214,-0.000410656521719379,0.715097383644194,0.818639738375382,0.415461585340577
36.56,NaN,NaN,NaN,NaN,NaN,NaN,0.273783018677865,0.000857910821107444,-0.000806334625530868,0.753243075278971,0.717169405290698,0.328591332904481
36.565,NaN,NaN,NaN,NaN,NaN,NaN,0.285620841495556,8.3540613258969e-05,-0.00111431984161318,0.780144454851019,0.615666738552882,0.245816657135838
36.57,NaN,NaN,NaN,NaN,NaN,NaN,0.294593526654366,-0.000298206729771959,-0.00129057314574412,0.79341189747356,0.517267920769838,0.170528695934962
36.575,NaN,NaN,NaN,NaN,NaN,NaN,0.301276562994445,-0.000392847224527397,-0.00129589639195211,0.792818320498246,0.42450327733011,0.105467851128636
36.58,NaN,NaN,NaN,NaN,NaN,NaN,0.305252186948232,-0.000328095044052113,-0.00110128339307173,0.777585840390814,0.339245081154201,0.0525820133929739
36.585,NaN,NaN,NaN,NaN,NaN,NaN,0.304046157834909,-0.000235124991947305,-0.000693629511607914,0.75251992982572,0.262708862939386,0.0129463656446178
36.59,NaN,NaN,NaN,NaN,NaN,NaN,0.295898153206383,-0.000230222170091081,-8.10824169897328e-05,0.720749774755853,0.195501374073715,-0.0132509288345167
36.595,NaN,NaN,NaN,NaN,NaN,NaN,0.282191270162304,-0.000399571695976187,0.000702785057348828,0.676757775707213,0.13770486289949,-0.0266584793107324
36.6,NaN,NaN,NaN,NaN,NaN,NaN,0.261902201925166,-0.000789474227599748,0.00159679368661533,0.621629857814456,0.088985155543669,-0.0286535699904669
36.605,NaN,NaN,NaN,NaN,NaN,NaN,0.232704204440566,-0.00140344156410922,0.00251265335300487,0.567159682710304,0.048710314030132,-0.0211875531361822
36.61,NaN,NaN,NaN,NaN,NaN,NaN,0.193862551805393,-0.00220654581214225,0.00333857005596518,0.51250006712053,0.0160673441187297,-0.00659953863333338
36.615,NaN,NaN,NaN,NaN,NaN,NaN,0.145076852969543,-0.00313622666627009,0.00394604900904401,0.454119011681233,-0.00983364565658619,0.0125848143337462
36.62,NaN,NaN,NaN,NaN,NaN,NaN,0.0855636896262067,-0.00411768847754376,0.00419956913227004,0.394303525619115,-0.0298755906615904,0.033852207845799
36.625,NaN,NaN,NaN,NaN,NaN,NaN,0.0183313413165333,-0.00508122071100355,0.00396839102339245,0.330346996291479,-0.0448753262669547,0.0548823230951576
36.63,NaN,NaN,NaN,NaN,NaN,NaN,-0.0593127334228651,-0.00597839534063161,0.00313940458452924,0.268510193440427,-0.0555501246489845,0.073696761730663
36.635,NaN,NaN,NaN,NaN,NaN,NaN,-0.147525628509497,-0.00679421392586456,0.00162968147651943,0.211952321774326,-0.0625077802138218,0.0887666295080959
36.64,NaN,NaN,NaN,NaN,NaN,NaN,-0.245332252993149,-0.00755289676768431,-0.0006026844660303,0.162783470710502,-0.0662556722536821,0.0990734556944497
36.645,NaN,NaN,NaN,NaN,NaN,NaN,-0.352948029435626,-0.00831604230802416,-0.00355076626837067,0.117950634107514,-0.067222682340798,0.104122718291003
36.65,NaN,NaN,NaN,NaN,NaN,NaN,-0.466484477582429,-0.00917317610879895,-0.00715506253699054,0.0833292711692301,-0.0657872739598575,0.103913556429059
36.655,NaN,NaN,NaN,NaN,NaN,NaN,-0.583051889196548,-0.0102260419236959,-0.011304441917297,0.0599661477804756,-0.0623054124933873,0.0988718834860977
36.66,NaN,NaN,NaN,NaN,NaN,NaN,-0.697359555689446,-0.011569131477629,-0.0158418717959141,0.0491746184300513,-0.057133157333505,0.0897567501369866
36.665,NaN,NaN,NaN,NaN,NaN,NaN,-0.802326565697977,-0.0132696965901121,-0.0205744876115025,0.0523335083673824,-0.0506404511440031,0.0775512548592136
36.67,NaN,NaN,NaN,NaN,NaN,NaN,-0.899560219333861,-0.0153506914756916,-0.0252870657059818,0.0656288111277458,-0.0432145748014961,0.0633495100406916
36.675,NaN,NaN,NaN,NaN,NaN,NaN,-0.985418228319106,-0.0177797009210944,-0.0297575845216238,0.0874964787420845,-0.03525363719478,0.0482502310749798
36.68,NaN,NaN,NaN,NaN,NaN,NaN,-1.05664176849853,-0.0204659746006021,-0.0337733457282745,0.119685535892468,-0.0271520688495097,0.033265626635403
36.685,NaN,NaN,NaN,NaN,NaN,NaN,-1.11089687581794,-0.0232663633473068,-0.0371461035388854,0.179856572311103,-0.0192811958848797,0.0192517188428128
36.69,NaN,NaN,NaN,NaN,NaN,NaN,-1.14541862355591,-0.025999470271744,-0.0397248138217423,0.238822215523506,-0.011968482146075,0.00686334732843001
36.695,NaN,NaN,NaN,NaN,NaN,NaN,-1.15893572679772,-0.0284659538568269,-0.0414049344028526,0.293530181820278,-0.00547893363237014,-0.00346574773697303
36.7,NaN,NaN,NaN,NaN,NaN,NaN,-1.14646134667823,-0.0304719024014334,-0.0421336326175033,0.34320882816295,-1.54036338793292e-06,-0.0115199041935368
36.705,NaN,NaN,NaN,NaN,NaN,NaN,-1.10749993458202,-0.0318517261993886,-0.0419107218748991,0.38587515277835,0.00435736423623312,-0.0172796901777227
36.71,NaN,NaN,NaN,NaN,NaN,NaN,-1.05105653095846,-0.0324871696215807,-0.0407855904933889,0.416533777032504,0.00757312732038679,-0.0208865990036552
36.715,NaN,NaN,NaN,NaN,NaN,NaN,-0.979705517003896,-0.0323197914482161,-0.0388507479452443,0.434080608994373,0.00969465231906157,-0.0226001463427257
36.72,NaN,NaN,NaN,NaN,NaN,NaN,-0.896592036000751,-0.0313554428776352,-0.0362328597608058,0.438206045261267,0.0108305700803432,-0.0227530003139431
36.725,NaN,NaN,NaN,NaN,NaN,NaN,-0.803443697717196,-0.0296606475674859,-0.0330822601488852,0.424950445074218,0.0111318000386997,-0.0217089538550624
36.73,NaN,NaN,NaN,NaN,NaN,NaN,-0.705742292412288,-0.0273520830732053,-0.029561929620795,0.400368238440385,0.0107728541396621,-0.0198273204130495
36.735,NaN,NaN,NaN,NaN,NaN,NaN,-0.607409414990596,-0.0245813330402741,-0.0258368264345635,0.36725761941383,0.0099341056255735,-0.01743591075648
36.74,NaN,NaN,NaN,NaN,NaN,NaN,-0.510127475354148,-0.0215175616554266,-0.0220642949602561,0.334174439207737,0.00878679575443031,-0.0148133388607299
36.745,NaN,NaN,NaN,NaN,NaN,NaN,-0.460169890540608,-0.0199471806606063,-0.0203252022316352,0.32472943693338,0.00828030326433398,-0.0136095812130034
