time,pelvis_imu_accel_x,pelvis_imu_accel_y,pelvis_imu_accel_z,pelvis_imu_gyro_x,pelvis_imu_gyro_y,pelvis_imu_gyro_z,thigh_imu_l_accel_x,thigh_imu_l_accel_y,thigh_imu_l_accel_z,thigh_imu_l_gyro_x,thigh_imu_l_gyro_y,thigh_imu_l_gyro_z,shank_imu_l_accel_x,shank_imu_l_accel_y,shank_imu_l_accel_z,shank_imu_l_gyro_x,shank_imu_l_gyro_y,shank_imu_l_gyro_z,foot_imu_l_accel_x,foot_imu_l_accel_y,foot_imu_l_accel_z,foot_imu_l_gyro_x,foot_imu_l_gyro_y,foot_imu_l_gyro_z,thigh_imu_r_accel_x,thigh_imu_r_accel_y,thigh_imu_r_accel_z,thigh_imu_r_gyro_x,thigh_imu_r_gyro_y,thigh_imu_r_gyro_z,shank_imu_r_accel_x,shank_imu_r_accel_y,shank_imu_r_accel_z,shank_imu_r_gyro_x,shank_imu_r_gyro_y,shank_imu_r_gyro_z,foot_imu_r_accel_x,foot_imu_r_accel_y,foot_imu_r_accel_z,foot_imu_r_gyro_x,foot_imu_r_gyro_y,foot_imu_r_gyro_z
81.2,0.832739651746915,9.69293877564454,-1.1513336975358,-8.07894639974273,-4.86770306071653,-5.97585064114943,8.31038801368978,5.01389152367539,0.886497991093124,-24.9528513545554,-17.4459002128915,-18.7220686636066,-3.07680691770008,9.68064931269662,1.07038590702543,10.6491381354215,-28.3706480086521,111.367654774753,-1.69389565857724,10.1712437628854,1.57237087704037,-35.3701782983925,-67.0685189202029,41.9124344236546,-0.175856412341383,9.84212051161349,-0.362924411474725,-2.12901969011711,54.5037241986112,-14.8743217131477,-0.0724595437312483,9.91762947864599,-0.210099202465673,-1.43495162222489,54.5246224872054,-59.8554446491312,-0.624550074255264,9.90038539226569,1.83223174811931,-58.0890979762382,14.6108271003966,-6.12741216248236
81.205,0.776414444860896,9.69041556664417,-1.14575929310219,-8.10698227773881,-4.94324028350532,-5.97312628883101,8.20446483404319,5.047329934926,0.864667921158979,-24.9342413026716,-17.5101815172092,-18.7533025008608,-3.39717349845546,9.74562409475034,1.11726971438987,10.4957437692257,-28.603924090421,111.130042225095,-2.34104983883208,10.3471639970835,1.7551196514464,-35.500471857192,-67.1889670004524,41.1184415251492,-0.206222225379898,9.88168257460391,-0.314004646223765,-2.09916434280061,54.5141587111728,-14.783618607504,-0.114999577679282,9.98000924547325,-0.114462250152323,-1.62418807064751,54.5303716485331,-59.9668164633404,-0.614662715919792,9.98727722827989,2.06906201843464,-58.2150978364,14.5583633586709,-6.12328403646062
81.21,0.561571830162375,9.69781954217812,-1.14462518155386,-8.18912882146878,-5.11586277440596,-5.96350889970739,7.94645520647129,5.16718736940391,0.745917375812138,-24.8356186857778,-17.5773272522456,-18.9082469297855,-4.3216023638412,9.54552898041055,1.02041386449999,10.2632348050769,-28.6451432796683,110.269348310029,-4.07511308989363,10.3430103282954,1.71172263102694,-35.2534615815654,-67.2907650263918,39.1282567323618,-0.335455030295202,9.95754295746033,-0.177880266133189,-1.96842609048875,54.376985633256,-14.523737429685,-0.187947485209088,10.0502304552523,0.0106050585786124,-1.71008602426264,54.3857216313855,-60.1484972508567,-0.606614140002089,10.0434665017386,2.30495514932181,-58.2609770184191,14.4941547810401,-6.08376200827263
81.215,0.26909941336406,9.71551776483187,-1.14902740692965,-8.323381008507,-5.34108842177575,-5.93966493214836,7.63836174781588,5.31997695169266,0.560420029655097,-24.5851035091901,-17.5973028287232,-19.2220920650976,-5.41049032017995,9.03077363108881,0.740049535384874,10.031118273754,-28.5246773852867,108.359040763388,-6.17811252696568,9.95839417131529,1.30621221319428,-34.6664957605644,-66.9162574853789,36.5047648888735,-0.517311728658438,10.0280614093305,-0.00871313186632297,-1.82138713250918,53.9248980511276,-14.1144136918206,-0.285530730057508,10.0615234390971,0.066825734032268,-1.78104111257505,53.9262468834367,-60.2573682835695,-0.617262439897494,9.97180471893288,2.34648295554902,-57.9575177119494,14.3852061937869,-6.1677543871846
81.22,0.0368840484934534,9.72680074098662,-1.15743696212253,-8.51658843809448,-5.6210915139264,-5.90563056826842,7.33900389897593,5.41069003554959,0.395147155174627,-24.1921010056608,-17.5714389537838,-19.7162915661399,-6.43960643604089,8.49487393090153,0.479252930448974,9.80539716329893,-28.2511281187789,105.409030141917,-8.20794876530668,9.52796754791921,0.921193255564579,-33.7476995889214,-66.0654402292719,33.3026813079629,-0.646547764007068,10.094353437613,0.147860216172713,-1.66255192100267,53.1718341876895,-13.5623557918476,-0.358989819028745,10.0661319601639,0.116589226057513,-1.83818011068039,53.1660559079146,-60.3214592231618,-0.627430199507036,9.89667028267091,2.37948225786799,-57.314094393831,14.2416692087185,-6.38284831059333
81.225,-0.135764604924098,9.73237597796374,-1.16968643629793,-8.7738584085897,-5.95625398984513,-5.8655341074743,7.05327969377402,5.44356919619423,0.250296293632493,-23.6683458137194,-17.5006470313185,-20.4075989016741,-7.39603353529117,7.94856310064099,0.241762094552153,9.59025156318592,-27.8353468836606,101.446128327041,-10.1342489650778,9.06679461740322,0.562559875374498,-32.5102175739069,-64.7453820234135,29.5946643516675,-0.726215135646237,10.1553085537687,0.290588443723218,-1.49673664377473,52.1352286848824,-12.877693389219,-0.410660948572042,10.0658894810282,0.160378658184519,-1.88317072733085,52.122707271206,-60.3663807124293,-0.636840556722137,9.82125596109297,2.40549586763552,-56.3434607288843,14.074163590272,-6.73258096836099
81.23,-0.251006769369385,9.73310139030735,-1.18553516832315,-9.09841632835147,-6.3451509844836,-5.82347898015053,6.78577461661761,5.42435834190115,0.125647252473693,-23.0276030301989,-17.3855207935141,-21.3075851876965,-8.26846670848294,7.40333060846549,0.0306909484812663,9.38800708027781,-27.2901076950745,96.5134433886993,-11.9289164043118,8.59187732801461,0.235467004074496,-30.9715097651912,-62.9702775595962,25.4696245160914,-0.760686203490053,10.209896612128,0.418470830435842,-1.32892751792375,50.8355084836107,-12.0738443717898,-0.443519126783078,10.0626582708929,0.19860370866913,-1.91809291217213,50.8166989341239,-60.4145468429419,-0.645250166886659,9.74861695225495,2.42591552481248,-55.0612890842852,13.8934225399429,-7.21643863495133
81.235,-0.312281162349346,9.72995051775444,-1.20468099017061,-9.49152758145529,-6.78460253901263,-5.78343411453085,6.540682848475,5.36002302190045,0.0206440039085983,-22.2853378971233,-17.2264813605906,-22.4223203410888,-9.04731665537157,6.87111929265764,-0.151525998431558,9.19921046843555,-26.6297732216256,90.6694404536282,-13.5666462419377,8.12151786454131,-0.0557518095672864,-29.1525836034782,-60.7613434090071,21.0304629992686,-0.755410470402402,10.2571855540702,0.530735471623772,-1.16413848784061,49.2955617886701,-11.1672980789003,-0.461036092658476,10.0582471330498,0.231555567645062,-1.9452991037818,49.2709332416291,-60.4845543050143,-0.652471575923344,9.6815646473746,2.44191179171482,-53.485735885366,13.7099402040142,-7.83001684751306
81.24,-0.324094056255091,9.72397972941424,-1.22677166098171,-9.95247913617683,-7.26978676389458,-5.74913616440491,6.3217410384892,5.25845442907319,-0.0655277859762646,-21.4583626253308,-17.0239514341709,-23.7522203633709,-9.72478533637194,6.3639888818087,-0.30317055776295,9.02279960982993,-25.8699651818361,83.9866950170015,-15.0253779856913,7.6745949021889,-0.307648837225517,-27.0772065497547,-58.146543697811,16.391306564923,-0.716655726914166,10.2963604605971,0.626820774889786,-1.00727275247539,47.5401918506545,-10.1773199496764,-0.467032807708454,10.0543388203838,0.259380293281548,-1.96727283826867,47.510169194978,-60.590730564919,-0.658394884320795,9.62257545593152,2.45439077479153,-51.6370463789264,13.5336353003647,-8.56532964785768
81.245,-0.291797938290615,9.71629846939835,-1.251415478201,-10.4786170279683,-7.79440797596912,-5.72400765220505,6.13217475400743,5.12816813069903,-0.133871056143999,-20.564468553423,-16.7785433061726,-25.2920581538063,-10.2949150275899,5.89375947166281,-0.423259181632268,8.85635077571625,-25.0272467493329,76.5503717474798,-16.286672890123,7.26978572524509,-0.517709799729981,-24.7711414795491,-55.1601395545522,11.6743242682369,-0.651244072209514,10.3267438320999,0.706361364305053,-0.862992200940738,45.5955667557843,-9.12558462426995,-0.465531838878996,10.0524288940744,0.282070641192578,-1.98649418301543,45.5604730714778,-60.7428566088096,-0.663006692006474,9.57371601519124,2.463977226198,-49.5372073681959,13.373543307959,-9.41124991657102
81.25,-0.221367990909364,9.70804312786828,-1.27819078941192,-11.0654341935512,-8.35091196368322,-5.71109439579932,5.97465739530962,4.97800748677568,-0.18551764571693,-19.622051502823,-16.4912456180856,-27.031130461458,-10.7536134857366,5.4716509988826,-0.51154306008132,8.69638351254457,-24.1188212001589,68.4564676579212,-17.3360080334326,6.92477161557079,-0.684385173050126,-22.261440921581,-51.8420650826155,7.00622727094358,-0.566292157539628,10.3478167467157,0.769178791105855,-0.735598496064008,43.4886758711154,-8.03574605212149,-0.460614038241614,10.0537773445502,0.299475212882355,-2.00531908310152,43.448677925754,-60.9460633455321,-0.666404359704563,9.5365856020331,2.47102181438216,-47.2096513920646,13.2375478403344,-10.3540583556005
81.255,-0.119183512927952,9.70035469618035,-1.30665432417726,-11.7067020316532,-8.93073944289327,-5.71302469184037,5.85128107544381,4.81686048669005,-0.221679560297188,-18.6497378484611,-16.1635951667509,-28.953569510684,-11.0986566159177,5.10793524599371,-0.568490799208111,8.53870244991695,-23.1622481544547,59.8098633802017,-18.1629801938355,6.65546597225117,-0.807104980918339,-19.5758281695824,-48.2371420156842,2.51456507480529,-0.468963623439258,10.3592402888499,0.815276873028084,-0.628929221105347,41.2468029111307,-6.93295439099909,-0.456283026575907,10.0593739492502,0.31132281850244,-2.02587808493544,41.2018618382676,-61.2008948754738,-0.668803856512626,9.51227622048976,2.47562899565729,-44.6790106798555,13.1321599095386,-11.3780757793708
81.26,0.00817977952635385,9.6943600201784,-1.33634840081081,-12.3946384984931,-9.52460787929366,-5.73199167247612,5.76353876319552,4.65339741123782,-0.243611167046138,-17.666018471272,-15.7978222696755,-31.0387845178477,-11.329663955006,4.81161435144986,-0.595254802723795,8.37875560364103,-22.1751766620246,50.7222300499031,-18.761409896524,6.47530208333105,-0.886276448768724,-16.7421838730853,-44.3941545115471,-1.6760603967133,-0.36624024419499,10.3608764026849,0.844841044656157,-0.546272174433395,38.8970246877609,-5.84333046005143,-0.456340184340322,10.0699180297506,0.317259264614242,-2.04999818330659,38.8468538616867,-61.5035266609817,-0.670539862412627,9.50135060410666,2.47770100506327,-41.9709142118912,13.0623519349417,-12.4663520253243
81.265,0.154141823065045,9.69115621967615,-1.36680714064479,-13.1201054334617,-10.1228111633879,-5.76975910436752,5.71231686398664,4.49583534994759,-0.252581483358719,-16.6888973624719,-15.3969609766281,-33.262015769362,-11.4480478952546,4.59014035874127,-0.59362271809121,8.21199008283616,-21.175093151453,41.3098418658849,-19.1293447367337,6.39461778028123,-0.923262941528853,-13.7881467854634,-40.3648139254375,-5.4477377108839,-0.264716848403876,10.3528071295995,0.858240769144865,-0.490300518693788,36.4657434795862,-4.79340928292879,-0.46427219029111,10.0858129342867,0.316893326225901,-2.07914984347425,36.409775436943,-61.8461222789176,-0.67205732747267,9.50383817959556,2.47699299738147,-39.1118167051722,13.0314516087979,-13.6013848264304
81.27,0.312291044784043,9.6917976982706,-1.39756185772203,-13.8728280430444,-10.7155261631356,-5.82768973204611,5.69789735669186,4.35173420618084,-0.249855168147754,-15.7355611833609,-14.9649184462074,-35.5949821374504,-11.4569414884063,4.44918970878533,-0.565955455419213,8.03418822550799,-20.1790818856312,31.6913456684817,-19.2689682979045,6.42017150259535,-0.920341898615503,-10.7408277558103,-36.2026501496559,-8.69282154036699,-0.170423714974117,10.3353510535413,0.856033812634724,-0.463031016291157,33.9782596737051,-3.8095648490945,-0.483152637583972,10.1071751682132,0.309848407507751,-2.11441966782655,33.915623670068,-62.2173089638204,-0.673894317250717,9.51924880867565,2.47317424905816,-36.1288447418923,13.0410990841604,-14.7658431682583
81.275,0.476535430092521,9.69728511850625,-1.42814580255723,-14.641629934483,-11.2931149931288,-5.90679415014802,5.71996860004081,4.22782743438981,-0.236680495932434,-14.8220755436083,-14.5065008317317,-38.0066018370832,-11.361102850243,4.39250102304598,-0.515113412380035,7.84176982154379,-19.2035959445015,21.9855388403797,-19.1864176447052,6.55481450690133,-0.880640015376166,-7.62662750448441,-31.9618706172086,-11.3172221327846,-0.0886788847278203,10.3090757216491,0.838971001770593,-0.465806975841802,31.458389987466,-2.91742863927938,-0.515558883038565,10.1338576040211,0.295816310476399,-2.15650777509097,31.3879013779435,-62.6027496013445,-0.676656651064898,9.54660377945222,2.4658904978378,-33.0496429403211,13.091269386315,-15.9432717598425
81.28,0.641230244622849,9.70855574755055,-1.45809843174044,-15.4146776777335,-11.8464119577999,-6.00779718122881,5.77764395550629,4.12988940625669,-0.214282473347781,-13.963113159896,-14.0273958249576,-40.4637658230975,-11.1667950369929,4.42178111064951,-0.444372644772653,7.63204900909724,-18.2642377324279,12.3092054778359,-18.8915159272076,6.79733596818698,-0.808044642560036,-4.47114172704829,-27.6962299195237,-13.243299491358,-0.0239716966923892,10.2748048376134,0.807999975696944,-0.499306779425985,28.9281352476438,-2.14131469640296,-0.563505015312053,10.1654856271571,0.274609598697544,-2.20574778757495,28.8482973253845,-62.9857872203208,-0.680985513209774,9.58448301002021,2.45482286785599,-29.9022022664615,13.1803604926527,-17.1187561239209
81.285,0.801281669536677,9.7264746670219,-1.48696935497749,-16.1797294996516,-12.3669845733563,-6.13121788878237,5.86948742842791,4.06264003132776,-0.183859316871158,-13.171718408777,-13.5341144166826,-42.9321434171909,-10.8816434691559,4.5366814896829,-0.35733282945855,7.4034374558445,-17.3755493742038,2.77505815190736,-18.3974318374087,7.14248976820937,-0.707091429847858,-1.29913193675409,-23.4579519623168,-14.4122665182148,0.020122126374615,10.2336191464579,0.764266422268307,-0.563577963903283,26.407400449465,-1.50366405351129,-0.628391625467572,10.2015044388457,0.246209252178761,-2.26214640517401,26.3164186715755,-63.3481373422823,-0.687519833247996,9.63108678672432,2.439739365586,-26.7146533838283,13.3053462130989,-18.2795313275762
81.29,0.952226293201748,9.75182646046901,-1.51432208985369,-16.924383326284,-12.8473589132122,-6.27745870905603,5.99354559765571,4.02968609412031,-0.146580720349841,-12.4591120820188,-13.0338963129544,-45.3770004390702,-10.5144727606337,4.73484382430602,-0.257819018872567,7.15558839687139,-16.550814862512,-6.51017123215596,-17.7202788149388,7.58120170073934,-0.582829927889611,1.86546262829128,-19.2967427164069,-14.7860218681892,0.0409943368589055,10.1868501427967,0.7091113555997,-0.658095810868276,23.9137686986968,-1.02452110672426,-0.710972888337136,10.2412350824481,0.210804647569234,-2.3254388850971,23.8095764124008,-63.6706037350008,-0.696855734521301,9.68430970434543,2.42053565522598,-23.515010355598,13.461991768715,-19.4155212770419
81.295,1.09028692171768,9.78530711631266,-1.53973775035355,-17.6363199736452,-13.2812008905042,-6.44689876306064,6.14738518002902,4.03349773800318,-0.103586662274535,-11.8345393522047,-12.5345846975176,-47.7640111659254,-10.0751254125365,5.01200939469749,-0.14977937854195,6.88947886527113,-15.8018771715043,-15.4474528368915,-16.8786680526438,8.10094614890944,-0.440670686784732,4.99949760336863,-15.2589252442218,-14.3483524243316,0.0370281031619041,10.1360660334475,0.64406314062695,-0.781844291293438,21.4623297504945,-0.721053960119416,-0.811341274142547,10.2839361408346,0.168823352369995,-2.39515632724184,21.3426236692542,-63.933794104708,-0.70950567938743,9.74182394174503,2.39726276310112,-20.3308540804906,13.6451285734381,-20.519799314417
81.3,1.21240555098818,9.82751599602549,-1.5628188115689,-18.3035378551703,-13.6634471363669,-6.63998621807175,6.32813565150827,4.0754176423023,-0.0559858791149569,-11.3051630193632,-12.0444766256238,-50.0600467257076,-9.57426543184502,5.36218496018864,-0.037181321982598,6.60742993495713,-15.1389745111466,-23.9469596793217,-15.893229758684,8.68627226454659,-0.286219145165732,8.08060483642159,-11.3867203982495,-13.1054667761125,0.00759366098688907,10.0830497501202,0.570823197867349,-0.933416065160168,19.0655632973701,-0.607129782497743,-0.928929966335795,10.3288675437765,0.120948795424332,-2.47070047006173,18.9278461554149,-64.1188139391428,-0.72586004325083,9.80116865456681,2.37014050579677,-17.1889505498398,13.8489828575418,-21.5889640065563
81.305,1.31625464897449,9.87894781345545,-1.58319310330548,-18.9145761361787,-13.990381860708,-6.85732460311814,6.53253641133629,4.15569971274023,-0.00485350659947395,-10.8760030260149,-11.5721553340368,-52.2339239388619,-9.02317044388916,5.77785526196767,0.0760913246941162,6.31306696557581,-14.57060031695,-31.929321396874,-14.7861168013861,9.31945192139659,-0.125103061082724,11.0872032933023,-7.71768717824731,-11.0858442787824,-0.0469822988745721,10.0297692040736,0.491244637617004,-1.11112713870264,16.7332769507598,-0.692954774163521,-1.06253273102799,10.375352609115,0.0681245718628123,-2.55142172897218,16.5749040833515,-64.2079189393166,-0.746153697572106,9.85984205294699,2.33955668030358,-14.114806122947,14.0675502591153,-22.6234261429018
81.31,1.40022819778359,9.93998465229896,-1.60051815016056,-19.4587238103879,-14.2596592385826,-7.09974823554282,6.75698801711754,4.27357354737397,0.0487722844124834,-10.5499220427079,-11.1263103099089,-54.2571001080883,-8.43351626416599,6.25023101620887,0.186337336066624,6.01122370855901,-14.1033914309243,-39.3266115480276,-13.5805039235972,9.98121579297201,0.0371988068680644,13.9985552655754,-4.28432706559801,-8.33940820024356,-0.12547110682416,9.97834035977534,0.407303486486995,-1.31314084603892,14.4725988977892,-0.984786518942847,-1.21034055656675,10.4228343867365,0.011544934041537,-2.63669646734117,14.2908250458083,-64.1851090967401,-0.770439795072418,9.91539258382189,2.30605322425035,-11.1321699298593,14.295005488167,-23.6276041191311
81.315,1.46341426955801,10.0108881125686,-1.61448587626331,-19.9262126682567,-14.4702739930537,-7.36838236287939,6.99760703100649,4.4273305571434,0.103894584771397,-10.3276557255623,-10.7155502786942,-56.1043008045569,-7.81715816675673,6.76952059437266,0.290130435075942,5.70779573122082,-13.7420483195479,-46.083056222382,-12.3000943488964,10.6515401783748,0.195518763685448,16.794877430226,-1.11384757142841,-4.93605481548853,-0.22581767160405,9.93098404645462,0.321062670500547,-1.53759516196617,12.288025278669,-1.48472444596558,-1.36999388412925,10.4709226124558,-0.0473681456203079,-2.72599997136821,12.0800477699938,-64.0366503417988,-0.798572399267409,9.96550554983187,2.27030150618897,-8.26250131690851,14.5261330351843,-24.6100254837445
81.32,1.50555123585961,10.0917917196877,-1.62482755493131,-20.3083925440948,-14.622485505292,-7.66468422856698,7.25028400336056,4.61442740916129,0.159562741194749,-10.2078851198356,-10.3482135339006,-57.7540693128239,-7.18591322305135,7.32521365054247,0.3844022226743,5.40954996021035,-13.4892902221655,-52.1554589925748,-10.9686440217113,11.3104457650986,0.345145416140032,19.4575096549846,1.77192754007523,-0.963591821512597,-0.345233959609352,9.88997771116672,0.234629469531529,-1.78272704776702,10.181522192652,-2.19058200471672,-1.53864873324597,10.5194281015173,-0.107000165597226,-2.81897225706774,9.9445168464709,-63.7515126972318,-0.830198981674258,10.008081558346,2.23306956253088,-5.52442698552225,14.7567620998066,-25.5833329230515
81.325,1.5269699914009,10.1826937527547,-1.63131875800337,-20.5978875581514,-14.7177027420464,-7.99046198718653,7.51074409082459,4.83160241184627,0.214877723634537,-10.1873476879425,-10.0321793691744,-59.1892280695528,-6.55134807786349,7.90636566769108,0.466513181571007,5.12389823259122,-13.3458469482885,-57.5133443394985,-9.60951211655908,11.938770275694,0.481945642959474,21.9691378930889,4.35651983855282,3.47484181368162,-0.480306919604387,9.85760354193932,0.150107697366704,-2.0469876066592,8.15268174858713,-3.09584206327262,-1.71305454739318,10.5683821784821,-0.165589711995161,-2.91547457934859,7.88382838175006,-63.3217169362805,-0.864763210769451,10.0413035090747,2.19518444365192,-2.93321736950791,14.9841867631224,-26.5641936343991
81.33,1.5285247778671,10.2834506616994,-1.63378398541286,-20.7887323073742,-14.7583385310343,-8.34786918912419,7.77460976847415,5.07500055993648,0.268997509027431,-10.2609826085382,-9.77468385883622,-60.3972441539335,-5.92457638494154,8.50187364241567,0.53430962945698,4.85864355564022,-13.3104877490387,-62.1388284434822,-8.24524495549467,12.5188796882455,0.602458548252257,24.3140615325713,6.62865192485544,8.26378701822568,-0.627117156435359,9.8360945509596,0.0695463325020299,-2.32914225937566,6.19893066609912,-4.18969501089955,-1.8896411942995,10.6180396959675,-0.221282206987228,-3.01563522956732,5.89542591594515,-62.7425848003423,-0.901517934010762,10.0636894433355,2.15749287924714,-0.500314371870771,15.2075510603282,-27.5731119790998
81.335,1.51151531589082,10.3937712559449,-1.63210064678956,-20.8764870966407,-14.7476423229761,-8.73937340550333,8.03746505167935,5.34030318568151,0.321142138711354,-10.4221053474914,-9.58214290047368,-61.3704926622194,-5.31606986038535,9.10073476466037,0.586165000545506,4.62170830105133,-13.380086379468,-66.0262324946155,-6.89719916360851,13.0352872000508,0.703958705426064,26.4784905084959,8.582021127056,13.2788073802402,-0.781364557824508,9.82758029762398,-0.00511331944085646,-2.62835089648579,4.31578860665297,-5.45715710353751,-2.06461229247054,10.6688652737084,-0.272189241112418,-3.11988379814697,3.97484485422715,-62.0128908152746,-0.939547839887088,10.074129478127,2.12082322687484,1.76705740672313,15.428178096014,-28.6341465120761
81.34,1.47760299770279,10.513211861838,-1.62620211804191,-20.8583313411923,-14.6895206599264,-9.1676984541053,8.29492059206397,5.6228584948908,0.370598151645738,-10.662606059688,-9.45998528581086,-62.1064136341555,-4.73548655330822,9.69228181231753,0.621004425377922,4.4208537908247,-13.5497202454884,-69.1814592916904,-5.58520877914201,13.4751550282046,0.784488180819358,28.450853595685,10.2150145458927,18.3900559335705,-0.938497103090324,9.8340339437858,-0.0720896436258755,-2.94422396019237,2.49717172688115,-6.87926476963244,-2.23404192648084,10.7215035151227,-0.316450895423945,-3.22897347015904,2.11600211663621,-61.1349166015448,-0.977800986155094,10.071906180587,2.08595114515264,3.86616647898584,15.6498227609375,-29.7745338757498
81.345,1.42872386739685,10.641172661641,-1.61607968767336,-20.7331342338861,-14.5883542216398,-9.63574059056153,8.54267895202272,5.91780967568377,0.416722156337454,-10.9731661488848,-9.41249857559218,-62.607560102207,-4.19151950230529,10.2663909082879,0.638312215196991,4.26340067416416,-13.8128004741898,-71.6211587550851,-4.32730007370954,13.8286611531972,0.842858887106437,30.222096713804,11.5303864171094,23.4659540371494,-1.09383922464443,9.85722226954208,-0.129809578759546,-3.27685158175028,0.735735007838253,-8.43333894556236,-2.39397186556904,10.7767350484475,-0.35229859117582,-3.34399107937263,0.311525810127592,-60.1144112498664,-1.01512818121223,10.0566990126742,2.05357068379081,5.79891318589262,15.8788290622205,-31.0242234563031
81.35,1.36700102580512,10.7768954465193,-1.60178331511294,-20.5015016930787,-14.448819634959,-10.1464599216703,8.77659929294023,6.22021773478132,0.458943379427636,-11.3434872820572,-9.44269066979939,-62.881536807146,-3.6917684691715,10.8136591382138,0.638122502560524,4.15595916218185,-14.1612289153425,-73.3717119854858,-3.13945695526101,14.0892207893502,0.878628537097157,31.7859488580017,12.5349149552087,28.3768698499189,-1.24271634132818,9.89866014373782,-0.176952100289063,-3.62680417136362,-0.976755135593627,-10.0933120878914,-2.54050659948763,10.8354212092492,-0.378116273334037,-3.46635457510882,-1.44688239192186,-58.9604637878512,-1.05032907976001,10.0285747436666,2.02427160954197,7.57181496453249,16.1241756429085,-32.4153279550285
81.355,1.29465895054315,10.9194630479183,-1.58342122341426,-20.165798512302,-14.2757232835361,-10.7027491718497,8.9927606355537,6.52517672445502,0.496765114633262,-11.7625273082217,-9.55217012887086,-62.9408311589545,-3.24263693952533,11.3255511850077,0.620993910201535,4.10417760970565,-14.5855775108994,-74.4680665872179,-2.03543893659016,14.25356024472,0.892054669168268,33.1391334736132,13.2390511741061,32.9986869390873,-1.38057252390857,9.95957074769641,-0.212484364548036,-3.99510414437556,-2.64902845672327,-11.8301093571267,-2.66990382009988,10.8984409535527,-0.39249808859416,-3.59779730114765,-3.16806164243339,-57.6852959511053,-1.08220375910425,9.98796679439234,1.9985229456141,9.1958314291935,16.3973966930863,-33.9814960746513
81.36,1.21394202769685,11.0678007615667,-1.56115841882523,-19.7301445290746,-14.0738532096322,-11.3072828101765,9.18752277012611,6.82791955155743,0.529765090956557,-12.2187378517391,-9.74104845719345,-62.8025401076319,-2.84925606605795,11.7945155140725,0.587969691891715,4.11251714899453,-15.0752851773501,-74.9524580908256,-1.02665268564906,14.321648450367,0.884031799017995,34.2815048357826,13.6565673075484,37.216159867183,-1.50307867638941,10.0408526034718,-0.235688964774917,-4.38316969857513,-4.28991091925993,-13.6120746201267,-2.77865836948108,10.9666241076193,-0.394301101396919,-3.74033813422029,-4.86099455679427,-56.3039853397306,-1.10960843572916,9.93564716190122,1.97666205595113,10.6860328202488,16.7123699213842,-35.7572145056116
81.365,1.12703935605978,11.2206801367074,-1.53521426223247,-19.2003835243989,-13.8478539086627,-11.9623504572889,9.35758381275308,7.12391308235193,0.557594875326611,-12.7002988121194,-10.0078676488298,-62.4879987002474,-2.51543670690017,12.2140716859057,0.540525283280263,4.18405912772792,-15.6188673261082,-74.8730534278979,-0.122077094905989,14.2964983728589,0.856016729757752,35.2160923898317,13.8042080607895,40.9259627607311,-1.60622910936938,10.1430541748144,-0.246181281249074,-4.79273267374644,-5.90793064209851,-15.4054314077344,-2.86357811276336,11.0406852863521,-0.382691941624232,-3.89623620270345,-6.53441111726806,-54.8341305245548,-1.13151382790319,9.87269477697217,1.95888825706043,12.0611248997755,17.0849682314519,-37.7770475861695
81.37,1.03601760960315,11.3767255472973,-1.50585921798168,-18.5840234877958,-13.6021274280965,-12.6696794454861,9.5000333307504,7.40894173927482,0.57997850614102,-13.1953455688652,-10.3495562581232,-62.0223181962253,-2.24365017339083,12.578871058559,0.480505589724764,4.32035101788584,-16.204133360494,-74.2825525385593,0.671759375187944,14.1838564106881,0.809946554266689,35.9490409995527,13.7013445516884,44.0393484352691,-1.68642492011254,10.2663565137737,-0.243916498924876,-5.22573348764279,-7.51094371074328,-17.1747688106673,-2.92185064417284,11.1211627395963,-0.357186535255686,-4.06792874228358,-8.19640773520636,-53.2954707100234,-1.14706445261272,9.80046387622077,1.94525989216585,13.3428508618778,17.5325769450764,-40.0748246093269
81.375,0.942763429475505,11.5344239676906,-1.47341088160412,-17.8901468978528,-13.3407627438408,-13.4302523575733,9.61239990611591,7.67917919766353,0.5967106181243,-13.6921853147209,-10.761417045519,-61.4338436350403,-2.03503773746055,12.884733483621,0.410054603663066,4.52129527567289,-16.81840787183,-73.2367833732067,1.35075155298546,13.9918024201646,0.748153107807474,36.4894412817015,13.3696286892073,46.4843492231393,-1.74054314644305,10.4105641437004,-0.229186437488231,-5.68419694057425,-9.10579345586537,-18.8835424978401,-2.95110016504773,11.2083660318293,-0.317682192387317,-4.25795077554828,-9.85409537929679,-51.7094731336051,-1.15563686660467,9.72055530893019,1.93569399214001,14.5552956242102,18.0734836984594,-42.682786770222
81.38,0.848936470797409,11.6921383289512,-1.43822935561651,-17.1292898473773,-13.067493951419,-14.2441262333988,9.692691986993,7.93124811093199,0.607654362888652,-14.1794995798259,-11.2371488395148,-60.7535426314894,-1.88944835151313,13.1286626402918,0.331540073479565,4.78508438375083,-17.4487517456011,-71.7933238612368,1.91314427011033,13.7302860059921,0.673276751221434,36.8490510765978,12.8326448408815,48.2074658125936,-1.76599119714682,10.5751041202526,-0.202606824666191,-6.17009332447331,-10.6980155681043,-20.4945815663864,-2.9494342547197,11.3023358628518,-0.264481314287985,-4.4688358216804,-11.5132898223356,-50.0989014865584,-1.1568945496719,9.63479275814398,1.92996798485784,15.7241199733771,18.7261535039561,-45.6307080093705
81.385,0.755933863227185,11.8481247363756,-1.40071201126532,-16.31328923832,-12.7856864278418,-15.1102608113721,9.73943090773276,8.1622680160988,0.612739447582837,-14.6465306271294,-11.7689046540753,-60.0143388463646,-1.8055034045834,13.3088424609924,0.247475942917068,5.10818403646037,-18.082179921618,-70.0101819585556,2.35941761429,13.4106260288309,0.588181525681056,37.0419159530665,12.1155557335181,49.1748067143475,-1.7607465535298,10.7590330075677,-0.165096001403357,-6.68518978568862,-12.2915994277601,-21.9705927275528,-2.91548056516533,11.4028185494527,-0.198305865290854,-4.70299778979885,-13.1782554095724,-48.4873783040557,-1.15083683088217,9.54520474864489,1.92772332517458,16.8757518417446,19.508406918279,-48.9450062452564
81.39,0.66486647080348,12.0005536957027,-1.36128764507784,-15.4550979027595,-12.4983488393545,-16.0263635865634,9.75167504758676,8.36989170770931,0.6119606013176,-15.0832499679557,-12.3473873255138,-59.2504049831167,-1.78068668476938,13.4246167601851,0.160445152859728,5.48536516873172,-18.7058730746459,-67.9445617603208,2.69213616067603,13.0449999209984,0.495873003096872,37.0839028947989,11.2447403404138,49.3726579212553,-1.7233821641038,10.9610513522445,-0.117846266116488,-7.230897299537,-13.8888134575069,-23.2746543252109,-2.84841369009682,11.5092567757779,-0.12030159614284,-4.96259555848984,-14.8515114573729,-46.8989535352384,-1.13783903070204,9.45401215192182,1.92847134242277,18.0365600121802,20.4365247009013,-52.6478634585261
81.395,0.576546967691553,12.1475353371151,-1.32041001564922,-14.5685683558945,-12.2081677272302,-16.9887595630079,9.72903425218598,8.55233043209119,0.605376725837536,-15.4805077414397,-12.9619830064223,-58.4964312385949,-1.81145705476777,13.4764537689758,0.0730251612951194,5.90978429967365,-19.3073809421097,-65.6517399865992,2.91576804668634,12.6459474756895,0.3994196060906,36.9921665398172,10.2474227785146,48.8074793611587,-1.65307830338552,11.1795251326252,-0.0622891578037685,-7.80811893507953,-15.4900993648884,-24.370693788329,-2.7479725817804,11.6207972532757,-0.0320308805771268,-5.24938340260156,-16.5337076299963,-45.3576904137078,-1.11868089338569,9.36361979927775,1.93160196901881,19.2320322967102,21.5243075780927,-56.7563746030779
81.4,0.491489391493289,12.2871484526431,-1.27855072777193,-13.6682069137279,-11.9175604293903,-17.9922933251286,9.67167385713827,8.70836826751611,0.593110896804151,-15.8301621047469,-13.600931806938,-57.7868858397207,-1.89338069913816,13.4658968761444,-0.0122817858637334,6.3731104750646,-19.8748153827889,-63.1840730290235,3.03647982197487,12.2259105156738,0.30187781218199,36.7845712722327,9.15129274133935,47.5053412838673,-1.5496219298562,11.4125135977319,-5.59650476675624e-05,-8.41710532058029,-17.0940370398814,-25.2239432472444,-2.61446891918854,11.7363149764238,0.0645469966606103,-5.56455224843003,-18.2235715967724,-43.887278356812,-1.09456046909632,9.27660989346463,1.93639625703903,20.4859762151381,22.7821244528172,-61.2817462489198
81.405,0.409919505254555,12.41747298048,-1.23619141993798,-12.7689010550415,-11.6287413168334,-19.0302704377071,9.58030792234578,8.8373660378793,0.575351262090622,-16.125188082185,-14.2515337450611,-57.1552845881429,-2.02127919633492,13.3955025416177,-0.0931119882681056,6.86569596059168,-20.3970314814322,-60.590150302947,3.06191274864921,11.7968255991234,0.206221473051165,36.479094955043,7.98411952902996,45.5108292371351,-1.41339475742178,11.657802876708,0.0670653413776972,-9.05732334509253,-18.6973788069513,-25.80136911459,-2.44878678675395,11.8544528759737,0.167109130426231,-5.90856853304363,-19.9179291158424,-42.5106809782457,-1.06709092158317,9.19573426329108,1.94204365591363,21.8197559123597,24.2159862780438,-66.2285661303371
81.41,0.331795005932112,12.5366253824452,-1.19381521746596,-11.8856241099705,-11.3437957655815,-20.0944442041815,9.45618159959292,8.93925507026243,0.552352728173067,-16.3597655162501,-14.9003869966299,-56.6334861835048,-2.1893891415065,13.2687661201815,-0.167296007949555,7.37678676532752,-20.8637951093323,-57.914105006783,3.00094573243238,11.3697821137935,0.115275439802993,36.0932411147576,6.7733631590926,42.8854603929204,-1.24535134906216,11.9129447198193,0.137175692357094,-9.72734411710255,-20.2951488841611,-26.0720723803335,-2.25237392849514,11.9736749029429,0.273016573582824,-6.28101900870445,-21.6117935978772,-41.2498254570636,-1.03827831597254,9.12390220433376,1.94766487282956,23.2515750251169,25.8266855037001,-71.5941643584856
81.415,0.256834370513037,12.6427961715877,-1.15189744662418,-11.0331225505731,-11.0647559716332,-21.1750524781663,9.30104289793087,9.0145210650513,0.524439133543025,-16.5293458525368,-15.5336542459114,-56.2510294926048,-2.39152863555652,13.0900362317948,-0.23290598388618,7.89476805454533,-21.2659353080809,-55.1950886867011,2.86344945179963,10.9547531890768,0.0316537523251051,35.6434859949521,5.54578727728924,39.7056665335826,-1.04698855636738,12.1752997095121,0.208312129755444,-10.4247560100555,-21.8808014566644,-26.007657154329,-2.02722472698351,12.0923299538885,0.379376401258908,-6.68047097230556,-23.2985193643783,-40.1253375284727,-1.01047929293048,9.06416072726511,1.95234076516702,24.7958119995346,27.609042219662,-77.3680859917722
81.42,0.184552933382884,12.7342886639894,-1.11089566707811,-10.2255922773683,-10.7936726715112,-22.2609075515849,9.11710446251576,9.06417832131949,0.492005393359514,-16.6306974795234,-16.1373517437304,-56.0345278831667,-2.62126569813132,12.8644183464775,-0.288294178557128,8.40743852799658,-21.5954796910085,-52.4669113849809,2.6600356560606,10.5604021710688,-0.042297211363112,35.1447851668306,4.32707961070855,36.0604099944811,-0.820307579234219,12.4420842443996,0.278495923166552,-11.1461082189998,-23.4464289039158,-25.5825655892581,-1.77585495696601,12.2087235894997,0.483117774176513,-7.1043579414913,-24.9700104335775,-39.1563243171893,-0.986338645057043,9.01966450556956,1.95514715713978,26.4624125145206,29.5512976062657,-83.5316929988086
81.425,0.114304634819442,12.809557869658,-1.07123916137378,-9.47635128164408,-10.5326770674355,-23.3395401706412,8.90699631806226,9.08973457856735,0.455518897925281,-16.6619292520633,-16.697654504795,-56.0071342691594,-2.87208358982315,12.5976684083209,-0.332122763275893,8.90230689110031,-21.8457707828684,-49.7578447467328,2.40180515131348,10.1939631697556,-0.104550045639395,34.6101613801763,3.14148647418866,32.0485081862569,-0.567769825693691,12.7104205494605,0.345781009806522,-11.8868895960496,-24.9830105512844,-24.7743777312529,-1.50126831655141,12.321194213127,0.581080685010019,-7.54890061828889,-26.6169749115829,-38.360205204366,-0.968708138244956,8.99363365128628,1.95519481912587,28.256343552284,31.6346928634538,-90.0579114586102
81.43,0.0453277649198457,12.8672483258272,-1.03331810155318,-8.79751686981679,-10.284027768687,-24.3973965257244,8.67371081944493,9.09314682646925,0.415519306907369,-16.6224916878625,-17.201209970563,-56.188088656073,-3.13753816371514,12.2960775839571,-0.363385151085483,9.36690265827745,-22.0115608994629,-47.0905813773074,2.10009777731679,9.86119052581486,-0.15344131869399,34.0503911284547,2.01146829422725,27.7757496245799,-0.292247641720209,12.977388904503,0.40830221879651,-12.6415465879958,-26.4806918505676,-23.5640750904815,-1.20691477664219,12.4281902623599,0.670115145514128,-8.00907201195576,-28.2292140024536,-37.7525889944259,-0.960549390740619,8.9892985670458,1.9516732197729,30.1771152435903,33.8332672252295,-96.9111372093803
81.435,-0.0232070454536145,12.9062296325674,-0.997472680717486,-8.19969622991097,-10.0501383252288,-25.4200847363422,8.4205412770976,9.07676860570107,0.372615838143356,-16.5131551849837,-17.6354515041608,-56.5923577783849,-3.41140271862921,11.9663495494328,-0.381419394712657,9.789092753834,-22.0890828807154,-44.4823400569854,1.7662477341478,9.56636908395787,-0.187709355824097,33.4738021684306,0.9573832307345,23.3518891499944,0.00302911691054153,13.2400812094824,0.464322657942086,-13.4035428350081,-27.9290839855464,-21.9362668358178,-0.896640931173103,12.5283450136293,0.74718761280235,-8.47861383910014,-29.7959342044871,-37.3471939118985,-0.964825117311458,9.00983238706782,1.9438961628853,32.2183793494964,36.1139018112824,-104.04731024679
81.44,-0.0921483554416171,12.9256284820574,-0.963982552645583,-7.69169947953828,-9.83358191159631,-26.3926650589008,8.15101587379202,9.04328955984563,0.327481214575119,-16.3359645189491,-17.9889023484771,-57.2303739534034,-3.68779638972855,11.6154720816783,-0.385914270782285,10.15739477938,-22.0760938135756,-41.9451031958982,1.41134791549039,9.312375050564,-0.206523834613191,32.8861883123347,-0.00279417734972983,18.8876118003499,0.314529768578132,13.4956549178342,0.512279436840401,-14.1654613973448,-29.317574314153,-19.8793775571482,-0.574632878619064,12.6205457532884,0.809490553230667,-8.9501088595687,-31.3060712690245,-37.1558054751388,-0.98438451648978,9.05827273832545,1.93134711198801,34.3676162232204,38.4366268778004,-111.414165225566
81.445,-0.162316696061161,12.924856068246,-0.933056971413328,-7.28028443876715,-9.63707087977294,-27.299975937801,7.86882856039234,8.99566827292171,0.280841601313482,-16.0941688968674,-18.251460235942,-58.10787761777,-3.96129286619889,11.2505850513236,-0.376908673354985,10.4612774565096,-21.9718888883965,-39.4859702158271,1.04602735500047,9.10077607167227,-0.209506235477565,32.2908416145067,-0.853712736813474,14.4915534895345,0.638481884780493,13.7413862673756,0.550826637886423,-14.9191486942337,-30.6356385919802,-17.3857955798419,-0.245363774760236,12.7039908063268,0.85455025647888,-9.41511078710136,-32.748614820359,-37.1882661122674,-1.02186090706375,9.13743209945931,1.9137226376163,36.6059244984325,40.7551987238039,-118.951662650874
81.45,-0.234460235179925,12.9036299016233,-0.904826068515983,-6.96994219404981,-9.46341019596648,-28.126986220108,7.57776861436436,8.93705970737212,0.233462125136429,-15.7921270258498,-18.4146527432632,-59.225865261606,-4.22700713500457,10.8788471821441,-0.354784855457264,10.6914386806258,-21.7772827819875,-37.1076084421443,0.680246355337487,8.93195899845963,-0.196740249041966,31.6886959832519,-1.58283652344708,10.2674624520958,0.970931927173864,13.9747216308515,0.578874205717673,-15.6558971554104,-31.8731464778599,-14.4519809270923,0.0864485291570025,12.7782302989193,0.880327584460239,-9.86433003319163,-34.1129231218582,-37.4524895524944,-1.07959310625287,9.24979835383157,1.89097142011856,38.9079291514593,43.0179396510412,-126.592602817842
81.455,-0.309214814007981,12.8619892147176,-0.879333738950686,-6.76273203573115,-9.31542515868503,-28.8591624348865,7.2816504714098,8.87073881732628,0.186127905409348,-15.4351870339212,-18.4718537803393,-60.5806417330873,-4.48065896343509,10.5073041195096,-0.32025591593557,10.8400518824398,-21.4945564886429,-34.8087816337055,0.323114190168334,8.8052744812353,-0.168771315716358,31.0785705501663,-2.18058342546361,6.31157869601397,1.30780662298797,14.1933257123583,0.595621268253936,-16.3666614327719,-33.0206524040262,-11.078532253151,0.415921456473769,12.8432039070825,0.885306418510759,-10.2878700348742,-35.3890183456818,-37.9544925899557,-1.15952877618108,9.39744499489657,1.86332263284424,41.2418239505742,45.1688208060717,-134.263422084974
81.46,-0.387069661696484,12.8003033178198,-0.856532613486383,-6.65817354778999,-9.19586520965392,-29.482839037743,6.9842453055117,8.80002213100295,0.139620928579437,-15.0295416825877,-18.4184523234049,-62.1639732507746,-4.71861289174934,10.1427604187779,-0.27434775834333,10.9009720285512,-21.1273683360166,-32.5849355006313,-0.0172657019520032,8.7191888333934,-0.126594557365838,30.4574960460922,-2.64040559957349,2.71029982570744,1.64497427686794,14.3951252524085,0.600582363346364,-17.0423009479067,-34.0696645298415,-7.27021243007818,0.738101108435383,12.8992670908167,0.868564553382369,-10.6755055325963,-36.567853875066,-38.6984368093585,-1.26313903651145,9.58194987125068,1.8313036622478,43.569563733124,47.1487544246602,-141.885168255635
81.465,-0.468339877338981,12.7192724519295,-0.836281563655754,-6.65320250169403,-9.10728703748862,-29.9855789629608,6.68921565117564,8.72818925449253,0.0946935416834632,-14.5820601255321,-18.2519656691412,-63.963335021882,-4.93789554450037,9.79165802198064,-0.218375580591858,10.8698936321668,-20.6806290068675,-30.4288194587741,-0.333918487961876,8.67143530873474,-0.0716304874678818,29.8211031874664,-2.95880839770546,-0.461809120134051,1.97830524554366,14.5783468936952,0.593605135743174,-17.6738397127552,-35.0128852028653,-3.03593294964358,1.04800341520643,12.9471837960124,0.829822666223431,-11.0169911510713,-37.6415466021679,-39.68667328829,-1.39141283789102,9.80430506614841,1.79574896708714,45.8472204791813,48.8970499501513,-149.37464826145
81.47,-0.553146511656759,12.6199208943353,-0.818346120446786,-6.74219575406513,-9.0519214764327,-30.3565117393539,6.40005415621244,8.65840633193679,0.0520397815796389,-14.1000984729895,-17.972091099788,-65.9622452041108,-5.13619202065076,9.45996364732825,-0.153914818780446,10.7444545973147,-20.1603417002967,-28.3311244133748,-0.621084962039928,8.65915884597339,-0.00568810387274704,29.1640489411948,-3.13530602121098,-3.14361635727285,2.30373085404707,14.7415479170331,0.574878296323633,-18.2527329047416,-35.8444171408876,1.61130214006057,1.3406543588632,12.9881012764718,0.76946795647907,-11.3023862263184,-38.603568817279,-40.9197841222813,-1.54488082905016,10.0648374901838,1.75779348987587,48.0255147651801,50.3529787029209,-156.645736762873
81.475,-0.641404781608872,12.5035823050641,-0.802402091730742,-6.91706856032562,-9.03152985346267,-30.5866368552622,6.12002734787523,8.5936534967854,0.012266146784369,-13.5912925762098,-17.5806918807476,-68.1406751375832,-5.31182393072528,9.153067293376,-0.0827663914534307,10.5242815583241,-19.5734100502561,-26.2811174931976,-0.87427037959882,8.67905028601817,0.0690846896606557,28.4804548247437,-3.1723142108255,-5.28860230188611,2.617300120587,14.8836386919326,0.544929000920042,-18.7711287461081,-36.5599304698227,6.65449147104919,1.61114639758322,13.0235126697902,0.688550171750423,-11.5223802157486,-39.4488960627501,-42.3966158006095,-1.72365057965856,10.3631500036924,1.71884794024767,50.0505309063068,51.4573851745913,-163.610828805321
81.48,-0.732820626842505,12.3718775474523,-0.788042538724913,-7.16744559457635,-9.04725636550774,-30.6690810405765,5.85212510568153,8.53665826636801,-0.0241362943217807,-13.0633376902275,-17.0817158953881,-70.4755243574623,-5.46371226244421,8.87569378458904,-0.00691609809921478,10.210974533346,-18.927417996357,-24.2672562857838,-1.09025429321493,8.72746789813007,0.150262904229484,27.7643313826439,-3.07498250768227,-6.86559817750232,2.91523378284446,15.0038959022452,0.504609280934216,-19.2221139463443,-37.1567868586855,12.0727689676214,1.85468082313087,13.05519763575,0.588749579336112,-11.6686023731715,-40.1741091923281,-44.1143009184078,-1.92747933188644,10.6980745725522,1.68055684954715,51.8646199941419,52.1542803423137,-170.182413627114
81.485,-0.826895493389232,12.2266854473468,-0.77478811659733,-7.48090455380803,-9.09948370479153,-30.5992996633881,5.59901636889168,8.48983667137854,-0.0568164179805725,-12.5237609146619,-16.4810478544307,-72.9411478849385,-5.59132863564813,8.631828980002,0.0715118583623508,9.80803108529684,-18.230387366779,-22.2777671514077,-1.26706242255157,8.80054560894175,0.235217498280675,27.0099647752419,-2.85097082183635,-7.85907935504508,3.1939752637168,15.1019658985038,0.455071681656045,-19.5999313784355,-37.6341182812841,17.8415716842012,2.06660186394754,13.0851432658298,0.472317878435811,-11.7338997420139,-40.7774507264075,-46.0682663523821,-2.15587216257143,11.0676395149422,1.64473853549814,53.4074901031084,52.3923539903825,-176.274740452237
81.49,-0.922938928952696,12.0701071479358,-0.762100597766492,-7.84328862584785,-9.18769943645336,-30.3752144430437,5.36301147170038,8.45524367533136,-0.0855821521983789,-11.9796934329264,-15.7862987732271,-75.5099226545929,-5.69463863048271,8.42466194982264,0.150307021010626,9.32071265543757,-17.4905203610437,-20.3011745075349,-1.40390346633752,8.89428850902007,0.321197921809916,26.2122449091885,-2.51017705892095,-8.26902174930726,3.45023835459726,15.1778578780542,0.397734770553925,-19.9001597632355,-37.9928593004278,23.9328405789914,2.24242528037663,13.1154467849168,0.341994619825092,-11.7125689117496,-41.2588372344869,-48.2522277437167,-2.40819450676418,11.4690508083049,1.61330763151733,54.6174770334945,52.1263487614483,-181.805540850951
81.495,-1.0200883040134,11.9044248639088,-0.749399191560238,-8.23908145680856,-9.31038053033882,-29.9972820364279,5.14603140307145,8.43453413104517,-0.110412323793088,-11.4376504421695,-15.006539152544,-78.1528396172042,-5.7740407363805,8.25654411012098,0.227229955632072,8.75585817506304,-16.7159352888339,-18.3267704679712,-1.50107547501473,9.00465697840036,0.405421784722423,25.3669194195638,-2.06442427279194,-8.11034207393474,3.68105150784759,15.231926978735,0.33423961842947,-20.119846853405,-38.2357330404249,30.3152520253748,2.37786402509442,13.148201898014,0.200903086667963,-11.600529314462,-41.6198306775227,-50.6581717988056,-2.68378682034566,11.8986866434282,1.58818234261623,55.4329818798932,51.3182480118122,-186.697766240894
81.5,-1.11733473177913,11.7320559550099,-0.736079079778557,-8.65183570647189,-9.46490294749894,-29.4684906307427,4.94958423550486,8.42893515659175,-0.131459743171464,-10.9033271739515,-14.1519848824571,-80.8401080046588,-5.83030409841487,8.12896600249789,0.300073684462171,8.12165233335648,-15.9144047264734,-16.3450167853569,-1.55984776860412,9.12764114923263,0.485168612112179,24.4707636484247,-1.52711713889275,-7.41195412877258,3.88379870149133,15.2648477699317,0.266398716784479,-20.2575898178887,-38.3671920418429,36.9544781656074,2.46885457293987,13.1853715258728,0.0524307168510741,-11.395428972178,-41.8635722447381,-53.2763294165687,-2.98206766924578,12.3521045642621,1.57118014001167,55.7940533981727,49.9382417241938,-190.881293738205
81.505,-1.21355404784455,11.5555033507177,-0.721531434414635,-9.06464394532082,-9.64748230687088,-28.7942843772866,4.77474895419497,8.43923041639169,-0.149044544251404,-10.3814194605791,-13.2336471634418,-83.5417584167198,-5.86450767899858,8.04255211620292,0.366727834358637,7.42735784339179,-15.093105619016,-14.3478735793551,-1.58232526364492,9.2593274696602,0.557874089901107,23.5216630812517,-0.912878375556789,-6.215483238541,4.05625685766019,15.2775790185291,0.196139088509838,-20.31355908866,-38.3933159447311,43.8134746793111,2.51158831763229,13.2286507044694,-0.0999000255851429,-11.0966773576779,-41.9946822206532,-56.0951438860785,-3.30261130328352,12.8240611126908,1.56390711631202,55.6440838281032,47.9654487682764,-194.294549491103
81.51,-1.30754153284414,11.3773034804217,-0.70516409121983,-9.46063861428797,-9.85315046934929,-27.982418265882,4.62216693095876,8.46575638816309,-0.1636374500702,-9.87547685266772,-12.2629595589629,-86.2282317630002,-5.87798276784904,7.99707386501485,0.425243588824059,6.68302257173503,-14.2583907414075,-12.3290517395314,-1.57130238658943,9.39595891525011,0.62122079681569,22.5186110367135,-0.237175978999144,-4.5736892051589,4.19662975074885,15.2713209777444,0.125441583866822,-20.2894646933318,-38.3216684993743,50.8527951108731,2.50255284979358,13.2793245764228,-0.252563928452622,-10.7054041844027,-42.0191289746438,-59.1012393087031,-3.64518697841276,13.308544812429,1.5676474955964,54.9315770867164,45.3883885930862,-196.885996544726
81.515,-1.39804893195253,11.1999729874509,-0.686422024757519,-9.82350611328708,-10.0757714582386,-27.0427488115533,4.49204130115292,8.5084103037683,-0.17583335941583,-9.38779533324174,-11.2513965430067,-88.8709416579888,-5.87226003672943,7.9914805308637,0.473897123844006,5.89917337845437,-13.4155903377432,-10.2841880959828,-1.53011350022576,9.5339899862654,0.673221233336029,21.4616303137665,0.484048261700129,-2.54865448071845,4.30357822316624,15.24746677249,0.0562785199150796,-20.188466903977,-38.1611168792197,58.0309314891713,2.43858783363555,13.3381276283809,-0.402161918443884,-10.2243472547274,-41.9440695172178,-62.2793949585608,-4.00974997524569,13.7988244423377,1.58326063459129,53.611938896516,42.2052098018758,-198.615434748047
81.52,-1.48382226748514,11.0259555974746,-0.66480679684202,-10.1379988848441,-10.308098575994,-25.9869685898984,4.38414449063373,8.56666908487152,-0.186316380546442,-8.91935523673251,-10.2100985051241,-91.4427986232462,-5.84902162275344,8.02394764793085,0.511248912062989,5.08650889435863,-12.568851720142,-8.21094441071635,-1.4624860243026,9.67013711220165,0.712289063227184,20.3516325453012,1.23473948092805,-0.209798593425439,4.37624633904063,15.2075497164206,-0.00944809624718869,-20.0150357207647,-37.9216167711466,65.3046814681709,2.31695948291033,13.4051115409864,-0.545540243351015,-9.65767671523414,-41.7776634591377,-65.6125315071941,-4.39637830233372,14.2875156644494,1.61109310743328,51.6492303323895,38.4236957945841,-199.455063485474
81.525,-1.56363896941515,10.8575705410457,-0.639894215045642,-10.3904287004324,-10.5418729622166,-24.8282950092103,4.29783408160665,8.63961825981941,-0.195818113507725,-8.46980813176056,-9.14951807436871,-93.9186854069652,-5.81005810513651,8.09194190617148,0.536196137538645,4.25560322002429,-11.7210231818978,-6.10903295439247,-1.3724013153811,9.8014245397258,0.737294917943279,19.1902327473614,1.99907158141146,2.3682179041868,4.41428286615876,15.1531885758016,-0.069965537156171,-19.7747661152867,-37.613967299098,72.6295424904929,2.13545624426233,13.4795300911831,-0.679894219442313,-9.01076693304456,-41.5288618464076,-69.0817149256648,-4.80515417830429,14.7666699084347,1.65091303299455,49.0178202406501,34.0610776353685,-199.390264082158
81.53,-1.63634295355306,10.6969638959229,-0.611349528314848,-10.5691243106466,-10.7679622430575,-23.5811255066826,4.2320770843355,8.72598955788476,-0.205071551059289,-8.03751425027043,-8.07910179477844,-96.2758739086318,-5.7572297776672,8.19230119708616,0.548015501654659,3.41663167968647,-10.8735868198918,-3.98017292159193,-1.26396704495233,9.92522527259372,0.747603856484312,17.9795386185478,2.76176368149884,5.10763656121778,4.41785721238978,15.0860328795972,-0.12368441131369,-19.474157935933,-37.2495405094546,79.9601333993016,1.89250623802468,13.5597503144213,-0.802851712899735,-8.28993047088684,-41.2071723756848,-72.6661834724336,-5.23599511409941,15.2278896717564,1.70187263826903,45.7038686592685,29.1436906345841,-198.420067374732
81.535,-1.70087643836013,10.546064140266,-0.578939601135084,-10.664837216245,-10.9765364121043,-22.2606724444993,4.18548248619254,8.82420564770616,-0.21476338531532,-7.61962965845833,-7.00701963562133,-98.4943756266669,-5.69243135544722,8.32132791933423,0.546393940240752,2.57912835004207,-10.0266428395876,-1.82798323820822,-1.14130345092173,10.0392962010747,0.743092549521076,16.7219343770713,3.50836622900754,7.92972971365328,4.38766869317114,15.0077103546205,-0.169245903980326,-19.1203708218444,-36.8399908981692,87.250643394347,1.58731437233332,13.643199400175,-0.912532668961382,-7.50213108687371,-40.8224030207717,-76.3434025153929,-5.68844520800599,15.6624738484769,1.76250321556453,41.7065733596365,23.706513375392,-196.557282736845
81.54,-1.75630749854456,10.4065431051481,-0.542541646905703,-10.6710805483725,-11.157276708563,-20.8825913349405,4.15634167575504,8.93243033724412,-0.225487724489839,-7.21223992115939,-5.93995261177937,-100.557219248894,-5.6175592085759,8.47489313716163,0.531445215777458,1.75178319802426,-9.1789457360008,0.342181539714127,-1.00844459278713,10.1418062305135,0.724145368660514,15.4198774484128,4.22551334942723,10.7568569178053,4.32494781644445,14.9197784410132,-0.205560567523702,-18.7209653324584,-36.3969512819807,94.4553072037761,1.22001400735195,13.726356357957,-1.00758232240463,-6.65469414689058,-40.3843871836779,-80.0891510737833,-6.16144251956519,16.061595272527,1.83074429559581,37.0391154913475,17.7926260815063,-193.828277101721
81.545,-1.80185261151511,10.2797833695249,-0.50214825810378,-10.5843878978237,-11.2996120535197,-19.4626156944315,4.1426759948569,9.04862249209305,-0.23770420483157,-6.81053468967565,-4.88294604831554,-102.450650960276,-5.5344762622302,8.64855573646406,0.503710985048539,0.942284432170371,-8.32799053946257,2.52344451703579,-0.869248630548439,10.2313614409269,0.69162980186268,14.0757234792937,4.9011393555925,13.514396531166,4.2314481878164,14.823681631016,-0.231837328537373,-18.2836417700757,-35.9317222136303,101.528903867458,0.792929170705362,13.8053834324178,-1.08717009774242,-5.7550331754536,-39.9026951417022,-83.8776429778377,-6.65211948787699,16.4173077077376,1.9040424910484,31.7292483770034,11.4526197075962,-190.272405257826
81.55,-1.83689375925297,10.1668529348949,-0.457868635383268,-10.4044813914345,-11.3929765870674,-18.0162108673867,4.14229028256523,9.17059195158233,-0.25170321480287,-6.40901562274616,-3.83933292495098,-104.164255186745,-5.44488440719804,8.83784278816101,0.464145800202462,0.157209257977632,-7.47014523219273,4.70766030808027,-0.727184515263557,10.3071397744079,0.646854540464024,12.6915913888313,5.52465849611935,16.1325062159652,4.10942770061221,14.7207160906342,-0.247601702763555,-17.8159878752769,-35.4549631116253,108.427274719595,0.321576759703177,13.8823754449265,-1.1508998458301,-4.81041037813662,-39.3863387376126,-87.6816845154124,-7.14630908224838,16.7311120563482,1.97984760449211,25.8194857161987,4.74397863241602,-185.941104859728
81.555,-1.86098997161526,10.0684877599727,-0.409926071447058,-10.1343413377128,-11.4270810276709,-16.558257620439,4.15283088977547,9.29605581147357,-0.267580446112191,-6.00172848791758,-2.81072848611605,-105.690995742838,-5.35027228445133,9.03838689220645,0.414085978455815,-0.598036203965724,-6.60082361906736,6.88569999809329,-0.585247053626758,10.3689003527583,0.591509514655851,11.2692759167925,6.08710788785969,18.5476733648503,3.96161790288924,14.61200268406,-0.252702558885036,-17.3252457524057,-34.9763942693163,115.107854177688,-0.16903878853454,13.9648535340078,-1.19877570616805,-3.82774678894666,-38.8434787773959,-91.4728694208236,-7.6223355905166,17.0131324044433,2.05576382660291,19.3668613239405,-2.26955065456626,-180.896680376865
81.56,-1.87388348889223,9.9850824596031,-0.358651873308106,-9.78017324995847,-11.3921899577229,-15.102774276108,4.17184631810371,9.42269357812361,-0.285222298980654,-5.5825092976758,-1.79709410843977,-107.02717961949,-5.25216019766837,9.24556874105877,0.355203700532872,-1.31922937072442,-5.71469148277967,9.04775708356204,-0.446319664933869,10.4166066901478,0.527586641806041,9.8102108135932,6.58125412128706,20.7040242435593,3.79118082660681,14.4984691339484,-0.247307167113782,-16.818107094489,-34.5045198024258,121.53020495381,-0.671289673581652,14.0516104866735,-1.23116953436255,-2.81349425415865,-38.2811471462895,-95.2218110660458,-8.07412985794394,17.2624584725055,2.12885218857943,12.4422511802051,-9.51860368373428,-175.210809210312
81.565,-1.8755009446524,9.91668920692831,-0.304476008033595,-9.35127183746941,-11.2793967351935,-13.6626837812507,4.19684841984778,9.54819986869096,-0.304302872492638,-5.14523396743721,-0.796865466464337,-108.172347853541,-5.1521391297862,9.45455205078173,0.289448623870889,-2.00329957996839,-4.80589783730428,11.1836637391675,-0.313227237362323,10.450352714589,0.457294282766401,8.3154818160139,7.00166426380752,22.5543687737267,3.60165310508917,14.3808416290034,-0.231884713820176,-16.300544099865,-34.0463822047933,127.656547456369,-1.19093933951655,14.1332876779876,-1.2487457667973,-1.77357689443314,-37.704997811714,-98.8984107013932,-8.50688422140163,17.4679380101473,2.1956765966653,5.12926882902364,-16.9288642736548,-168.962810475092
81.57,-1.86595011154448,9.8630246414122,-0.247914835858164,-8.85978543268895,-11.0808875584092,-12.2496295757777,4.2253720198263,9.67033352647225,-0.324292440559392,-4.68406124130844,0.192862516741536,-109.12909997395,-5.05160116115192,9.66082794488603,0.218979618052502,-2.64825762908237,-3.86832254049465,13.2832064808793,-0.188339582565472,10.4706710914776,0.382972697291877,6.78588516919848,7.34474198222441,24.0609661336064,3.39687785932286,14.2596457535523,-0.207178946639138,-15.7776814980013,-33.6073593125444,133.452271596586,-1.72633545011729,14.2034984703521,-1.25243745382629,-0.713404245942752,-37.1191022059482,-102.472159514039,-8.91907374101324,17.6235029776609,2.2530053039521,-2.47723437122441,-24.4217707670687,-162.237722782965
81.575,-1.84551281783922,9.82348438538149,-0.189556361274275,-8.32038808248051,-10.7901863003031,-10.8738416330283,4.25503090110574,9.7869622340435,-0.344476525826664,-4.19365946678345,1.17610348223065,-109.902860325317,-4.95168751624305,9.86035163474256,0.14609015091185,-3.25309294314605,-2.89583143050989,15.3364303347245,-0.0735104159697234,10.4785215527619,0.307005775920158,5.22202489086725,7.60872935547974,25.1960045549796,3.18092555041942,14.135216185675,-0.174171110198885,-15.2537129334668,-33.1910139672179,138.886418101792,-2.27015660168603,14.258704856299,-1.24334030460551,0.36204765849972,-36.5258045810013,-105.91247109721,-9.30424077266676,17.7277684581492,2.29800268044093,-10.2730135146976,-31.9152855454787,-155.124242174179
81.58,-1.81463464581117,9.79716461091676,-0.130043497182357,-7.74986996758965,-10.4023721212799,-9.54405176349793,4.28356833143285,9.89610193567342,-0.36398400878512,-3.66940911923226,2.1577111886515,-110.501596029491,-4.85335714720746,10.0494739352336,0.0731307665965162,-3.81764564084936,-1.88253047833724,17.333921053731,0.0298047012590208,10.475126070741,0.23173413533003,3.62444031998028,7.79367475569752,25.9417966768273,2.9580057113991,14.0077142155624,-0.134034803954731,-14.7318627089238,-32.7990054213072,143.932115901827,-2.81479677899553,14.295609330896,-1.22258847513606,1.44809697393722,-35.9256515302195,-109.189039650896,-9.65564534503346,17.7802015516244,2.32824936025637,-18.1465520244572,-39.3247529363695,-147.712575483157
81.585,-1.77391197923955,9.78288997417725,-0.0700559029165843,-7.16665973646961,-9.91426260416605,-8.26745536325805,4.30890067685059,9.99595061531608,-0.381822207142289,-3.1075746546886,3.14308656886981,-110.935497374462,-4.75738771330817,10.2249900292205,0.00243221887409042,-4.34246111557157,-0.823011139333012,19.2670558038713,0.120533365933806,10.4619009023195,0.159376704483412,1.99375473871978,7.90136704815198,26.2906994189917,2.73237212262503,13.8771517968939,-0.0880848084480087,-14.2143916820233,-32.4310695168134,148.566962295019,-3.35261173956682,14.3112566172935,-1.19127414602025,2.54017365201914,-35.3174068630559,-112.272217900661,-9.966512274558,17.7810455962257,2.34185364574301,-25.9813821556236,-46.5638684999232,-140.09226805443
81.59,-1.72407689789156,9.77924712906892,-0.0102910191448907,-6.59029460755486,-9.32455623839977,-7.04971535130294,4.32915311597576,10.0849162044149,-0.396916572613096,-2.50544115345745,4.13787220889706,-111.216631946338,-4.66437960929119,10.384178319347,-0.0637671963342257,-4.82863468449223,0.287419949203311,21.1282140807002,0.19796837724838,10.4403901717898,0.0919627704304686,0.330835900315156,7.93523640561442,26.2447743990986,2.50822452449521,13.7434205831754,-0.0377222432775826,-13.7026440707949,-32.0850719351853,152.773333461885,-3.87638926350683,14.3036268664329,-1.15038513678081,3.63361351329482,-34.698158481266,-115.133407383727,-10.2306356424889,17.731661749864,2.33756320826731,-33.6585182698906,-53.5457767416843,-132.350067767302
81.595,-1.66598035529077,9.78462291659657,0.0485550338586496,-6.04085566332609,-8.63392945762984,-5.89500308410438,4.34268697762186,10.16163859926,-0.408152588805059,-1.86141314612621,5.14764576648177,-111.358583795169,-4.57476669004673,10.5248230099093,-0.123387136595829,-5.27765344410069,1.45253265076059,22.910942388848,0.261741904320633,10.4121989651059,0.0312766245216021,-1.36304005181304,7.90022232885067,25.8152112712854,2.28961032721822,13.6063242381105,0.0156214011489209,-13.1971301619149,-31.7571354984542,156.538614454125,-4.37979535166156,14.2720116407237,-1.10076262655057,4.72345112663351,-34.0635181293726,-117.745452489109,-10.4429249592131,17.6346718792231,2.31484274327505,-41.0589158404778,-60.1843049765914,-124.567889410939
81.6,-1.6005740430971,9.7972461842243,0.105806017475913,-5.53838668940353,-7.84508497748411,-4.80607045138085,4.3481187223771,10.2250059359833,-0.414417588278286,-1.17507484153426,6.17762299023555,-111.376088325253,-4.48883282313226,10.6452216183692,-0.174561203784746,-5.69124178431417,2.67499093943144,24.6100683343984,0.311793078402419,10.3789291277116,-0.0211838564350589,-3.08602877960713,7.80261003447268,25.0215418730036,2.08032995809152,13.4656122540865,0.0705387919731023,-12.6976385241252,-31.4418388140132,159.855339957332,-4.85666068108298,14.2154547170974,-1.0430795207744,5.80423469947337,-33.4079083670848,-120.083028540253,-10.5983549595791,17.492543491927,2.2737829488022,-48.0658735284722,-66.3953290652647,-116.820943949385
81.605,-1.52889133629508,9.81523205019574,0.160822950795496,-5.10231527707906,-6.96274974531504,-3.7843469961642,4.34433103138057,10.2741653966226,-0.414640483530032,-0.447212595300521,7.23237980291826,-111.284672458185,-4.40673279895639,10.7441792259668,-0.215681812707713,-6.07121613818877,3.95619983414075,26.2217621279901,0.348330732931945,10.3421207204107,-0.0642341817630219,-4.83556846466112,7.6498371772204,23.8906776180515,1.88384946693271,13.3210135569305,0.12569740008079,-12.2033703518834,-31.1324797731993,162.721239784025,-5.30056292447632,14.132099243833,-0.977844291982453,6.86988492986631,-32.7249244540305,-122.123013373317,-10.6914428315056,17.3070011725961,2.2149867532005,-54.5673049718028,-72.0982530043765,-109.176095362995
81.61,-1.45202770174081,9.83662735325221,0.213019730958407,-4.75089468406023,-5.99362232968054,-2.8300557115293,4.33047682113546,10.3085289062288,-0.407827777725108,0.3201981945573,8.3156014816363,-111.100308051252,-4.32851566241662,10.8209916743946,-0.245433047242638,-6.41935355780831,5.29618398264939,27.7435459437274,0.371793364707705,10.3032016373041,-0.0970159935063406,-6.60824643970481,7.45027385593052,22.4558060929165,1.7032237745997,13.1722683020112,0.179884070836944,-11.7130880111198,-30.8213938271427,165.139186067174,-5.70589683762625,14.0209606279339,-0.905425966612904,7.91361645946133,-32.0077527114772,-123.844831397106,-10.717792836959,17.0804204764871,2.13960834893147,-60.4578201517264,-77.217570079505,-101.690502837935
81.615,-1.37112091761246,9.85945605974755,0.261876531289956,-4.500684022435,-4.94627106060933,-1.94234122659244,4.30597724674315,10.3277741351974,-0.393094647226657,1.12403853261493,9.42986540202032,-110.839084754968,-4.25414827654479,10.875420088559,-0.262811308751573,-6.73727767645201,6.69349925356222,29.1742539909467,0.382808590020175,10.2634472756793,-0.118996454037815,-8.39968630072411,7.21297995932838,20.7551852270275,1.54103349431309,13.0191564664173,0.232041688437443,-11.2252697189985,-30.5003138461195,167.11704235878,-6.06832963753416,13.8823700860993,-0.826098155367081,8.92793546011475,-31.2496219639227,-125.230759115619,-10.6747170598857,16.816115240792,2.04930810790371,-65.6405721257193,-81.6844598477096,-94.4105976408498
81.62,-1.28733140349253,9.88176352302548,0.306950629996014,-4.36608265088406,-3.83098571101635,-1.11940451796564,4.27051486664226,10.3318412464547,-0.369690339192899,1.96011964986581,10.5764622063746,-110.516906661921,-4.18353692802466,10.9076590603471,-0.267134198362598,-7.02636459590797,8.14517785571082,30.5139483863157,0.38215436049843,10.2239514248647,-0.129955693129982,-10.2044593839496,6.94744508700557,18.830874627655,1.39933760410708,12.8615221099817,0.281296566606722,-10.738262545691,-30.1607559552328,168.667418138656,-6.3846817577246,13.7172168973336,-0.740099449929817,9.90472043189211,-30.4442613985505,-126.266181614137,-10.5609999414794,16.5176368956172,1.94608607875638,-70.028842106148,-85.4383639643139,-87.371431991692
81.625,-1.20182292100174,9.90165865857661,0.34788444531625,-4.35893226975581,-2.65958695455582,-0.3586390945619,4.22402311564905,10.3209258246189,-0.33701757677347,2.8232808273935,11.7552586923888,-110.149215392739,-4.11654503458081,10.9183005917451,-0.258038625781092,-7.28767026686619,9.64670681172506,31.7637978107218,0.370723961525835,10.1856087758827,-0.1299641803083,-12.0160239208396,6.66331745253912,16.7274436173157,1.27964344957026,12.6992925054249,0.326975739579533,-10.2504265523444,-29.7944142073983,169.807335424595,-6.65792679397482,13.5225010002365,-0.647731916517139,10.8353860762743,-29.586336983969,-126.939790569842,-10.3807727323822,16.1833125820515,1.83172986587736,-73.5473527374171,-88.4284759906692,-80.5964219880896
81.63,-1.11574388197041,9.91735326908763,0.384410672297042,-4.48819734731553,-1.44519915828295,0.343235281610873,4.16667308938116,10.295468391356,-0.294646072278635,3.70750670762596,12.9646042690551,-109.750740798404,-4.05300548219995,10.9082955115723,-0.235469571349244,-7.52188004127214,11.1920390700751,32.9259273582087,0.349496358826824,10.1491087206027,-0.119352204448115,-13.8266946710945,6.37012922840931,14.4906941612211,1.18289467942743,12.532491699683,0.368613914975285,-9.76026383564156,-29.3935464135174,170.557817050265,-6.89797096497865,13.2893578605999,-0.549434058536449,11.711122811586,-28.6718396251431,-127.243715919424,-10.1440106384738,15.8042984719064,1.707402786125,-76.1333144109662,-90.6150767347473,-74.0974889154796
81.635,-1.03020949403183,9.92719789473461,0.416354531515367,-4.75973138876066,-0.2019931591201,0.990044029807228,4.09885841915093,10.2561408463634,-0.242320580200507,4.60605968428676,14.2012815370737,-109.335279310669,-3.99272674699569,10.8789136047265,-0.199661220652099,-7.72928028731373,12.7736361356515,34.0032488260072,0.319512833731281,10.1149394746433,-0.0986738119486598,-15.6276453293751,6.07702660184006,12.1664342943432,1.10947684226485,12.3612484299634,0.405950440044675,-9.2665274754717,-28.9513339335494,170.94340855086,-7.10483842766175,13.0169691999264,-0.445791983034297,12.5231978117759,-27.6984014309435,-127.173585333514,-9.85357377920161,15.382075698017,1.57480208224118,-77.7372211576613,-91.9706479202505,-67.8755842814587
81.64,-0.946284975229162,9.92971366306891,0.443633253402501,-5.17613345675671,1.05509357775813,1.58603587804151,4.02117875313067,10.2038300835526,-0.179964144823831,5.51162324352075,15.4605004438588,-108.915499187402,-3.93549266971681,10.8317031873021,-0.151112324513171,-7.90975127602698,14.382540807566,34.9992808951621,0.281860124274584,10.0834010650436,-0.0686675657508604,-17.4089454616611,5.79251325702659,9.79933401156229,1.05923957362314,12.1857986434349,0.438917176697397,-8.76830679473355,-28.462199694313,170.991647308107,-7.26600627443773,12.7173833281231,-0.337577396889106,13.2632980074478,-26.6655215341398,-126.728508018467,-9.50342862491986,14.9335128949958,1.43676333813812,-78.3234199852212,-92.4807031092197,-61.9215651486736
81.645,-0.864970066256139,9.92361968309601,0.466253034346233,-5.73669647855427,2.31065168410163,2.13576836307527,3.93442209466693,10.139618935015,-0.10767728883445,6.41645251990512,16.7359345323274,-108.502771489991,-3.8810564801859,10.7684503881933,-0.0905576066244747,-8.06277996873196,16.0084783921558,35.9179682104815,0.237659547582293,10.054625387831,-0.0302163358636712,-19.1596331150698,5.52421597998718,7.43189108565039,1.03153363075955,12.0064831235582,0.467618633300792,-8.26508683362506,-27.9220710153065,170.732493557106,-7.37468123067836,12.4007196161775,-0.225739898533035,13.9238917869597,-25.5746893293012,-125.910981979961,-9.09281988597688,14.4722244766125,1.29598212291628,-77.8704799313633,-92.1442854324827,-56.217369443837
81.65,-0.787185045610538,9.90785560507718,0.48430380635058,-6.43744632184955,3.54910183066438,2.64400089935803,3.83954601414136,10.0647645180886,-0.025733859264056,7.3125287605132,18.0197970209519,-108.107025591818,-3.82913034941184,10.6911380169494,-0.0189368575861106,-8.18749084808101,17.639984555681,36.7635073563652,0.188060895795903,10.0286013557282,0.0156919675288182,-20.8678235224966,5.27868053679616,5.10352915629302,1.0252605111764,11.8237408849685,0.492306026201989,-7.75678140034351,-27.3285768055405,170.197738035692,-7.43201917581234,12.0717778924677,-0.111405455671856,14.4985844784446,-24.42940014585,-124.726726620702,-8.62774533225367,14.0049277038377,1.1545859121469,-76.3713847732963,-90.9740961253925,-50.7374274033354
81.655,-0.713758407856153,9.88159907494886,0.497952237498032,-7.27126833928051,4.75499659284262,3.11559543330521,3.73765757094757,9.98067403231951,0.0654258649251745,8.19171479095476,19.3029537863965,-107.736628328772,-3.77937231987457,10.6019036594561,0.0626369358278698,-8.28269253857794,19.2645577433778,37.5401862716101,0.134239344926159,10.0052031089543,0.0680012086628178,-22.5208534524924,5.06120490620224,2.84984490314952,1.03893202110817,11.6380990611302,0.513347131507906,-7.24374039214237,-26.6811721283992,169.420400546613,-7.44059891439024,11.7349512071467,0.00409122962241947,14.9824431583619,-23.2350655847717,-123.184445286782,-8.11568187411353,13.5377366983521,1.01452364477973,-73.8335672232722,-88.9962352486129,-45.450236361498
81.66,-0.645416318920573,9.84427794360364,0.507433405398242,-8.22811593636349,5.91331547237796,3.55542465160663,3.62999167281785,9.88887809370825,0.165204337090384,9.04590889877461,20.5750697423524,-107.398286502172,-3.73137287103753,10.5029965795981,0.152909410220651,-8.34693765837974,20.8688337856265,38.2522419140854,0.0773932519558457,9.98421934041581,0.125620316934401,-24.1054597088656,4.87571542282015,0.702015367062827,1.07073693251832,11.4501599988554,0.531193858052136,-6.72673323688543,-25.9811868142165,168.434132672123,-7.40381929736803,11.3944737796788,0.119233063245909,15.3722687810692,-21.9988274242412,-121.295525012497,-7.56495621599398,13.0765230655821,0.877586985756122,-70.2787940329807,-86.249555250969,-40.3200224222095
81.665,-0.582773938597832,9.79557722037385,0.51304155639081,-9.29529360475456,7.00974684620407,3.96828763162216,3.51788757106043,9.79100180026657,0.272857833432753,9.86719476820379,21.8247846063666,-107.096973207887,-3.68464355758601,10.3967331154177,0.250515893859667,-8.37859313943682,22.438779934093,38.9037391409222,0.0187405905511874,9.96538197489906,0.187452393319023,-25.6079890583319,4.72468953761716,-1.31362929695705,1.11861177489083,11.2605862333963,0.5463494481818,-6.20691128165539,-25.2317985452512,167.272636539662,-7.3257405343031,11.0542949340368,0.2323663865155,15.6667977411735,-20.7292896750007,-119.07368313443,-6.98444882236629,12.6267881106718,0.745403842626752,-65.7429023782873,-82.7846479329874,-35.3084143876282
81.67,-0.526328700293619,9.73544086291522,0.515120300857793,-10.4578048176917,8.03095110337149,4.3588326410265,3.40276324634424,9.6887338671315,0.387509223090175,10.6479852249822,23.039913614761,-106.835879223237,-3.63861007183403,10.2854505089488,0.354011282618613,-8.3759181436401,23.9599051435874,39.4984719640095,-0.040488081740176,9.94839271856429,0.252419310727437,-27.0146354754394,4.60912689570315,-3.17586794335666,1.18031285773084,11.0700839792144,0.559337104659134,-5.68575276031163,-24.437934450427,165.969110061937,-7.21091620733023,10.7179761739399,0.341759441781971,15.8668203171309,-19.4361876969341,-116.534572527169,-6.38328613478202,12.193535314302,0.619435488970504,-60.2753796579053,-78.6625043516523,-30.3760623106391
81.675,-0.476455640100215,9.66406856444253,0.514052534321866,-11.6987533859331,8.96479970905441,4.73148656436094,3.28608757934576,9.58379431722007,0.508162261477901,11.3811576149209,24.2076683725924,-106.616391270281,-3.59261172537319,10.171459450623,0.461898481616123,-8.33714666637627,25.4174829714999,40.0398867048139,-0.0990618246257928,9.93294632429477,0.319481759147157,-28.3116990990854,4.52856842188267,-4.86869090849746,1.2534868176315,10.8793857341782,0.570671644601481,-5.16499459307296,-23.6061085081014,164.555727551748,-7.06422472048498,10.3886133895509,0.445669021785681,15.9752094670459,-18.1300160359928,-113.695358812542,-5.77053792710003,11.7811462579621,0.500974604620828,-53.9387725079187,-73.9529036071701,-25.4841442509587
81.68,-0.43340485563224,9.58190773630367,0.51025033552223,-12.999785491635,9.80058548411416,5.09039026042166,3.16935041312875,9.47790135025867,0.633717330705278,12.060178682083,25.314892696147,-106.438099271214,-3.54590875646419,10.056996007956,0.572655319461132,-8.26057193104328,26.796783031649,40.5310252222889,-0.155767745815088,9.91874975841801,0.387654928594001,-29.4858598289702,4.4811611846948,-6.3812528491869,1.33573731649353,10.689232534907,0.580835491016621,-4.64655567403151,-22.7442047585168,163.063163072404,-6.89070794620435,10.068784519041,0.542410535224728,15.9968596019865,-16.8216376994762,-110.574283894585,-5.15493562465478,11.3932642903366,0.391142600048945,-46.8079072172332,-68.7325989128165,-20.5957186882137
81.685,-0.39730114961693,9.48964089893335,0.50414507704373,-14.3415586857365,10.5292000662029,5.43933910837013,3.05403087612463,9.37273813709302,0.762988595231721,12.6792168576414,26.3483080222378,-106.298834654832,-3.4976981152785,9.94417400382241,0.684759943081617,-8.14462973524905,28.0833065375556,40.9744854201582,-0.209435918413047,9.90553677919843,0.456020248725287,-30.5244572597178,4.46376502142637,-7.70768979981672,1.42468595075836,10.5003563052185,0.590259947190512,-4.13245646093569,-21.8612183399234,161.520162373831,-6.69542342464287,9.76052157183956,0.630426787285887,15.9385407448075,-15.5218970228421,-107.190230522687,-4.54462519752075,11.0326912694131,0.290885736783706,-38.9689034548221,-63.0833771597431,-15.6768946181982
81.69,-0.368145878084601,9.3881687015671,0.496177974002207,-15.7042236010417,11.143275331573,5.78172810522117,2.9415646172931,9.2699203845379,0.894722531025193,13.2332399431313,27.2947627511448,-106.194741342974,-3.44716349268141,9.83491742253437,0.796714917443004,-7.9879780261713,29.2630211419797,41.3723957160864,-0.25900119873976,9.89306408416291,0.523733153537882,-31.4157678436129,4.47209530723353,-8.84681738884239,1.51802592319883,10.3134626316008,0.599312289959444,-3.6247395899089,-20.9669676320111,159.953167845201,-6.48330474516589,9.4653218210295,0.708351233748779,15.8086784882951,-14.2412563084443,-103.562302291533,-3.94695748049434,10.7013214745893,0.200973301070021,-30.5179666223014,-57.090071198993,-10.6978047719762
81.695,-0.345820983344991,9.27858880432808,0.486791279294457,-17.0679040160308,11.6372864889455,6.12050114784009,2.83331087294816,9.17096556725473,1.02761773408881,13.718096302505,28.1414798029005,-106.120380255698,-3.39419852579319,9.73035398850181,0.907074295204602,-7.78957017396968,30.3225900803108,41.7264000837185,-0.304358983430978,9.88076523330719,0.590013100770152,-32.1492698738235,4.50089495654109,-9.80172942892955,1.61356754348892,10.1292142158093,0.608288794495104,-3.12539589975793,-20.071791302295,158.385999624865,-6.25831671692793,9.1854763331558,0.775066940441035,15.6170740923591,-12.989473326906,-99.7094325647717,-3.367774593419,10.4014641226114,0.122209932674381,-21.5599510807074,-50.8386023524425,-5.63337835841492
81.7,-0.330095155719568,9.16217088619452,0.47642030319759,-18.4131612999124,12.0076155801134,6.45810457607626,2.73052050321087,9.07726471709466,1.16034583459156,14.1305778946432,28.8762967371973,-106.068867064591,-3.33950578220274,9.63080667875153,1.01446576235585,-7.54871968160974,31.2495906042389,42.0376506091976,-0.346446544352132,9.86777700876049,0.654151025600604,-32.7158870663997,4.54412789074781,-10.5793174668606,1.70927512750864,9.9482152160539,0.61741338480994,-2.63629967040361,-19.1862438000072,156.839594852051,-6.02316303336578,8.92484569400668,0.829749862516008,15.3745816995749,-11.7753328754875,-95.6500342840141,-2.81113239172018,10.1365416222223,0.0555750146219347,-12.20669637716,-44.4141244428305,-0.46391763917346
81.705,-0.320632040824414,9.04032809686559,0.465486390110754,-19.7214302390345,12.2525751914685,6.79644563552307,2.6343062762939,8.99005760280013,1.29157324475677,14.4684637945221,29.4878930379432,-106.032041561966,-3.282526729218,9.53752400347989,1.1176055321549,-7.26515441403359,32.0327168767008,42.3068051424998,-0.384767806927568,9.85404551924431,0.715569111659097,-33.1082021310745,4.59518588176838,-11.1897323234741,1.80329532208595,9.77099669297338,0.626841218358479,-2.1591560750497,-18.3208018550009,155.331806026066,-5.78206326435144,8.68399443043643,0.871887197187454,15.092760903319,-10.6064412092957,-91.4017005621185,-2.28144383735147,9.9059357500782,0.00142594341972924,-2.57515059927661,-37.8993304193224,4.82451255750877
81.71,-0.317000380767077,8.91458535910901,0.454390936259083,-20.9754147547937,12.3723932405871,7.13685715316416,2.5456167175111,8.91041202972364,1.41998336708477,14.7305432630166,29.9659996029344,-106.000665501341,-3.22123163179867,9.45270592301803,1.21531557274618,-6.93905884329248,32.6619628960588,42.5340284536382,-0.417190161980262,9.84033630184602,0.773819677155451,-33.3206327084476,4.64710089259539,-11.6458082492022,1.89397726469499,9.59800340722961,0.636666200458891,-1.69546286003668,-17.4855929098333,153.877258562534,-5.54120653104486,8.45842989581547,0.901290363917194,14.7835228021179,-9.48908764244475,-86.9809634814095,-1.78393953729848,9.70328408278537,-0.0408377201767523,7.21469177233502,-31.372969392362,10.2398712775599
81.715,-0.318685926547648,8.78654505752418,0.443510488590337,-22.1594339749268,12.369160701528,7.48007029797078,2.46521476826846,8.83920784165445,1.54429880338262,14.9166179193984,30.3015860967426,-105.964644245179,-3.15429078062478,9.37767306346564,1.30653481573946,-6.57110327257472,33.1287816140233,42.7189962068841,-0.44252120859975,9.82706698039246,0.828518205209333,-33.3495633731113,4.6927557142153,-11.9624692124073,1.97988528426992,9.42958225155883,0.646931219049901,-1.2464871663971,-16.6901543040336,152.487266880007,-5.30521839458677,8.24453630876266,0.918089839349271,14.4587863741652,-8.42817328982109,-82.403115779443,-1.32198776764639,9.52276074005264,-0.0718351717895947,17.0419966149529,-24.9086068213346,15.7840929145792
81.72,-0.325104879752819,8.6578508117093,0.433192934089851,-23.259711383206,12.246745029129,7.82619771756206,2.39366232011611,8.77712602294091,1.66330305323679,15.0274831269581,30.4870225862125,-105.91326619875,-3.08130127995278,9.31278028320598,1.39033225130503,-6.16245949207654,33.4262171720856,42.8609019373773,-0.460727587638858,9.8142519627728,0.879340065835307,-33.1934290071266,4.72508672039671,-12.1561351809485,2.05980505162611,9.26597262274916,0.657639807312582,-0.813257271503724,-15.9432296385912,151.169807665237,-5.07673522702003,8.04094557189786,0.922719527522784,14.1301597555153,-7.42720306846614,-77.6820972716253,-0.896807098599183,9.36047639603046,-0.0919533232364671,26.7873878576469,-18.573645023327,21.4531943040261
81.725,-0.335618533716935,8.53015020083581,0.423754763285365,-24.2646021856261,12.0106727953369,8.17472951195471,2.33131141073919,8.72464310051769,1.77586117380676,15.064889292103,30.5162127306477,-105.835452970412,-3.00208769816454,9.2580502814813,1.46592371814984,-5.71480280037517,33.5490080488249,42.9584679624949,-0.472074786443465,9.80189799755981,0.926044047206429,-32.8527466698687,4.73727377864978,-12.2441442015032,2.13274418953265,9.10729904022076,0.668767970950241,-0.396567943149441,-15.2526062682904,149.929548307411,-4.85781911721511,7.84633562469176,0.915898809527496,13.8086580910961,-6.48833390799802,-72.8304451017704,-0.508689439912833,9.21223874610118,-0.101671428136816,36.3352715774865,-12.4286062687252,27.2375298630155
81.73,-0.349548713414953,8.40505744965631,0.415479358377657,-25.1647564021401,11.6679856181809,8.52454436297087,2.27830251885231,8.68203085513377,1.88093887045513,15.0314843616719,30.3846966853146,-105.720012583996,-2.91667518296727,9.21322468214366,1.53268185132722,-5.2303007714864,33.4936598175659,43.0099617135759,-0.477072418587255,9.7900175429658,0.968471599137978,-32.3300950666086,4.72291360518587,-12.2442037881813,2.1979283531786,8.95356629850168,0.680275037215187,0.00300284646575264,-14.624995464345,148.767927853995,-4.6501152059071,7.65924768758842,0.898595612710908,13.5044663338918,-5.61246976503234,-67.8593043944465,-0.15723653681509,9.07348205711607,-0.101582053006371,45.5761140563513,-6.52666747285691,33.1221884438428
81.735,-0.366193573932505,8.28411717844122,0.408616212661904,-25.9532173273224,11.2270738145177,8.87393765460943,2.23457000689293,8.64936118185682,1.97761949173719,14.9307393405311,30.0897227456216,-105.55588792405,-2.82529168374334,9.17779076169923,1.59014299336363,-4.71158954604404,33.2584870955185,43.0132192836758,-0.476453948210555,9.77862198450172,1.00654379634226,-31.6300427980436,4.67617397913506,-12.1738827873142,2.25479370789076,8.80465740577568,0.6921125823276,0.385068811027556,-14.0659545968191,147.68328724771,-4.45487645149938,7.47814221164198,0.871980650297187,13.2267519607359,-4.79939256841766,-62.7784937566127,0.158509381152498,8.93946735343081,-0.092375537917938,54.4085973949631,-0.913424632089258,39.0875255664487
81.74,-0.384843307756457,8.16877035053395,0.403380941187167,-26.6254567713994,10.6974923369798,9.22066761544541,2.1998543699852,8.62651579093902,2.06511841348952,14.7668591107226,29.6302875753119,-105.332392911762,-2.72835980946015,9.15101550857466,1.63801101053698,-4.16173876801332,32.8436250770813,42.9656780323571,-0.471144817351987,9.76771633387517,1.04025716232207,-30.759028680329,4.59192713865622,-12.0501526456698,2.30297659665781,8.66033451837756,0.70423076328727,0.749405213566895,-13.5798488182307,146.67104508001,-4.27298589464508,7.30145136177727,0.837376428836787,12.9835292978273,-4.04791765052844,-57.5966184460694,0.439943431292705,8.80549135620721,-0.0748268319721836,62.7415768975935,4.37314280367237,45.1098230966723
81.745,-0.404795320871541,8.06032352075264,0.39995591324329,-27.1793498913391,10.0897634988905,9.56201947074988,2.17372059119683,8.6132003038012,2.14279432953123,14.5446812049628,29.0071456116662,-105.039429637155,-2.62647898306207,9.13198537657731,1.67615771873475,-3.58420656805189,32.251011771176,42.8644198702783,-0.462220559266376,9.75729561177621,1.06967820382821,-29.7251994154787,4.46586137045079,-11.8889849378416,2.34230104634001,8.52024303603248,0.716581697178245,1.09591714290683,-13.1698482681568,145.723914637394,-4.10499090743403,7.12763297742647,0.796203748012316,12.7815742201115,-3.35606247918742,-52.3212229246004,0.688773976896202,8.66709754358097,-0.0497819728373396,70.4957697628716,9.30254223286405,51.1620651138729
81.75,-0.42536846138526,7.95992239895037,0.39849134031384,-27.6150935575482,9.41517081356235,9.89488644150189,2.15558160043345,8.6089621729548,2.21015704448239,14.2695654774103,28.2227889282282,-104.667680730028,-2.52039921261273,9.11964988739433,1.70461968369019,-2.98278620188215,31.4843427145352,42.7062263851125,-0.4508572002729,9.74734296431512,1.09493652342579,-28.5382115801991,4.29457035137734,-11.7050100869994,2.37276463879349,8.38391897015259,0.729119858516695,1.4246094134849,-12.8379557967201,144.832157588702,-3.95115701110341,6.95522656883638,0.749928310974758,12.6263855659168,-2.72121844721253,-46.9589739083422,0.906892217779977,8.52027978592252,-0.0181429839739172,77.6051141873099,13.8515091266292,57.2148137462692
81.755,-0.445915923388761,7.86853060166879,0.399106677455249,-27.9350731994685,8.68554803851966,10.2158653117379,2.14472560200858,8.61321174617367,2.26687148897553,13.9472778272307,27.2813994629281,-104.208772544795,-2.41098832311746,9.11286714148851,1.72359126761632,-2.36154607943437,30.5490005151605,42.4876463091721,-0.438276787288895,9.73782943271384,1.11621642995034,-27.2090061447342,4.075620273353,-11.5112404189754,2.39452317904743,8.25079963135641,0.741799751287284,1.73556084477568,-12.5850596029839,143.983869230023,-3.81149820537675,6.78289503160121,0.700009808276383,12.5221877755945,-2.14031690083379,-41.515864842749,1.09628037813702,8.36165573945262,0.0191405674443611,84.0177509207649,18.0036540828489,63.2371625511383
81.76,-0.465836503361256,7.78691428060232,0.401892218355734,-28.1436839919927,7.91306725099223,10.5213633152166,2.14034588272828,8.62524571370379,2.31275784112422,13.5838712529775,26.188776065722,-103.6554061735,-2.29921000582573,9.11047583425378,1.73341401311598,-1.72476496562407,29.4519620691404,42.2050750355244,-0.425700206919202,9.72874434987528,1.13374759276761,-25.7495644831874,3.80759517981156,-11.3188590427008,2.40787452356085,8.12023759872422,0.754571318716966,2.02890507883199,-12.4110049432386,143.165289765427,-3.6857913489239,6.60945650085061,0.647855495768001,12.4719680260205,-1.60998229095909,-35.997432889055,1.25895106059981,8.18860382037205,0.0610766317618859,89.6965945646976,21.7490466827125,69.1977383606132
81.765,-0.484583954018347,7.71563309885338,0.406910769048055,-28.2471130688809,7.11002948584322,10.8077123300528,2.14157164360877,8.64427212772133,2.34778782365354,13.1855675224438,24.9522392402465,-103.001454808514,-2.18613616000261,9.11143551297599,1.73456265349984,-1.07686410079581,28.201686638607,41.8548450489562,-0.414322787565107,9.72020275365496,1.14779656115902,-24.172655121726,3.4901212088567,-11.137074594802,2.41324188360265,7.99151783204706,0.76737367511356,2.30481941386997,-12.3146791079011,142.361135687786,-3.57361407098397,6.43391903167443,0.594779885538861,12.4775404399382,-1.12666714757304,-30.4089799507491,1.39687805731216,7.99936767915649,0.10664151979311,94.6194784779675,25.0837611895689,75.0657164279782
81.77,-0.501674256448088,7.65503778257678,0.414199276698839,-28.2530901274201,6.28866112872516,11.0712858455569,2.14749841628199,8.6694361692516,2.37207743219016,12.7586426124207,23.5805167034427,-102.242027476048,-2.07281905451405,9.1147216477219,1.72762745858867,-0.422337889545369,26.8079881295504,41.4333253400471,-0.405210218324563,9.71228691790484,1.15865293540339,-22.4915803493681,3.12387052398957,-10.973040647188,2.41115688976557,7.86387767058751,0.780127797822646,2.56352240766715,-12.294104125825,141.554944984266,-3.47438913290824,6.25550991991974,0.541971761789533,12.5396297261572,-0.686765391232211,-24.7557899416648,1.51193488962308,7.79311788546833,0.154794275525988,98.7788741515412,28.0094019746664,80.8118092181771
81.775,-0.516690712356441,7.60527421141303,0.423770287153658,-28.1706142662481,5.46091888163913,11.3086138959217,2.15721672954222,8.69984585950556,2.38587651195523,12.3093188045887,22.0836129494331,-101.373500570482,-1.96013151883785,9.11912777663659,1.71329415385524,0.234315340280999,25.2818948511215,40.9370271899541,-0.39918126391426,9.70479634951313,1.16660983358403,-20.7199313353675,2.71054562489003,-10.8318375315462,2.40224269167045,7.73652932577389,0.792728827006872,2.80528026708329,-12.3465320830209,140.729429674255,-3.38742236612373,6.07369505246053,0.490469338829708,12.6579667832028,-0.286702227099973,-19.0433353593416,1.60585227331987,7.56996536474394,0.204493715780719,102.181202549267,30.5326190847068,86.4091871005024
81.78,-0.529286843771319,7.56629373434548,0.435613126455481,-28.0096651346589,4.63830573877214,11.5164911531047,2.1698378733614,8.73459696890136,2.38955572168746,11.8436659345522,20.4726659010458,-100.393519848751,-1.84886781049727,9.12350446393689,1.6923219673205,0.888661174920549,23.6354998007985,40.362713200761,-0.396855542693807,9.69748426096588,1.17195391240579,-18.8713595808109,2.25284454493938,-10.716513417493,2.38719736743527,7.60868432615885,0.805038607214423,3.03042131747501,-12.4685385074245,139.866829131315,-3.3119405906252,5.88819057570945,0.44114398732979,12.8313893135881,0.0769995409045389,-13.2774672444712,1.68018618963542,7.33092979944811,0.254720617760632,104.845770554153,32.6646175482189,91.8342900152516
81.785,-0.539187176701174,7.53786912381257,0.449694751147134,-27.7809064485213,3.83170007462428,11.6920736390259,2.1845158498924,8.77279646187752,2.3835914999359,11.3675138078873,18.7597935123505,-99.3009765103344,-1.73981346205362,9.12695775765848,1.66552041228838,1.53639437647456,21.8818041586809,39.7075061267237,-0.398688823938156,9.69025031161533,1.17495929051652,-16.9593713902605,1.75440727608229,-10.6281806049928,2.36677792287297,7.47957922711985,0.816879074220672,3.2393571703165,-12.6561099500222,138.949257769107,-3.24712933030831,5.69896689925006,0.394692581016937,13.057941293229,0.407675533299835,-7.4645837482239,1.736294697872,7.07786686400006,0.304505484218231,106.803379756152,34.4206587263579,97.0674930137461
81.79,-0.546186079600551,7.51961532890852,0.465960284290087,-27.4953896637347,3.05119969411163,11.8329600414416,2.20046488228697,8.81358391956137,2.36854967644899,10.886377252914,16.9579329096579,-98.095961624496,-1.63366998464102,9.12877744792653,1.63372630981251,2.17340052924649,20.034556260698,38.9689939382462,-0.404925882708035,9.68304324841866,1.1758769717184,-14.9971506063475,1.21974373114726,-10.5661620809198,2.34178516062655,7.34850177695719,0.828027041750707,3.4326086237043,-12.9047226682252,137.959040993191,-3.19216971661791,5.50624520775329,0.351638139699745,13.3349661708219,0.708495746536986,-1.61177374981292,1.77532201858252,6.81336031990399,0.352961362598233,108.094666718654,35.8195488194422,102.093595091296
81.795,-0.550144923936612,7.51101397529227,0.484333342890324,-27.1642651433285,2.30598254824092,11.9372543695413,2.21697214936542,8.85615049616086,2.34506835530262,10.4053947131461,15.0806743963121,-96.7797034297756,-1.53102265020271,9.12841198514647,1.59778125023049,2.79581312012215,18.1080879364195,38.1453276067487,-0.415587267255763,9.6758226746031,1.17492652619278,-12.9974131662708,0.654143745842624,-10.5281824084916,2.31304968486139,7.21481665020196,0.838210874805139,3.61083389727625,-13.2094101732211,136.879033827091,-3.14627385024919,5.31048685645451,0.312338064466129,13.6591898854958,0.982457155080314,4.27306679069459,1.79818860025916,6.54058655382025,0.399320258001293,108.768242813644,36.8831087031456,106.902109242786
81.8,-0.55098791660765,7.51144040006455,0.504716347989237,-26.798507554976,1.60418577725079,12.003607624487,2.23340570889792,8.89975507827072,2.31384064082245,9.92928073028535,13.1420924634656,-95.3544919164258,-1.4323372074872,9.12547455923126,1.55851041043956,3.40006514747266,16.117149818985,37.235308307818,-0.430480303671643,9.66856112908279,1.17229105478425,-10.9722952155381,0.0635700758581971,-10.5105959963584,2.28141927075119,7.07798981903352,0.847109442242743,3.77485657338154,-13.5648183183129,135.692917286542,-3.10872191839203,5.11235076161757,0.276998837805223,14.0267911294083,1.23238916496555,10.1811468494507,1.80558039885591,6.26313502414778,0.442968163277931,108.878707162273,37.6356204277462,111.487341321649
81.805,-0.548697002137209,7.52019192152232,0.526991061788733,-26.4086615059549,0.952804774741208,12.0312372344475,2.24921784580912,8.94373742050257,2.27559769247126,9.46229215604953,11.1565758823347,-93.8235946619494,-1.33796315334433,9.1197436603489,1.51670359042968,3.9829343618109,14.0767471070791,36.2384610779133,-0.449219552852517,9.66124569717329,1.16811487248987,-8.93327468329956,-0.545463966089185,-10.508644832047,2.24774776660408,6.93761062991468,0.854353615512797,3.92569061068224,-13.9652475475632,134.385468359834,-3.07889449804232,4.91264479780862,0.245695869577513,14.4334576690063,1.46096795929586,16.102720691456,1.79794253512866,5.98481827851107,0.483479307851007,108.484608069961,38.1032486447356,115.848255333714
81.81,-0.543306230276455,7.53651604122857,0.551019595296019,-26.0046125545707,0.357614011849936,12.0199241431425,2.26394431144859,8.98752811767018,2.23109250393705,9.00820747014491,9.13865899019601,-92.1911672323328,-1.2481425304822,9.11115863753632,1.47309910449822,4.54158123622108,12.0019772730626,35.1550924149651,-0.471254995118384,9.65387914416378,1.16250395535947,-6.89112452126162,-1.1660297557384,-10.5167369955028,2.21288561171129,6.79341068545875,0.859530425290356,4.06456000077607,-14.4046828500874,132.942800299895,-3.05627680475982,4.71242501173662,0.218397160578226,14.87442888682,1.67073595003732,22.027055483144,1.77551130450628,5.70963000084985,0.520660163631554,107.646426910295,38.3134394866636,119.988132676205
81.815,-0.534895930289017,7.55963736422821,0.576646071066642,-25.5953877401676,-0.176888657333786,11.9699885611025,2.2772000905915,9.03065534194157,2.18108472651769,8.5703181771183,7.10285635874321,-90.4621607266829,-1.16302298903079,9.09981083302041,1.42837100106299,5.07357877949516,9.9078713054286,33.9863298818338,-0.495905922527176,9.64648051407534,1.15552902012696,-4.85589435130149,-1.79092817636599,-10.5287367997663,2.17767195555559,6.64527870830485,0.862189816670414,4.19291101723161,-14.8768128294677,131.352570784368,-3.04047440886212,4.51302558639388,0.194988669629621,15.3445259316719,1.86412300228839,27.9424241819493,1.7383336890567,5.44164449368946,0.554574656226527,106.424654103622,38.2943044254504,123.914042043592
81.82,-0.523586941470023,7.58878219175583,0.603699026377085,-25.188988693442,-0.647512637739079,11.8822464070634,2.28867243933601,9.07274833017896,2.12632680221424,8.15143091447518,5.06350307032529,-88.642228357189,-1.08267374506511,9.08593089960235,1.38311989562914,5.57693337467703,7.80924016848713,32.7341424435461,-0.5223983718869,9.63908509653003,1.14723094070808,-2.83691613918774,-2.41284002002605,-10.5382572826262,2.14292826949018,6.49327068710747,0.861853778991241,4.31241551845796,-15.3750400597228,129.604156299402,-3.03126143351765,4.31584505738617,0.175299826921293,15.8381719030362,2.043466757108,33.836120992449,1.68623181402373,5.18469293260899,0.585537359066864,104.878020007964,38.0740016470063,127.63614478229
81.825,-0.509535039403871,7.62319996584431,0.631994528588015,-24.7922592924823,-1.05237893221492,11.7579493157409,2.29811198357607,9.11353766209451,2.06755162977167,7.75387864390546,3.03460276934759,-86.7376324027566,-1.00710308481393,9.06987292261353,1.33786749920767,6.05009597444877,5.72052819853802,31.4013410150535,-0.549903936225469,9.63174366455492,1.13762806123857,-0.842828756987786,-3.02447754976672,-10.5389459836532,2.10945326323264,6.33761477005808,0.858027490808517,4.42496436840891,-15.8924855305109,127.688791812618,-3.02859412172359,4.1222638223148,0.159127507695879,16.3494053031615,2.21103016987972,39.6944961727337,1.61880401036459,4.94218843617096,0.614108348733317,103.061934520773,37.6801317568364,131.166866953552
81.83,-0.492925589471145,7.66218099896035,0.661339870171676,-24.4107887858619,-1.39089742105653,11.5987117221957,2.3053226638955,9.15285243218463,2.00546194131049,7.37953913482302,1.02968548807636,-84.7551524881605,-0.936276174138557,9.05209597635885,1.29305471993556,6.49196321861149,3.65567511123892,29.9915594679512,-0.577577933581559,9.624520932618,1.12672484128644,1.11838407910937,-3.61873266397528,-10.5247554396934,2.07801886378112,6.17871056726336,0.850212027119741,4.53265068529089,-16.4219904662979,125.599675402029,-3.03259739074438,3.93368886007144,0.146256697083628,16.8718905480945,2.36901522003946,45.5030067133039,1.53546193596892,4.7170977872674,0.641081850159226,101.027178377908,37.1391675312963,134.519973960306
81.835,-0.47396837088067,7.7050701771822,0.691537630430204,-24.0488503631627,-1.66371696442244,11.4064289317549,2.31015126754699,9.19061448992989,1.94072150609441,7.02985889778633,-0.938323009891355,-82.701995915342,-0.870104216349246,9.03315871605631,1.24904304084947,6.9018683463415,1.62798817926467,28.5092170861254,-0.604565276517335,9.61750368569294,1.11452106473941,3.03934802945339,-4.18881723967155,-10.4901905670656,2.04936698289093,6.01712273616698,0.837918127595247,4.63774326755877,-16.9561191240485,123.332038001385,-3.04355899986287,3.75153243367203,0.136477047196073,17.3989296312303,2.51957255015111,51.2462793946684,1.43545333630665,4.51187209219422,0.667452576958344,98.8188770589624,36.4759385325737,137.709586211025
81.84,-0.452892454200542,7.7512765624843,0.722389840595022,-23.7093743394586,-1.87264895085328,11.1831902501039,2.31247720967282,9.22682999983199,1.87394820595196,6.70588078825207,-2.85721893052407,-80.5857106828234,-0.807498656741187,9.01420048598131,1.20611974531031,7.27956213505952,-0.349974022397174,26.9594641189791,-0.629005759626234,9.61114823365926,1.10101719584271,4.91324975049296,-4.72839159268593,-10.4305260473551,2.02420678634518,5.85356894230559,0.820680517764918,4.74265112689489,-17.487166318062,120.883178820503,-3.06191976355339,3.57717883499666,0.129594337650898,17.9234790835914,2.66480747752425,56.9081829335862,1.31788537760447,4.32838939314866,0.694365964938903,96.4757755348072,35.7131905849205,140.749175071297
81.845,-0.42994098437666,7.80027903009405,0.753701970262971,-23.3939544358102,-2.02056572083455,10.9311911996802,2.3122031225547,9.26157864959856,1.80570895704207,6.40827367093194,-4.71562407814849,-78.4141018425094,-0.746435524080215,8.99683649742405,1.16450586213291,7.62518448430273,-2.26650509375746,25.3481126208615,-0.648129671539221,9.60621968584661,1.08622237627455,6.73379058775047,-5.2316775367086,-10.3419880062757,2.00321218208016,5.68890250289224,0.798072299146559,4.84988053570803,-18.0071733707005,118.252467318111,-3.08825755950404,3.41195296705533,0.125436349804444,18.4381761785577,2.80678332503708,62.4719063128213,1.18175238884697,4.1679217046396,0.723055477661167,94.0298195211354,34.8712375018943,143.650577621029
81.85,-0.405365719418409,7.85162825550224,0.785286465284947,-23.1028850833853,-2.11127613501798,10.6526486101948,2.30924669204206,9.29500090547478,1.73651639903022,6.1373627961468,-6.50307461597651,-76.1951519298374,-0.687277790019915,8.9813943206158,1.12436289843159,7.93922765544645,-4.11084050575569,23.681555168488,-0.66181444703893,9.60256494475714,1.07017828149471,8.49514621488019,-5.69355322845848,-10.2218956723299,1.98701926697277,5.52409022944459,0.769718968433577,4.96198634637032,-18.5079559278497,115.441312861143,-3.12326556741288,3.25709127433435,0.123853129755005,18.9353778955611,2.94752330142048,67.9200409155748,1.02596820570537,4.03112519446567,0.754770130311282,91.5060369445944,33.9677183308984,146.423066837637
81.855,-0.379421204654308,7.90494550197808,0.816965608877753,-22.835227257726,-2.14938139231164,10.3497219727425,2.30353405102252,9.32728377524085,1.66682723731579,5.89315987038987,-8.21009447479412,-73.936946323695,-0.632831430342792,8.96700633347892,1.08580018247839,8.22249255638418,-5.87323273484577,21.9666743076449,-0.672616982949298,9.59918897452393,1.052969125001,10.1919351063297,-6.10962782762767,-10.0687602721606,1.97622351409956,5.36018617938547,0.73531167872965,5.08151955566309,-18.9811466036772,112.45310342015,-3.16772537288606,3.1137154141355,0.124712043233796,19.4072155088227,3.0890122164815,73.2346647142316,0.84940309832047,3.91805159632025,0.790696231754947,88.9227022871466,33.0174680877879,149.07251099747
81.86,-0.352358522564455,7.95991874127933,0.848573534957783,-22.5889000408108,-2.14011497361076,10.0244439331358,2.29499490764175,9.35864558855306,1.59704210268449,5.67539216801157,-9.82825323734487,-71.6476045035804,-0.584576446508142,8.95360427854676,1.04888076858187,8.47603979730942,-7.5450113112389,20.2107456987851,-0.681751682952736,9.59567907467065,1.03470214483137,11.8191976608533,-6.47629492233626,-9.88234008551781,1.97137653471103,5.1983021869626,0.694619405657355,5.21097316477378,-19.4182547357073,109.293114854693,-3.22247575531075,2.98280895565776,0.127888435556343,19.84566682875,3.2331991455586,78.3974274447905,0.650924982446114,3.82817856358701,0.831877865272599,86.2917567282344,32.0325040218959,151.600652555027
81.865,-0.324418639859867,8.01629666442937,0.879957278210383,-22.3607948453973,-2.08917122675424,9.67866222729953,2.28355946048202,9.38932033873962,1.52750677071952,5.48353037717057,-11.350208655572,-69.3352182466875,-0.542491303288452,8.94190138227196,1.01362728651416,8.70113750209592,-9.11862756854591,18.4213379221203,-0.688927677969741,9.5922009718479,1.01550045993141,13.3723867743871,-6.79076459043298,-9.66365230139897,1.97298230082821,5.03957615883822,0.647499719592227,5.35272829821029,-19.8107446498932,105.968392564168,-3.28837814337107,2.86519729513225,0.133253086578544,20.2426471179107,3.38200175536125,83.389636365593,0.429444275904899,3.76045655211916,0.879140732302958,83.6194492086913,31.0221236612377,154.004532883743
81.87,-0.295825471413636,8.07388111565367,0.910976807172713,-22.1469089403142,-2.00252756541646,9.3139947806659,2.26915704195658,9.41954215079076,1.45851454620066,5.31681515200027,-12.7697343047274,-67.0077978272515,-0.506465735537049,8.93259506545828,0.980030590025455,8.8992079987066,-10.5876842546014,16.6062117870752,-0.693861651279929,9.5889364935492,0.995507903782215,14.847369800219,-7.05107479575234,-9.41494405526412,1.98149276393421,4.88513919769735,0.593907907433859,5.50900227589224,-20.15013278918,102.487607546016,-3.36627985937739,2.7615308968632,0.140657948801171,20.5901185679698,3.53731238165688,88.1923427868869,0.183961388598867,3.71336985103826,0.933023723120078,80.907158271338,29.9931059958652,156.276085379871
81.875,-0.266778892636031,8.13251842707029,0.941504078735899,-21.942494556826,-1.88626550113262,8.93179912672031,2.25171634282716,9.44953044574204,1.39030956535498,5.17428253936355,-14.0817331777952,-64.6732272029471,-0.476398495510767,8.92630013256781,0.948056378106472,9.07177550674648,-11.9469505227545,14.7732217784331,-0.696378384622249,9.58604262293373,0.974885217364714,16.2404411289253,-7.25608349469467,-9.13962667009665,1.99730286291692,4.73608267981546,0.533904259191741,5.6817999161137,-20.4281029272782,98.860889244176,-3.45697637248793,2.67227193873658,0.149921806020845,20.8802170386221,3.70100517829502,92.7864300314943,-0.0863845462106709,3.6850093696445,0.99372212150346,78.1523516741234,28.950003439351,158.401915473617
81.88,-0.237448048992309,8.1920900599773,0.971421283255368,-21.7422194715472,-1.74639575775754,8.53315673903381,2.23116700962187,9.47947635914517,1.32309070574813,5.05478858381524,-15.2822381644664,-62.3392289357913,-0.452201310727508,8.92353502889473,0.917650267099822,9.22041679418828,-13.1923630427128,12.9302219579538,-0.696409160923814,9.58364684960306,0.953803607952511,17.5483439499286,-7.40544334333858,-8.84217843612733,2.0207449906429,4.59342647164794,0.46765944161799,5.8728688769453,-20.636637590541,95.0996380161748,-3.56117383117567,2.59768447358662,0.160817448972718,21.1053936401846,3.87494287006944,97.1527038519223,-0.38226743570588,3.67315458616931,1.06104584581246,75.3496394285597,27.895509319927,160.363281486297
81.885,-0.207965412906998,8.25250288211815,1.00061859108536,-21.5403346102439,-1.58869253562475,8.11887230362971,2.20744236724671,9.50953093479348,1.25701574054686,4.95703351887288,-16.3684002595466,-60.0133391537057,-0.433801163627656,8.92471188321224,0.888741306341118,9.34671651783981,-14.3210139513136,11.0849782289699,-0.693986876751322,9.58184361660596,0.932436691218621,18.7682989828717,-7.49956128575931,-8.52802198174282,2.05208307974502,4.45808950810104,0.395457996667616,6.08365942593798,-20.7681628601862,91.2163206123034,-3.67945314266828,2.53782829773588,0.173061756710739,21.2585677960131,4.0609809862353,101.271986606887,-0.704128473230113,3.67536170182983,1.13439557821671,72.4918750932962,26.8308830237288,162.136284343481
81.89,-0.178422092014653,8.31367934286149,1.0289918079452,-21.3308439452186,-1.41854160156647,7.68948739101802,2.1804829957386,9.53979554543102,1.19220535704808,4.87958603380686,-17.3384650229864,-57.702892235326,-0.421140846689023,8.93013032709978,0.861243931358735,9.4522286309962,-15.331126112606,9.24508839002207,-0.689238311229752,9.58069212285214,0.910951413646613,19.8980370657193,-7.53954560870483,-8.20338229062083,2.09150655985374,4.33086393171474,0.317700080843731,6.31528872339045,-20.815702988779,87.2242527159955,-3.81223681400562,2.49255679784072,0.186309770117563,21.3332877018381,4.26096702826042,105.125216696007,-1.05213495012829,3.68905472603185,1.21275891456622,69.5712595514174,25.7564123060647,163.692266708018
81.895,-0.148864868852367,8.37554776543007,1.05644035629689,-21.1076718069269,-1.24080628759089,7.24530745292726,2.15024087819849,9.57031488797311,1.12874670319777,4.82090813893047,-18.1917373962463,-55.4150141927889,-0.414177769784765,8.93997492950373,0.835058460470915,9.53844486850037,-16.2220157999503,7.41791090566624,-0.682373984933597,9.58021572277346,0.889498615506848,20.9358316075112,-7.52714326907133,-7.87513083762002,2.13912451440028,4.21239387322292,0.234901565308392,6.56850951371379,-20.7730407349082,83.1373732513559,-3.95975967106036,2.46151907650069,0.200153514692972,21.323893590619,4.47673187044527,108.69355484778,-1.42614562142223,3.71161617840139,1.29472765347214,66.5804017477701,24.6718900535002,164.998413716644
81.9,-0.119295346483637,8.4380329634523,1.08286592026152,-20.8648227433579,-1.05971470867326,6.78644061326555,2.11668383545896,9.60107277164772,1.06669623602529,4.7793811045426,-18.9285346531177,-53.1566230735651,-0.412881053432739,8.95431597375658,0.810070367309744,9.60677092756515,-16.9940426382666,5.61050287071489,-0.673676030492134,9.58040304546117,0.868203910037655,21.8805263184399,-7.46467040825271,-7.55062047877109,2.19496041363876,4.10315973651723,0.147692540391324,6.84368301549425,-20.6348789478156,78.9700156917803,-4.12204442838908,2.44416661516824,0.214126001046181,21.2256788560075,4.71007080341059,111.958498826778,-1.82568431426038,3.74047441821855,1.37853604533335,63.5132930482056,23.577081652564,166.018539317473
81.905,-0.0896714193983374,8.5010473991479,1.10817196220077,-20.5965292675804,-0.878770613418025,6.31284637662543,2.07979997393328,9.63199078365237,1.00608179316168,4.75333280026672,-19.5501271685794,-50.934434216909,-0.417227019142856,8.97311323768402,0.786148689820499,9.65851056519464,-17.6485465957491,3.82956728165827,-0.66348448932388,9.58121078515544,0.847159547946238,22.7315535151669,-7.35493893902794,-7.23751497061148,2.25894781548774,4.00346857195137,0.0568141508122951,7.14075576501638,-20.3969986674782,74.7366818965845,-4.29888288992017,2.4397646384582,0.227710495927227,21.035043834038,4.96271200071984,114.902007959839,-2.24992299466867,3.77318517108222,1.4621184387975,60.3661567326293,22.4721596877344,166.714035252217
81.91,-0.0599111242216085,8.56448311778494,1.13226419009271,-20.2973832130225,-0.700689356582942,5.82439212988562,2.03960189585443,9.66292979577159,0.9469039484878,4.74106653213107,-20.0586668451712,-48.7549679255651,-0.427193266395716,8.99622240665489,0.763144029853573,9.69485744205908,-18.1877720082947,2.08140946483123,-0.65218244192741,9.58256798014776,0.826417920047229,23.4889386455821,-7.20118195706967,-6.94361644352544,2.3309274067984,3.91345083892968,-0.0368864192424312,7.45924021365035,-20.0564088346537,70.4518240372525,-4.48982332214124,2.44740823544701,0.240354790413738,20.7496368910045,5.23627082615525,117.506638592963,-2.69767491468728,3.80750538289527,1.54318357027001,57.1381413958235,21.3580849193419,167.044954385114
81.915,-0.0298987654048485,8.62820471477381,1.15505194720407,-19.9624469267887,-0.527359654315609,5.3209151121504,1.99613045765657,9.69369416573206,0.889136828260056,4.74089121754201,-20.45710336122,-46.6245570352557,-0.442751589668063,9.02340373749937,0.740886632994785,9.71689418054039,-18.6147789697187,0.371902329570431,-0.640180364827332,9.58438153950211,0.805987310700955,24.1532872807373,-7.00698057321303,-6.67669372795181,2.41064571824213,3.83306360815033,-0.132463056758986,7.79819904206762,-19.6114826540823,66.1296399961993,-4.69416427770474,2.46604319535086,0.251489801778441,20.3684774587961,5.53218931752898,119.755691219477,-3.16739780901611,3.84145796806118,1.61930193345962,53.8318355792322,20.2369157281746,166.971196089646
81.92,0.000506950586263356,8.69204362187402,1.1764504021074,-19.5873411952075,-0.359831152342325,4.80228732628959,1.94945791369246,9.72403837764056,0.832728669192763,4.75115251165552,-20.7490888207549,-44.5493519630422,-0.463860034437818,9.05433258238604,0.719185019420689,9.7255978070682,-18.9333428427126,-1.29354000410079,-0.627900090306037,9.58654276370564,0.785830403536885,24.7257515185816,-6.776194646067,-6.44431400593022,2.49775580525675,3.76210002730076,-0.228880195117811,8.1562334545932,-19.0620757390727,61.7838872601933,-4.91095488565299,2.49449141818983,0.260551480577784,19.8920558370171,5.85166136972442,121.63336960592,-3.65720644711499,3.8733863996655,1.68800221090827,50.4535895908165,19.1120317152552,166.453758441982
81.925,0.0314632029423636,8.75579402859271,1.19638332847587,-19.1683077168644,-0.198327414693301,4.26848066605037,1.89969034767042,9.75367575742785,0.777602501977311,4.77026434001011,-20.9388718763804,-42.5353210799375,-0.490454420037788,9.08861137095274,0.697825583409289,9.72185055211559,-19.1478431228725,-2.909980728701,-0.615758741548838,9.58893457878186,0.765865831026072,25.2079735946806,-6.51289976951576,-6.25367983717233,2.59182015548722,3.70020464403554,-0.325024920677885,8.53147613332557,-18.4096213722061,57.427719757977,-5.13900138882437,2.53148064234425,0.267004706112012,19.3224049512811,6.1955455309309,123.124951803995,-4.16489322452468,3.90199853809638,1.74687247988599,47.0136386429589,17.9882606291999,165.45602012545
81.93,0.0631323315095921,8.81921075841697,1.21478619452868,-18.7022452129742,-0.042283629840514,3.71962940195615,1.84696936187595,9.78228881113835,0.723657427324163,4.79674020351063,-21.0311829795515,-40.5882446580211,-0.522439674362395,9.12578264085856,0.676573518537247,9.7064548953464,-19.2631434424607,-4.47297160662685,-0.604153036381502,9.5914391479578,0.745972778221296,25.6020057113316,-6.22133259006239,-6.11147331068209,2.69231605578396,3.64689393787659,-0.419721950642472,8.921589993277,-17.6571985163286,53.073551260479,-5.37687950668837,2.57567808689105,0.270367672993187,18.6631398058019,6.56426880147371,124.216972464981,-4.68795495660248,3.92639961502326,1.79366169645591,43.5260292655448,16.871901472275,163.945014570218
81.935,0.0956707320988062,8.88200937198512,1.23160925216943,-18.1867198589424,0.109592017468674,3.15608719578451,1.79147304249318,9.80954068751217,0.67077098885141,4.8292235775751,-21.0311130798731,-38.7137011333639,-0.55968134177349,9.16534270902075,0.655175366251412,9.68015174566689,-19.2844651349293,-5.97855761303951,-0.59344439486533,9.59394547406075,0.725998365702523,25.91020681927,-5.90584596465611,-6.02370899433785,2.79864361318205,3.60158118097163,-0.511751659474372,9.32377429178818,-16.8095685963487,48.73294788845,-5.62295202751365,2.62572745217044,0.270235199610366,17.919461093755,6.95772623178205,124.897415342494,-5.22362367573595,3.94611475402126,1.82637680903358,40.0083586829116,15.770640837662,161.892660053255
81.94,0.129217990424337,8.94386866696985,1.24682032957866,-17.6199524527712,0.259234866729475,2.57847606054463,1.73341623155281,9.83508726561173,0.618803124732316,4.86651669225052,-20.9439888133937,-36.9170449441608,-0.601997650564144,9.20675559391835,0.633363427821379,9.64364069809863,-19.2172574738197,-7.4232757062912,-0.583945335601444,9.59635659819506,0.705767319096492,26.1351192578301,-5.57087461020406,-5.99559747275413,2.91013655705239,3.56360456057765,-0.599871223816956,9.73477991667775,-15.8731775716303,44.4165510528766,-5.87539088854704,2.68028856860048,0.266299413607181,17.098120346506,7.37518229943187,125.155914263016,-5.76889907380467,3.96110168975887,1.84337084915247,36.4813444483603,14.6933643629802,159.276911957385
81.945,0.163886792031656,9.00443560481594,1.26040707725984,-17.0007863636017,0.409120450941729,1.98772516106668,1.67305011463059,9.85858940281548,0.567602096846277,4.90760692511106,-20.7752479440862,-35.2033757145539,-0.64915255793682,9.24946683462264,0.610862213128491,9.59760137643854,-19.0670684126114,-8.80414857239653,-0.575907685397283,9.59859604435363,0.685093311143051,26.2793305542847,-5.22091084934793,-6.03142148074351,3.02607584365506,3.53225737852179,-0.682838803508197,10.1509357412174,-14.856120463919,40.1340309168249,-6.13220289324541,2.73807883532827,0.258366387667315,16.2073451199914,7.81518087181813,124.983960163545,-6.3205802930596,3.97175441140244,1.84341759194894,32.9682487518656,13.6498704782923,156.082806619865
81.95,0.199754023513455,9.06333253869764,1.2723784815398,-16.3286415893051,0.562144399159301,1.38509801442117,1.61066109800636,9.87972493970179,0.517012641938764,4.95168995597563,-20.5303194762883,-33.5774990447338,-0.70085021240772,9.29291690383978,0.587397003342999,9.5427149310207,-18.8394203106466,-10.1186742907882,-0.569513136364899,9.60061323911481,0.663791333466449,26.3453279738389,-4.86048898921065,-6.13442686534045,3.14570593553359,3.50681910850533,-0.759440484978246,10.5681877591519,-13.7680663172324,35.8940693366168,-6.39125814336693,2.79791544643033,0.246367512969549,15.2567240143997,8.27547093723119,124.375111066842,-6.875295040733,3.97889833098868,1.82576893985994,29.4941879101571,12.6504990147757,152.303369724285
81.955,0.236853336130981,9.1201664623795,1.28276553443536,-15.6034609755144,0.721489480474092,0.772207408240752,1.54656891964164,9.89820014104997,0.466886356568219,4.99818873778247,-20.2145133108766,-32.0438796213492,-0.756731267793457,9.3365539788192,0.562704463143593,9.47968480382437,-18.5396956037986,-11.3648129506927,-0.564866651777797,9.60238773514243,0.641690499382108,26.3353552027396,-4.49417596020943,-6.30673078741904,3.26825344016555,3.48658614504275,-0.82851949074798,10.9821523019462,-12.620142546369,31.7043703291211,-6.65032137373396,2.85875023550655,0.230364690500079,14.2570527542611,8.7529551611819,123.325201131152,-7.42952722474167,3.98377074690663,1.79019213491001,26.0853620044351,11.7056922412054,147.940365645575
81.96,0.27516930256424,9.17453986641834,1.29162102581699,-14.8256546451646,0.890484359174372,0.151018092605675,1.48112392909304,9.91376034215102,0.417094039621355,5.04676726434714,-19.8329244265421,-30.6065877578038,-0.816371437577232,9.37984590486676,0.536545048946458,9.40925589946216,-18.1730375132662,-12.5409713013835,-0.561993139760364,9.60393217337109,0.618646756182227,26.2512814586469,-4.12656524894509,-6.54924966267922,3.3929475879713,3.47090120325438,-0.889006921283036,11.3881840244049,-11.4247787642202,27.571695510094,-6.90708910789259,2.91967596928921,0.210548796120192,13.2201440494562,9.24366768723088,121.832544226791,-7.97965071947492,3.98796822243458,1.73698522906535,22.7682419175628,10.8255100112945,143.004867305312
81.965,0.314633194677795,9.22606270221107,1.29901848953097,-13.9960479455417,1.07245900310896,-0.476162088921628,1.41470348831927,9.92619964112654,0.36753943681185,5.09733810213481,-19.3903562377849,-29.2692407999979,-0.8792825926836,9.42229124256214,0.50871675273488,9.33223132723914,-17.7442705816242,-13.6459865369349,-0.560837683974722,9.60529401655543,0.594555044835332,26.094493154327,-3.76227096870064,-6.86164929602886,3.51904185025884,3.45918049185455,-0.939953068438674,11.7814585791876,-10.1955114312756,23.5019216763645,-7.15921585748737,2.98000050203535,0.187231514773306,12.1586054262478,9.74278648516512,119.89812691383,-8.52193049186401,3.99345186918938,1.66696946596872,19.5687508550437,10.0191235534989,137.517628911467
81.97,0.355120366989584,9.27436493481476,1.30505037747475,-13.1158369496792,1.27060171507199,-1.10670154553009,1.34770748497875,9.93536950746454,0.318173631411761,5.1500627337137,-18.8912670264177,-28.034941098846,-0.94491659017292,9.46342931465261,0.479069535701653,9.2494859381093,-17.2578450861274,-14.6791102889142,-0.561269460736182,9.60655616038627,0.56936043998777,25.8658170960751,-3.4059190857831,-7.24231944044062,3.6458358830167,3.45093794297451,-0.980558150646945,12.157069061021,-8.94675199243908,19.5001176793567,-7.40432857341572,3.03936325126011,0.160830741198171,11.085590565958,10.2446840288117,117.525785275252,-9.05249652103314,4.00258638359113,1.58145929673842,16.5114748806885,9.2943138421272,131.509246713485
81.975,0.396449240362288,9.31910920706056,1.30982555351806,-12.1865541199746,1.48782247073982,-1.73767346063338,1.28055300480031,9.94118616539424,0.269009229442922,5.20534395469941,-18.3397422619222,-26.9062124746177,-1.01267188310352,9.50284915958249,0.447519672406905,9.16197600179753,-16.7178082962047,-15.6399938234813,-0.563089296021122,9.6078365632129,0.543067731822159,25.5654824340876,-3.06213320779217,-7.68837459044718,3.77269694704171,3.44580591423176,-1.01020120119379,12.510134470977,-7.69352249288557,15.570637799009,-7.64006186207817,3.09771343576019,0.131850356017035,10.0145308253319,10.7430182672931,114.722359836249,-9.56736704605354,4.01804666668103,1.48221419919518,13.6189324519047,8.65700048173433,125.020096053846
81.98,0.438381903120582,9.3600032082454,1.31346620971025,-11.2100454853639,1.72662674262872,-2.36589212901404,1.21366826796776,9.94363659083371,0.220133467304361,5.26380986990214,-17.7394943344088,-25.8849372794082,-1.08190281048044,9.54019727678803,0.414063156898843,9.07074456122888,-16.1278042289544,-16.5286753124569,-0.566040634223931,9.60928702922418,0.515748829659748,25.1931265852013,-2.735512766855,-8.19568222726637,3.89907997724569,3.44355187767614,-1.02846580893256,12.8359177013425,-6.4511639283289,11.7172288259808,-7.86409662679102,3.15526859605035,0.100855585950228,8.95885445898081,11.2308638544513,111.497822791176,-10.0624788669276,4.04270479437813,1.37137410847002,10.910926999735,8.11082576327921,118.100036913475
81.985,0.480626337807941,9.39681140172551,1.31610432883704,-10.1884597102505,1.98900338448585,-2.98795579562417,1.14748598188851,9.94278297005598,0.171719380428178,5.32628942094138,-17.0938898065886,-24.9722962722491,-1.15193131582806,9.57518404185969,0.378787306521577,8.97692223983047,-15.491102100578,-17.3455698773081,-0.569823517409076,9.61109124130677,0.487547346947877,24.7478483159368,-2.4306018149711,-8.75891904928453,4.02454551821457,3.4440906912059,-1.03516146291347,13.1299499156319,-5.23502372566165,7.94314793799748,-8.07418208527969,3.21254569089148,0.0684452658748805,7.93170156818364,11.7008815307108,107.865371959765,-10.5336850602664,4.07958348211704,1.25138075239239,8.40399993598143,7.65681618569555,110.807884896474
81.99,0.522840234366717,9.42936580168627,1.3178778494567,-9.12424865290433,2.27632953559933,-3.60029477500548,1.08243629425429,9.93876551207702,0.12403420168335,5.39377980509193,-16.4060028113006,-24.1687135165723,-1.22206070499484,9.607588685432,0.341879735417991,8.88172352064662,-14.8106521426024,-18.0914628994832,-0.574111017424847,9.61346208188479,0.458679806856472,24.2283090985099,-2.15184702700532,-9.37165505192018,4.14877479457065,3.44749212508626,-1.03033937842399,13.3881577118647,-4.06012972219021,4.25128824757396,-8.26815666471453,3.27037546315368,0.035222806976715,6.9456429410821,12.1455215058465,103.841486283796,-10.9767590679347,4.13179453447984,1.12489013807809,6.1109947170388,7.29314042405143,103.210649950483
81.995,0.564636296259944,9.45757551696681,1.31892671219349,-8.02017833651059,2.58929492617958,-4.19922372654147,1.01893954999772,9.93180355611893,0.0774442406059259,5.46740657362044,-15.678691765563,-23.4738083809228,-1.29159093959818,9.63726275443968,0.303633963472119,8.78643873287736,-14.0891659413255,-18.7675068579076,-0.578567431944832,9.6166382192881,0.429433063129845,23.6328817152659,-1.90354394502373,-10.0264647272277,4.27158125994009,3.45398339182223,-1.01430186237981,13.606989116321,-2.94085878462406,0.644308649280282,-8.44396958202019,3.32989410784609,0.00176761807741055,6.01241073830992,12.5572547646993,99.4459382353909,-11.3874112279418,4.20245847018027,0.994680622231788,4.04073627648168,7.01497856714412,95.3825507743572
82,0.605588917138902,9.48143482029966,1.31938896071524,-6.87934874989064,2.92784743671314,-4.7809970295343,0.957399066521553,9.92219494308371,0.0324156525399418,5.54837759928591,-14.9146952610161,-22.8863565025466,-1.35983488274631,9.6641319935641,0.264451078154831,8.69242216288475,-13.3292170894541,-19.3752217003795,-0.582867460854811,9.62087988644336,0.400157718751252,22.9598430027564,-1.6897709948909,-10.7150641293057,4.392918082807,3.46394650191959,-0.987604499306975,13.7835342701187,-1.8906087595117,-2.87523569873265,-8.59970108511876,3.39252416979619,-0.0313913165950138,5.14264845290928,12.9288245124846,94.701759227769,-11.7613154812469,4.29461782678723,0.863560745926223,2.19782465659179,6.81451253895389,87.4038186571574
82.005,0.645242100938292,9.50102954872755,1.31939703816811,-5.70522066267263,3.29116128110343,-5.34186623168122,0.898194144909512,9.91031363147933,-0.0104892885903709,5.63793245526961,-14.1167419331285,-22.4042613084208,-1.4261348685783,9.68819660362181,0.224837060091804,8.60107685293838,-12.5333568212249,-19.9164984868881,-0.586715522488656,9.62646374092077,0.371257546788261,22.2076057454676,-1.51431132395662,-11.4284720678674,4.51288116574657,3.47791034847058,-0.951050695924373,13.9156366471603,-0.921482758557308,-6.30476627804943,-8.73358178018778,3.45994451229723,-0.0637981152812266,4.34568679080675,13.2535085842673,89.635154984548,-12.09414878125,4.41114544861175,0.734280939132369,0.582537338067943,6.68104210795204,79.3593103770429
82.01,0.683118487926591,9.51654166653501,1.31907438081549,-4.5016476109178,3.67762872180939,-5.87813854869944,0.841673527370117,9.89660556317699,-0.0506206044190726,5.73728902473821,-13.2876683576629,-22.0245374104,-1.48987895529936,9.70952987208856,0.185395590529814,8.51383674938061,-11.7042384912907,-20.3936057683876,-0.589864346604125,9.6336766703605,0.343175210176444,21.374983024224,-1.38056308125118,-12.1571932629428,4.6317074189604,3.49653752337474,-0.905678399815755,14.0019907616777,-0.0439948458067924,-9.64156187262674,-8.8440115072821,3.53404957980966,-0.0950875767772996,3.62935114424118,13.5253826249273,84.2753688018697,-12.3816449748596,4.55464942754939,0.609452731236868,-0.809168144725821,6.60122502327492,71.3369557055749
82.015,0.718729316122148,9.52825181162583,1.31853238048111,-3.27291110880196,4.08487573804599,-6.38623540551485,0.78814948882774,9.88158283736872,-0.0872537399449812,5.8475893311082,-12.4305385716314,-21.7433069073516,-1.55051623981282,9.72827523710141,0.146816362712831,8.4321468903044,-10.8447442599563,-20.8091978910605,-0.592131985400275,9.64280840164166,0.316374945530466,20.4614765687564,-1.29143952708238,-12.8914209713974,4.74976810027718,3.52060599922296,-0.852739098978005,14.0422225524029,0.73319399941904,-12.8826515748389,-8.92957818300153,3.61689859299504,-0.124996605935772,2.9998052281332,13.7395732326328,78.654491682369,-12.6196638959516,4.72737676208113,0.491478442103946,-1.98556102594533,6.55943393763878,63.4260708502499
82.02,0.751585105735642,9.53653962040092,1.31786776298614,-2.02375671964989,4.50980149943593,-6.8627500638425,0.737892717922016,9.86581631295789,-0.119607272875454,5.96984662498839,-11.5487586643241,-21.555809342983,-1.60757065406411,9.74464192414879,0.109859110663914,8.35744227367572,-9.95810716553409,-21.1663241464161,-0.593416408592611,9.65414280118414,0.29132324516971,19.4675786634563,-1.24926144389609,-13.6212564019355,4.86755711642342,3.55098597100516,-0.793669508928136,14.0369489451796,1.40350123712891,-16.0247246421722,-8.98907691038213,3.71065573835708,-0.153368795179843,2.46143426819337,13.8924900790153,72.8072193943532,-12.8042751786583,4.93111818703386,0.38249353689895,-2.95896301694562,6.53821724977858,55.7155745802858
82.025,0.781206829477412,9.54188162058199,1.31716040267122,-0.759427878941274,4.94864081332954,-7.3045034859443,0.691128107630528,9.84992679855706,-0.146864878722744,6.10489569083527,-10.64618005057,-21.4564258021008,-1.66065272187648,9.75889935453218,0.0753337555615355,8.29112594384637,-9.0480219172978,-21.4684374232375,-0.593706895667952,9.66794782681419,0.268468837577325,18.3950749827201,-1.25564569427025,-14.3369421057238,4.98567429685597,3.58861232656,-0.730056654673959,13.9878135042829,1.96260179522815,-19.0640613096433,-9.02152948122611,3.81752283421274,-0.18015189008706,2.0167699117621,13.9820263148496,66.7705576088405,-12.9318549472973,5.16711699383665,0.284322967204748,-3.7455007863519,6.51884613621963,48.2921485498577
82.03,0.807137333306406,9.54484651660018,1.31647156016299,0.514306450178341,5.39704792835894,-7.70859771954427,0.648031547316265,9.83457499832182,-0.168201007035946,6.25334817061819,-9.72718552802581,-21.4387173989579,-1.70946882160158,9.77137055347471,0.0440772475762527,8.23454671822561,-8.11873823086397,-21.7194007671411,-0.593091514073881,9.68446420598612,0.248223359630812,17.2473337177472,-1.31139521722258,-15.0291063490489,5.10480381914554,3.6344533879039,-0.663597341099163,13.8974956104398,2.40855419846999,-21.9964880036466,-9.02620418686032,3.93966634659163,-0.205388328067788,1.66645782209121,14.0077173787118,60.5834774093195,-12.9991921883319,5.43598499727642,0.198451952874788,-4.36479076585217,6.48192606983792,41.2383872070542
82.035,0.82895277961784,9.54608775952871,1.31584250755942,1.79113480821789,5.85019925479358,-8.07246622190583,0.608727789595532,9.82045038488958,-0.182809533846138,6.4155544730769,-8.79675297065534,-21.4954782109296,-1.75382756569758,9.78242479266563,0.0169278281425695,8.18897687483549,-7.17513128641488,-21.9234900419524,-0.591760083405154,9.70389305206108,0.230944028931292,16.0295648773165,-1.41639696470191,-15.6890151645732,5.22568816268479,3.6894767242871,-0.596053263405546,13.7696912639603,2.74186858931273,-24.8173595891408,-9.00263562688405,4.0791409590271,-0.229199506952056,1.40926775967648,13.9708496481065,54.2865246668921,-13.0036003894455,5.73762909163379,0.126010832886448,-4.83955934839979,6.40804821005637,34.6309854531679
82.04,0.846273870998944,9.5463333715999,1.31529351462011,3.06420172628171,6.30291180514961,-8.39392064334763,0.573289453539935,9.80825919776154,-0.189934538247294,6.59157357003828,-7.86049238456493,-21.6188024901156,-1.79364296999132,9.79246970345104,-0.00530245719271673,8.15559003968586,-6.22274478156026,-22.0853907496379,-0.590002172467401,9.72638276554594,0.216919414628556,14.749032938663,-1.56953499392142,-16.3088283529401,5.34909815964638,3.75461297302011,-0.529203228384682,13.6090643961659,2.9655130604716,-27.5215703831167,-8.95064397712275,4.23781213587282,-0.25176487409965,1.24214488792886,13.8745121630614,47.9213880139775,-12.9430290718409,6.07119204010395,0.067772870982203,-5.19519945571436,6.27845435231705,28.5390137641997
82.045,0.858776570933344,9.54637307461864,1.31482321558056,4.32612634143896,6.74977357093387,-8.67119364107686,0.541737210920245,9.79871182138559,-0.188902299575167,6.78115169374063,-6.92465290949218,-21.8001656821501,-1.8289341502623,9.80194310086212,-0.0218561079737336,8.13543944322799,-5.26780293510413,-22.2101870336646,-0.588199853372626,9.7520156894626,0.206359115404818,13.4152061723611,-1.76862601362649,-16.8818552454296,5.47579988194246,3.83071871139176,-0.464794127887628,13.4211684619543,3.08485656952185,-30.1035947145941,-8.87035296842828,4.41728024359517,-0.273297291385751,1.16030008380448,13.7235868370358,41.5304313952459,-12.8161692519136,6.435011190522,0.0241632990497114,-5.45926321592342,6.07568877619368,23.0223307024419
82.05,0.866201986992263,9.5470428585463,1.31440844013443,5.56904538145001,7.18528170400284,-8.90297726980273,0.514041173059485,9.79250985153129,-0.179153556988427,6.98371065839106,-5.99609714584354,-22.0305183685502,-1.85982136886479,9.81130475290631,-0.0320584672294557,8.12943666603337,-4.31718863005845,-22.3033409767632,-0.586815140502662,9.78079509461312,0.199387811390728,12.0398270128006,-2.01038413397618,-17.4028056047108,5.6065192634299,3.91853950020996,-0.404492411998201,13.2123390649292,3.10754872662583,-32.5575568407459,-8.76220566147034,4.61880881478883,-0.294016408565194,1.15733619435411,13.5246750628277,35.1561983817887,-12.622546721128,6.82659861427793,-0.00472253067764528,-5.66089050048281,5.78421136766209,18.1301814552327
82.055,0.868365051775858,9.54920723336996,1.31400463584928,6.78468390047248,7.60398428339485,-9.08845636233583,0.490123453209931,9.79033317564089,-0.160274963699303,7.19834625385229,-5.08224100396953,-22.3003917595872,-1.88651837241387,9.82102829812885,-0.0353450436362684,8.13833099747526,-3.37838573921181,-22.3706605001,-0.586372271865804,9.81263316034319,0.196043777098036,10.6368899043346,-2.29042046898461,-17.8680306334904,5.74190552692413,4.01867426585562,-0.349837828194024,12.9895594195462,3.04333885917328,-34.8773291112281,-8.62697700118445,4.8432594724577,-0.314121949872408,1.22540647032857,13.2859613207403,28.8408965695425,-12.362597361578,7.24264564887983,-0.0190941912219462,-5.83017466618657,5.39094867222331,13.9000279351848
82.06,0.865161644444196,9.55373953727298,1.31354700437474,7.96445571689202,8.00062159600773,-9.22733604666504,0.469861832125074,9.79282736432675,-0.132028525506628,7.42383691249331,-4.19095823887644,-22.600012870534,-1.90932111189409,9.83159345657575,-0.0312869374599597,8.16268962050743,-2.459384678067,-22.4182544642911,-0.587435246020851,9.84734067923933,0.196281544301904,9.22251625733688,-2.60328168280849,-18.2757486466027,5.88249465884246,4.13154220323777,-0.302201107983164,12.7603015466753,2.90383884913886,-37.0566564940447,-8.46578211059948,5.09103588512209,-0.333768858857375,1.35540085201278,13.0170171657285,22.6258714137811,-12.0377195056449,7.67905399193832,-0.0194366634139607,-5.99747024153911,4.88576275937336,10.3566507384218
82.065,0.856573840824193,9.56150081650581,1.3129524237984,9.09959347716174,8.37026318901553,-9.31986218005557,0.453094412835343,9.80059162057796,-0.0943777085539952,7.65866263296279,-3.33045001835778,-22.9194270787737,-1.92859310560254,9.84347861114334,-0.0196134830969546,8.20287901468811,-1.56855144461913,-22.4524739594302,-0.590581299314616,9.8846192289785,0.199978044868679,7.8147205054707,-2.94252966019476,-18.6262495473944,6.02867430608893,4.25735336605296,-0.262747090682021,12.5323471602603,2.70223617944395,-39.0893049797548,-8.28007933813286,5.36203888587633,-0.353046123873219,1.53715540042135,12.7285516336944,16.5510797305737,-11.6502995380993,8.13099444619452,-0.00647822450408797,-6.19265236749161,4.26182161539324,7.51155580630259
82.07,0.842673050091856,9.57331793003701,1.31212215783878,10.1813058676832,8.70843738817971,-9.36683314781317,0.439625117965081,9.8141674943609,-0.0475089070960977,7.90103394491434,-2.50908123741168,-23.2486254101776,-1.94474787719986,9.85715378092148,-0.000231296865223732,8.25904820317091,-0.714461798277059,-22.4798392536085,-0.596371279688227,9.92405650268113,0.206941309395613,6.43306652311731,-3.30086236796182,-18.92207192007,6.18065150411216,4.39608406022215,-0.232404496836649,12.3135931404865,2.45296530002023,-40.9692309263447,-8.07166719315049,5.65563454455789,-0.371960805873095,1.75967995161808,12.4321164761713,10.6545737535336,-11.2037084154117,8.59299328934384,0.0188426748137824,-6.44434395489125,3.51585903001424,5.36270934787665
82.075,0.82362087883614,9.58996164894421,1.31094528764056,11.2009571420478,9.0112504315822,-9.36960137422972,0.429229855390417,9.83402856100806,0.00815290457987161,8.14893049924804,-1.73518673404983,-23.5776736395717,-1.9582290619734,9.87307398022572,0.0267609590675366,8.33111470114484,0.0942962957717922,-22.5069524436634,-0.605318118249704,9.96512536918829,0.216920685289692,5.09821938380164,-3.67027387201262,-19.168146439802,6.33842456038907,4.54745806829842,-0.211843235120895,12.1118472193833,2.17134675948409,-42.6907679891517,-7.84267447545943,5.97063653665565,-0.390428337941325,2.01139898337654,12.1397765513603,4.97200699109164,-10.7022683961142,9.05904511985604,0.0554103783222941,-6.77913275976312,2.64831655794932,3.8946142037936
82.08,0.799667651450124,9.61212560662702,1.30930275546135,12.1502622391274,9.27549276528722,-9.33006319243523,0.421663154131369,9.86057127428268,0.0719352874035897,8.4001486560205,-1.01685198614611,-23.8968401054042,-1.96948891460964,9.89167295185388,0.0610626361744152,8.41875420233471,0.849347366097403,-22.5403964992597,-0.617854796454742,10.0071870597794,0.229617558600176,3.83140312127832,-4.04224960117442,-19.3718995207065,6.50176023885707,4.7109346055293,-0.201459779237977,11.9346199807776,1.87320451073397,-44.2488277955824,-7.59554309278608,6.30530363092715,-0.408269631541083,2.2804006694833,11.8637570738974,-0.463826872637526,-10.1511908746542,9.52274988250898,0.101964056289009,-7.22080581934457,1.66336508776131,3.0787301346363
82.085,0.771148601285958,9.64040700450238,1.30707187347417,13.0214895653685,9.49873034613285,-9.25063646860657,0.416665057559318,9.89410722081612,0.142916895319053,8.65235721459553,-0.361674211462693,-24.1967190334376,-1.97896605738674,9.91335726798223,0.102166359496549,8.52139513514827,1.54277429686731,-22.5866220840193,-0.634303339538967,10.049498668886,0.244695664508833,2.65378042628711,-4.40799142843722,-19.5433117065333,6.67017716574921,4.88570374116864,-0.201370810920395,11.7889194912106,1.57447237366273,-45.6391099348308,-7.33300333083378,6.65735259255441,-0.425214982918826,2.5546891220881,11.6160802229749,-5.62341117190382,-9.55648772292482,9.97747059744311,0.157128350912092,-7.7896320857653,0.568808664608628,2.87422996638274
82.09,0.738477822683364,9.67528998063996,1.30413111970193,13.8076630159625,9.67937900454015,-9.13422649830181,0.413968063328462,9.9348570102926,0.219933847584572,8.90316019568965,0.223489010153373,-24.4683461366081,-1.98706336594472,9.93850079868144,0.149358701879974,8.63821921320396,2.16737811865729,-22.6518242466323,-0.654846423019212,10.0912249353051,0.261790204728955,1.5857748608569,-4.75866595295138,-19.6949262330268,6.8429361435006,5.07068981489062,-0.211415006718196,11.6810548497576,1.29080081528959,-46.8583161726546,-7.05804174260848,7.02398633166572,-0.440914291624553,2.82243488015381,11.4082038363031,-10.4808694299993,-8.92485990876155,10.4165071508816,0.219442448953799,-8.5017251465476,-0.624121843835668,3.22907328404886
82.095,0.702140135070341,9.71713249389112,1.30036501921471,14.5027549072902,9.81676007891728,-8.98418202756636,0.413303921464742,9.98294602976582,0.30159397362876,9.15016535526302,0.732775499546827,-24.7033032999276,-1.99412689652652,9.96743955278057,0.201726329726534,8.76816898598423,2.71694346326494,-22.7418117748355,-0.679503154894627,10.1314540538341,0.280515142051329,0.646360057596981,-5.0856684086475,-19.8418043927639,7.01903783165659,5.26456313666223,-0.231162566359551,11.6164547004616,1.0371749868797,-47.9043631465314,-6.77386172935632,7.40193650811445,-0.45495272324933,3.07221880483119,11.2506746106513,-15.014265451889,-8.26356775006433,10.8332800901538,0.287387561844718,-9.36851645321749,-1.90107326524442,4.08136950113829
82.1,0.662681055773023,9.76615744649815,1.29566890037107,15.1018620510972,9.91113569933666,-8.80424458559142,0.41441014013952,10.0384022651245,0.386298694849656,9.39105690092641,1.16156983977352,-24.8938092698724,-2.00042671827886,10.0004669013106,0.258167532194088,8.9099631680341,3.18650066850662,-22.8618726666134,-0.708110487865507,10.1692170747562,0.300468227034434,-0.14765666113147,-5.38089382478889,-20.0014257320969,7.19722803839352,5.46575997369735,-0.259931849641029,11.5995063265105,0.827554359215051,-48.7765872376056,-6.48383716584281,7.78751936602396,-0.46687068544428,3.29326470871788,11.1528074490976,-19.2058326249979,-7.58028772454138,11.22151736495,0.35941288228398,-10.3963655668337,-3.24495736085524,5.36099281757773
82.105,0.620695108739127,9.8224485469837,1.28995332922017,15.6013580904297,9.96372232616894,-8.59849539568407,0.417036094723138,10.1011563410629,0.472272063106314,9.62367070521244,1.50674114399031,-25.0327934679676,-2.00614043996298,10.0378292009391,0.317408922594428,9.06212020963362,3.5725750651062,-23.0166397576982,-0.740311526359931,10.2035102994846,0.321233558537316,-0.782326966160416,-5.63700645207694,-20.1935326046961,7.37601066688513,5.67251050031216,-0.296812315150172,11.6334203774042,0.67454336327622,-49.4759349392214,-6.19146026141007,8.17670340430211,-0.476186850951521,3.47565629106198,11.122401420473,-23.0421262975933,-6.88296145876513,11.5754366548707,0.433960123303133,-11.5863278848037,-4.63640296685887,6.99140314996572
82.11,0.576812706986138,9.88595109481968,1.2831480612608,15.9990163263531,9.97668148812117,-8.37130468010859,0.420948684180255,10.1710438523503,0.557596286045013,9.84607017400205,1.76685789764662,-25.1139503744475,-2.01134011804996,10.079721843898,0.378027003189839,9.22299019695147,3.87341380338075,-23.2099610086169,-0.775551726040607,10.2333199911273,0.342381801977289,-1.24720075693424,-5.84769816362794,-20.4399200767177,7.55366817819627,5.88287402490637,-0.34069283529758,11.7201256001487,0.589101230603819,-50.0051319201948,-5.90028467865911,8.56518702297205,-0.482422938096937,3.6105342863778,11.1655013135191,-26.5140949060175,-6.17964201331363,11.8899155380577,0.50948672557363,-12.9340926709193,-6.05425415793921,8.89162005299872
82.115,0.531685831558536,9.9564774645949,1.27520540068983,16.2940985017978,9.95308715252343,-8.12728792850982,0.425937528508693,10.2478099628789,0.640252918314303,10.0566208347884,1.94237066529879,-25.1317724080244,-2.01598310231128,10.1262857746765,0.438474209876603,9.39079476203274,4.0891806810337,-23.4447792568466,-0.813083648129634,10.2576487007451,0.363468572147745,-1.53588334291492,-6.00792668237893,-20.76417349641,7.72828926491544,6.09478044019226,-0.390294389410572,11.8601971699436,0.580297795831741,-50.3688241638136,-5.61386491753738,8.94848394882363,-0.48512901995534,3.69027016687529,11.2862120541527,-29.617067525355,-5.47834197434516,12.1606420224156,0.584487807466923,-14.4300956709253,-7.47609584259838,10.9782914944963
82.12,0.485972697548228,10.0337166349867,1.26610290754164,16.4874063003169,9.89686981780273,-7.87127249094864,0.431819748276022,10.3311161474279,0.718168764375807,10.2540616539703,2.03575386639538,-25.0815598653428,-2.01990721718884,10.1776045302888,0.497108997497913,9.56367426018583,4.2221098441828,-23.7230263521818,-0.851980547184997,10.2755425578832,0.384031873939062,-1.64648487693634,-6.1141251622503,-21.1913570975309,7.89780326839353,6.30607651205349,-0.444206107176161,12.0528213484576,0.655120439359625,-50.5736850708212,-5.33569343441189,9.3220141694791,-0.483908250299131,3.70861326499248,11.4865713752635,-32.3506576986716,-4.78688751620371,12.3842390539534,0.657516954968107,-16.0598019287235,-8.87878979022545,13.167796588324
82.125,0.44032157631293,10.1172467424308,1.25584543111636,16.5812936039453,9.81273822505651,-7.60827573512689,0.438444404716471,10.4205488584343,0.789265420172432,10.4375710673544,2.05159857025474,-24.959407249558,-2.02283049783661,10.2337018774943,0.552229484251265,9.73974104852228,4.27660998928083,-24.0455365034094,-0.891158665628527,10.2861189668053,0.403589791794285,-1.58194096125287,-6.16437582665133,-21.7476577475348,8.06002070664394,6.51457538204743,-0.500923642114508,12.2957982397789,0.818335687180211,-50.6284832302455,-5.06913708055551,9.68119800930483,-0.47844003269502,3.66080877942005,11.7664841490493,-34.7185857042012,-4.11278185080608,12.5583579489325,0.727205967003398,-17.8041463244569,-10.2390067490557,15.3783213001881
82.13,0.395353968436901,10.2065494434501,1.24446646168793,16.5796387916429,9.70608047423302,-7.34349332964187,0.445696696320227,10.5156298278578,0.851511282671144,10.6068257051247,1.99664935277748,-24.7621661537913,-2.02435551034494,10.2945401348213,0.602110135633542,9.91713729241126,4.25931180480576,-24.4119833728175,-0.929407715628334,10.2885942590005,0.421639729038678,-1.35018927742876,-6.15854185421901,-22.4599884061077,8.21267910041165,6.71810755487662,-0.558888895830476,12.5855833750239,1.07240733643517,-50.5441066313956,-4.81737454006314,10.0215509915058,-0.46850079414531,3.54368475592606,12.1237197829704,-36.7284237485372,-3.46308068841261,12.6817372834499,0.79228365778092,-19.6401123495765,-11.5337436043351,17.531848640896
82.135,0.351647411294394,10.3010248921612,1.23202877594676,16.4877775209097,9.58284719639487,-7.08229357307709,0.453501999584093,10.6158276691446,0.9029747810694,10.7620498056214,1.87977966959555,-24.4873857021005,-2.02397810304776,10.3600192786072,0.645040920160476,10.0940953608809,4.17905282820044,-24.8208449763315,-0.965428678789543,10.2823109570132,0.437660363504141,-0.964193688443391,-6.09835319990895,-23.3555561272629,8.35349309156487,6.91457168603959,-0.616530183675418,12.9173677558789,1.41747143093013,-50.3335403318809,-4.5833365082766,10.3387772420734,-0.453981645511192,3.35570674215748,12.5539721156125,-38.391270791766,-2.84428155655023,12.7542254423224,0.851593739642881,-21.5414240171427,-12.7408178653618,19.5560095253313
82.14,0.309718338869042,10.4000063446468,1.21862431847488,16.3123975117779,9.44942017376697,-6.8302116698673,0.46182980899068,10.720570427478,0.941877527259418,10.9040533433136,1.71190188043018,-24.1332323242016,-2.02110027425989,10.4299769432675,0.679368296734998,10.2689985775959,4.0467956008003,-25.2693998028858,-0.997877761248775,10.2667644008628,0.451117129803541,-0.441813830954167,-5.98744327644582,-24.4613996341916,8.48020765498525,7.10198364572746,-0.67230201452012,13.2851948506397,1.85136704040761,-50.011795922143,-4.3696503467939,10.6288593726894,-0.434902317359852,3.09699936298796,13.0509793911238,-39.7213656833228,-2.26222810580172,12.7767666471871,0.904111670568046,-23.4793217336298,-13.8393345882346,21.3857466826205
82.145,0.270005546709546,10.502773701064,1.20437323028228,16.0613978473287,9.312470346266,-6.59293681569107,0.470697578866043,10.8292587303699,0.966646042013751,11.034256956458,1.50580995508317,-23.6983913082412,-2.01504670983991,10.5041894347244,0.703537294717776,10.4404398996593,3.87547692729686,-25.7537567809729,-1.02541510884514,10.2416285721153,0.461471550045083,0.194475765508955,-5.83133426774208,-25.8039016984913,8.59065303250004,7.2785225624055,-0.724723730101923,13.6821118912592,2.36972063000282,-49.5957924629273,-4.17859087682017,10.8881429997955,-0.411420859940289,2.7693345368365,13.6067001820816,-40.7356489199511,-1.72202993570477,12.7513517945643,0.94896018173996,-25.4233905272133,-14.8101227327798,22.9647511333018
82.15,0.232854912145744,10.6085656047402,1.18942192215284,15.7437162220845,9.17880947249566,-6.37628497127443,0.480174402654107,10.9412792048666,0.975960688213956,11.1547018664682,1.27595495682088,-23.1819531198128,-2.00508444831117,10.5823738773147,0.716133830109767,10.6072760238367,3.67978813945105,-26.2689208146573,-1.0467567139843,10.2067810100953,0.468194213619981,0.918007813104552,-5.63736934486311,-27.4082817948001,8.68279988493333,7.44257279635312,-0.772416296124566,14.1003516975047,2.96608082767578,-49.1041898629268,-4.0120388299614,11.1134142895329,-0.383838701763356,2.37608647265155,14.2115395920179,-41.45328458362,-1.22799803851366,12.6809368177188,0.985423033372076,-27.3424083014697,-15.6361387463766,24.2466383246659
82.155,0.198506058568529,10.7165899864402,1.17394010566336,15.3691284081049,9.05523983025384,-6.18615115467845,0.490384389271782,11.0560178443897,0.968800440520838,11.268043152596,1.03815558583657,-22.5832878923957,-1.99044507446414,10.6641916037409,0.715926282856709,10.7686744801962,3.47588847726858,-26.808894606821,-1.0607278347153,10.162326728415,0.470780736159627,1.6984722017734,-5.41459036436029,-29.298074788742,8.75481307717961,7.59276102823358,-0.814136555081066,14.5315401920448,3.6320995640281,-48.557176870368,-3.87144827024904,11.3019691419824,-0.352600780659743,1.92215399336144,14.8546187113289,-41.8951548699368,-0.783595691050034,12.5693325178029,1.01295641511498,-29.2051827640063,-16.3028349058789,25.1958387390717
82.16,0.167081631639783,10.82603315657,1.15811673251896,14.948024959617,8.94840626611051,-6.02843676635755,0.50150952032922,11.1728730248952,0.944482151944921,11.3775249950779,0.809248313237875,-21.9019117907924,-1.97034882330473,10.7492528737193,0.701905262755733,10.9241514641085,3.28105597286306,-27.3668164115751,-1.06631619883281,10.1086209864654,0.468769671577752,2.50257702705786,-5.17355995099965,-31.4946017698794,8.80510248368975,7.72798785186496,-0.848808252803859,14.9669238108887,4.35775482362486,-47.9762169516498,-3.75782404140669,11.4516728267929,-0.318290598042491,1.41385116696316,15.5240791349987,-42.0833400867339,-0.391404506426418,12.421070853333,1.03119733765986,-30.9813482648942,-16.7984888220965,25.7881855090724
82.165,0.138579785556897,10.9360677073791,1.14215484664076,14.4911708276091,8.86465466276768,-5.9089496498843,0.513791705515945,11.2912678879057,0.902693047368282,11.4869368322482,0.606683868972153,-21.1373491374372,-1.94402999404336,10.8371229737636,0.673320433559791,11.073598463029,3.11328247601035,-27.9351322425657,-1.06272328231122,10.0462906385122,0.461761150903794,3.29480169887752,-4.92612740351549,-34.0164395956005,8.83236922534548,7.84745341741425,-0.875549158675501,15.397610203496,5.13160958155829,-47.3837563218808,-3.67170998556285,11.5610090422027,-0.281620194059447,0.858767715592409,16.2074133977684,-42.0405971002697,-0.0531053498921275,12.2412535007598,1.03996838986136,-32.6420977643884,-17.1144888120901,26.0111892488527
82.17,0.112870371698532,11.0458595904519,1.12626541661738,14.0094540921375,8.80990051953495,-5.83327704632383,0.52753370513947,11.4106618264548,0.843515285767105,11.6005497888534,0.448078979448083,-20.2889942950983,-1.91076312287223,10.9273297116546,0.629713258997266,11.2172961273548,2.99082160944616,-28.5057999444443,-1.04941202890262,9.97625356984784,0.449435001204491,4.0382217164561,-4.68513879196564,-36.8788963094327,8.83564581992463,7.95067677144196,-0.893693631838349,15.8148150003991,5.94110090043399,-46.8028993001422,-3.6131883332443,11.6291174843488,-0.243415197165513,0.265601216919807,16.8918114704813,-41.7898489446107,0.23052611487234,12.0353890885165,1.03927839161308,-34.1608302649113,-17.2455679617302,25.8639980334585
82.175,0.0896951873111609,11.1545747778988,1.11066027796108,13.5136304290624,8.78951087001168,-5.80663407976359,0.543098567590731,11.5305608276955,0.767441580062786,11.7230332158819,0.350734199305048,-19.3559773463426,-1.86988943169738,11.0193722741552,0.570944581518781,11.3559142815077,2.93170040380105,-29.0705214475516,-1.02614950659086,9.89973544379702,0.431567252803435,4.69538408566239,-4.46409307266786,-40.0935003755435,8.81432885104156,8.03750859142072,-0.902810044171425,16.2101070393188,6.77285263675703,-46.2570570160687,-3.5818902920444,11.6558190999799,-0.204595265152488,-0.35603629691053,17.5645130164124,-41.3536977073929,0.459609387644091,11.8092258425633,1.02931874295514,-35.5136999688839,-17.189978098502,25.3570483969967
82.18,0.0686724782556668,11.2613858966798,1.09554437130312,13.014070194419,8.80820222242553,-5.83369268755094,0.560907241792842,11.6505264415457,0.675381039205125,11.8593517265143,0.331130380431843,-18.3370376161904,-1.82084314214103,11.1127313598862,0.497216043207425,11.4904974367736,2.95320707220949,-29.6209985131756,-0.993043169437656,9.8182826455434,0.408044241709439,5.22921241407533,-4.27674808668292,-43.6675126451467,8.76820293943681,8.1081370409129,-0.902712549500275,16.575644307943,7.61300475196161,-45.7695763014416,-3.57701747680239,11.6416282873597,-0.16615040090742,-0.995834104291765,18.2131549446663,-40.7539718932982,0.635134649640756,11.5685864030097,1.01045560036167,-36.6800597471057,-16.9495940162274,24.5114214512526
82.185,0.0493056995669891,11.3654791540132,1.08110750867015,12.5205151135543,8.86995662422173,-5.91839779566548,0.581434070439125,11.7701831580757,0.568654599015111,12.0146437062337,0.404417720755515,-17.2304090436713,-1.76317730375773,11.2068804281457,0.409084501900392,11.6224356181962,3.07136879700785,-30.1492063864344,-0.950569597879688,9.73376995449241,0.378873905638895,5.60392131977646,-4.13668288164008,-47.6034711159074,8.69745503649201,8.1630865096029,-0.893466786061365,16.904392997539,8.44755184280636,-45.3633563356396,-3.59737344379664,11.5877514401848,-0.129113795479431,-1.64301701493837,18.8261039296121,-40.0113182801695,0.758923838300402,11.3192112050075,0.983218321852289,-37.6427976886691,-16.5299384409864,23.3579265522702
82.19,0.0309963365151562,11.4660617682016,1.06751592971996,12.0418514790225,8.97795733829183,-6.06377891652196,0.605199943466333,11.8892239870465,0.448979638714618,12.194082903978,0.583912391560219,-16.0337213024422,-1.69658882069055,11.3012978232032,0.307468775603863,11.753420729829,3.30043447575989,-30.6476790452052,-0.89959480419942,9.64840115795308,0.344194296195054,5.78592081870969,-4.0568257576528,-51.8987797837506,8.60267835103322,8.20320907192856,-0.875389212864087,17.1903224727477,9.26268320817886,-45.0604612299407,-3.64140423215786,11.4960714220109,-0.0945320110017887,-2.2865934477123,19.3927639991466,-39.1448468567245,0.833577313038273,11.0666160457932,0.9482848526619,-38.3885709660273,-15.9401195158109,21.935942918019
82.195,0.0130604028964694,11.5623700065681,1.05490392186852,11.5859064642504,9.13454498271661,-6.27176616664173,0.632762984637391,12.0074140390678,0.318443642340798,12.4027253591968,0.880616404462182,-14.7439203897748,-1.62094236712943,11.3954794500343,0.193648251795682,11.885389045154,3.652378064917,-31.1097991833811,-0.841385395803526,9.56470058957732,0.304279723199498,5.74469270317648,-4.04896057010927,-56.5453540835438,8.48486555957963,8.22966860782934,-0.849039905986139,17.4285696407428,10.0451165673728,-44.8817371785766,-3.70724649635013,11.3691178220077,-0.0634334571707409,-2.91561207846592,19.9038500273377,-38.1718358064999,0.862406286456668,10.8159683467438,0.906464844853008,-38.9079454690175,-15.1926749797735,20.29205669159
82.2,-0.00525191679207004,11.6536778286056,1.04336577075022,11.1592736287547,9.34119433513154,-6.5430199841209,0.664706750324549,12.1245919125684,0.179467054728563,12.645344568851,1.30277659095225,-13.3572121497435,-1.5362928597717,11.488951601874,0.0692531054275397,12.0204507271308,4.13643841435388,-31.5300856929367,-0.777610082016939,9.48549348601736,0.259545244510651,5.45362247433299,-4.12322686536083,-61.5293364018987,8.34539132133364,8.24391767591738,-0.815208778555414,17.6155671201201,10.7824174492192,-44.8464430253204,-3.7927815514831,11.2100231677298,-0.0367962276699924,-3.5194211131135,20.3516189773501,-37.1075017322712,0.849351458642461,10.571985279481,0.858681315046356,-39.1954522904093,-14.3033205954533,18.4785366834127
82.205,-0.0247341223049615,11.7393060444246,1.03294828857314,10.7671729233257,9.59851134951647,-6.87678362642916,0.701626035245722,12.2406687065543,0.0347557909735951,12.9262584304823,1.85549828090132,-11.8690318731563,-1.44290610768379,11.5812834858005,-0.0637539385400521,12.1608075726926,4.75871126041542,-31.9044712057391,-0.710331193625695,9.41387314825636,0.210550357664692,4.89077201606559,-4.2876320905491,-66.8308957519282,8.1859844999896,8.24766740509621,-0.774895343067171,17.7491307291635,11.4632963023114,-44.9719030584753,-3.89569345988398,11.0224656389492,-0.0155164385141522,-4.08792365612702,20.7300519998307,-35.9648384538595,0.798888687814739,10.3388554926024,0.805951560022765,-39.2495730606597,-13.2906045212035,16.5516960919932
82.21,-0.0461994604293043,11.8186318243847,1.02364415191617,10.4133495243199,9.90624930029874,-7.2707669069572,0.744110500345005,12.3556245180509,-0.11275582876297,13.2491520975062,2.54042845367496,-10.2740427147562,-1.34127719263331,11.6720989698163,-0.203104206586266,12.3086604687887,5.52180831325922,-32.2305622186685,-0.641986066607686,9.35315319942388,0.158002688664562,4.039579761996,-4.54759610690698,-72.4241257783858,8.00869086031964,8.24285086617019,-0.729282313855607,17.8285030974669,12.0778755684523,-45.2731905374997,-4.01352917083879,10.810599215097,-0.000378247351515308,-4.61182218952928,21.0349819737351,-34.7545258083215,0.715923049010057,10.1201847775099,0.749367886715296,-39.0726654426521,-12.1754739367781,14.5701897459849
82.215,-0.0704559452214874,11.8910983316796,1.01538627836028,10.1000146788885,10.2633423869984,-7.72106863503128,0.79272645382292,12.4695023488108,-0.259970638144171,13.6169014384385,3.35552179169461,-8.56616517219735,-1.23214605527088,11.7610870866717,-0.3462578383279,12.4661083767019,6.42459713196101,-32.5078744492912,-0.575358325559357,9.30680376243035,0.102762188676695,2.88947648317643,-4.9055492633167,-78.2770546921936,7.81582733909474,8.23158058941323,-0.679703544980154,17.8543516190438,12.6179193550866,-45.7628498705413,-4.14375869274054,10.5789725764609,0.00797327581961626,-5.08284491595795,21.264162754456,-33.4849079804051,0.605673237513839,9.91896475588874,0.690078496134991,-38.6708381175489,-10.9807649586225,12.5932968267993
82.22,-0.0982810949187096,11.9562241947227,1.00804348171739,9.82783048002601,10.6679546327159,-8.22214390675202,0.847997219469122,12.5823994357007,-0.403701297396966,14.0314022895507,4.29490120533311,-6.7386392687067,-1.11650968636561,11.8480108749629,-0.490446426484598,12.6350410618438,7.46203374021132,-32.7380363412098,-0.513539289597223,9.27837113607199,0.0458458605973783,1.43640590665887,-5.36060511628515,-84.3517794216534,7.6099292754302,8.21610109667867,-0.627607001244858,17.82872047005,13.0770189714974,-46.4506645154682,-4.28383333312816,10.3324384487215,0.00905532048838491,-5.49394671054013,21.4172782310071,-32.1620390416065,0.473548909255299,9.73756263995433,0.6292686285189,-38.0537817638821,-9.73063133714601,10.6792377147198
82.225,-0.130397124586831,12.0136124932318,1.00141765520215,9.59593916203624,11.1175415165607,-8.76682080253979,0.910382615108408,12.6944561279806,-0.540748425934898,14.4934111089746,5.3488220490506,-4.78412036890137,-0.995630260945702,11.9327142129673,-0.632723200839064,12.8170282769223,8.62509771986127,-32.9249540403627,-0.459879918900378,9.27138150559589,-0.0115676122249735,-0.316759900037787,-5.90832735221177,-90.6047341571361,7.39369221608459,8.19873750405515,-0.574513664820005,17.7549379607404,13.4507284804085,-47.3434765927503,-4.43124018642232,10.0760554133944,0.00256556690543815,-5.83947772145976,21.495891235116,-30.7897916299056,0.325024147516421,9.57772936129713,0.568141867198196,-37.23455937691,-8.44993123133211,8.88357071501625
82.23,-0.167447284635031,12.0629589037175,0.99524272893684,9.40203615979873,11.6089215114381,-9.34636923315347,0.98025813892583,12.8058425558405,-0.667982304812142,15.0024029489748,6.5037464578411,-2.69480874148441,-0.871038518349257,12.0151263965913,-0.770020373751929,13.0132086848833,9.9008368657954,-33.0749316797448,-0.41793392966831,9.2892303430076,-0.0681346936334506,-2.3599200859049,-6.54060751496219,-96.9871005509225,7.16991008060898,8.18184141047831,-0.521973475071251,17.6374820194087,13.7366455679458,-48.4450629164366,-4.58355127386456,9.81498448729937,-0.01160532385973,-6.11531329549349,21.503334317274,-29.3700231125098,0.165510736700741,9.44062291169962,0.507901352981287,-36.2293563411753,-7.16359417807575,7.25771018313223
82.235,-0.20997396552028,12.104058637866,0.989185628588693,9.24248485491056,12.1383545629191,-9.95062269829717,1.05789452121123,12.9167434615334,-0.782426067812193,15.556452824148,7.74253106865777,-0.462612073094811,-0.744531694709601,12.0952643174973,-0.899213192815237,13.224182445519,11.2725254493103,-33.196741431696,-0.391392937313528,9.33506038368187,-0.122347345509108,-4.67556918032635,-7.24566582056585,-103.445363150624,6.94141157275608,8.16773541229709,-0.471519567473614,17.481808051176,13.9344344394947,-49.756070716464,-4.73846603104892,9.55438298966886,-0.0333675191592081,-6.31893989955266,21.4445463234423,-27.9027921883567,0.000235253664161883,9.32684358811925,0.449730607946139,-35.0571884459632,-5.89599196297594,5.84760225335155
82.24,-0.258399112025814,12.1368118124692,0.982849429112671,9.11246969029749,12.701624537766,-10.5681516612092,1.14343834105611,13.027341688619,-0.881338161027544,16.1521465271021,9.04472794516867,1.92066086015628,-0.618165365030931,12.1732321946705,-1.0171901285156,13.4499120318843,12.7199367962817,-33.3016385153802,-0.3840147423384,9.41163234525158,-0.172539541748932,-7.23875568972787,-8.00818183453923,-109.922009245829,6.71099675107453,8.15865767272503,-0.424622206343629,17.2941447170613,14.0457890786632,-51.2740147847859,-4.89384617720609,9.29929835594466,-0.0624323917344669,-6.44949305453282,21.3258604872984,-26.3866177414763,-0.165875890911653,9.23647795065249,0.394773705562489,-33.7395648573653,-4.67033727531346,4.69258829213745
82.245,-0.313007413442946,12.1612269147437,0.975778848155797,9.00618322741581,13.2941227743961,-11.1864852015398,1.23689442805806,13.1378009338531,-0.962291765747311,16.7845266912601,10.3869949020295,4.46307823735058,-0.494238655748432,12.2492188874155,-1.12092843491546,13.6896364131124,14.2197273339286,-33.4033171890078,-0.399546144149503,9.52119379443211,-0.216902901094097,-10.0171851392073,-8.80955541152215,-116.356367256322,6.48137562403601,8.15670802542305,-0.382643885336672,17.0812642893658,14.0743370169637,-52.9933361655712,-5.0477423660827,9.05456461675649,-0.0983194171689847,-6.50774495814545,21.1547513214516,-24.8187708739586,-0.328299445266231,9.16914862674799,0.344114646373786,-32.3001030737477,-3.50813269702183,3.82447965095811
82.25,-0.373932660025609,12.177422071973,0.967468151556372,8.91704179035097,13.9109300585651,-11.7923756911698,1.33811076459811,13.248248447579,-1.02324884605157,17.4470793858516,11.7436077341153,7.17233896783342,-0.375272450000766,12.3234928624054,-1.20757404398134,13.9418041444979,15.745925592136,-33.5178047161369,-0.441641942577305,9.66535265567996,-0.253514353625141,-12.9714775415318,-9.62829148613558,-122.685572194348,6.25511052252083,8.16379709447003,-0.34679709472265,16.8502351181013,14.0254856922677,-54.9055208666624,-5.19841239008621,8.82470423440025,-0.140369229176294,-6.49604138556896,20.9395488827076,-23.1955904408581,-0.483002699323562,9.12406754979921,0.298756000470578,-30.7640940873154,-2.42868977706505,3.26686054607865
82.255,-0.441147582508503,12.1856238960842,0.957371447646279,8.83792361085414,14.5468946045264,-12.3720995216795,1.44676657484815,13.3587584109845,-1.06262650306627,18.131765719611,13.0870631988862,10.055507363,-0.26398042320868,12.3963948955629,-1.27452438526964,14.2040310415244,17.2705159570519,-33.6632913695842,-0.513782042111351,9.84496266094685,-0.280378285445026,-16.055588724745,-10.4404955759737,-128.845640779167,6.03456383775632,8.18159986174893,-0.318106223964662,16.6081643592656,13.9062154447288,-56.9992754483117,-5.344331068597,8.61383787536455,-0.187762185566827,-6.41818952744257,20.6891299488834,-21.5128120846564,-0.62651223819684,9.1000907272169,0.259597147909625,-29.1580182606166,-1.44873390246932,3.03462913883103
82.26,-0.514457425566704,12.186163745395,0.944915232345046,8.76142286018635,15.19670392986,-12.9117854453227,1.56236423411906,13.469336716944,-1.07935339647999,18.8291018065765,14.3887580850911,13.1187349718235,-0.16323300538273,12.4683285579911,-1.31951226880976,14.4730878806798,18.7641033728263,-33.8598957204639,-0.619188788825568,10.0600284326883,-0.295484675243325,-19.2174035420966,-11.2204607581326,-134.772632738096,5.82185250609928,8.21151500678663,-0.297374975582298,16.361939448426,13.7248251164116,-59.2607548065653,-5.48419228133854,8.42560449805081,-0.239541566993045,-6.27930053751939,20.4125962412522,-19.7659007249057,-0.75596189458713,9.09577312904562,0.227412751466237,-27.509015632724,-0.582105768652511,3.13378026413101
82.265,-0.593497455593207,12.1794713180707,0.92951292715106,8.68011262909499,15.8549488576009,-13.3977609052644,1.68422556109889,13.5799078348733,-1.07291414797635,19.5282890098878,15.6197264633814,16.3669768372464,-0.0760146487751725,12.5397484629762,-1.34068846332115,14.7449228800058,20.1966418115927,-34.1293657574717,-0.760746816818246,10.3096377555387,-0.296883376339796,-22.399506419889,-11.9413219243957,-140.403869020858,5.61881037774741,8.25463119056611,-0.285160507556297,16.1179768442819,13.4906379843677,-61.6738360649746,-5.61690389478127,8.26309385390003,-0.294640367113167,-6.08559258479115,20.1189500409895,-17.9503766950484,-0.869118741954394,9.10942273238115,0.202832372510556,-25.8443181982639,0.160435090887114,3.56142686777092
82.27,-0.677734565749962,12.1660655625561,0.910581038585034,8.58680980579887,16.5161782469745,-13.8169058567193,1.81149296928847,13.6903043506233,-1.04337988277542,20.217394652875,16.7514144216474,19.8037102631559,-0.00537506167697765,12.6111461441602,-1.33670008905889,15.0147225061306,21.5382063605878,-34.4947178047341,-0.940927724172412,10.5919278249883,-0.282772982233912,-25.5401307731922,-12.5757497453765,-145.679172455296,5.42695933110851,8.31170126037931,-0.281755299461109,15.8819863218208,13.2136772690155,-64.2204312550141,-5.74157656016282,8.12879314509078,-0.351910545280332,-5.84416200259965,19.8167773863872,-16.0621262251947,-0.964387071949157,9.13915312652814,0.186322331055445,-24.1906557131731,0.771304619364687,4.30605118563087
82.275,-0.76647309951417,12.1465429672279,0.887556468639529,8.47483490940885,17.1749434291317,-14.1570030563821,1.94313584851598,13.800259641669,-0.991423390426199,20.8835814226629,17.7564694149214,23.4306648086573,0.0456246661611477,12.6830333086285,-1.30676147679395,15.277012413861,22.7597863997285,-34.9798167639391,-1.16172180831417,10.9040907892779,-0.251600775269008,-28.5742834991943,-13.096655314324,-150.54209221761,5.24748970119038,8.38312511909755,-0.287177462952324,15.658758579424,12.9043216361057,-66.8808304328635,-5.85750752574716,8.02454916234763,-0.410153602997678,-5.56273157730148,19.5139485273592,-14.0976877340347,-1.04079139904024,9.18293436197511,0.178170972769698,-22.5736502599341,1.24609132235639,5.34797116409514
82.28,-0.858864945282297,12.1215633874141,0.859914429607988,8.33826024008199,17.825831705575,-14.4070736620106,2.07796241663356,13.9094039801177,-0.918317781282496,21.5133815671396,18.6095199514741,27.2475725839416,0.0739698918776832,12.7559220845131,-1.25071378737172,15.5257980893781,23.8340757276247,-35.6089028876166,-1.42457883936743,11.2424217014417,-0.202168295612653,-31.4350341774745,-13.4778770948168,-154.941070890429,5.08125029841196,8.4689417308366,-0.301169912541832,15.4519831667916,12.5729518892796,-69.634066091212,-5.96416069813451,7.95154675715619,-0.468151415497927,-5.24938602227383,19.2173445031678,-12.0545063903793,-1.09794054287246,9.23864189829658,0.178478428907692,-21.0172176940651,1.58346540754963,6.66000269752031
82.285,-0.953923848055307,12.0918336882911,0.82718637511524,8.1721401421031,18.4634886764312,-14.5576872644916,2.21463711827637,14.0172641617398,-0.825917959513044,22.093009802058,19.2879207892436,31.251947939468,0.0767528714672205,12.8303017840809,-1.16906950271292,15.7547421459906,24.736234754886,-36.4060720604047,-1.73035942758594,11.6024091418627,-0.133735321115589,-34.054951054356,-13.6948245759482,-158.830512384274,4.92874801914981,8.56883043486739,-0.323208488876785,15.2641027792487,12.2296003954118,-72.4582892400967,-6.06114421078264,7.91030400204762,-0.524696390258655,-4.91230517137296,18.9326176628433,-9.93115059805253,-1.13597567819104,9.30410356641115,0.187151760339157,-19.5429958954874,1.78501265946404,8.20829401427481
82.29,-1.05054375157064,12.0580896169419,0.788977363256249,7.97271765473924,19.0826296437106,-14.6012361793412,2.35170344839093,14.1232665559583,-0.716624723282037,22.6087067255922,19.7724391893358,35.4389052665015,0.051234402286827,12.9066116532691,-1.06303795858391,15.9573723857693,25.4446000973823,-37.3947183760146,-2.07929796401355,11.9788654529084,-0.0461137953524579,-36.3676577810977,-13.7250577147162,-162.17171106912,4.79015679292633,8.68212143192649,-0.3525187927248,15.0962088451491,11.8836146842166,-75.3311474098399,-6.1481867255109,7.9006838794487,-0.578620208341057,-4.55950536330509,18.6639927379468,-7.72748540119429,-1.15550586115218,9.37714442273361,0.20390609170383,-18.1698203376624,1.8550079354369,9.95330500361777
82.295,-1.14752084485394,12.0210764440701,0.744982308400484,7.73760227996253,19.6780409149001,-14.5321649356982,2.48761184923234,14.2267432805045,-0.593331841747096,23.047102621496,20.047859102233,39.8010228516243,-0.00509479383455158,12.9852091037357,-0.934528448844744,16.1273119145955,25.9413181149241,-38.5969495986575,-2.47097742064415,12.3660900762942,0.0602572700663326,-38.3094767291039,-13.5487873290341,-164.933607324339,4.66533536477378,8.80781501451282,-0.388101158589922,14.9479820999605,11.5433461273128,-78.2301551022665,-6.22511361846651,7.92192183091211,-0.628820602133395,-4.19859887563277,18.4141137698438,-5.44479925269627,-1.157534910545,9.45562926518144,0.22827199804717,-16.9132668575571,1.8001440620243,11.8509014565467
82.3,-1.24357885420438,11.9815290103637,0.695000629864913,7.46591401478658,20.244572505103,-14.3471473725124,2.62075208180859,14.3269410407478,-0.459357039112955,23.3955899546869,20.1034824425256,44.3282595688521,-0.0944543251820242,13.0663330518922,-0.786128117689203,16.2585200343873,26.2128811452717,-40.0329878346634,-2.90431554809886,12.7580563218285,0.184264492617859,-39.8211170847114,-13.1492883993588,-167.093342193716,4.55385316354332,8.94460884993617,-0.428762887557314,14.8176805191236,11.2158736626404,-81.1330478703523,-6.29182409705152,7.97266800608847,-0.674285795652566,-3.83658014833377,18.1839408315441,-3.08588209525575,-1.14338363544548,9.53750243278039,0.259609043453953,-15.7852797148965,1.6292315217786,13.853532117325
82.305,-1.3373969986771,11.9401518563203,0.638948842495531,7.15838923386096,20.7771244328113,-14.0452055095802,2.74948922039351,14.4230320483838,-0.318358419096987,23.6426917409963,19.9335097661087,49.0079296767232,-0.218717245612671,13.1500622485614,-0.621052867998481,16.3455305949045,26.2505482900059,-41.7205693454103,-3.37756127957867,13.1486094520274,0.324107610616767,-40.8493593826857,-12.5132249470358,-168.636593320451,4.45502325579434,9.09093239723442,-0.473156594411763,14.7021755794679,10.9067712445583,-84.0181121886659,-6.34827016314879,8.05104258938193,-0.714116348764996,-3.47964600148828,17.9726990869021,-0.655054237553995,-1.11461126513782,9.62082435064461,0.297125029048525,-14.793900161993,1.35288283430677,15.9114551413365
82.31,-1.42763991283734,11.8976001032239,0.576870648385598,6.81744455727449,21.2706294170012,-13.6277663103428,2.87220217829242,14.5141263548224,-0.174238454765273,23.7784123946728,19.5372865572802,53.824739145315,-0.379357026225851,13.2362688890502,-0.443070805712472,16.3836732151986,26.0506364469479,-43.6743588166571,-3.88829952656022,13.5316625800089,0.477326683865106,-41.3486831657966,-11.6308910176534,-169.557684917651,4.36794114007324,9.24498734610557,-0.519823322669189,14.597036338015,10.6199261465189,-86.8644845084967,-6.39443818383639,8.15470216941406,-0.747544200191226,-3.13305522609753,17.7778813063324,1.8418529667268,-1.07293957916634,9.70380414070397,0.339900216437529,-13.9431069485069,0.983193255216718,17.9739800686481
82.315,-1.51298873625342,11.8544616963916,0.508944096904642,6.44719558624309,21.720035207093,-13.0986544950584,2.98732346300399,14.5992849085867,-0.031038216460562,23.7945576860901,18.9194057817717,58.7608848203621,-0.577398621551712,13.3245685944132,-0.256399245087713,16.3692624914752,25.6146716397916,-45.9053944531508,-4.43346167104758,13.9013770204923,0.640870917928155,-41.2827814829243,-10.4963766846063,-169.859475205657,4.29152791912018,9.40479280834359,-0.56723894950216,14.4966592744518,10.3574135117015,-89.6524142890723,-6.43033365982786,8.28091477436485,-0.773948704205984,-2.80103095343563,17.5953035238137,4.39756214692355,-1.02018269897876,9.78482752895531,0.386915574179707,-13.232775674003,0.533426699469523,19.9906917916463
82.32,-1.5921724772081,11.8112415385561,0.435485402661717,6.05342838233398,22.1202899451891,-12.4640216057511,3.09337870058119,14.6775326802882,0.107175013708766,23.6850111119992,18.0896621758901,63.7962154242493,-0.81248082476788,13.4147496581851,-0.065580286154258,16.2997411389926,24.9493953484788,-48.4205808705512,-5.00847940340687,14.2528528540182,0.811190766934155,-40.6259053138236,-9.10767050435429,-169.553034633317,4.22457622314714,9.56823387293856,-0.61386234213279,14.3944402798493,10.1194307266041,-92.3634872824121,-6.45596960116806,8.42664094845559,-0.792869426499945,-2.48670722512326,17.4192121041377,7.00345676379101,-0.958184841371434,9.86247927202973,0.437083960541111,-12.6587589691924,0.0177129901370384,21.9126242589987
82.325,-1.66399868715532,11.7683479518879,0.356949067876783,5.64352279356557,22.4663338559362,-11.7322134942805,3.18902438447099,14.747871295385,0.236423213515452,23.4459552929555,17.0628587345568,68.9084510193185,-1.0803581749209,13.5081451184652,0.124660472922111,16.1737650283142,24.0666252857722,-51.2222467946442,-5.60498472788206,14.5838935941437,0.984342438462824,-39.3639830038359,-7.4667103742244,-168.657136627885,4.16579716670368,9.73311206119431,-0.658183732053134,14.2829836517402,9.90429336212018,-94.9808068619574,-6.47135874116629,8.58861811006464,-0.804015434561563,-2.19211931297314,17.2424391335588,9.64972463027542,-0.888767611310787,9.93555941909838,0.489283104644714,-12.2130844872144,-0.549240065014371,23.6933538417609
82.33,-1.72738244914871,11.726081823076,0.273924066227091,5.22632812125974,22.7531002230406,-10.9135802475117,3.27308231106566,14.8092907702528,0.352932384265374,23.0760289353331,15.8584708618189,74.0734552789994,-1.37578949072431,13.6062227438344,0.309580904666663,15.9912212241202,22.982974724951,-54.3077839613477,-6.21373042959078,14.8936285797673,1.15623273002065,-37.4954645706305,-5.57939340050418,-167.197589174323,4.11386661706828,9.89719619711552,-0.698771831693959,14.1543415544143,9.70849265321107,-97.4891326770942,-6.47650965274129,8.76344542273328,-0.807270802434104,-1.91823566914742,17.0566018037986,12.3255318841292,-0.813687687009973,10.0030929227588,0.54238927652192,-11.8842629918982,-1.15241843475202,25.2899853881811
82.335,-1.78137270770457,11.6846287032559,0.187126012229503,4.81199306897425,22.9755281198902,-10.0202342372132,3.34456927187845,14.8607801497911,0.45324267370217,22.5764123656302,14.5001785097954,79.2655529163246,-1.69750598563582,13.7078139149855,0.484593435762036,15.7531742597662,21.719438939296,-57.6693822918427,-6.82934002997268,15.1793400387624,1.32290461454147,-35.0318483197139,-3.45555251231657,-165.206440007758,4.06746913083364,10.0582722477588,-0.734318313772692,14.0002762117317,9.52681282686152,-99.87497734156,-6.47142668012578,8.94766652792123,-0.802696059761788,-1.6650279891335,16.8523403870348,15.0192203613393,-0.734605074399236,10.0643323971765,0.595310627415358,-11.657694776806,-1.77675771520658,26.6640079698105
82.34,-1.82517506291963,11.6440540389159,0.0973854406524052,4.41175333455429,23.1285887793759,-9.06576344423014,3.4027207791566,14.9013370716863,0.534309935532796,21.9508375594634,13.0152812077441,84.4578830841543,-2.04470030190865,13.8108082930453,0.645436428018521,15.4617407144582,20.3008614697321,-61.2938743917432,-7.44689947962957,15.4382896565076,1.48067075864804,-31.9978573595381,-1.10890361493589,-162.721090502059,4.02533806361781,10.2141907871248,-0.763678396111274,13.8125361949531,9.35250507768804,-102.126663162498,-6.45609866992194,9.13787310772187,-0.790525403441846,-1.43157477977932,16.6195885448666,17.7185207717536,-0.653038290471564,10.118772139394,0.647018901942427,-11.5161594744539,-2.40738423586415,27.782002072362
82.345,-1.85817031284144,11.6043015941991,0.00563251646232621,4.03768156939409,23.2073268298872,-8.06490840473065,3.44700789741105,14.9299765036998,0.593594985818102,21.205521795162,11.4340149875102,89.6227786047484,-2.41406992525858,13.9137896199145,0.788338295137652,15.1198973411695,18.7552966813605,-65.1626997246913,-8.05921076530356,15.6695768187744,1.62625951774136,-28.43124585478,1.44303739560642,-159.783353369061,3.9862905636214,10.3629108847755,-0.78590642224527,13.5831376032672,9.17751364912368,-104.234342008207,-6.43033327659382,9.3310619041612,-0.771159955903529,-1.21619304912197,16.3478691003432,20.4107738371457,-0.570085003407609,10.1663376650447,0.696573968250177,-11.4403721161032,-3.02984279116971,28.6161853469542
82.35,-1.8799282309125,11.5651950034097,-0.0871213346443691,3.70240572322181,23.2069168807834,-7.03321201452166,3.47714661810456,14.9457390873813,0.629137190560731,20.3490273717726,9.78879363163457,94.7321605551561,-2.8013272694997,14.0153031597219,0.910153598975737,14.7312331019443,17.1132882748823,-69.2519955054703,-8.65829251017268,15.8732014700023,1.75700814282995,-24.3822285166662,4.1790728399638,-156.438487106217,3.94925641980783,10.5025393993657,-0.800285498263158,13.304640741545,8.99274830186231,-106.189982225937,-6.39380087849175,9.52459978962258,-0.745155927859319,-1.01659224976248,16.0266080304461,23.0831516284842,-0.48648632619735,10.2072916736771,0.743148697905717,-11.4095870518186,-3.63031189930351,29.144789802071
82.355,-1.89021627325918,11.526442295982,-0.179804246656212,3.41880295308575,23.122735141055,-5.98665198902226,3.49309961883224,14.9476996505729,0.639609573802728,19.3920530412763,8.11339921379478,99.7579380163507,-3.20170654054329,14.1136336769138,1.00847654710525,14.2996600638239,15.4070859806268,-73.5328175464353,-9.23590118460903,16.0496434806439,1.87100409906196,-19.9125411656578,7.07448549600957,-152.734236096259,3.91330004972033,10.6313648483443,-0.806350436717422,12.9704130959649,8.78839642539228,-107.987327036258,-6.34647722772443,9.71553659808379,-0.713208297962107,-0.830044364841221,15.6454592971712,25.7228717395963,-0.403307685319515,10.2416904974296,0.786063449873026,-11.4022309522095,-4.19580647771125,29.3522692430399
82.36,-1.88900308707526,11.4876431883633,-0.271306462736445,3.19967717679061,22.9504449869625,-4.94126603122148,3.49507065671646,14.9349765033764,0.624353336943931,18.3471657250907,6.44214843191781,104.67240361714,-3.61006182789186,14.206821362893,1.08172299837512,13.8291017779428,13.6698245203583,-77.9714901073742,-9.78366676552392,16.1996842114801,1.96717551427558,-15.0941545048746,10.1012561844787,-148.719899985106,3.87763527239687,10.7478852112892,-0.803903468821715,12.5748699888264,8.55426715760099,-109.621829092693,-6.28862785104532,9.90075810535116,-0.676130909260022,-0.653563969045382,15.194633204682,28.3173976593177,-0.321878911568027,10.2694527172183,0.824810400665032,-11.3965465010164,-4.71436649824511,29.2293415786919
82.365,-1.87645682125042,11.4482989304015,-0.360503863380701,3.05742888561215,22.6860947483279,-3.91277974224778,3.48349222470737,14.9067420951543,0.583390481374249,17.2284835446853,4.80906167302166,109.448616727092,-4.02097871058132,14.292688866951,1.12917490812574,13.3231801509217,11.934690040393,-82.5300794026345,-10.2932469252266,16.3242231539561,2.04533051146206,-10.0076768219332,13.2283488866041,-144.445450113926,3.84163288992535,10.8508291961284,-0.79302241827776,12.1136852157588,8.28015911432898,-111.090565979896,-6.22047289079953,10.0776338925819,-0.634832933011537,-0.484092183115128,14.6652212003702,30.8546197348699,-0.243249783200868,10.2907722888532,0.859061974703151,-11.3712294692566,-5.17522882270885,28.7728760073162
82.37,-1.85293834272121,11.4078244899657,-0.446281772433148,3.00372600677509,22.326225475175,-2.91624703645182,3.45900742454226,14.8622354842031,0.517414083488852,16.0513230496025,3.24706106640999,114.060767581167,-4.42889559557901,14.3688796146662,1.15098441142406,12.7849226624524,10.2340995664096,-87.1669809955128,-10.7564979186191,16.4241055530513,2.10614261061535,-4.74049349410152,16.4220746470952,-139.96070489485,3.80482145207958,10.9391706597945,-0.774061281325083,11.5839651562113,7.95624269948594,-112.392141379444,-6.14221057077276,10.2440006015566,-0.590293629290283,-0.318678644951145,14.0495103673056,33.3230123990353,-0.168226271895847,10.3060601430848,0.888678562910083,-11.3060435072718,-5.56897826926512,27.985639761779
82.375,-1.81898957975088,11.3655628148984,-0.527558452992552,3.04918456588745,21.8679859904552,-1.96571228069247,3.42244726593058,14.8007768713107,0.427756662443175,14.8318246572667,1.7872219964759,118.484517059068,-4.82823525261278,14.4329154974409,1.14813715196004,12.2165109517292,8.59891856192904,-91.8376070689152,-11.1656644665892,16.4999832629693,2.15108450326733,0.615298763622601,19.646542815642,-135.314570475617,3.76688186445294,11.0121360446044,-0.747643414115569,10.9843812196,7.57344748081404,-113.526576443265,-6.05412190609457,10.3980098620038,-0.543536031315955,-0.154655930828903,13.3412812316218,35.7117647677471,-0.0975309664189138,10.3158011939321,0.913713252098928,-11.1823989774376,-5.88767317304727,26.875922801465
82.38,-1.77531737489402,11.3208008182598,-0.603307837940299,3.20306781562262,21.3092520123717,-1.07390253867754,3.37480477268129,14.7217841965661,0.316337987617285,13.5865706521618,0.45809973419747,122.697308166544,-5.21371832132454,14.4825685484024,1.12237768016054,11.6190892980199,7.05774034311838,-96.4951557283225,-11.5138006185717,16.5524836572517,2.18236153807733,5.96509753282708,22.8642039342459,-130.554348184242,3.72763670926231,11.0692048839524,-0.714647769738256,10.3152569881579,7.12384479519582,-114.495195518393,-5.95658143613308,10.5381296483433,-0.495600242577256,0.0101987432065893,12.536082911425,38.0108831918006,-0.0318163134998871,10.3205283030537,0.934408287480101,-10.9838841890807,-6.12494034060488,25.4570614744726
82.385,-1.72277341820213,11.272786634467,-0.672581139864286,3.47301240178087,20.6487455210539,-0.251957179580248,3.31720734001358,14.6247915229654,0.185594562791691,12.3322096127563,-0.714850845679454,126.678646431957,-5.58061465672426,14.5160626216028,1.07609993364975,10.9926475231803,5.63624889173252,-101.091441290891,-11.7951112783932,16.5822555414162,2.20277803656358,11.2140703370667,26.0364831342361,-125.725106533848,3.6870352961475,11.1101036479924,-0.676188826277317,9.57860801903818,6.6010156014692,-115.300509737087,-5.85006257021235,10.6631405175789,-0.447517940860613,0.177519267678244,11.6314800740871,40.2112657704101,0.0283272348741841,10.3207997813837,0.951184054526186,-10.6967392535041,-6.27603440461427,23.746883737373
82.39,-1.66233099710417,11.2207476472159,-0.734527014695665,3.8647898494686,19.8861499961803,0.490799210355222,3.25088872365791,14.5094686586499,0.0383938380090041,11.0850999059576,-1.70974884213921,130.410347450293,-5.92433123113751,14.5311925900449,1.01220914477492,10.3359876605983,4.35668355194163,-105.577762136288,-12.0044731904486,16.5891030833619,2.21540053728518,16.2694289307262,29.1244967128482,-120.869113501186,3.64513556908824,11.1347934275445,-0.633590973703266,8.77813395111068,6.00039362607451,-115.946101197992,-5.73513850254319,10.7721249139026,-0.40028945952917,0.348228124148542,10.6272666545192,42.3047501436125,0.0823661186468034,10.3171788010786,0.96462010659952,-10.3102643892029,-6.33785726085055,21.7670990601555
82.395,-1.59505940337592,11.1639088136038,-0.788409930542869,4.38211091888993,19.0222168846649,1.14703607314856,3.17716184985571,14.375641228946,-0.122063146803845,9.86098304825843,-2.50864529643443,133.876750676328,-6.24023936859059,14.525069276215,0.933965821453614,9.64677779621647,3.23742030099754,-109.905781282549,-12.1372708625083,16.5717472738642,2.22329822920668,21.0426322335299,32.0898381314214,-116.02532466965,3.60208405683752,11.143452168426,-0.588358176091674,7.91916426805181,5.3195740448519,-116.43650966583,-5.61247824821576,10.8644507455409,-0.354864738875084,0.522439488363905,9.52564179664081,44.2841370347553,0.129821881907469,10.3102150631019,0.975427993804671,-9.81715596875079,-6.30893461293158,19.5426557129787
82.4,-1.52209687532278,11.1015108718602,-0.833626366852821,5.02647912250695,18.0588587727385,1.71154512943063,3.09739334573903,14.2233102227837,-0.292346551939133,8.67469545572016,-3.09776143487819,137.06489922684,-6.52426652757722,14.4951441827245,0.844819848197653,8.92169028627746,2.29267989206638,-114.02839447822,-12.1901748075803,16.5287580295924,2.22948024283034,25.4514518897096,34.8954135365005,-111.228924505161,3.55809503955641,11.1364523495101,-0.542139721089656,7.00856069113934,4.5585783256027,-116.777123032111,-5.4828376895045,10.9397504832478,-0.312129193846868,0.699391419576772,8.33134396468998,46.1431929616649,0.17027264458817,10.3004289765713,0.984416094558365,-9.21376500634908,-6.18934863056527,17.101086799748
82.405,-1.44462294801707,11.0328280852545,-0.869718466637799,5.79709805707673,16.999225162645,2.1813158309469,3.0129803476896,14.0526699191345,-0.468905634389045,7.53992456462534,-3.46760766816651,139.964685818059,-6.77310872329792,14.4394894386623,0.748245816045248,8.15661559609349,1.53236832760788,-117.900561279054,-12.1614219318617,16.4588464186276,2.2367291223686,29.4218407019408,37.5063015239963,-106.51092092263,3.5134300029349,11.1143351414319,-0.496692834689874,6.05458059320717,3.72006645279009,-116.974072244405,-5.3470458870419,10.997897006276,-0.272895141302625,0.877410116392734,7.05173959284408,47.8766362118831,0.203357481675456,10.2882985035286,0.99244722851508,-8.50027414035984,-5.98062812548969,14.4718642894812
82.41,-1.36383105607119,10.9571852368651,-0.896384776280773,6.69083535478004,15.8477573891229,2.55555750809262,2.92532978765286,13.8641230568599,-0.648175454986042,6.46901266546765,-3.61298803098588,142.568965020106,-6.98410105941057,14.3565591258233,0.647589341130102,7.34693775864634,0.962049996813511,-121.480076262101,-12.05065611128,16.3607302174735,2.2473771416011,32.889552438168,39.8906076741198,-101.897796617707,3.46837828432415,11.0777821970213,-0.453842887153105,5.06670695522952,2.80948860214028,-117.034131014484,-5.20598727272387,11.0389773611667,-0.237898924681646,1.05390859082981,5.69686300530614,49.4801105395977,0.228783120029565,10.2742487149163,1.00039047343141,-7.68079045315928,-5.68560016589761,11.6857775452951
82.415,-1.28090218601837,10.873973659851,-0.913487717960549,7.70224404315722,14.6102200438691,2.83566890695862,2.83584001823935,13.65829215463,-0.826678354253467,5.47280922939317,-3.53289836800205,144.873631827082,-7.15547188882156,14.2450383674219,0.545930861460408,6.48785333315184,0.583048624530361,-124.728260139709,-11.859134418816,16.2330412342943,2.26315562964924,35.8014713853061,42.0202817655669,-97.4112236865567,3.42323961353145,11.0275863122174,-0.415441841431952,4.05545118425275,1.83516944306926,-116.964620354131,-5.06058067115691,11.0632655302711,-0.207803315011426,1.22542130407586,4.27940467748382,50.9501510884649,0.246332206013055,10.2586440058282,1.00906927956324,-6.76335277378626,-5.30820944676018,8.77434961454206
82.42,-1.19698030821181,10.7826661560881,-0.921057467251749,8.82363996172975,13.2937073031565,3.02515687827066,2.74588435789137,13.4360260183807,-1.00111663287812,4.5605701986372,-3.23032946300221,146.877666215967,-7.29117673715481,14.0996868492059,0.445971904617101,5.57471306025,0.392666220053479,-127.61055393274,-11.593831976119,16.0695907305719,2.28502084484529,38.1166210533991,43.8718647854462,-93.0678503459555,3.3783090274095,10.9646222405796,-0.383325505007779,3.03213554506142,0.808319606468822,-116.773317856814,-4.91175635598958,11.0711952297169,-0.183204195744794,1.38767530565871,2.81464525183373,52.2841468014904,0.255872328353943,10.2417828466809,1.01920861800308,-5.75985355504042,-4.85331385126865,5.76930101820722
82.425,-1.11315023278738,10.6828306955183,-0.919291981381401,10.0452318169837,11.9066236437667,3.12950693038057,2.65679596016736,13.1984006820281,-1.16845353533733,3.73990080701495,-2.71198837569473,148.583142953974,-7.40004269385338,13.9110286062633,0.349958643238977,4.60336432684902,0.384505779047028,-130.097003338695,-11.2665614850466,15.8593614683607,2.3130501575337,39.8068329824478,45.4271339147172,-88.8791697927088,3.33386439973963,10.8898189195007,-0.359270071752136,2.008662009977,-0.257029566678019,-116.46837159216,-4.76043249612198,11.063333651339,-0.164640021467912,1.53569722319897,1.32033309685239,53.4803030729474,0.25736499483912,10.2238949147633,1.03138440276068,-4.68587701599601,-4.32646631035462,2.70206725218698
82.43,-1.03041843326085,10.5741427874234,-0.908553049675565,11.355298775724,10.4586393624436,3.1560092577674,2.56985336384258,12.9467142869117,-1.32598040096662,3.01673706804627,-1.98795249213033,149.995205439412,-7.48132709922453,13.6775639436326,0.259642649264086,3.57047307658239,0.548879822571135,-132.162624732056,-10.881473134718,15.6008499513743,2.34662444955082,40.8570679946164,46.6736164145871,-84.8514812356641,3.2901565989804,10.8041342581135,-0.344948417869783,0.997274021175216,-1.34417011801617,-116.058218423052,-4.60749236411485,11.0403569212569,-0.152602171318256,1.66395408581851,-0.183496346609798,54.5376076555835,0.250873840998638,10.2051404621696,1.04597865261912,-3.56045683250194,-3.73369408238263,-0.396626969875274
82.435,-0.949697266124693,10.4563963862089,-0.889358398368414,12.7404094004549,8.96062192899105,3.11354476867975,2.48626616044625,12.6824756853018,-1.47136863417621,2.39536012682246,-1.0712712840438,151.122001884084,-7.52514423230109,13.4074867141228,0.176270190314233,2.47380580147948,0.873284124439357,-133.787648606801,-10.4354506260076,15.3036140303925,2.38459034579365,41.2653929329199,47.6049475268292,-80.985951841919,3.24740209959997,10.7085334526335,-0.341886662221355,0.0103170590514795,-2.43394061727164,-115.551506432865,-4.45376357557896,11.0030278800756,-0.147544168500932,1.76652449103728,-1.67476057593448,55.4558019060622,0.236571464868255,10.1856118225549,1.06314373292029,-2.40575802296267,-3.08128675153887,-3.49713626229162
82.44,-0.871792886737949,10.3295131591984,-0.862370044711603,14.1856752196598,7.42454449629418,3.01233657977249,2.40716039600783,12.4073868310615,-1.60270589302631,1.87843719426878,0.0224693748416926,151.974581771441,-7.52648199017071,13.1072629637376,0.100601649090126,1.31245549412289,1.34291430061404,-134.95764049423,-9.93007105021277,14.9748986623712,2.42520498436042,41.0426256154929,48.2210529124003,-77.2787858345069,3.2057777501386,10.6039715532445,-0.351421604448982,-0.93999687694594,-3.50502655352101,-114.957020962538,-4.30000043517397,10.9521766095206,-0.14988782423664,1.83729513604848,-3.12962969180024,56.2353584041667,0.214744400919134,10.1653370207969,1.08277855408249,-1.24668866795063,-2.37560350786868,-6.57120722575104
82.445,-0.797397024992263,10.1935499164912,-0.828379243346804,15.6750321880367,5.86337294077169,2.86367340334511,2.33356356885499,12.1233192825103,-1.71851656836096,1.4670827305681,1.27560613699274,152.56675036805,-7.48557739506006,12.7803919739638,0.0329488414494166,0.0869996232570822,1.94120238137342,-135.663503280365,-9.37170777117727,14.6184437906811,2.46618590799021,40.211669247583,48.5281425657656,-73.7215034673537,3.16541734308887,10.4913807277215,-0.374659793976147,-1.8418166358444,-4.53433408596462,-114.283613540775,-4.14687021947657,10.8886839426878,-0.16002467105854,1.87017633673573,-4.52288487924757,56.8774648963438,0.185795831627033,10.1442855052233,1.104518859424,-0.11044767751914,-1.6229086728854,-9.59223755928238
82.45,-0.727082644446307,10.0487039916099,-0.788288495789264,17.1915435896923,4.29093270756974,2.67961217847347,2.2663893551695,11.8322853773217,-1.81776720781393,1.16093386762873,2.66886716608246,152.914879216896,-7.40352701878028,12.4308720442507,-0.026769482065118,-1.20041702753142,2.65035106867922,-135.90136826457,-8.76755358556301,14.2385680562247,2.50487846410046,38.8065648050599,48.5385103004495,-70.3013283763671,3.12640962676365,10.3716623732115,-0.412439142694596,-2.68386774369764,-5.49743117691537,-113.540132792901,-3.9949439646488,10.8134680069778,-0.178311541061137,1.8593289594438,-5.82833341925871,57.3840134654986,0.150245663550306,10.122376048453,1.12774278601413,0.973984982515087,-0.829242109489946,-12.5354843043394
82.455,-0.661303368018742,9.8953163790211,-0.743091192492365,18.7177183952012,2.72175659756936,2.47266811030606,2.20642244808522,11.5364048392533,-1.89985802370148,0.958234700040454,4.1818392352922,153.037671065678,-7.28210929943556,12.0632280998027,-0.0789543236843444,-2.54607681455599,3.4518450497691,-135.672385147744,-8.1253051135642,13.8402072158471,2.53841601961115,36.8712959652182,48.2701405436746,-67.0016771678051,3.08879743571066,10.2456839425354,-0.465294149280853,-3.45565406127452,-6.36904807818194,-112.735356288408,-3.84469207752774,10.7274736733431,-0.205059767424785,1.79939429123944,-7.01927619929303,57.7575928873003,0.108727569063746,10.0994868392683,1.15159183361503,1.97640924087455,-0.000328318853983639,-15.3782237673233
82.46,-0.600396412931152,9.7338724890232,-0.693849514419791,20.235839495155,1.17091459175807,2.25550086753259,2.15430410234364,11.2378677449588,-1.96460201653241,0.855924976691188,5.79342237371128,152.955878622258,-7.12377217055342,11.6823592586935,-0.124244389018334,-3.94475826462919,4.32692139996841,-134.982423362212,-7.45300141893224,13.4287362450765,2.56388971598884,34.4583860944422,47.7461320393145,-63.802740394308,3.05257767965779,10.1142800941124,-0.533425922735104,-4.14764324088367,-7.12362718369442,-111.877922297033,-3.69648486790267,10.6316646373063,-0.240518169547575,1.68571785559748,-8.06902169570476,58.0014813692824,0.0619825400994842,10.075467717255,1.17500635102613,2.86601072836821,0.858475018390984,-18.0998653299609
82.465,-0.544588645933645,9.56500046704136,-0.641671233627201,21.7282964587757,-0.346173038971671,2.04060593260982,2.11051911745006,10.9388949228412,-2.01219355208937,0.849729845114874,7.48226293528085,152.691977875387,-6.93160181689346,11.2933704708945,-0.163431474800775,-5.38987254161249,5.25698462242258,-133.841698728202,-6.75886401624838,13.0097677273409,2.57851960618187,31.627330620258,46.993955789737,-60.6821397175575,3.01770200417972,9.97825755916653,-0.616678251435208,-4.75143437266898,-7.73591045092569,-110.976260611286,-3.5506882940749,10.5269417411649,-0.284850818715838,1.51455809418902,-8.95143824111615,58.11963634575,0.0107395241241514,10.0501094740263,1.1967816040676,3.61200486842951,1.74219119680233,-20.6820210273019
82.47,-0.494005256923807,9.38946713080048,-0.587686037942365,23.1779174716384,-1.81393772881535,1.84001991583511,2.07538506245025,10.6416969693193,-2.04316844464578,0.934248579848027,9.22715740530149,152.269798414345,-6.70927174477839,10.9013967134954,-0.197379003319478,-6.87365650770656,6.22395603634222,-132.264340335377,-6.05114254451623,12.588938878737,2.57981721264561,28.442910743456,46.0445717212966,-57.6156425122962,2.98407800961692,9.83840296216626,-0.714520944791062,-5.25990644884828,-8.18155098799105,-110.038521956569,-3.40882039437519,10.4132142516313,-0.338112874388042,1.28327120142405,-9.64153417917227,58.1166777644615,-0.045663894392251,10.0226139363611,1.21572650730068,4.1843118608249,2.64620588713359,-23.1085325982746
82.475,-0.448680460830106,9.20817168914931,-0.533021988111621,24.5682948805566,-3.21687757327676,1.66504797149236,2.04904454472096,10.3484331349074,-2.05835772036714,1.10304158176705,11.0074206566483,151.714115140328,-6.46097248837327,10.5114285523021,-0.226948725132934,-8.38740876739223,7.21055177651971,-130.267912831129,-5.33796949854683,12.1716996205636,2.5657300803556,24.97343585166,44.9314347216583,-54.5779126771929,2.95157098997105,9.69549274488462,-0.826041566820541,-5.66734635233058,-8.43773407038359,-109.072506004356,-3.2730422327377,10.2899641626344,-0.400221369913653,0.990464210539844,-10.1160533877367,57.9978613774079,-0.108615959016516,9.9919483971907,1.23068575254113,4.55425362859962,3.56622200333346,-25.3654578732771
82.48,-0.40856957945489,9.0221374961097,-0.478782711635485,25.884098297125,-4.53978244556846,1.52602028217353,2.03146126025525,10.0611713428494,-2.05883727268434,1.34871626173573,12.8032137034898,151.050207879357,-6.19132341970269,10.1281476266349,-0.252939639616328,-9.921753386098,8.20048830723614,-127.87290901467,-4.62722647661004,11.7631134303975,2.53476003362515,21.2889622565085,43.6894255899477,-51.5432749537818,2.92000623303896,9.55030432515192,-0.949946481608335,-5.96955504273106,-8.48379187770372,-108.085588565284,-3.14297058000297,10.1588524416115,-0.470924295371143,0.636109655213389,-10.3540717890761,57.7690389456512,-0.176443138678274,9.95842334748973,1.24033145967885,4.69526153302594,4.49819505851611,-27.4410190541042
82.485,-0.373561837530822,8.83250213146295,-0.426025937401885,27.1113685630891,-5.7679657658702,1.43208300660682,2.0224204486015,9.78185056275109,-2.04587557216926,1.66301359662192,14.595827272909,150.303397533521,-5.9052404993826,9.75582817632648,-0.276042149771758,-11.466915420977,9.17861876438898,-125.102226861808,-3.92639880439924,11.3677318817743,2.48604923488009,17.4595350867752,42.3537458537722,-48.4864694760782,2.88917200074406,9.40362764030265,-1.08457185069141,-6.16393054076823,-8.30179571727677,-107.084649090587,-3.01643666639187,10.0228361074523,-0.549773264109483,0.221616700017911,-10.3375790432603,57.4366029643964,-0.245440793528914,9.92317559747916,1.24329397798269,4.58358092494963,5.43825601225688,-29.3255166996992
82.49,-0.343493239222213,8.64050606726162,-0.375743960737147,28.2377852979035,-6.88749877664344,1.39102733629447,2.02153423032888,9.51224667969104,-2.02088144843643,2.03689803600689,16.3679187181738,149.498569352617,-5.60678786601023,9.40006649505811,-0.29681542875643,-13.0129929596562,10.1310072936999,-121.980643905803,-3.24157408378099,10.9913729028747,2.41945210900193,13.553498348709,40.958817115509,-45.3833735026406,2.85882337231017,9.2562762548085,-1.22790489541541,-6.24952627538239,-7.87710949199545,-106.076000066198,-2.89245431323134,9.88371928598787,-0.63609894927812,-0.25014455758463,-10.0520287876394,57.0074144520641,-0.313424118822017,9.88669713413934,1.23848380947995,4.19895589149812,6.38262797211274,-31.0112148343677
82.495,-0.318158967455602,8.44748008942856,-0.32884658254964,29.2529005153359,-7.88544271445651,1.40915862845619,2.02825213530888,9.2539428729315,-1.98535371559764,2.46065392019958,18.1037009173036,148.659695479455,-5.29915556667113,9.06804492732013,-0.315679251152158,-14.5502119097707,11.0449515518902,-118.534300351849,-2.5774095000442,10.641334022921,2.33553876167846,9.63591530037141,39.5372253999227,-42.2116683081752,2.82868717220517,9.10909724371204,-1.3776154014688,-6.22708340535744,-7.19888869060232,-105.06532017459,-2.77096167217812,9.74252131412663,-0.728996721204446,-0.774866982766128,-9.48684062002465,56.4887134447456,-0.379370048841693,9.84907655668209,1.22513256961124,3.52527543251973,7.32754214409269,-32.4922041922408
82.5,-0.29732485530422,8.25483152865074,-0.286146975798393,30.1483310929177,-8.75007402914971,1.49120616156011,2.04187693069166,9.00830534282613,-1.94083407524682,2.9239915623174,19.7890828257888,147.809369967027,-4.9880917054212,8.76223545016436,-0.332909393033987,-16.0691521108699,11.908965465686,-114.790200514204,-1.9401506260627,10.3198609407184,2.23547437033316,5.76713742088199,38.1187488302996,-38.9514310201662,2.79846821178167,8.96297910890925,-1.53109711833309,-6.0990358747234,-6.26051020159327,-104.05759319408,-2.65195877020227,9.60023741595275,-0.82732226034151,-1.34687793518878,-8.63583753156849,55.8880130077975,-0.442389901660059,9.81047804405451,1.20277107353917,2.55116116962359,8.26915739695968,-33.764251899746
82.505,-0.280737600200245,8.06402925238401,-0.248350805360127,30.9179037410689,-9.47109776488669,1.6402729771423,2.06158562103026,8.77646499974553,-1.88886433803708,3.41616562728108,21.4117622832349,146.968369886422,-4.68170039359182,8.47927823776352,-0.348651674575433,-17.560936193374,12.7127351008025,-110.77574027207,-1.33756674103552,10.0231139529231,2.12095504031861,2.00155550094752,36.7295029815536,-35.5856337325316,2.76785703941316,8.81885705966645,-1.68551840068913,-5.86948720852087,-5.05991971839653,-103.057054514971,-2.53550383975841,9.45785784787755,-0.929695307142889,-1.95925604891591,-7.49760363183723,55.2129787401309,-0.501738623940086,9.77115757807342,1.17126803248719,1.27047673121056,9.20348690075425,-34.8246466852597
82.51,-0.26813351546839,7.87658730757779,-0.216048778925528,31.5577474815388,-10.0398443383577,1.85782452052895,2.08645521813369,8.55930546340409,-1.83094860187445,3.9261074530714,22.9612725191777,146.155255885437,-4.38626836893501,8.21687801658858,-0.362938892461184,-19.0173757095638,13.4470601055192,-106.518266386243,-0.775346707163151,9.74833735583441,1.99422778095859,-1.61343911135128,35.3912327170088,-32.1005354295473,2.73653930992653,8.67771510321366,-1.83788115301142,-5.54415839819655,-3.59988534426504,-102.067146912801,-2.42172497007187,9.31636994163594,-1.03451381178002,-2.60398923333236,-6.07574870186511,54.4712968337835,-0.556843875182287,9.73146309225704,1.13085671023569,-0.317259841960738,10.126334624504,-35.6720489011125
82.515,-0.259245731322837,7.69404709778978,-0.189712654596907,32.0663303855148,-10.4494451876908,2.14371430429426,2.11549257462116,8.35745743113679,-1.76852065649262,4.44257160807858,24.4289845783139,145.386024603379,-4.10604571772038,7.97474130452987,-0.37571792944387,-20.431072146435,14.1037918019197,-102.04467183355,-0.25692229291821,9.49477715236974,1.85798525326063,-5.03826115283017,34.1207725881704,-28.4859559840574,2.70420674745644,8.54058455012275,-1.98508686668278,-5.13030665972645,-1.8881481523032,-101.090486877346,-2.31082574609212,9.17675948124209,-1.13997867142355,-3.27216847866391,-4.37906827920998,53.6705347010853,-0.607328545793205,9.69182835010604,1.0821465576317,-2.20657711049956,11.0332440629667,-36.3063542372026
82.52,-0.253809859902249,7.51795803478946,-0.169694590458233,32.4444392846194,-10.694983103521,2.49624448501654,2.14766726305783,8.17129917619635,-1.70291658669381,4.9542954129204,25.8080686109779,144.673823726018,-3.84467274471027,7.75216446925257,-0.386893692650911,-21.7954732809706,14.6757768365239,-97.3810299045543,0.215215014009222,9.26119790987513,1.71518964055735,-8.24169055229422,32.9296904021665,-24.735425583447,2.67056949253243,8.40853874073557,-2.12400828350676,-4.63661536446796,0.0625371602854577,-100.128842398107,-2.20308412867388,9.04001104845557,-1.24412865325406,-3.95421094681585,-2.42159052933968,52.8179989438617,-0.65302460842242,9.65276030511477,1.02611926604929,-4.38587812988399,11.9194613775294,-36.7285790660789
82.525,-0.25156821835568,7.34985672094188,-0.156229600031301,32.6951031680672,-10.7736134975734,2.91225893570215,2.18194619063598,8.00096265223575,-1.63535234044114,5.45016855918952,27.0934176761829,144.028738253637,-3.6052132553483,7.5479328588434,-0.396364921251657,-23.1048877982424,15.1568126706825,-92.5522687467686,0.639429371112234,9.04580848895821,1.56893006275002,-11.2011754798294,31.8241207944034,-20.8462071704766,2.63536940897849,8.28268403496179,-2.25156498801385,-4.07305602181247,2.23447584173292,-99.1831226967047,-2.09884430899628,8.90710700245494,-1.34488458524739,-4.64010502367469,-0.222503979825776,51.9205959779178,-0.693976645074602,9.61482005785755,0.964109412191244,-6.83740528550002,12.7799150937204,-36.9407740332186
82.53,-0.252272757664854,7.19124487975089,-0.149440777824141,32.823462820084,-10.6846534335148,3.38726598141187,2.21732839759772,7.84634443498361,-1.56690592687577,5.91940852597893,28.281538409552,143.457653886542,-3.39009549022212,7.36041008198345,-0.404055217781806,-24.3544630775528,15.5416184165591,-87.5818873558926,1.01494209393027,8.84638699231371,1.42228465279969,-13.9028780388605,30.8047880043132,-16.8191936527499,2.59839370156641,8.16414735799744,-2.36480102926371,-3.45072379796567,4.60522257726445,-98.2533800109808,-1.9985203333418,8.77905722762069,-1.44010147281108,-5.31966948810191,2.19403683440816,50.9847009240551,-0.730444748580095,9.57863300594353,0.897777457211914,-9.53734871797144,13.6092144442841,-36.9459709557391
82.535,-0.255686875387507,7.04356643212164,-0.149346874888072,32.8365907841103,-10.429635948758,3.91558735401391,2.25287832896377,7.70712055961476,-1.49850391176053,6.35173640215964,29.3704136381888,142.964200474884,-3.20107751455807,7.18764016118046,-0.409937263050235,-25.5401325470616,15.825821911658,-82.4917137057789,1.34181393036807,8.66041933986457,1.27819231508441,-16.3414688151775,29.8672098848801,-12.6586856141331,2.55948799353754,8.0540608253523,-2.46096250959235,-2.78164864715052,7.14788597331545,-97.3388232013316,-1.90262524079287,8.6569896879553,-1.52762681663462,-5.98281867874182,4.79922775366894,50.0160404268182,-0.762914532775016,9.54496030541238,0.82908254478416,-12.4561019167908,14.4016681901431,-36.7481663838889
82.54,-0.261586302830032,6.90818428210847,-0.155871734475684,32.7432669224901,-10.0123280146278,4.49052911261325,2.28775582513039,7.58276423903763,-1.43091196826909,6.73754708914441,30.3593427750605,142.548775413241,-3.03926152953394,7.0274634585188,-0.414048322552318,-26.6585400449268,16.0059617056729,-77.3017056928237,1.620883552367,8.48525049478382,1.13934116943986,-18.5196841907314,29.0020687529188,-8.37205904670871,2.51856787294416,7.95354414321559,-2.53757295153166,-2.07858468848685,9.83154449580613,-96.4378426826537,-1.8116428854432,8.5419754101515,-1.60536304016803,-6.61982546432079,7.5600503446609,49.0195948522464,-0.792007154346872,9.51448109044195,0.76018814099315,-15.5586654678075,15.1513251427889,-36.3523432369735
82.545,-0.269759257160226,6.78635749513465,-0.168855045392479,32.5537157397659,-9.43871135667584,5.10456937461203,2.32124116936434,7.4725654831452,-1.36472939122802,7.06806773449738,31.2487665545597,142.208643852086,-2.90510418724903,6.87762055947792,-0.416496066471737,-27.7069492518755,16.0795009397793,-72.0297957350382,1.85371495412844,8.31822223649288,1.00807781228227,-20.4476679194105,28.1957292427921,-3.96933624480733,2.47562787371804,7.86368556617395,-2.59250416437855,-1.3547809933428,12.6217677031084,-95.5480459914238,-1.72588177179017,8.43479528080918,-1.67133214749098,-7.22157390415381,10.4398201612717,47.9995248204723,-0.81836753061749,9.48751905345638,0.693348532231863,-18.8051976151662,15.8520366428691,-35.7645295938666
82.55,-0.28000604049701,6.67921960400257,-0.188063840572427,32.2793123779076,-8.71692619609271,5.74955688968257,2.35275376648732,7.37565176831143,-1.30038764673863,7.33549861140154,32.0400832952519,141.938109798338,-2.79840857742105,6.73583831423963,-0.417454564324677,-28.6831465086827,16.044848964454,-66.6917800716095,2.0425666067661,8.15678899213825,0.886341205159355,-22.142125477885,27.4308790764183,0.537323546810576,2.43074693141301,7.78552218608457,-2.62404028555778,-0.623737489250355,15.4812339159966,-94.6663031813099,-1.64559494876718,8.33617085782659,-1.72374030630249,-7.77979370398338,13.3988387874721,46.959126217702,-0.842704769781248,9.46427278260848,0.630887849919496,-22.15170772358,16.4975400761938,-34.991890861384
82.555,-0.292138251929588,6.58775876164905,-0.213204171971871,31.9322648828554,-7.85717868491557,6.41691395199173,2.38186339542696,7.29100909885732,-1.23815315882735,7.53313144224848,32.7354642796829,141.72874971919,-2.71836221082325,6.59991722446543,-0.417151209939585,-29.5853452029289,15.9013859298298,-61.3012539213729,2.19031657516084,7.99862837293874,0.775624200794875,-23.6253255976868,26.6872657600349,5.13419394683198,2.38408954096619,7.72002023987734,-2.63093269209882,0.101049728475314,18.3704326446253,-93.7888012069237,-1.5710388258954,8.24691724365026,-1.76104004891744,-8.28726894124653,16.3951373440916,45.9008166898617,-0.865793796084322,9.44496086996307,0.575156632190354,-25.5508853106417,17.0815613681108,-34.0428481441148
82.56,-0.305977754939562,6.51280038951523,-0.243932437963724,31.5252810292107,-6.87161333929856,7.09783700682535,2.40829345097045,7.21750301999084,-1.17813458847498,7.6554412665491,33.3376759031167,141.569698268196,-2.66360709092767,6.46780987584043,-0.415846117524356,-30.4120993806012,15.6494854180642,-55.869593568957,2.30035683307637,7.84173598432376,0.676962059854166,-24.9239876813351,25.9425007020184,9.8065891795674,2.33590212087269,7.66805599319244,-2.61244360505693,0.806348752636075,21.2484371818438,-92.9111065032073,-1.50238229394575,8.16782621167871,-1.78198780314747,-8.73801409757907,19.3852958604207,44.8261551727146,-0.888381929896781,9.42968560879675,0.528428871728011,-28.9530526938406,17.5979334984228,-32.9272119003261
82.565,-0.321355510428818,6.45499286864699,-0.279865931633949,31.0712286441325,-5.77415214010798,7.78348858986372,2.43191612769802,7.15389934785394,-1.12029481113137,7.69814926069987,33.8499158659819,141.447974319639,-2.63231229654628,6.33767911711951,-0.413806136945607,-31.1622332875743,15.2905303856307,-50.4059860821707,2.37648561010319,7.68449258995058,0.590945490265401,-26.0680962046483,25.1729020330161,14.5394851911849,2.28650442200497,7.63039761713885,-2.56837647059379,1.47945231625356,24.0737299091648,-92.0282350853261,-1.43966676714024,8.09961838562109,-1.78569429128063,-9.12741125267241,22.3253196841173,43.7358943348623,-0.911125417326127,9.41838378416369,0.492814896805148,-32.3072234909936,18.0407275319778,-31.6563163647975
82.57,-0.338110342466968,6.41479670386629,-0.320592314648628,30.5827989067179,-4.58030224108927,8.46517488538357,2.45274005756657,7.09888454608185,-1.06446764227852,7.65825531438554,34.2756698212558,141.348834692481,-2.62225644501528,6.20793912166257,-0.411276138485661,-31.834792177851,14.8269181659188,-44.9175066926468,2.42278997782628,7.52570626381974,0.517754702143455,-27.0896836016879,24.3543483328029,19.3181286426896,2.23627617846562,7.60768835463036,-2.49909160439764,2.10843217889401,26.805060259493,-91.1347296583063,-1.38279309521943,8.04292874034842,-1.77166568070955,-9.45230341112632,25.1715511605281,42.6300640164332,-0.934544396955459,9.41082583836779,0.470183929974457,-35.5622426357442,18.4043924742435,-30.2431374203672
82.575,-0.356087650854657,6.39247746670715,-0.365677881471467,30.0721824001326,-3.30693450037285,9.13450410981106,2.47089144593018,7.05108578149447,-1.01037910777885,7.5340405452567,34.6185935521667,141.256142792131,-2.63091817458454,6.07727769518304,-0.408450423670899,-32.4290179856005,14.2620509798963,-39.4092429070508,2.44352061969326,7.36462811350883,0.457209527144466,-28.0216215988721,23.4631173057843,24.1286087036144,2.18563955390483,7.60043118289896,-2.40550611965222,2.68238083515423,29.4023131842379,-90.2247434110414,-1.33151685957485,7.99829179923087,-1.73983355377309,-9.71104037320913,27.8815924274953,41.5080819795604,-0.958987545478488,9.4066275805128,0.462091265035131,-38.6679769040291,18.6839003591921,-28.7023752674787
82.58,-0.375138031214292,6.38810268897178,-0.414674630093449,29.5507676514982,-1.9720354124608,9.78352201974481,2.48659021183727,7.00909073667777,-0.957672729979135,7.32504119309202,34.8824240184187,141.152739881618,-2.65558918884882,5.94454795731912,-0.405446401918611,-32.9443514341626,13.600309255244,-33.8844632100412,2.44294089486692,7.20083104416244,0.408829441259815,-28.8964577733178,22.4766859293019,28.9583684231642,2.13503826405143,7.60897511986626,-2.28907778530736,3.19163370989682,31.8273646117602,-89.2921303504945,-1.28545287413538,7.96612701761771,-1.69057207986923,-9.90347529917686,30.4152136062337,40.3688866963602,-0.984609260863938,9.40527412240653,0.469712592135276,-41.5765190092723,18.8748932032821,-27.0504837886319
82.585,-0.395115725070834,6.40154273222896,-0.467126266358108,29.0288714363643,-0.594435498570559,10.4048220238856,2.50012298351432,6.97146725941128,-0.90593793720706,7.0319963989128,35.0709205860395,141.020807769158,-2.69346390028345,5.80873669460267,-0.402284332129552,-33.3804599684833,12.8470060095946,-28.3448268517935,2.42520107207777,7.03415873489166,0.37189861343156,-29.7453296673739,21.3744714275355,33.7966355190431,2.0849145305337,7.63350329129041,-2.15177313484484,3.62796508090555,34.0448999413695,-88.3305421798939,-1.24408907884392,7.94672492185021,-1.62470120949845,-10.0309120888952,32.7352201358078,39.2110856246015,-1.01136135229521,9.4061545443331,0.493788212692039,-44.243363931816,18.9738286130367,-25.3056309676712
82.59,-0.415876811116426,6.43247550095797,-0.522573322514957,28.5155092203431,0.806482192978214,10.9916285768591,2.51181499613497,6.93678290190014,-0.854740348552725,6.65677319208959,35.1878355909238,140.842213291968,-2.74165914287966,5.66937923800375,-0.39887609245002,-33.7372886894813,12.0083215665808,-22.7906297823463,2.39430576946913,6.86511226328374,0.345533270121014,-30.5969835772917,20.1384953280706,38.6347563014726,2.03568522089631,7.6740228737108,-1.99602081651297,3.98475139504491,36.0231722107637,-87.3335318028356,-1.2068093187124,7.9402346332233,-1.54347523568303,-10.0960058008108,34.8082536402953,38.0331115733984,-1.03900008291479,9.40860476323954,0.534580024970274,-46.6285140306611,18.9781207305203,-23.4875788429133
82.595,-0.437277068120528,6.48039470812593,-0.580557570561942,28.0182127632027,2.21108913883157,11.537853690011,2.52200296324504,6.90362435528738,-0.803652387389311,6.20227256139001,35.2369112438714,140.598826980815,-2.79731186109381,5.52661224121155,-0.3950218695222,-34.0151293957601,11.0912189119926,-17.2210804193453,2.35400410939235,6.69487206203115,0.328740851674027,-31.4769196117269,18.7539556653921,43.4664207586619,1.98771864321062,7.73035705652248,-1.82465178844081,4.25709644019268,37.7346782448123,-86.2946634982662,-1.17292379488069,7.94665343657615,-1.44855665792742,-10.1026204345087,36.6055025867997,36.8333794169588,-1.06710815266279,9.4119552724689,0.591844123164852,-48.6974701918872,18.8862727477392,-21.617476871554
82.6,-0.459169483296081,6.54462125814565,-0.640625875466299,27.5429001660762,3.59982886386476,12.0381274594865,2.53101084442218,6.87061672683371,-0.752282487817671,5.67232077877577,35.2218979401353,140.27281055886,-2.85774946379983,5.38063587081145,-0.390417103677431,-34.2147010640866,10.1033410291579,-11.634597736932,2.30758301601107,6.52473136424908,0.320463774587472,-32.4066791446217,17.2096950671064,48.2877712877831,1.94131348999758,7.80213922059475,-1.640828454057,4.44191397815617,39.1567337587318,-85.2076296096366,-1.14170531446288,7.96581904540356,-1.341975889888,-10.0556503500982,38.1033020048211,35.6104355930922,-1.09512993713383,9.41557992266276,0.664821536728299,-50.4220699803861,18.6979964754872,-19.7175688200037
82.605,-0.481401433681742,6.62431720060346,-0.702333586783607,27.0938016165468,4.95353911948321,12.4878044560139,2.53913013175748,6.83644254415618,-0.700301119408879,5.07155018644129,35.1465874521604,139.84687027958,-2.9205523098171,5.23162158930112,-0.384668361550139,-34.3372337778098,9.05289252578863,-6.02912324678084,2.2577871921253,6.35596923995213,0.319617226681397,-33.4032855635774,15.4985550769706,53.0973919520824,1.89668136753889,7.88880959331138,-1.44796516833116,4.53796485186392,40.2719318215819,-84.0663731894155,-1.11205902019268,7.99760171334435,-1.22608085673546,-9.96081325173254,39.2836054426675,34.3630934811007,-1.12203002665045,9.41909883829563,0.752218319320878,-51.7811401239291,18.4143136387045,-17.8108198045285
82.61,-0.503811618075066,6.71850164105162,-0.765247532616192,26.6734419395027,6.25377226667312,12.8829486340873,2.54660585729709,6.79986029746645,-0.647461973318145,4.40527345885863,35.0148533879056,139.304475337798,-2.98356821719518,5.0798817235633,-0.377316311408375,-34.3845473566677,7.94850870794678,-0.402437889054235,2.20681110141336,6.1899802113206,0.325118965065938,-34.4788442992032,13.6176097749057,57.8961793342917,1.85393419413347,7.9896146938316,-1.24964273397765,4.54584713139676,41.0684729852859,-82.8652154431831,-1.08088772931671,8.04274856287089,-1.10348570236096,-9.82442391532694,40.1343167925087,33.0905488049981,-1.1446060982021,9.42310475947209,0.852092509379487,-52.7609389392265,18.0376329951817,-15.9204762466329
82.615,-0.526226856932023,6.82606797689277,-0.828948667087507,26.2826789230397,7.4831069457292,13.2203000936547,2.55362902157853,6.75972223837038,-0.593616912166347,3.67935494497246,34.830690769094,138.630042508513,-3.04495116132199,4.92586096703575,-0.367866738130918,-34.3591158127009,6.79911590718258,5.24752527621709,2.1562691461212,6.02822589776329,0.335904524701465,-35.6403035455672,11.5682746622097,62.6871000084724,1.81307748878958,8.10360992199461,-1.04951959050585,4.46793944794025,41.5403595069673,-81.5989860839247,-1.04548461861907,8.10155706337766,-0.976983568178152,-9.65315863133664,40.6494743339843,31.7924705666279,-1.16002846804204,9.42814480155253,0.962084398367563,-53.3553738469245,17.5717972634783,-14.0695767609696
82.62,-0.548458912268001,6.94580185226867,-0.893034426420905,25.9207943243247,8.62544383218171,13.4972275460748,2.56033559929979,6.71499104951464,-0.538723662587798,2.90008214896824,34.5982466624653,137.809089645523,-3.10319014788855,4.7701147895613,-0.355826424820678,-34.2641092681066,5.61378729356087,10.9223813430647,2.10718384317084,5.87217333530298,0.350931904985632,-36.8893729285125,9.35628992563625,67.474843406458,1.77401020452912,8.22966566100294,-0.851242407938387,4.30829921860683,41.6874503014563,-80.2631539273861,-1.00775882743972,8.17178250841758,-0.849457551002942,-9.45382062644914,40.8292841523343,30.4690645986488,-1.17023483300381,9.43300488284608,1.07982403500448,-53.5659895052711,17.0220942693239,-12.2804360573453
82.625,-0.570301517281968,7.07639928537847,-0.957120856614723,25.5856325298296,9.66627819296115,13.7116706762019,2.56681173738403,6.66475491610897,-0.482845696059312,2.07403979961718,34.3218344810941,136.828361638217,-3.15712573573832,4.61329237769191,-0.340741284226774,-34.1034060950075,4.40159859660706,16.6230147459923,2.05999457427893,5.72323872302253,0.369178224214444,-38.2225937326805,6.99158053397763,72.2653823595492,1.73653132318007,8.36647724148951,-0.65835871363792,4.07251894662574,41.5153774308544,-78.8539543187874,-0.970665088661141,8.25073070071522,-0.72379143992878,-9.23311649505198,40.6800048234156,29.1211085302772,-1.17817412225907,9.43636082517988,1.2027820047631,-53.401732819197,16.3952276678477,-10.5741265677689
82.63,-0.591527846677809,7.21648450619177,-1.02084457406305,25.2737801579699,10.592942114092,13.8620767440607,2.57310427574113,6.60824050067725,-0.426144272343041,1.20798834543166,34.0059258145097,135.675932871346,-3.20595528381393,4.4561238654392,-0.322234072963697,-33.8815697051413,3.1714880877168,22.3493280676118,2.01458453681814,5.58273780392977,0.389631087939167,-39.6315511654382,4.48799906070464,77.0654566110273,1.70035297209507,8.51257903619343,-0.47423398341234,3.76754513167023,41.0353288684465,-77.3685093437203,-0.934870999864802,8.33697756223838,-0.602769884468272,-8.99745290558896,40.2136896900893,27.7499586235113,-1.18437132831911,9.43817870009173,1.32812961353986,-52.878511233341,15.6992440778755,-8.9699833785036
82.635,-0.611888690797639,7.36462714690578,-1.08386460375586,24.9807785847984,11.3948097346211,13.9473357360694,2.5792353376506,6.54482335233503,-0.368863161266166,0.308748134305499,33.655115349527,134.341290195238,-3.24922834429437,4.29941102342475,-0.300039066959639,-33.6037865136194,1.93212483424514,28.1000236230694,1.97032270819519,5.45184351339972,0.411277646071945,-41.1032164505049,1.86296053470622,81.8819968024294,1.66511938785347,8.66636281569101,-0.301975334105827,3.40146547370215,40.2637057458691,-75.8049362981122,-0.90036030640078,8.42944352153201,-0.489008652498444,-8.75276158614832,39.4477969279548,26.3575304015697,-1.18864330865845,9.43893732276382,1.45294065156064,-52.0185691770864,14.9434154717015,-7.48515687093268
82.64,-0.631111601081385,7.5193585453742,-1.14586410972485,24.7013605275711,12.0634596197154,13.9667181649783,2.58521948641562,6.47403535158368,-0.311307062503159,-0.616909968522212,33.2740564772097,132.815399966997,-3.28683381529323,4.1440201541044,-0.274031315452166,-33.2757639754865,0.691788630808078,33.8724212388856,1.92611713947356,5.33155101207297,0.433094259939149,-42.6204042582609,-0.863018175057414,86.7215076392826,1.63043065685517,8.82610030704838,-0.144363622352183,2.98327095386213,39.2216651970975,-74.1624396443945,-0.867245366491081,8.52696963153459,-0.384884630383516,-8.50435892602133,38.4046807769197,24.9462561440538,-1.19096307789255,9.4392297552366,1.57435466559242,-50.8497135268805,14.1380780948137,-6.13423425627703
82.645,-0.648901240834862,7.67918704234032,-1.2065519905949,24.4297014296089,12.5927895084123,13.9198192376314,2.59108183763579,6.39556887771806,-0.253815164289555,-1.56236715058515,32.8673673979995,131.090761969285,-3.31898049848234,3.99087571560182,-0.244248496287907,-32.9035900848519,-0.541735794417904,39.662313851345,1.88047575043052,5.22264984075821,0.454039421963502,-44.1623291326339,-3.66685914916545,91.5894291666244,1.59586981902753,8.98996967624409,-0.00379545262260666,2.52260002712318,37.9345623102064,-72.441381746601,-0.835749597549774,8.6283404017738,-0.292467370238287,-8.25684457315318,37.1109798450304,23.5190231316952,-1.19145240626251,9.43972059025682,1.68968434239038,-49.4044223779805,13.2944318043102,-4.9289463185678
82.65,-0.66494110670544,7.8426122642393,-1.2656642681576,24.1596763763603,12.9790799992297,13.8065125726407,2.59687554399043,6.30927747595765,-0.1967315870409,-2.52125224052441,32.439509787309,129.161452079935,-3.34617260056132,3.84095316741447,-0.210903922145903,-32.4935581769784,-1.76124861907697,45.4638608237687,1.83157099698469,5.12570274934087,0.473052138306356,-45.7052432882785,-6.52352695273939,96.4894945833748,1.56103164392192,9.1560854261407,0.117763649456006,2.02947260229828,36.4313067591431,-70.6433281270428,-0.806181026177171,8.73230775718433,-0.213461197333651,-8.01404127867143,35.5969204467738,22.07909701927,-1.19036104728083,9.4410989124393,1.79651449287257,-47.7188727734522,12.424306169909,-3.87796985471097
82.655,-0.678896696278308,8.00813847362958,-1.3229651633341,23.8851135309245,13.2210051852018,13.6269159728507,2.60269721413586,6.21517289608665,-0.140374638527382,-3.48753014090661,31.9946442280882,127.023154586997,-3.36918151091732,3.69526967962694,-0.174389840354245,-32.0519631451892,-2.9602080613332,51.2695173269973,1.77730526818841,5.04103075966968,0.489057451251524,-47.2231375544881,-9.40667619522371,101.423102191856,1.52555120551106,9.32253098938903,0.218813865920739,1.51402176096627,34.7436515714233,-68.7710638462186,-0.778900214406799,8.83761477709749,-0.14916011003378,-7.77897604048768,33.8955546927784,20.6300349578201,-1.18803605852002,9.44403008464123,1.89278788323814,-45.8319231262441,11.5399016071199,-2.98683034661214
82.66,-0.690420101117925,8.17428713154078,-1.37824774944601,23.6000355270047,13.3195897193278,13.3813709636791,2.60869906823375,6.11341848545784,-0.0850068724110389,-4.45558273259383,31.5364685340726,124.673184144947,-3.38901492701905,3.55487164480032,-0.13527077439788,-31.5848771629774,-4.1327869198988,57.0699968354773,1.71537456012617,4.96870415115512,0.500980148696184,-48.6884873186141,-12.2893240153605,106.388718277905,1.48913033247082,9.4873931158911,0.298342747947009,0.986231292947111,32.9054332062905,-66.8285788301531,-0.754285187647686,8.94301853760662,-0.100417318293263,-7.55390041564273,32.0419545327273,19.1755931215357,-1.18488438374124,9.44910977758929,1.97687391819103,-43.784085502272,10.6535149370884,-2.25790402612973
82.665,-0.699155911425503,8.33960884721072,-1.43133410846254,23.2988808906202,13.2781132263463,13.0704369323086,2.61509695053717,6.0043190569632,-0.0308079094228548,-5.4202815508886,31.0680466796702,122.110496643776,-3.40688413068877,3.42081834142435,-0.0942672261396017,-31.097914598011,-5.2739133837547,62.8542628460732,1.64332876569617,4.90853919667391,0.507766970216876,-50.0730257911438,-15.1445287872332,111.381327085188,1.45156013248299,9.64879701648843,0.355833505671115,0.4556870598821,30.951783480789,-64.8210214410464,-0.732696168421091,9.04731150572631,-0.0676307458320998,-7.34034580186795,30.0723839931958,17.7196331184731,-1.18133237725765,9.45682326093888,2.04761716836059,-41.6165216732389,9.77725906495471,-1.69051405347202
82.67,-0.704748233453771,8.50269488722263,-1.48207497999391,22.9766984383374,13.1019643782232,12.6948997936549,2.62217368917161,5.88830751521999,0.022148145279719,-6.3770511880266,30.5916372415778,119.335687770109,-3.42416997681117,3.29416157376499,-0.0522305647414611,-30.5959969467126,-6.37929762317688,68.6095453974791,1.55862771664433,4.86010055161679,0.508416793298628,-51.3485273152145,-17.9460572172184,116.391943476656,1.41273809342783,9.80494113268708,0.391259998772195,-0.0686501487100086,28.9183345807039,-62.7546211534032,-0.714442841262089,9.14934104955676,-0.0507451273390831,-7.13920766173223,28.0234721510599,16.2660313404311,-1.17778611087005,9.46751244246212,2.10436381755718,-39.3700942733797,8.92278616438748,-1.28111200427284
82.675,-0.706848551708018,8.66218837527094,-1.53034896332671,22.6293087787272,12.7984483345464,12.255794227966,2.63027767758121,5.76592869232944,0.0739090805075744,-7.32192211471759,30.1085309772769,116.350977802283,-3.44238796199307,3.17592160007441,-0.0101103649993018,-30.0831292418897,-7.44544621043243,74.3213778890678,1.45869283336701,4.82270921355056,0.502017458470677,-52.48758343056,-20.6690230791661,121.407203198855,1.37267871741902,9.95413036695125,0.405069036988692,-0.578643310971233,26.8404381812136,-60.6365827003686,-0.699756548768659,9.24802672404188,-0.0492705015055436,-6.95085122725622,25.9314087090879,14.8185946163401,-1.17459608688598,9.48135248662153,2.14696528300358,-37.0844999410471,8.1010231348538,-1.02353310184164
82.68,-0.705124127167473,8.81679523774651,-1.57606138875999,22.2534285106635,12.3765525889064,11.7544377436699,2.63981690688976,5.63782099439779,0.124653475899493,-8.25157149064238,29.6189073661675,113.160181203456,-3.46315260675598,3.06706010288205,0.0310841792521089,-29.5621994421806,-8.46966680690058,79.973650048133,1.34095480746988,4.79545596791072,0.487787198380109,-53.4643540086068,-23.2904820236823,126.409044829823,1.33151717508535,10.0948066434961,0.398151115684179,-1.06714355207735,24.7524185192391,-58.4749553571752,-0.688769289522631,9.3423750729253,-0.0623160231626549,-6.77523030991527,23.8311823623438,13.380984619533,-1.1720294101054,9.49833905738863,2.17575952667147,-34.7975051237367,7.3219272905396,-0.909311617020986
82.685,-0.699266616306262,8.96529484895503,-1.61914300273733,21.8467543648149,11.8466774819561,11.1924741691104,2.65124896668877,5.50469657433699,0.174691269482511,-9.16335055526521,29.1217195952209,109.76865984742,-3.488141313482,2.96845130779667,0.0703268635974523,-29.0348117794283,-9.45006572685548,85.5486736019762,1.20289811238677,4.77722023781507,0.465118167341401,-54.2552753832162,-25.7899682824917,131.374496563131,1.28950599965875,10.2255757781879,0.371801131700396,-1.52811575290876,22.6868772469284,-56.2784820321982,-0.68150072438332,9.43149176272713,-0.0886371981913824,-6.61201052851034,21.7558796415389,11.9566524506471,-1.17025161670844,9.51828635671157,2.19153186077655,-32.5442981167358,6.59426920985429,-0.928041709125716
82.69,-0.689000616933144,9.1065502233266,-1.65954860979438,21.4080062254451,11.2203386564459,10.5719237016986,2.66506773465719,5.36732081656437,0.224455645147162,-10.0552973374049,28.6146165910887,106.183259202266,-3.5190578489872,2.8808525957535,0.106619023232824,-28.5011639334988,-10.3855408860994,91.0272581726961,1.04210328092323,4.76669423417968,0.43361933723148,-54.8397074669969,-28.1499607844525,136.275579996263,1.24700531024469,10.345229805975,0.327670897800761,-1.9567225698628,20.6740653244993,-54.0564334933677,-0.677853684682577,9.51459093938473,-0.126693969768217,-6.46068857071674,19.73605890323,10.54878381431,-1.16931932571666,9.54083528163122,2.19545821087511,-30.3569639492304,5.92544838154413,-1.06776878203775
82.695,-0.67409187863589,9.23951751522533,-1.69725578638319,20.9369295546579,10.5098494896646,9.89523635133589,2.68178759228841,5.22649194441816,0.274486411802485,-10.9261336739392,28.0939093326508,102.41222745869,-3.55759563696948,2.80487607285341,0.139033882056813,-27.9599762792683,-11.2757722388836,96.3887960143939,0.856287805986944,4.76241220546517,0.393155969760846,-55.2005026152934,-30.3562681786406,141.079341929672,1.20446742109685,10.4527641233076,0.267715388475187,-2.34936579158838,18.7413343910483,-51.8184333794477,-0.677617998229977,9.59100177624992,-0.17471660509331,-6.3206999822059,17.7992109494011,9.1602543621243,-1.16918378880135,9.56547033768866,2.18903467740643,-28.264082680141,5.32134582659465,-1.31539706747185
82.7,-0.654354937189755,9.36325454098571,-1.73226373368968,20.434259114983,9.72799204121429,9.16534549012775,2.70192604994112,5.08302154028461,0.325405547069969,-11.7752458682003,27.5545869068291,98.4651183535542,-3.60540111539422,2.740962573401,0.166758607281189,-27.408479398311,-12.1212111142608,101.611355346152,0.643346248584014,4.76278439365054,0.343882918386995,-55.3244804129052,-32.3983242930422,145.748023558406,1.16241694565594,10.547389028565,0.194134632163492,-2.70368570293937,16.9126772445235,-49.5742796895799,-0.68048186703541,9.66017226504347,-0.230776068240965,-6.19150934089423,15.969314681839,7.79359418924814,-1.16970437940786,9.5915435201102,2.17399773857864,-26.2904467526858,4.78621648912539,-1.65710029988672
82.705,-0.629659934010161,9.47692804364389,-1.76459227825319,19.9016470035762,8.88768532480076,8.38571822813347,2.72598565710963,4.93771670234174,0.377886019579171,-12.6026487334145,26.9903857056973,94.3526792226487,-3.66403750103943,2.68935948985569,0.189132123305588,-26.8424636806798,-12.9230689378111,106.671783105177,0.401389743550282,4.76613505997167,0.286269136955096,-55.2027943680621,-34.2693873279119,150.239374061885,1.12142764767731,10.6285354695112,0.109313065833242,-3.01852078282381,15.2083644104215,-47.3337682876828,-0.686049577494022,9.72167038520989,-0.292855513782048,-6.07267839453503,14.2664933818465,6.45096020219697,-1.17067018569286,9.61830321554139,2.15223956770533,-24.4568891408857,4.32262310524084,-2.07872362452505
82.71,-0.599938371374999,9.57981947483834,-1.79428097174196,19.3415588904223,8.00165977759756,7.56039943635416,2.75443602933794,4.79136445492455,0.432615362794121,-13.4089332414173,26.3939129213596,90.086726528411,-3.73494939531294,2.65010366515891,0.205676959760099,-26.2563922769377,-13.6833047513956,111.545818874146,0.128784662942024,4.77074375052749,0.221111026153395,-54.8311785598697,-35.966637414713,154.507112392122,1.08209734563693,10.6958550264883,0.0157580402941194,-3.29383156021416,13.644681292723,-45.1065236612265,-0.693864007051478,9.77518286506055,-0.358919679473258,-5.96390966252057,12.7067746607965,5.13411511785024,-1.17182723688116,9.64492621756936,2.12572278356032,-22.7802109280249,3.93141253825527,-2.56616602558553
82.715,-0.565187551048206,9.67132915158734,-1.82138819697234,18.7571430497673,7.08214665825844,6.69404640797606,2.78769675322443,4.64471888677745,0.490255736047073,-14.1951985128311,25.7568231880634,85.6800116672766,-3.81942874883144,2.62301036751031,0.216123676998256,-25.64357600704,-14.4046098255193,116.208222460555,-0.175810192335887,4.77488890430866,0.149532707468666,-54.2100647326935,-37.4911681894029,158.501537240003,1.04502215906292,10.7492143709008,-0.08396096700494,-3.53059373160675,12.2337680056606,-42.9018417582045,-0.703432207155771,9.82051181023813,-0.426979276076852,-5.86506496305251,11.3019547667557,3.84441214979092,-1.17290855141394,9.67055109330785,2.09639861875953,-21.273194722905,3.61173505381683,-3.10573355851923
82.72,-0.525473470983187,9.75097873419058,-1.8459901678988,18.1520773360813,6.14059071678035,5.79195138428858,2.82612184023069,4.49849132390319,0.551402376612345,-14.9629694124105,25.0700449515508,81.1460802158362,-3.91858276559322,2.60766911397497,0.220426715419005,-24.9964061930969,-15.09038660209,120.632918070268,-0.513408792736834,4.77689295966229,0.072971999673913,-53.3445634889518,-38.8478691055349,162.170281077426,1.01077130059173,10.788684639296,-0.187271011059886,-3.73066664657693,10.9835616111809,-40.7285491820383,-0.714252293120456,9.85756951571484,-0.495147940781422,-5.77616016868488,10.0595656710727,2.58278489226361,-1.17366416526005,9.69431132327541,2.06613203920699,-19.9446891584277,3.36110643452618,-3.68445467696381
82.725,-0.480932027374256,9.81841204631077,-1.86817972214846,17.5303996830273,5.18739378624067,4.86004948889541,2.86998629304525,4.35334366724254,0.616542422983853,-15.7141015157739,24.3240510097361,76.4991279148189,-4.03330436031666,2.60344684012206,0.21877084509627,-24.3066388557265,-15.7447183118415,124.793158183245,-0.884666549206045,4.77516821593834,-0.00684827986461517,-52.2443073608096,-40.0451967688404,165.459200098372,0.9798634638878,10.8145263489565,-0.291650946602193,-3.89664394219492,9.89783813472745,-38.5948823366706,-0.725839959391184,9.8863717974717,-0.561689906813884,-5.69733908406957,8.9829411777023,1.3497424181374,-1.17388855877412,9.71536684961833,2.03663678299113,-18.7997498068835,3.17551199696439,-4.290350137998
82.73,-0.431768482899588,9.87339430957632,-1.88806484571284,16.8963279466751,4.23169590500713,3.90491003422126,2.91947522987843,4.20988485844254,0.686016074976309,-16.4506756576886,23.5091657544235,71.753856646417,-4.16424577804702,2.60949864707804,0.211567750301218,-23.5657213937699,-16.3723249777104,128.661710090178,-1.2898535331074,4.76826276515678,-0.0879631837840898,-50.9231586075885,-41.0948358756711,168.313387884549,0.952745643955396,10.8271706400715,-0.394682231315014,-4.0316934095294,8.97634947459067,-36.5083892863761,-0.737753152567077,9.90703018264974,-0.625057207943276,-5.6288305776404,8.07137625060873,0.14537007184176,-1.17344339084822,9.73293291733841,2.00942259928622,-17.8398231456395,3.04955042706072,-4.91265143087616
82.735,-0.378255291420844,9.91580989700544,-1.90576692998582,16.2540749040885,3.28119920881686,2.9337096966239,2.97467589227016,4.06867029826937,0.759981954198324,-17.1748846416641,22.6159000292482,66.9253334893034,-4.31179594344806,2.62478610905702,0.1994426743376,-22.7651508464714,-16.978501239621,132.211067595832,-1.72883317433982,4.7549057751236,-0.168221389822943,-49.3987901711781,-42.011253378455,170.678296612812,0.929774979309569,10.8271977456275,-0.494094414970251,-4.13939309220285,8.21504825397135,-34.4758561594352,-0.749613743444352,9.91974328742423,-0.68391592831762,-5.57089392078513,7.32037191720064,-1.03066320940214,-1.17227408612572,9.74630538572791,1.98575616283145,-17.0629624014606,2.97661399419017,-5.54196336411436
82.74,-0.320728475134042,9.94565873692816,-1.92141881842107,15.6076639223212,2.34203824766159,1.95418668232921,3.03557275600409,3.93020394230819,0.838388338198925,-17.8889149918279,21.6353032679366,62.0288556934103,-4.47606203601267,2.64810290296499,0.183211463997669,-21.8968512012497,-17.5690316078309,135.413689679451,-2.20104706163083,4.73405129684608,-0.245351979037244,-47.6921536076404,-42.8111530168529,172.500945493004,0.911203967008025,10.8153136433118,-0.58780470366768,-4.22357017459212,7.60639185825544,-32.5032589451451,-0.761125393758542,9.92478769020442,-0.737161667573958,-5.52375767517155,6.72195652705661,-2.17909001847035,-1.17041950824261,9.75488200396406,1.9666362614708,-16.464066673849,2.94910033025595,-6.1703682389022
82.745,-0.259582794069578,9.96305153961162,-1.93516273050711,14.9607502868767,1.41869876432362,0.974575676304142,3.10204588950088,3.79494273493805,0.920951674448819,-18.5948268786286,20.5593217291873,57.0798241334916,-4.6568556977032,2.67810732776247,0.163848769468154,-20.9535560305024,-18.1500794371965,138.242266985189,-2.70550604061285,4.70491966045558,-0.317039988263927,-45.8268522535409,-43.51284097957,173.731191905136,0.89716921123823,10.7923258199839,-0.673951226597729,-4.28814848264636,7.1397153758389,-30.5957405926651,-0.772087172190192,9.92250856578536,-0.783924965088913,-5.48755744789285,6.26507283064617,-3.30102100225427,-1.16801461251196,9.75817943573152,1.95278298816552,-16.0351371432485,2.95864976157425,-6.79147079638967
82.75,-0.195265917663612,9.96820408281456,-1.94714813977522,14.3164525856642,0.513985491319607,0.00352401281856856,3.1738726692703,3.66330300096525,1.00714346168687,-19.2944355611633,19.38115120933,52.0936274666272,-4.85368418074151,2.71336110750983,0.142448552405756,-19.9291820681602,-18.7280471321271,140.670015965356,-3.24078729553098,4.66703550143195,-0.381008189977638,-43.8284409615677,-44.1355169798503,174.323036670013,0.887683743749692,10.7591189814082,-0.750919847840054,-4.33700948435801,6.80166190767186,-28.757612494504,-0.782407785902627,9.91330870100752,-0.823567873141076,-5.46227746542871,5.93601926750083,-4.39791190343954,-1.16529154172654,9.75584459172265,1.94464051804733,-15.7655460569773,2.99640126552547,-7.4003847818541
82.755,-0.128271727750497,9.96143087096778,-1.95752963700862,13.6771981025522,-0.370961742822188,-0.950009928443061,3.25073295713911,3.5356683789362,1.09618624549684,-19.9891978505121,18.0955725724229,47.0855387944208,-5.06574664020259,2.75237370553668,0.120178415526611,-18.8191791994279,-19.3094067962326,142.670999378327,-3.80503657709129,4.62026155518211,-0.435102220292307,-41.7236755341493,-44.6985084866384,174.235931502766,0.882632896902996,10.716631395877,-0.817364538259027,-4.37387062850854,6.57665769825759,-26.9923787625779,-0.792112084371282,9.89763872750486,-0.855673206570142,-5.44770027257196,5.71893298091064,-5.47152055361656,-1.16257159566377,9.7476628336056,1.94239084092068,-15.6423155052788,3.05325946354965,-7.9936635493633
82.76,-0.0591327991500303,9.94313854993888,-1.96646475585085,13.0445860487841,-1.23660540075508,-1.87687463598305,3.33221784021702,3.41239884521076,1.18705913651367,-20.6801071818392,16.6992587563961,42.0706260814342,-5.29193566828651,2.79365120552777,0.0982295830803031,-17.6208427495274,-19.9005026273241,144.220470699084,-4.39597428713938,4.56482752436845,-0.477375765861311,-39.5397359260933,-45.2204694529919,173.436054411584,0.881773693786352,10.6658324110097,-0.872221451047476,-4.40218376862249,6.44741874721483,-25.3027811596205,-0.801315349127161,9.87599631496131,-0.880028194227436,-5.44336800956318,5.59630138590928,-6.52385369591738,-1.16022451175871,9.73357022398222,1.94597341113837,-15.650403926223,3.12016454716063,-8.56917871369014
82.765,0.0115879381616436,9.91381948532541,-1.97411169919209,12.4192726694274,-2.08490394203073,-2.76785784990694,3.41784199508793,3.29384035038226,1.27851293256992,-21.3676008539904,15.1910425603486,37.0636769115416,-5.53084405549847,2.83574862920672,0.0777646325121731,-16.3335749255916,-20.5073286805635,145.295238867174,-5.01090384080582,4.50135346318172,-0.506172096205376,-37.3034478125565,-45.718568712491,171.897517835365,0.884737713910152,10.6077015611985,-0.914716945816829,-4.42505532992481,6.39547501621736,-23.6908620804936,-0.81021811007802,9.8489176180517,-0.896604270279139,-5.44855772496715,5.54948864555128,-7.55710405151861,-1.15864887626834,9.71365476388361,1.95511484983335,-15.7729990239604,3.18835659653212,-9.12595247511934
82.77,0.0833063341858826,9.87404587669544,-1.98062689246698,11.800882659443,-2.91916569549682,-3.61383123796999,3.50705963650523,3.18033458160926,1.36909460834651,-22.0514828267865,13.5721354683986,32.079137428055,-5.78077665222063,2.8773243614679,0.0598652936283655,-14.9590837897027,-21.1352880090879,145.874048697529,-5.64672067134443,4.43086716153612,-0.520197922880999,-35.0405274095097,-46.2076970608257,169.603474605322,0.891037376007806,10.543209603466,-0.944369897411481,-4.44518882229735,6.40169814631341,-22.1580425441635,-0.819139743932591,9.81695556423167,-0.90553478077851,-5.46227211274672,5.5592632597204,-8.57357862355239,-1.15829287772365,9.68814174468851,1.96936864561432,-15.9918164639538,3.2496254459242,-9.66395083565795
82.775,0.155426864200453,9.82446468371347,-1.98616230130359,11.1879516573864,-3.74386776423927,-4.40590483453881,3.59928384256714,3.07222838661536,1.45718061908955,-22.7308651448104,11.846289003331,27.1310645902402,-6.03976710099475,2.91719515319864,0.0454827678581975,-13.5015102052983,-21.7889414610589,145.93797123328,-6.2999204637742,4.35481493589683,-0.518585514738904,-32.7748743722418,-46.6997253771186,166.547088132602,0.900075540558674,10.4733017769863,-0.960988703545571,-4.46484931205622,6.44681885180072,-20.7052117523529,-0.828508278395495,9.78067129207028,-0.907092199228408,-5.48324599312948,5.60631325350248,-9.57561979499397,-1.15963361315982,9.65738741482782,1.9881526076497,-16.2874043069466,3.29653721956103,-10.1838463586041
82.78,0.227353005659376,9.76579350044502,-1.99086247395218,10.5779045898321,-4.56444576008249,-5.13558831575918,3.69390882533041,2.96988245221941,1.54101814366883,-23.4041305808031,10.0198916114536,22.2330902812554,-6.30559912593331,2.95438998349126,0.0353930471580746,-11.9674757608654,-22.4717563816622,145.470797345715,-6.96660569915234,4.27506507972716,-0.500939283396918,-30.5279368732782,-47.2028482579327,162.732335307332,0.911158275888223,10.398883560389,-0.964663451649356,-4.48584857349099,6.51192090547837,-19.3328244281941,-0.838824566345675,9.74063282508699,-0.901666186985987,-5.50996785702422,5.67173621931183,-10.5655212653732,-1.16313388115604,9.62187588022242,2.01078404074175,-16.6394535579176,3.32262905004669,-10.6867602554548
82.785,0.298497877817337,9.69881735866325,-1.9948612966332,9.96707412230117,-5.38706089468254,-5.79495574959366,3.79033446692187,2.87367891613831,1.61877306875671,-24.0689184724624,8.10199583599895,17.3983953926526,-6.57583200813916,2.98820090521402,0.0301595988461629,-10.3660476572772,-23.1858669650434,144.459427013081,-7.64249032005488,4.19390305949445,-0.46736368177096,-28.318171250098,-47.7210478404456,158.174613271625,0.923510562172582,10.3208091832863,-0.955753704724101,-4.50954888628752,6.57889983444516,-18.0410019139689,-0.850642835191014,9.69740790635813,-0.889743565427189,-5.54071492301274,5.73749267885315,-11.5454412347659,-1.1692189716017,9.5822075431916,2.03651579043393,-17.0271153148055,3.32256437802944,-11.1739943082897
82.79,0.368294805984441,9.62438630016696,-1.99827847567756,9.35076236712788,-6.21835139119392,-6.37681003005035,3.887992202087,2.78402769304442,1.68858320445529,-24.7221349841103,6.10427250438768,12.6396918168959,-6.84782984945356,3.01822889126684,0.0301055128177583,-8.7086198311659,-23.9318588735092,142.894245972688,-8.32290321432198,4.11401742644978,-0.418470174031074,-26.1606157324296,-48.2537102868767,152.901124455267,0.936294635734069,10.23987312142,-0.934872315828356,-4.53688286364423,6.63087599162535,-16.8296329177787,-0.864551684428428,9.65155657255314,-0.871890818124473,-5.57359945965803,5.78681277435806,-12.5173154573501,-1.17825769964911,9.53908443768031,2.06456975942047,-17.4293247286101,3.29224260447024,-11.6467634122315
82.795,0.436207427051003,9.54341344824668,-2.00121578287893,8.72334737212227,-7.06517529230861,-6.87484283984469,3.98637112911178,2.70137139900472,1.74861494750849,-25.3599881859429,4.04089078585732,7.9692102866141,-7.11879422712532,3.04442266269028,0.0352967822972727,-7.00871302322775,-24.7085908708739,140.769480883476,-9.00279215725597,4.03847538716331,-0.355362148623809,-24.0665937424173,-48.7954226118915,146.95101810383,0.94863060799095,10.1568047654063,-0.902865590894695,-4.56838631164658,6.65255340882287,-15.6984698652802,-0.881152960588804,9.60362473601669,-0.848739357175385,-5.60662362878877,5.80454802698232,-13.4827728601495,-1.19054510082879,9.49329389315514,2.09416646774149,-17.8251313392539,3.22885863175038,-12.1059393853549
82.8,0.501738921728106,9.45687322430797,-2.00375313348573,8.07843388959492,-7.93435155738757,-7.28378572876084,4.08504309000462,2.62618884926748,1.79712139651992,-25.9780474426418,1.92832521096186,3.39869217331049,-7.38579985605434,3.06710853293975,0.0455378310935661,-5.28169990877037,-25.5130655321718,138.083523798983,-9.67673073951676,3.97068703421294,-0.27959786783069,-22.043557313999,-49.3359702933127,140.375271072419,0.959618925627518,10.0722664065534,-0.860790019207626,-4.60424093824018,6.63051763938339,-14.6472170170581,-0.901039072474923,9.55413908973819,-0.820973416437208,-5.63773981181426,5.77746168203751,-14.4430563909436,-1.2062871696676,9.4456910672029,2.12455003584555,-18.1940343999365,3.13090985707877,-12.55181621666
82.805,0.564439929131111,9.3657992865421,-2.00594462223386,7.40904559463132,-8.83240592466052,-7.59954775897083,4.18368538625984,2.55899717870139,1.83249979683209,-26.5713256871003,-0.214906985808488,-1.06061631997272,-7.6458328889941,3.0870094607025,0.0603797494693221,-3.54446459691645,-26.3403595851951,134.83921666518,-10.3389315214635,3.914357359294,-0.19313280684209,-20.0950755625394,-49.860546785721,133.236295916578,0.968364159164152,9.98685463201449,-0.80988572691079,-4.64432373490923,6.55346759454349,-13.6756068280387,-0.924769427886886,9.50360364836468,-0.789320125092135,-5.66491328059144,5.69445292962682,-15.3989516641547,-1.22558801151477,9.39718086927621,2.15500837828239,-18.5163206181618,2.99815037637698,-12.9839061646558
82.81,0.623914678845274,9.27128172241309,-2.00781471830759,6.70785335781866,-9.76532741813972,-7.81933515099138,4.28209980591478,2.50035269200471,1.8533461660874,-27.1343822892394,-2.36857261361657,-5.39796867386479,-7.89583157335241,3.10525124146218,0.0791410055410773,-1.81500858529649,-27.1836221787866,131.044086748141,-10.9832692671063,3.87342484245132,-0.098243983729922,-18.2209671098098,-50.3501752106468,125.607270204347,0.973999510298993,9.90110515054409,-0.751546831127016,-4.68826001990816,6.41237819180675,-12.7834614375805,-0.952846805751131,9.45249820533936,-0.754541094784878,-5.68618415520439,5.54671207079068,-16.3507258388142,-1.24843979900667,9.34869977036888,2.18488872552592,-18.7734003794269,2.83149449548702,-13.4007750883462
82.815,0.679824902282977,9.17446304274371,-2.00935489249862,5.96743156568539,-10.738340642309,-7.94174848587185,4.3802267596054,2.45085058475219,1.8585050346225,-27.6614434970949,-4.51110568468357,-9.6031218121617,-8.13273798367645,3.12330146146376,0.100939653204645,-0.11201745644356,-28.0341465056082,126.710524393638,-11.6033374715075,3.85193593953642,0.00255678495422851,-16.4175692308188,-50.7823308764548,117.57118741395,0.9757113239387,9.81550095051172,-0.687289007055516,-4.73547743552951,6.20059254854256,-11.9707366964913,-0.985694603226915,9.40127890721319,-0.717424741675448,-5.69972584971351,5.32780557468535,-17.2980789857496,-1.274715945139,9.30119793994827,2.21360883006093,-18.9481370733806,2.63287412530303,-13.7999240755094
82.82,0.731891196995733,9.07653263567763,-2.01052098392835,5.18053219667805,-11.7556981778721,-7.9668533433106,4.47815357394568,2.41112366792893,1.84711243462744,-28.1465369048244,-6.62003744045546,-13.6663390914427,-8.35355276709436,3.1429093219393,0.124735468874159,1.54559591525654,-28.8815169331653,121.855895353652,-12.1925200545327,3.85392106981051,0.106620412949062,-14.6781306353077,-51.131741818466,109.219636741229,0.9727628023695,9.73048350631485,-0.618714794298618,-4.78525861722816,5.91384452053876,-11.2375467870932,-1.02363598535303,9.35038101065594,-0.678778557991777,-5.70389763987587,5.03369199033184,-18.2401099630668,-1.3041678967998,9.25562204713055,2.24066438179195,-19.025162795562,2.40505717397435,-14.1777228515312
82.825,0.779891717326937,8.97871953505928,-2.01123158786843,4.34036486154378,-12.820496550818,-7.8962208477041,4.57611634914542,2.38184016268508,1.81863058039977,-28.5836361282656,-8.67246214087762,-17.5783921343895,-8.55534562460606,3.16628075420192,0.149380252891395,3.139155197159,-29.7138303269329,116.502581091332,-12.7439881516335,3.88349259932287,0.211278700737371,-12.9933096803311,-51.3713342409676,100.651326605837,0.9645160707177,9.64646651624974,-0.547477380431452,-4.83679077580664,5.55021453963155,-10.584168291147,-1.06687598842187,9.30022370566191,-0.639420630108077,-5.69728956449727,4.66267177326764,-19.1752985018766,-1.33642591001246,9.21289890781318,2.26563327487399,-18.9911726852053,2.15143641639118,-14.5293986890404
82.83,0.823658308739568,8.88228358686619,-2.0113676711237,3.44087063160723,-13.9345185062938,-7.73293546738033,4.6744951960808,2.36370051391612,1.77287307090193,-28.9668118248494,-10.6455263220836,-21.330561061147,-8.73527397641904,3.19612727185726,0.173673679647666,4.65067517049152,-30.5179867730543,110.677941963106,-13.2507480705087,3.94482275212931,0.313955852227715,-11.3517558168742,-51.4732814611223,91.9703745145624,0.950451746416711,9.56385142337142,-0.475243738320842,-4.88921101398668,5.11002377248182,-10.011023487893,-1.11548757808366,9.25121669047735,-0.600169850339051,-5.67875853048169,4.21527609287361,-20.1015048090091,-1.37100410089272,9.17391998449258,2.28817744036901,-18.8351896727838,1.87580020639024,-14.8490827183052
82.835,0.863070429921765,8.78850529593249,-2.01077352633437,2.47697826410779,-15.0981037824141,-7.48156850130437,4.77380305904554,2.35743302841447,1.71001987318947,-29.2903853211566,-12.5169284359858,-24.9146329753897,-8.89067038212724,3.23535221991314,0.196422005506258,6.06329167523472,-31.2800415909415,104.414199901713,-13.7058463338028,4.04178290778734,0.412253619511652,-9.74074942477152,-51.4101093210358,83.2843939743937,0.930185220171585,9.48304379330894,-0.403658042669891,-4.94164678050877,4.59567341159713,-9.51864365663214,-1.16940254262008,9.20376800532747,-0.561834465614654,-5.64745515094267,3.69410141469442,-21.0159875426068,-1.40730998113247,9.1395265944213,2.30804297822256,-18.5487915327562,1.58209753567505,-15.1299137757242
82.84,0.898047373776043,8.69867476184085,-2.00925909231705,1.44483320418104,-16.3100502957458,-7.1481168796221,4.87466865219444,2.36378801511768,1.63062176048554,-29.5490813364613,-14.2654154009458,-28.3228991838862,-9.01910715037316,3.28690580684543,0.216496687641137,7.36165319562413,-31.9856075215245,97.7482390962324,-14.1025346655291,4.17774654854454,0.504037948321605,-8.14687393196758,-51.1558083822168,74.7024170032086,0.903478952677907,9.40446952816727,-0.334306283539733,-4.99325139380867,4.01143730934898,-9.10761412898635,-1.22840792286063,9.15829249920817,-0.52519883119184,-5.60284143987881,3.10359799972481,-21.9154405406442,-1.44465858129881,9.11049559221868,2.32505926516441,-18.1262928398239,1.27421022727661,-15.3641982909284
82.845,0.928539390918848,8.61408015229737,-2.00660360326002,0.341992159965648,-17.5675475813917,-6.73990809266594,4.97781425983322,2.38353002739333,1.53559425036839,-29.7381765503414,-15.8712626076368,-31.5481524641231,-9.11842657860526,3.3537960362675,0.232889580198954,8.53226255048519,-32.620293428187,90.7213250897419,-14.4343847002295,4.35554279880339,0.587521908624248,-6.55669414735317,-50.6869036047157,66.3326980922718,0.870250221240514,9.32858988987339,-0.268682957176187,-5.04323500125238,3.36321716787201,-8.77850371120657,-1.29214846138508,9.11522023144548,-0.49100847221789,-5.54469997854834,2.44982142530093,-22.7960482029342,-1.4822911301837,9.08752528135212,2.3391375799747,-17.5648756000227,0.955744542097819,-15.5436232186252
82.85,0.954518344829237,8.53599611441726,-2.00256047597563,-0.832421316801879,-18.8661443535511,-6.26547317201462,5.08402926600464,2.41742779875712,1.42620140908467,-29.8536410051789,-17.3167243254015,-34.5836865862262,-9.18678408330686,3.43901058429307,0.244762184676153,9.56375975403043,-33.1701638784348,83.3787446057005,-14.6954434619923,4.57733221611296,0.66132643506608,-4.95741583592063,-49.9834354398032,58.2804519065249,0.830573910506654,9.25591438205267,-0.208160643281384,-5.09089164659527,2.65827013694078,-8.53178183003708,-1.36013806572077,9.07500322881166,-0.459953779903929,-5.47313553637504,1.7401568474947,-23.6535589431488,-1.51940084268039,9.0712205709329,2.35026992605049,-16.8646637869008,0.629853337646297,-15.6595176533595
82.855,0.975968505638538,8.46567240555812,-1.99686329287463,-2.07760240372138,-20.1997520035499,-5.73439063127292,5.19414030661176,2.4662415230065,1.30403016218255,-29.8922695191512,-18.586442230626,-37.4233010579199,-9.22269190194519,3.54542320912855,0.25148634223088,10.4471399566663,-33.6222026776527,75.7693701988958,-14.8803980527213,4.84447681849303,0.724520445580903,-3.33750342990293,-49.0298119118513,50.6455822747998,0.784680130485423,9.18701067762101,-0.153963160500146,-5.13562327309627,1.9049189611689,-8.36772732494894,-1.43178011128024,9.03811995695841,-0.43265287136347,-5.38857035388968,0.983026009072926,-24.4833756228215,-1.55516526168782,9.06207735299427,2.35852810091393,-16.0287385352259,0.29909832303086,-15.7031575028997
82.86,0.992878044182559,8.40432287635213,-1.98923267938513,-3.3909920264049,-21.5606855970486,-5.15710510897193,5.30897892375574,2.5307072454095,1.17095599365422,-29.8518003901915,-19.6678009209053,-40.061314541175,-9.22506052228017,3.6756987179278,0.252674162031008,11.1759033049113,-33.9647628639555,67.945155462926,-14.9847384983408,5.15742050915608,0.776639164423386,-1.68723514738187,-47.8154988091416,43.5204637942618,0.732946660478149,9.12251095123571,-0.107142835398093,-5.17696148408798,1.11225474132546,-8.28633320523556,-1.50637791355359,9.00508277192478,-0.409634303202374,-5.29173436613763,0.187586936684352,-25.2806613374401,-1.58876615057886,9.06047159841976,2.36406049832418,-15.0630921640792,-0.0346399751992755,-15.6661064270045
82.865,1.00523174044733,8.35311480853573,-1.97938381272072,-4.76824434498381,-22.9397434103833,-4.54472513932773,5.42934759352706,2.61151828846088,1.02910112776515,-29.7310187020441,-20.5512207758446,-42.4925905193806,-9.1932369915147,3.83219928457682,0.248195516758146,11.7461364277968,-34.1879858806883,59.960568008166,-15.0049116219546,5.51558584788663,0.817679840292898,0.000822424290116568,-46.3355240213031,36.9878392680737,0.675886451462361,9.06311415390707,-0.0685622588913129,-5.21458773264876,0.289841925767683,-8.28721190486717,-1.58314751118191,8.97644394903003,-0.391320428627871,-5.1836515731154,-0.636564141224555,-26.0404583393206,-1.61940875298387,9.06664978761806,2.36708786794556,-13.9765204890675,-0.370199125549964,-15.5405851756847
82.87,1.013005374493,8.31315852437437,-1.96703425073796,-6.20323292106314,-24.3263252589311,-3.90880503394723,5.55598500590482,2.70930382479086,0.880786464261559,-29.5298415337019,-21.2303803543843,-44.7125785824947,-9.12703908707307,4.01689495495662,0.238182072255945,12.1565279269055,-34.284173627568,51.8719687663463,-14.9384588419367,5.91729332146287,0.848075219310644,1.73143503428098,-44.5907818290713,31.1188958912652,0.61413065898102,9.00958394282005,-0.0388807662186489,-5.24835235481454,-0.552565645653141,-8.36950559295519,-1.66125746798693,8.95279163296873,-0.378012273079699,-5.0656235827403,-1.47967986509263,-26.7578172635233,-1.64636487110472,9.08071344507551,2.36790073736011,-12.7804541215,-0.707115602956186,-15.3198605125831
82.875,1.01616220855177,8.28549713599363,-1.95191174707391,-7.68809330774258,-25.7085888326679,-3.26111633435758,5.68953147653267,2.82460492473372,0.728478679906168,-29.2493823743442,-21.7023626357711,-46.7173741626468,-9.02678415608271,4.23128113549001,0.22301754627157,12.4083225927196,-34.2480988220897,43.736947387503,-14.7841312854388,6.35970919404146,0.868646337138579,3.50642797570876,-42.5881329773621,25.9715805027623,0.548407908157287,8.96274216270299,-0.0185457585129887,-5.27829254026776,-1.40528990870081,-8.53180592414956,-1.73986776233247,8.93474388826598,-0.369876816499318,-4.93921110154107,-2.33213003538138,-27.4279331993033,-1.66901164920544,9.10260603912346,2.3668545305658,-11.4887307224801,-1.04554908991139,-14.9986441433086
82.88,1.01465187738601,8.27109627585991,-1.93376172984497,-9.21329967350978,-27.0736419782721,-2.61341472967916,5.83049534772347,2.95784863526515,0.574734019781238,-28.8919921169868,-21.9677217485536,-48.5037986829784,-8.89331126700708,4.47630572694415,0.203314679844649,12.5052209822824,-34.0772415080652,35.6136245657649,-14.5419765237846,6.83882762936184,0.880537344363085,5.32452726608047,-40.3403059818341,21.5892094804632,0.47952069394986,8.92345797751728,-0.00778887221032466,-5.30464899012102,-2.25896853034765,-8.77208723108623,-1.81815795993407,8.92294351720444,-0.366937526357528,-4.80621386287226,-3.18464460166275,-28.046284560433,-1.68685611932476,9.13210528955716,2.36436073803052,-10.1173114963328,-1.38615242932426,-14.573491551348
82.885,1.00841187221211,8.27083363772186,-1.91235416468643,-10.7677733031776,-28.4077673985648,-1.97720872522557,5.97922120058983,3.10932086856738,0.422140380386198,-28.4612742020926,-22.0304692983946,-50.0695008734689,-8.72799518438943,4.75230834190729,0.179880210594264,12.4532323888736,-33.771942514907,27.5599330492193,-14.213392496314,7.34949197661451,0.88513610038163,7.18131850364047,-37.8656136944736,17.999422182134,0.408319975016036,8.89263296564697,-0.00662689618973578,-5.3278806795975,-3.10476469243983,-9.08765656581966,-1.89535737034085,8.91804908269661,-0.36906888005783,-4.66864919358074,-4.02852622176511,-28.6087701995329,-1.69955816249156,9.1688171634835,2.36087544112227,-8.68394654518872,-1.72989181860768,-14.0431903988199
82.89,0.997371637257548,8.28548816530157,-1.8874895931671,-12.3390213300299,-29.6966747013587,-1.36353663576402,6.1358606790802,3.279139060853,0.273259325348896,-27.9620718471966,-21.8979818887825,-51.4130785124051,-8.53275060405469,5.05897374078858,0.153669900515314,12.2604900605693,-33.33546804432,19.6328898448332,-13.8011456911742,7.88545880572331,0.883985098666743,9.06932339084513,-35.1875061813687,15.2135183267952,0.335679109194773,8.87118269731895,-0.0148672442002356,-5.34867686063718,-3.93454325725026,-9.47512319842448,-1.97077305388374,8.92072311701897,-0.375995427816166,-4.52872916160014,-4.85582871767143,-29.111839826302,-1.70694779011266,9.21217281198886,2.35688460468443,-7.20779505155665,-2.07782402552828,-13.4091281155644
82.895,0.981459107862538,8.31572875795846,-1.85900422809833,-13.9133046255592,-30.925773326195,-0.782758547942126,6.30034673839761,3.46722567852306,0.130569659400295,-27.4004258424474,-21.5808338004388,-52.534218198322,-8.310025105797,5.39530124594808,0.125736320231042,11.9370377628801,-32.7739831481933,11.8878727056333,-13.3093522890758,8.43950644773539,0.878687849418644,10.9781902559601,-32.3339861155071,13.2262093622295,0.262468287486122,8.860015490771,-0.0321177145412089,-5.36796524196104,-4.74101133659379,-9.93038920893387,-2.04381299093053,8.93161820831409,-0.38729571697949,-4.38883605407165,-5.65949917912144,-29.5526125642209,-1.70903418205614,9.26142931669861,2.352886050522,-5.70900761352328,-2.43083933403151,-12.675628344871
82.9,0.960609316984285,8.36210241268153,-1.82677408922895,-15.4758341411595,-32.0804588479311,-0.244369610379001,6.47237216891117,3.67328368895689,-0.00358589785126967,-26.7835020940037,-21.0925609236948,-53.433849112896,-8.06277942298136,5.75959145458413,0.0971725567891522,11.4945964531911,-32.0964354455311,4.37791435276934,-12.7434226341484,9.00358753638951,0.8708160661398,12.8949912853268,-29.3369159879639,12.0158017165598,0.189530550903213,8.86000918009766,-0.057800211684921,-5.38691519816396,-5.51782261773466,-10.4486617117538,-2.11400283799022,8.95136147520612,-0.402411136653453,-4.25149583479734,-6.43348277712901,-29.9289784529445,-1.70600513408792,9.3156748568248,2.34936854062195,-4.20827941181167,-2.78938059206059,-11.8502458877443
82.905,0.9347745036835,8.42502178729894,-1.79071826372488,-17.010994948516,-33.1464046925283,0.243159751202571,6.65137328537313,3.89677508802841,-0.127049557783973,-26.1194889117903,-20.4493638066756,-54.1143052628644,-7.79445391363071,6.14945107982229,0.069055234017704,10.9463190067139,-31.3143537911651,-2.8469719990317,-12.1099709574822,9.569022544156,0.861822825682701,14.8046156600274,-26.2312474730926,11.5448161377231,0.11766033455413,8.87198681714465,-0.0911680598735192,-5.40693489597173,-6.25964592782204,-11.0244860889182,-2.18099505604621,8.98053800914128,-0.420659478840745,-4.11934923230776,-7.17279048594264,-30.2396779135871,-1.69821606327159,9.37383887609745,2.34678881157216,-2.72638417682522,-3.15315011455761,-10.9440096031986
82.91,0.903935005362836,8.50475226022467,-1.75080144825494,-18.5025966717337,-34.1098514614979,0.672512356750871,6.83651967156917,4.13690351228762,-0.237891678276876,-25.4174649108111,-19.669759011753,-54.5794895128349,-7.50892055404495,6.56181622087746,0.0423901889458074,10.3065397149838,-30.4415695716775,-9.74042241773691,-11.4166936404308,10.1267287850911,0.852966304554438,16.6902445081239,-23.0542023975496,11.7610326091814,0.0475853021542639,8.89669226858301,-0.131326485159708,-5.42966138050678,-6.96219943072067,-11.6517984556179,-2.24456966531637,9.01967390155254,-0.441252770860961,-3.99512020621706,-7.87353086121267,-30.4843546770783,-1.68616836742934,9.4347077135829,2.34554775230777,-1.28370005154914,-3.52081724658101,-9.97160244609817
82.915,0.868110140264217,8.60139868956117,-1.70703595419753,-19.9341479975365,-34.9578867268913,1.03761883423424,7.02671079745602,4.39260188812162,-0.334447477404502,-24.6872392849076,-18.7741888361919,-54.8350319055775,-7.2104203533232,6.99299381649598,0.018063855956431,9.59052381333239,-29.4938707459392,-16.2602944326911,-10.6722203842294,10.667477026379,0.845247821703775,18.5338907089566,-19.8444322999161,12.5989353482812,-0.0200479602663596,8.93476665301729,-0.177255765683234,-5.45694292278043,-7.62225260438867,-12.3239945307026,-2.30462641703969,9.06921948177218,-0.463318733612469,-3.8815817012299,-8.53290784024605,-30.6635784493218,-1.67047769242621,9.49694592054569,2.34596715383928,0.100260678490481,-3.88974005977998,-8.95146771050123
82.92,0.827368304253,8.71489224487715,-1.6594833310034,-21.2891516560918,-35.6787090740581,1.33371729214458,7.22058016412636,4.66252599807833,-0.415346673398288,-23.9391671015774,-17.7845998696279,-54.8884343195541,-6.9034867767766,7.43872049549775,-0.00319707414924986,8.81422073998996,-28.4886006249184,-22.369169552904,-9.88594340363093,11.182165867709,0.839366876267277,20.3169842640853,-16.6411800358267,13.981517986715,-0.0846840194484232,8.98672649372842,-0.227836451620608,-5.49081327143469,-8.23759884387782,-13.0340112356906,-2.36116874117379,9.12953337548817,-0.485925072506196,-3.78151878632628,-9.14918731217573,-30.7788346409223,-1.65183347412526,9.55912312384929,2.34826856633034,1.40730544832747,-4.2557149033918,-7.90583095558937
82.925,0.78183560255609,8.84497788758661,-1.6082556901675,-22.5514148917754,-36.2618710681366,1.55737877985332,7.41650738838831,4.94505477105946,-0.479535772899046,-23.1839431521268,-16.724000873905,-54.7491934130222,-6.59285652461307,7.89423752484176,-0.0208557574455193,7.99402332660005,-27.4442147071959,-28.0347752478431,-9.06783018299415,11.6621025128352,0.835694805022015,22.0209822545121,-13.4834628755444,15.8223959419512,-0.145864271751899,9.05294434900269,-0.281875955746218,-5.5334578516167,-8.80700224912521,-13.7744167857626,-2.41428039903579,9.20086795135063,-0.50810571271075,-3.69768945557131,-9.72163601881897,-30.8324797868863,-1.63095192528266,9.6197458748359,2.35255579136595,2.62098607173695,-4.61276735354295,-6.86062832400594
82.93,0.731702480171387,8.99120327687469,-1.55351671809651,-23.7053691727907,-36.6984965380914,1.70650042530877,7.61263833596972,5.23829800390217,-0.52629299693737,-22.4323787607112,-15.6160101261373,-54.4288940229036,-6.28336978357991,8.35438008302626,-0.0345837592375188,7.14653377475082,-26.3798096830589,-33.2303170443221,-8.22822545678591,12.0992775695457,0.834267697982865,23.6279813506166,-10.4092926165346,18.0281617716608,-0.20322827724917,9.13363253918272,-0.338135743369662,-5.5871723792529,-9.33012288227944,-14.5375048155692,-2.46409631190918,9.28335665274222,-0.528888042838524,-3.63278351323999,-10.2504371768536,-30.8276627626336,-1.60852536279188,9.67729353071667,2.35880244501628,3.72698141692002,-4.95299752665012,-5.84533412205209
82.935,0.677227964957377,9.15291002495645,-1.49548228682527,-24.7363918590009,-36.9814680966276,1.78026885249686,7.80691308081731,5.5401120589025,-0.555236065828843,-21.6951667737828,-14.4844017078504,-53.941265707498,-5.97986279035443,8.81367866088339,-0.0442674446294518,6.28833615860812,-25.3146390190953,-37.9347132624717,-7.37764796444156,12.4866212108252,0.834798330497685,25.1213104575201,-7.45494480025292,20.5009104198241,-0.256511046525797,9.2288304372452,-0.395358331541808,-5.65431477323019,-9.80742542322791,-15.3153882038309,-2.51076951796839,9.37700361581335,-0.547320222603828,-3.58938007370083,-10.7365879573705,-30.76821349711,-1.58517134986504,9.7302569429378,2.36684587422736,4.71342559963649,-5.26649176887796,-4.89268348634124
82.94,0.618741263114987,9.32922826206876,-1.43442054110154,-25.6311218671516,-37.1055812736539,1.77909675913089,7.99710114060794,5.84812382402511,-0.566323252573737,-20.9826406634236,-13.3526593014102,-53.3021959344716,-5.68705615079503,9.26647001926577,-0.0500022264912472,5.43577435792448,-24.2676293610898,-42.1327271193511,-6.52658725051682,12.8182285463595,0.83670607513458,26.4860814726586,-4.65428636443878,23.1408552156228,-0.305536815940982,9.3383956445216,-0.452293352785707,-5.73725161752238,-10.2400765738504,-16.100088678211,-2.55443658840244,9.48167585980231,-0.56249763357086,-3.56990428686982,-11.1817844727131,-30.6585025208201,-1.56138549348768,9.7771786321697,2.37638849064499,5.57116978652058,-5.541311396073,-4.0382893850136
82.945,0.556640540376277,9.51907537159441,-1.37065136569616,-26.3777611160883,-37.0676622269826,1.70453558052091,8.18084314637653,6.15976286975993,-0.559848252201448,-20.304534218296,-12.2435449372809,-52.5296945067112,-5.40944279326572,9.70701483175281,-0.0520753365919169,4.60473380513853,-23.2569113721647,-45.8149934589491,-5.68530539650363,13.0895434266564,0.83916302006093,27.7096774550627,-2.03816896667934,25.848952772599,-0.350210053201976,9.46199924184755,-0.507722037488039,-5.83830072204056,-10.6298366401464,-16.8836189159068,-2.5951840590371,9.59709821144504,-0.573587610470563,-3.57658396869498,-11.588300075946,-30.5032762922174,-1.53750182888564,9.81669321443826,2.38700727611747,6.29396677290341,-5.76356738894724,-3.32015667916382
82.95,0.491388801487723,9.72115954215126,-1.30454518747721,-26.9663537127033,-36.8666468436009,1.55916721050003,8.35569786976948,6.47230132951747,-0.536429496525376,-19.6697486045521,-11.1786889198413,-51.6438051714413,-5.15117966281407,10.1296189372675,-0.0509383872893499,3.81042526165566,-22.2993775983332,-48.9779401722816,-4.86364813034249,13.2974920163385,0.841153848367193,28.7821598106106,0.366106310426843,28.5294558000204,-0.390504566461218,9.59912518518773,-0.560479595798873,-5.95967153418526,-10.9789504233211,-17.6580546174662,-2.63301846188047,9.72285100268662,-0.579851691205072,-3.61140687862662,-11.9588625365717,-30.3074747412605,-1.51366449808277,9.84756704838238,2.39817178922609,6.87856925320219,-5.9175876896703,-2.77809916583134
82.955,0.423506872110753,9.93398851274018,-1.23652110157853,-27.3890353853117,-36.5036201527541,1.34647794132195,8.51919336468075,6.78290063393913,-0.496994566795257,-19.0861336167156,-10.1782059691671,-50.6664619449651,-4.91598727348433,10.5287550487091,-0.0471715379674767,3.06716905633635,-21.4102785918078,-51.6236073402623,-4.07086929438959,13.4405601226664,0.841546451611341,29.6965792408772,2.53524818949349,31.0923170815956,-0.42645161905424,9.74907379895586,-0.609475110606616,-6.10340525153694,-11.2900419489003,-18.4155948444124,-2.66784235086449,9.85837047202024,-0.58066477056647,-3.67607943282456,-12.2965350850832,-30.0760387690719,-1.48981387913415,9.86873631697759,2.40927046702159,7.32473526539541,-5.98618097519228,-2.45306829443687
82.96,0.353563604391742,10.1558836127692,-1.16704430611608,-27.6402464692139,-35.9818162048756,1.07071813866627,8.66888087702472,7.08866389697871,-0.442760324301767,-18.560289692899,-9.26034157802944,-49.6212894624643,-4.70706103050538,10.8991818160678,-0.0414415423724329,2.38817884097873,-20.602866908238,-53.7593701054793,-3.31547217662666,13.5188112429757,0.839169781406701,30.4491788985602,4.45035426593132,33.4553749318974,-0.458127881343954,9.91096920644633,-0.65370867556523,-6.27131647981274,-11.5660167866974,-19.1486097171882,-2.69943832241411,10.0029517122892,-0.57553072406794,-3.77198765740374,-12.6046055452723,-29.8137164609993,-1.46568946986064,9.87934297174161,2.4196444175034,7.63513763490398,-5.95099753037727,-2.38640461913667
82.965,0.282163563086013,10.3849989495137,-1.09662279365039,-27.7169026859189,-35.3065797562303,0.736751607441966,8.80239012751465,7.3866925068271,-0.375209303078176,-18.0973967509509,-8.44115179829995,-48.5333485627104,-4.52699782017661,11.236057311494,-0.0344562918740311,1.78534492591448,-19.8880968147994,-55.397574078688,-2.60507071986408,13.5338454297454,0.83289509314246,31.0394821537485,6.09720606190728,35.5462596342137,-0.48564391043684,10.083770429221,-0.692285627365681,-6.46493817837729,-11.8099748825467,-19.8496753258926,-2.72746247918474,10.1557539464282,-0.564094264359232,-3.90016116006307,-12.8864869153868,-29.5248774224364,-1.44085072732373,9.87876812720405,2.42862730139022,7.81517818330519,-5.79298419313929,-2.61902509485916
82.97,0.209932583613712,10.6193453757348,-1.0258032054335,-27.6185189610909,-34.4852921098185,0.349899023710874,8.91748456903615,7.67414531570358,-0.29606280233224,-17.701075139588,-7.73421919372784,-47.4288302558872,-4.37774075727367,11.5350442635885,-0.0269186563090836,1.26901859333644,-19.274385676768,-56.5550945490901,-1.9462731055264,13.4887022065433,0.821716511780533,31.4702614094439,7.46647630628837,37.3039711237575,-0.509133672461652,10.2662857973639,-0.724427828261118,-6.68547145457418,-12.0251360069655,-20.5115963798225,-2.7514481313797,10.3158078830427,-0.546148977768957,-4.06124083206669,-13.1456318924229,-29.2133448585776,-1.41471578730663,9.86666260017698,2.43558936627055,7.87271174059818,-5.49292640555559,-3.19056107117205
82.975,0.137501704997888,10.85681867238,-0.955165726315954,-27.3472825709583,-33.5272642418489,-0.0842198627474288,9.01211525537284,7.94829873656698,-0.207250992351527,-17.3732830285983,-7.15040753266764,-46.3347031039275,-4.26054420366143,11.792404688227,-0.0194824414309753,0.847800349436228,-18.7674410892448,-57.2528327644786,-1.34458964860835,13.3877137093818,0.804826767996961,31.7473884042438,8.55384482762509,38.680090080073,-0.528745435999501,10.4571902476142,-0.749482046603236,-6.93374152875915,-12.214779158374,-21.1274176828738,-2.77081983146065,10.4820249041893,-0.52164164090208,-4.25545089566014,-13.3854629962816,-28.8822547411692,-1.38661663259463,9.84297433965229,2.4399832629781,7.81768935712467,-5.03206629230328,-4.13846324313392
82.98,0.0654900606137224,11.0952312057821,-0.885317891372748,-26.9080729882382,-32.4436008836191,-0.559840335892082,9.08447202537265,8.20660603224224,-0.110880223966966,-17.1142534287941,-6.69765790879132,-45.2783207752709,-4.17596026933644,12.0050819188454,-0.0127131279362698,0.528336746623348,-18.370155932266,-57.5151639843854,-0.804366336286397,13.2363167508825,0.781684035943243,31.8795703348716,9.36001983429111,39.6395972535194,-0.544634182628358,10.6550450482403,-0.766925555630228,-7.21016091740213,-12.3821965533704,-21.6904259444238,-2.78491714746734,10.6532078628943,-0.490673026306413,-4.48257579815635,-13.6093191641678,-28.5339506270857,-1.35586795546899,9.80797247348583,2.44138897385706,7.66173433730208,-4.39278151612419,-5.4970908247336
82.985,-0.00551263310939298,11.3323461827535,-0.816887183868157,-26.308426907356,-31.2470395396255,-1.07119812847995,9.1330307993282,8.44675411747513,-0.00919762691973924,-16.9224727859829,-6.38082929715655,-44.2869980427654,-4.12384703274022,12.1707684091563,-0.00705574028520806,0.3151320438846,-18.0825716874087,-57.3693528296411,-0.328744706020768,13.0408343919057,0.752066065851044,31.8779798792552,9.89066211946917,40.1612888424047,-0.556955511979683,10.8583194711685,-0.776369122111089,-7.51470059672794,-12.5306622000332,-22.1941437074013,-2.7930269430091,10.8280633090264,-0.453495464898173,-4.74194233849205,-13.820418965326,-28.1699214426819,-1.32184577559717,9.76226757896036,2.43955505726119,7.41766855087858,-3.55930559011789,-7.29680281700112
82.99,-0.0749633040675299,11.5659135507703,-0.750512325492427,-25.558448043279,-29.9517685116424,-1.61266124435525,9.15659589083585,8.66671628015105,0.0954469821989297,-16.794701788358,-6.20158697224371,-43.387564717322,-4.10339773282318,12.2879580454333,-0.00281172868030613,0.210382424826112,-17.9019085930764,-56.8449516341671,0.0803518851387506,12.8082387022495,0.716108255742053,31.7557908120291,10.1562109808779,40.237788569638,-0.565860877899885,11.06541392381,-0.777557592757773,-7.84686963582184,-12.6634144768116,-22.6323173059714,-2.794422387026,11.0052150088289,-0.410507448979881,-5.03240730952228,-14.0218399346169,-27.7907878733715,-1.2840709221134,9.70682755080879,2.43443349518306,7.09900954001207,-2.51846660509092,-9.56306953311385
82.995,-0.1423817495443,11.7937065770094,-0.686833202708625,-24.6706624031631,-28.5732278815951,-2.178843654722,9.15433634413647,8.86479935469106,0.20064187086114,-16.7260377228452,-6.15834260643967,-42.6059079150082,-4.11318925415224,12.3559820464481,-0.000126160666787251,0.213841603583906,-17.822659566718,-55.9731970705575,0.422206168459902,12.5459066449419,0.674322954577256,31.5276344176654,10.1716124609567,39.8751693023751,-0.571493892408488,11.2746840543661,-0.77036831446397,-8.20570354504227,-12.7836516113178,-22.9989007814934,-2.78840649418561,11.1832186704397,-0.362245539389601,-5.35235086470681,-14.2165129297872,-27.3963409634865,-1.24229184329285,9.64298811750126,2.42620572222867,6.71946079994864,-1.2604182664203,-12.3156226498312
83,-0.20736513976296,12.0135581693807,-0.626479448071161,-23.6598208305116,-27.1278971220785,-2.76469701257566,9.1258154047319,9.03968403626406,0.303956772562814,-16.7100164742478,-6.24625010133461,-41.9665136219915,-4.15124740230698,12.3750278357407,0.0010141527370634,0.322727276879908,-17.8367433247541,-54.7864193323966,0.697270189351687,12.2613804672798,0.627598144790827,31.2089953064217,9.95595287095073,39.0922082284719,-0.573987381194784,11.4844653579552,-0.754807642666645,-8.58976138984212,-12.894538451757,-23.2880376137641,-2.77435771524328,11.3605778294534,-0.309373787324244,-5.69967578520417,-14.4072298687622,-26.9856342174275,-1.19656092131443,9.57245670444449,2.41529788141669,6.29241797172511,0.220664982280471,-15.5676620796687
83.005,-0.269600130303812,12.2233960478412,-0.57005780434924,-22.5426517385555,-25.6330726153245,-3.36557748337754,9.07101231710688,9.19045719934493,0.402988687329367,-16.7387511387649,-6.4572611637338,-41.4920187451646,-4.21512579484728,12.3461405436751,0.000771676578897512,0.531677914655879,-17.9337108306807,-53.3174767094654,0.907105500557822,11.9621427363684,0.577174701727285,30.8155683871851,9.53200330666014,37.9193094843013,-0.573460866198261,11.6930978362898,-0.731005794778628,-8.99713158606237,-12.9992224476075,-23.4940419813552,-2.75177496511714,11.535760876819,-0.252670807078079,-6.07181284206808,-14.5966627021297,-26.5571280026595,-1.14729857655707,9.49730803878174,2.40238393304992,5.83051253530079,1.92595794450725,-19.3251379165497
83.01,-0.328872014582939,12.4212759218699,-0.518138526624167,-21.3375680968145,-24.1066379391146,-3.97728592269797,8.99033572529361,9.31663527313362,0.495409717256891,-16.803103262595,-6.78024422924513,-41.2027847256506,-4.30199470732834,12.2712070466282,-0.000560917739923145,0.832768749651392,-18.1009981394968,-51.5992266055495,1.05430241377077,11.6554143727536,0.5246026142267,30.3626014047637,8.92568374767066,36.3971365442962,-0.570018180321684,11.8989502956436,-0.699210287764925,-9.42544622806601,-13.1008563268957,-23.6113810617194,-2.72031949475643,11.7072192194859,-0.193014556420962,-6.46573251768244,-14.7873910436953,-26.1088825107381,-1.09533995357797,9.41996970516186,2.38837588046125,5.34521218005906,3.85144869036742,-23.5861255363238
83.015,-0.385070484677031,12.6054118841392,-0.471241201369584,-20.0643339003857,-22.5668293815776,-4.59608082913279,8.88462804363872,9.41817792790475,0.579016305843447,-16.8928819374599,-7.20116949082048,-41.1165033701041,-4.40873593323848,12.1529226960427,-0.00258852754010597,1.21559449832019,-18.3242179090255,-49.6640420468024,1.14238078452807,11.347981894886,0.471677792740247,29.864249333893,8.16545810153437,34.5750035119456,-0.563744979500176,12.100443898272,-0.659778159613371,-9.87190380070319,-13.2026246126026,-23.6346596354328,-2.67985117460695,11.8734065486002,-0.13136481736385,-6.87796345578333,-14.9819355519557,-25.6387930614673,-1.04195986652365,9.34319584810111,2.37440103830142,4.84649373001051,5.98752398016183,-28.340311536524
83.02,-0.43819172340386,12.7742033031402,-0.429820463630422,-18.7436965010169,-21.0319988187263,-5.21866467292623,8.75516027990597,9.49549154330375,0.651778963203384,-16.9970653923282,-7.70336146967449,-41.2478448534675,-4.53203964790506,11.9947411487451,-0.00484819986294568,1.66742433334637,-18.5874813287062,-47.5433806293191,1.17567514625031,11.0460577815715,0.420362288738351,29.3329678009261,7.28167400918554,32.509079613336,-0.554706003718291,12.2960746046414,-0.613167124025347,-10.3333001734519,-13.3077708998079,-23.5586079968762,-2.63045705290498,12.0327991498359,-0.0687433448386754,-7.30461812498017,-15.1827939592655,-25.1448592580119,-0.988872899376679,9.27002741149508,2.36176692683018,4.34260068070318,8.31870061303922,-33.5686074853404
83.025,-0.488336708093794,12.9262576003968,-0.394252156490893,-17.3969922616309,-19.5203758541833,-5.84214529387401,8.60361694072933,9.54942216690618,0.711891264321088,-17.1040393091377,-8.26781877490589,-41.6081569033283,-4.66849940600585,11.8008079941627,-0.00684822752267698,2.17343199121591,-18.8737419769538,-45.2674107572651,1.15920731824079,10.7551755656669,0.372691816598961,28.7789724018959,6.30586323057529,30.2604646364607,-0.542942046408581,12.4844341560628,-0.559925756012072,-10.806067840988,-13.4196227473715,-23.3780739283663,-2.57247046625635,12.183917128843,-0.00621168053485398,-7.7414262721298,-15.3924766019289,-24.625477525338,-0.938207034831165,9.20373772826141,2.35191501621648,3.83989336639025,10.8235231028114,-39.2429073441992
83.03,-0.535705757898628,13.0604084357485,-0.364820493648831,-16.045733954313,-18.0498309853989,-6.463975057455,8.43207083699641,9.58123793391005,0.757816639451518,-17.2018458522921,-8.87359848541776,-42.2052230261523,-4.81470173625007,11.5758791907105,-0.00810921701565272,2.71700074415346,-19.1651531551352,-42.8646980052169,1.09854988927383,10.4801191404179,0.330675341002552,28.2097891788993,5.27001988525613,27.8931947321819,-0.528466712746693,12.664229252021,-0.500682763647374,-11.2863234240292,-13.5416111352,-23.0880192953656,-2.50647949196711,12.3253463464236,0.0551532807025202,-8.18377677373439,-15.6135384139117,-24.0797449878484,-0.892450833680196,9.14776292217846,2.34636515389177,3.34279573764813,13.4746427663863,-45.326002878129
83.035,-0.580589496145348,13.1757289920643,-0.341706758598115,-14.7111890998698,-16.6376415138006,-7.08187135885403,8.24294783954205,9.59260120416956,0.788331265630059,-17.2784373296714,-9.49826005014707,-43.0430863103962,-4.96730729866454,11.3252256721512,-0.00820448425534016,3.28009944760194,-19.4434305473404,-40.3619525574184,0.999684210613014,10.2248839237624,0.296192106326064,27.6299185352934,4.20587466344995,25.4722378439272,-0.511263169242031,12.8342985772878,-0.436135378053679,-11.7699234442442,-13.6772816966717,-22.6835216856446,-2.43332411402865,12.4557607694851,0.114285736910111,-8.62676843569258,-15.8486045954673,-23.5077615515896,-0.854375898856459,9.10561743397878,2.34665306094825,2.85383882916006,16.2390869327735,-51.7716693423982
83.04,-0.62335652470222,13.271540235315,-0.324980006261459,-13.4139589975423,-15.3002619412431,-7.69372287456189,8.03898191360804,9.5855309699121,0.802561253978712,-17.321928488275,-10.1183608800606,-44.1219438663277,-5.12312120445566,11.0545258551153,-0.00679718150925111,3.84372218631032,-19.6902125959379,-37.7838369746404,0.868856695480039,9.99266611433709,0.27089179680864,27.0406305350917,3.14418331882068,23.0615360803114,-0.491281199089174,12.9936273365033,-0.367036884659531,-12.2525283098533,-13.8302953411638,-22.1597814525355,-2.35408209820774,12.5739448542323,0.170159020455927,-9.06527012258987,-16.1003875339385,-22.9109165240105,-0.82693801653057,9.08079598034638,2.3542637567597,2.37379732194482,19.0787197649923,-58.5249312298878
83.045,-0.664438218024934,13.3474142074055,-0.314590141312983,-12.1735684871974,-14.0531006812899,-8.29748666426665,7.82316107970167,9.56235637852218,0.800012331046036,-17.3208416815381,-10.7099930672995,-45.4381153615205,-5.27915082197754,10.7697481530577,-0.00367174655075055,4.38838040331379,-19.8874117244944,-35.1528320491748,0.712437284851653,9.78587539242112,0.256103494659494,26.4399039940163,2.11404733279423,20.7221487661506,-0.468434971451752,13.1413589639481,-0.294183322876886,-12.7296742797437,-14.0044164126138,-21.5121345314237,-2.27004420307196,12.6788154979611,0.221814623429195,-9.49399031004118,-16.3716930134316,-22.2921461779423,-0.813161851931144,9.07666432346495,2.37056412038038,1.90191222743334,21.9508884606254,-65.5225149075546
83.05,-0.704311140289522,13.4031725682053,-0.31036365053041,-11.0080765112765,-12.9103050599974,-8.89108177473866,7.59866529840042,9.52566248019305,0.780590346030588,-17.2643395191194,-11.2493481002365,-46.9840874120646,-5.43265015710826,10.4770259578111,0.00124241927214037,4.8946330374989,-20.0175504301913,-32.4891572556777,0.536783866161487,9.60616610233448,0.252758741141923,25.8225153111553,1.14228368422722,18.5105450430735,-0.442601998729922,13.2768036977556,-0.218399399891082,-13.1968529124427,-14.2034871637604,-20.7360714734393,-2.18267995709548,12.7694430352883,0.268391405957055,-9.90755575400664,-16.6654142824117,-21.6561493615859,-0.816015281007614,9.09634228357942,2.39673797428212,1.43618972788124,24.809240782316,-72.6934916119253
83.055,-0.743477668421884,13.4388807281355,-0.312002168860758,-9.93371729780485,-11.8845567837078,-9.47228532565115,7.36879763775239,9.47822953873849,0.744611201751875,-17.1424401137702,-11.7132942360956,-48.7486338274712,-5.58115065764228,10.1825278639672,0.00785671184592371,5.34363734188399,-20.0640772440082,-29.8107413056332,0.348116185884145,9.45448213338383,0.261333328713636,25.1802759710302,0.252859269829877,16.4770891149361,-0.41362378419547,13.3994437429741,-0.140523692722538,-13.6495971633682,-14.4313880408037,-19.8272632709708,-2.09359577159183,12.8450707192507,0.309154022005317,-10.3005984782305,-16.9845131392409,-21.009549555042,-0.838280274595574,9.14258337527827,2.43372704493709,0.973763683122862,27.6046924387457,-79.9601105733914
83.06,-0.782445462806496,13.4548380003944,-0.319083962374719,-8.96458146550998,-10.9868802937365,-10.0386370990096,7.13691043098088,9.42296743080134,0.692799192130106,-16.9462106586363,-12.0799495207709,-50.7170099237299,-5.7224790076031,9.89232616320032,0.0159196744715104,5.7177009112605,-20.011658545853,-27.1332375698526,0.152402353559437,9.3311112588433,0.281811502005711,24.5024104506478,-0.53359621171348,14.6647548100867,-0.381308643822005,13.5089347978199,-0.0613932531448938,-14.0835728868052,-14.6919840504619,-18.7815947199818,-2.00448759821342,12.9051321202902,0.343519462494099,-10.6678497197867,-17.3319878363732,-20.3609936268259,-0.88242766013194,9.21765620391123,2.48218089440075,0.511307312884407,30.2865162454489,-87.2388180563083
83.065,-0.821706465363685,13.4515642561695,-0.331068318256018,-8.11234555195351,-10.2264666776616,-10.5873583663075,6.90632844036427,9.36284680357244,0.626273213010626,-16.6679357810472,-12.3292324588678,-52.8712173599178,-5.8547631133204,9.61226680730408,0.0250245030110637,6.0008141857556,-19.8464431486389,-24.4700786405674,-0.0447396113256477,9.23574544204218,0.313675077613139,23.7760592816334,-1.20018711185957,13.1080991727729,-0.345437116134978,13.6051037844386,0.0181722146408839,-14.4946740495884,-14.9890582975926,-17.5952062494102,-1.91709064738658,12.9492658957524,0.371080521764111,-11.0042388733172,-17.7108282838625,-19.7211798727566,-0.950503034828273,9.32323325000616,2.54241843648562,0.045478091632494,32.8035196302352,-94.4414538805072
83.07,-0.861716124686279,13.4297835926921,-0.347302748220197,-7.38605739000664,-9.61051602742428,-11.1152900667979,6.68027127826771,9.30082876544093,0.546520865259359,-16.3012579027749,-12.4433721501857,-55.1903342653212,-5.97642798492109,9.34784410548648,0.0346276423039639,6.17914244085543,-19.556297365621,-21.8325640483414,-0.238123545511174,9.16754441987831,0.355918663862982,22.9868856242599,-1.73404887362108,11.8325173066281,-0.305770256888366,13.6879427122677,0.0973863650261782,-14.8791195003831,-15.3262346011907,-16.2645453108093,-1.83312883817437,12.9773274239118,0.391624959440058,-11.3049948770375,-18.12395973167,-19.1028106209274,-1.04403058796172,9.4602928478664,2.61440299454867,-0.426621100654158,35.1052731884651,-101.476612531087
83.075,-0.902873551982579,13.390405528477,-0.367032841630178,-6.79198343230914,-9.14410129539556,-11.6188545374826,6.46177746808272,9.23979494554848,0.455361058806156,-15.84128766616,-12.4073603962002,-57.6509038458465,-6.0861835700272,9.10408337179587,0.0440777672135408,6.24145709799728,-19.1310089037778,-19.2299751094437,-0.423059501469587,9.1252006238129,0.407090737341453,22.1197582717589,-2.12653818935615,10.8537926518248,-0.262060957651114,13.7575987107459,0.175512094335382,-15.2335486947951,-15.7068918684193,-14.7864285090417,-1.75426663376923,12.9893968537393,0.405149167112836,-11.5657469352024,-18.5741767925515,-18.5204676345965,-1.16394062528243,9.62904000210733,2.69773208200162,-0.906982128684149,37.143350787996,-108.251151210401
83.08,-0.94550329677145,13.3345042279704,-0.389414554234404,-6.33352259941567,-8.83005678166092,-12.0940438699743,6.25363253717547,9.18247976691721,0.354896310535707,-15.2846833304691,-12.2093298645495,-60.2273732260447,-6.18300708631562,8.88543467705689,0.052653813803552,6.17948810485254,-18.5624583597299,-16.6697110356983,-0.595401181902016,9.1070043492193,0.465358870233666,21.1594798497797,-2.37331188442749,10.1779483046741,-0.214068233940749,13.8143603980332,0.251876901456995,-15.5551133890446,-16.1340735709251,-13.158115605397,-1.68206572499292,12.9857831887182,0.411865271148018,-11.7826210240468,-19.0640702884549,-17.9904115994752,-1.31052522133451,9.82885115168906,2.79164224115662,-1.39625090312662,38.8725412088573,-114.671822073995
83.085,-0.989839389345253,13.2632962327997,-0.413528691735255,-6.01118956739622,-8.66889437931687,-12.5364367263189,6.0583034205094,9.13140672265611,0.247456460076636,-14.6296988701005,-11.8408448449915,-62.8925730356877,-6.26612225960788,8.69568051012967,0.0596101438952958,5.98818208409304,-17.844757335886,-14.1574407723151,-0.751577715027158,9.1109084744078,0.528595963554868,20.0915264034238,-2.4742929924411,9.80139602019717,-0.161574203963725,13.8586408973465,0.325887263317156,-15.8415620220063,-16.6103961749337,-11.3773962824099,-1.61794866371772,12.9670240941427,0.412200813233442,-11.9523283306332,-19.5959499249869,-17.5303099978177,-1.48342473163263,10.0582470374734,2.89502839653502,-1.89332371025631,40.251992460002,-120.647000481317
83.09,-1.03601222012616,13.1781171417228,-0.438397341167032,-5.82266866030915,-8.65875060259246,-12.9412441641058,5.87788123277768,9.08883031941036,0.135535964668256,-13.8762012837587,-11.2970943372946,-65.6182272371743,-6.33497740400682,8.53785963083135,0.0642264298047737,5.6658548039857,-16.9743522725445,-11.6972655201249,-0.888611544105866,9.13459216464373,0.594483010357579,18.9027638332313,-2.43352543454182,9.71137046665738,-0.104403227825255,13.8909579621753,0.397041516654589,-16.0913133482497,-17.1379606993645,-9.44269009016835,-1.56317103686882,12.933881190644,0.40679044495759,-12.0722416711156,-20.1717662007398,-17.1589005048522,-1.68164597322988,10.3148964299031,3.00647630439958,-2.39499817971542,41.2462527214947,-126.088475693457
83.095,-1.08403871466807,13.0803976358904,-0.463002011825351,-5.76293768934598,-8.7953672177511,-13.3033837436334,5.71403416257425,9.05668515878854,0.0217272382121259,-13.0256583271074,-10.5769810228811,-68.375481971495,-6.38922454105709,8.41420910783295,0.0658594687713842,5.21423108611498,-15.9500930646544,-9.29188752175172,-1.00412516562439,9.1755236314142,0.660622767630155,17.582107942765,-2.25892162830654,9.88662753709084,-0.0424424138330128,13.9119118127552,0.464940717412222,-16.3035159055743,-17.7182717103837,-7.35315929307801,-1.51880314411416,12.8873306681615,0.396459438639827,-12.1404560638815,-20.7930352387574,-16.8955995572935,-1.90361084668574,10.5956516892968,3.12430587761556,-2.89569585911731,41.8261762634218,-130.913265607554
83.1,-1.13381613185422,12.9716391875956,-0.486303254401416,-5.82445919088875,-9.07210797884434,-13.617579929932,5.56797187453025,9.03654338420118,-0.0913473489319376,-12.0810984894512,-9.68310388335743,-71.1354418247407,-6.42870138624454,8.32612601100946,0.0639939061102525,4.63837028374533,-14.7732654743539,-6.94278141232927,-1.09633969877091,9.2310221621541,0.724657858558797,16.1210982423053,-1.9619101098319,10.2983774921396,0.0243375499130414,13.9221614065139,0.529296955188101,-16.4780901288916,-18.3521680031362,-5.10883343026772,-1.4857214467813,12.8285491197061,0.382199224421791,-12.1558300143572,-21.4607703764886,-16.7600678189802,-2.14723215265647,10.8966151579639,3.2466225335518,-3.38727226979906,41.9696685114357,-135.04541338169
83.105,-1.18511968095356,12.8533897204733,-0.507261513913887,-5.99743459540536,-9.48001352893282,-13.8784875686543,5.44042239198254,9.0295814509513,-0.201102202011904,-11.0470455236143,-8.62163659994308,-73.8697018949842,-6.45341723516226,8.27414955595188,0.0582887822052832,3.94648065036984,-13.4475863356042,-4.65036520642737,-1.16406791222802,9.29831938697981,0.784386373136462,14.5143609452305,-1.55699278876481,10.9114167628973,0.0958624813390676,13.9223999570982,0.589938632828336,-16.6157503619424,-19.0397689503338,-2.71074333575431,-1.4646093481269,12.7588945514849,0.365135577385958,-12.1180046971716,-22.175424330621,-16.7717458089529,-2.41001148749867,11.2132334955922,3.37137335075361,-3.85892871930872,41.6622512697855,-138.417721469523
83.11,-1.2376040326933,12.7272194160645,-0.524858935679846,-6.27011498388032,-10.0078959591367,-14.0808340407796,5.33162199637988,9.03655690015337,-0.305051523393538,-9.92943018118866,-7.4021081416039,-76.5508643372328,-6.4635433337333,8.25796397690631,0.0486169310487398,3.14963096930773,-11.9791606368276,-2.41416875610557,-1.20670396100351,9.37461965404805,0.837868064183841,12.7599433965952,-1.06122377542792,11.6854166418339,0.171937076306133,13.9133305749658,0.646812285836842,-16.7180046450275,-19.7804399844479,-0.161061189537385,-1.45596620339064,12.6798825760616,0.346490468534085,-12.0273990639267,-22.9368455108305,-16.9493739050423,-2.68915252554418,11.5404154984675,3.49640477679275,-4.29723800029855,40.8974364104704,-140.973377644971
83.115,-1.29080869329616,12.5946968008862,-0.538121789292382,-6.62916035830101,-10.6424738296029,-14.2195746514055,5.24131824833746,9.05779554669664,-0.400866484152129,-8.73548198840001,-6.03709587249112,-79.1530286186656,-6.45940772563018,8.27642187025423,0.0350945525901722,2.26137243289883,-10.376399812618,-0.232998207879701,-1.2242113214145,9.45715912054053,0.883514780483882,10.8595099186459,-0.493623869038007,12.5763230405886,0.252230968699249,13.8956429247419,0.69998061932279,-16.7871309358648,-20.5727799180388,2.53675805085249,-1.46012289497391,12.5931578474678,0.327538943130057,-11.8851799106808,-23.7442515559492,-17.310511279556,-2.98168184786477,11.8726678155684,3.61951889997203,-4.6862933432527,39.676903496078,-142.667427924443
83.12,-1.34416711325354,12.4573652142303,-0.546143110969052,-7.06003785865689,-11.3685476620563,-14.2900549643477,5.16878583762243,9.0931892357708,-0.486424817094416,-7.47360392874789,-4.54184485624276,-81.6522454568102,-6.44149394899598,8.3275872450822,0.0180987555412413,1.29728767404826,-8.64990101958148,1.89490445173767,-1.21710940696132,9.54326284112189,0.920159821903296,8.81839710493219,0.125453181195767,13.5378191679793,0.336269811913754,13.8699917766637,0.749616583530164,-16.826129315564,-21.414631822834,5.37783968261445,-1.47726188845986,12.5004608637663,0.309562687822589,-11.6932070497525,-24.5962224076706,-17.8710680960973,-3.28456887957292,12.2042423270421,3.73852582856646,-5.0079865153397,38.0104833190416,-143.468052806269
83.125,-1.39701931015534,12.3167197586828,-0.548105097208522,-7.54744816558572,-12.1692150281492,-14.2881732355838,5.11285462758835,9.14220408540159,-0.559851577420211,-6.1532328079037,-2.93382962810687,-84.0269252769704,-6.41044240172386,8.40879706854444,-0.00172849176611217,0.274486842214094,-6.81228784445596,3.97170728795761,-1.1864582731923,9.63039884151436,0.947102374056904,6.64553431025928,0.774984632562743,14.5228024877568,0.423432541907031,13.8369782687641,0.795993486472344,-16.8386507055352,-22.3031180353463,8.35576367120134,-1.50743943913499,12.403590358636,0.293802178780882,-11.4539548841548,-25.4907142508067,-18.6448645664552,-3.59483653373355,12.5292887648511,3.85129043597316,-5.24241669147589,35.9159548402054,-143.357605948058
83.13,-1.44862769468619,12.1741848756327,-0.54330071793841,-8.07576846787912,-13.0261234019229,-14.210535881467,5.07194898442404,9.2038989161492,-0.619550315092132,-4.78468791374235,-1.23227642416559,-86.2581929674876,-6.36705274581124,8.51673969806756,-0.023490783851301,-0.788927480624008,-4.87801380533204,5.99984009315844,-1.13383981479741,9.71622793679796,0.964124964122845,4.35324189871377,1.43395319832576,15.484828665381,0.512955709214886,13.7971345941196,0.839471346930558,-16.8289036356994,-23.2346986083165,11.4624582125721,-1.55060755789958,12.3043616445651,0.28140945605537,-11.1704128187376,-26.4250944933568,-19.6432293220177,-3.90965486734484,12.8420063614638,3.95577253656802,-5.36842665809897,33.4186672632804,-142.333378369092
83.135,-1.49819569743206,12.0310927660375,-0.531153965349725,-8.62949983986051,-13.9197579531567,-14.0545990694331,5.04413727498765,9.27695337004582,-0.664224391935906,-3.37901040488482,0.542335362135893,-88.3301817169942,-6.31228542057419,8.64754824709537,-0.0460619842597229,-1.87440400278437,-2.86313113778604,7.98185222489952,-1.06133307131974,9.79864792742907,0.971483821274539,1.95692527127951,2.0820108622623,16.3794783168043,0.60394540833018,13.7509126892946,0.880479917057955,-16.8015416188861,-24.2052512827687,14.6881207359716,-1.60663346663366,12.2045614678434,0.273403637876571,-10.8459679985712,-27.396196728022,-20.8746480936949,-4.22641142047143,13.1367887980813,4.0500603564288,-5.36425713321736,30.5510019132055,-140.408056667732
83.14,-1.54488870406404,11.888662982994,-0.511238121467418,-9.19370662655383,-14.8297604812006,-13.8187900343545,5.0271902665929,9.35970503695539,-0.692888632204106,-1.94779571361455,2.36877388965068,-90.2302598037029,-6.24726021368885,8.79690662825663,-0.0681242306525571,-2.96347303640068,-0.785028647465795,9.92027721436361,-0.971480810604886,9.8758307989166,0.969873943142359,-0.525313510440013,2.70011003472339,17.1656070452736,0.695396905161059,13.698677333704,0.919499031333663,-16.7615346610514,-25.210169935514,18.0211747465681,-1.67531456380055,12.105900194461,0.270631259646093,-10.4842747858407,-28.4003934351641,-22.3444720167287,-4.54275385964724,13.4083573948959,4.13239787212079,-5.20830369993741,27.3516902745355,-137.609850809584
83.145,-1.58785672626596,11.7479836378214,-0.483291409744032,-9.75443543771203,-15.7352747712532,-13.5026025687928,5.01864703864383,9.45019474023591,-0.704871900486402,-0.503021163003147,4.22554020437588,-91.9491854028752,-6.17324991689677,8.96016574656191,-0.0882174075070569,-4.03824297474295,1.33785624168293,11.8175051443403,-0.867244537424099,9.94625166045831,0.960372387023992,-3.07312270949194,3.27107987274272,17.8064452173474,0.786221583570782,13.6407038801666,0.957037137505872,-16.7140293260503,-26.2444775589838,21.4482705222367,-1.75638736904462,12.0099624573154,0.273733388307654,-10.0891161221809,-29.4336831685977,-24.054693071743,-4.85660294761946,13.6518783147669,4.20120715476847,-4.87995438401571,23.8650051832062,-133.982275849617
83.15,-1.62625817456648,11.609994762684,-0.447229386010755,-10.2991016081369,-16.6153128105021,-13.1066622604021,5.01588688814981,9.54621898492463,-0.699811538967361,0.943129022940248,6.09132253919494,-93.4811858062795,-6.09166737401893,9.13246706635745,-0.104797526464945,-5.08184515568321,3.48634484412913,13.6756642923179,-0.751945518634539,10.0087083684837,0.944364670877929,-5.66438255542,3.78012640045705,18.2705208192137,0.875280323321853,13.5771806309642,0.993608996780139,-16.6642025169515,-27.3029491775767,24.9543367410965,-1.84952950223579,11.9181577380818,0.283121210284047,-9.66426243400266,-30.4917881565298,-26.0037923162542,-5.16613652201049,13.8630605508227,4.25510723461531,-4.36047970882797,20.1398420166137,-129.58358221808
83.155,-1.65928405967896,11.4754744430141,-0.403153424708493,-10.8168315350746,-17.4491355167768,-12.6327583973732,5.01620555834415,9.64538843445816,-0.677640842967736,2.37843910686537,7.94540648172801,-94.8239589133546,-6.00404470028329,9.30887054336714,-0.116300897582045,-6.07881282404595,5.64083652468088,15.4965140578393,-0.629190311095035,10.062331076242,0.92346007302343,-8.27569911715748,4.21523701203254,18.5323861278593,0.961421921737558,13.5082156621383,1.02971357890663,-16.6171146608411,-28.380239655939,28.5226885956733,-1.95435443860951,11.8316727011287,0.298961411590343,-9.21333399311789,-31.5702576364728,-28.1866647088677,-5.46974784724045,14.038232609005,4.29293114799418,-3.63394165149223,16.2287061251199,-124.485840298713
83.16,-1.68618192609812,11.3450283645038,-0.351354686169449,-11.2987502011416,-18.216640903299,-12.0838409690386,5.01689394258681,9.74519114479645,-0.638570888954022,3.79083534767152,9.76803097536926,-95.9785964656677,-5.91200408830931,9.48448370103974,-0.121210624244935,-7.01538398822563,7.781631799453,17.2813516494186,-0.502780556466933,10.1065813211826,0.899401998847179,-10.8828909181536,4.567473077131,18.5731364135805,1.04352473007296,13.4338476987671,1.06581313314096,-16.5775682227304,-29.4710110712341,32.1351958653312,-2.07039950947116,11.7514274050601,0.321172181228585,-8.73967262192921,-32.6645718149209,-30.5946225215856,-5.76598414685539,14.1743969819016,4.31374271891666,-2.68808381061415,12.1866220978999,-118.7736962337
83.165,-1.70627881238018,11.2190834046287,-0.29231303460873,-11.7382044535365,-18.8987519623828,-11.4639827769979,5.01531723103611,9.8430591395577,-0.58306804753358,5.16855526256143,11.5406834469424,-96.9494302702276,-5.81722037213444,9.65458845532041,-0.118121836741621,-7.87972234518502,9.88925073814547,19.0309352946211,-0.376608343348412,10.1412406973508,0.873979420564382,-13.4614527555097,4.83113863121885,18.3807161000173,1.12053934325167,13.3540604719353,1.10231430812485,-16.5499773818127,-30.5700542186,35.7725118526171,-2.19710832331198,11.6780377465463,0.34943010548123,-8.24622832135404,-33.7702411414035,-33.215477597313,-6.05347307374332,14.2692626393455,4.31685427236733,-1.51516272145899,8.06998019104769,-112.542826577895
83.17,-1.71900254071113,11.0978858273929,-0.226690524476362,-12.1309142343836,-19.4777960541135,-10.7783082509462,5.00899229392943,9.9364367615703,-0.511828436036032,6.50031015990237,13.2463306987107,-97.7438045987727,-5.72137633139712,9.81476217779348,-0.105802211648662,-8.66205481164535,11.9447382644431,20.7454267709282,-0.254540064755478,10.1663896357842,0.848944731738763,-15.9869856770942,5.00381833211444,17.9500144654105,1.19152999473757,13.2687998509772,1.13955203483643,-16.5382542661845,-31.6723989473211,39.4143611788644,-2.33380941069726,11.6117865904139,0.383187618702391,-7.73546580722659,-34.8828956834092,-36.0337010459263,-6.33084611974706,14.3212567803485,4.3018459231719,-0.112679965816091,3.9353357416783,-105.898129067317
83.175,-1.72390067165131,10.9815045050898,-0.155319275977922,-12.4750459310786,-19.9378672771138,-10.0328920370135,4.99566095480535,10.0228491016589,-0.425750430266821,7.77543835466175,14.8695853359836,-98.3717800312268,-5.62611250647227,9.9609894650818,-0.0832446996897359,-9.35472826063589,13.9299484266331,22.4243557789807,-0.140293227461184,10.182377301427,0.825942282327283,-18.4355866144669,5.08628372300766,17.2827588826719,1.25571228780547,13.1779929439209,1.17777668688576,-16.5457163727081,-32.7734084191299,43.039881353899,-2.47969340335952,11.5526059621618,0.421700073933804,-7.20929509225893,-35.9983598280533,-39.0306573742554,-6.59666835297971,14.3295179818991,4.26858639868956,1.5160232529959,-0.161821101023862,-98.9516948731937
83.18,-1.72065652470818,10.8698393926043,-0.0791838023746393,-12.7712043218672,-20.2651631954801,-9.23463170590994,4.97335672529366,10.0999687037572,-0.325906202018371,8.98404641663174,16.396810250248,-98.8457761588888,-5.5329646406722,10.0897772879875,-0.0497100348914054,-9.9521915877913,15.8278005467388,24.0666080820175,-0.0372970051869568,10.1897952216921,0.806450718867253,-20.784195311858,5.08227302541282,16.3872186715138,1.31248505036419,13.081568296558,1.21714480329428,-16.5750187312345,-33.8688530366081,46.6280099807385,-2.63379140162398,11.5000723906466,0.464060932008089,-6.66902918636507,-37.1127083116453,-42.1849084908478,-6.84938333307806,14.2938736251103,4.21725460029213,3.36134300060484,-4.16830538532204,-91.8206138671468
83.185,-1.70910176602061,10.7626352252987,0.000601890432573571,-13.0223422067124,-20.4482873902695,-8.39109994047426,4.94046257540538,10.1656786939244,-0.213513101441662,10.1171358289205,17.816165928073,-99.1801626640549,-5.44316236172231,10.1984851403612,-0.00475815798428975,-10.4509120544458,17.622501308145,25.6704384460418,0.0516600340033465,10.1896035551195,0.791743399855577,-23.0108995507696,4.99815582878044,15.2777368659761,1.36145443188688,12.9794762997366,1.25771342549329,-16.6281130623469,-34.9549606818528,50.157906638261,-2.7949573277356,11.4534169760592,0.509243076008602,-6.11537075911755,-38.2223006437472,-45.4725814945258,-7.08728062483557,14.2148050502688,4.14836035435572,5.40718825119175,-8.03446354057328,-84.6246683703236
83.19,-1.68922519912914,10.6595001150782,0.0828218550441181,-13.2335897042796,-20.4785095712735,-7.51038225043945,4.89575742663977,10.2181304887185,-0.0899055653047215,11.1667125803425,19.1176070450979,-99.3908102012608,-5.35759991791355,10.2853215634449,0.0517340801830055,-10.8492368765152,19.2997282370754,27.2335082996754,0.12449069329992,10.183031517044,0.782859420819067,-25.0952019628527,4.84249977244474,13.9741106378871,1.40244885323514,12.8717089386105,1.29943789477891,-16.706234698211,-36.0284410075468,53.6093961176851,-2.96185697924909,11.4115510319813,0.556143871991487,-5.54842826551999,-39.3237922887187,-48.867792643799,-7.30849114248748,14.0934042585678,4.06276211173062,7.63097399883688,-11.715357848198,-77.4839725251993
83.195,-1.66117754897536,10.5599284091755,0.166189586707768,-13.4120082961086,-20.3499754152039,-6.60090659096544,4.83844930827703,10.2557943067001,0.0434918990649438,12.1258774884674,20.2928359144346,-99.4946140687369,-5.27719876415854,10.3486927298266,0.119569137478788,-11.1472122200252,20.8467715765661,28.7529467816583,0.179251970910359,10.1710500172476,0.780578351390364,-27.0182528115439,4.62556125716302,12.5008438369803,1.43552403489737,12.7583180813836,1.34217279685327,-16.8099164742487,-37.0864828133906,56.9634179730272,-3.13296617627492,11.3731072445266,0.603631341114479,-4.96776062810498,-40.4141224294877,-52.3431184370228,-7.5110128203099,13.9313260929977,3.96167877674941,10.0038406243885,-15.1718768179125,-70.5166139172884
83.2,-1.6252721751339,10.4633268955486,0.249382210649028,-13.5662778570904,-20.0598589353304,-5.6712712217602,4.76819353685929,10.2775008323783,0.185190231160996,12.9888954427431,21.3352209160086,-99.5090047585115,-5.20286349219401,10.3872996966494,0.19823696752844,-11.3463721610129,22.2526331415963,30.2254325693587,0.214250358745412,10.1543894973262,0.785419179558651,-28.7630530583366,4.35872601349148,10.8862971901843,1.46095800298351,12.6394315941356,1.3856756255084,-16.939027252274,-38.1267249725682,60.2024664338464,-3.30657985083261,11.3364952654207,0.650588706650812,-4.372448147207,-41.4904796681966,-55.8701033462807,-7.69276607782337,13.7307396343984,3.84669243049425,12.4910976894243,-18.3717350405949,-63.8363516758167
83.205,-1.58198175887117,10.3690432286514,0.331076272467156,-13.7063278710689,-19.6084511471365,-4.73007675162546,4.68509487362477,10.2824725641892,0.333659534426764,13.7512422580934,22.2396881028899,-99.4514600554725,-5.1350915572815,10.4007802720486,0.286935434370494,-11.4495098557548,23.5080822948586,31.6472927142362,0.228669184713355,10.1339447997121,0.797659854094003,-30.3146310604996,4.05392765988048,9.16176322493951,1.47923663121049,12.5152666639922,1.42961265549233,-17.0928313074742,-39.1472028355347,63.3110046914113,-3.48083319307558,11.2999695881286,0.695954663442713,-3.76118595008476,-42.5502484630095,-59.4197924716735,-7.8516755205584,13.4942820005144,3.71973853178861,15.0528798395187,-21.2903231119826,-57.5504214352467
83.21,-1.53193107092641,10.2763953290196,0.409983816494271,-13.8429264850031,-18.9991802064793,-3.78576760472648,4.58969335686267,10.2703436245705,0.487350797776292,14.409628432181,23.0025938585003,-99.3390334208831,-5.07395868025361,10.3896664260788,0.384599291647113,-11.4604422678205,24.6056706374952,33.0146137811587,0.222572263050789,10.1107192638345,0.817351756483882,-31.6601947497887,3.72307295862673,7.36049401151589,1.49103085565475,12.3861398042204,1.47356646470316,-17.2700636094497,-40.1462733697543,66.2758383854864,-3.65332007944045,11.261927341291,0.738760138848022,-3.13239508849588,-43.5909402704303,-62.9632762548006,-7.98539373243022,13.225296327266,3.58309106200585,17.6449929223475,-23.9113669023113,-51.7574927129346
83.215,-1.47588595879864,10.1847004766174,0.484887388805509,-13.987242752265,-18.2385601324367,-2.8464871673213,4.48293433404216,10.241167134716,0.644715503356643,14.9619997982691,23.6215858799667,-99.187912957497,-5.01923273358148,10.3551422382516,0.489935746913922,-11.3837784524225,25.539708338881,34.3233600080119,0.196702654630682,10.0856552692842,0.844334576674312,-32.7892595044788,3.37750123639898,5.51671039763577,1.49716715465547,12.2524731076237,1.51704454239673,-17.4690151543445,-41.122523342717,69.0864346966787,-3.81761105744627,11.2229538278819,0.778181290511074,-2.48434546657609,-44.610114103033,-66.4722334760136,-8.08820781593807,12.9302459751085,3.43942274789521,20.2199204428028,-26.2273563599083,-46.5458188655561
83.22,-1.41473872142241,10.0933028554253,0.554672639001874,-14.1503982612371,-17.3360676154186,-1.91994969308955,4.36612404248537,10.1954096681322,0.804223056271474,15.4075158431155,24.095459004528,-99.0130242985385,-4.97039559301317,10.2989711796118,0.601465966446453,-11.2246997533735,26.306206217533,35.5694930376618,0.15242362432427,10.0596043098117,0.878257475038936,-33.6937504251136,3.02750251225011,3.66462153074434,1.49859319661565,12.1147964235989,1.55948847670041,-17.6876220436497,-42.07466553229,71.7351756475583,-3.96504211439387,11.1852684280768,0.813552316433596,-1.81528422610367,-45.6052914555223,-69.9194581578001,-8.15273737131508,12.6177504839716,3.29173972999127,22.7279545387326,-28.2397077176,-41.9916142054984
83.225,-1.34949008833057,10.0015984015312,0.618357327576657,-14.3430244417639,-16.3039490095042,-1.01333075484566,4.2408728164608,10.1339327848016,0.964376026295263,15.7465072653562,24.4240115725416,-98.8276892442971,-4.92667434184287,10.2234124228882,0.717569680843932,-10.9887584677469,26.9027886983585,36.7490880329739,0.0916394349573675,10.0333083940306,0.918601290791149,-34.3680764616005,2.68191462049188,1.83748306207476,1.49634071548511,11.973745269481,1.60028333082808,-17.923551999403,-43.0014282250644,74.2175368545727,-4.0934789879943,11.1481024902307,0.84436064375264,-1.12356310002784,-46.5738703123684,-73.2793558098507,-8.17794456925608,12.292624899705,3.14311245995864,25.1184119058645,-29.9586298268815,-38.1576874518045
83.23,-1.28122809613421,9.90905596138079,0.675115756540131,-14.5748413913008,-15.1569620937958,-0.133176752707769,4.1090285756577,10.0579621805451,1.12372326546312,15.9804150928958,24.6079071942939,-98.6433498576413,-4.88708313426148,10.1311240700357,0.836530870511874,-10.6816997168928,27.3285835466503,37.8584416173895,0.0166959231778989,10.0073886375556,0.964700626867333,-34.8091728339805,2.347814490241,0.066721366366094,1.49148767820325,11.8300544445043,1.63876697206147,-18.174282453501,-43.9014431581576,76.5321858584554,-4.20527011423469,11.1084867352529,0.870240415207028,-0.407758591011774,-47.5130423057905,-76.5283947671973,-8.1672857532979,11.956946742154,2.99655961350797,27.3408934409933,-31.4026755207988,-35.0923557071865
83.235,-1.211104250054,9.81523399140747,0.724297889745736,-14.8542731723706,-13.9120593413389,0.714667137607537,3.97260365666322,9.96904552150758,1.2808710533884,16.1117142531845,24.6485459985355,-98.4693650878148,-4.85047302499968,10.0250574894142,0.956582907161463,-10.3093095601666,27.5840947512958,38.8941680006059,-0.0697327353983755,9.98234049855617,1.01576535058325,-35.0165075489854,2.03031316495138,-1.61885079983888,1.4851216645427,11.6845474786271,1.67423930490218,-18.4371652165875,-44.7731366550853,78.6809971287619,-4.30060408195152,11.0648666553106,0.89093151925174,0.333220381884662,-48.4197161965025,-79.645499263716,-8.12266970109194,11.6145457405855,2.85502414404343,29.3465467434255,-32.5979721626761,-32.8286585434954
83.24,-1.14030746135272,9.71979232305044,0.765442667096855,-15.1881131202756,-12.5880212498486,1.52511204266016,3.83369828913744,9.86900053091846,1.43449248905597,16.1438248242192,24.5479487222524,-98.3128840083216,-4.81558670995509,9.90834720755973,1.07595197651954,-9.87729090866437,27.6710650737762,39.8532807482242,-0.164764134824153,9.95853470670914,1.07090165075967,-34.9920478055207,1.73245840689027,-3.1937047288668,1.47830610419369,11.5381222061981,1.70597158513407,-18.7094739782133,-45.6146281734863,80.6689837807546,-4.37842675608425,11.0168034288247,0.906264505842475,1.10004156660856,-49.290449949447,-82.612372408245,-8.04527297535473,11.2704927833861,2.7212529255457,31.0892931124159,-33.57714121831,-31.3838871397418
83.245,-1.07003635786385,9.62249884814351,0.79828522694695,-15.5812506217183,-11.205049875643,2.29386545850095,3.69442408390947,9.75985532364041,1.58333536758515,16.081014275182,24.3086563769044,-98.1787966779846,-4.78111504224777,9.78420082829347,1.19289801566068,-9.39116760121512,27.5923346288305,40.7332588276044,-0.265427725885264,9.93622266540359,1.12913326073278,-34.7401829624708,1.45524307394332,-4.63613387994505,1.47205063828565,11.3917329092439,1.73321623295257,-18.9884324644496,-46.4236400340317,82.5041488865951,-4.43809221947972,10.9641306962783,0.916149454898885,1.89287797670655,-50.1213930549538,-85.413739409001,-7.93699522034479,10.9299719864382,2.5976555016861,32.5269853520123,-34.3779337924972,-30.7594382155311
83.25,-1.00147067465303,9.52323129875829,0.822757953164031,-16.036468110532,-9.78433409181021,3.01745840772645,3.55683076918936,9.64378331637833,1.72622876234442,15.9282938754382,23.9336476871902,-98.0697606684343,-4.74575235887794,9.65579324974238,1.30575269175564,-8.85621608827961,27.3517014795531,41.5320966905217,-0.368778556944165,9.91554502306877,1.18942364681928,-34.2676025092459,1.19771218862998,-5.9286463524559,1.46728643556394,11.2463696374374,1.75521776335287,-19.2712228899967,-47.1974218663764,84.1972619141754,-4.47938964587343,10.9069510443539,0.920552024552308,2.71135728096617,-50.9082405778973,-88.0375041556772,-7.80040886107529,10.59822066945,2.48618543865477,33.6224691514371,-35.0416263732564,-30.9409964316667
83.255,-0.935742538667905,9.42197456164499,0.838985480608867,-16.5543139595694,-8.34759911714366,3.69326162295269,3.42283908061299,9.52303525296763,1.86208851385459,15.6913121650442,23.4262759902086,-97.9862985617638,-4.70824802179662,9.52616902370372,1.41295412131489,-8.27742347130833,26.9537896571776,42.2483391147393,-0.471999358427887,9.89654221880364,1.25069983182439,-33.5831298091634,0.957157122796989,-7.05820412253013,1.46484685155118,11.1030354815352,1.77122553519811,-19.5549762345335,-47.9326932574358,85.7615681592529,-4.50253826343037,10.8456281085886,0.919471640945665,3.55453182494683,-51.6462006773561,-90.4748154471642,-7.63865970610773,10.2804663466556,2.38823865423389,34.3445280775619,-35.6112372095942,-31.8990420838762
83.26,-0.873908545032583,9.3188141654757,0.847274025946441,-17.1330539011095,-6.91665332682661,4.31949231761535,3.29418221666706,9.3998709589012,1.98992183183049,15.3762479875303,22.7902267251868,-97.9269592757496,-4.66745209147885,9.39815608354391,1.51307811339568,-7.6594700834369,26.4039292647501,42.8811022169683,-0.572487003306842,9.87916605317996,1.31187816572976,-32.697514818287,0.729381921389184,-8.01630744665586,1.46545342291206,10.9627227298676,1.78050893639297,-19.8367476484339,-48.6256080554578,87.2124409285384,-4.50816633686033,10.7807672839114,0.912924497903831,4.42086791172964,-52.329977827619,-92.7200425155983,-7.4553389969213,9.98184860798614,2.30457687252957,34.6686990749131,-36.1296374900052,-33.5896736365939
83.265,-0.816923557854,9.21392671553973,0.84809563254942,-17.7687008139668,-5.51294515527654,4.8952126034965,3.17235768237888,9.27649337616107,2.10883122939853,14.9897051254872,22.0294959697187,-97.8885340020462,-4.62235365702937,9.27429331981779,1.60486573591257,-7.00673430485506,25.7080523937793,43.4300824101385,-0.667920896785141,9.86329162457996,1.37189190704927,-31.6231911747425,0.509024618641384,-8.79892873630622,1.469706875851,10.8263889331737,1.78237537665614,-20.1134817631456,-49.2717435903096,88.5669876178341,-4.49727630659457,10.7131866113756,0.900933280784481,5.30825207447589,-52.9537744440329,-94.7706628185076,-7.25433583455254,9.70732559502697,2.23528323103895,34.5779508857007,-36.6376415531481,-35.9557272062144
83.27,-0.765617138616058,9.10756813605787,0.842068096293986,-18.4551201806929,-4.15714209027324,5.42032005325347,3.05859073061648,9.15498724761243,2.21801799710225,14.538610091739,21.1483896647941,-97.8663159566539,-4.57211098548239,9.15677368588185,1.68724695722149,-6.32331684782454,24.8726074926721,43.8955551109585,-0.756312382312655,9.84872923230896,1.42972004088733,-30.3740048743172,0.289915387945664,-9.40630579194173,1.47808261318223,10.6949339134388,1.77619110364585,-20.3819737173886,-49.8661176146142,89.8436217135826,-4.47121881101342,10.6439147048249,0.88352456098135,6.21401153908889,-53.5113138958266,-96.62706816984,-7.03970262123,9.46159921750027,2.17976197645173,34.0632216569006,-37.1721656921394,-38.9281675640237
83.275,-0.720673414329049,9.00006061742179,0.829931456192325,-19.1842061335101,-2.86874248212949,5.89553034087126,2.95381001695863,9.03726454599353,2.31678536964673,14.0301141630585,20.1515422386284,-97.8543921411615,-4.51607325567263,9.04740373534646,1.75936001322982,-5.61308131115985,23.904493623896,44.2783647695808,-0.836035636734281,9.83523605724865,1.48441637005878,-28.964923176118,0.0654533329233952,-9.8426093890445,1.49093002577808,10.5691786788182,1.76140445926271,-20.6388322490195,-50.4032350468888,91.0616131762028,-4.43178594322508,10.5743892404779,0.860733293744138,7.13494590288911,-53.9958878873105,-98.2922980178444,-6.81566238235123,9.24922275076869,2.13681836553081,33.1238143989358,-37.764544947529,-42.42771757413
83.28,-0.682615062479046,8.89177915054624,0.812521998696975,-19.9461207243255,-1.6657292970238,6.32235138175057,2.85863553124264,8.92501839747263,2.40454145259529,13.4715003478811,19.0439523341684,-97.8459549312768,-4.45379414240238,8.94757976974747,1.82056602004817,-4.87970739366498,22.8110147956344,44.5799073894504,-0.905841634869034,9.82252760144522,1.53513757681764,-27.4117333622831,-0.171015504723941,-10.1155046120678,1.50847493383492,10.4498470739458,1.7375708115247,-20.8804512298252,-50.8771656557416,92.2406296960147,-4.38105947968905,10.5062055993833,0.832616178974349,8.0673672193281,-54.4004308787149,-99.7717109311348,-6.58634558603702,9.07429156252223,2.10468768159978,31.7676502905405,-38.4390912856518,-46.3666854060561
83.285,-0.651791924146116,8.78313846240495,0.790744754397639,-20.7295869592663,-0.564273125488616,6.70304799906411,2.77337836929999,8.81968685116149,2.48080189056268,12.8700956929461,17.8310323233374,-97.8336214993745,-4.38503787155416,8.85828012990593,1.87045824753642,-4.1267527786866,21.5998533156625,44.80210623889,-0.964857519365141,9.81028900754416,1.58116869090045,-25.7307413816811,-0.425834909383925,-10.2356287490953,1.53082448531525,10.3375508312704,1.70437807038023,-21.1029955453761,-51.2816527078917,93.4002809866264,-4.32098312011852,10.4404618818635,0.799270932249747,9.00714613176659,-54.7176235681022,-101.072607012468,-6.35524984003866,8.93975786286262,2.08101980794881,30.0113803734319,-39.2119649157907,-50.6509418873166
83.29,-0.628374574479292,8.6745810489575,0.765545472473819,-21.5222244052443,0.421510222417291,7.04059592004474,2.69805147734399,8.72242740912187,2.54519219299303,12.2331891771781,16.5186673211891,-97.8097497379352,-4.30977856067568,8.78007261089569,1.90886543925228,-3.35771937926046,20.2790599505794,44.9473810223255,-1.01257409953125,9.79818646687926,1.62194427316242,-23.9384801324066,-0.704704039129252,-10.2160107471184,1.55797390838756,10.2327785121634,1.66167143807918,-21.3024062667941,-51.6102513286492,94.5596776218909,-4.2534320934785,10.3780095221365,0.760858953127119,9.94976236785512,-54.9400264195546,-102.203814938452,-6.12529180315235,8.84759587685098,2.0630732641789,27.8803560428932,-40.0904139607817,-55.1819947096076
83.295,-0.612353000479269,8.56656683888042,0.737883039535392,-22.3109149779109,1.27974427925388,7.338623893174,2.63239015275682,8.63410277612111,2.59744958607317,11.5679554132384,15.1132785839151,-97.766740348486,-4.22819370694259,8.71313552536605,1.93584864361676,-2.57611940971337,18.8570576459665,45.0186104466899,-1.04882425777937,9.78587893050865,1.6570636913137,-22.0514361938091,-1.01238339872783,-10.0714580869336,1.5898146171128,10.1358886449134,1.60947587602996,-21.4744286710806,-51.8564939033492,95.7370149636933,-4.18044540275873,10.3198965185332,0.717630067471037,10.8903586927005,-55.0602427706207,-103.175257592742,-5.8990454547923,8.79916701562758,2.04796448520679,25.4084578767778,-41.0724175347853,-59.8591025921629
83.3,-0.603540373419957,8.45956482494685,0.708703247587594,-23.0821859549271,2.00091746529486,7.60134292994266,2.57588082992402,8.55527783673071,2.63742421583036,10.8813844517254,13.6218855893583,-97.6973159643027,-4.1406526224945,8.65729058829444,1.95169122067681,-1.78553669011291,17.3426547374985,45.0190879261103,-1.07375482867337,9.77303024680131,1.68629914945228,-20.0858023519439,-1.35245028625927,-9.81793653526287,1.62614329408839,10.0471071821609,1.54801471732652,-21.6146649308627,-52.0140783423294,96.9491915344345,-4.1041167737526,10.2671999909575,0.66994416772046,11.8237982163494,-55.0711092343655,-103.997509871013,-5.6786164244811,8.79503580056281,2.03280119977886,22.6377807692002,-42.146745142237,-64.5813714782439
83.305,-0.601581749170004,8.35404679305848,0.678914701399487,-23.8225972893934,2.57795041698185,7.83346210110057,2.52779652508352,8.48622743824395,2.66507948582485,10.1802181071366,12.0521608454553,-97.5947694910961,-4.04770049406478,8.61204555214655,1.95688199126941,-0.989678761125888,15.7450630072399,44.9524701360522,-1.08779411106267,9.75932167974378,1.70959561120818,-18.0572614911088,-1.72711010655494,-9.47196675669537,1.66667170724851,9.96652920442784,1.47772293466148,-21.7186513608222,-52.0770735762783,98.211469848457,-4.02647745510654,10.2208678864257,0.618288503012452,12.7447256595085,-54.9659090927922,-104.681361319059,-5.4655342867378,8.83481642184342,2.01481427027463,19.6181713856558,-43.2934229243452,-69.2497765823659
83.31,-0.605967360791837,8.25048309422282,0.649367499753337,-24.5191207649673,3.00620765574157,8.04009091664608,2.48723725555392,8.42695416368266,2.68049128528547,9.47089333352064,10.4124715938458,-97.4531752505417,-3.9500386091321,8.57664437971739,1.95209186556251,-0.192415828930502,14.0739156320899,44.82271827074,-1.09161666183635,9.74446456601327,1.72706234830027,-15.9808055537381,-2.13706736407232,-9.05005944194205,1.71103713947211,9.89412458480238,1.39925378177531,-21.7819581656574,-52.040135412673,99.5371862974235,-3.94945365675619,10.1816866691866,0.563288742653925,13.6476337182598,-54.7386023931656,-105.237394991573,-5.26074791770904,8.91716280115609,1.99150063871619,16.4066124047826,-44.4845761771582,-73.7690583535799
83.315,-0.616049982078466,8.14934026012022,0.620835154816925,-25.1594992717329,3.28345761452234,8.22662903234678,2.4531737650012,8.3772149285532,2.68384587019401,8.75949322137194,8.71190306600222,-97.2675580095082,-3.84850117987406,8.5501226868959,1.93814468229757,0.602196730699474,12.3392800333019,44.6340321738149,-1.08610648578072,9.72821271381395,1.7389564648514,-13.870591434268,-2.58145772915471,-8.56820759745065,1.75881339416465,9.8297471213711,1.3134778384345,-21.8003078628143,-51.8987249906498,100.937515196317,-3.87483017271608,10.1502557062643,0.505711448854569,14.5269359709622,-54.3840647157402,-105.675592438952,-5.06464410949678,9.03979160788285,1.96074386800322,13.0664477782734,-45.6855989733944,-78.0494465975756
83.32,-0.6310656786678,8.05108014983109,0.594000051682428,-25.7325754461451,3.40978617541625,8.39864479969068,2.4244929483381,8.33655494296518,2.67543620266906,8.05170614846518,6.96025877633497,-97.0340165585194,-3.74402912862265,8.53136619954165,1.91598336491442,1.38991464299013,10.5516608723915,44.3907779671039,-1.07231926397278,9.71037407348255,1.7456593299799,-11.7398339398195,-3.05784035131655,-8.04145102881215,1.80952237264293,9.77314647693308,1.22147387736839,-21.769707080447,-51.6493215610237,102.421290520932,-3.80465457300035,10.1266053658648,0.446451721106225,15.3770477977143,-53.8983252087304,-106.004973144766,-4.87750297161081,9.19915510571642,1.92088730724982,9.66644492773495,-46.8565866291842,-82.0081745025325
83.325,-0.650157179227853,7.95616021272549,0.569442599461967,-26.2285801754434,3.38746969380648,8.56174497489907,2.40004345545183,8.30434736430001,2.65565660702765,7.3527935039513,5.16803447034182,-96.7498000903172,-3.63770209467542,8.51911895878082,1.88663285893901,2.1663210024835,8.72198896691515,44.097410318616,-1.05151712251127,9.69079022950135,1.74764793719862,-9.60073439728654,-3.56224758474023,-7.48352393154999,1.86264620277106,9.72398217407948,1.12451141727701,-21.6865853365491,-51.2896211897149,103.994887222652,-3.74365615981318,10.1079987103759,0.386486989086075,16.1924765219256,-53.2787935642195,-106.233275126615,-4.70190213848661,9.38824383857711,1.87067434942055,6.279693483298,-47.9539559999454,-85.5707526763214
83.33,-0.672399108312747,7.86503435514818,0.547634082889808,-26.6393730830221,3.22081401421155,8.72143870283702,2.37868005389358,8.27983682901274,2.6249956530876,6.66756623253104,3.34636374985834,-96.4133371156305,-3.53138645143946,8.51149203208395,1.85116149817273,2.92686253762594,6.86159272916081,43.7583909688869,-1.02593782495758,9.66901381610642,1.74546922396878,-7.46444223361812,-4.08928752558043,-6.90659206798562,1.9176398479433,9.68183888774491,1.02402530174651,-21.5479337406502,-50.8187132454093,105.66216237027,-3.69661204537532,10.0907607526175,0.326869654791429,16.9679214571316,-52.5244652156646,-106.366681861725,-4.54028014486201,9.59867655401462,1.80932011432982,2.98234556785795,-48.9321727711321,-88.6719821583803
83.335,-0.696824386194293,7.77815383061832,0.528933097372565,-26.9586290961449,2.91596623916516,8.8829996642805,2.35930544678742,8.26218498325821,2.58402725160262,6.00037023307593,1.50693500112269,-96.0242179648151,-3.42733263569671,8.50639048885459,1.8106408416219,3.66690461347612,4.98214983743724,43.3781054876306,-0.998287127265561,9.64454769874697,1.7397043617486,-5.34104602011909,-4.63229329746887,-6.32108149673332,1.9739440542072,9.64624234199977,0.921583101612959,-21.3514363457875,-50.2372271815719,107.42445482407,-3.66230895639031,10.075631001683,0.268705985711454,17.6983837969182,-51.6360942241177,-106.409599274044,-4.38920905878784,9.82641914963951,1.7367131783539,-0.14779067203261,-49.7455042307998,-91.2566943497291
83.34,-0.722451159214433,7.69596756870263,0.513585359937318,-27.1819675126197,2.48070601566734,9.05133096841895,2.34090837333504,8.25051611969571,2.53340007668708,5.35508041888819,-0.338119073071796,-95.5831330553867,-3.32628206558623,8.5030786844048,1.76610816332428,4.38180254008443,3.09561815551996,42.9607804107328,-0.969487809335032,9.6177751050393,1.7309143771172,-3.23959008358349,-5.18351193138013,-5.73559643022978,2.03099841285436,9.61667522183375,0.818846528097703,-21.0955870900818,-49.5474430913758,109.280640716465,-3.63738733513562,10.0651189237896,0.213119878662187,18.3792853675961,-50.6163240562078,-106.36448523407,-4.24316372146369,10.0690757256693,1.65333347121605,-3.03278505901007,-50.3497201788576,-93.2802145255399
83.345,-0.748309643350174,7.61892143610915,0.501726643858173,-27.307022517358,1.92422288788264,9.23083790248946,2.32259696264613,8.24396108317229,2.47382561698014,4.73510302765665,-2.17635643816472,-95.0917701091559,-3.22797285543476,8.50164455947176,1.71853326652375,5.06698578764288,1.21414629143366,42.51040290929,-0.939337327928307,9.58959411640219,1.71960581290379,-1.16811277811242,-5.73432502172381,-5.15691971695706,2.08825424291297,9.59259261535632,0.71752833425289,-20.7797858478808,-48.7533606920255,111.227240673486,-3.62105439819919,10.0593932986488,0.161235415313482,19.0065942071541,-49.4697676588092,-106.231732849062,-4.09914658835787,10.3217465608245,1.5600581693683,-5.59621983438444,-50.7036729434487,-94.7085537054667
83.35,-0.773468249405814,7.54745607800679,0.493388576036721,-27.3334566190348,1.25688587931776,9.42531390706644,2.30362646380439,8.2416977564308,2.40606535505918,4.14338556166678,-3.99518104121468,-94.5526744496243,-3.13277435309737,8.50164884703981,1.66879070156144,5.71805104331766,-0.650034527952988,42.0306450102102,-0.908460843266306,9.56056043662231,1.70622005630068,0.866297244777064,-6.27549311020555,-4.59008596257707,2.14518694732756,9.57343657440977,0.619346369333699,-20.4044080101964,-47.8607227057938,113.258573462215,-3.61340345635349,10.0574777840009,0.114109550312626,19.576953783973,-48.2030298472421,-106.009607741248,-3.95515608628427,10.5784677397645,1.45807162537174,-7.76488989523834,-50.7706990103698,-95.5183408737931
83.355,-0.797058329301889,7.48200319369463,0.488507042377149,-27.2629206524457,0.490010970676193,9.6378450160755,2.28342063524744,8.24298668903435,2.33091772591291,3.58243352648414,-5.7820133530567,-93.9690774549025,-3.04143519240218,8.50239869476352,1.61763884388082,6.3308597108065,-2.48473454805075,41.5247941908076,-0.877986844494022,9.53104385454485,1.69111545766361,2.85743008840527,-6.79741588829361,-4.03851478238546,2.20130747533451,9.55864941053343,0.525976545384257,-19.970843202106,-46.8769900413602,115.36694964508,-3.61426839287708,10.0582357874088,0.0726717689190121,20.0878115051144,-46.8246670476309,-105.694238535215,-3.80915527144198,10.833391288714,1.3487834688242,-9.4705272991395,-50.5197985053404,-95.6965136763848
83.36,-0.818296857239848,7.42298032675971,0.486932948467336,-27.0989655247953,-0.36436841488832,9.87073740232584,2.26158624840918,8.24720076501879,2.24920557196663,3.05433290232619,-7.52447058806792,-93.3446991997256,-2.95456860179598,8.50338168450128,1.56570482185908,6.90163542773148,-4.27794213045217,40.9956919767333,-0.848929107135029,9.50148304737295,1.67454990659496,4.79987204481759,-7.29040067542647,-3.50419040889922,2.25617252832284,9.54768534473956,0.439006489304506,-19.4815001862329,-45.8112677697948,117.542897942986,-3.62322907546823,10.060405761329,0.0376814617048774,20.5375411111833,-45.3450818812601,-105.279658921844,-3.65913711855545,11.0809528521623,1.23372804160295,-10.6515028781339,-49.9265636417772,-95.2397907160593
83.365,-0.836506352000158,7.3707844567791,0.48844506382645,-26.8469116511033,-1.29372338232415,10.1254715921941,2.23792035209913,8.25384816514843,2.16176477876688,2.56077702999444,-9.21055104017796,-92.6835322580685,-2.87261982357685,8.50428138441019,1.51347636084611,7.42705739507062,-6.01796921383924,40.4456820245379,-0.822147137888487,9.47238123284713,1.6566742106734,6.68891445083475,-7.74493204215302,-2.98787391020422,2.30939317048978,9.5400201391026,0.359891600823863,-18.9397766333898,-44.674182643975,119.775416417323,-3.6396274262694,10.0626364505886,0.00969234840779448,20.9255527600796,-43.7763529055014,-104.757898933064,-3.5031880674383,11.3160205707309,1.11447150696261,-11.2544537727764,-48.9738421809295,-94.1539525099559
83.37,-0.851131371678979,7.32578482824787,0.492764624754695,-26.5136821485015,-2.28524003868503,10.4026854520848,2.21241016378683,8.26258821065247,2.06943465092369,2.10309636026703,-10.8288173044698,-91.9896144745695,-2.79584835599043,8.50497640533961,1.46130105433223,7.90434569973614,-7.6936018350413,39.8765690582668,-0.798322573006803,9.44429383596258,1.63753297981154,8.52045729166486,-8.15193576552963,-2.48933534095125,2.36064154507565,9.53515839095239,0.289915120237567,-18.3499941611402,-43.4777147780586,122.052240290267,-3.6625905275138,10.063523776349,-0.0109738857371056,21.2523842010025,-42.1320028941991,-104.119122419821,-3.33954529788549,11.5340220602414,0.992533432567354,-11.2357835840021,-47.6521358808518,-92.4529612645205
83.375,-0.861750983628061,7.2883155159932,0.499571290405081,-26.1076056536548,-3.32601512492886,10.7021864007545,2.18522570435937,8.27323994347034,1.97305039550602,1.68228936454255,-12.3685736738611,-91.2667991402785,-2.72431714881405,8.50553112545548,1.40939282669419,8.33133529713628,-9.29425209778945,39.2895899015241,-0.777941838015971,9.41781294670341,1.6170724954219,10.2909113552233,-8.50303050959722,-2.00759476423423,2.4096554538324,9.53263827742381,0.230153630928068,-17.7173007180736,-42.2349879676345,124.360118202479,-3.69106026005969,10.0616481133677,-0.0242431609337743,21.5197665204104,-40.4267121260979,-103.35180712898,-3.16664671217377,11.7310442546785,0.869327607359407,-10.5629818784474,-45.9597458721741,-90.1579520892319
83.38,-0.86808673776973,7.25866820295642,0.508519960111318,-25.6381944217224,-4.40323410823847,11.0229917012883,2.15670556072185,8.2857835088894,1.87343785652612,1.29905289517152,-13.8200335647348,-90.5185313272368,-2.65788955730489,8.50617901407802,1.35784498942497,8.70653586176524,-10.810108146934,38.6853976420204,-0.761285904201174,9.39354899075682,1.59515478714659,11.9971031663646,-8.79076082398664,-1.54116277010272,2.45624063395124,9.5320336796585,0.181449180592281,-17.0475438942749,-40.960024836807,126.685088912836,-3.72382871246804,10.0556107812301,-0.0302929132746537,21.7306585264118,-38.6759859907961,-102.442963189128,-2.98317286761279,11.9039021561912,0.746124582589048,-9.21571214858035,-43.9026861732105,-87.2961302384183
83.385,-0.870005848211108,7.23708556148167,0.519257884241949,-25.1159033385694,-5.50432973829708,11.3633943225637,2.12733642145581,8.30035459065772,1.77141042526856,0.953810439527454,-15.1744733481025,-89.7476390839399,-2.59623447503401,8.50729968013117,1.30664896747518,9.02917529177154,-12.2322788241264,38.0640596554425,-0.748427706293117,9.37211033127577,1.57157690054682,13.6361870645237,-9.00880540097706,-1.08827260088928,2.50027065870348,9.53295375854425,0.144388905601859,-16.347119965577,-39.6674744039142,129.012750851248,-3.75957834886587,10.0440686596647,-0.0295442174176407,21.88924489223,-36.8957885847453,-101.378385235254,-2.78808038349322,12.0501741401729,0.624036134397703,-7.1866221392814,-41.4943927953066,-83.8996103947477
83.39,-0.867519500203742,7.22375551846614,0.531441448661452,-24.5518756127181,-6.61711981729793,11.7210508158107,2.09772726154465,8.31723233447313,1.66776785108344,0.646737007017537,-16.424369425627,-88.956147757202,-2.53883966139806,8.50939091677833,1.25571750470965,9.29922525790392,-13.5529297470971,37.4250698142395,-0.739237468564695,9.35408172507493,1.54609416663824,15.205568519365,-9.15215511888981,-0.64709724958826,2.54168448717354,9.53504017070705,0.119292702614602,-15.6228043815807,-38.3723206713422,131.328517547651,-3.79692568395762,10.0257659388973,-0.0226427091910394,22.0008946274652,-35.1021556996197,-100.142932857716,-2.58062663980664,12.1682033380347,0.504019763718181,-4.48183772152398,-38.7552591444178,-80.00423468103
83.395,-0.860776423696532,7.21880657652635,0.544751989253254,-23.9576810725354,-7.72992370105438,12.093086919652,2.06857923656612,8.33682138902098,1.56329650699545,0.377779768804423,-17.5635158097017,-88.1451249098592,-2.48503288200107,8.51303712304483,1.20491096405666,9.51740780451517,-14.7654076093997,36.7673747627018,-0.733395836686593,9.34000265132459,1.5184461596368,16.7028421372739,-9.2172562252477,-0.215946036992407,2.58048178509567,9.53796219852112,0.106209135670679,-14.8815699803719,-37.0895814333261,133.617852792667,-3.83446699791277,9.99956213239782,-0.0104295408867368,22.072078193781,-33.31080162785,-98.7208335967846,-2.36038587688003,12.2570666571425,0.386899645127167,-1.12111106830687,-35.7120290728675,-75.6484057225398
83.4,-0.85005208647304,7.22230427345791,0.55891000104571,-23.3450530487579,-8.83165780041739,12.4762161426185,2.04065247879345,8.35962887986566,1.45877053395745,0.146673980624399,-18.5871198615227,-87.3145621945318,-2.43401101233037,8.51887711136581,1.15406522272692,9.68518262170237,-15.8643495789431,36.0894137044849,-0.730414854244083,9.33034826092443,1.48838409294888,18.1257468931815,-9.20211501818038,0.206563695525951,2.61671622817202,9.54141013025381,0.10491942724766,-14.1303994782269,-35.834006666524,135.86648043063,-3.8708244598627,9.96445562447453,0.00609586365073744,22.1102435261273,-31.5367345104437,-97.0960023554185,-2.12725708192603,12.3165150369975,0.273399208788656,2.86239459561526,-32.3970775402266,-70.8719694223277
83.405,-0.835734037082089,7.23424879495745,0.573687152071833,-22.725629719181,-9.91191104484554,12.8668663373563,2.01473106860906,8.3862372899146,1.35495320955299,-0.0470458767486356,-19.4918742188469,-86.4632991794831,-2.38490003600865,8.52761551432764,1.10301962487586,9.804715200647,-16.8457747990643,35.3891707596733,-0.729679188129422,9.32556097596055,1.45570202563268,19.4721400331432,-9.10636150064029,0.621362985924471,2.6504870808661,9.54508727497052,0.114949078724156,-13.3760987670957,-34.619785647305,138.060564897894,-3.90469091464429,9.91960225496771,0.0258190887809282,22.1236532510614,-29.7938945452926,-95.2523708854061,-1.88146426721244,12.3468904383373,0.164179839562442,7.42268850311413,-28.8476060298654,-65.7151790143567
83.41,-0.818304058297843,7.2545737121879,0.588915591116263,-22.1107055367658,-10.9610018667661,13.2613092476834,1.99158748726268,8.41727433748452,1.25259787459949,-0.204039429219208,-20.2760033167239,-85.5889925707599,-2.33679113026938,8.53999011616471,1.0516434891378,9.87882665585439,-17.7071551766044,34.6642386254116,-0.730476433084618,9.326034534352,1.42026193740945,20.7399899417876,-8.93127064924831,1.02881779927667,2.68192941580053,9.54870103586713,0.135586410457289,-12.6251172857797,-33.4602713621371,140.186859927524,-3.93453586679945,9.86491750046781,0.0475614455158674,22.1211873908749,-28.0948283000811,-93.1742209183125,-1.62321744561561,12.3496141076024,0.0599404228565821,12.501895361644,-25.1047762606904,-60.2177674438798
83.415,-0.798317875146306,7.28314579428231,0.604494143078745,-21.5109979746279,-11.9700187431906,13.6557881476871,1.97194784296798,8.45338101704542,1.15244780357637,-0.325157574576531,-20.9392832912535,-84.6881326088006,-2.28869830796464,8.55659272947583,0.999859794804254,9.91092654880501,-18.4474628972419,33.9118920250926,-0.73198655525713,9.33193870271383,1.38200308454209,21.9273871716733,-8.67974110297319,1.42864666364125,2.71120339829126,9.55195349707825,0.165907109618252,-11.8833812494578,-32.3677298884978,142.232824174384,-3.95791150017154,9.80257766977193,0.0701364691323391,22.112117682971,-26.4504107042381,-90.8465145621877,-1.35196095841518,12.3285582711241,-0.0383865707118649,18.0315355834941,-21.2128019181339,-54.4181493861341
83.42,-0.77638320475238,7.31976583957043,0.620391113091173,-20.9364343165053,-12.9308466786229,14.046638966983,1.95645910340701,8.4951789997843,1.05523451452591,-0.411442577623911,-21.483034483214,-83.7561067089406,-2.23960276400793,8.57782997805879,0.947664830912711,9.90493057499958,-19.0671924630506,33.1291692568958,-0.733322842418309,9.34320082117244,1.34096064693577,23.0325718950855,-8.35623218905741,1.81986928709684,2.73848310366175,9.55453200302154,0.20480372863797,-11.1561448694822,-31.3531212815207,144.186703814061,-3.97323239251895,9.7342381981419,0.0923847783051138,22.1058612138034,-24.8696241329066,-88.2552157663199,-1.06806737195751,12.2871473384066,-0.129879926272866,23.9341076344377,-17.2180146203989,-48.3527676013566
83.425,-0.753136948253501,7.36417046911098,0.636643567458426,-20.3959626224104,-13.8361822236821,14.4304006841628,1.94565946625329,8.54323858117788,0.96167416560944,-0.46412999953173,-21.910086239551,-82.787308727073,-2.18858673248872,8.60405565919321,0.895142820341621,9.86516547224024,-19.5683555138514,32.3129600458327,-0.733623358668427,9.35967452117662,1.29729283331926,24.0539753164192,-7.96666124439417,2.20078509910162,2.7639453605898,9.55610022725298,0.251018991783323,-10.4478639134415,-30.4259171756822,146.037583386739,-3.98151497314947,9.65751068628637,0.113214636464662,22.1117222723396,-23.359401469718,-85.3875969619877,-0.774560716254552,12.2247752524938,-0.213983586709161,30.1249259535193,-13.1679175530331,-42.0555912915004
83.43,-0.729222314180694,7.41603482255301,0.653353123366362,-19.8973903518266,-14.6795396877457,14.803911272949,1.93995286065253,8.59804830990575,0.872461863073518,-0.48465124210447,-22.2247142417363,-81.7752906177479,-2.13487647781785,8.63556286365246,0.842474786310415,9.79626396119252,-19.954447263903,31.4600978511228,-0.732090492900641,9.38115134687047,1.25128792382161,24.9902720470896,-7.51826418236358,2.56897984933722,2.78775912313745,9.55629023818261,0.303181736682434,-9.76209507727467,-29.5939588731418,147.775407246808,-3.98395580323733,9.56970580186696,0.131636779909115,22.1386321024288,-21.9245372776964,-82.2325253967375,-0.474708702429221,12.1404807724295,-0.290174964717185,36.5141582597636,-9.11023843762758,-35.5577671764926
83.435,-0.705266627378416,7.47497608591131,0.670678452254932,-19.4472534824974,-15.4552511170271,15.1643861200164,1.93958840568824,8.65998733868151,0.788263896203227,-0.474635421752953,-22.4325511546992,-80.7129517627691,-2.07784620253452,8.67251532430974,0.789941213310622,9.70305292625198,-20.2303840376529,30.5674547675214,-0.728008442196255,9.40730473090172,1.20335919403465,25.8404400179218,-7.01942324313589,2.92135777339567,2.81007586723194,9.55469606012529,0.359844329073803,-9.10142369369337,-28.86335820352,149.390974896666,-3.98067913124606,9.47028983550382,0.146788006706624,22.1948965295678,-20.5676683508716,-78.7807241676442,-0.170719170608544,12.0353186237319,-0.357743162669203,43.00899858167,-5.09199287286972,-28.8874176358279
83.44,-0.681860512995138,7.54055776948209,0.688824868569797,-19.0507183345558,-16.1584623812651,15.5094765999718,1.94464546487895,8.72930140930647,0.709708102401007,-0.435909274313335,-22.5404719749015,-79.5927599382365,-2.01704757231965,8.71493649490302,0.737918381820236,9.59043836737754,-20.4024121063114,29.6320371756559,-0.720774526971147,9.43769596269349,1.1540374840179,26.6038241447579,-6.47946686096334,3.25419641397633,2.83102148330307,9.55086918868573,0.419520427370095,-8.46742131394408,-28.2384419553163,150.875914197508,-3.97174565674906,9.35931513400901,0.157966206295364,22.2879612266442,-19.2893220962832,-75.0250035076713,0.1352909827841,11.9107496648691,-0.415945357360694,49.5159072892215,-1.15856953365556,-22.0695748716909
83.445,-0.659539051687266,7.61229464731689,0.70803153212185,-18.7115176826399,-16.785127354019,15.8373073587596,1.95502473501406,8.8060832295703,0.637372737816303,-0.370493830958302,-22.5564560504663,-78.4069968077473,-1.95223449841929,8.76270772541725,0.686868547372463,9.46329087909578,-20.4779887984186,28.651080336734,-0.709926218440394,9.47178782536326,1.10395716142069,27.2801996972848,-5.90844753756131,3.56322094735694,2.85069009699681,9.54431644689436,0.480722029633929,-7.86063370467584,-27.7217392454757,152.222636943291,-3.95740148624935,9.2369668144977,0.164648504824713,22.4242036668239,-18.0880285398048,-70.9604584850831,0.441065057355797,11.7681762439981,-0.464086212673667,55.9428469608901,2.64714998838912,-15.1262359538932
83.45,-0.638765389302046,7.6896582685093,0.728556941316433,-18.4319221429663,-17.3320016699254,16.1464917813988,1.9704455992991,8.89025782491229,0.571774378720497,-0.28059669437699,-22.4894283232412,-77.1480200009071,-1.88338027221801,8.81557199243244,0.637324445554468,9.32633551539062,-20.465637651598,27.6221401804188,-0.695161709340515,9.50896172105622,1.05383572794127,27.8698311786173,-5.31690445538773,3.84369479238988,2.86914019983334,9.53450046813287,0.541994802047295,-7.28059881332973,-27.314009854098,153.424281535474,-3.93806051894668,9.10355734139534,0.166498036592873,22.6087596284586,-16.9604893674211,-66.584629927767,0.744236636519926,11.6089444954129,-0.501566278369277,62.2014431287575,6.28562211080522,-8.07652103111051
83.455,-0.619917161940636,7.77208295253623,0.750663522623427,-18.2127473245326,-17.7966368731021,16.4361260685487,1.99044976345852,8.98157326083104,0.513355501625628,-0.168598879387083,-22.349082862949,-75.8085332574871,-1.81068631366144,8.87314263295463,0.589868919436675,9.18404985244894,-20.3747801437375,26.5431805862769,-0.676353214136592,9.54853751526961,1.00444798117958,28.3735225128693,-4.71561822834338,4.09052337575864,2.8863934068352,9.52084296269488,0.601950750645252,-6.72589326789364,-27.0143103350061,154.474647489805,-3.91427740734986,8.95951959106751,0.163362652781426,22.8453905312499,-15.901795374219,-61.8976260677653,1.04236435717207,11.43436167614,-0.527934502389234,68.2090017835394,9.72140647921652,-0.93691600557428
83.46,-0.60327597242144,7.85897218376712,0.774602188078588,-18.0533967903395,-18.1773749681544,16.7057632547339,2.01441098355971,9.0795969484925,0.462472474005037,-0.0370353809076168,-22.1456922139337,-74.3818557993392,-1.73458212450519,8.93491632362159,0.545110771856916,9.04057383697139,-20.2155472735537,25.4126545089799,-0.653552504638776,9.58979518227818,0.956595981936193,28.7926545386854,-4.11536556217833,4.29836814692584,2.90243605399894,9.50273075716068,0.659297347158713,-6.19420499871527,-26.8200936408241,155.368126270763,-3.88671687856777,8.80540085882503,0.155266249434806,23.1363959708495,-14.9056820556468,-56.9022031294132,1.33296717385836,11.2457255533205,-0.542939338468591,73.89032107436,12.9238475960456,6.27841868570281
83.465,-0.589020035730666,7.94970532484909,0.800597696933231,-17.9519402467661,-18.4733425876061,16.9553692525026,2.04155048698009,9.18371757819586,0.419384712358922,0.111431059499794,-21.8899064914287,-72.862182083933,-1.65571640954356,9.00028941747404,0.503658217041859,8.89963457698293,-19.9985749892514,24.2295773736774,-0.626988535389806,9.63199721298762,0.911076326874515,29.129206421956,-3.52668151801099,4.46176814065488,2.91722367684622,9.4795244018635,0.712862274791524,-5.68242866597883,-26.727337108485,156.099632581647,-3.8561469878351,8.64186625020051,0.142393660611398,23.4825736743803,-13.9648119347116,-51.6038039127298,1.61353479358537,11.044369352827,-0.546570025255884,79.1792431438466,15.8676546153376,13.557290464369
83.47,-0.577220008977813,8.04364457167562,0.828835519039091,-17.9052252921867,-18.6844433947055,17.1852634864455,2.07095748584387,9.29315256946739,0.384245717773819,0.274043063296334,-21.5925465903489,-71.2448234598013,-1.57493973501971,9.06857669715249,0.466091497563122,8.76448857867059,-19.7347882262642,22.9935913038655,-0.597057388781399,9.6744106825823,0.868646380606073,29.3857588016864,-2.95963641647529,4.57526642275068,2.93068817615785,9.45056896662879,0.761613069302177,-5.1867798550714,-26.7306929956835,156.664539855267,-3.82342370414865,8.46969756842087,0.125070341393942,23.8832268527891,-13.0710716944818,-46.0105544095819,1.88154681257881,10.8317028960114,-0.539090161105448,84.0199034973812,18.533362149071,20.8890843038746
83.475,-0.567837943701516,8.14014206767808,0.85945069629324,-17.9090194734985,-18.8113470963739,17.3960468768791,2.10161400134823,9.40696076667063,0.357096576044879,0.447988103876412,-21.2643962833039,-69.5264240060869,-1.49327949453522,9.13903160085056,0.432936288399635,8.63788307710876,-19.4351790610424,21.7050189436717,-0.564305154362345,9.71632790705323,0.829991200504814,29.565478159308,-2.42363324918542,4.63353860498193,2.94274722852388,9.41520654164706,0.804671130255803,-4.70292354712101,-26.8236554032956,157.058623345453,-3.78943730210545,8.28977913628809,0.103738182020392,24.3362167496494,-12.2158723465346,-40.1332196182279,2.13453048392208,10.6092350178726,-0.521064446783761,88.3676489584876,20.9076574642486,28.2643548928067
83.48,-0.560729243690969,8.2385470790418,0.892518997938278,-17.9581776166259,-18.8554735621682,17.5885199607226,2.13242307469742,9.52405993920075,0.337862328152969,0.630443285403489,-20.9159982796754,-67.705143941057,-1.41190830324994,9.21086700089519,0.404639412120298,8.52203711481552,-19.110585067293,20.3649058646274,-0.529404717902774,9.75708475877244,0.795692905899209,29.6720836256613,-1.92723003967117,4.63152042008433,2.95331530175034,9.37278994533549,0.841319858305233,-4.22611219397241,-26.9987373937011,157.278013870615,-3.75507789666261,8.10309124011459,0.0789288958600183,24.8380562556437,-11.3904414716968,-33.9851208858225,2.37010189911571,10.3785954124867,-0.493366901856312,92.1896096003744,22.9835630291133,35.6744154810367
83.485,-0.555647469241768,8.33821311084947,0.928050509467733,-18.0468278396752,-18.818970917378,17.7635939467327,2.16223934364464,9.64324848172275,0.326351412841451,0.818623821624732,-20.5574593732544,-65.780805317337,-1.33210720957492,9.28327566340308,0.381548164188876,8.41864198189643,-18.7714742118781,18.9750507587514,-0.49312773590663,9.79607593335674,0.766204178508819,29.7097987372455,-1.4779902153212,4.56453128783625,2.96231552563721,9.32269718099591,0.871006990533736,-3.75132877717044,-27.2476523976133,157.319164819346,-3.7212233137845,7.91070924056027,0.051236421473007,25.3840389018815,-10.5860978822905,-27.5820181719118,2.58598803029187,10.1415524786854,-0.457169604096954,95.4649235166783,24.76046750819,43.1109362803871
83.49,-0.552251788230162,8.43850482734003,0.965985687146886,-18.1685686087778,-18.7046869430034,17.9221975669157,2.18990091355536,9.76323057523757,0.322258184835642,1.00983328158716,-20.1982695719599,-63.7549961692383,-1.25522529013284,9.3554496040629,0.363894247805453,8.32887963663235,-18.4277424799135,17.5380227944798,-0.456313282591545,9.83276671410906,0.741827394658011,29.6832913108725,-1.0823628726325,4.42839095413127,2.969691643214,9.26434623005496,0.89334150854873,-3.27343045660689,-27.561494534782,157.178834444175,-3.68872187657438,7.71379768791789,0.021289658180752,25.9683964278233,-9.79450071337503,-20.9419615016877,2.78005627134524,9.90001440326528,-0.413916048006376,98.1846250677662,26.2440027470884,50.5655634238244
83.495,-0.550116826299982,8.53880463246389,1.00619383948986,-18.3166687201541,-18.5161335503145,18.0651826841061,2.21426144762114,9.88264397610504,0.325168344822556,1.20151349046292,-19.8471396088487,-61.6311307510714,-1.18263728008688,9.42659768537406,0.351782990664308,8.25345684592052,-18.08852990599,16.0571656564683,-0.419834766904116,9.86670102946633,0.722700577188161,29.5976047106563,-0.745593828164331,4.21952659846311,2.97541930535237,9.19720979313367,0.908085757494698,-2.7872887897485,-27.9309131942612,156.854084751325,-3.65837798941356,7.51360208737399,-0.0102732549935559,26.5844774592401,-9.00786681819162,-14.0851165454998,2.95034322064878,9.65601626755402,-0.365278685377857,100.35121723821,27.4457689704244,58.029567273283
83.5,-0.548744611240283,8.63851876955512,1.04847395114672,-18.4842621437232,-18.2574444423687,18.1932316977584,2.23422144384957,10.0000895451349,0.33456698957379,1.39129194477849,-19.5118605373225,-59.4144649432416,-1.11570087104574,9.49596097387224,0.345188184858704,8.19265207460693,-17.7620598845022,14.5365879220566,-0.384566704106223,9.89750583578684,0.708790944536581,29.4580835302959,-0.471667476458372,3.93506820012238,2.97951605870259,9.12082959098902,0.915143626274778,-2.28792300318704,-28.34627807697,156.34229748005,-3.63094244810308,7.31143854699967,-0.042828117352997,27.2249396266251,-8.21915229984539,-7.03356972409243,3.09507989032862,9.41169461981673,-0.313102411884096,101.977957110294,28.3829152346485,65.4935265782067
83.505,-0.547578247397224,8.73708280643431,1.09255774182081,-18.6645302092501,-17.9333263090875,18.3067698337744,2.24875775443084,10.1141616057606,0.349848902640583,1.57702471366304,-19.1991882641987,-57.1120672563924,-1.05560125946406,9.56288597155918,0.343952998001773,8.14637165575271,-17.4555056031113,12.9811395591228,-0.351229092611413,9.92492848248613,0.699896752419787,29.2702962388437,-0.263278700287301,3.5729303890197,2.98204950693263,9.03482982684322,0.914545787608967,-1.77062337801015,-28.797831847305,155.641206788324,-3.60710750095375,7.10868099086508,-0.0757845597362139,27.8819476807205,-7.42219592862085,0.18888151321219,3.21271211372894,9.16925121009819,-0.259337023418216,103.087890137062,29.0775868304654,72.9470527645789
83.51,-0.546016903277901,8.83396637884282,1.13811485440346,-18.8508646396644,-17.5490040148821,18.4058854198965,2.25695052805946,10.2234782276477,0.370330655262261,1.75683304784891,-18.9147549023022,-54.7327470873327,-1.00311636259766,9.62693321103521,0.347796514744255,8.11421152029668,-17.1748862381995,11.3963744694732,-0.320146746608831,9.94889256044378,0.695657842572984,29.0399566852667,-0.121833423196366,3.13187947945174,2.98314328903739,8.93892939513298,0.906433067790145,-1.23106240174393,-29.2758285111744,154.748947350243,-3.58751264138904,6.90670651863655,-0.10860241255157,28.547370760239,-6.61182393873995,7.55694757666105,3.30190480501477,8.93086993349766,-0.205965067477592,103.712673664457,29.5562554059442,80.3785564671849
83.515,-0.543431655941725,8.92867707020195,1.18476008082468,-19.0370063927714,-17.1101602193591,18.4902612525103,2.25800690855978,10.3267105715865,0.395264060490028,1.92913229817716,-18.6630077512682,-52.2869429341918,-0.959221144575794,9.68754232686227,0.356322842460421,8.09552076523668,-16.9249942124214,9.78849915181855,-0.29191878473256,9.96928570126905,0.695571108840242,28.7728455546476,-0.0474758830216468,2.61158488827409,2.98298069499041,8.83295240011989,0.891039002620743,-0.665391876303773,-29.7706565725155,153.664115654399,-3.57275200155898,6.70683334918445,-0.140804244759105,29.212972850091,-5.78391715899632,15.0440693549719,3.36153993564127,8.69862322942239,-0.154925761647168,103.891232878262,29.8489507277996,87.7750562599684
83.52,-0.539181714644765,9.02076331490129,1.23206252631078,-19.217157045772,-16.6228697447855,18.559120143923,2.25128098848061,10.422610500683,0.423850518443762,2.092652229675,-18.4471755840211,-49.7865741400635,-0.925519787330412,9.74380962029666,0.369035639898525,8.08946358293188,-16.709353408308,8.16430772486556,-0.267895714491695,9.98582051720837,0.699010485373491,28.4747320006386,-0.0391403257865689,2.01265464900376,2.98180589124277,8.7168365307904,0.868672530279534,-0.0703246112692439,-30.2729468581476,152.385841417348,-3.56334679437356,6.51050115350321,-0.171983279222804,29.8705915281213,-4.93544254429715,22.6226395675803,3.39077225549511,8.4746139881861,-0.108024648879809,103.668293212816,29.9884150590075,95.1220274753802
83.525,-0.532630546067231,9.10981623413483,1.27955654369876,-19.3860613365001,-16.0935288572977,18.6111876340614,2.2362896736138,10.5100357553241,0.455255809486596,2.24644834849899,-18.2692608256165,-47.2448604184434,-0.90325431386051,9.79501371581879,0.385355731647492,8.09507652373703,-16.5302068838338,6.53110374965779,-0.249112354757103,9.99834677954498,0.705254106488641,28.1512949282355,-0.0946245175257066,1.33665520871299,2.97992281875627,8.59063884389395,0.839701580036038,0.556800319536216,-30.7736655736479,150.913865266645,-3.55974590522766,6.31935231385737,-0.201808404956794,30.5123012039884,-4.06445194318814,30.2642184469232,3.38904803637148,8.26102234575527,-0.0668591149880955,103.092832830418,30.0092022448449,102.403287388816
83.53,-0.523161445587268,9.19547035305974,1.32675413590563,-19.5390611914771,-15.5287795845949,18.6446745469184,2.21272424672334,10.5879720997553,0.488624928827029,2.3899043593892,-18.1300553079288,-44.6761139620562,-0.892919223984789,9.8407955849588,0.404640582406828,8.11131866469624,-16.3885315183771,4.89660954393957,-0.235883195344449,10.0069477736575,0.713517210894064,27.8080430128737,-0.210682174569509,0.586116081014184,2.97769184769463,8.45453855223406,0.804538073663282,1.2179694657902,-31.2641935991299,149.24861829576,-3.56238847401106,6.13491674583111,-0.230026047509292,31.1305580775574,-3.17005143458266,37.9397400217002,3.35601030542018,8.05977072182803,-0.0327725089468431,102.216497870474,29.9467441412129,109.600912391193
83.535,-0.510192143329824,9.2774032050465,1.37315837343495,-19.6721229121155,-14.9354293088647,18.6572814871119,2.18045751584558,10.6555519725135,0.523096608443049,2.52272627525801,-18.0291767020494,-42.0955093845115,-0.894690106153079,9.88091353050624,0.426207088841472,8.13711294761003,-16.2840762808536,3.26886400522231,-0.228278491385061,10.0117807928416,0.722986578044663,27.4502326829859,-0.383131089215319,-0.235479823852289,2.97552425656131,8.30883650640051,0.763624619279507,1.91446438393545,-31.7363932340315,147.391298819231,-3.5717195161776,5.95850380983361,-0.256459302551364,31.7183249094721,-2.25234490767654,45.6197059622436,3.29146278725817,7.87239641468877,-0.0068041842314166,101.09202235163,29.8364073347558,116.695183366885
83.54,-0.493188095683064,9.355333896794,1.41827726473391,-19.7818400938586,-14.3203660934307,18.646226502786,2.13954649743328,10.7120693056541,0.557817240827922,2.64492897883527,-17.9651225325295,-39.5188370962605,-0.908520301969167,9.91518741034374,0.44935319221306,8.17137767507667,-16.2154205216302,1.6561103464237,-0.226235948861081,10.0130368481215,0.73285328604163,27.0827839452021,-0.606973422408798,-1.12371928463994,2.973874593095,8.15395118953487,0.717422989552387,2.64684842263752,-32.1826635902562,145.343941671048,-3.58817049392956,5.79130581967474,-0.281005565021281,32.2691743985768,-1.31235583420933,53.2743646267808,3.19539061621405,7.70013693771042,0.0103545159375902,99.771693901489,29.7125632835306,123.664557145005
83.545,-0.471674187473919,9.42902077543173,1.46163747709386,-19.8654153808018,-13.6904704198508,18.6082960630172,2.09023063437424,10.7569903107345,0.59195399468171,2.75681619077198,-17.9353388416025,-36.9622459557915,-0.934146216081526,9.94349532134445,0.473378388863456,8.21304786368407,-16.1800488181689,0.0666755738345739,-0.229570853850547,10.0109338223175,0.742343375336774,26.7101949197198,-0.876524435842639,-2.07329442021877,2.9732309952477,7.99041120462631,0.66640435175874,3.41497029057991,-32.5959856825298,143.109475657948,-3.61216133609852,5.63439537526139,-0.303631414005745,32.7773705410428,-0.351931428639294,60.8738736177354,3.06794479354428,7.54392080602464,0.0183824379033426,98.3059054639278,29.6076949036551,130.485664089838
83.55,-0.445244649398769,9.49825838853831,1.50279733907701,-19.9206244113219,-13.0525241606933,18.5399183333743,2.03292560541272,10.78996015582,0.624706979180638,2.85895485501282,-17.9363009987262,-34.4419811460491,-0.971098108533077,9.96577059832957,0.497602736496013,8.26108680830928,-16.1744393406929,-1.49115603541914,-0.23798961985458,10.0057110463855,0.750745132300916,26.336457042,-1.18554590916623,-3.07805020896019,2.97410360802281,7.81884440142864,0.611041154241678,4.21798322596189,-32.969958050439,140.691765249514,-3.64410450210772,5.48870013062167,-0.324365378917811,33.237927857902,0.626366405028323,68.3884448317582,2.90941855032889,7.40434538121726,0.0173331459088808,96.7418312517221,29.5515620078911,137.133334080272
83.555,-0.413571072829578,9.56287394477746,1.54135865501433,-19.9457653783871,-12.4131176739801,18.4372566300896,1.96821286144967,10.8108055730016,0.655320355994552,2.95214495274591,-17.9636046825167,-31.9741231914844,-1.0187157681043,9.98199940978408,0.521383724024781,8.31448877896775,-16.1941632744275,-3.00927281574413,-0.251105862990026,9.99762530084207,0.75743184044531,25.9649738387644,-1.52738064942545,-4.1310433744195,2.97701132189081,7.63996394313572,0.551800565151259,5.0543780576119,-33.2988235409635,138.095633207203,-3.68440641065422,5.35497807563745,-0.343288944812239,33.646648869254,1.61937882271112,75.7884716665655,2.7202237616347,7.28166382951582,0.00762317421202519,95.1222620080707,29.5704466453271,143.580654803543
83.56,-0.376408477628186,9.62272346513349,1.57697700187656,-19.9395975756032,-11.778555884836,18.2963200317971,1.89682512468878,10.8195335378576,0.68309231012425,3.0373857439143,-18.0120655319546,-29.5743338442395,-1.07616839780892,9.99221908516537,0.544130510309537,8.37227423125085,-16.2339933573841,-4.47986601765904,-0.268458147884595,9.98694808724219,0.761879197442835,25.5984868032032,-1.89508483238278,-5.22461232752043,2.98246716691147,7.45455173971781,0.489139384995752,5.92202801023798,-33.5774877440009,135.326861581929,-3.73346605123659,5.23379396771658,-0.360526110872728,34.0001406980774,2.62347197888593,83.0446387178876,2.50086852140171,7.1757807631491,-0.00999471473315716,93.4846298307191,29.6864971487101,149.799067065548
83.565,-0.3335994561367,9.67768777932987,1.60937032026038,-19.9012721600304,-11.1547641418185,18.1130875110152,1.81962819368688,10.816326247918,0.707383787730769,3.11583943592728,-18.0758262651163,-27.2576142344574,-1.14247799894208,9.99651716070353,0.565315174201055,8.4334792530612,-16.2880199488029,-5.89555741518478,-0.289528619269947,9.97396388231402,0.763676956539008,25.2390120614058,-2.28155539607026,-6.35045801015544,2.99096279982854,7.26343978104168,0.42350038271829,6.81824280419983,-33.8015295404865,132.39216931655,-3.79167079671402,5.12549761977369,-0.376231906604278,34.2958122113348,3.63465881524425,90.1280149407428,2.25193676477852,7.08625562146468,-0.034471186171416,91.860246372093,29.9171865524185,155.758501505342
83.57,-0.285076473728468,9.7276684925058,1.63832571508489,-19.8302581467307,-10.547194551454,17.8836416145268,1.73759949750131,10.8015326938524,0.727625914362268,3.18879329024191,-18.1484701845911,-25.0380802216227,-1.2165455185637,9.99503099439385,0.584480762590477,8.49714118943799,-16.3497732154381,-7.24952103628309,-0.313761829131583,9.95896899203406,0.762534695153575,24.8877912412974,-2.67965030869847,-7.49973556779101,3.00295259358066,7.06749000157853,0.355310009307871,7.73982945348656,-33.9672042887584,129.299165561301,-3.85938962467471,5.03020479735836,-0.390580348640937,34.5318536233823,4.64871669439083,97.0101318474362,1.9740705871204,7.01231257380744,-0.0645102296879441,90.2737704413715,30.2748971670661,161.427559819585
83.575,-0.230862446116676,9.77258403920791,1.66370442754183,-19.7262663569895,-9.96073348042239,17.6043075945565,1.65180393187326,10.7756571648468,0.743326028513243,3.25762117926165,-18.2231399896917,-22.9287593343525,-1.29717902195093,9.98794768981644,0.601246072125827,8.56228248495039,-16.4123500696998,-8.53559589019649,-0.34058317333648,9.9422705755948,0.758281906853327,24.5452593583679,-3.08230019562422,-8.66315675489408,3.01883786628534,6.86757340210352,0.284977417871634,8.68315717218797,-34.0714403020182,126.056278731476,-3.93696413066967,4.9477814883768,-0.403752360637065,34.7072009431082,5.66129735853975,103.66304885919,1.66795568319942,6.95285575981033,-0.098626284824229,88.7429124791163,30.7666388492412,166.773741815481
83.58,-0.171069732410481,9.81236595242321,1.68544494461982,-19.5891736728575,-9.3996110438574,17.2717938704564,1.56336759190341,10.7393450620253,0.754072304737609,3.32374557943152,-18.2926607697406,-20.941413077632,-1.38312315669435,9.97550399182296,0.615307249824603,8.62789476455364,-16.4685444887228,-9.74838672356324,-0.369416453110864,9.92418541289382,0.750862848811802,24.2110318119922,-3.48261044001381,-9.83110282199296,3.03895177794871,6.66454923500428,0.212894683317134,9.64422393951053,-34.1118294109424,122.672662286697,-4.02469786491299,4.87783228967758,-0.415924163200077,34.8214879882419,6.66802629295646,110.059408408988,1.33431013266174,6.9064889783234,-0.135205469504506,87.2783747339035,31.3939043209452,171.763717906421
83.585,-0.105897687049377,9.84695548843735,1.7035642050383,-19.4189495288281,-8.867313711444,16.8833297278266,1.4734500921935,10.6933664153303,0.759536986009909,3.38860093014416,-18.3496659917034,-19.0863877394554,-1.47308917754403,9.95798578020245,0.626436434254858,8.69292504982988,-16.5109798176457,-10.8833500941518,-0.399700164671302,9.90503803991423,0.740326766099873,23.8839118623719,-3.8739533987689,-10.9937473379117,3.06354540065053,6.45924511975907,0.139438088656013,10.6187225236681,-34.0866125293635,119.158079158246,-4.12284463187334,4.81969362482149,-0.427256589448271,34.8749888905803,7.66458924848222,116.172483800501,0.973876593763792,6.87153934399845,-0.172567818423427,85.8840176712533,32.1526610215706,176.363645372416
83.59,-0.0356289128782482,9.87630075656605,1.71815685874208,-19.2155861636645,-8.36650165811647,16.4367962446544,1.38321623439144,10.6385975132704,0.759478285555457,3.45359922120532,-18.3867252051932,-17.3724961476203,-1.56578479494904,9.93572678864468,0.634477767634718,8.75626579792604,-16.5322415970527,-11.9368634040266,-0.430902187624689,9.88515796498494,0.726814258984177,23.5619192297127,-4.25005078853891,-12.1411879670951,3.09277544833151,6.2524389879168,0.064970330012173,11.6021041162428,-33.9946612344905,115.52276765532,-4.23159644862285,4.77243247909992,-0.437885712332534,34.8685540756168,8.64680440135424,121.976223167019,0.587417852147786,6.84608482700162,-0.209027552123785,84.5572352560825,33.033475381192,180.53952578889
83.595,0.0393756470061379,9.90035451129649,1.72939254557685,-18.9790338575652,-7.89893311707652,15.9308465885607,1.29380783374244,10.5760010655406,0.753741054802134,3.52009861340377,-18.396472048142,-15.8069321058256,-1.65994309953359,9.90910621376953,0.639341197496661,8.81675017679632,-16.5250093324682,-12.9062749786268,-0.462532589904841,9.86487579609274,0.710540661589911,23.242339702398,-4.60504659830687,-13.2635856633479,3.12669413580956,6.0448437533178,-0.0101565313009661,12.5896381773492,-33.8354564130753,111.777292490857,-4.35107186363034,4.73485130368046,-0.447915086647751,34.8035426173296,9.61067938810784,127.445293155879,0.175715615986704,6.827985951181,-0.242948614851049,83.2895143236693,34.0217620059396,184.257600369666
83.6,0.118682651906826,9.91907277248461,1.73751118078227,-18.7091422564921,-7.46539866651825,15.3650120425666,1.2063165383742,10.5066053311474,0.742256344642331,3.58937584630293,-18.3717309584292,-14.3952184704179,-1.75434981129234,9.87854495323121,0.640994559931495,8.8731536668151,-16.4821854584413,-13.7899338025721,-0.494154300195883,9.84451824174693,0.691777355437022,22.9217949169412,-4.93357104263344,-14.351309094979,3.16524161668406,5.83709554208138,-0.0855975901148363,13.5764676183118,-33.6090649699809,107.932385230955,-4.48130529221367,4.705499688147,-0.457409811284448,34.681753627879,10.5524532259893,132.555126180695,-0.260427551062141,6.81492224214793,-0.272793126749931,82.067146693641,35.0981472083098,187.484779622091
83.605,0.201793228767175,9.93241443443011,1.74281628249716,-18.4056089123624,-7.06566895884012,14.7397903694738,1.12175845417835,10.4314826646852,0.725040008512268,3.66260312290257,-18.3056408238534,-13.1411890222727,-1.84786812518416,9.84450032209724,0.639454499454988,8.92420271098193,-16.397019593358,-14.587198102769,-0.525391429493796,9.82440208109006,0.670831967116789,22.5963308711975,-5.23079605218949,-15.3950814546302,3.20824142364104,5.6297461801698,-0.161011375934207,14.5576590046469,-33.31611541894,103.998778958702,-4.62223792417786,4.68269332668701,-0.46639251428358,34.5053589420956,11.468623870137,137.281975194262,-0.720183231965839,6.80443421687912,-0.297161024667785,80.872057658627,36.2389339232898,190.189103714799
83.61,0.288150660526456,9.9403419932266,1.74566645445754,-18.0679362438823,-6.69845972756689,14.0567134276454,1.04105131844423,10.3517279596665,0.702190507934774,3.74083005311775,-18.1917736865778,-12.0470034667289,-1.93946048685424,9.80745923519439,0.63477683106371,8.96859072605186,-16.2632260953974,-15.2984225712634,-0.555935061433924,9.80482732034458,0.648028419929856,22.2615232833948,-5.4924826334958,-16.3861262263674,3.25539930245404,5.42326042793918,-0.236056229591226,15.5282479833464,-32.957772891624,99.9870422556831,-4.77371060541278,4.66454070805724,-0.474841277432126,34.2768388373809,12.3559628103132,141.602979876164,-1.20268911578161,6.79397169721859,-0.314819962876396,79.6827115725594,37.416653581023,192.340230108678
83.615,0.377148800542036,9.94282346393569,1.74646523325558,-17.6953981361983,-6.36141787031136,13.3183913367292,0.964994853457257,10.2684374930076,0.673886086431067,3.82497106728128,-18.0242466039171,-11.1131940899886,-2.02820673488351,9.7679299936204,0.627046975653587,9.0050013453231,-16.0750929671348,-15.9249246104126,-0.585546383393042,9.78606985498156,0.623687819058891,21.912597576749,-5.71502020104096,-17.3163080696949,3.30630578408807,5.21801820054021,-0.310387156149375,16.4832805684452,-32.5357137569982,95.9074177641886,-4.93545890359322,4.6489778344657,-0.482689456466415,33.9989219590067,13.211518626071,145.496247849988,-1.70703787985881,6.78094898533469,-0.324725389608146,78.4750547341906,38.6006899997706,193.909944942863
83.62,0.468141105105211,9.93983548663632,1.74564960008642,-17.2870172818012,-6.05113197470746,12.5285309825378,0.894254791038762,10.1826886898233,0.640381479823647,3.91579847350889,-17.7978248857719,-10.338741842462,-2.1133181800694,9.72643295637076,0.61637109487412,9.03213831245574,-15.8275803485025,-16.4689305379324,-0.614057099984647,9.76837403697489,0.598111135349622,21.5445610052026,-5.89545778212344,-18.178264788448,3.36044276705594,5.01432175788747,-0.383653544517905,17.4178512248549,-32.0520996814967,91.7696706199803,-5.10711036019815,4.63381110355771,-0.489827312693862,33.6745300581398,14.0326117799684,148.940954030013,-2.23226289533237,6.76280700601286,-0.32603147660804,77.2234575380937,39.7579606699382,194.872694127169
83.625,0.560450155626387,9.93136754528358,1.74367752695471,-16.841554108036,-5.76316987286776,11.6919272487376,0.829350908571741,10.095521325608,0.602004326055412,4.01394104026038,-17.5080151860814,-9.7211789290678,-2.1941473438561,9.68349049794069,0.602868508104702,9.04876101291512,-15.5164071879214,-16.9335031955845,-0.641367153456366,9.75194560211332,0.571564591504357,21.1523442095381,-6.03152687908568,-18.9655263966707,3.41719428103334,4.81240761340244,-0.455498133930701,18.3271388632913,-31.5095506084055,87.582951952103,-5.2881837271185,4.61676825999831,-0.496105341288625,33.3067276315728,14.816823138237,151.917460469595,-2.77732058948349,6.73708196861761,-0.318094156736894,75.9016216272047,40.8536416595262,195.206128981078
83.63,0.653377522565714,9.91742715395937,1.74101497112111,-16.3575077592031,-5.49214476552716,10.8144260592464,0.770649272532487,10.0079206608181,0.559151414509767,4.11988766414984,-17.1511472894728,-9.256714381015,-2.27019323724735,9.63961674073059,0.586665888182156,9.05372424475622,-15.1381251502944,-17.3224528577971,-0.667439870900468,9.7369454429174,0.544268531388782,20.7309492886124,-6.12165576378677,-19.6726175611889,3.47586147690581,4.61246270376828,-0.525557567438657,19.2064419053363,-30.9111158119957,83.3556824320322,-5.47808980389661,4.59555703475607,-0.501339157586689,32.8986761009535,15.561978785069,154.40745818337,-3.3410692510913,6.70147949301198,-0.300467874316274,74.483423049892,41.8519234705958,194.891659619633
83.635,0.746213815350814,9.8980458083796,1.73812274863061,-15.8331291454601,-5.2318102545719,9.90285909442808,0.718358757672869,9.92080295658498,0.512284869903494,4.23399536914816,-16.7244438359854,-8.94037858126462,-2.34110221738516,9.59530759923574,0.567893607531938,9.04602051754742,-14.6901793293953,-17.6402337369127,-0.692294762144494,9.72348471255448,0.516390369151054,20.2756012770617,-6.16497505366274,-20.2951401632091,3.53568174784516,4.41464418162458,-0.593464797565533,20.0512135118886,-30.2602419138548,79.0954605094788,-5.6761333452651,4.56793074608002,-0.505315782442377,32.4535918072895,16.2661336615701,156.39413138914,-3.92224405982488,6.65395253977556,-0.272897775597872,72.9436686500842,42.7167861956336,193.915007246741
83.64,0.838248773568401,9.87328546715728,1.73544370923975,-15.2664456100196,-4.97518336649301,8.9649508832234,0.672531803840366,9.835003746061,0.461928306709447,4.3565006158785,-16.2260775829614,-8.76618233217289,-2.40666460236886,9.5510316745237,0.546684453556449,9.02482294489408,-14.1709557863305,-17.8918287338119,-0.715998298696161,9.7116217049027,0.488041970476999,19.7818997443088,-6.16131452560626,-20.8298333448957,3.59585174175673,4.2191020400582,-0.658853502783133,20.8570979091135,-29.5607365634557,74.8089994750141,-5.88151541932218,4.53175974736592,-0.5078011428641,31.9747068433691,16.9275564328256,157.862343511864,-4.51942818606753,6.59278096011734,-0.235309003442056,71.2587495844619,43.4127830136151,192.266744288486
83.645,0.928781285303229,9.84324532614263,1.73339060046453,-14.655296423011,-4.71469341766766,8.00919983095256,0.633069284115205,9.7512691328153,0.408662931466609,4.48753271358688,-15.6552160505775,-8.72728579695471,-2.46680734964981,9.50722248634801,0.523174766074657,8.98952667633683,-13.5798162603322,-18.0826253912804,-0.738653108385515,9.70136086387832,0.459281523964335,19.2459671235316,-6.11119118952333,-21.2746091675967,3.65555388556359,4.02600365170515,-0.721364547393732,21.6199685154993,-28.816726398578,70.5020968015981,-6.09333558558855,4.48510718651523,-0.508548572462763,31.4652316074557,17.5447177843541,158.798843156408,-5.13101997290564,6.51665010269729,-0.187794599463427,69.4071826238076,43.9058213731431,189.942809204821
83.65,1.01712925369189,9.80806867112634,1.73233495415591,-13.9973782154376,-4.442353408478,7.04473556612666,0.599729276747357,9.67025026263082,0.353123525787192,4.62712804338958,-15.0120535197814,-8.81617251634994,-2.52158320922789,9.46427243317189,0.497507883312475,8.9397868080752,-12.917120567164,-18.2182862727024,-0.760386112240291,9.69265413621936,0.430119647277869,18.6645904339115,-6.0157886031004,-21.6285628891288,3.71398590316564,3.83555920630198,-0.780654392962675,22.3359682960651,-28.0326079137532,66.1796382999784,-6.31059333473542,4.4263071098107,-0.507308062986751,30.9283179238514,18.1162840895711,159.192487123502,-5.75519649495673,6.42472570160533,-0.130603319541001,67.3700366047613,44.1639312902633,186.944981235047
83.655,1.10263924745699,9.7679496115338,1.73259726721039,-13.290299647623,-4.14994957131769,6.08115574030625,0.572139447811144,9.59250098627606,0.295994214945254,4.77524381996297,-14.2978303797114,-9.02482369832165,-2.57115685710489,9.42252874753787,0.469839629348197,8.87555081976986,-12.1842372397584,-18.3046171998952,-0.781336199929677,9.68540472195666,0.400529194300607,18.0353533177619,-5.87692726679413,-21.8919578372565,3.77039265748117,3.64804696303096,-0.836405253843862,23.0015524693862,-27.2129899731383,61.8456384808112,-6.53218837409668,4.35404253136318,-0.503835997690034,30.3670216244876,18.6411180867484,159.034476438929,-6.38987418840613,6.31672217021868,-0.0641284248255993,65.1312478784125,44.1580102164394,183.28129950815
83.66,1.18469584704121,9.72313948697822,1.73443868946842,-12.5316449268202,-3.82924379700439,5.12834608457011,0.549812658592266,9.51847861784449,0.238003904908661,4.93177022307934,-13.5148398087146,-9.34488810782504,-2.61578859979997,9.38229158926517,0.440345436511218,8.79708379531581,-11.3835429278584,-18.3474369193168,-0.80164207724121,9.67947312585696,0.370458031670829,17.3567556998777,-5.69702579236848,-22.0661858544225,3.82409947209752,3.46383720881327,-0.888336678739769,23.6135333914304,-26.3626269180388,57.503317221127,-6.75691963027334,4.26742008647625,-0.497905104376403,29.7842636198238,19.118287864843,158.318600313337,-7.03266799249617,6.19296076824263,0.0111018437938051,62.6778344435346,43.8625338868011,178.96641086198
83.665,1.26273054147058,9.67395270306996,1.73805437959945,-11.7190460318297,-3.47218300882233,4.19628812028651,0.532165320409745,9.44854760328955,0.179921245175855,5.09653990140016,-12.6664217579893,-9.76784315160548,-2.65581631165929,9.34381430622831,0.409228570089359,8.70498498096029,-10.5184110000163,-18.3524518021112,-0.82143091791268,9.67468528597709,0.339843937037944,16.6283187391292,-5.47905252289405,-22.1537052398416,3.87454590030631,3.28341383740915,-0.936218122313549,24.1691271551291,-25.4863415622067,53.1552114918123,-6.98348800119332,4.1660073810394,-0.489314520499436,29.1827887218107,19.5470850823433,157.041481983168,-7.68086333799097,6.0543860664564,0.0944328229982569,60.0000230886621,43.2562222463541,174.021831169488
83.67,1.33622996865178,9.62077171669469,1.74356864219491,-10.8502635236093,-3.07110921419877,3.29485943003978,0.518537942210092,9.38298584083672,0.122548945157689,5.26933407860975,-11.756944196616,-10.2851431568018,-2.6916363117578,9.30730579054015,0.376728814935146,8.60019459533397,-9.5931896920763,-18.325139108652,-0.840808413983689,9.67084244744212,0.308630710425584,15.8506729687246,-5.22646746983619,-22.1579589622436,3.92131873784923,3.10739253593151,-0.979881941425588,24.6660011883001,-24.5889378596134,48.803319601597,-7.2104973544563,4.04987647345244,-0.477899524936936,28.565121829209,19.9270529247277,155.202819546913,-8.33138622008555,5.90258156074104,0.185089900762286,57.0913068551138,42.3226488253487,168.476105811208
83.675,1.40474324382857,9.56405087277487,1.75103191590748,-9.92327559599563,-2.61896396357916,2.43363178618591,0.508217257934849,9.32199333484837,0.0667172398573708,5.44988477192959,-10.7917715559376,-10.8883513674001,-2.72368390128621,9.27293476609259,0.343130900418124,8.48399021326693,-8.61317000942898,-18.2706421614364,-0.85985074731133,9.66773235917122,0.276784563740455,15.0256275905002,-4.94315480500311,-22.0832766275672,3.96418294789332,2.9365346754699,-1.0192361203218,25.1023219104448,-23.6751036725668,44.4492741972222,-7.43643308646937,3.91975908836068,-0.463540546126227,27.9335215442002,20.2580238326577,152.805614253646,-8.98072574731784,5.73988138852078,0.282179230096557,53.9484513235455,41.0507808466401,162.3648561495
83.68,1.4678880921004,9.50431879619386,1.76041964309205,-8.93637457173866,-2.10948125606291,1.62167267943082,0.500459277203456,9.26570281942312,0.0132762660383817,5.63787295461063,-9.77722026694194,-11.5692528105918,-2.75241427086705,9.24083576810489,0.308771890507414,8.35797247520731,-7.58454340943055,-18.1936804729687,-0.878598904375491,9.66514130915522,0.244309860215284,14.1562188346466,-4.63334663867335,-21.9347642348285,4.00310909559908,2.77175613946375,-1.05427591705092,25.4768013169054,-22.7493048497012,40.0945391583689,-7.65964676939971,3.77712372692409,-0.446171663075192,27.2899318424231,20.5401664884158,149.856378262427,-9.62488573704895,5.5694018759351,0.38468981991505,50.5714677063903,39.435436110742,155.730700503602
83.685,1.5253554917186,9.44217906037397,1.77163301379467,-7.88826937970341,-1.53736349314244,0.867355872308392,0.494512571588134,9.21419195919232,-0.0369129246319953,5.83292283317633,-8.72050121526188,-12.3199458991077,-2.77828445438575,9.21111652182688,0.274046756385236,8.22404029614065,-6.51434907502833,-18.0984774664254,-0.897055631409136,9.66286648906178,0.211263325143619,13.2467351561506,-4.30153936928945,-21.7181861085022,4.03829588209076,2.61413048047042,-1.08509355116701,25.788741184452,-21.8156727130726,35.7406245770494,-7.87837198837849,3.62407885602178,-0.425788071689214,26.6359330336703,20.7740409166448,146.365313700607,-10.2594164402736,5.3949075763749,0.491502850877976,46.9635686793715,37.4776415835265,148.623040211629
83.69,1.57691255317438,9.3783088908638,1.78450153636525,-6.77819167539661,-0.8984358293005,0.178186514864,0.489641095678573,9.16749671575663,-0.0829890115944153,6.03459273913268,-7.62964884973273,-13.1329114169605,-2.80173694990532,9.18386639049472,0.239411385373987,8.08435613244844,-5.41041035805822,-17.9887079072591,-0.915185185439895,9.66072818058955,0.177765938478306,12.3027168516136,-3.95240444860703,-21.4398435347966,4.07018643460619,2.46488596966716,-1.11188503330768,26.0380734252371,-20.8778880014137,31.3893132541149,-8.09073063462826,3.46333917829301,-0.402452417467774,25.9726938788576,20.9606598354992,142.34645493486,-10.8794286795299,5.22073124154054,0.601400244186048,43.1311195383252,35.1848778883571,141.097703873123
83.695,1.62240341832629,9.3134557286927,1.79878733697773,-5.60600228828105,-0.189775139359146,-0.439353911504929,0.485145859061776,9.12562544481401,-0.124102996608752,6.24236343379537,-6.5134365790024,-14.0010583595555,-2.82318554200648,9.15916553009623,0.205382363752213,7.94130219351976,-4.28125973717669,-17.8674665485032,-0.932915889204998,9.65858126097865,0.14401182843371,11.3309275134279,-3.59069590251683,-21.1064545658828,4.09947716478772,2.32539629200798,-1.13495328065364,26.225394953653,-19.939065251876,27.0428915969768,-8.29472870844367,3.29823738206725,-0.376299807299377,25.3009273068872,21.1015536070936,137.817766352022,-11.4795947161932,5.0517308137463,0.713073638897826,39.0835929356684,32.5711938933479,133.216445762141
83.7,1.66174807447739,9.24843158430915,1.81419103225615,-4.37229380352439,0.590189239662333,-0.979938032093471,0.480384820457298,9.08857325110253,-0.159432957354356,6.45562488763432,-5.38127798711412,-14.9177469300042,-2.84300373784682,9.13709434937104,0.172533001912186,7.79742875534096,-3.13605141606736,-17.7372588120841,-0.950145353371085,9.65632551222899,0.110273597246051,10.3392947003496,-3.22115730375263,-20.7250392457218,4.12711825746758,2.19716483758715,-1.15470677152964,26.3519952864305,-19.001642437898,22.7043774436846,-8.48826318922949,3.13267911132912,-0.347540696579488,24.6208526318663,21.1988353346159,132.801188641732,-12.0541837311874,4.89319083738895,0.825139209235757,34.8335305497457,29.6571766336396,125.046297662002
83.705,1.69493913410022,9.18410525751779,1.8303589659133,-3.07848458343465,1.44160488173795,-1.43949431254271,0.474790465659281,9.05633608064256,-0.188201038049888,6.67366282871559,-4.24311331490183,-15.8767897903628,-2.8615160745519,9.11774282932183,0.1414852471862,7.65539596201927,-1.98446050313021,-17.6000136206335,-0.96674809094928,9.65391418807038,0.0769036188641202,9.33681742290556,-2.84843103880132,-20.3028142315129,4.15430518356548,2.08180273778584,-1.1716531719223,26.419875004476,-18.0672813199275,18.3777371148039,-8.6691352995032,2.97107281057587,-0.31646138044897,23.9321674401308,21.2552619248729,127.322627581335,-12.5971200766011,4.75069856732838,0.936157712773198,30.3965100564576,26.4697642501703,116.658776965434
83.71,1.72203680068106,9.12139265666534,1.84689156630188,-1.72689962110727,2.36315673406251,-1.81527694065872,0.467884641695338,9.028923993298,-0.209692548055336,6.89564656420994,-3.10928062470463,-16.872433387086,-2.8789923823499,9.101219224794,0.112897344696506,7.51791070986488,-0.836567597195465,-17.4571177906777,-0.982585115374919,9.65136027699198,0.0443309658381412,8.33343862034547,-2.47697261238109,-19.8471004944163,4.18246100408701,1.98100098498529,-1.18638761769513,26.4317532110278,-17.1367843140387,14.068083847344,-8.83507037814965,2.81823898877312,-0.283421722335069,23.2340323448577,21.2742863872073,121.411880628521,-13.1020634738892,4.63000019833976,1.04465981782032,25.791111183994,23.041893679357,108.128957755836
83.715,1.74316237934287,9.06124557587077,1.86335257191034,-0.320834316108347,3.35205881695954,-2.10590184713278,0.459290329218822,9.00637305849608,-0.223276810030763,7.12061974859078,-1.99037114512745,-17.8993217764597,-2.89564492034753,9.08765767031672,0.087447346347947,7.38766040519127,0.297272388699364,-17.309470715378,-0.997514990638003,9.64873994113856,0.0130537799398911,7.33988176044586,-2.11097241845659,-19.3652474758105,4.21320959664381,1.89649715355008,-1.19957564592859,26.3910622524171,-16.2100336709042,9.7818496873392,-8.98374499821245,2.67930091543825,-0.248849831878414,22.5250715688721,21.2600963627781,115.10249818258,-13.5625108128327,4.53684048483844,1.14917633914437,21.0388708158368,19.4119804767096,99.5344156625016
83.72,1.75849076337332,9.0046393456094,1.87927888232915,1.13540164401833,4.40407661881263,-2.3113481119185,0.448740129027961,8.98875536761221,-0.228429183251404,7.34749585921674,-0.897068549243942,-18.9524458437074,-2.91162816304327,9.0772242558948,0.0658128157206217,7.26724555876655,1.40657812321488,-17.157557410288,-1.01140570084051,9.64619273642026,-0.0163728880200452,6.36745194346231,-1.75428697394831,-18.8645766813427,4.24834025112532,1.83003740806046,-1.21193111350965,26.301928214136,-15.2859583542804,5.52692297982497,-9.11282163251678,2.55955954307892,-0.213233543970312,21.8033918206036,21.2176339144959,108.431578100788,-13.9719181056826,4.47678993339744,1.24827246319314,16.1642143057556,15.6232351016372,90.9540614708203
83.725,1.76824233083889,8.95255975307581,1.89419081313822,2.63646195546645,5.51357910290128,-2.43292528214857,0.436081315488266,8.97618675310864,-0.224753510018399,7.57506009289151,0.160027584958879,-20.0270811290639,-2.92704091491401,9.07012122237755,0.0486473166508228,7.15911330270207,2.48090694341635,-17.0015373740357,-1.02414663837403,9.64391841758722,-0.0433534909300769,5.42780330580951,-1.41038117939433,-18.352347130996,4.28976433328684,1.78333464710944,-1.2241897862369,26.1691360288386,-14.3625332204685,1.31274391435283,-9.21999077508213,2.4643561135983,-0.177108710392167,21.0666212038189,21.1525919583945,101.439493857647,-14.3238400383701,4.45506460144044,1.34058457598531,11.1943485431426,11.7228277302952,82.4668826874035
83.73,1.77267463811979,8.90598955565244,1.90760255576304,4.17596367104936,6.67361883255902,-2.47320836132807,0.421277378082271,8.96883193172144,-0.212004105229784,7.80197917926643,1.17059312434544,-21.1187176470318,-2.94193036563815,9.06658903742844,0.0365544918475717,7.06549396643993,3.51003680627796,-16.8413461376458,-1.03565998134833,9.64217036692038,-0.0672721087004594,4.53267597908765,-1.08228282312811,-17.8357443055999,4.33946491087397,1.75802378860631,-1.23707959497488,25.9980783933335,-13.4368139598315,-2.84964872796784,-9.30301999083856,2.39892642814759,-0.141044474166931,20.3119689906907,21.0713833609571,94.1695585217125,-14.6120834882608,4.47634430265614,1.42485794704929,6.15910201532005,7.76092162388228,74.1506164720214
83.735,1.77207422651286,8.86589481511989,1.91903266147055,5.74650975953945,7.87603839193774,-2.43594338435126,0.404406047022008,8.96690692910091,-0.190106332805328,8.02682020956056,2.12478353775379,-22.2229851200898,-2.95629765644947,9.06690623880932,0.0300607223549287,6.9883428115016,4.48416369476626,-16.6768058598596,-1.04591073968899,9.64124591590012,-0.0875154998739108,3.69360728476041,-0.772550304183829,-17.3218932549408,4.39944039842595,1.75561534984681,-1.25128881158751,25.7946880586548,-12.5050098215199,-6.94762535464542,-9.35980891683044,2.36825112888467,-0.105625847224172,19.536306041721,20.9810796330744,86.6676284277267,-14.8308704014009,4.54459565688849,1.49998329463315,1.09069830346058,3.78960267180234,66.080381531572
83.74,1.76674879048787,8.83321119434703,1.92801437522406,7.33973456221786,9.11160097700483,-2.32592754698545,0.385653893779395,8.9706787766432,-0.159174782675179,8.2480790229903,3.0134476998594,-23.3355769545722,-2.97010449244834,9.07138705571266,0.0295874995779744,6.92928889427411,5.3941117746661,-16.5077408940316,-1.05491478688154,9.64147401495904,-0.103498111849539,2.92162318228807,-0.483254387261288,-16.8178954282541,4.47164343705008,1.77744860176322,-1.26743358122622,25.5653534196321,-11.5625944766112,-10.9670320329103,-9.3884488029809,2.37690655689868,-0.0714340612135378,18.7362645379034,20.8893172848122,78.9816519949991,-14.9750046009641,4.66290684574576,1.56503018350003,-3.97654782670568,-0.13826065936568,58.3273006222593
83.745,1.75701991037497,8.80883030805764,1.93410564544246,8.94637281108644,10.3701427186502,-2.1488687808779,0.365307717666117,8.98046258045305,-0.119528066011471,8.46421803175889,3.82834697304188,-24.4521760732471,-2.98328029663104,9.08037692466412,0.0354247311440371,6.88959281224653,6.23155221910916,-16.3340939332327,-1.06274425507203,9.6432008159778,-0.114687965404322,2.22691720513944,-0.215974663419039,-16.3308876661376,4.55791641435823,1.82464566619248,-1.28602635650908,25.3168177054269,-10.6044535710178,-14.8923178933447,-9.38728478709782,2.42892081756095,-0.0390253282142532,17.9083545734835,20.8041712375264,71.1611705691802,-15.0400364950581,4.8333410434285,1.61927530713142,-9.00661845474355,-3.97018774294846,50.9571489547673
83.75,1.74321653074109,8.79358621419944,1.93689864424438,10.5563532342749,11.6407439729926,-1.91123040040276,0.343743069188264,8.99661613898009,-0.07169926995282,8.67371267871133,4.56237407460035,-25.5683853929914,-2.99572935677838,9.09424609348839,0.0477062350167234,6.87011481764129,6.98922530644598,-16.1560381636141,-1.06952975152231,9.64677375460143,-0.120632292379954,1.61852518568454,0.0281887934857727,-15.8681207829001,4.6599252619423,1.89806796539311,-1.30744681197289,25.05606250641,-9.62506567340236,-18.7067235865838,-9.35497877413879,2.52763960927737,-0.00890884493501032,17.0490941221351,20.733996202632,63.256779447162,-15.0224193291465,5.05681520531164,1.66222400147666,-13.9622662303864,-7.65524458663582,44.0290665999515
83.755,1.72566935295,8.78824216505064,1.93602866004571,12.1589177729046,12.9119165009749,-1.62006691288743,0.321410401101884,9.0195323318477,-0.0164411543346636,8.87510509973009,5.20976532685858,-26.6796653027259,-3.00733737847455,9.11338155278522,0.0663886510064103,6.87129448807142,7.66115930547084,-15.9740808443643,-1.07545895488532,9.6525246701043,-0.12098184006032,1.10400494377999,0.248588358657665,-15.437054376562,4.77909342866254,1.99827642013448,-1.33191677187166,24.7901769237135,-8.61871153190904,-22.3925287868221,-9.29057055660731,2.67560615680581,0.0184749129108122,16.1551480152777,20.6872386100458,55.3195583944597,-14.919650637674,5.33301018621105,1.69362382996669,-18.8055698326383,-11.145149032029,37.5943744095719
83.76,1.70470628711318,8.79347779133957,1.93118226620102,13.7427667855185,14.1718032029801,-1.28285719432621,0.298819455773678,9.04962952723235,0.0452747570707476,9.06706308075907,5.76629928635124,-27.7812799676165,-3.0179768473945,9.13817755409727,0.091234918259522,6.89314285796884,8.24287890331397,-15.7891538979293,-1.08077127818191,9.66075241655206,-0.115512836395768,0.68913073391323,0.444986532378805,-15.0454639816551,4.91653817193768,2.12549673224693,-1.35948056084622,24.5262143349491,-7.57970491299677,-25.931354777101,-9.19353469008871,2.87445923239676,0.0427743718965989,15.2234709285978,20.6722234594313,47.400481983804,-14.7303929249901,5.66031707587483,1.71346971469581,-23.4985619976091,-14.3952834934345,31.6955325117145
83.765,1.68064906222773,8.80987695086592,1.92210470665174,15.296229249047,15.4083869069778,-0.907340960370649,0.276522576686395,9.08734027604603,0.112265905654926,9.24844209126226,6.22947449916565,-28.8682536808543,-3.02751064128472,9.16902498163718,0.121803334247519,6.93524764600991,8.73159555788836,-15.6026874406433,-1.08574845160278,9.67170535128012,-0.104145717214664,0.377612552292731,0.61749896931208,-14.7015564072068,5.07301147125955,2.279590987953,-1.38999197803898,24.2710396143922,-6.50263690156382,-29.3045164604666,-9.06383061345212,3.12485273267964,0.0637441935683347,14.2514490088407,20.6969222734429,39.5498209469998,-14.4545683267139,6.0358232966364,1.72200073755359,-28.0039165921126,-17.3655824240203,26.3652778882996
83.77,1.65381102002814,8.83791651830149,1.90860645726681,16.8074550998014,16.609704635165,-0.501363884054834,0.255097664921478,9.13309859602238,0.183153730816783,9.41834802574811,6.59865923521397,-29.9353378303042,-3.03579342806156,9.2062998557297,0.157443029147559,6.99679193828207,9.12637216651756,-15.416662711517,-1.09070108620649,9.68556407863021,-0.0869598383380819,0.170850370874083,0.766524004062934,-14.4140889920049,5.24884788786272,2.46003668322529,-1.4231087971504,24.0311705348815,-5.38262449029972,-32.493416708366,-8.90194349041957,3.426399573214,0.0812585004486412,13.2370347062948,20.768709987208,31.8165463737477,-14.0934229476319,6.45534050236539,1.71968924911485,-32.2856777161907,-20.021269943797,21.6259730845672
83.775,1.62449602198539,8.87795640743411,1.89056892065014,18.2646249389342,17.7640637746369,-0.0727359765601569,0.235131486614185,9.18732620406503,0.25638616559888,9.5761982405538,6.87520649209972,-30.9769883733554,-3.04267054105522,9.25035127050109,0.197296471321326,7.07658635685599,9.42825479898598,-15.2336415589956,-1.09595152239883,9.70242489142609,-0.0642035137831528,0.0677329934298931,0.892660447809825,-14.1924884435397,5.44392155267446,2.66591409943159,-1.45829531847457,23.8126178722562,-4.2155536691555,-35.4799746856671,-8.70891419816427,3.77764214419653,0.0953189699599086,12.178869602489,20.8941199132558,24.2477489219525,-13.6495585048388,6.91347529155974,1.70722321546293,-36.3100108039906,-22.3334323155069,17.4891922608862
83.78,1.59299828661658,8.93023108816571,1.86794920815836,19.6561708010024,18.8602566277075,0.37089293643394,0.217203976699643,9.2504181198963,0.330267385181189,9.72177848328913,7.06252828065122,-31.9873530605719,-3.04797422521432,9.30148910267691,0.240309373551792,7.17311432412654,9.64036488717555,-15.0567705020102,-1.10181352469557,9.7222844656889,-0.0362988262154356,0.0644905144957968,0.99661613776186,-14.0469648107394,5.65761419544372,2.89590274171224,-1.49483307187958,23.6207293111739,-2.99830711577454,-38.2470785821627,-8.48635643894949,4.17605045184016,0.106057102570857,11.0763905187131,21.0786067138336,16.8880851531957,-13.126929626712,7.40374180804118,1.68548296338533,-40.0459529082334,-24.2794191034604,13.9555640933422
83.785,1.55960286097337,8.99484279281857,1.84078396986138,20.9710007903153,19.8877699034449,0.822137656714789,0.201874083114042,9.32272811482232,0.402994253811018,9.85529335707507,7.16612413418079,-32.9602670726897,-3.05151738059357,9.35997185743075,0.28524810981568,7.28458953238463,9.76794612076629,-14.8897583518613,-1.1085696345722,9.74502648205299,-0.00384074250171789,0.154608266396094,1.07911039884183,-13.9886159314179,5.88879578810772,3.14828729604979,-1.531839333929,23.4600425643859,-1.72896702020488,-40.779052010938,-8.23645814253893,4.61804773402163,0.113730331993303,9.92991493634072,21.3263275233157,9.77926265720629,-12.5308054898745,7.91871295900677,1.65551366506745,-43.46613709418,-25.8430752528383,11.0148836927088
83.79,1.5245863425542,9.07175652972613,1.80919224222674,22.1987201171237,20.8369858261355,1.27395996924808,0.189667568044663,9.40455449821667,0.472698630527617,9.97740804966053,7.1935598483796,-33.8892552956446,-3.05308516755551,9.42599502719286,0.330724495630532,7.40902418538266,9.81836130584393,-14.7368274149119,-1.11644722089861,9.77041093529215,0.0324098499836801,0.328808625320444,1.14077409811382,-14.0295174037004,6.13581900229952,3.42097328032214,-1.56829271740869,23.3341531766109,-0.406984534034696,-43.062122269225,-7.96196689911747,5.09906326064277,0.118711989280756,8.7407027171257,21.6399510095871,2.95957481387152,-11.8676976342135,8.45020649390851,1.61849494593261,-46.5474647585686,-27.0148136837765,8.64649772631578
83.795,1.48821743176814,9.16079697387634,1.77337727452526,23.3298412676046,21.6993716619098,1.71972802125413,0.181067048310475,9.4961267187655,0.537494455263444,10.089279206748,7.15439362577758,-34.7675391945999,-3.05242505613239,9.49968032619841,0.37522753364451,7.54430603602503,9.80103557934729,-14.6026393483465,-1.12559446098229,9.79806693694634,0.0715394563867995,0.575105148519121,1.18205129676814,-14.1827928016029,6.39652827985677,3.71151228194403,-1.60306474488956,23.2456023139684,0.966691254845917,-45.0848778022335,-7.66615961572581,5.61361125368335,0.121475447532107,7.51099221809021,22.0205033052859,-3.53650508390633,-11.1452568264982,8.98950046902959,1.57570900997471,-49.2717000868888,-27.791543957838,6.81995829579703
83.8,1.45075691717549,9.26164729377513,1.73362726035522,24.3559765600721,22.4676545748794,2.15325297656363,0.176504427105765,9.597593214309,0.595528332593564,10.1925730492247,7.06004807321236,-35.5880461740825,-3.04923608406841,9.58106613158547,0.417161484606575,7.68828172991597,9.72734364923429,-14.4921977780745,-1.13605763670511,9.82748981404471,0.11250174018692,0.878931344307901,1.20310669290282,-14.4626585502256,6.66828387967126,4.0171364038458,-1.63495604620133,23.1957894515397,2.38953015824376,-46.8387016624664,-7.35279548626256,6.15539351877757,0.122573068687864,6.24401007057186,22.4672584468685,-9.67866200435282,-10.372141230735,9.52757007813939,1.52850848185946,-51.6259626462679,-28.1764766584251,5.49593204862631
83.805,1.41245676087603,9.37384997684062,1.69031485351215,25.2700070638884,23.1359788028733,2.56880426321506,0.1763557461801,9.70901088266054,0.645032163102187,10.2894691242067,6.92362788566666,-36.3434194273511,-3.04315822820641,9.67009941813167,0.454889397910919,7.83884350156352,9.61044015378748,-14.4107307764301,-1.1477612303282,9.85804326051808,0.154143633342126,1.2233440606289,1.203743169921,-14.8844376615881,6.94800079648965,4.33480128462354,-1.66273563137016,23.1849142707494,3.85738686900971,-48.3181675910214,-7.02605262544624,6.7174229633346,0.122610816685747,4.94395505891461,22.9776793065015,-15.4410029010772,-9.55785938057192,10.0553369416579,1.47828473745825,-53.6030970110905,-28.1788250207029,4.62734185715314
83.81,1.37355804211261,9.49680971075896,1.64389530755601,26.0662227220296,23.7000422010561,2.96110568347655,0.180938372452979,9.83033647574145,0.684376250121365,10.3826484330501,6.7596845245948,-37.0260265731874,-3.03376288658375,9.76662942521177,0.486781025201793,7.99401588674829,9.46503378411138,-14.363557201013,-1.16049234095888,9.88896720698016,0.195237437465642,1.58929910435379,1.18333383094609,-15.4645364720531,7.23220195769249,4.66123682035974,-1.68518158938262,23.2119512806461,5.36451729089882,-49.5213856122221,-6.69044971981013,7.2921647744456,0.122219582178245,3.61595762915228,23.5474130758199,-20.8022410144177,-8.71259224811439,10.5639213229194,1.42643704032074,-55.201902201577,-27.8134251392489,4.16070962711318
83.815,1.33428762842928,9.6297983655478,1.59490305093762,26.7404294845319,24.1572092703335,3.32531546166878,0.190510330150448,9.96142014724532,0.712121231801234,10.475265085858,6.58393073135842,-37.6279658245222,-3.02054550693636,9.87040324580131,0.511263845344906,8.15203884046835,9.30710745832919,-14.3559416810527,-1.17389090525363,9.9193919358384,0.234518286492431,1.9559943415357,1.14077288637828,-16.2203786815111,7.51708460639101,4.99300450250426,-1.70112155166923,23.2746597046714,6.9036442720664,-50.4502847520594,-6.35075452303404,7.87169154342975,0.122024391957332,2.26601752540701,24.1703432554774,-25.7457976918253,-7.84699888298935,11.0448873093264,1.37434237620891,-56.4272084507532,-27.1002941163824,4.03766086837643
83.82,1.29485357527268,9.77196209854137,1.54394649566589,27.2900203087951,24.5065979022722,3.65699390353105,0.20527150346745,10.1020013111056,0.727067161168083,10.5709010757012,6.41290926248539,-38.1410689933052,-3.00292137795165,9.98106348212277,0.526875756306655,8.31144351055155,9.15358852566709,-14.3929436739115,-1.18744708358606,9.94835877987643,0.270726049376103,2.30127325934512,1.07444963692326,-17.17029143782,7.79859829264892,5.32656009891234,-1.70947133831705,23.3696300457506,8.46606975196316,-51.1108216623489,-6.01188165102018,8.44784832411104,0.122612762857323,0.900922831180363,24.8386979108193,-30.2598206831534,-6.9720103271018,11.4904712490761,1.32332554999029,-57.2897941134997,-26.0641422102262,4.19654508267815
83.825,1.25543939217608,9.92233055424502,1.49170088031525,27.7140080164039,24.7491372660011,3.95206270372319,0.225366368066452,10.2517068956122,0.728298090785216,10.6735042252476,6.26362171998986,-38.556901281544,-2.98022552099131,10.0981480764847,0.532317848513141,8.47111693622594,9.02197463323501,-14.4792664673039,-1.20050694997427,9.97484750699588,0.302650471292114,2.60207987297179,0.982249488938015,-18.3333389904986,8.07253244590086,5.65832024200385,-1.7092703709419,23.4923674774329,10.0418285037857,-51.5131055310168,-5.67878269331808,9.01242343937059,0.124503507239254,-0.471845771626579,25.5432117578455,-34.3371199393243,-6.09861666936856,11.8937845779136,1.27462898825605,-57.806141119369,-24.7338509597564,4.57412129110616
83.83,1.2161974364552,10.0798280475924,1.43889897570402,28.0130192213766,24.8875945646413,4.20676011674058,0.250887863330359,10.4100520097902,0.715220610233516,10.7873098134767,6.15312469798309,-38.8667585138756,-2.95171747805844,10.2210924005286,0.526505572056886,8.63035213752217,8.92992242000241,-14.6191122325304,-1.21228729071005,9.99781021741528,0.329178101860811,2.8349539958359,0.861585358417936,-19.7291005810606,8.33461112125726,5.98473135996581,-1.69971267462167,23.6374108445395,11.619877147528,-51.6714316356623,-5.35633211048832,9.55732081428492,0.128117307373177,-1.84422146143466,26.273337536434,-37.9750240278485,-5.23765220570139,12.2489835454072,1.229381846877,-57.9980331527384,-23.1419251366972,5.10725549810496
83.835,1.17724180167976,10.243286530107,1.38631954245883,28.1892498377049,24.9265688172486,4.41759624665429,0.281881995087298,10.5764429779771,0.687594923033135,10.9167468309511,6.09810163921017,-39.061663187587,-2.91659158483633,10.3492336671626,0.508616552036845,8.78888044280344,8.89480756463233,-14.8160492104617,-1.22189988031497,10.0162112710099,0.349339344138866,2.97655432408874,0.709461913453912,-21.3773907361262,8.58059222336316,6.30233931200987,-1.68017257868117,23.7984846498903,13.1883110113176,-51.6042181856389,-5.0492127017844,10.0747297183697,0.133750360262582,-3.20766444533604,27.0175002072229,-41.1751623093084,-4.39958371107065,12.5514001407398,1.18856841832464,-57.8920066205272,-21.3239228656377,5.7345767056641
83.84,1.13864116734843,10.4114600793697,1.33477351531574,28.2463839713159,24.8724503745195,4.58131256885701,0.318352766871462,10.7501826454771,0.645557218013734,11.0663302442542,6.11441980256983,-39.1323613884086,-2.87399305155659,10.481817711069,0.478133285180786,8.94688346665811,8.93326590847393,-15.0728968283202,-1.22838508737115,10.0290724304415,0.362353769242318,3.00419561623274,0.522573897811645,-23.2979219482432,8.80636832781025,6.60785807388906,-1.65022453069992,23.9686800186976,14.7346007977409,-51.333843622642,-4.76180458280911,10.5572880292756,0.14155236369982,-4.55327819889209,27.7633858641549,-43.9431799110191,-3.59430680117607,12.7976305785259,1.15299636403011,-57.5186701121242,-19.3178657204529,6.39804017728981
83.845,1.10041216468663,10.5830406280591,1.28508798807391,28.1894792245642,24.7333455284727,4.69484939122542,0.360267078801155,10.9304778120895,0.589632282730455,11.2405410867184,6.21668260243192,-39.0693231863655,-2.82303986729127,10.6180081630012,0.434878961022398,9.10498289340995,9.06072641201664,-15.391634015745,-1.2307541009162,10.0355220622687,0.367671681493101,2.89638559551196,0.297438330615938,-25.5099118139854,9.0080661464772,6.89823585627785,-1.60965673183159,24.140659329707,16.2458408922017,-50.8863842343071,-4.49808159059427,10.9982354565599,0.15151006489958,-5.8719257976023,28.4982559502989,-46.2883942017678,-2.83095524442319,12.9855798803061,1.12326587772241,-56.9119130091083,-17.1636291406069,7.04435078348976
83.85,1.06251386670109,10.7566746347988,1.23808818356594,28.0248225263273,24.5189662911867,4.75532428130353,0.40755930144468,11.1164486148048,0.520735524963503,11.4436966475102,6.41778829329851,-38.8627495429651,-2.76285022035896,10.756898022373,0.379044697750953,9.26420713370763,9.29094757677222,-15.7733352415202,-1.22803850157958,10.0348469012852,0.365009814101825,2.63334717187344,0.0305587485917384,-28.0316389828114,9.18214171822758,7.17071711224994,-1.55847856291897,24.3068780393364,17.7090015039185,-50.2912547027737,-4.26151882536311,11.3915535534555,0.163437501643987,-7.15434424228248,29.2092764355365,-48.2234028404056,-2.11772786729618,13.1144632273657,1.09974145613972,-56.1080278199353,-14.9023131184033,7.62620510206802
83.855,1.0248439957769,10.9309803609895,1.19457771215294,27.7597615093261,24.2404861601239,4.76002363170403,0.460135316501284,11.3071396581232,0.440163810857525,11.6798135128465,6.72850652851782,-38.502588999306,-2.6925748109447,10.8975236099359,0.311206577195707,9.42593498326381,9.63556965793461,-16.2181378670595,-1.21934537091668,10.0265445633846,0.354379017115638,2.19751223445001,-0.28138209213297,-30.8799546867243,9.3254685451781,7.42289898724249,-1.49692198484913,24.459816259907,19.11117758098,-49.5807569817007,-4.05501464861641,11.7320897633632,0.176973904419228,-8.39125568552477,29.8838510755682,-49.7636544865885,-1.46173736938896,13.1847667463034,1.08252845873496,-55.144773590752,-12.5755937872262,8.10331810160628
83.86,0.987237339076908,11.1045653311181,1.15531755014822,27.4025171773446,23.9103634331225,4.70640870706689,0.517875900794341,11.5015326760219,0.349574802906905,11.9524667191903,7.15708469199957,-37.978567456795,-2.61143314271321,11.0388808506247,0.232331024801862,9.59181759092256,10.1036954722308,-16.7252433493181,-1.20391567402687,10.0103747007302,0.336101908193622,1.57397460764541,-0.641306451844326,-34.0697591070131,9.43541612937916,7.65278087392785,-1.42543725524517,24.5922119430687,20.4398284744434,-48.7895455861277,-3.8808298995292,12.015663171515,0.191589976694909,-9.57347546756668,30.5099477208819,-50.9269939007449,-0.868884920018051,13.1981721349056,1.07145701890012,-54.0604094963476,-10.2250583005316,8.44320834878109
83.865,0.949466682650885,11.2760434337413,1.12100429879429,26.961984137908,23.5421343718228,4.59213694072452,0.580639402133005,11.6985604955774,0.25095479537444,12.2646487915414,7.70889603806114,-37.280234206167,-2.51875263533331,11.1799437876586,0.143767329737422,9.76368129063288,10.7015128142954,-17.2929536574863,-1.18118330024319,9.98640645706716,0.31081871863404,0.750891732447433,-1.05151000011524,-37.6134543108806,9.50991668633508,7.85880585297023,-1.34468340713567,24.697287118329,21.6830035087335,-47.9540199017037,-3.7405463918369,12.2391500457344,0.206602928549075,-10.6920177336159,31.0764068706675,-51.7331934288411,-0.343763837821495,13.157450943787,1.06607603730498,-52.8927286719342,-7.8915281897791,8.6217244516002
83.87,0.911246364279284,11.4440510309723,1.09224839543704,26.4475249943919,23.1501792263487,4.41509904889226,0.648263712466201,11.8971220533297,0.146575390359814,12.6186329314879,8.38614152707157,-36.3970270122618,-2.41400920573807,11.3196851526539,0.0472264473287679,9.94341510587416,11.4319713783108,-17.9187430313011,-1.15083193847882,9.95505973929795,0.279479979230169,-0.280172883262478,-1.51342332100322,-41.5203878285287,9.54751820227064,8.03989293932514,-1.25551399572536,24.7689585881802,22.8295498209411,-47.1116563982511,-3.63504594754274,12.4005476461414,0.221200223762161,-11.7382000186923,31.5732222566998,-52.203482779652,0.110405058399225,13.0663352735688,1.06565982586467,-51.6781226231923,-5.61437997626142,8.62330453223597
83.875,0.872238359852107,11.6072614654401,1.06955302368015,25.8687655289325,22.7494648116091,4.17347260288595,0.720567584811502,12.0960981909887,0.0389397180117209,13.0158450534348,9.18761678612007,-35.3183585165862,-2.29686782874445,11.4570987075863,-0.0552543322705912,10.1328479183252,12.294526608347,-18.5993639519256,-1.11284692660527,9.91713781138443,0.243325235394565,-1.52397156537954,-2.02737698117702,-45.7963029488685,9.5474224356425,8.19545922516155,-1.1589586510364,24.8020248143666,23.8692999645444,-46.3002956129933,-3.56451035515391,12.4990151567704,0.234471543343563,-12.7037484813732,31.9917841842503,-52.3600885554526,0.491804701320703,12.9293720432734,1.06922939501723,-50.4507059991156,-3.43087563057544,8.44096946863393
83.88,0.832060699630202,11.7643975214194,1.05329449697228,25.2353969972831,22.3552679570826,3.86579274267174,0.797351363436373,12.2943679287624,-0.0692807309813808,13.4567497001376,10.108554831671,-34.0337254709673,-2.16722151477074,11.5912229385244,-0.161360746564207,10.3336213207185,13.2849620470904,-19.3309849727041,-1.06755936166176,9.87384885738303,0.20384763032369,-2.98136087954843,-2.59238170213195,-50.4428132793504,9.50950691396943,8.32543121338306,-1.05620099079309,24.7923214514357,24.7932377668545,-45.5574004111759,-3.52844175769486,12.5348909370882,0.24544799285365,-13.5809054188332,32.3250776345854,-52.2257941901245,0.800018885254976,12.7517678554853,1.07558939694861,-49.2415298167811,-1.37551880899024,8.0760590444045
83.885,0.790297960928349,11.914241673439,1.04370487152484,24.5569911948213,21.9828847315258,3.49104039526657,0.878397198800639,12.4908248839948,-0.175317222987869,13.9407550503789,11.1405540090583,-32.5328413800699,-2.02522714258155,11.7211655322992,-0.26856427111319,10.5470649682784,14.3953004655942,-20.1093569058889,-1.01568008594514,9.82681445020882,0.162744922773753,-4.64915589121752,-3.20593575644508,-55.4569198733375,9.4343304258387,8.43024485569623,-0.948553458178646,24.7368390759705,25.5936417259445,-44.9193032948004,-3.52570212453693,12.5096856112433,0.253147102295558,-14.3625403012675,32.567828712961,-51.8235298124669,1.03599554023802,12.5392309266707,1.08338046713413,-48.0779081656985,0.520544944107831,7.53772777340441
83.89,0.746513568270629,12.055644258306,1.04085748783368,23.8428330120192,21.647330858808,3.04874750282015,0.963468802668094,12.6843934749769,-0.2763810410118,14.4661422063382,12.2715989515624,-30.8057920577323,-1.87133665960212,11.8461279241595,-0.37419686306614,10.7740817312753,15.6138122621512,-20.9300028028597,-0.958321652507212,9.77806329504279,0.121858275414626,-6.52004728934652,-3.86387171454283,-60.8305891796081,9.32312194750919,8.51083403919599,-0.837429657916025,24.6337980830692,26.2642057821577,-44.4204613625128,-3.55456968147274,12.4260508276497,0.256621707073497,-15.04226484372,32.7165948571483,-51.1760001566833,1.20197753508321,12.2978156664674,1.0911453045996,-46.982879017782,2.23006497039683,6.84222392480559
83.895,0.700263609381564,12.1875299588174,1.04465605340758,23.1017740899211,21.3630391645704,2.53911741197037,1.05231077835032,12.8740445305773,-0.369744726895201,15.0300236633596,13.4861801906446,-28.8432124515694,-1.7063222972233,11.9654290789682,-0.475535759321292,11.0150500639319,16.9251272754859,-21.7884262129723,-0.897006986782609,9.73000918016524,0.0831008984766535,-8.58257675573065,-4.56025401686806,-66.5504091714012,9.17775337172065,8.5686075131297,-0.724314777008819,24.4826774230028,26.8001375769126,-44.092737866461,-3.61280950161276,12.287723865519,0.255010393883761,-15.614551636769,32.7697962495333,-50.305357070134,1.30140340444412,12.033774353525,1.09740544903641,-45.974814266124,3.73014080688427,6.01198104580495
83.9,0.651111826526415,12.3089031551695,1.05482777296323,22.3421100122483,21.1435601942067,1.96315691257562,1.14464754709584,13.0588099189561,-0.452824838941297,15.6283352811444,14.7655153814199,-26.6364819074048,-1.53129463200132,12.0785275670879,-0.569895677931275,11.2697506791102,18.3104532987215,-22.6803313831517,-0.833664159178477,9.68541273677604,0.0483793110617354,-10.8211651881748,-5.28733739970432,-72.5973392581081,9.00069681952301,8.60541452479972,-0.610734698445286,24.284195769372,27.1982343353817,-43.9647291107586,-3.6977549313378,12.0994486673861,0.247586895303731,-16.074854673489,32.72768804877,-49.2329214911146,1.33878136494971,11.7534190588436,1.10074449464626,-45.0671878381113,5.00257967502605,5.07455584997401
83.905,0.598645379948882,12.4188527832536,1.07092090645595,21.5714822990899,21.001272296222,1.32281464716029,1.24018188774527,13.2377958132034,-0.52326351488909,16.2558651686492,16.0878720228556,-24.1779338703571,-1.34771255022677,12.1850409285599,-0.654725130657702,11.5373238062464,19.7479012954836,-23.6018483990865,-0.770607413638571,9.64732732007219,0.0195105647731929,-13.2161885327014,-6.03559385689786,-78.9465670252608,8.79496770696922,8.62349973702768,-0.498224450743728,24.040245767763,27.4569363391967,-44.0611546589898,-3.80639617169948,11.8668743475027,0.233805663637859,-16.4197288649685,32.5922753149518,-47.9789580390193,1.31954086230879,11.4629956645884,1.09989256468609,-44.2685040301851,6.03414325405096,4.06144952031604
83.91,0.542490928716202,12.5165573391114,1.09230698993766,20.7968053580827,20.9471074599509,0.62111893754291,1.33859311084991,13.4101942246748,-0.579005971711037,16.9063216593999,17.4289881460288,-21.4610749179121,-1.15738444395452,12.2847612994096,-0.727702996052043,11.8162619957111,21.2129137143323,-24.5497557899659,-0.710505296771924,9.61902998127344,-0.00186074364817065,-15.7440970943526,-6.79381262886067,-85.5674816871054,8.56405510022524,8.62544830248975,-0.388296678010624,23.7537841093234,27.5763576658398,-44.4023274680597,-3.93547217569645,11.596432752517,0.213340876472738,-16.6469444681734,32.3671747592638,-46.5625036211004,1.24986663294188,11.1685707130959,1.09380639941644,-43.5823815158346,6.81667539847172,3.00685129498706
83.915,0.482330546445218,12.6012905807643,1.11818780377584,20.0242175753044,20.9902990383986,-0.137693297608914,1.43953489519472,13.5752924557492,-0.61837101984277,17.5724410069691,18.7625838245909,-18.4808070939476,-0.9624602781206,12.3776663141411,-0.786831079686085,12.1044416381945,22.6787884907748,-25.5216928228626,-0.656337337921227,9.60393903787953,-0.0143414756222626,-18.3775763080509,-7.54927391570422,-92.4237707360075,8.31184121983668,8.61412224811217,-0.28241085291334,23.4286821839778,27.5582935345109,-45.003718681245,-4.08156206658653,11.2951972157564,0.186116334472169,-16.7555913841817,32.0574295877292,-45.0012497707121,1.13652081840056,10.8759310458341,1.08173947406505,-43.0077823102812,7.3471076002305,1.94634395078745
83.92,0.417916980446729,12.6724283082937,1.147607034124,19.2590549604089,21.1381571936862,-0.948065713412379,1.54263282633762,13.7324801539489,-0.640111745769293,18.2461336236127,20.0609526844558,-15.23364686426,-0.765414501621134,12.4639243948942,-0.830518160194334,12.3991941556448,24.1172874806248,-26.5163535948377,-0.611341182907356,9.60552018519058,-0.0168605917783649,-21.0857499726098,-8.28799292231078,-99.4736429929797,8.04251224306644,8.59258957584798,-0.181943966791797,23.0695438671461,27.4062032797568,-45.8756294504294,-4.24117253469471,10.9707252408703,0.15232411327791,-16.7461676243409,31.6692855978767,-43.3114768551171,0.986658994788637,10.5904957712217,1.06329714565184,-42.5393698361063,7.62734412127009,0.91561081099828
83.925,0.349087763699295,12.7294563801125,1.17946645220131,18.5058452325459,21.3958774887604,-1.80303915899252,1.64748170032438,13.8812536891716,-0.643463739279224,18.9186657120436,21.2956190656824,-11.7179337018133,-0.569020104466827,12.5438936743167,-0.857651032155545,12.6974152983486,25.4993144022394,-27.5336551056792,-0.57895234165115,9.62718351229022,-0.00872714131113067,-23.8344305541341,-8.99502670274998,-106.670178208127,7.76046279123296,8.56404773458618,-0.0881634037850347,22.681498472699,27.1251677426573,-47.0229793745228,-4.41081812394349,10.6308884610062,0.112430418086715,-16.6206459656606,31.2099382074889,-41.5080368793622,0.807646042206422,10.317239931057,1.0384728146141,-42.1679763892064,7.66403339941689,-0.0508167410694792
83.93,0.275777699599855,12.7719798908711,1.21254632406551,17.7683199270268,21.7663875111864,-2.69420459509305,1.7536426956058,14.0212176275632,-0.628178608720641,19.5808711240089,22.438043341636,-7.93402133685095,-0.376314426413258,12.6181139616777,-0.867648345599039,12.9957082996104,26.7956441041449,-28.5748718041699,-0.56273875496244,9.6721742478526,0.0103282858087007,-26.5864247855489,-9.65483226004822,-113.961800322702,7.47019665732941,8.5317433726124,-0.00220264406250012,22.269977976716,26.7218198002215,-48.4452179992184,-4.58709195313066,10.2836938130879,0.0671678292491718,-16.3825129833926,30.687261149708,-39.6043803937381,0.606877565048033,10.0606292085683,1.0076623301183,-41.8811577137561,7.46823639972087,-0.92073379667992
83.935,0.198029267823238,12.7997332274164,1.2455296541512,17.0494419763185,22.2502357384004,-3.61170003002338,1.86064057116673,14.1520831435294,-0.59454102534348,20.2233863599179,23.4603553133432,-3.88444504556728,-0.190557584916863,12.6872913474725,-0.860493624395931,13.2905539806458,27.9776823018862,-29.6427296974482,-0.566332223470156,9.74346052754757,0.0401318342143824,-29.3019057676643,-10.2516607051459,-121.292868187223,7.17622641125988,8.49889052047263,0.0749596497023322,21.8404882203208,26.2042469113511,-50.1363624035766,-4.766725185413,9.93710038831863,0.0175139590016144,-16.0367752829414,30.109528088301,-37.6126219931203,0.39161209004968,9.82456509934159,0.971655257540076,-41.663810847607,7.05500603254053,-1.66532378893822
83.94,0.116000553142487,12.8125905461743,1.27702975998622,16.3514462394075,22.8455260330186,-4.54425757958351,1.96796111001664,14.2736632995755,-0.543368147146899,20.8368999468582,24.3360937053786,0.425941033261452,-0.0151846018710065,12.7522752563362,-0.836744711606841,13.5784984714801,29.018232972474,-30.7414540286033,-0.593358400363985,9.84362183333819,0.0800666688104479,-31.9388645327473,-10.7699693427685,-128.604373822408,6.8829745078344,8.46858953823087,0.142516714674208,21.398383904023,25.581864974066,-52.0851603107126,-4.94663440058115,9.59883680883515,-0.0353426239998715,-15.5899288296949,29.4851383482474,-35.5436380796823,0.168818533400707,9.61234016277487,0.931603079758335,-41.4988307065258,6.44289453472901,-2.26007701827663
83.945,0.0299703789317421,12.8105760784064,1.30562058075374,15.6758906000284,23.5479002071535,-5.47930476691638,2.07504908401237,14.3858652331173,-0.475990973375935,21.4124061400509,25.0409286958107,4.98986170153234,0.146247542058252,12.8140280039179,-0.797518011952094,13.8563472292378,29.8922494490346,-31.8767657595078,-0.647366579967867,9.9747418915226,0.129096508687319,-34.4536541622606,-11.1948317795219,-135.834734415435,6.59467842105015,8.44374924865162,0.19984660919661,20.9486567916036,24.8652634539124,-54.2753745407745,-5.12395686820389,9.27622418910151,-0.0900475799003712,-15.0498887168369,28.8223573105506,-33.4071899559212,-0.0549575206785347,9.4266032817068,0.888965850060926,-41.3677809684117,5.65340764104548,-2.68554037603667
83.95,-0.0596595755304339,12.7938735649963,1.32986904535295,15.0237155051178,24.3505700453216,-6.40312189882589,2.18130706193206,14.4886794179565,-0.39421794449863,21.9414521146633,25.5533441953828,9.79755769531486,0.290116623075669,12.8735871875503,-0.744447223402356,14.121352688399,30.5775449900374,-33.0558236061563,-0.731759983324023,10.1383096859316,0.185812518627118,-36.8016378426529,-11.5123259607958,-142.920660599327,6.3153021510462,8.42701464664411,0.246520771722151,20.4957456825429,24.0660226108202,-56.6861811258124,-5.29607449516392,8.97600974492414,-0.145134837226656,-14.4258783999876,28.1290808156322,-31.2120649370786,-0.273706284019793,9.26933522618498,0.845440180559085,-41.2515557299795,4.71042523151612,-2.92787891352559
83.955,-0.152365794390302,12.7628340489682,1.34836877206376,14.3953101336351,25.2443990620591,-7.30105485313398,2.2860954134737,14.5821663108363,-0.300281889986046,22.4163676547645,25.8552573058938,14.83676469664,0.412794371409956,12.932021531377,-0.679617685996962,14.371382328645,31.0554392526926,-34.2871100993161,-0.849726730234863,10.3351318745789,0.248502488178042,-38.9379486396114,-11.7098816932191,-149.798080658317,6.0484562119311,8.42070242526512,0.282308150925028,20.0433754541931,23.196504654026,-59.2926701749811,-5.46062786954681,8.70421590937613,-0.199086766250519,-13.7282792284063,27.412631231363,-28.9662280328227,-0.482043689591679,9.14183515735688,0.802872650700596,-41.1310102009113,3.63960775385472,-2.97923660929999
83.96,-0.247507112263475,12.7179812190705,1.35977434284074,13.7905837184325,26.2180331338002,-8.15777996647172,2.38873387463706,14.6664408444216,-0.196772200105911,22.8304668670353,25.932554062081,20.0927358630018,0.510706968318495,12.9903810990582,-0.60547893089333,14.6050542996676,31.3113186993603,-35.5802620105785,-1.00417127940898,10.5652593707,0.3152400175404,-40.8183633496406,-11.776572693268,-156.403098541014,5.79732792160126,8.42674630361735,0.307174978894643,19.5944309092603,22.2696217204533,-62.0664357430812,-5.6155222985452,8.46600941123473,-0.250397480360265,-12.9684428852806,26.6795907867795,-26.6769768532492,-0.675278635716006,9.04471893688268,0.763163671356564,-40.9875413940068,2.46780605759578,-2.83789072836657
83.965,-0.344332029027746,12.6600135119866,1.36283538186688,13.2090408378874,27.2580780278914,-8.957615038926,2.48850503058538,14.7416553799521,-0.0865548133528513,23.1782126589824,25.7755231821576,25.5483080626276,0.58039584964667,13.0496430702372,-0.524739376582293,14.8218290336165,31.3350914943562,-36.945847417352,-1.19764589043534,10.827930271531,0.383990211599712,-42.4002857478318,-11.703343219322,-162.672963178055,5.56462348517068,8.44665380062046,0.321280387465868,19.1508693960946,21.2985846324982,-64.9762386132366,-5.75892801023911,8.26559418302109,-0.297636154060279,-12.1584710028789,25.9356754987569,-24.3510927425083,-0.849458430030116,8.97793017339842,0.728167461910653,-40.8036032737336,1.22248949471534,-2.50820128972704
83.97,-0.441989054576628,12.5898022528911,1.35642965668914,12.6498597256225,28.3493207851116,-9.68486793089635,2.58466003098532,14.807981870511,0.0273167888025477,23.4553365703652,25.3791730380118,31.1840108099653,0.618578062023037,13.1106545432099,-0.440248280554675,15.0220474607398,31.121520828884,-38.3950936030296,-1.43228166611502,11.1215308019574,0.45272720511409,-43.6438261923651,-11.4831653261693,-168.547027588765,5.35252299732911,8.48147568937079,0.324968178851773,18.7136743008441,20.2966373867605,-67.9887241158478,-5.88927674205175,8.10613121344781,-0.339507296301236,-11.3109676616243,25.185650683833,-21.9949817274438,-1.00139413253941,8.94076481720423,0.69959403372282,-40.5631448844171,-0.0687964036442045,-2.00036408173705
83.975,-0.539539926779931,12.5083852475758,1.33959439316598,12.1119728327439,29.4749908993226,-10.3242120072346,2.67642676996167,14.8655940879496,0.141695956298216,23.6589089112147,24.7434212294172,36.978215880798,0.622205665301208,13.1740740699,-0.354870918880314,15.206909404612,30.6704246773694,-39.9395718153316,-1.70971898804558,11.4435755551261,0.519557772615814,-44.512955260312,-11.1111289914384,-173.967678372534,5.16264909599303,8.53178890364393,0.318755140005701,18.2828496296789,19.2767832073583,-71.0691758940607,-6.00525677270387,7.98968757037933,-0.374905106090733,-10.4387716697337,24.4332868012486,-19.6147996741823,-1.12866804884516,8.93190980415957,0.678918895278218,-40.2519641798113,-1.37893515593369,-1.32998207684689
83.98,-0.635975473901341,12.4169554277239,1.31155494932006,11.5941490509242,30.6170562653552,-10.8610759654595,2.76302063401879,14.9146508104453,0.253438775424683,23.7873568679024,23.873150743333,42.9073247544112,0.588523892427348,13.2403138398575,-0.271363463871029,15.3783892957056,29.9867344950676,-41.5908465426291,-2.03103763796636,11.7907080514914,0.5828444126102,-44.9766994021733,-10.5844730497426,-178.881219022433,4.99604960120324,8.59769316656587,0.303316326217084,17.8574540844527,18.2515087277789,-74.1822858920859,-6.10580808902959,7.91721583565254,-0.402959355240044,-9.55467643385726,23.6813523548423,-17.2165570517569,-1.22962587742307,8.94949576390095,0.667305622702547,-39.8579741759475,-2.68170342931888,-0.517475704240133
83.985,-0.730233809419735,12.3168443787929,1.27174995447035,11.095077170656,31.7565479301099,-11.2820344966841,2.84365775494652,14.9552808396398,0.359497688788561,23.8404310923343,22.7781314024541,48.945990350641,0.515127943082966,13.3094845948444,-0.192254124393324,15.5390902921581,29.0804100473598,-43.3600983259006,-2.39668754354912,12.1587224377999,0.641320743165252,-45.0103372317318,-9.90256939476107,-183.238693667916,4.85319409615464,8.67882109764926,0.279467744483897,17.4356713670921,17.2325134104284,-77.2929207782359,-6.19011885791683,7.88856416382147,-0.423070683915548,-8.67114586447573,22.9316389190696,-14.8061998720994,-1.30335597480081,8.99116317827203,0.66554554563503,-39.3713813623542,-3.95219272204977,0.412642977912006
83.99,-0.821220467766638,12.2095008300581,1.21985202004735,10.6134502644182,32.8739068105194,-11.5751858230389,2.91757051915525,14.9875706193963,0.457009262862972,23.819124091471,21.472809894846,55.0673689750412,0.4000183864977,13.3813454637573,-0.11973680067776,15.6920419946085,27.966212192862,-45.2577301454828,-2.80642181876799,12.5426069410918,0.694191882099176,-44.5965468973327,-9.06687579965211,-186.996640995498,4.73398406806995,8.77436106120007,0.248146853050064,17.014912016393,16.2304516416086,-80.3668655090971,-6.25762375953025,7.90251615245562,-0.434933748994761,-7.80003510439288,22.1850121640629,-12.3896646563802,-1.34965791703855,9.05414065074774,0.674017671761384,-38.78477898927,-5.16718914331201,1.43260371672776
83.995,-0.907830028995847,12.0964644431513,1.15578318634299,10.1480506829997,33.9493447907591,-11.730502422866,2.98402489917988,15.0115550751226,0.543372974921746,23.725546302048,19.975975933154,61.2433979499171,0.241793463145386,13.455334558706,-0.0555832099635252,15.8404509310976,26.6633398723457,-47.2929680919489,-3.25909713202455,12.9366847153937,0.741209789180239,-43.7264489461266,-8.08087366113733,-190.117770878619,4.63777593090449,8.88309158078961,0.210391274389081,16.5919409712606,15.254695021409,-83.3715257762959,-6.30800410220831,7.9568587366394,-0.438547307743184,-6.95232491149515,21.4414821217045,-9.97290660015098,-1.36900207838866,9.13533319674651,0.692670696143096,-38.093160029073,-6.30551264439522,2.51228830652567
84,-0.988968742011963,11.9793354856766,1.07972439002651,9.69783518466833,34.9632120420092,-11.7401421440271,3.04233900306232,15.0272120990166,0.616318475199301,23.5627679043705,18.3103158800735,67.4450940968599,0.0420070075071344,13.5318045715545,-0.00108286757260401,15.9874166051012,25.1949416848956,-49.4734673640986,-3.7503511950047,13.3360361924,0.782676507324084,-42.4004860459473,-6.95000588101085,-192.571558353398,4.56341599604044,9.00342578564723,0.167316106352269,16.1630243273789,14.3131221794813,-86.2765726163423,-6.34118905418569,8.04847543089915,-0.434211005006005,-6.13787825730974,20.7002858936267,-7.56190139839787,-1.36248141199342,9.23141777158834,0.721027599525733,-37.2938564564632,-7.34831704199922,3.62018565706182
84.005,-1.06357763504407,11.8597412071529,0.992118407448771,9.26201937221684,35.8963620728664,-11.5987083452668,3.0919020949869,15.0344608870369,0.673959455128902,23.3346360603355,16.5018684002069,73.6428680406854,-0.194410156594617,13.6124013243478,0.042999763268327,16.1356288912999,23.5875161926553,-51.8049346615202,-4.2722932620983,13.7371739029173,0.819471078227586,-40.6290815317131,-5.68162706673079,-194.334750751794,4.50928623306197,9.13346408570669,0.120090206297848,15.7240884316335,13.4119429806245,-89.0545144522439,-6.35735685478034,8.17346146271493,-0.422509312212748,-5.36522712280923,19.959976526862,-5.16262238240503,-1.33175610484718,9.33894269526457,0.758212015974565,-36.3864131222992,-8.27935148198445,4.72435960931753
84.01,-1.13065559298405,11.7392999302893,0.893665932674842,8.84016012933346,36.7305059491283,-11.3034496073848,3.13219323885662,15.0331641050413,0.714832963816107,23.045578251557,14.5793992959833,79.806849203707,-0.464767049043289,13.6971357378705,0.0764458203679628,16.2870647042002,21.8702184341948,-54.290777782209,-4.81910528161901,14.1351399264761,0.853165510999506,-38.4330233881356,-4.28497358737284,-195.391783914131,4.47335946495265,9.27105309782047,0.069911811271457,15.2708845245138,12.5555632490428,-91.6811841994597,-6.35693455711208,8.32725669816811,-0.404283698935969,-4.64139659995076,19.2185127927532,-2.78099566698117,-1.27899138361162,9.45442728186607,0.802994315278454,-35.3724059455988,-9.08518282364281,5.7933983653538
84.015,-1.18928188039406,11.6195840147098,0.78531467323842,8.43223419914094,37.4485473241227,-10.854391809908,3.16279866981578,15.0231336423686,0.737923714680441,22.7004026857644,12.5737146288908,85.9072163268626,-0.769505148301632,13.7837123711722,0.0995711533290443,16.4427029721372,20.0740930018087,-56.9317927223242,-5.3878422196572,14.5227301171182,0.88598761699397,-35.8435290402522,-2.77115528064049,-195.735102473979,4.45326246848497,9.41384876449863,0.0179838445620568,14.7991525492714,11.746495164341,-94.1361317182551,-6.34059473324535,8.50479177428398,-0.380594667924462,-3.97177227281071,18.4733459768313,-0.422836880467577,-1.20678853653253,9.57445788293955,0.853854265564921,-34.2552153631415,-9.75537699173451,6.79731633736228
84.02,-1.23863759184828,11.5020829325982,0.668241579849952,8.03871052682146,38.0348903792073,-10.254397846564,3.18342701821956,15.0041395160641,0.742673575321736,22.3041063264988,10.5169325149898,91.9145283681444,-1.10751089893836,13.8699924093114,0.113192921069974,16.6022768997911,18.2312564070363,-59.7258978257353,-5.97385511548771,14.8931997085296,0.920640106512643,-32.9019589176415,-1.15316442442661,-195.365377442475,4.44634530263715,9.55938160845564,-0.0345107581075321,14.3047784335535,10.9853173044104,-96.4029147307867,-6.30924764517982,8.70064253966264,-0.352675727770892,-3.36001549536037,17.7215013736743,1.90622626354507,-1.11810922481062,9.69577671988508,0.909056273575066,-33.0397668312203,-10.2826358494123,7.70838208526754
84.025,-1.27802551341704,11.388167719543,0.54382856398485,7.66061357369052,38.4757134706835,-9.50915282636809,3.19392159668634,14.9759213317534,0.728977010153042,21.8617000252012,8.44173462815161,97.8000506794428,-1.47568333892177,13.9543441438049,0.1185646963934,16.7640812414689,16.3740532647752,-62.667923561044,-6.57048348982566,15.240828160507,0.960170549557199,-29.6591625540955,0.554108320267437,-194.29161210347,4.44975507432623,9.70512214260898,-0.086433386263106,13.7839400392447,10.2706869760189,-98.4692842501456,-6.26402763885418,8.90918778070431,-0.321881697858483,-2.80802965020696,16.9596538226509,4.20084080164996,-1.01619338803579,9.81536029108186,0.966732603089528,-31.7322505474356,-10.6628847980938,8.50184968737223
84.03,-1.30688787964303,11.2790580414131,0.413632296286702,7.29957454211695,38.7592022150479,-8.62707517334322,3.19426910330446,14.9382015985217,0.697163721379826,21.3780585884227,6.38061846736173,103.536071459014,-1.87030187767171,14.0349825167902,0.117287832769503,16.92484986,14.5342119971986,-65.7494653221788,-7.17047651931586,15.5603159103458,1.00783857834153,-26.1744590181273,2.33386623317548,-192.531125090397,4.46051228115156,9.84854459748979,-0.13671344849843,13.23323799118,9.59940602887399,-100.327263506648,-6.20627292361831,9.12476528328608,-0.289633930171732,-2.31597881257553,16.1841981627034,6.45601971954238,-0.904471474229039,9.93048474455533,1.02496969983381,-30.3398324233825,-10.8953053450046,9.15657517862165
84.035,-1.32482151234488,11.1757930578904,0.279348912621595,6.95786733327752,38.8757369354076,-7.6191565264808,3.18460427619916,14.8907001434275,0.647970091028777,20.8578015355394,4.36517087771305,109.096203642831,-2.28712192353187,14.1099909661842,0.111210959855081,17.0797153218775,12.7420262156918,-68.9588052637829,-7.76617340792979,15.84688920024,1.06693598375031,-22.51427251861,4.16742577839776,-190.109398045604,4.47558784899587,9.98718732597978,-0.184371104590798,12.6498086573673,8.96653983145282,-101.973122232039,-6.1374984139465,9.34182154540212,-0.25736508104787,-1.88235850389065,15.3913167831353,8.66723238208074,-0.786472290267823,10.0387763492201,1.08189282967785,-28.8703677845405,-10.9823065475219,9.65550432634967
84.04,-1.33158983970422,11.0792071618404,0.142774668762508,6.63842609142709,38.8180308332348,-6.49873569300205,3.16521024079466,14.8331488789407,0.582501249432815,20.3052079703389,2.42538220207905,114.45566765696,-2.72144270408239,14.177370234015,0.102319473710987,17.2222578682529,11.0255876088441,-72.2809076030809,-8.34966001027918,16.0964122184964,1.14059016899449,-18.7504627466592,6.03428290393484,-187.059775050192,4.49197900612453,10.1187084860021,-0.228538681705932,12.0314175845849,8.36558752633622,-103.407250905909,-6.05936169927623,9.5550512107594,-0.226465965722102,-1.50411644851966,14.5770473760038,10.8304891759801,-0.665728112923576,10.1382462567784,1.13574465035748,-27.3321284396946,-10.9294297520252,9.98602272294417
84.045,-1.32713132804031,10.989911516893,0.00576375585257013,6.34484139617653,38.5812168761036,-5.28121404237824,3.13651451044335,14.7653062373243,0.502185681156052,19.7241665985937,0.589018839371585,119.591550807534,-3.16818857896354,14.2350894175822,0.0926209639710278,17.3446460591138,9.41009499234343,-75.6974900573645,-8.91293719272715,16.3054772140256,1.23156220761431,-14.9584065771085,7.9122458745799,-183.423002530646,4.50678219760412,10.2409358676756,-0.268480364171298,11.3765326219634,7.78870011149888,-104.63394210539,-5.97355598653531,9.75963593166834,-0.198236948952357,-1.17681950609497,13.7373544601505,12.9424156527702,-0.54557674993652,10.2273916280239,1.18495301013326,-25.7335527189052,-10.7451824663816,10.1401637699212
84.05,-1.31156392374069,10.9082820939273,-0.129815399591206,6.08133260196085,38.1628830752714,-3.98372153869566,3.09908082315274,14.6869706844654,0.408724249122919,19.1181596622013,-1.11893003680715,124.483039517681,-3.62200227106126,14.2811374441465,0.0840327079767607,17.4378660121069,7.91726213161559,-79.187172162612,-9.4480947809254,16.4714692602929,1.34205105272179,-11.2149019669563,9.77765132183143,-179.24660182622,4.51726134007151,10.3519100037398,-0.303609688570194,10.6843767381941,7.22694136088064,-105.661088348164,-5.88164408163638,9.95153973256174,-0.173845645989796,-0.894861317905757,12.8682082065995,15.0003119401478,-0.428890052032188,10.3053314913096,1.22818354728235,-24.0830267921298,-10.4407994382222,10.1146745153408
84.055,-1.28518520045084,10.8344546356205,-0.262123976080098,5.85269452604087,37.5630574329068,-2.62474399263386,3.05359720602844,14.5979928426459,0.304035405769551,18.4902775866478,-2.67671822167402,129.111621113871,-4.07739801531858,14.3136595380941,0.0782774340980197,17.4920307659122,6.56484402145919,-82.7256991719008,-9.9475462117542,16.5926809198734,1.473530920364,-7.59597525445812,11.6056754966497,-174.584071964357,4.52090985334118,10.4499199656155,-0.333504336293768,9.95496113215013,6.67058516650264,-106.499807706047,-5.78525858976188,10.1271515239752,-0.154291717072701,-0.651703762713461,11.9656735736754,17.0021938273484,-0.318378784004688,10.3714678106933,1.26438210696431,-22.388703989378,-10.029931832965,9.91094343310165
84.06,-1.24846803092323,10.7683266866135,-0.389395368029409,5.66421762360148,36.7841452876939,-1.22372301939178,3.00086083399628,14.4982858725314,0.190198206140653,17.8432595659255,-4.06620998383536,133.461252409136,-4.52912884446532,14.3314090711466,0.0767934753648292,17.4967562158104,5.36629751141166,-86.2862381206696,-10.4045103140481,16.6686757142775,1.62667696036222,-4.17467884530825,13.3707465274494,-169.493927126261,4.51550509280661,10.533531494796,-0.35791769782419,9.18909965304835,6.10944161661463,-107.1640099428,-5.68632145529447,10.2829287357694,-0.140380674360459,-0.440144136161579,11.0260118297242,18.946812708067,-0.216916654679789,10.4251605888286,1.29280756621287,-20.658366970803,-9.52826857289484,9.53479802139546
84.065,-1.20205174884168,10.709566538692,-0.50997525433241,5.52158188132992,35.8308230534378,0.199359382865614,2.94176037594824,14.3878338789593,0.0693945666157165,17.1795542077514,-5.27314155641996,137.518492928227,-4.97211019139488,14.3333711734041,0.0806603778716297,17.4415856169523,4.33058755517027,-89.8397405438651,-10.8129292431474,16.6998781797399,1.80118855310757,-1.0189670798356,15.0470563589627,-164.038581303567,4.49915404532299,10.6016073460365,-0.37678669073965,8.38840580074328,5.53320306462197,-107.669916966055,-5.58670400416111,10.4159850454311,-0.132706753675697,-0.252599095483632,10.0457953012175,20.8336524592878,-0.127009751201126,10.4660967178289,1.31304494020076,-18.8993355641746,-8.95309719613697,8.99618344012048
84.07,-1.14672893253208,10.6576286685352,-0.622357923618504,5.43072582400702,34.7098934163138,1.6243997365906,2.87725659195307,14.2666982075193,-0.0561479684562278,16.5013937621874,-6.28727195512421,141.272601270791,-5.40094819762042,14.3178426617474,0.0905464348515442,17.316441125707,3.46214505718314,-93.3553643265487,-11.1668771370785,16.6866937848878,1.99555507285899,1.81026607780583,16.6091635713535,-158.283101130874,4.47032943157409,10.6533199239574,-0.390235352215715,7.55527369333733,4.93180062204365,-108.035551958706,-5.48801454140488,10.5243918478837,-0.131644902737324,-0.0813958721511556,9.0220347480086,22.6629023082363,-0.0504928095645371,10.4944500799792,1.32500023260995,-17.1184210515677,-8.3228148201393,8.30873620304731
84.075,-1.08342812605835,10.6117750003394,-0.725217818953779,5.39769318764754,33.430107918897,3.03158399586263,2.80836195547527,14.1350215899078,-0.184211865226329,15.8108753486951,-7.10242168821171,144.715593808366,-5.81029726994498,14.2830210320597,0.106680309294897,17.1120785008026,2.76097647997383,-96.8009453535735,-11.4609873260616,16.6299694480933,2.20713553129624,4.26091257651257,18.0326710282302,-152.293856128906,4.42789566411764,10.6881564785799,-0.398573801054276,6.69284439854617,4.29576095140103,-108.280211656155,-5.39167181824513,10.6069740613129,-0.13735201749837,0.0809389398990298,7.95231725928116,24.4354057471679,0.0113228324506022,10.510683398512,1.3288840483247,-15.3219257735919,-7.65640274295713,7.48926913585575
84.08,-1.01319300260056,10.5711011161051,-0.817435469711462,5.42846090468644,32.0019634985188,4.40177977368366,2.73612002999949,13.9930301764163,-0.312642706658129,15.1100429373361,-7.71640117457533,147.842265645768,-6.19536666029582,14.2277100263142,0.128846556168972,16.8205201038421,2.22291931010203,-100.143508075091,-11.6910545869161,16.5315135862545,2.43232590885595,6.29107655207762,19.2949557854724,-146.137102907719,4.37112442030122,10.7059172829877,-0.402292280078816,5.80495896479419,3.61655297204621,-108.42393586936,-5.29889371707731,10.6632562306813,-0.149775844812418,0.241402561076559,6.83495111463087,26.1525865546644,0.0576288394793977,10.5154740290887,1.32518541091174,-13.5156852159362,-6.97288068409336,6.55718540299501
84.085,-0.937158655353748,10.5345663620563,-0.898117224758179,5.52875304780522,30.4374799125209,5.71690029564311,2.661585247593,13.8410335633001,-0.439398936889677,14.4009645577821,-8.13083388639592,150.650174509199,-6.55190234536102,14.1511039615585,0.156407960673701,16.4354418413711,1.84003144487198,-103.349802884277,-11.853969349335,16.3937909109078,2.66662445549684,7.87015409091242,20.3759233213742,-139.877545590721,4.2996998757316,10.7067073412994,-0.402050152844749,4.89609940035424,2.88691416295023,-108.486987546808,-5.2106702837071,10.6934312945097,-0.168670742442891,0.406260211202954,5.66911279903591,27.8163539328926,0.0881170142705958,10.5096692765944,1.31463713167441,-11.7051482773075,-6.29075844955414,5.53384043860896
84.09,-0.856525858249873,10.5010266565068,-0.966608484788904,5.70384633273945,28.7499649542314,6.96023188529414,2.58580364397501,13.6794229777578,-0.56259745643524,13.6858002001342,-8.35088231241838,153.139588887854,-6.87618887122388,14.0526624251613,0.188350250887804,15.9524917023918,1.60109685757802,-106.386857345754,-11.9476700778583,16.2197052009969,2.90476097473941,8.97953611939982,21.2587542075721,-133.576918235809,4.21371388643511,10.6909222600128,-0.398659937028403,3.97131878022377,2.1011465924635,-108.489355455386,-5.12774456213412,10.6983140837723,-0.193619150302929,0.580818513902571,4.45499042629933,29.428989634631,0.102959145683739,10.4942436271924,1.2981750690523,-9.89549011521133,-5.62750368920506,4.44187118920806
84.095,-0.772534254124974,10.4692687058942,-1.0225004248157,5.95837374307556,26.9537738249638,8.11671845814373,2.5097950190182,13.5086678186083,-0.680554252778667,12.9668569947114,-8.38488772712033,155.313402293907,-7.16602096912302,13.931356514405,0.223344458666807,15.3695209802934,1.49222482010846,-109.222527827051,-11.9719234083916,16.0115910955808,3.14087045432374,9.61292138760379,21.9306089812628,-127.292635950967,4.11365161431763,10.6592289562445,-0.393066694948734,3.03616165908312,1.25537363992694,-108.450289989854,-5.05060138427532,10.6792819280784,-0.2240575331308,0.769235207218715,3.19391731383612,30.9930206931275,0.1027712032345,10.470259282116,1.27689332093266,-8.09175066772158,-4.99904422072096,3.3045123130692
84.1,-0.686435475714015,10.4380443219634,-1.06563044987398,6.29613374185332,25.0640680354171,9.17319838361944,2.43453690814689,13.3293107679532,-0.79181917430963,12.2466293645574,-8.24393736929563,157.177015915479,-7.42594780678035,13.7809115216117,0.259817360256453,14.6867139371788,1.49751578659818,-111.826037973119,-11.9325608068962,15.7654916535936,3.36854706227674,9.77624318426204,22.3832562704416,-121.076559658586,4.00036829395217,10.6125418804667,-0.386323334204469,2.0965760715156,0.347749554471103,-108.387880793173,-4.97946385524509,10.6382048110344,-0.259305643301678,0.974370919205028,1.88848940336642,32.5110819510153,0.0885642244337669,10.4388309546292,1.25199694398387,-6.2989905502593,-4.41932208508087,2.14491894515877
84.105,-0.599467165547377,10.4061036418281,-1.09607679392396,6.71991311228188,23.0965780695627,10.1185910141002,2.36095064721268,13.1419616949256,-0.895203887987139,11.5278228254354,-7.94137487685328,158.738192284616,-7.6617993499658,13.5934562622375,0.296052018925264,13.9066073068287,1.59976404291011,-114.168490735992,-11.8367161755136,15.4756734019808,3.58111573301055,9.48722851703179,22.6135902264894,-114.973915340642,3.87505805989849,10.5519954186546,-0.379562547405801,1.15881860558707,-0.621384578812396,-108.318682954049,-4.91429695718847,10.5773675178105,-0.298598094417108,1.1976873456856,0.542660590569486,33.9857729986051,0.0616847551801514,10.4010954772981,1.22475333391965,-4.52245462829875,-3.8999142503512,0.985515256897034
84.11,-0.512828737766216,10.3722262740956,-1.11414775433189,7.23133141211768,21.0673731410746,10.9440319732209,2.2898896839046,12.94729057789,-0.989802078376653,10.8133609358138,-7.49227156747067,160.006882940323,-7.8676792796467,13.3712618779838,0.330293609909023,13.0339973271881,1.78116567226283,-116.223341344121,-11.6821920032981,15.1485177740037,3.77229701875433,8.77462137948011,22.6240061116313,-109.022402600882,3.73921597037879,10.478913131072,-0.373966215021552,0.229354290978872,-1.64940334204666,-108.25739673245,-4.85481749878266,10.4993861785104,-0.34111733414362,1.43919473476922,-0.838189304951786,35.4195143760548,0.0237479993575923,10.3581863723598,1.19644311154804,-2.76773247179556,-3.44973202382501,-0.152612838219814
84.115,-0.427659548547524,10.3352496669222,-1.12036609704575,7.8307142152685,18.9926408969158,11.6429577886187,2.22213015339094,12.7460196814185,-1.07500109347784,10.1063756109047,-6.91287727033535,160.995033447771,-8.03388218913847,13.121797442113,0.360851889565505,12.0757385810525,2.02400050194951,-117.966819671785,-11.4642790330756,14.7961374829773,3.93649007859409,7.67711199888639,22.4226075069399,-103.251520046843,3.5945945242129,10.3947744935442,-0.370733121302285,-0.685246730137046,-2.73136122620557,-108.216604169654,-4.80050955793485,10.4071215319702,-0.386027095732496,1.69745015585413,-2.24721835652441,36.8144079672649,-0.023433078155356,10.3112131814028,1.16831132947696,-1.04090443241486,-3.07480808877522,-1.25026396719775
84.12,-0.34501995217493,10.2940942475469,-1.11544921643107,8.51700090140475,16.8884797770064,12.2111416046745,2.15836362526838,12.5389152339111,-1.15048451713954,9.41018165354719,-6.22006980522182,161.716369482036,-8.15713716404157,12.8488256814658,0.386203653698382,11.0404453804057,2.3112585880801,-119.378291923287,-11.1840903490178,14.4256613728797,4.0687518772515,6.2420213913418,22.0232249518467,-97.6821267970401,3.44315603846001,10.3011798290506,-0.37104582481582,-1.57841364895017,-3.86002023610384,-108.206564578354,-4.75064457387028,10.3035911124397,-0.432505309088004,1.96960657618015,-3.6761216322087,38.1721064059586,-0.0779195488905532,10.2612450614384,1.141519994831,0.651337566367087,-2.77817685143975,-2.29059177732724
84.125,-0.265875542632749,10.2477850795098,-1.10028570143244,9.28769102740217,14.7707066940263,12.646682566798,2.09919186315699,12.3267788549598,-1.2162255092984,8.72823693381887,-5.43082182321258,162.186167930485,-8.2373073972183,12.5545010876448,0.405066061146592,9.93811229232411,2.62718540796249,-120.440553328542,-10.8456291659878,14.0418596182808,4.164992747308,4.52379509191684,21.4452336440243,-92.3262507975909,3.28702224048768,10.1998141411439,-0.376037514158853,-2.44367844509383,-5.02594080165567,-108.235069724805,-4.70430530755112,10.1918824071205,-0.47977533107737,2.25151125366287,-5.11516810297358,39.4936960146744,-0.137716329626584,10.2092979646449,1.11710317652566,2.3016042756036,-2.55985055750977,-3.25948737285783
84.13,-0.191084726421529,10.1954699188798,-1.07590903427967,10.138831535885,12.6546825692556,12.9499521152992,2.04512341950706,12.1104389736968,-1.27247115237075,8.06409014891188,-4.56170257663972,162.421017073147,-8.27496430354758,12.2413124385118,0.416455426005558,8.77967522286875,2.95772503325403,-121.140045584896,-10.4536890841631,13.6494664080823,4.22218414984538,2.58236171628373,20.7131667336877,-87.1871460385194,3.12842235954634,10.0924105746483,-0.386759672404851,-3.27477636394036,-6.21763423477144,-108.307358445997,-4.66041297814578,10.0750688620228,-0.527134268551096,2.5378503822404,-6.5532768744658,40.7795973026434,-0.200837498516932,10.1563246440188,1.09592622314255,3.90176631425911,-2.4168904640736,-4.14586434419599
84.135,-0.121389644831351,10.1364336356045,-1.04346921403316,11.0650454140156,10.555157952383,13.1235009483689,1.996571905696,11.8907424593247,-1.31971842382542,7.42131848043412,-3.62843034034103,162.438569855486,-8.27135191457362,11.9120287653081,0.419730892863947,7.57653787952326,3.29084677368928,-121.466994988447,-10.0137360990592,13.2531079604912,4.23847239553157,0.481411364401057,19.8561302566913,-82.2595926278583,2.96964090296394,9.98071422838345,-0.404151375413598,-4.06574165801397,-7.42177328307864,-108.426089445884,-4.61775697972654,9.95613043646738,-0.573977161435377,2.82233533165894,-7.97813323852915,42.0294863706291,-0.265365096160442,10.1032067635761,1.07865078201318,5.44295990586661,-2.34356927477169,-4.94184007311255
84.14,-0.0574103644419377,10.0701090167776,-1.00420314714176,12.0596010378483,8.48614042031328,13.1719308742656,1.95385581897846,11.6685466523981,-1.35868273951556,6.80345770171824,-2.64548877876989,162.257294081597,-8.22834196554734,11.5696315679331,0.414616596628839,6.34009017903058,3.61674762932452,-121.415469480433,-9.53178108770428,12.8572241575751,4.21323877720102,-1.71335375969507,18.9070353105622,-77.5304263723395,2.81296618347003,9.86644702939905,-0.42901106212906,-4.81099713324469,-8.62345569730065,-108.591370058794,-4.57502667230854,9.83788022612114,-0.619815895177321,3.09792426562562,-9.3763439953546,43.242239737346,-0.329499933752614,10.0507485208708,1.06570733418567,6.91564417770316,-2.33161810846428,-5.6428100729454
84.145,0.000357820498243455,9.99608400323373,-0.959404677994846,13.1145203990818,6.46078466920085,13.101736200914,1.91719985941762,11.4447119351872,-1.39026025134466,6.21392734277842,-1.62581769945078,161.89622304484,-8.14837362240164,11.2172426160922,0.401201835278094,5.08124516664715,3.92792983637122,-120.983355097198,-9.01424100117551,12.4659922651356,4.14710504792862,-3.93594826748405,17.9016720843452,-72.9792782776847,2.66064053651264,9.75127435171093,-0.461971635635496,-5.50543635685772,-9.80651418103872,-108.80083783927,-4.53084481592911,9.72289849202453,-0.664291935976931,3.35707147376239,-10.7336304034614,44.4159041559052,-0.391603503320075,9.99967137672385,1.05727681063693,8.30971038016281,-2.37054853778668,-6.24741510748563
84.15,0.0515441922206764,9.91410545091451,-0.91039513027948,14.2207236910318,4.4913052115644,12.9211196879256,1.88673770743079,11.2200949022122,-1.4154852231829,5.65595338274194,-0.580585524158896,161.374709710845,-8.03438008493185,10.8580501122285,0.379920355854117,3.81001933340146,4.21915932157979,-120.17225448152,-8.46779397467573,12.0832536754696,4.04188605545438,-6.12176893478499,16.8776582060891,-68.5794993014968,2.51481304694595,9.63677403181902,-0.503479763194022,-6.14449765731663,-10.953864664666,-109.049790940536,-4.48380227527391,9.61347525825757,-0.707182325384414,3.59199550482728,-12.0350559452065,45.547691985035,-0.450230655110517,9.95060967919733,1.05328252369628,9.61464076157878,-2.44803778605272,-6.75740368127925
84.155,0.0958998023735298,9.82407957634236,-0.858495164471239,15.3682071228486,2.58891052124975,12.6397883292197,1.86251622664381,10.9955420828186,-1.43548387479898,5.13249063841804,0.480952407934107,160.71218714628,-7.88970478475843,10.4952358909356,0.35151125982643,2.53517806261271,4.48731657716406,-118.987312157157,-7.89923387013642,11.7124451350829,3.90049410302556,-8.20915908855837,15.8733000475948,-64.2992416057622,2.37749551606183,9.52440840819095,-0.553780198330728,-6.72422922541471,-12.0478835872774,-109.331362431322,-4.43249366805493,9.51156249452986,-0.748398785348511,3.79495624676584,-13.2652848416931,46.6340016891124,-0.504153233248343,9.90410710839724,1.05339317471755,10.8197123018042,-2.55036310965434,-7.17739529980366
84.16,0.133292410456976,9.7260693488785,-0.804998610492749,16.5462499605722,0.763756627620894,12.2687342126761,1.8445009893069,10.7718840451708,-1.45142613717977,4.64614665223034,1.55150883227171,159.927937554164,-7.71801023441703,10.1319060598657,0.316965127967798,1.26396359583825,4.73115609274457,-117.436973199087,-7.31532970276004,11.356536481479,3.72680187612853,-10.1408406402662,14.9264097557674,-60.1026641074398,2.2505223510494,9.41549999723462,-0.61290580686421,-7.24134468648259,-13.0708038460868,-109.63673307405,-4.37555365478021,9.41873679331073,-0.787980186977772,3.95853056358729,-14.4088659454253,47.6704621518054,-0.552375286385851,9.86061392977004,1.05703718488667,11.914238035937,-2.66286984884947,-7.51455286007778
84.165,0.163699598145937,9.62028920828557,-0.751148735868854,17.7436453756313,-0.975082190114732,11.8200053177959,1.83258290945736,10.5499296195395,-1.46447686163396,4.19910860226233,2.6257352110712,159.040872113365,-7.52312447757734,9.77112626032235,0.277459574398019,0.00191770479657685,4.95099396458066,-115.532683752125,-6.72265174135802,11.0180837152,3.52547941917045,-11.8651884651841,14.0731226796296,-55.9512270340437,2.13551502880136,9.31121140057632,-0.680673729497417,-7.69326848380011,-14.0051183501119,-109.9553767307,-4.31169353958309,9.33617336033026,-0.826078943494001,4.07587603315683,-15.4505353644867,48.6519987852068,-0.5941407402021,9.82048506110608,1.06342814277026,12.8878362371441,-2.77045676387985,-7.77817576331098
84.17,0.187200535439457,9.50709756630148,-0.698117225515392,18.948947842487,-2.61962781871907,11.3064704037067,1.82658566432214,10.3304599603718,-1.47574816300893,3.79307467186581,3.70011360129647,158.069323795462,-7.30776722720304,9.41800868312417,0.234286817246502,-1.2471944842386,5.14834563701929,-113.288543491732,-6.12658721989393,10.7014688188845,3.30195735713244,-13.3373278329315,13.3467595086004,-51.8050375516969,2.03385173814121,9.21252998437432,-0.756687794254139,-8.07817036670711,-14.8339797580185,-110.2753324571,-4.23973773512271,9.26463200504307,-0.862942079666309,4.14097274455563,-16.3755300499263,49.5729189416599,-0.628934511432484,9.78397900248902,1.07160078174802,13.7307153526627,-2.85806222653598,-7.97922865068968
84.175,0.203966869733611,9.38698756009969,-0.646986032325332,20.1507281131642,-4.16299970096959,10.7415813117407,1.82627353829713,10.1142222299197,-1.48625467966931,3.42919141312492,4.77277830953524,157.030855309597,-7.07397301832763,9.07933643682764,0.188779891048404,-2.48135900878486,5.32553685605457,-110.720921431378,-5.5316443805051,10.412452285766,3.06222053064476,-14.5200412335146,12.7767749400722,-47.6242067925774,1.9466427216111,9.12025775477081,-0.84034697541444,-8.39498829525791,-15.5415850380175,-110.583497362581,-4.15865943653028,9.20445559339795,-0.898887862301441,4.14883398072105,-17.1699037315519,50.427013866181,-0.656477989434619,9.7512577807469,1.08045649773149,14.4339606158518,-2.91113562787113,-8.12982357918987
84.18,0.214253152156333,9.26057646784005,-0.598732205854083,21.3378257809084,-5.59940481786539,10.1391353149173,1.83135934558277,9.90192279813357,-1.49687351862428,3.10799879781495,5.84327854498338,155.942084177233,-6.82668968727754,8.75691377741714,0.14224493401959,-3.70019121017372,5.48531073324685,-107.848047306338,-4.944113223326,10.1511303509575,2.81211520121737,-15.3844758492312,12.3878302816971,-43.3701781869738,1.87471173057241,9.0350066794716,-0.93085943518455,-8.64343919812076,-16.1135339850702,-110.86593431364,-4.06768362281551,9.15552309877386,-0.934279277570565,4.09567789082696,-17.8208360992066,51.2076743045181,-0.67680170913952,9.72235123704411,1.08882279845629,14.9898071636805,-2.91607982688485,-8.24267551258665
84.185,0.218387126076869,9.1285941051309,-0.554215772377619,22.4995893280851,-6.92411782111357,9.51303974481313,1.84151214952808,9.69421997124471,-1.50831049377576,2.82938474926028,6.91229535843723,154.818526641964,-6.57286696256747,8.44773078325344,0.0958997922185071,-4.90472803071154,5.63045232141786,-104.689591033925,-4.37134277270082,9.9123031769362,2.55710304285477,-15.9106468390937,12.1990213948707,-39.0069879661557,1.81858389531392,8.95719950388258,-1.02726148808196,-8.82401723836669,-16.5371517568226,-111.108188503071,-3.96737976216701,9.11641466391676,-0.969499064898705,3.97905390324665,-18.3169260234135,51.9080168548034,-0.691480394313159,9.69661580601461,1.09560514394935,15.3918846573246,-2.86065232764624,-8.33055201948508
84.19,0.216760105460497,8.99187043365191,-0.514170687427035,23.6260941575976,-8.13345287981134,8.87708101707423,1.85636457097754,9.49171636588445,-1.52107399765638,2.59255094436183,7.98132756435289,153.674461754519,-6.31750119706623,8.15067714201559,0.0508253469724669,-6.09714940698168,5.76344945974076,-101.266242492119,-3.81877586000898,9.6926736899713,2.30255778621851,-16.0877345596741,12.2232861938812,-34.5024208377227,1.77848019913119,8.88707591103042,-1.12844068445439,-8.93797950840868,-16.8017667950683,-111.295606839476,-3.8594210156898,9.0847962738184,-1.00491918897717,3.79791958412753,-18.6484598749858,52.5210182000646,-0.703250584949433,9.67297196930816,1.09983222009402,15.6354199211929,-2.73431490096002,-8.40573811270666
84.195,0.209817581654652,8.85132254756349,-0.47919881551558,24.7083301859122,-9.22472875014173,8.24470027516062,1.87551955279372,9.29495113858109,-1.53545752269453,2.39599158696052,9.05236206055263,152.522816621663,-6.06387566537403,7.86669777513925,0.0079278065022497,-7.28044701325276,5.88620515822886,-97.5993031415612,-3.29017423800455,9.49097584995608,2.05364333681388,-15.914176145226,12.4670079540899,-29.8290270012838,1.7543186172312,8.82470368737675,-1.23316211263721,-8.98731934847967,-16.8989371038377,-111.413654104223,-3.74361459158892,9.05992900752453,-1.04086759889966,3.55266582026776,-18.8076466040798,53.0396544753637,-0.712464299684017,9.65149243754342,1.10045845349092,15.7173867649523,-2.52852346931378,-8.47953632966371
84.2,0.198050122208152,8.70794116135544,-0.449766829897215,25.7383520130133,-10.1962284510287,7.62877808448512,1.89855652129815,9.1043923630954,-1.55153148836677,2.23748670447335,10.1275439987393,151.375073494723,-5.81487981184044,7.59655549685902,-0.0320896539418697,-8.45806070449129,5.99981279221155,-93.7102999073448,-2.78865499308707,9.30563195742593,1.81501828178203,-15.3975539246269,12.9298223850914,-24.964970915946,1.74572182735087,8.76999438251034,-1.34009697211889,-8.97472773661723,-16.8226196636658,-111.448219907488,-3.61819132066591,9.0422479740552,-1.07759961723432,3.24509048551563,-18.7888121388579,53.457043187102,-0.71748395219803,9.63308557955048,1.0964361066512,15.6365955515064,-2.23695226345756,-8.56182045978216
84.205,0.181984567625616,8.56277670331107,-0.426205878568749,26.7093864310162,-11.0471547837974,7.04143085599857,1.92503695167067,8.92042991315159,-1.56914465193277,2.11411131117683,11.2088616486643,150.241199086326,-5.57304255887956,7.34073434309362,-0.0687399576828863,-9.63350385039407,6.10440116873622,-89.6206303058887,-2.31674468104362,9.13470856378933,1.59072039349837,-14.5542853466487,13.604628228249,-19.8946876064564,1.75203122488613,8.72272279474675,-1.44785247453301,-8.90354341707689,-16.5692796824197,-111.385910660697,-3.48257069847216,9.03109575594003,-1.11526920391329,2.87832301842041,-18.5885468272499,53.7665852855945,-0.717920366120205,9.61799167939894,1.08700750852366,15.3937188229331,-1.85564854903998,-8.66065880224042
84.21,0.162175492248911,8.4169251190918,-0.408713827317642,27.6158940142881,-11.777582795476,6.4938218914451,1.95450939783074,8.74336925524452,-1.58793499820008,2.02226150721821,12.2978595947034,149.129596226668,-5.34050965892436,7.09944550937892,-0.10175180432639,-10.8099983924334,6.19905237521622,-85.3512461304143,-1.87638791145053,8.97598587214734,1.38408990940601,-13.4091216822974,14.4777934917831,-14.6093287142215,1.77232679560108,8.6825494800789,-1.55500217771878,-8.77769261391822,-16.1379383380185,-111.214321080159,-3.33729716071991,9.02495160096778,-1.1539101732923,2.45670447962224,-18.2058010419927,53.9621051677533,-0.71448718154622,9.60591036321714,1.07174853352158,14.9912530601392,-1.3831165694313,-8.78201960285385
84.215,0.139196872405015,8.27151350564472,-0.397359861566833,28.4535836976739,-12.3884101530296,5.99599008549701,1.98651409149225,8.57342659073801,-1.60734963026503,1.95769822851925,13.395392183982,148.047077682466,-5.11904709318461,6.8726452170037,-0.131057302507029,-11.9901390188547,6.28179144018555,-80.9223811720757,-1.46897804259604,8.82703826299715,1.19772781303257,-11.9944658520982,15.5295427906926,-9.10698780544547,1.80545222514105,8.64904536610796,-1.66011594986628,-8.60161932883718,-15.5301595872531,-110.922280154141,-3.18319163960918,9.02222092125798,-1.19342660281499,1.98562955259737,-17.6419256695668,54.0379865280818,-0.707973797184242,9.59649017314481,1.05052728654448,14.4334201811475,-0.820331667136193,-8.92956751334711
84.22,0.113633899944058,8.12768572286741,-0.392091207863814,29.2193816045793,-12.8813062810361,5.55669939002538,2.02058725451323,8.41072579901439,-1.62667281904822,1.91560890230014,14.5014269890284,146.998861624665,-4.91008060549622,6.66006525688967,-0.156769406478011,-13.1756034985637,6.34964336739924,-76.3533265144535,-1.09541908847244,8.68532383389064,1.0334887898397,-10.3495231714789,16.7345059990701,-3.39270247418891,1.85004446557148,8.62171746083429,-1.76178889741375,-8.3802073661563,-14.7499784239105,-110.500067040425,-3.02131096894684,9.02132080507031,-1.23358723313357,1.47135848429816,-16.9006559603919,53.989302055105,-0.699188029991635,9.5893564552011,1.0235185337798,13.7260155069113,-0.170687712479474,-9.10455566959281
84.225,0.0860748961901915,7.98658816669787,-0.392741727816326,29.9113578751435,-13.2586610327352,5.18331212845108,2.05626529286239,8.25529759070164,-1.64506100895067,1.89068667515465,15.6149055298949,145.988587821728,-4.71470344434292,6.46123153061192,-0.17915140748247,-14.3669231136621,6.39875013300359,-71.6622549734602,-0.756149356955321,8.54826297570859,0.892497644550253,-8.51930241807257,18.0624047633277,2.52176081162268,1.90456684585849,8.60003460524291,-1.8586687478399,-8.11869537173847,-13.803774591899,-109.93959301415,-2.85292501586122,9.02074167876892,-1.27402736677707,0.920808038537006,-15.9880390536135,53.8119349756694,-0.688928931354285,9.58412674182379,0.991204984989505,12.8762115093027,0.560117155930452,-9.30581352850558
84.23,0.0571033227391403,7.84935592937108,-0.399042142617199,30.5286175948393,-13.5235335964992,4.88168907244765,2.09308902997727,8.10708115139149,-1.66158324257885,1.87722618984228,16.7336657193218,145.018353181147,-4.5336669711222,6.27548000366206,-0.198580945175922,-15.5633234656826,6.42453784399271,-66.8660943800764,-0.451143370739159,8.4133102868864,0.775187839926507,-6.55348826911089,19.478851340864,8.61832503739012,1.96734471993083,8.58345226296283,-1.94948131122848,-7.82258630519525,-12.700097132147,-109.234546365179,-2.67948717071107,9.01910368052255,-1.31425848516395,0.341331105804997,-14.9123073088239,53.5026904066857,-0.677961022741791,9.58042678625493,0.954362879676284,11.8923285588254,1.36425001759574,-9.52982636666274
84.235,0.0272899476683452,7.71709961181702,-0.410631665966811,31.0711637165605,-13.6796022436797,4.65611875387324,2.13060808666507,7.96592835092819,-1.67526520767931,1.86923417079331,17.8544275951804,144.088764838848,-4.36741146625148,6.10198867564832,-0.215511086229698,-16.7626419217297,6.42192254471177,-61.9804477608153,-0.179951862203396,8.27803158483256,0.681364646441292,-4.50520981009075,20.9462334894965,14.8732030295291,2.03660260511008,8.57143547770212,-2.03305371962541,-7.49755286953775,-11.4494462397346,-108.380498054786,-2.50259932083137,9.01520566941615,-1.35368528016965,-0.259505320642465,-13.6837012973985,53.0593944394228,-0.66699088571687,9.57790641415829,0.914032361757552,10.7835849575122,2.23196043893647,-9.77089884876596
84.24,-0.00281470361824121,7.59089307382713,-0.427070848037994,31.5397407959395,-13.7311153673493,4.50927772887578,2.16838544294242,7.83161036347989,-1.68513497008154,1.86055242450583,18.9728410639992,143.199008672925,-4.21610848183283,5.93981240083576,-0.23043092710514,-17.9613238696343,6.38554220014839,-57.0195571614864,0.0582480015438258,8.14017576323768,0.610284114571688,-2.42973342663945,22.424659428213,21.2576534873806,2.11050178000741,8.56347932206632,-2.10833515635789,-7.14934050135558,-10.0640197492437,-107.374966959405,-2.32397351292945,9.00806660121454,-1.39162934715458,-0.874134499410132,-12.3142478876031,52.4809789102449,-0.656647474760784,9.57625565157212,0.871474309179728,9.55983870367609,3.15183752815609,-10.0213926627555
84.245,-0.0326874222581834,7.47176239349597,-0.447855442186782,31.9356684324019,-13.682844041883,4.44222251002272,2.20600215599495,7.70382635332183,-1.690268446327,1.8449903155958,20.0835917591038,142.346930906679,-4.07969592074833,5.78791419086992,-0.243827961625805,-19.1544960194415,6.31000216853711,-51.9963069004209,0.264609301468596,7.99773659171697,0.560740686681891,-0.383111713867388,23.872937953515,27.7388627796621,2.18717738207466,8.5591263499324,-2.17441476644894,-6.78366960722178,-8.55743220107335,-106.217444600318,-2.1454375459,8.99703923616836,-1.42735843831388,-1.49518816303846,-10.8175002981814,51.7675499249012,-0.647492872862314,9.5753073640309,0.828135020591512,8.23133279812884,4.11109856508741,-10.2720268625461
84.25,-0.061838690258773,7.36067625053278,-0.472431088686889,32.2606728210912,-13.5400360677452,4.45441281173636,2.2430621797436,7.58221376523274,-1.68983276102233,1.81646333686192,21.180558822481,141.529130329506,-3.95791421202504,5.64519584198608,-0.256154141450695,-20.336111421086,6.19012189713831,-46.9222613695512,0.440568589731691,7.84900660383845,0.531159711262332,1.57917738043429,25.249570434966,34.2809206776466,2.26477415858431,8.55798071302185,-2.23053642747234,-6.40613885512662,-6.94441491061815,-104.90938031448,-1.96890599441652,8.98186794310648,-1.460119475111,-2.11567137763423,-9.20824828979931,50.9204383855121,-0.64001814336092,9.57508579472844,0.785589457733544,6.80845473603557,5.09590103958094,-10.5122289224566
84.255,-0.0898181389115909,7.25853785416564,-0.500208565062962,32.5167240990612,-13.3083711797581,4.54376478941159,2.27919723047309,7.46635970874654,-1.68312578400472,1.76913403285591,22.2570164978391,140.74105857305,-3.85034717266065,5.51050068623032,-0.267797063785673,-21.4991577844528,6.02117149076369,-41.8077320535752,0.587791718125902,7.69259607686964,0.519687913782328,3.40356558833098,26.513733438741,40.8458573244969,2.34148016024227,8.55971871921797,-2.27611008166051,-6.02213150174208,-5.24050575819045,-103.454128799735,-1.79616426891079,8.96239540794323,-1.48917329050937,-2.72910838784765,-7.50220775363756,49.9422309920032,-0.634536753170363,9.57548673805865,0.745399466582238,5.30151940435095,6.09167019455984,-10.730524205792
84.26,-0.1162189253382,7.16617842050796,-0.530579298558601,32.7058863561405,-12.993916825876,4.70673217337586,2.31407164801501,7.35581291327171,-1.66961031855424,1.69755126843978,23.3058698873216,139.977125853937,-3.75648257049593,5.38246446596583,-0.279056862779349,-22.6359181439229,5.79908809279626,-36.6618681764636,0.708098987848913,7.52729336248717,0.524267294651274,5.03966803387925,27.6262328817727,47.3947086685146,2.41555780448989,8.56409572544141,-2.31071938782983,-5.63672691732088,-3.46173748022276,-101.856862817594,-1.62879290297352,8.93846213945962,-1.51382942824668,-3.32965563588245,-5.71569971960801,48.8367804388756,-0.631163616341402,9.57617898760194,0.709023970773825,3.72058303538513,7.08343460945141,-10.9149513790884
84.265,-0.140680939916954,7.08435208587466,-0.562930796518888,32.8301862351372,-12.6030837146252,4.93841258953282,2.34738719996086,7.25009573787047,-1.64894161339385,1.5967836895428,24.3199140864311,139.230809688449,-3.67570004225552,5.2597453064863,-0.290131497906774,-23.7382709352713,5.5206636002999,-31.4927653173518,0.803441779934382,7.35229820155527,0.542735561226152,6.44146167610561,28.5504125937242,53.8885782363826,2.48537186640461,8.57094938651547,-2.33412553289263,-5.25461959229797,-1.62433300289967,-100.124454518276,-1.46833719666343,8.91024273925487,-1.53347867726363,-3.91218012583036,-3.86532911288,47.6091938118367,-0.629939808944902,9.57697837117172,0.677834871396492,2.0752941123985,8.05616289726137,-11.053491255867
84.27,-0.16289284180888,7.01373204061818,-0.596661633459373,32.8915048999333,-12.1425802289149,5.23267587404524,2.37888776636962,7.14871574813621,-1.62098711254824,1.46254323320356,25.2921051893622,138.494764338274,-3.60723605291857,5.14151320207966,-0.301109467433799,-24.7980151773677,5.18369703819131,-26.3075864770193,0.875902324953514,7.16770491856506,0.572937350630588,7.5683373484163,29.253001700858,60.2896644626387,2.54941408066158,8.58019941115697,-2.34626713027763,-4.88004791805727,0.255584197898927,-98.265329341981,-1.3163042797371,8.87829628191655,-1.54762161048935,-4.47230327912877,-1.96767337727464,46.265798522858,-0.630857610581594,9.5779147229235,0.65306859191386,0.374785140613678,8.99509511850842,-11.1344966887248
84.275,-0.18259298769542,6.95490759718372,-0.631195632586865,32.8914968344414,-11.6193648304045,5.58231081608087,2.40836383204948,7.05117643069382,-1.58583764570359,1.29129471539986,26.2158313690615,137.760929143559,-3.55029138878061,5.02713614498274,-0.311969580927756,-25.807205700741,4.78710686092944,-21.1126904035649,0.927575626442405,6.9741733621046,0.612751795938969,8.38599813209763,29.7048862340238,66.5622247637578,2.6063241677325,8.59184408521567,-2.34725621335264,-4.51673491079071,2.16225754193805,-96.2892967417015,-1.17405677686119,8.84340769983637,-1.55589163352531,-5.00641224304924,-0.0389904032731133,44.8140855111713,-0.633825387947641,9.57908121759317,0.635740491886022,-1.37239291898787,9.88606296200295,-11.1471114640586
84.28,-0.199569356188047,6.90838187475979,-0.665994886281078,32.8315375692316,-11.0405957146276,5.97918652159615,2.43565670933106,6.9569867001745,-1.54380958683243,1.08034784411389,27.0851723880708,137.020634376327,-3.5041154918155,4.91578964199434,-0.322588420122515,-26.7584832469525,4.33100043920635,-15.9137624573653,0.960459300384439,6.77251733010935,0.660103409905243,8.86718157512257,29.8817908747592,72.6734500882161,2.65490723189619,8.60595389978618,-2.3373704074577,-4.16784280602023,4.0805364018868,-94.2073620857834,-1.04278311334046,8.80654019972727,-1.5580709864636,-5.51164215171168,1.90504583906458,43.2626298685223,-0.638678223817353,9.58060818507555,0.626600285579192,-3.15829378911129,10.7157931031237,-11.0816666716716
84.285,-0.213658578248281,6.87456978983556,-0.700571276423551,32.7127011298751,-10.4135771893589,6.41442450281417,2.4606624139699,6.86566894986226,-1.49543784645076,0.827928451061866,27.8951364688823,136.264703731668,-3.46798415203573,4.8066270365594,-0.332752633670235,-27.6453847521391,3.8166999310277,-10.7159438656154,0.976436114583946,6.56384384244337,0.713010772251209,8.99218880840588,29.7648570004155,78.5942267629818,2.6941475996135,8.62266267201441,-2.31704145184703,-3.83594311299254,5.99608163986492,-92.0315240732447,-0.923480393142657,8.76879532067726,-1.55409911022651,-5.98583402314308,3.84957484762566,41.6209895018217,-0.645194850514428,9.58264833561897,0.626104242253144,-4.97555858013737,11.472188478428,-10.9300437197369
84.29,-0.22474417503504,6.85379608106464,-0.734496189077559,32.5357668071833,-9.74570251143102,6.87857765402762,2.48333511593808,6.77676549242231,-1.44145989593886,0.533226290677531,28.6418644083828,135.483553021212,-3.44119198519545,4.6989105714747,-0.34217654689901,-28.462620173118,3.24672555298196,-5.52395585686657,0.977250785631079,6.34964171311198,0.76961927133006,8.74920971358912,29.3411034293475,84.2997660378182,2.72321924970514,8.64215657838553,-2.2868403550358,-3.52300329328825,7.89553362137196,-89.7745618820332,-0.816942603679299,8.73136992712259,-1.54407313223728,-6.42747377331179,5.78073867708901,39.8995829247886,-0.653115559578344,9.58536106537819,0.634402182270345,-6.81736147183399,12.144582560809,-10.6859940502224
84.295,-0.232754092175499,6.8462931608983,-0.767408173031063,32.3012537564401,-9.04439321927856,7.36181243596539,2.50369008111669,6.6898433279508,-1.38279133893302,0.196417404941851,29.3227921106699,134.66728502996,-3.42306333789597,4.59202299445804,-0.350524372693825,-29.2063037457389,2.62473889767869,-0.342215860711975,0.964476004791594,6.13174015157012,0.828213050184821,8.13443963563229,28.6037567315595,89.7700856282744,2.74149301521909,8.66466154043036,-2.24745960486118,-3.23039071792439,9.76663992755385,-87.4498161194697,-0.723753869754373,8.69551180461592,-1.52824069974691,-6.83561823304857,7.68582657429852,38.1095477911466,-0.66215999345841,9.58889687664818,0.651339405655039,-8.67732295527069,12.7239620842949,-10.3454066519172
84.3,-0.237657610178292,6.85219866926036,-0.799018364993416,32.0094809205199,-8.31703533978188,7.85409080905984,2.52180600458831,6.60449725951666,-1.3204938374818,-0.181340215803612,29.9367642842657,133.80578084561,-3.41295984113349,4.48547617240388,-0.357435234930517,-29.8741295074482,1.95545034292153,4.82505630893168,0.939488357886529,5.91225415995481,0.887218493264039,7.15198934016511,27.5524388626377,94.9903315493411,2.74854071391485,8.69042941569121,-2.19969300606036,-2.95889396346762,11.5983413302105,-85.0709674907015,-0.644286346528993,8.66247546201021,-1.5069858586774,-7.20981407864767,9.55337296633089,36.2625823653975,-0.672043746723435,9.59338292882192,0.676472893290227,-10.5493962846082,13.2031540201292,-9.90651562968875
84.305,-0.239461705429434,6.87155270131313,-0.829113598779748,31.6606488230015,-7.57091324264139,8.34534868323488,2.53782660830279,6.52035143961704,-1.25573647551794,-0.597938143605793,30.4840938574697,132.888788263555,-3.41028496000186,4.37891754404731,-0.362549613006199,-30.4654831975169,1.24449574020657,9.97374361113813,0.903454862601451,5.69351847239303,0.945201594606369,5.81359570869918,26.1932014276482,99.9509325358963,2.74413630531149,8.71972345890951,-2.14441386584423,-2.70876083723209,13.3808160764905,-82.6518169617302,-0.578702265317894,8.63347963546019,-1.48080910195804,-7.5500152591719,11.3732085472122,34.3707727721742,-0.682492802662449,9.59891061701154,0.709100415866984,-12.4277339366165,13.5769729187281,-9.37004143204956
84.31,-0.238206932728837,6.90429478449963,-0.857557232861048,31.2549388760292,-6.81314239105247,8.82566784945745,2.55196133648638,6.43705946808811,-1.18975190216441,-1.05037580021375,30.9665636747452,131.906008091552,-3.41448609636768,4.27213437794082,-0.365535783392482,-30.9814852081727,0.498288441473861,15.0997488315734,0.857329988413123,5.47801175104566,1.00086156200955,4.13814591808843,24.5383983505465,104.647583532717,2.72825409958158,8.75280353241477,-2.08255236598114,-2.47975179036501,15.1054841358423,-80.206071063272,-0.526959621965368,8.60966784720683,-1.45030306869663,-7.85650385945955,13.1364662422702,32.4464095426794,-0.693255019260755,9.60552584076577,0.74830058402547,-14.306542268881,13.842325000023,-8.73926106139551
84.315,-0.233962897360292,6.95026077624437,-0.884287849591169,30.7926250020595,-6.05060279425459,9.28543851084829,2.56448493972523,6.35430318325264,-1.12378884093309,-1.53484422537395,31.3873692198608,130.847179302545,-3.42505483504003,4.16505571618317,-0.366114839369093,-31.4249620442272,-0.27614668934953,20.1989233261377,0.801862284788834,5.26827357099331,1.05302289076641,2.15103253672137,22.6063923319634,109.081059340241,2.70106398703598,8.78991154637159,-2.01507301247122,-2.27120662260609,16.7649747010824,-77.7471358421387,-0.488820936864433,8.59207323350163,-1.41612562778615,-8.12981842196333,14.8355458416987,30.5017976302747,-0.704108066528753,9.61322235676839,0.792981365726397,-16.1799341946837,13.9982656319576,-8.02000486462041
84.32,-0.226823382040928,7.00917992608264,-0.90931606265835,30.2741916503492,-5.28987551948562,9.71550966686368,2.57573571013928,6.27179031789062,-1.05906276291004,-2.04683313557597,31.7510034204987,129.702163992563,-3.44152592693657,4.05775181256041,-0.364082932278298,-31.800346684224,-1.07135035403393,25.2670065287489,0.73760906520267,5.0668174224631,1.10062783896913,-0.116638932374128,20.4210952773491,113.256864519945,2.66292364516642,8.83125757503196,-1.94295301504485,-2.08212167277438,18.3530617357961,-75.2879228033661,-0.463463092083193,8.58180124101498,-1.37897376008154,-8.37069262615897,16.464042891898,28.5490646140108,-0.714438016337773,9.6220936979742,0.841899899685263,-18.0417911910126,14.0460071996718,-7.22058024398866
84.325,-0.216901192889148,7.08067238208157,-0.932719686899384,29.7004518291544,-4.53718499279545,10.1073247924062,2.58611213231146,6.18925124794673,-0.996706673688534,-2.58125825073071,32.0630869344633,128.46103299024,-3.46347558300771,3.95043084119952,-0.359329516842933,-32.1135112052363,-1.8796101156849,30.2995746745466,0.664957042969081,4.87604337274298,1.14273078095579,-2.62896507461954,18.0113487005368,117.184730751648,2.61436772873336,8.87700701363851,-1.86716231850583,-1.91123411643142,19.8645735270181,-72.8406700014203,-0.448730005981801,8.58037872107779,-1.33956052963738,-8.58000598934281,18.0166487988818,26.59997215635,-0.722441552601327,9.63260826867503,0.893650729489014,-19.8856466705001,13.9888750401062,-6.35162545738475
84.33,-0.204322795612836,7.16424742042893,-0.954637483195868,29.0726586938326,-3.7983498357232,10.4530405661047,2.59606775425384,6.10643513822218,-0.937724031064927,-3.13260514722726,32.3301495737035,127.114152751669,-3.4905196109716,3.8434326686547,-0.351850615071847,-32.3715378810993,-2.69313943264972,35.2919967188755,0.584146452022889,4.69815409867596,1.17849534253806,-5.34625441896076,15.4101565973497,120.877977482162,2.55609414592324,8.92726903057588,-1.78864581389021,-1.7571096414671,21.2952829042457,-70.4167812379152,-0.443270840864412,8.58858727836811,-1.29858626736721,-8.75874703448628,19.4890298879483,24.6657358575946,-0.727378603396796,9.64477104554072,0.94689554579601,-21.7046020800781,13.8322102891164,-5.42589912190831
84.335,-0.189222833313042,7.25930265128011,-0.975261634661707,28.3926045723006,-3.07874458298922,10.7456268672709,2.60610415597681,6.02310586085858,-0.882945783258811,-3.69508531750669,32.5593705569086,125.652273890337,-3.52231186086148,3.73721954111894,-0.341756427351414,-32.5824375299063,-3.50424864293149,40.2393951494172,0.495296059186115,4.53507776511112,1.20719459629192,-8.22610240752555,12.6537899729007,124.352755502779,2.48894764020334,8.98208646894628,-1.70830803727767,-1.61822968970758,22.6417849902726,-68.0266860959036,-0.448342055948907,8.60559648120285,-1.25671613127727,-8.90798829265909,20.877693347134,22.7568584284062,-0.731433118685885,9.65749042451683,1.00056945817322,-23.4912848434937,13.5832202011607,-4.45801279577133
84.34,-0.171738646778525,7.36512441726887,-0.994829079880365,27.6627020264755,-2.38327387499872,10.9789468554399,2.61676199054013,5.93903810149381,-0.832993395509618,-4.26279968962498,32.758286988735,124.066621366487,-3.55854335380583,3.63236362434562,-0.329272976278344,-32.7548260425184,-4.30550303683775,45.1366093022442,0.398426609697506,4.38840078470654,1.22821400028398,-11.2245005639135,9.78078859960558,127.627195910526,2.41390100798633,9.04142728705034,-1.62700044913059,-1.49307463993341,23.9013691003303,-65.6797232594553,-0.464722448875088,8.63066165701519,-1.21456127423304,-9.02887166089631,22.1798476206119,20.8829806049473,-0.736406370040918,9.66984212314308,1.05368674690471,-25.2378537101957,13.2507786118892,-3.46411506325733
84.345,-0.152004948601217,7.48088956130937,-1.01361184022149,26.8860425463507,-1.71635977012442,11.1478166167557,2.62861018304097,5.85401405814608,-0.788249519492783,-4.82990459033747,32.9344812732131,122.348986014322,-3.59894235371097,3.52953143281569,-0.314737825618389,-32.8975716835172,-5.08986423593479,49.9781588918655,0.293480633648247,4.25931294108536,1.24105627799252,-14.2969485130275,6.83089121141071,130.720488886863,2.3320343707593,9.10517760270353,-1.54551120573642,-1.38019973060573,25.0718907874911,-63.3840492006213,-0.491393135823555,8.6637658715402,-1.17266228297069,-9.12260206733251,23.3932640237836,19.0527535134978,-0.742309834889981,9.68156085421808,1.10526982045203,-26.9360527544011,12.8451814725037,-2.46153605650879
84.35,-0.130148827642553,7.60566869943446,-1.03190652408542,26.0664296466322,-1.08194184422346,11.2480445465496,2.6422334843157,5.76782107966181,-0.748837660845245,-5.39077502702326,33.0952590352723,120.491816732145,-3.64327551356116,3.42946528646498,-0.298590239303765,-33.0194268658362,-5.85081225362447,54.7582057257744,0.180337125635683,4.1485667423355,1.24534711926641,-17.3995378175991,3.843929777661,133.651918127433,2.24451298035544,9.17313641196247,-1.46455720336044,-1.27830112011764,26.1516491484837,-61.1465738446845,-0.526947304435612,8.7048444692444,-1.13148624100378,-9.19044710733308,24.5161452595663,17.2737353178022,-0.748838099472284,9.69247214503568,1.15447935381219,-28.5773108005715,12.377864530747,-1.46840155468182
84.355,-0.106285276730464,7.73843109084506,-1.05002325148702,25.2083843836536,-0.483488882519051,11.2764512838333,2.65821867686102,5.68025049405255,-0.714611827702854,-5.94016021947402,33.2473295265839,118.488312313829,-3.69135009684703,3.33296203238439,-0.281356410750233,-33.1286586372069,-6.58244677215429,59.4705119626291,0.0588203161047494,4.05645221340022,1.24084047281048,-20.4899776688625,0.858726374335785,136.439877790523,2.15256406729105,9.24501207326853,-1.38477810069471,-1.18627018637056,27.1392734749185,-58.972924244381,-0.569938075122383,8.75362265828848,-1.09142398527886,-9.23374027940616,25.5470052734077,15.5523140198826,-0.755707389096972,9.70237715286543,1.20065796892811,-30.1528790066352,11.8610920453529,-0.503225910949302
84.36,-0.0805134405801938,7.87805115312932,-1.06827430636219,24.3171225440197,0.0759796703684088,11.2308715809679,2.67713981369902,5.59109775465789,-0.685156724447333,-6.47332652598391,33.3965004337389,116.332511576176,-3.74301714974568,3.24084936271974,-0.263630590694453,-33.232692087697,-7.27956725997047,64.1083937529695,-0.0712975094201744,3.98278764556651,1.22742230827907,-23.5285343665569,-2.08796781064486,139.100899586494,2.05745324363183,9.3204206725076,-1.30673200582457,-1.10323490112407,28.0336222767077,-56.8674366156954,-0.618906230109137,8.80963010982828,-1.05278905380469,-9.25388561689365,26.4845636318188,13.8936573012261,-0.762655810913381,9.71106698017299,1.24334048329389,-31.6539961850425,11.3076267271805,0.415506797088086
84.365,-0.0529137728663662,8.02331662977442,-1.08696288459549,23.3985038998223,0.593864684724579,11.1101399497785,2.69954293020702,5.50016390119464,-0.659798617654408,-6.98618326869627,33.547398516872,114.019380150305,-3.798175389478,3.15396014818156,-0.246053068012243,-33.3377803297634,-7.93773250891141,68.664669634523,-0.210298501876073,3.9269261235048,1.20511202131322,-26.4788593314199,-4.96245281074412,141.648718054432,1.96046094225979,9.39888640344172,-1.23089254269952,-1.02858781376949,28.8336967088863,-54.8331763393067,-0.672406292652767,8.8722195315416,-1.01581891943958,-9.25236181917046,27.3276564520015,12.3016893505343,-0.769443719406518,9.71833711410929,1.28225528191903,-33.07206951393,10.7303917847358,1.26976376440499
84.37,-0.0235462724039198,8.17293838285075,-1.10637234895589,22.4589549206938,1.06795296905173,10.9140622507738,2.72593069881809,5.40725821548665,-0.637626565597988,-7.47538746180363,33.7032266297568,111.544892073369,-3.85677548305801,3.0731052881386,-0.229286013108241,-33.4487136710022,-8.5533009476385,73.1316036141927,-0.358525842272624,3.88777698843023,1.17406107070612,-29.3086841536424,-7.73494407843159,144.093402031092,1.86285931484362,9.47984409924959,-1.15764708652982,-0.962000793539678,29.5385695684935,-52.8719847536718,-0.729030775168874,8.94058831629019,-0.980677896218006,-9.23072437205326,28.0751649240019,10.7790937859881,-0.775854596635381,9.72400097628653,1.31731785679038,-34.3988577325077,10.1421359800207,2.04237668032843
84.375,0.00755006356249138,8.32556175992978,-1.12675640882084,21.5053671502876,1.49637955720712,10.6433755665976,2.7567474967304,5.31220187143184,-0.617523280351824,-7.93842408367835,33.8655664539453,108.906104157743,-3.91882432476828,2.99904565598798,-0.213988181981728,-33.5685791534038,-9.12345366722705,77.5008434444741,-0.516392823905825,3.86384083658758,1.13454886852206,-31.9903658060239,-10.380289984564,146.440579679498,1.76588993013063,9.56264402353298,-1.08729607091699,-0.903427176198283,30.14733035277,-50.9845508138665,-0.787432471503997,9.01380242974204,-0.947461220093814,-9.19060456141443,28.7259617098268,9.32734109199576,-0.78169666822121,9.72790166461112,1.34861777441972,-35.626644651146,9.55511205645767,2.71743700663325
84.38,0.0403564816867066,8.47977947282931,-1.1483305992082,20.5449740981694,1.87758833478338,10.2996987132002,2.79236533420672,5.21483234616714,-0.598204500007799,-8.37365931644524,34.0342347616845,106.101221044681,-3.98438888163228,2.93246379635721,-0.200789422503963,-33.6985798259682,-9.64620248054477,81.7633551998769,-0.684392590326055,3.85325625762985,1.08697628293519,-34.5012703823847,-12.8785184290799,148.690783143831,1.67074252849023,9.64655896583705,-1.02005340884241,-0.853092331765443,30.6590464299485,-49.170505032997,-0.846344717065392,9.09082178008735,-0.916199951457564,-9.13370469705053,29.2788750157993,7.94673848351532,-0.786805289545052,9.72992116155592,1.37640037944853,-36.7483925381508,8.98077798477576,3.28066311809169
84.385,0.0748723991082331,8.63414592388989,-1.17126534626156,19.5852100023283,2.21029235563667,9.88547559175101,2.83307105793334,5.11500836305831,-0.578265409549905,-8.78036509471992,34.2071992456183,103.129648874757,-4.05359916108301,2.87393610906871,-0.190265854614399,-33.8379210037306,-10.1203855340435,85.9093558900078,-0.863106667637334,3.8538563298097,1.03185729875134,-36.8239892133232,-15.2151956640346,150.838936945275,1.57853501715086,9.73079359267977,-0.956048207125883,-0.811473924319038,31.0727401844957,-47.4285326235315,-0.904599575347994,9.17052639839068,-0.88686649303639,-9.06178926032651,29.7326699208244,6.63649979514467,-0.791045954363392,9.72998654609428,1.40104447282883,-37.757867264387,8.42952941007639,3.7197294896556
84.39,0.111112098397464,8.78719291260485,-1.19568079806567,18.6335542279725,2.49343497543378,9.40391328440919,2.87905520988839,5.01261515197754,-0.556232379185847,-9.15871432086977,34.3805579683938,99.9920356202656,-4.12664986233602,2.82390633088043,-0.18291652977808,-33.9837684112282,-10.545652992109,89.9282465022541,-1.0532105871538,3.86323291884051,0.969809427917609,-38.9463866883076,-17.3815880987031,152.874011731992,1.49029485012683,9.81449589986056,-0.895328046512551,-0.779273294888616,31.3873820261317,-45.7565024475098,-0.961143918528657,9.25174284456946,-0.859380637526534,-8.97667205731358,30.0860465618374,5.39483285157549,-0.794317624232824,9.72807302977714,1.42303710369527,-38.6497296992146,7.9104705773625,4.02454898914013
84.395,0.149100369513452,8.93744663458138,-1.2216434995677,17.6973654207088,2.72615279250123,8.85891638647048,2.93040289057844,4.90756981783383,-0.530618100464084,-9.50974715455567,34.5485843572765,96.6902963110937,-4.2038002987302,2.7826611937558,-0.179142315901549,-34.1312805938184,-10.9224451068732,93.8085485115746,-1.25547521527208,3.87880701902232,0.901543412221864,-40.8614844336781,-19.3746254518313,154.778862085525,1.4069419360549,9.89677051630002,-0.837864115423235,-0.75737948302264,31.6018993012941,-44.1516082457262,-1.01505334619466,9.33327033116537,-0.833616148115556,-8.88019977709009,30.3376549293119,4.21904176637636,-0.796555980337987,9.72420389086342,1.44294653258591,-39.4195906544297,7.43122979574211,4.18750065568028
84.4,0.188867347333059,9.08344583365371,-1.24916491775009,16.7837098390867,2.9077412711274,8.25501861098673,2.98708694422208,4.79982660757221,-0.499978095772847,-9.8353098083457,34.7038374729715,93.2276216395769,-4.28537222236836,2.75030919503744,-0.179227691876938,-34.2737153976633,-11.2519645749216,97.5378474729295,-1.47076284857642,3.89790360918441,0.827852640502418,-42.567191557814,-21.1966707723562,156.530263789863,1.32927325372088,9.97669353735694,-0.783558412298925,-0.746827428751159,31.7152012697383,-42.6105185815931,-1.06554383803295,9.41390611828463,-0.809407927703265,-8.77423259477245,30.486126161913,3.10564166687385,-0.797736177922027,9.71844758426809,1.46139435715706,-40.0640295907103,6.9978240504497,4.20359697860833
84.405,0.230442824553174,9.22376089030731,-1.27820177476009,15.8991885394652,3.03762378274526,7.59731227449911,3.04896374841665,4.68938187582626,-0.462966550305597,-10.1379682365226,34.8373350954489,89.608468761951,-4.37174524454555,2.7267634571352,-0.183326057961507,-34.4026077599509,-11.5361445038697,101.102747775936,-1.70001762925531,3.91782964462408,0.749602541039232,-44.0658953230088,-22.8551092631216,158.099162103205,1.25794941235417,10.05332851967,-0.732253083679761,-0.748751885050719,31.7262202601201,-41.1295319362758,-1.11198098059087,9.49246977922835,-0.786559834111239,-8.66062260569552,30.5301202005853,2.05048338313573,-0.797874727858625,9.71091246088271,1.47902771985174,-40.5805801109831,6.61457566218252,4.0705865238732
84.41,0.273850316283716,9.35701354381242,-1.30865810699448,15.0497682433872,3.11532462999586,6.8913759334331,3.11577185118555,4.57627858071037,-0.418389460680282,-10.4208999601515,34.93878506483,85.8385335408634,-4.46334962193835,2.71172967411439,-0.191449076237108,-34.5080135981752,-11.7776126251603,104.48884296291,-1.94425030666519,3.9359538091001,0.66772002982883,-45.3639306661927,-24.3617733036289,159.451137846908,1.19348344470517,10.1257432456025,-0.68374178364685,-0.764338540494205,31.6339688185623,-39.7047333905456,-1.15388656778129,9.56782597215551,-0.764853156231544,-8.54119093823438,30.4683893870498,1.04888562958438,-0.797030214604831,9.70173963925659,1.49649242660892,-40.9676876547254,6.28408202977238,3.78898971424755
84.415,0.319101128879946,9.48189687271489,-1.34038892650903,14.2406207453447,3.14044643101797,6.14320021656538,3.18713365216455,4.46061019327113,-0.365253206315812,-10.6877679939573,34.996868358904,81.9247040009499,-4.56065626684069,2.70470012550605,-0.203460456818568,-34.5788123163047,-11.9796516556821,107.680706177323,-2.2045177427797,3.94978652620592,0.583182926879433,-46.4709503468924,-25.7322255029266,160.547092354302,1.13623214260369,10.1930268577098,-0.637782768951137,-0.794773809757805,31.4376121364358,-38.3321493320701,-1.19094236500646,9.63890538936713,-0.744055697819381,-8.41770439010418,30.2998570902678,0.0957721543153388,-0.795302657726625,9.69109463924515,1.51440769582606,-41.2246465433193,6.007237634575,3.36206759332409
84.42,0.366188656114264,9.59719511014355,-1.37320530834427,13.475975584175,3.11265205911941,5.35911178715756,3.26256026882759,4.34252396731911,-0.30280682106671,-10.9425813933928,34.999565642917,77.8749953837945,-4.66416393588574,2.70495466611034,-0.21907449735849,-34.6030584254803,-12.1461549896878,110.661905312351,-2.48189778085217,3.95705853374262,0.497009116919834,-47.3992200623483,-26.9849250523862,161.344145545192,1.08639023095807,10.2543069665637,-0.594113303857482,-0.841194691666133,31.1365543797318,-37.0078966703566,-1.222990850417,9.70472359912836,-0.723931334275122,-8.29185239043959,30.0237098079801,-0.814188727544209,-0.792831416220608,9.67915841916395,1.53334313538605,-41.3515245096878,5.7833057768687,2.79572543210522
84.425,0.415083097409661,9.7018028437219,-1.40688066824823,12.7589903877886,3.03165119125167,4.54569535199874,3.34145966149563,4.22222357928097,-0.23057647286028,-11.1895472986756,34.9345175496052,73.6984678598354,-4.77438365195766,2.71156946431949,-0.237859565191422,-34.56837106989,-12.2815762601209,113.415047261005,-2.77746014798774,3.9557961178022,0.410245121320193,-48.1628645135946,-28.1403051583359,161.796733867678,1.04398763816787,10.3087663454817,-0.552464838113234,-0.904640016145603,30.7305368343124,-35.7283231661786,-1.25003279737746,9.76439754370524,-0.704249826392643,-8.16522502579016,29.6395005107045,-1.68644482624904,-0.789791618026891,9.66611846337302,1.55379841951074,-41.3490830397028,5.61003605739579,2.09835502442187
84.43,0.465726763861139,9.79474313526631,-1.44115794871598,12.0916428092851,2.89719145642575,3.70971370237204,3.42314801339569,4.09997120236654,-0.148390946701671,-11.432919512602,34.7894077880735,69.4051286472488,-4.8918205170849,2.72343405983939,-0.259246584083839,-34.4623489077307,-12.3908708209907,115.921855318049,-3.09223395801865,3.94439093056624,0.323953662892323,-48.7770909677895,-29.2197909858691,161.857886949309,1.00889007436609,10.3556588445927,-0.512578333151886,-0.986004308921554,30.2197450652388,-34.4901357043824,-1.27222162805096,9.817159508098,-0.684796595989607,-8.03929279309441,29.1472603080616,-2.52642358524535,-0.786389175231773,9.6521605501999,1.57618601226271,-41.2187012171651,5.48382246327988,1.2806214276615
84.435,0.518030106845077,9.87518408963068,-1.47575740313597,11.4746473223962,2.70905421850912,2.85802592071134,3.50686427846436,3.97608911974209,-0.0563972563164012,-11.6768486269894,34.5523573755783,65.0058209642589,-5.01695317863789,2.73927704937516,-0.282542447418362,-34.2729968619758,-12.4794269490383,118.163283236879,-3.42717215662987,3.92166222243062,0.239199766622536,-49.2574162089812,-30.2447884218995,161.48065394129,0.980803080043412,10.3943241840882,-0.47421904834592,-1.08599541151317,29.604921558948,-33.2905136488986,-1.28985454233445,9.86236842375918,-0.665382096157379,-7.9153886650521,28.547614814618,-3.33940093805957,-0.78285451911082,9.63746178671054,1.60081717767287,-40.9623092807426,5.39989607573164,0.35520169603741
84.44,0.571868574006061,9.94245341326878,-1.51038465251002,10.9073993812641,2.46705517698159,1.9975041087527,3.59178772367544,3.85096100276176,0.0449341435069062,-11.9252385328107,34.2123178528684,60.5121028570342,-5.15021131479537,2.7577003922465,-0.306948129027072,-33.989150746818,-12.5529846081009,120.119668694282,-3.78311295727541,3.88690935527616,0.157034986919709,-49.6189209117606,-31.2356742043094,160.619643182942,0.959279648218903,10.424201319002,-0.437190087025245,-1.20509691438186,28.8874796028542,-32.1272048007422,-1.30336050751371,9.89951841881505,-0.645850359361427,-7.79469298369808,27.8419009011241,-4.13037796801645,-0.779435250664549,9.62218541087243,1.62789144806913,-40.5823358909663,5.35254586122757,-0.663515239963331
84.445,0.627080370657081,9.99605054448588,-1.54473868283197,10.3879486424424,2.17105018065231,1.1349492667442,3.67705820834652,3.72503297812108,0.154814731027329,-12.1816138307012,33.7594512767253,55.936119447055,-5.29195160632374,2.77722196656313,-0.331581105642487,-33.6008856959651,-12.6175399961015,121.770927967218,-4.160738022803,3.83995266219282,0.0784795396826123,-49.8755526515681,-32.2108177837826,159.23263245857,0.943731436107039,10.44484010653,-0.401344073660662,-1.34353638323405,28.0696135714869,-30.9986019235621,-1.31328528556183,9.92824457571838,-0.626086305468455,-7.67822164509591,27.0322789506221,-4.90396771277278,-0.776387949074866,9.60647771625363,1.65748970159785,-40.0816705412717,5.3353606674739,-1.75975709002207
84.45,0.683465177990497,10.0356560144064,-1.5785194569806,9.91300216473422,1.82094682630246,0.277007242752399,3.76179886185949,3.59881457926425,0.272153745235646,-12.4490022086595,33.1854850667024,51.2904724742683,-5.44243275655599,2.79632561643489,-0.35550154143747,-33.099894662659,-12.6792347943866,123.096792490595,-4.56052693410235,3.78116107552293,0.00450247595634579,-50.0394954575524,-33.1856649579669,157.282202215566,0.933443457339933,10.4559110574186,-0.366592489055404,-1.50126025176099,27.1544004994434,-29.9037982985116,-1.3202737750193,9.94832591408754,-0.606021460397943,-7.56681799893633,26.1218354685115,-5.66429428873353,-0.773969414757758,9.590467240855,1.68957101936188,-39.4636402406485,5.34148529850044,-2.91671385395017
84.455,0.740783849373735,10.0611378029107,-1.61143483778698,9.47795779198118,1.41672243514106,-0.569914060159665,3.84514074030859,3.47287962495011,0.395584034906751,-12.7298352729018,32.4840304029867,46.5880911357841,-5.60179020470468,2.8135175291971,-0.377741512796468,-32.4798240256009,-12.7442300176225,124.077086663646,-4.98270743177941,3.71146542003981,-0.0639994781380585,-50.1206205889776,-34.1719130516569,154.737340964553,0.927591991661647,10.4572130183196,-0.332912393715779,-1.67791608078369,26.1458879657343,-28.8426213013948,-1.32505004317987,9.95968568215628,-0.585637866071282,-7.46114884139588,25.114671062982,-6.41490626044987,-0.772427645990509,9.57426610275318,1.72397351882297,-38.7319981918451,5.36388325078381,-4.1168892599391
84.46,0.798759074531135,10.0725545726961,-1.64320656308239,9.07696730193337,0.95844878451454,-1.39972481388955,3.92624895724989,3.34786700113849,0.52349720659105,-13.0258706165572,31.650853820754,41.8421081176694,-5.77001124713828,2.82738738854549,-0.397336373309841,-31.7365545207773,-12.8185655553547,124.692044834111,-5.42720108833758,3.63235680839957,-0.126223293488751,-50.126030485726,-35.1768071832846,151.574970811193,0.925265294560701,10.448678710721,-0.300350460916748,-1.87284262377062,25.0491639084554,-27.8156435321758,-1.32839551126047,9.96238911281878,-0.564970122908651,-7.36170479830155,24.0159694379647,-7.15870583652354,-0.771992864449532,9.55797312786129,1.76041934100465,-37.8909220396143,5.39559827635702,-5.34244739881685
84.465,0.857076973210925,10.0701557806741,-1.67357507682806,8.70302835895543,0.446323538444121,-2.20672918505563,4.00434969069236,3.2244812574525,0.654087065957605,-13.3381371228526,30.6840929139205,37.065744398148,-5.94691133317965,2.83667238914059,-0.413357181624421,-30.8684173218891,-12.9080078342135,124.922663857107,-5.89356449708921,3.54587013073751,-0.181479753528026,-50.0597056580576,-36.2025865818381,147.781341628028,0.925486572670643,10.4303781388575,-0.269024351465373,-2.08506780918117,23.8704048834692,-26.8241715371049,-1.33112581846608,9.9566388733516,-0.544105649789749,-7.26880525262488,22.8320439744716,-7.89789506292962,-0.772868918236403,9.54167826967507,1.7985238620704,-36.9450201724175,5.43000644914439,-6.57554545223937
84.47,0.91538955705069,10.054378767112,-1.70230309298782,8.34810380993994,-0.119292224583132,-2.98569544537005,4.07875737147721,3.1034928812586,0.785400073766409,-13.6669046785812,29.5844086253578,32.2722058993177,-6.13211233397948,2.84032189572671,-0.42494295518102,-29.8763370890802,-13.0178894394496,124.751086065112,-6.38092674092258,3.45455315339817,-0.229210751778261,-49.9222623609607,-37.2461083567902,143.353244595209,0.927238629916261,10.4025199646116,-0.239121467109549,-2.31331440096828,22.6169002038364,-25.8702126136526,-1.33406692926062,9.94276850327614,-0.523183333517612,-7.18260775288942,21.5703594407881,-8.63393976582211,-0.775225403784466,9.52546779669321,1.8378089981421,-35.8993458478636,5.46105001558345,-7.79864535641271
84.475,0.973317980515998,10.025843003529,-1.72917784183232,8.00326637716264,-0.737831510532279,-3.73191872246833,4.1489012680757,2.98573808783703,0.915391284263587,-14.0116786724327,28.3550684213871,27.4745944312357,-6.32502359631087,2.83756031184425,-0.43133140218278,-28.7638961506467,-13.1529459248731,124.161005971454,-6.88792478608151,3.36142220743973,-0.269002370861229,-49.7108268865086,-38.2986729145187,138.298999499905,0.929489573003125,10.365451018576,-0.210895053310007,-2.55601278814573,21.2970500971329,-24.9564205592264,-1.33803106883093,9.92123418439378,-0.502390766266195,-7.10312155597788,20.2395271094719,-9.36755162784376,-0.779190854982326,9.50942979352514,1.87772021067136,-34.7594198020938,5.48344422041299,-8.99479931085837
84.48,1.03045648862745,9.98534173839652,-1.75401201203192,7.65886630559133,-1.40847545843309,-4.44127499138759,4.21435061325644,2.87211796291874,1.04198401832101,-14.3712189027144,27.0019566705275,22.6858346649379,-6.52482659020328,2.82794560853557,-0.43188674738755,-27.5373166059248,-13.3171562923247,123.138092635184,-7.41263945258192,3.26990584345321,-0.300592680306645,-49.4190300128349,-39.3460699285034,132.639175093583,0.931218964696206,10.3196541552261,-0.18465755713312,-2.8113201209438,19.9203364022155,-24.0860215239835,-1.34379308269384,9.89260521180339,-0.481960253200819,-7.03022463825351,18.8492719704648,-10.098688486987,-0.784847332032349,9.49365962462043,1.91764655683079,-33.5312620254252,5.49284868497969,-10.14790598538
84.485,1.08637696626222,9.93383132351528,-1.77664344931118,7.3047190260586,-2.1301056920266,-5.11026515179135,4.27483738673569,2.76359680511871,1.1631313563955,-14.7435818307089,25.5335107060342,17.9186181385298,-6.73046394405111,2.81142096202866,-0.42612332160528,-26.2053599501652,-13.5135946000904,121.670418401716,-7.95253563582145,3.18377814979809,-0.323873601049862,-49.0371226139024,-40.3688563342289,126.407007846129,0.931443803855253,10.265744651634,-0.160771158708237,-3.0771448680176,18.4972644895201,-23.262721391541,-1.35206782554228,9.85755352731467,-0.462163743345692,-6.96368319935521,17.4103709050269,-10.8265727036076,-0.792226695641151,9.47826509176876,1.95694291221832,-32.2214325106755,5.48599587351586,-11.2429359690247
84.49,1.14063400851438,9.87241854414983,-1.79693370936218,6.930309465547,-2.90125679115957,-5.73604837072544,4.33027588432565,2.66119952797343,1.27687742949215,-15.1261844935008,23.9605832803083,13.1853645645816,-6.94063363053858,2.78835706009004,-0.413723733723199,-24.7791467179328,-13.7443007380491,119.748883752829,-8.50441135947266,3.10708366650113,-0.338886595547974,-48.5522108476017,-41.3428685112296,119.64849158302,0.929243684392357,10.2044652922684,-0.139635518691168,-3.35117581469368,17.0392752433285,-22.4905963909609,-1.36348919503395,9.8168426368288,-0.443306815495659,-6.90317243952503,15.9345608356862,-11.5497272028606,-0.801308777234201,9.46337105682913,1.99495334999292,-30.8370793166898,5.46077072538147,-12.26612640012
84.495,1.19277045540291,9.80234630831724,-1.81476559888063,6.52500934674336,-3.72007062505482,-6.31646428924062,4.38077825781662,2.56600798647809,1.38141645372588,-15.5158878419889,22.296234345317,8.49819996925349,-7.15378901236935,2.75958284629663,-0.394550673799757,-23.2719015006151,-14.0101784909278,117.367627295732,-9.06436088873702,3.04405593640202,-0.345812334902193,-47.9486068636594,-42.239960157822,112.422118773264,0.923784449295103,10.1366802002209,-0.121672988133882,-3.63091454685255,15.5586263076565,-21.7739689859448,-1.37859143535482,9.77131617494475,-0.425721838922591,-6.84829726153367,14.4344162091226,-12.2660285225459,-0.812021563692181,9.44912331485965,2.03103460071649,-29.38599066056,5.4162375987573,-13.2051458077961
84.5,1.24232334434135,9.72497805629423,-1.8300398858811,6.07830364680757,-4.58425410735245,-6.85004416437536,4.42666528058559,2.47915609132872,1.47514750199546,-15.9090968080226,20.5554572480388,3.86895047219231,-7.36814536443236,2.72640276845783,-0.368651689587981,-21.6986313919719,-14.3109285447965,114.524409527031,-9.6277573973076,2.99903165987397,-0.344954885906679,-47.208288593578,-43.0289459743271,104.798263600045,0.914339628581041,10.0633674082861,-0.107311735058877,-3.91371055559704,14.0682424770479,-21.1172715085012,-1.39779333485166,9.72188632900785,-0.409760414155923,-6.79861155329789,12.9231958115235,-12.9727758607456,-0.824243422083209,9.43569152846955,2.06457852397831,-27.8766462468859,5.35261315925133,-14.0492309695228
84.505,1.28883021660593,9.64178122073103,-1.84267142218796,5.58002219277965,-5.49104166824379,-7.33601148382073,4.46847167505173,2.40182356881894,1.55672313635959,-16.3018740404763,18.7548464492094,-0.690850138760789,-7.58169335111222,2.69059897407878,-0.33625662422083,-20.0757483319829,-14.6450230632441,111.220958946662,-10.1892604561346,2.97636213048952,-0.336721355959475,-46.311459719335,-43.6767197949175,96.8582071765041,0.900308949921889,9.98561013496982,-0.0969673911671851,-4.19679823865474,12.5815360693,-20.5249004795337,-1.42138591742801,9.66952230052496,-0.395785173046338,-6.75363483667616,11.4146598240765,-13.6667747334162,-0.83780730352639,9.42327108202701,2.09503258491399,-26.318261731751,5.27118662086772,-14.789298030861
84.51,1.33183568493627,9.55431002101383,-1.85258497569904,5.0205720639909,-6.43716343521814,-7.77427298022183,4.50694545128722,2.33522821433585,1.62509023086852,-16.6900639865398,16.9122156966015,-5.16994143411867,-7.79221976384875,2.65441734795688,-0.297767785107944,-18.4206478397537,-15.0097268943915,107.463269386719,-10.7428528367575,2.98032317350526,-0.321598265354979,-45.2371982273992,-44.149505015854,88.6928160464226,0.881233248212438,9.9045867273089,-0.0910239037736669,-4.47733524823124,11.1121992318431,-20.0010650395829,-1.44952416489818,9.61523894906217,-0.384160982799861,-6.71286529624658,9.9228590884917,-14.3444334431046,-0.85250678439167,9.41208374849359,2.12191746634493,-24.7208191342425,5.1741916233306,-15.4180302712235
84.515,1.37089815800886,9.46418784745218,-1.85971109055954,4.39116615277754,-7.41881985614282,-8.16540124383054,4.54304087961245,2.28061646839852,1.67952158900946,-17.0694238222682,15.0461771572297,-9.55730883732587,-7.99733563232416,2.62053680684688,-0.253743315744902,-16.7512581538814,-15.4011684283207,103.26183807649,-11.2819097946122,3.01502429457397,-0.300126091382975,-43.9641791577878,-44.414186035091,80.4008961316828,0.856805177131442,9.82155922485716,-0.089814323932481,-4.75244182497293,9.67397131096776,-19.549633354245,-1.48222320251105,9.56008570921818,-0.375245570283272,-6.67578850959744,8.46189967669164,-15.0018701490295,-0.868103729727746,9.40237703829092,2.14484117790957,-23.0950753703848,5.06463675500143,-15.9299448426521
84.52,1.4055966355705,9.37308949239112,-1.86398227055746,3.68404315480678,-8.43166339291902,-8.51061027586176,4.57790495157824,2.23925211840528,1.71963728452194,-17.4357576342728,13.1756932925735,-13.842150921101,-8.19451162567333,2.59202183547565,-0.204874643131972,-15.0855747609971,-15.8144606973945,98.6318349906495,-11.7993021891715,3.08431728972984,-0.272873433149421,-42.4714545812081,-44.4396629992461,72.0872552943141,0.826875238947609,9.73786047596181,-0.0936022957976099,-5.01924094524006,8.28038560761895,-19.1739812275885,-1.51935923726667,9.50513578969255,-0.369379574151834,-6.64188157541371,7.04568700207422,-15.6350279334504,-0.88433729963017,9.39442201547391,2.16350933368101,-21.4525412748345,4.94610402098855,-16.321440717263
84.525,1.43553751771262,9.28272348791432,-1.86532972861724,2.89267459191385,-9.47078801510617,-8.8117253471774,4.61285742880156,2.21240291310574,1.74541501001986,-17.7850501980258,11.3196142157711,-18.013845350877,-8.38112045818477,2.5722588407651,-0.151959240634213,-13.4411956499022,-16.2438706215532,93.5931953993933,-12.2875326469234,3.19170426453706,-0.240412161866939,-40.7392717345557,-44.1981692627625,63.8605183853628,0.791452794732515,9.6548797171817,-0.10256502602497,-5.27489927351891,6.944501027571,-18.876847429736,-1.56067537259275,9.45147557852125,-0.366876040156337,-6.61061276280077,5.68765484718991,-16.239794898663,-0.900933968026614,9.38850927773628,2.17773160181245,-19.8054247526599,4.8225262088086,-16.5908300695008
84.53,1.46036138155615,9.19481477098864,-1.86368088995814,2.01195512006132,-10.5307274728653,-9.07114844112354,4.64936478221345,2.20132489421445,1.75718908749288,-18.1135966782607,9.49621387617353,-22.061917826552,-8.55448579654412,2.56487749218983,-0.0958702429100156,-11.8348723727245,-16.6830315083768,88.1706292025303,-12.7389016587378,3.340244933056,-0.203294869780799,-38.7499085478456,-43.6664919035183,55.8307486924168,0.750701892274102,9.57404654158196,-0.116778479274157,-5.5166690333139,5.67862525462481,-18.6602004004508,-1.60579224699448,9.40019412321342,-0.368009391578613,-6.5814372592878,4.40048576481589,-16.8121260286438,-0.917618187302676,9.38494278160916,2.18742460060924,-18.1665339376129,4.69795508435185,-16.7383553848769
84.535,1.47974964994417,9.11108779762607,-1.85895780273642,1.0383730219546,-11.6054635770032,-9.29182038410769,4.68900846218764,2.20724431500911,1.7556381635746,-18.4181246072408,7.72273865363299,-25.9760187327634,-8.71193692442331,2.57365878822888,-0.037524641518643,-10.282091150732,-17.1251912200719,82.3935425120085,-13.1456982221312,3.53246326127723,-0.162035959243564,-36.4885041585949,-42.8270401844442,48.1069386394964,0.704931947612668,9.49681324720568,-0.136205451714162,-5.74193097276154,4.49403704116746,-18.5251210022339,-1.65422326275594,9.35237254452992,-0.373003925869611,-6.55379003955846,3.19583024822684,-17.3481633412854,-0.934123307507537,9.38403129051876,2.19261168237672,-16.5491389262253,4.57633276827568,-16.7661946095792
84.54,1.4934310179497,9.03325009321562,-1.85107660059679,-0.0298418776891275,-12.6884458203195,-9.47718052495281,4.73344804034049,2.23133712417136,1.74176197627543,-18.6959046102585,6.01498179100324,-29.7459122785163,-8.85086815817555,2.60243213102853,0.0221481506717169,-8.79669688450215,-17.5634860312918,76.295868982628,-13.5004075901001,3.77025398662814,-0.117097738188805,-33.9438601389279,-41.6687144858507,40.7944399582816,0.65458352912479,9.42463565962698,-0.160687031760126,-5.94823860082063,3.40071590901756,-18.4717058271129,-1.70539398001518,9.30907326640632,-0.382021916853133,-6.52707727447935,2.0840327528621,-17.8443507729782,-0.950202341207558,9.38607740458674,2.19342011411453,-14.966793233117,4.46127862682067,-16.6784565024739
84.545,1.50118744470848,8.96297610846395,-1.83994816220316,-1.19259565575614,-13.7726236021567,-9.63112453363822,4.78437988143712,2.27470612352911,1.71684793361898,-18.9448465762074,4.38689652627902,-33.3614826405849,-8.9688022182829,2.65496138648753,0.0822356540550839,-7.3905710920449,-17.9912283217862,69.9158105351125,-13.7959280840956,4.05478758276801,-0.0688830065012533,-31.1091861423949,-40.1875384090943,33.9924088134873,0.600209708228766,9.35895263005658,-0.189937801328241,-6.13336381090467,2.40708789331209,-18.4989951730324,-1.7586650487427,9.2713289772883,-0.39515145491496,-6.50066801828831,1.07387299547327,-18.2975402967926,-0.96563814958448,9.39136433603284,2.19007616391136,-13.4331182205087,4.35590360657068,-16.4811679678569
84.55,1.50285949021866,8.90189118973292,-1.82548009444174,-2.4478360140604,-14.8504921392854,-9.75796056283034,4.84349217318737,2.33835603933658,1.6824285840124,-19.1635783215442,2.85025979268262,-36.812761088563,-9.06346067147812,2.73479847114064,0.141868075402464,-6.07337260027603,-18.4021950237474,63.2954893410362,-14.0257961475921,4.38639245016956,-0.0177371462669504,-27.9827620330333,-38.3870289539738,27.7913439671155,0.542453644723231,9.30116449295355,-0.223544986705291,-6.29534390164715,1.51979590069051,-18.6049291794211,-1.81335784136321,9.24013126171507,-0.412394245132471,-6.47388812756716,0.172330915859984,-18.7050859780985,-0.980252608781918,9.40014077037275,2.18289856532673,-11.9615553511937,4.26266310328177,-16.1822545763443
84.555,1.49835079188778,8.85155547462095,-1.80758010089553,-3.79148911564704,-15.9141529712527,-9.86236365549692,4.91241735127986,2.42316686775962,1.64023137457796,-19.3515042411554,1.41439694100365,-40.0899773825018,-9.13282564630082,2.84519176857462,0.200239177251683,-4.85234736551771,-18.7909032502899,56.4805152123772,-14.1843791576086,4.76449628158305,0.0360470672021522,-24.5684879949857,-36.2782932951884,22.2707955186311,0.482023258562603,9.25261081689666,-0.260971634385163,-6.43252985389155,0.743502785582584,-18.7863347595031,-1.86878174879751,9.21641885884878,-0.433653707441251,-6.44601845305532,-0.615616742809041,-19.0649229991502,-0.993914306540831,9.41260429032682,2.17229075656036,-10.5650923333347,4.18325809800211,-15.7915148202667
84.56,1.48763152357254,8.81344756251145,-1.78616068802135,-5.21742983856746,-16.9553898545015,-9.94932789940786,4.99268315434506,2.52986596984681,1.59212237502811,-19.5088419271748,0.0859761293876383,-43.1836379824386,-9.17518642069056,2.98905872174384,0.256621452500414,-3.73221121236737,-19.1528597731296,49.5194748002894,-14.2670218749237,5.1876353692645,0.0922231234324347,-20.876295174928,-33.8798548840174,17.4973178403839,0.419663996082917,9.21454781613868,-0.301563753084958,-6.54363551884979,0.0807343906041539,-19.0389449308692,-1.92426193717759,9.20106553762918,-0.458723877697178,-6.41629926648092,-1.28716107640583,-19.3756291147351,-1.00654433230138,9.42888396037783,2.1587321627144,-9.25597020052609,4.11859236979681,-15.3205879981022
84.565,1.47074073611873,8.78894785252655,-1.76114503485543,-6.71748683957574,-17.9657607412802,-10.0241154581915,5.08566367069318,2.6589995086132,1.54004587392596,-19.6366352248013,-1.13112113133207,-46.0846327932554,-9.18920402922457,3.16883355602612,0.310375092545615,-2.71510667206076,-19.4847719595484,42.4633511690366,-14.2702092449584,5.65335459580224,0.150567069668481,-16.9223922436864,-31.2172252939929,13.5227332183459,0.356130816960162,9.18812582991571,-0.344561233907375,-6.62778710056304,-0.468231408279336,-19.3574509833844,-1.97916625123964,9.19486764426373,-0.487279775236599,-6.38394260486535,-1.84178084464068,-19.6364665138551,-1.0181197621101,9.44902279921951,2.14276860553405,-8.04537914299853,4.0687911405657,-14.7829150390935
84.57,1.4477875224894,8.77932147153612,-1.73247374382205,-8.2814827928348,-18.9367063294501,-10.0922013083688,5.1925317687389,2.81090394794265,1.48596191507529,-19.736742677895,-2.23584923233588,-48.7843712179,-9.17398092904143,3.38628273455788,0.360950650440657,-1.80063257792801,-19.7847093747191,35.3648842777383,-14.1917099060617,6.15808764712544,0.210845372010778,-12.7293277078369,-28.3222502613405,10.3827629230297,0.292160597936816,9.17436733230544,-0.389112253241508,-6.68457197153078,-0.905425078477594,-19.7355866955328,-2.03292990402121,9.19853147886876,-0.518870055921169,-6.34815372291442,-2.28131279094405,-19.847402635332,-1.02867449633379,9.47296100712577,2.12500170411204,-6.94315143639953,4.03328365896164,-14.1936910727325
84.575,1.41895097449911,8.7857007424507,-1.70011211860418,-9.89730932024532,-19.8596752141419,-10.1592123564711,5.3142142445785,2.98567846777803,1.43178392850889,-19.8118008278083,-3.22996613122866,-51.2749471302934,-9.12910469262659,3.64243839778538,0.407885767065669,-0.985942733744427,-20.0522074494565,28.2778845967012,-14.0306411079731,6.69716152122251,0.272789410482496,-8.32585356165852,-25.2322677731522,8.09607063745983,0.228446164923776,9.174146003247,-0.434290774541667,-6.71408546143114,-1.23519228141655,-20.1662425689655,-2.08507660902842,9.21266077786721,-0.552912876278785,-6.30816216291686,-2.60996925959206,-20.009109092518,-1.03829717216357,9.50052093705573,2.1060769274495,-5.95746006055746,4.01094915884991,-13.569808103093
84.58,1.38447890837055,8.80906718880201,-1.66405757463162,-11.55103563969,-20.7262648964574,-10.23085967597,5.45135090143583,3.1831592776847,1.37931861928954,-19.8651624077657,-4.11792080470907,-53.5493309749557,-9.05467872236351,3.93755724695394,0.450796704613458,-0.265907898307807,-20.2883073200822,21.2565134549502,-13.7874872088954,7.26484064242676,0.336070574228133,-3.74658267605994,-21.9891222133733,6.66375004520941,0.165613131856359,9.188167459781,-0.479116670720877,-6.71697384444946,-1.46414596572243,-20.6416068324051,-2.13523488008799,9.23774469414187,-0.588695920000463,-6.26326212719258,-2.83430148223272,-20.1229384821605,-1.04712594018503,9.53139486296969,2.08666984047277,-5.09453158127426,4.00032245134185,-12.9297857703748
84.585,1.34468534461074,8.85023314889762,-1.62434676206188,-13.2270498696018,-21.5283768085958,-10.3128629535509,5.60425862354857,3.40289691011448,1.330210214955,-19.900810146976,-4.90666463710037,-55.6015855768698,-8.95134551352129,4.27107214936006,0.48936590574145,0.366666400581224,-20.4955290349974,14.3545447282378,-13.4640864902405,7.85438245623261,0.400275228845209,0.968560062299744,-18.6380812649929,6.0692746009983,0.104200650941791,9.21695230427382,-0.522577858997504,-6.69447136764748,-1.60106427278394,-21.1533287924887,-2.18314834002053,9.27414676005353,-0.625381456145301,-6.21286092255838,-2.96310856278324,-20.1908794730581,-1.05533996796654,9.56513658209539,2.06747009706256,-4.35838166305678,3.99985216435954,-12.2936879126572
84.59,1.29994674081086,8.9098231825199,-1.58106196552976,-14.9082321919824,-22.2583821686299,-10.4108668928974,5.7729013464123,3.64413762031468,1.28589104466929,-19.9232476672132,-5.60539352966064,-57.4271004748613,-8.82029632310807,4.64156426703005,0.523327128420879,0.920775039256728,-20.6777786212638,7.62462310672874,-13.0635803638408,8.45813282418262,0.46488427247808,5.77508466095716,-15.2267016264732,6.27891364013601,0.044647061671636,9.26082218081612,-0.563653687814135,-6.64842886222998,-1.6567367145262,-21.6926990043162,-2.22867905071981,9.32209537538337,-0.662017092692929,-6.15653330412935,-3.00729395250096,-20.2154911854262,-1.06314761748267,9.60115778549531,2.04916290196641,-3.75058128582741,4.00820135028655,-11.6830225221955
84.595,1.25069699523517,8.98825558537493,-1.53433635596093,-16.5761595533644,-22.9092940198326,-10.5303502456657,5.95686668381241,3.90580998802286,1.24754022137046,-19.9373698057037,-6.22522988337446,-59.0228377959304,-8.66326589677056,5.04675737511269,0.552449942226815,1.40691116599311,-20.8401928222227,1.11753440943523,-12.590329993292,9.06766362638723,0.529259603322596,10.6248642819414,-11.8036860883953,7.24260539083186,-0.0127187507741679,9.31988952520783,-0.601338701072467,-6.58133131332007,-1.64376299277468,-22.2508397425508,-2.27180312792596,9.38167637216031,-0.697552568823559,-6.09407866688922,-2.97967302418631,-20.1998184729673,-1.07077135012249,9.63872996144401,2.03240797131566,-3.27006141371508,4.0245769501142,-11.1206227150206
84.6,1.19742126083888,9.08572446513044,-1.48435772896552,-18.2113420567886,-23.4749394428462,-10.676529194716,6.15534986840885,4.18651769392857,1.21605191464055,-19.9483156050442,-6.77885557282316,-60.3875810341426,-8.4825114676207,5.48353478440797,0.576525502868873,1.83673690540042,-20.9889284601579,-5.11849677469587,-12.0498067127062,9.67395202439637,0.592639454842525,15.4672196501968,-8.41776882840642,8.89526427436084,-0.0676797328450139,9.39405163190137,-0.634665894262213,-6.49630178284378,-1.57631057457174,-22.8188984480816,-2.31259825967411,9.45282816183685,-0.730862520835254,-6.02557733755293,-2.89473706158224,-20.1472902899746,-1.07842956096979,9.67699238466735,2.01781642598602,-2.91296350723691,4.04907168195731,-10.6305064164201
84.605,1.1406486272567,9.20218296009559,-1.4313704812929,-19.7934914175923,-23.9501248938258,-10.8542578157761,6.36714559848196,4.48453923744356,1.1920143319377,-19.9613081297968,-7.28010847233381,-61.5221767744257,-8.28077580108825,5.94797854984503,0.595355498574876,2.22273702239038,-21.1309061589608,-11.0384674472971,-11.4484631543216,10.2675979870372,0.654144053520137,20.2501263029095,-5.11665873451984,11.1584871708466,-0.120126558276224,9.48298953724663,-0.66272869894456,-6.39708932438102,-1.4698384635015,-23.3882362972883,-2.35122321515843,9.53533986507075,-0.760774704955379,-5.9514418333952,-2.76838034007963,-20.0616038455888,-1.08631575360381,9.71496651573492,2.00592649591023,-2.67254281969044,4.082999659443,-10.2377124755223
84.61,1.08094373839788,9.33732828194434,-1.37567573501009,-21.3018216134707,-24.3307871379383,-11.0679290974155,6.59064834059134,4.79783509748863,1.17570007239584,-19.9814861300196,-7.74355593210841,-62.429758574107,-8.06123469733447,6.43542994992731,0.608745949534293,2.57786523025628,-21.2735204032497,-16.6012009173027,-10.7935918993369,10.839073744454,0.712792357687561,24.9215042064354,-1.94606297338426,13.942611251035,-0.170047217554435,9.5861720430938,-0.684701144262526,-6.28803901035175,-1.34079530426041,-23.9506038742815,-2.38788998386886,9.62885267136645,-0.786102718450614,-5.87245896802669,-2.61759778709312,-19.9465977071643,-1.09457575317386,9.75157690633742,1.99717933074141,-2.53913077362681,4.12920576229577,-9.96811075321852
84.615,1.01889741599203,9.49058932773563,-1.31762968594951,-22.7153810559233,-24.6141224521575,-11.321380363573,6.82386158337396,5.12406255496173,1.16706800226765,-20.0137332812908,-8.1840587941463,-63.1159419869197,-7.82743005096397,6.9405695900514,0.61650712770414,2.91519203951978,-21.4243294579138,-21.7698836549425,-10.0931778219529,11.3789961317406,0.767529771801901,29.4305436718282,1.05119438070216,17.1490648838259,-0.217510874083431,9.70286500111577,-0.699855867950931,-6.17404288908075,-1.20629997419391,-24.4982961650772,-2.42282976778746,9.73286449415003,-0.805681875517074,-5.78981911468867,-2.46016091772144,-19.8061174271401,-1.10328401490914,9.78567847907177,1.99189655395849,-2.50016177759829,4.19232864922976,-9.84818337670922
84.62,0.955116361593575,9.66111763208311,-1.25764039008143,-24.0134142744081,-24.798687671713,-11.6178068620753,7.06441644138321,5.46059813419916,1.16577625675863,-20.06251118931,-8.61633910456333,-63.5889801119354,-7.5831902664536,7.45751494213957,0.618460266517178,3.24756200902268,-21.5907394140227,-26.5125238479132,-9.35574922513208,11.8784105880597,0.817265779547433,33.729018071824,3.83595042152431,20.6729435466454,-0.262646906399314,9.83214576788195,-0.707579814960673,-6.06047155148724,-1.08381227873749,-25.0242797310069,-2.45625459715008,9.84673779850396,-0.818406606814158,-5.70512972923613,-2.3142794528602,-19.6438776684643,-1.11242049036277,9.81608981866235,1.99026142303409,-2.54026856734104,4.27899830673764,-9.9047739526996
84.625,0.890212023008074,9.84778242004512,-1.19616328351418,-25.1757493624278,-24.8844681251707,-11.9596867906693,7.30959985527653,5.80456740893769,1.17120543401155,-20.131702474386,-9.05456369294842,-63.8598700304886,-7.33254048814385,7.97993270847864,0.614451002096157,3.58726709814185,-21.7796965169921,-30.8023232946932,-8.59023152322114,12.3290740760531,0.860919529315233,37.7725330112852,6.37337521571044,24.4057351355746,-0.305620314594059,9.97292253464114,-0.707387549646992,-5.9530869451845,-0.990800511093668,-25.5222859173731,-2.48831679557077,9.96971030229228,-0.823267592492173,-5.62041128094244,-2.1982554496148,-19.46332523289,-1.12184990960661,9.84163187049923,1.99230553141956,-2.64144855621151,4.39795102120586,-10.1648013042919
84.63,0.82478874640056,10.049170479831,-1.13369575420269,-26.1832054622255,-24.8729093251911,-12.348720236713,7.55639242648351,6.15288176559185,1.18249055613907,-20.224470005582,-9.51195436476259,-63.9424019637386,-7.07960567318613,8.50116310379213,0.604368712433193,3.94574164707781,-21.997401000921,-34.6179565339479,-7.80580578701995,12.7237234797438,0.897470675048893,41.5216634429918,8.6335379399023,28.2381140053837,-0.346604829046267,10.123958035442,-0.698932136709387,-5.85793805090003,-0.944411698146972,-25.9868652609738,-2.51906883990395,10.1009080981717,-0.819386826622851,-5.5380749144759,-2.13013611636854,-19.2675078706132,-1.13130564847065,9.86117119226639,1.99790288017601,-2.78330183599873,4.56004745683295,-10.6549344811397
84.635,0.759431394651885,10.2635915042915,-1.07077105236213,-27.0180125514403,-24.7669112103295,-12.7857835634951,7.8015156713998,6.50228161424456,1.19855997295789,-20.3431377404843,-10.0004337300154,-63.8531448181093,-6.82850996431267,9.01435298771877,0.588170196033905,4.33328343188206,-22.2490540010691,-37.9437534651305,-7.01177310305379,13.0563161822134,0.926012323572902,44.9429345709185,10.5918696892588,32.0627206873695,-0.385755130794778,10.2838969436945,-0.682013546560355,-5.78124195503138,-0.961149509636735,-26.4133998246123,-2.54842631561293,10.2393606218883,-0.806048947550804,-5.46088234933528,-2.12737089455113,-19.0589542408692,-1.14038049467247,9.87366665487595,2.00677284153967,-2.94333949842702,4.77818294490354,-11.4012265633126
84.64,0.694692686235636,10.4890894462386,-1.0079517625617,-27.6642339282453,-24.5707855620244,-13.2708998477325,8.04148819649369,6.84938546310693,1.21817911218452,-20.4890976889245,-10.5303138193579,-63.6113638486591,-6.58327606595212,9.51259473542975,0.56590554383118,4.75880432512407,-22.5386468998245,-40.7697840644599,-6.21742456381845,13.3222305539863,0.945802790508654,48.0096088845108,12.2295252874834,35.7768446427043,-0.423179596379918,10.4512960876834,-0.656584543683566,-5.72925364023698,-1.05656414388048,-26.7980719519901,-2.57613664784486,10.3840168087117,-0.782727436271876,-5.39188960748602,-2.20647793090306,-18.8395708267644,-1.14852654394835,9.87821825702368,2.01849303781389,-3.09735897191447,5.06708301001703,-12.4287062030097
84.645,0.631080581542,10.7234602859833,-0.945822986407689,-28.1081802453624,-24.2901788216822,-13.8032251829578,8.27268999796029,7.19074419654678,1.23999685599805,-20.6627463277002,-11.1100327543461,-63.2388683316461,-6.34772836420451,9.98906778167306,0.537743675357287,5.22961337876524,-22.8687998619828,-43.091846058054,-5.43191591259591,13.5184159929894,0.956312977001173,50.7022499214661,13.5336450817106,39.2849307046354,-0.458914930404799,10.6246564645839,-0.622754032684182,-5.70812840976701,-1.24495802779758,-27.1377898373041,-2.60175609266198,10.5337617407817,-0.749104654422453,-5.33437706001827,-2.38272472821558,-18.6105618837613,-1.15506612211971,9.87411652086792,2.03252248736883,-3.21988118304566,5.44298149318819,-13.7609278753668
84.65,0.569046101530666,10.9642764151848,-0.884985312848858,-28.3388028625103,-23.931963848566,-14.3810500694294,8.49143379471216,7.52289979866826,1.26259235226307,-20.863452431113,-11.7459429511376,-62.7597892876974,-6.12540334953468,10.4371798853561,0.503994870590343,5.75123463157154,-23.2406535175541,-44.9113585103894,-4.66414548363968,13.6434848432351,0.957266485095842,53.0090429681744,14.4975156749988,42.5008361052878,-0.492903947844431,10.8024559272519,-0.580787867279253,-5.72378121304411,-1.53911084104295,-27.4300722596834,-2.62463710876741,10.6874330975651,-0.705085130282763,-5.29176893546673,-2.66982749969422,-18.3723785220345,-1.15921504973159,9.86089078547542,2.04823456916551,-3.28464261759223,5.92318332102562,-15.4194843018367
84.655,0.508972000735096,11.2089176038895,-0.826047590353831,-28.3480537658443,-23.5041051739502,-15.0018147117408,8.69404202708168,7.84244763438126,1.2845202472,-21.0895568401021,-12.4421527301317,-62.2002893553669,-5.91947051334689,10.850705312504,0.46512773826092,6.32726160271679,-23.6538149345624,-46.2351661654031,-3.92263412783177,13.6977417675544,0.948670029522078,54.9258634265138,15.1206265670654,45.3497740573334,-0.524977608797407,10.9831813710208,-0.531107161222875,-5.78174722484408,-1.95002715352662,-27.6728967462096,-2.64392770868252,10.8438367800415,-0.650801962163535,-5.26754579356581,-3.07967352119615,-18.1247027139928,-1.16011877708685,9.83835460982693,2.06495849302944,-3.26513381292264,6.52551892865601,-17.4234872870808
84.66,0.451162732732135,11.4546082523045,-0.769619464941845,-28.1311993751367,-23.0155030157632,-15.6621368095885,8.87692790662838,8.14610124002315,1.30435264325786,-21.3384032694579,-13.2004218476992,-61.5882088310777,-5.73266632724022,11.2239173024081,0.421778402055896,6.95925023350266,-24.1063563647112,-47.0752609982796,-3.21540626645681,13.6831496817709,0.930832229760942,56.4560944523391,15.4086183658365,47.7698913806359,-0.554842188233514,11.1653592645431,-0.474284164695122,-5.88704785041111,-2.48670983307966,-27.8645171937945,-2.65858373219267,11.0017611805324,-0.586616650519166,-5.26515352059114,-3.62207056430123,-17.8664713356249,-1.15690097377857,9.80664642962468,2.08202710998839,-3.13517450568774,7.2677024311128,-19.7890260862929
84.665,0.395836141496135,11.6984603555074,-0.71630361577615,-27.6870762061733,-22.4758217188322,-16.3578503197572,9.03667869078602,8.43075839463421,1.32071651847359,-21.6063979526414,-14.0201104167339,-60.9526536413424,-5.56724321929548,11.5517123460271,0.374750224399214,7.64665194916783,-24.5948629078794,-47.4484287738705,-2.5498719915992,13.6032348959255,0.904369444538684,57.6102060896332,15.3731180103925,49.7134410182702,-0.582072192285732,11.3475834489766,-0.411035784152996,-6.04406591596993,-3.15596232620052,-28.0032584986915,-2.6673942332605,11.1599897049138,-0.513113050833022,-5.28791216015277,-4.30452730680923,-17.5959442791302,-1.14872313075013,9.76626357367735,2.0988281379001,-2.86951463856694,8.16661066421251,-22.5286152142628
84.67,0.343117284514004,11.9375213489912,-0.666687610905506,-27.0182775265227,-21.8953083873559,-17.0840536617995,9.17013918145199,8.69356705612624,1.33232585153988,-21.889094846828,-14.8981799722539,-60.3235325900572,-5.42493468814002,11.829723954495,0.325003077177748,8.3867884983733,-25.1145233723013,-47.3758294560336,-1.93271111177011,13.4629374121943,0.870197904115074,58.4051179024415,15.0314574953608,51.1475247859415,-0.606109333129305,11.5285392710604,-0.342214829085034,-6.25643321362842,-3.96222292122,-28.0872969252931,-2.66901937801403,11.3173113133162,-0.431086420551401,-5.33892740244456,-5.13206845726819,-17.3108192279712,-1.1348527117547,9.7180877357303,2.11485528636217,-2.44444974452572,9.2375049674135,-25.6506461516466
84.675,0.293034739464311,12.1688257750662,-0.621335317528628,-26.1312617755511,-21.2846073007073,-17.8351659203124,9.27449330759548,8.93198957436787,1.33800822696017,-22.181302341902,-15.8292450544434,-59.7310526297414,-5.30693689884955,12.0544237218853,0.273631954047225,9.17487023947911,-25.6592573054517,-46.8825210827901,-1.36976109023788,13.2684151762872,0.829511986680113,58.8633755716447,14.4062749055833,52.0543966903476,-0.626267572515034,11.7070233134276,-0.268799067821465,-6.52693286945449,-4.90743413109011,-28.114435725568,-2.66203947653451,11.4725290205294,-0.341528694045086,-5.42100688696667,-6.10708817957817,-17.0083939055859,-1.11473647100774,9.6634000273719,2.12975539865076,-1.83843889765345,10.4932218374394,-29.1588595446331
84.68,0.24551966526534,12.389449530235,-0.580777831033201,-25.0363755460651,-20.6545752865725,-18.6049897507286,9.34734155339867,9.14386345587245,1.33672618640756,-22.4772069740911,-16.8056735622839,-59.2051821467119,-5.21390633747419,12.2232075952277,0.221835533104428,10.0040595121273,-26.2218704773221,-45.9969372401452,-0.865911802752772,13.0268132505092,0.783749074127629,59.0121787163875,13.524999988189,52.4313320063665,-0.641743961923225,11.8819582288081,-0.191878168437458,-6.85741826364248,-5.99095033238244,-28.0818858537899,-2.64501307110952,11.6244664773826,-0.245611153257449,-5.53658271403626,-7.22924523280929,-16.685774564237,-1.08807482314014,9.60388382513115,2.1433676336247,-1.03271342857672,11.9433621124211,-33.051856093544
84.685,0.200407787467695,12.5965653308855,-0.545503927474571,-23.7477862563156,-20.0161026073191,-19.3867799092107,9.38677194446931,9.32745686871504,1.32759398742427,-22.7705095349997,-17.8177341741093,-58.7750933333939,-5.1459724125531,12.3344653679943,0.170876072329988,10.8655805804563,-26.7942309957268,-44.7503285637569,-0.425010832211164,12.7460101931366,0.734542013764084,58.8823020323827,12.4192306713196,52.2900813332876,-0.651634762642574,12.0524024529914,-0.112638594493649,-7.2487495186486,-7.20948672217775,-27.9860614929534,-2.61654142710613,11.7719729261729,-0.144665567709638,-5.6876407991373,-8.49540302060584,-16.3401272633887,-1.05489268211968,9.54161378598357,2.1557509216427,-0.0118648898817873,13.593510907048,-37.3226652631888
84.69,0.157444370853317,12.7874979665473,-0.515950094276149,-22.2833221663755,-19.3799431397369,-20.1733165834667,9.39142231467715,9.48151704662177,1.30989068650187,-23.054569152923,-18.8537892102719,-58.4685956540755,-5.1027633221357,12.3876315236945,0.122032692860458,11.7488772784053,-27.3674586573221,-43.1761788146251,-0.0497835319772619,12.4343543318694,0.683660800184766,58.5069545195632,11.124011441498,51.6559413709208,-0.654956134656183,12.2175548362855,-0.0323465278230425,-7.70074794796586,-8.55711246358559,-27.8223995411688,-2.5753363587298,11.91392697113,-0.0401646679973086,-5.87565703490254,-9.89961744416356,-15.9689662078504,-1.01560202632937,9.47902964583134,2.16719645670814,1.23559877599087,15.4445218788496,-41.9583911368195
84.695,0.116292137894205,12.9597778844479,-0.492490262448024,-20.6642200041321,-18.756556746059,-20.9569829711147,9.36053165445179,9.60530977389556,1.28307055145418,-23.3225513410685,-19.9005312923638,-58.311573192738,-5.08344307823435,12.3832156877898,0.0765506246178349,12.6418188520636,-27.932120985528,-41.3096060693445,0.258227735576781,12.1004021926077,0.632945632599836,57.9206221095929,9.67702889394082,50.566484709584,-0.650668549711799,12.3767544698134,0.0476710858554732,-8.2121683791379,-10.0252905310555,-27.585211258354,-2.52028809712982,12.0492397168946,0.0662974860874167,-6.10153974056535,-11.4331750271663,-15.5704711906173,-0.971051616279076,9.41889373786863,2.17822281897754,2.71673940253223,17.4918994006155,-46.9399541439922
84.7,0.0765419876367447,13.1111916549154,-0.475425450084065,-18.9147830863946,-18.1559658115389,-21.7298467885314,9.29397849213015,9.69864821450756,1.24677172686978,-23.567576576153,-20.9432619108856,-58.327439286074,-5.08675731278291,12.3228111178771,0.0355893220414626,13.5309535223186,-28.4784305526364,-39.1867594999365,0.498700973802783,11.7526702202035,0.584233955318592,57.1579376400213,8.11774375753576,49.0699993852467,-0.637704015462411,12.5294761835173,0.126047228084322,-8.7806889652266,-11.6029661832585,-27.2675730285072,-2.45052988083803,12.1768579040915,0.173025045932103,-6.36557765398259,-13.0846831753387,-15.1438241286686,-0.922559782114872,9.36423159543015,2.18955242318962,4.43372723375358,19.7253107584736,-52.2419460451948
84.705,0.0377262558699858,13.2398279030616,-0.464973619518909,-17.0619554031854,-17.5876270335397,-22.4837455380806,9.19230448588688,9.76190951172395,1.2008238463199,-23.7828666035689,-21.9662094575876,-58.536622252327,-5.11108538597693,12.2090799031417,0.000172486901897251,14.4018079575245,-28.9964394928608,-36.8442221358571,0.6725448908119,11.3994091969007,0.539284453254556,56.2526191880266,6.48648202993411,47.2236953311103,-0.614995188712038,12.6753223581256,0.201397041553942,-9.40291798727942,-13.2767051570943,-26.8612617302599,-2.3654961077521,12.295767713056,0.278240001709623,-6.6673927977183,-14.8402136123936,-14.6895529047122,-0.871926982475836,9.3182555793835,2.20206930960686,6.38344200903749,22.1282575397102,-57.832613501188
84.71,-0.000665866952835395,13.3441173671448,-0.461260127077316,-15.1348196343819,-17.0603187501865,-23.2103753690812,9.05672171233964,9.79603785183509,1.14525492734861,-23.9618862704877,-22.9528833553898,-58.9560961660677,-5.15449637392931,12.0457138870356,-0.0288570527979336,15.2392291586878,-29.4762284420907,-34.3184299037393,0.781879449351208,11.0484085034426,0.499701272733069,55.2365135086633,4.82351029973691,45.0917390663003,-0.581505495161822,12.8140118229275,0.272341363638468,-10.0744172033527,-15.0308816105225,-26.3567385932465,-2.26497121634206,12.4049999155024,0.380102415824525,-7.00589792305097,-16.6834990013342,-14.2098693459051,-0.821425869418757,9.28427223599765,2.21675977696806,8.55714664852704,24.6779308692983,-63.6739828187006
84.715,-0.0391712630925918,13.4228658701825,-0.464309182550953,-13.1640294306505,-16.5820434305847,-23.9013832254635,8.88910253583004,9.80253306491651,1.080297438653,-24.0984791748177,-23.8864596088965,-59.5989704276319,-5.21480671165149,11.8373707968224,-0.0508749586432468,16.0277632584312,-29.9080883387564,-31.6451170959638,0.829985043664488,10.7068347400227,0.466861971487989,54.1387758095698,3.16812163555458,42.7431797655719,-0.536259445676388,12.9453666991773,0.33753127579815,-10.7897414714032,-16.8479145930534,-25.7431837106441,-2.14912693501476,12.5036370293745,0.476732050293337,-7.37925886053979,-18.5961815432739,-13.7089872848499,-0.773767806868581,9.26557505750574,2.23463891763054,10.9402441601922,27.3452690809964,-69.7221350394458
84.72,-0.0783347551702013,13.4752791761052,-0.47403672877467,-11.1811884473133,-16.1599444284351,-24.5484617077097,8.69195142784289,9.78342431041005,1.00639295015031,-24.1869957063502,-24.750191428348,-60.4741512609172,-5.28963758009363,11.5895856627996,-0.0655033294320203,16.7520634977291,-30.2826944454583,-28.8587981681754,0.82122008996114,10.3811065211306,0.441852822080174,52.9852104082083,1.55775841612612,40.2498291367825,-0.478372432123003,13.0692980875959,0.395673345054378,-11.5424946029342,-18.7085504363718,-25.0085816487813,-2.01854612042011,12.5908230764176,0.566232345115952,-7.78486291170347,-20.5581109689469,-13.1934063331928,-0.732046097677346,9.26532544175097,2.2566676246721,13.5121290449691,30.0952288728075,-75.9276364383926
84.725,-0.118690557239998,13.5009789430107,-0.490245112571703,-9.21819051349186,-15.8002357311178,-25.1434457453627,8.46835866600527,9.741228933495,0.924194332242664,-24.2224121016488,-25.5278366341346,-61.5860871913294,-5.37647051640225,11.308658321605,-0.0726274488578631,17.3973172956227,-30.591272494615,-25.9922953396546,0.760908300017191,10.0768048218712,0.425415019524726,51.7977891809115,0.0271971679876827,37.6841545774471,-0.407079387944314,13.1857914876612,0.44555518935187,-12.3254016297025,-20.5921869660145,-24.139856922966,-1.87423206046829,12.6657764590354,0.646717755716275,-8.21929531794159,-22.5476878147343,-12.6721472880459,-0.699657487501081,9.28642584490239,2.28366594851469,16.2461451166465,32.8872722988294,-82.2361248257003
84.73,-0.160743956677452,13.5000092694881,-0.512619863024558,-7.30653691444242,-15.5081432204027,-25.6784098451659,8.22193645808996,9.67889714888766,0.834564134351967,-24.2004389408361,-26.2040914740299,-62.9346089761272,-5.4727001530135,11.0015186016434,-0.0724005223641889,17.9496800377759,-30.8257569699785,-23.0763208011986,0.655198405866445,9.79861633805671,0.417905016357456,50.5943565186794,-1.39218194360355,35.1172405397286,-0.321761796688763,13.2948927788326,0.486070948232545,-13.1303978316276,-22.477233877462,-23.1230565675564,-1.71760280027292,12.7278063597646,0.716345373636549,-8.67832674348751,-24.5422462316665,-12.1569259820672,-0.680204749546459,9.3313902987954,2.31622963234215,19.1096620186548,35.6760625669428,-88.5890470109648
84.735,-0.204953842789767,13.4728336358058,-0.540728825201865,-5.4766480366821,-15.2878559005204,-26.1457644046023,7.95673868754471,9.59974378669182,0.738567609007886,-24.1176171334171,-26.7650184798235,-64.514872364989,-5.57568341300637,10.6755716618094,-0.065236341427516,18.3967011892864,-30.9789412133887,-20.1391213625084,0.510900512789686,9.55030602417299,0.419271632648158,49.3885211899858,-2.67302158846677,32.6168676162857,-0.221972614714235,13.3966954915731,0.516246188759511,-13.9487349248424,-24.3415020603725,-21.943575669266,-1.55047072053019,12.7763329169599,0.773351513781222,-9.15691549333014,-26.5184688690404,-11.6622538447027,-0.677384252383052,9.40221854138906,2.35465710605857,22.0642825149616,38.4123521048661,-94.9245376169776
84.74,-0.251716637782316,13.4203223551198,-0.574023818729925,-3.75718754385041,-15.142485635281,-26.5383494050741,7.6771661384213,9.50736889403814,0.637458899306769,-23.9713989576043,-27.1984542811926,-66.317409461058,-5.68278486950732,10.3385268648424,-0.0517905322828512,18.7277268123506,-31.0446183466723,-17.2061920550769,0.33530447785589,9.33471427699358,0.429051811099063,48.1897274297492,-3.79249418925316,30.2457530608269,-0.107458735573164,13.4913299508387,0.535261728039739,-14.7711046905888,-26.1626131765618,-20.5864205908324,-1.37500822985152,12.8109112326233,0.816093543930728,-9.64922872678334,-28.4528246873153,-11.205455408289,-0.694863332157278,9.50028088524362,2.39889405511578,25.0661915478835,41.0440372934722,-101.178424307497
84.745,-0.301352102782804,13.3437309599582,-0.611844908789372,-2.17441776938791,-15.0740341535671,-26.8495237582789,7.38785970092438,9.40556949551907,0.532659190091859,-23.760211244482,-27.4943821141978,-68.3282913675789,-5.79141828600588,9.99821446692141,-0.0329316799661095,18.9342617605024,-31.0177110224168,-14.3000635341273,0.135986657283531,9.15377408933031,0.446385961798787,47.0034899960835,-4.73267803048634,28.0599905277349,0.021819341038255,13.578954693659,0.542475818827258,-15.587779994596,-27.9184195094802,-19.0365037080048,-1.19370100336954,12.8312590155033,0.843096675230761,-10.1486870962976,-30.3220190057531,-10.8065953947689,-0.736152999213431,9.62622148311584,2.448501840377,28.0666558145741,43.5173461850088,-107.285339592583
84.75,-0.354091394291628,13.2446702439174,-0.65342730870777,-0.751605060079732,-15.0833664251703,-27.0732486971823,7.09358464963003,9.29824524091291,0.42572611760941,-23.4834974590166,-27.645253318442,-70.5294013269265,-5.89908457213736,9.66239523258927,-0.00970412374862917,19.0102749139333,-30.8943869037135,-11.4401661167682,-0.0793880296547854,9.00854383802687,0.470052814372491,45.8317711271087,-5.48079580292485,26.1077208706744,0.165670965835151,13.6597503578469,0.537444143818134,-16.3887725854664,-29.5874231589281,-17.2789628129093,-1.00929069335727,12.8372873520919,0.853104775544208,-10.6480369345665,-32.1034438535957,-10.4883107748673,-0.804481979427753,9.77988767427175,2.5026545323177,31.0126790372108,45.778118914024,-113.179914936206
84.755,-0.410067642684376,13.1250689388704,-0.697910887055129,0.49150670175535,-15.1701899760583,-27.204163879245,6.79910958527409,9.18930097638731,0.318314390949426,-23.1417353447672,-27.6462425682215,-72.8988138211182,-6.0034065039119,9.33856876549878,0.0167154280565995,18.9524319375986,-30.6721556857391,-8.64277101759864,-0.303261556605909,8.89925207457319,0.498522608004177,44.6734715939405,-6.02931335200498,24.4280599101926,0.323662271327071,13.7339160194504,0.519937098628087,-17.1640062892695,-31.1491832347146,-15.2994978755006,-0.824709446157836,12.8291337285353,0.845133573629082,-11.1394532702184,-33.7756159836083,-10.2755462181399,-0.902678292889484,9.96029247179276,2.56016720759635,33.8478131745309,47.773135784727,-118.798029212846
84.76,-0.469309218471462,12.9871302155635,-0.74435221508621,1.53913731247278,-15.3330402834381,-27.2376552683353,6.50908399634912,9.08254943972193,0.212128340759206,-22.7364270618552,-27.4954230175164,-75.4112712827092,-6.10216057088534,9.03378680534592,0.0450651296771542,18.7602422290841,-30.3499425790666,-5.92100690284475,-0.528368801163527,8.8253515908452,0.530026359762623,43.5250037143504,-6.37590073701762,23.0503030834112,0.495106964462882,13.801667731203,0.489953892247283,-17.9035032858099,-32.5846999367109,-13.0847175754639,-0.643008886727945,12.8071960106423,0.81852395931387,-11.6146755710359,-35.3185898971763,-10.1951945579604,-1.03306447026893,10.1656159166563,2.61955557906311,36.5131197334072,49.4514455087795,-124.078080892026
84.765,-0.531735744677386,12.8332833406848,-0.791739048469116,2.37981095776815,-15.5692730084946,-27.1699143157524,6.22791859110136,8.98161728432893,0.108867909685202,-22.2700594104817,-27.1938499697636,-78.0387463740702,-6.19330623785946,8.75447790976784,0.0740467192686411,18.4361099350804,-29.9281326323961,-3.28494741452379,-0.747907750639696,8.78558096522246,0.562637921060646,42.3809115824967,-6.52326166040679,21.9934206518402,0.679061411041193,13.8632387973426,0.447733034522701,-18.5975801289683,-33.8767653157063,-10.6224879096554,-0.467286480139792,12.7721656528419,0.772992523038745,-12.0651762548797,-36.7143339884116,-10.2756471758817,-1.19737206209633,10.3932489782188,2.67912419677035,38.9482684726281,50.7656460039414,-128.962251805764
84.77,-0.597156809253087,12.6661319043831,-0.83900708398049,3.00658376433575,-15.8750644102235,-26.997988389901,5.9596725471897,8.88985747650167,0.0101703603329036,-21.7460328050857,-26.7455450500741,-80.751074468352,-6.27501270863297,8.50628974390679,0.102373502690805,17.9852830267037,-29.4085802207356,-0.741762968096474,-0.955688463985825,8.77803257531584,0.594364635827574,41.2345031519526,-6.47884073771558,21.2658505000676,0.874324483647166,13.918881133805,0.393758802606121,-19.237049143731,-35.0102720168463,-7.90227524095551,-0.30061233894533,12.7250579834032,0.708676076732429,-12.4823597918659,-37.9470594137797,-10.5462624493294,-1.39668027887897,10.6398809849618,2.7370776211443,41.0927536767213,51.6730726477509,-133.397730034695
84.775,-0.665273244047842,12.4884000467747,-0.885058771020247,3.41714885090256,-16.2454217683799,-26.7198227327396,5.70795161127705,8.81027079798593,-0.082449378736519,-21.1685591102706,-26.1573770237357,-83.516638239676,-6.34568252847874,8.29395444126478,0.128815629409583,17.4156992241418,-28.7945785706459,1.70407194278119,-1.14625616259777,8.80022625929623,0.62324175437281,40.0784603449256,-6.25442085078512,20.8655884402352,1.07944266875734,13.9688669329406,0.328763287575672,-19.8134198889764,-35.972473295214,-4.91547636265543,-0.14595960103094,12.6672370409796,0.626166709437323,-12.8577878082405,-39.0034934484946,-11.0367634852193,-1.63138240039066,10.9016283846958,2.79164643440301,42.8872014087522,52.1368538192501,-137.337860348579
84.78,-0.735680783300774,12.3028780549242,-0.928783892658753,3.61381348643258,-16.6742059807295,-26.3342943899858,5.4758205549956,8.7454387459665,-0.167656360922557,-20.5425301777444,-25.4388401562063,-86.3030843286748,-6.4039733788684,8.12118241660023,0.152241019728903,16.7377327617985,-28.0907853851605,4.05052634051058,-1.31498702953815,8.84918970160826,0.647425320830994,38.9053970200124,-5.86562494745567,20.7805683963854,1.29272091594869,14.0134897977699,0.253723627605713,-20.3190946051401,-36.753189900799,-1.65572846824557,-0.00614143957837632,12.600432154789,0.526533986974841,-13.1834231771552,-39.873091756631,-11.7765791601754,-1.90118203119286,11.1741992356193,2.84121803011751,44.274735273267,52.1268006180954,-140.743192648312
84.785,-0.807875902139692,12.1123685745227,-0.969081555505166,3.60334734932599,-17.1541686568488,-25.8412385365144,5.26573287934992,8.6974695880249,-0.24434771077929,-19.8733607846843,-24.6017360569156,-89.0780509965015,-6.448818652106,7.99058868771111,0.171650687953113,15.9638512355147,-27.303102432768,6.29772674355274,-1.45815630187335,8.92154631624013,0.665278218476425,37.7083401263271,-5.33133820418674,20.9893170394435,1.51223964809977,14.0530645402201,0.169854039134218,-20.7475510362456,-37.3449618384564,1.88080770656067,0.116242433870539,12.5267433065337,0.411331214791322,-13.4518838334859,-40.5481869491372,-12.7941448867542,-2.20511940999637,11.4530845601222,2.88446106043347,45.2023636370589,51.6201062653808,-143.582401684969
84.79,-0.881263653869385,11.919634501747,-1.00488313945468,3.39670543118822,-17.6770059826434,-25.2414673996038,5.0794799054521,8.6679587387398,-0.311695714351244,-19.1668114800681,-23.659769949041,-91.8098855337678,-6.47944256870362,7.90365263882481,0.186207592134845,15.1081966904034,-26.4385092610349,8.44764945748003,-1.5729759812311,9.01360780417342,0.675444600666494,36.4811161855099,-4.67306760346714,21.4618596447255,1.73587823095266,14.087924947337,0.0785922780428498,-21.0935057714032,-37.7431452622455,5.695197901055,0.218847274950751,12.4486323217867,0.282583250431254,-13.656695160425,-41.0240737388303,-14.1161814100917,-2.54162590030964,11.7337648743397,2.92043238299272,45.6223482045517,50.6018401977512,-145.833054595612
84.795,-0.955167351734054,11.7273494236386,-1.03517566346935,3.0086335692398,-18.2334313630344,-24.5367816132517,4.91816056228844,8.65796401824229,-0.369178882130388,-18.428798405897,-22.6280769022578,-94.4683309066649,-6.49536958158084,7.86071205654282,0.195258499414733,14.1861093167252,-25.5048538131576,10.5038028809944,-1.65760401315305,9.1214708815438,0.676908639729758,35.2186327425731,-3.91425684346922,22.1608465130857,1.96134502948525,14.1184189959965,-0.0184197815119519,-21.3530513258909,-37.9459566346298,9.78552342914752,0.299610874169205,12.3688971391596,0.14275416167573,-13.7925284310583,-41.2990336309358,-15.766971209678,-2.90860264540354,12.0119181097127,2.94865636503444,45.4935124489529,49.0652316292736,-147.482206222837
84.8,-1.0288399563509,11.5380512916663,-1.0590249372183,2.45716871026718,-18.8132683696879,-23.7299733885251,4.78217235211909,8.6679957722726,-0.416598636449892,-17.6651983147749,-21.5226974248835,-97.025162618204,-6.49643035190337,7.86099182411073,0.198348697700204,13.2136152983064,-24.5106054644056,12.4709107016474,-1.7111297176847,9.24111901071624,0.669034475473075,33.9170519881576,-3.07957517848335,23.0428626459794,2.18621396808811,14.1449012204609,-0.119361658877602,-21.5237606059874,-37.9544676182585,14.1467148690701,0.356766000064347,12.2906268141697,-0.00530595426337238,-13.8554120911745,-41.3743041750108,-17.7676526617107,-3.30351734999706,12.2836140091438,2.96916840111399,44.7824487181425,47.0117468336934,-148.526805696901
84.805,-1.10147702744514,11.3540998622193,-1.07559780576567,1.76304966084005,-19.405564852859,-22.8248204380371,4.67122319578269,8.69802131586973,-0.454080168699224,-16.8816576459339,-20.3600246626671,-99.4547589272765,-6.48276244585256,7.90266483261414,0.195229667850615,12.2069022600736,-23.464578648265,14.354605529787,-1.7335375178407,9.36852642749587,0.651585633660228,32.5738608267893,-2.19419929037639,24.059877881957,2.40796726761762,14.1677221859878,-0.222265915628539,-21.6047531978143,-37.772554908141,18.7704354130465,0.388837492980538,12.2171355352121,-0.158434497396541,-13.8429027512371,-41.2539991881059,-20.1355519732232,-3.72351147450344,12.5454801205839,2.98251732052382,43.4645848637677,44.4509731298387,-148.973901399079
84.81,-1.17223108296815,11.1776383241334,-1.08418276707454,0.949057160473397,-19.9987282655717,-21.8260692186672,4.5843631661989,8.74748273839075,-0.482057046283562,-16.0834145944137,-19.1562470951545,-101.734590262641,-6.45480423977444,7.98294153943632,0.185860070183582,11.181806245462,-22.375637603687,16.1611408437869,-1.72565147838156,9.4997612833375,0.624723588919427,31.1878477847658,-1.28310755279895,25.1607906968168,2.62404375771764,14.1872152745468,-0.325055773905984,-21.5967190915046,-37.4068093636171,23.6450184582446,0.394624916589548,12.1518747578601,-0.31324848916209,-13.7542036825991,-40.9449869493973,-22.8835720407867,-4.16550900977466,12.7948258675354,2.98972474938072,41.5250749009305,41.4003301087498,-148.840635237517
84.815,-1.24022718850273,11.0105594546223,-1.08420825059668,0.0393045398502455,-20.5806813465351,-20.7394058115963,4.52003452361533,8.81532679440435,-0.501240235297377,-15.2751426071259,-17.9268109439571,-103.845616726616,-6.41328182800903,8.09818410161923,0.170400592594374,10.1533331892493,-21.2523946483274,17.8971272597571,-1.68906403084038,9.63108507112803,0.588986488508782,29.7590019500468,-0.370405969272438,26.2930165549608,2.83189186104941,14.2036812270104,-0.425588279471827,-21.5018969692973,-36.8664084278392,28.7554634427152,0.373172918085008,12.0983235905972,-0.466252296687019,-13.5902203982007,-40.4567331412237,-26.0196558675411,-4.62631761666826,13.029713864818,2.99220313628417,38.9594833227639,37.8846346255142,-148.154021141493
84.82,-1.30457958166438,10.8544765972546,-1.07525788260011,-0.941498095305576,-21.1390363655582,-19.5714126878558,4.47613797184102,8.90004540616915,-0.51257325088688,-14.4608227006714,-16.6859254862507,-105.772585822101,-6.35918853544473,8.24404021438953,0.149203341132122,9.13523551700368,-20.1029155906053,19.5692972520101,-1.62605168204325,9.75904494936371,0.545250330568051,28.288352351348,0.521295471112362,27.4040711903089,3.02902602576925,14.2173710978124,-0.521702290331816,-21.3240059866823,-36.1629550403443,34.0834932180869,0.323732719514071,12.0598587746425,-0.61395679980178,-13.3535454981152,-39.8011143228113,-29.5463400845459,-5.10271337430841,13.248971526053,2.99163770381881,35.7742390087261,33.935550137665,-146.950506755499
84.825,-1.36440911800761,10.7106997368057,-1.05708212879182,-1.96878237246326,-21.6612851995608,-18.3295097484356,4.45011265754662,8.99972520477089,-0.517176063434567,-13.6436504910355,-15.44613217082,-107.504225776044,-6.29375687556665,8.41559139289951,0.122796541013211,8.13966098627676,-18.9344462970152,21.1843006712923,-1.53948012341097,9.88055554334177,0.494675944979506,26.7777676725986,1.3714383707031,28.4431005184629,3.21308506052061,14.2284684526323,-0.611270255062108,-21.06813196312,-35.3102852137977,39.6076753617495,0.245719356313964,12.0396069681579,-0.753004856884609,-13.0483682766592,-38.9922061084316,-33.4604115851747,-5.5915017001591,13.4521407702998,2.98984070444721,31.9868418522216,29.5909528254653,-145.275321420096
84.83,-1.4188612940711,10.5802169579016,-1.02960579485051,-3.01883912094399,-22.1350016310386,-17.0218784121281,4.43902713246352,9.11210451224533,-0.516281092699407,-12.8259819633363,-14.2179550219462,-109.03333292658,-6.21842309784913,8.60751030060157,0.0918653667007989,7.17688646272258,-17.7531739547494,22.7485318378595,-1.43270079930425,9.99296704853925,0.438645879784917,25.2297359758764,2.16198750914464,29.362311974141,3.38189052171074,14.237071762234,-0.69225243125347,-20.7405709560057,-34.3242453524989,45.3036087249642,0.138670263728827,12.0402835304161,-0.880297178752516,-12.6803084768341,-38.0460482048756,-37.7526774263361,-6.08954910569954,13.6393688358442,2.98858873858379,27.6258129576912,24.8942464359861,-143.181617640781
84.835,-1.46712454573637,10.4636816135492,-0.992930978267162,-4.06949198533345,-22.5480515048673,-15.6573681665788,4.43967828988041,9.23463618497838,-0.511165060175353,-12.0093199309097,-13.0096455263763,-110.356754510513,-6.13478482477435,8.81422181104292,0.0572297463294769,6.25514433407891,-16.5640352175445,24.2679876903562,-1.30944074945834,10.0941169628549,0.378695683273579,23.6471423855512,2.87780493408949,30.1182667583904,3.53350303912534,14.2431779981669,-0.76275191914572,-20.3486351956906,-33.2224394405107,51.1441751473031,0.00221144228276726,12.0640235431046,-0.993112270632826,-12.2561778649189,-36.9803863332153,-42.4078551045868,-6.59378316230174,13.8112483414723,2.98945531557813,22.7303872467838,19.8936550268126,-140.729417419384
84.84,-1.50844843734684,10.3614055774336,-0.94733520078707,-5.10070603390594,-22.8888058069968,-14.2453858764418,4.44869516604063,9.36455477501959,-0.50308061759208,-11.1943409930263,-11.8270303273652,-111.475270819586,-6.04455268174597,9.03006274835538,0.0198199907559428,5.38054407413193,-15.3705812785739,25.7481554773194,-1.17368748676008,10.1823634820426,0.316444052637384,22.0330598798492,3.50691621284124,30.672998483911,3.66627427297243,14.2466684093316,-0.821068679118551,-19.9004281904525,-32.0239456057981,57.0998546075119,-0.163962432154724,12.1122123196769,-1.08921399782218,-11.7836777820251,-35.8143891409377,-47.4045871918384,-7.10116112970852,13.9686193136145,2.99365120785853,17.3499553753488,14.6415180445749,-137.984379116165
84.845,-1.54216127233064,10.2733589783561,-0.893264611397633,-6.09511248300636,-23.1463513929928,-12.7957691890538,4.46264444927682,9.49894650591659,-0.493191534483692,-10.3809607488429,-10.6734649232509,-112.393383108592,-5.94949725518055,9.24943564317679,-0.0193489283981296,4.55708644042397,-14.1749071259548,27.1939277749723,-1.02957083732978,10.2565994474212,0.253525910314517,20.3905649579118,4.04066238804749,30.9949306541389,3.77889210737034,14.2472973641174,-0.865750581284843,-19.4045973550067,-30.7490014304437,63.1391001292704,-0.360088067204758,12.1853240373632,-1.16694060540221,-11.2710452782918,-34.5683368397411,-52.7155812197954,-7.60861085584259,14.1123495161718,3.00188451119786,11.5432698234588,9.19360589460807,-135.016404900274
84.85,-1.56768660177339,10.1991767815182,-0.831322337613131,-7.03843343164527,-23.3106940257696,-11.3186464862457,4.4781345503583,9.63482059517884,-0.482514844821828,-9.56843318954793,-9.54989151317692,-113.119015844723,-5.85139284749738,9.46695283320993,-0.0592036869225251,3.78676325102588,-12.9776489992621,28.6095421577313,-0.881243565694587,10.3162470344193,0.191531759095875,18.7225864814701,4.47373566089191,31.0595729120291,3.87041673578856,14.2446850047588,-0.895639502918388,-18.8700736715057,-29.4186578548103,69.2287665867986,-0.586309058349682,12.2827782588356,-1.22526969084468,-10.7266645784892,-33.2632778099772,-58.3078727333294,-8.11295048395801,14.2431117665165,3.01425082629368,5.37743764906139,3.60846682386364,-131.898113183468
84.855,-1.58455810368422,10.1381724689918,-0.762252272270745,-7.91979374194668,-23.3729485707247,-9.82428687937138,4.49191515248093,9.76918048410707,-0.471872772542383,-8.75547866909837,-8.45499445155946,-113.663143859923,-5.75184616619532,9.6777604425415,-0.0986385440008516,3.06973190328339,-11.7780506047614,29.9985425727323,-0.732584932124829,10.3613695932799,0.131959336390293,17.0317927758854,4.80410162233032,30.8499837002075,3.94030550734801,14.2383143009487,-0.909910553150003,-18.3058085728578,-28.0544026855487,75.3345852901271,-0.842623976434462,12.4028248497352,-1.2638546861768,-10.1586641616561,-31.9206500573155,-64.1432066734927,-8.61079590894927,14.3611777771534,3.03016181694599,-1.07327061798577,-2.05319192444021,-128.703204496383
84.86,-1.59243235032407,10.0893588846731,-0.686918797679152,-8.73191090420374,-23.325511590481,-8.32294462079257,4.50096928990186,9.89909355692722,-0.461856534746325,-7.94043371345002,-7.38544272005322,-114.039356654494,-5.65204162983666,9.87795251719192,-0.136540745270656,2.40455095560445,-10.5740952004457,31.363759313254,-0.586790424777803,10.3928333149934,0.0761787069040018,15.3205193022873,5.03281558992966,30.3569946091354,3.98842478690149,14.227532919045,-0.908102678727164,-17.7205183874378,-26.6777565260474,81.4216740343344,-1.12880667455677,12.5424679843308,-1.2830298214404,-9.57452234840617,-30.5618663098396,-70.1785297506066,-9.09846656237903,14.4662473031769,3.04831779109588,-7.72876048089404,-7.72909349710903,-125.504752859849
84.865,-1.59109905656924,10.0514760706925,-0.60628315675739,-9.47115784081731,-23.1622121169155,-6.82470292596094,4.5025952241544,10.0217579470871,-0.452803321782968,-7.12141520775898,-6.33620559060735,-114.263373452141,-5.55312988423671,10.0638728611435,-0.171816012649563,1.78846128350776,-9.36269746111063,32.7073044040494,-0.446975938928502,10.4116852320923,0.0253888014311063,13.5907369552717,5.16374489686417,29.5791990455806,4.01504762822909,14.21156014472,-0.890139187614967,-17.1224462835064,-25.3098462527438,87.4550703351497,-1.44430143616102,12.6974394007763,-1.28378224280052,-8.98070568232218,-29.2078646472311,-76.3665842347844,-9.57190080111455,14.5573289930957,3.06672710625695,-14.504561286165,-13.3559631224929,-122.373457744432
84.87,-1.5804884929942,10.0230256610984,-0.521377366937971,-10.137497998123,-22.8784370184275,-5.33932251558876,4.49447571558177,10.1345650488529,-0.444786938445058,-6.29649121101289,-5.30092535141383,-114.352523596638,-5.45662904780643,10.2315039606593,-0.203411865047944,1.21769654361356,-8.13994628225386,34.0305791931622,-0.316758844749589,10.4186217972577,-0.0194180627245197,11.844059322942,5.20321251100413,28.5227147724514,4.02083674403863,14.1894989173349,-0.856337095646872,-16.5191507266417,-23.9709637476426,93.4002740065586,-1.78809882164277,12.8622296785138,-1.26769185390062,-8.38236431178184,-27.8786306502378,-82.656591598388,-10.026591856867,14.6326854805786,3.08277231752416,-21.3133392360528,-18.8700992551639,-119.375894259755
84.875,-1.56067584770607,10.0023111322257,-0.433276717321922,-10.7342965628046,-22.4712281147991,-3.87610017009034,4.47473272976799,10.2351563914246,-0.437621813841652,-5.46385076721254,-4.27232963726881,-114.325207489806,-5.3638528388333,10.3775108234262,-0.230339360661549,0.68780685478062,-6.90138753266565,35.334291001346,-0.199310876714602,10.4146289613629,-0.0574546387182982,10.0817860555004,5.15957994080121,27.2007362143654,4.00681304137405,14.160352861938,-0.807404615932686,-15.9173280817028,-22.6801202328208,99.2237842138769,-2.15736633416737,13.0308393012156,-1.2368368082103,-7.78310683547912,-26.5927018180295,-88.9950126550527,-10.4564582642022,14.69071771646,3.09335598964503,-28.0664312923154,-24.2079645024539,-116.572801372697
84.88,-1.53188242724777,9.9874829460751,-0.343071971804771,-11.2680160357706,-21.9393490024315,-2.44374222176372,4.44196616333352,10.3214736040048,-0.430879396710782,-4.62196556062122,-3.24266551635108,-114.20035346923,-5.2755972993138,10.4997277162867,-0.251692851754293,0.19398059841719,-5.64233430927622,36.6184758344223,-0.0968628839419808,10.4012180741893,-0.0881333648072195,8.30497875540384,5.04278891451426,25.6328980631619,3.9743108293951,14.1230480453769,-0.74442654479707,-15.3226752463215,-21.4546089864357,104.893615778653,-2.53547562605495,13.2036425606603,-1.19363725541169,-7.18487357084058,-25.3666699692277,-95.3263692292543,-10.8434404558823,14.7388084810076,3.095451008321,-34.6753563392876,-29.3068172094444,-114.017449730896
84.885,-1.49447369334398,9.97658737463773,-0.251842403245676,-11.7478085472032,-21.2833203875149,-1.05025718895348,4.39527579731264,10.391800313256,-0.423915384761867,-3.76973702978977,-2.20413794615232,-113.996885765339,-5.19233778194748,10.5967727367892,-0.266666859471946,-0.268649124133188,-4.35819151139493,37.8825244379641,-0.0110143761481384,10.3800637038685,-0.111067694361274,6.51456538231587,4.86388177931799,23.844476548501,3.92492163965795,14.0764590379451,-0.668837740363022,-14.739796204659,-20.3095911803269,110.379779888302,-2.89591661607435,13.3870042655648,-1.14073635926469,-6.58792197215608,-24.2147019495258,-101.594110955275,-11.1614355459738,14.7921767810362,3.08638324995649,-41.0532625262989,-34.1054022867262,-111.754131941365
84.89,-1.44895423254784,9.96761757991561,-0.160630710485033,-12.1850210738669,-20.5054235069749,0.297129297508786,4.33426635664864,10.444794974955,-0.415905816410005,-2.90662353867701,-1.14933638206403,-113.733217919525,-5.11426863266381,10.6679607506381,-0.274571309949747,-0.704724760091105,-3.0447815077256,39.1252093815907,0.0572121374047825,10.3528760397703,-0.126064898133979,4.71146885954678,4.63452000324061,21.8654586879439,3.86042935998613,14.019438730265,-0.5823853346578,-14.1721542575746,-19.2577208040082,115.654715480796,-3.23127430632843,13.5781396836476,-1.08087769800228,-5.99093116103088,-23.1481025898152,-107.741509561816,-11.402039449992,14.8534984564566,3.06326280578387,-47.116274001079,-38.5447147513649,-109.816818705837
84.895,-1.3959598392903,9.9585653801373,-0.0704207345898097,-12.5926329828958,-19.6096718886903,1.59203544735804,4.25903623664914,10.4795138525102,-0.405889791039852,-2.03274333710169,-0.0716350302810918,-113.426784776785,-5.0413131001788,10.7132701904452,-0.274844355029044,-1.11842036645588,-1.69865824620842,40.3447114076925,0.107360414835463,10.3213316077388,-0.133114053906882,2.89675518348655,4.36651869832539,19.7295128398506,3.78274000101446,13.9508512345138,-0.487080763178426,-13.6220695374831,-18.3088249162067,120.693659391866,-3.54924431989922,13.7656171601804,-1.01675968049015,-5.39122460502837,-22.1749458975068,-113.712561984354,-11.570738266252,14.9139653694759,3.0230455813194,-52.7847060485674,-42.5688417936524,-108.22802376831
84.9,-1.33624694764257,9.94747209410998,0.0178812870484579,-12.984647872721,-18.6017522833545,2.82895978194612,4.17015111330832,10.4954236144757,-0.392816472868695,-1.14895026759889,1.03444569747169,-113.093624441252,-4.97314398377572,10.7332931215362,-0.267062345333557,-1.51324016444632,-0.317398248278861,41.5386439627014,0.139508682871231,10.2870129846127,-0.132371156754199,1.07179578231634,4.0714129281519,17.4728958627722,3.69380982086376,13.8696070855709,-0.385143120970329,-13.0907593662639,-17.4696546546979,125.474945790797,-3.85064852988129,13.9411385412783,-0.95092748087982,-4.78510142920571,-21.2998004311159,-119.452882919009,-11.6675766795176,14.9688831467467,2.96328019507762,-57.9841247226427,-46.1258795535736,-106.997918873579
84.905,-1.27067966692714,9.93247694133451,0.103461388854209,-13.3754632550934,-17.4889361969126,4.00329420123781,4.06860424228493,10.4924033250115,-0.375594060967024,-0.256880431258891,2.17292670976718,-112.74801952508,-4.90921322370418,10.7291714360898,-0.250946595635259,-1.89186401390494,1.10014159339587,42.704075634708,0.154219536078343,10.2513592223243,-0.1241419247908,-0.761561796032971,3.76006900036849,15.1333330123948,3.59557567556162,13.7746998542403,-0.278935730375025,-12.5784171730201,-16.7437204909643,129.98022837578,-4.1312488484867,14.0994414081988,-0.885628041204812,-4.16825835408995,-20.5235723995168,-124.910567060022,-11.6889927187428,15.0172076886542,2.88236428842371,-62.6462351849141,-49.1689100352721,-106.123736559146
84.91,-1.20021467082917,9.91186166713297,0.185608135361948,-13.779242026524,-16.2799641735393,5.11131596817504,3.95576572181054,10.4707359327987,-0.353138559393808,0.641030756472505,3.34611460477564,-112.402204781418,-4.84878816713836,10.7025223497407,-0.226366614483276,-2.25604213966904,2.55360777435891,43.8375511183588,0.152475342207623,10.2156278748082,-0.108862657646518,-2.6008214125704,3.44235126138396,12.7489062855292,3.48989132691164,13.6652432087588,-0.170898077090525,-12.0843241656237,-16.1312222178148,134.194622087483,-4.38730296261187,14.2355832878091,-0.822679779873893,-3.53627659098247,-19.8434852106505,-130.037001318504,-11.6327961349304,15.0578087200926,2.77958697991743,-66.7095918493681,-51.6570127068801,-105.589493355816
84.915,-1.12588418492142,9.88409030698833,0.263718351830648,-14.209308919102,-14.9849058211024,6.15016187392364,3.83332329993101,10.4310897042187,-0.324420433034752,1.54156057456107,4.55440847144633,-112.066145911701,-4.79099198504413,10.6553565284288,-0.193339584002859,-2.60653956346258,4.04098203200198,44.9351122481728,0.135603696322331,10.1808687618615,-0.0870794119855937,-4.44267109363925,3.1268522990314,10.3569852601234,3.37847305184811,13.540507429309,-0.0634753942439782,-11.6069868479454,-15.6290803308168,138.106764518962,-4.61577282322564,14.3450902722238,-0.763393162873793,-2.88514194369729,-19.253207260836,-134.787607869804,-11.4983830793008,15.0895425805137,2.65525113044339,-70.1201325510085,-53.5562753219569,-105.366058725304
84.92,-1.04877733748207,9.84784325187695,0.337298432705904,-14.6775934132271,-13.6149993916961,7.1177884697503,3.70321742393731,10.3744903744783,-0.288507544559481,2.4407385599025,5.79617255251947,-111.747392036155,-4.73484568192547,10.5899921589686,-0.152026047362607,-2.94312903722396,5.55846601313463,45.9923214782194,0.105197820705888,10.1479089755272,-0.0594257567008119,-6.28282830775474,2.82069197460161,7.99323171379528,3.26285730650594,13.3999543935365,0.0409518432388514,-11.1442928576762,-15.2310711327945,141.708800518266,-4.81487695287203,14.4248309765376,-0.70852849699175,-2.21176248935194,-18.7431312708227,-139.122499975326,-11.287372705886,15.1119775803163,2.51087728533196,-72.8315475550678,-54.8407602147335,-105.411585839851
84.925,-0.970020188263156,9.80204501047108,0.405961560347694,-15.1941382037751,-12.1824753521644,8.01292257722784,3.56757316845011,10.3022850896582,-0.244603082088944,3.33391131455182,7.06767618867196,-111.451002051138,-4.67930933477249,10.5089681061836,-0.102721941416896,-3.26462982167129,7.10042172387687,47.004290818361,0.0630367408188036,10.1173481635739,-0.026599413328894,-8.11590517714232,2.52938830177197,5.6907056109061,3.1443724533293,13.2432700913539,0.140136361013605,-10.693677468156,-14.9280633933933,144.99629648765,-4.98411713691408,14.472830171425,-0.65828938144646,-1.51444695469526,-18.3007991640598,-143.007034214876,-11.0035002001543,15.1251931286577,2.34918164679737,-74.8055015279054,-55.4933764717498,-105.67230928394
84.93,-0.890754812384371,9.74588529686886,0.469421380912588,-15.7666893912023,-10.7003687206457,8.83500631933538,3.42863147195919,10.2160994712105,-0.192077474674469,4.21582959379213,8.36310059886952,-111.179542936454,-4.62332060294826,10.4149590039826,-0.0458472754485605,-3.5689883843875,8.65936905854413,47.9657195648135,0.0110095921049963,10.0895628010159,0.010661834792643,-9.93530097909145,2.2568008034801,3.47909556816323,3.02412570133219,13.0703937698266,0.232028461644996,-10.2522933936774,-14.7083500265315,147.968093423146,-5.12304928731559,14.486217946196,-0.612352855886234,-0.793308440539198,-17.9114571295344,-146.412245071038,-10.650950152365,15.1279911005092,2.17358189778733,-76.0117320772909,-55.5066055918418,-106.083702236896
84.935,-0.812117867658339,9.67883331269602,0.527482863175679,-16.4003811471907,-9.18232504367541,9.58414061951285,3.28868180308905,10.117789338185,-0.130493551918255,5.08075419521855,9.67461031697698,-110.933156128859,-4.56582911990449,10.3106947465651,0.0180680919408933,-3.85339597970022,10.2260401079872,48.8709441330585,-0.0489524066023856,10.0647179708828,0.0516044479872247,-11.7331289546251,2.00514459074294,1.3840917394405,2.90300548296293,12.8815428421884,0.314834499511439,-9.81717717180304,-14.5580642520402,150.62610970253,-5.23119597993577,14.4615738547679,-0.569935159729974,-0.0505623951018535,-17.5587168980378,-149.315150716466,-10.2342172321755,15.1182258260283,1.98803665768073,-76.4280519356161,-54.8830290529641,-106.571972131284
84.94,-0.735219099494342,9.60064532277023,0.580031192322522,-17.0975237129443,-7.64240481722591,10.261030483027,3.14999800742215,10.0093887527999,-0.0596244498244378,5.92257678965008,10.992485488524,-110.709686452868,-4.50582603292311,10.1988864112044,0.0884009721219153,-4.11443709901439,11.789488432108,49.7140029008166,-0.114933840113336,10.0427851168903,0.0954829393500605,-13.5001837033801,1.77507105747311,-0.573086660044606,2.78169855552417,12.6772327224405,0.38706780689222,-9.38540627709218,-14.4616662879154,152.975105927898,-5.30903991870119,14.3968292530447,-0.529885029372568,0.709305621967042,-17.2252921165683,-151.698922308866,-9.75924979640821,15.0944669059988,1.79721033356419,-76.0402832738867,-53.6356109099324,-107.055859849656
84.945,-0.661120240673645,9.51136581023179,0.627019617498704,-17.8574993849271,-6.09489092967492,10.8669344706776,3.01477869137113,9.8930560990157,0.0205359871897708,6.73495160944891,12.305309742495,-110.504866853363,-4.44236860393671,10.0821601818907,0.164452900832513,-4.34826194002621,13.3372500655918,50.4887182090194,-0.18508155291308,10.0235643016408,0.141582252489866,-15.225954230975,1.56580884375972,-2.37600299161816,2.6607202384237,12.458290779401,0.44759063805791,-8.95424216338593,-14.4024839301882,155.02242467542,-5.3579787864603,14.2912115506182,-0.49080034714315,1.47951833965752,-16.8937736338659,-153.552912982928,-9.23323216183794,15.0559522205106,1.60624222085571,-74.842151967197,-51.7876970512322,-107.448694141934
84.95,-0.590814757897257,9.41132261724985,0.668457173728953,-18.6767668991645,-4.55410328102564,11.403619734977,2.88509311554166,9.77101986242845,0.109770312855654,7.51143385046678,13.6002070134882,-110.31255129689,-4.37460033821202,9.96300037885521,0.24546884088954,-4.55077535044111,14.8555517305179,51.1887965859354,-0.257639555204228,10.0067096854459,0.189237587954314,-16.8986860372332,1.37535666874582,-4.01315377221634,2.54045543969893,12.2258636529552,0.495645930362589,-8.52125555109226,-14.36328850638,156.777717744903,-5.38236165350256,14.1426774325626,-0.451165927630856,2.25113762043296,-16.5474049110362,-154.872546884265,-8.66606537877937,14.9997792288734,1.42016891458417,-72.8351668479335,-49.3727045376869,-107.66064118023
84.955,-0.525208894045219,9.3011165300402,0.70439713478747,-19.548970634913,-3.03422406595134,11.8733229685758,2.76283322798824,9.64552566432439,0.207641863941939,8.24562074195169,14.863119527338,-110.124987644139,-4.3017675054306,9.84370225592309,0.330655582579414,-4.71783419074397,16.3295605626412,51.8079469213621,-0.330973306559785,9.99175719119279,0.237850480349847,-18.5054935718105,1.20071785619962,-5.47796354867403,2.42120752990358,11.9814172484467,0.530877921092738,-8.08443138647059,-14.3268866541366,158.252672444704,-5.39647937666804,13.9409975461184,-0.409509681400595,3.01334396426012,-16.1708187991143,-155.659072832385,-8.07622327255853,14.9131651812405,1.24286047459094,-70.0285041528778,-46.4334887557634,-107.601080033641
84.96,-0.465104456282869,9.1816057650855,0.734926930646641,-20.4651475676334,-1.54913629175209,12.2787167517592,2.64967219300823,9.51878592827691,0.313505979838547,8.93129146909955,16.0791182056385,-109.933121972491,-4.22323312391707,9.72633482182827,0.419198917267246,-4.84544477749169,17.7436686194909,52.3400148215927,-0.403585131986062,9.97815358485429,0.286900013196379,-20.0325220748932,1.03816494705685,-6.76863428625262,2.30325171354444,11.7267288248251,0.553340903627283,-7.64225192311975,-14.2767081389972,159.460746672812,-5.4113932756337,13.677253977961,-0.364503585322195,3.75385120970056,-15.7506994860345,-155.919191341234,-7.47915731873264,14.7848761126035,1.07749816021512,-66.4389107427601,-43.021392035182,-107.18102915191
84.965,-0.411183796600979,9.05388578111514,0.760160098217572,-21.4140220691587,-0.112276977605408,12.6228801833536,2.54702957741425,9.3929333435028,0.426527435789276,9.56254245863555,17.2327360176978,-109.726925675502,-4.13848948766952,9.61271358732767,0.510278792089894,-4.92995206538952,19.0818045266059,52.7791298403565,-0.474123069213092,9.96528641775467,0.335948344125312,-21.4651554569246,0.883521763925632,-7.88786343757818,2.186889338249,11.4638707113096,0.563495663707895,-7.19375725096118,-14.1973704055479,160.416920196786,-5.41791141099431,13.3603461821862,-0.31506448057501,4.45943438827543,-15.27633819925,-155.664567592632,-6.87250996887271,14.6237169769147,0.928164438325379,-62.0906316697365,-39.1949939576966,-106.315547171804
84.97,-0.363997409230064,8.91926481158802,0.780230643424946,-22.3823764896514,1.26349474431472,12.9092723731049,2.45604324654303,9.26997906359231,0.545703320738957,10.1339149181297,18.3083143363995,-109.495736646135,-4.04717015032578,9.50438285428543,0.603081875544698,-4.96821255085035,20.3277638388017,53.1198608449372,-0.541385671685928,9.95251438744362,0.384640182938076,-22.7882646822648,0.732449677337603,-8.84244783838653,2.07249956021727,11.1951853154687,0.562193414391964,-6.73858328975967,-14.0752016617376,161.137466782262,-5.40469005563121,13.0042219184532,-0.26043342265768,5.11654177256131,-14.7400577900216,-154.911246407332,-6.25185608057757,14.4431330487934,0.798762443475291,-57.0153588929529,-35.0185999478009,-104.926033554223
84.975,-0.323954518722941,8.7792355144094,0.795289988414878,-23.355483797131,2.5660155530107,13.1417073071673,2.37754798538599,9.15177636760468,0.669890454797224,10.6405119196372,19.290352161668,-109.228605961679,-3.94906197766793,9.40260695738389,0.696811237415645,-4.9577435660839,21.4655490685931,53.3573735937642,-0.604325193007688,9.93919765272945,0.432696449335654,-23.9864893186367,0.580724627088864,-9.64279271420582,1.96058492931924,10.9232512228441,0.550647364202928,-6.27697777271876,-13.898705941614,161.639748911198,-5.37055500411105,12.6161791028793,-0.200213026236785,5.71195730751627,-14.1374890680037,-153.67898818473,-5.62131115528213,14.2481034962578,0.691681618582569,-51.2521891612925,-30.560520147698,-102.942360337277
84.98,-0.291316950893921,8.63544317731576,0.805506468148919,-24.3175871744554,3.78392369098492,13.3243286574992,2.31206087665542,9.03999032241955,0.797836296935911,11.0781027193538,20.1638481956427,-108.914641745548,-3.84422150797783,9.30828248311458,0.790693617131302,-4.89684269483543,22.4797099164644,53.4875838141801,-0.662177025544458,9.9246766648289,0.479899350890842,-25.0445436267167,0.424491723191637,-10.3023465652711,1.85180775370899,10.6508403565478,0.530392425957547,-5.80979511192982,-13.6589557053879,161.942034020097,-5.31699186065698,12.2020924696458,-0.134426906653276,6.23347703678467,-13.4676901270158,-151.990547100287,-4.98688547495435,14.0414726474971,0.608096815492746,-44.8475710853906,-25.8912043275922,-100.304774978712
84.985,-0.266196475003657,8.48965098487293,0.811067136337396,-25.2524102833746,4.90675483828473,13.4615831991243,2.25977351400171,8.93607381358022,0.928212133502834,11.443212409027,20.9146262320342,-108.54334227291,-3.73406101759313,9.22108239046364,0.883988765996163,-4.78467246457074,23.3556741117103,53.5072987717336,-0.715748244156112,9.907801095033,0.526042235718655,-25.9475378196533,0.260485101189323,-10.8369836194062,1.74701454696903,10.3808663955046,0.503234002475573,-5.33847132579918,-13.3499000473902,162.063328692358,-5.2456251085185,11.7683453656662,-0.0635365871805673,6.67056285573781,-12.7331083496946,-149.870914471682,-4.35424802542363,13.8262418761181,0.548122696448497,-37.8552148186401,-21.0813097944589,-96.9655250879274
84.99,-0.248555690721405,8.34370292781877,0.81218146049866,-26.1436809740133,5.92503050708229,13.5581915939919,2.22055117817573,8.84125014596418,1.05964718611989,11.7331954095081,21.5296351938718,-108.104910867841,-3.62073490542589,9.14010650225005,0.975989406964964,-4.62130720705549,24.0800595250162,53.4143405447286,-0.766623757789281,9.88733855778923,0.570940307543026,-26.6813048843629,0.0862022499385648,-11.2643558781444,1.64724644553162,10.1163249531452,0.471187246795818,-4.86498047805905,-12.9685794105575,162.023225219598,-5.15818010517573,11.321672975351,0.0115758562332412,7.01493880548496,-11.9393927857394,-147.346551045276,-3.72867306664545,13.6054546742971,0.510832732175098,-30.3359329301654,-16.1997868885318,-92.8901679870841
84.995,-0.238212413430353,8.19948500953203,0.809086345150221,-26.9756506682963,6.83034113329191,13.6191153913711,2.19393913474431,8.75650225492054,1.19076216509821,11.9462917426173,21.9972164205645,-107.590545664433,-3.50424134491437,9.06625690275478,1.06601709424373,-4.40774094482602,24.6409589015614,53.2076449362485,-0.813702394699004,9.86338077156583,0.614516197904483,-27.2327235702404,-0.0999756950634439,-11.6032364893083,1.55373419051449,9.86022637927629,0.436408645719323,-4.3917743638825,-12.5152407565983,161.841753524033,-5.05645171082978,10.8689976588308,0.0896486161854507,7.26109890348319,-11.0950717174613,-144.444631958149,-3.11500185904583,13.3820723200944,0.49432990690061,-22.3573782360996,-11.3120696950621,-88.0585405410704
85,-0.234847390594804,8.05888547498245,0.802051829224536,-27.7335915557997,7.61542555289471,13.6495191802858,2.17917620663074,8.68256841302853,1.32020074910572,12.0816654470324,22.3073324264762,-106.992697855369,-3.38332804329465,9.0012799178366,1.15341938819797,-4.14585723748486,25.0281896991416,52.8873311119369,-0.854385399314707,9.83675982832084,0.656738646594827,-27.590028754765,-0.298723255133508,-11.8728752671492,1.46787706680146,9.6155224459107,0.401122173836976,-3.92170749287502,-11.9933503167781,161.539230693455,-4.94228005774707,10.4172591998552,0.16910074770799,7.40670082868373,-10.2111161064135,-141.192327282703,-2.51761582316168,13.1588437099678,0.495863294721006,-13.9936438224857,-6.47845733224897,-82.4653765037239
85.005,-0.238015071254046,7.92375484634046,0.79138676324478,-28.4042541811637,8.27424786139574,13.6547269252659,2.17521571424029,8.61994416397929,1.44665751970775,12.1394249299929,22.4517532515596,-106.305292635502,-3.25804884185653,8.94567497157809,1.23756150215955,-3.83836396748843,25.2335030704954,52.454738551828,-0.887651734011175,9.80779837295925,0.697509578450178,-27.7431013162407,-0.509771604164788,-12.0923856763662,1.39120605083983,9.38502859661667,0.367542582468157,-3.45794975328721,-11.4095042567653,161.136100361092,-4.81753300588202,9.97324292632181,0.248108137917541,7.45282622778725,-9.30041402061591,-137.616139384472,-1.94041727009024,12.9381743545245,0.511982561002846,-5.32469251765519,-1.75276326321846,-76.1205687697921
85.01,-0.247157065032279,7.79586658970822,0.777443783527108,-28.9762690766382,8.80207185107369,13.6401716650868,2.18075374517713,8.56889006255323,1.56890104050646,12.1206254624791,22.4241985888286,-105.523907679258,-3.12939087996879,8.89914119230023,1.31782538160069,-3.488697907956,25.2507479283761,51.9124296186178,-0.91357861927678,9.77657829694318,0.736672532613609,-27.6837308066821,-0.731969588478107,-12.2801805317339,1.32533230099663,9.1713438606246,0.337798601322546,-3.00388946827684,-10.7732407436653,160.65275484932,-4.6840939890221,9.54340900312103,0.324690066058821,7.40409555037396,-8.37718395072736,-133.741315875136,-1.38681419696331,12.7220010205373,0.538720933292814,3.56441212527695,2.81870341843125,-69.0490816968664
85.015,-0.261617871146052,7.67687925895602,0.760622961269051,-29.4404778920159,9.19553238868967,13.6113380024434,2.19426451032966,8.52944465127967,1.68579105712347,12.0272544186237,22.2204359591476,-104.645904692152,-2.99854093497732,8.86122779748752,1.3936111633124,-3.10090544878666,25.0759881491503,51.2641578262818,-0.932471970988359,9.7433174121476,0.774036350387762,-27.4058455518204,-0.96339933603544,-12.453471108077,1.27188298884394,8.97677092879975,0.313858912671573,-2.56302982936781,-10.0967599262406,160.109334335286,-4.54338445415199,9.13454226418943,0.396802985474846,7.26863273322682,-7.45635611713296,-129.591353816039,-0.859302925873115,12.5125198790657,0.571924706248806,12.5844935606339,7.19777934146654,-61.2905237591249
85.02,-0.280662426526513,7.56830096825103,0.741373608686914,-29.7901820272577,9.45270230696447,13.5736971874342,2.21404227373823,8.50144196528797,1.79628920024606,11.8622002158452,21.8383371478895,-103.670510387128,-2.86685409408578,8.83137519154843,1.46433589132491,-2.67950693826986,24.7075731395959,50.5148035928784,-0.944850254037744,9.70836989089988,0.809374655603869,-26.9057062143875,-1.20153755766122,-12.6278413963478,1.23242727211216,8.80323921951075,0.297463690359929,-2.13888186259779,-9.39456115107975,159.525499191685,-4.39500929338539,8.75632682432034,0.46243766351247,7.05788234381676,-6.55295051422487,-125.187607154054,-0.358280261396067,12.3148706543018,0.607898456420851,21.6434782648255,11.3546880796054,-52.8983933990095
85.025,-0.303495007437974,7.4714570356935,0.720193861492529,-30.0213000586698,9.57315269741752,13.5326351102109,2.23824903137064,8.48453273411954,1.89946307160867,11.6292062168921,21.2778967616008,-102.598844196271,-2.73582357331631,8.80894667063147,1.5294330659073,-2.2293526413939,24.1461640292885,49.6702807413228,-0.951432294041453,9.67221475975998,0.8424290984289,-26.1820602007369,-1.44345074022653,-12.8169059365114,1.20839590669379,8.65223398835005,0.290064272814272,-1.73485709916817,-8.68300924972049,158.920173967076,-4.23965508912485,8.41669135794541,0.519701435409429,6.78628859974244,-5.68147866507107,-120.549005304931,0.115490004795065,12.1323837642769,0.642903705837183,30.6478361435303,15.267883721584,-43.9390117845511
85.03,-0.329279016389684,7.38746161728359,0.697627812268232,-30.1324291815281,9.5580039615612,13.4933741539501,2.26496678337307,8.47820835751674,1.99448413633178,11.3328110954073,20.5412179705959,-101.433891167492,-2.60704028101863,8.79325908349259,1.58835326977881,-1.75547829119183,23.3947194790861,48.7374181567662,-0.953114239615734,9.63543858330301,0.872915993717233,-25.2362554244424,-1.6860102883755,-13.0320560547144,1.20099853959227,8.52473461827112,0.29277317199899,-1.35416295209427,-7.97984385615396,158.311264031114,-4.08225234431419,8.11504044993939,0.566898293206448,6.47085169212461,-4.85539306399135,-115.691886514153,0.558090283232584,11.9598484658504,0.672301151500745,39.5042256486507,18.9235253734163,-34.4901564190102
85.035,-0.357157189745994,7.31719411708411,0.674260132469062,-30.1248102538218,9.40996462525653,13.4608905480145,2.29225292496259,8.48182669314736,2.08062036856587,10.9782773296502,19.632471179437,-100.180419830071,-2.48214317930206,8.78361121131334,1.64056603786725,-1.26296764056716,22.4584463618093,47.7238217486343,-0.950935764839745,9.59871303177322,0.900535295213412,-24.0723127936065,-1.92611246518472,-13.2822955903778,1.21114307337769,8.42116513142826,0.306326155733713,-0.999703450888927,-7.30364738790784,157.715348566728,-3.92757014815506,7.84873791920056,0.602599030135666,6.1305818133338,-4.08660433415718,-110.629945329049,0.966226113882228,11.7903995695826,0.69172500693837,48.121306751671,22.3146361388623,-24.6394104753014
85.04,-0.38627176275355,7.26128111619167,0.650708279682574,-30.0022004509322,9.13335473387812,13.4398294714333,2.31819700593582,8.49463872157087,2.15722503439684,10.5715095655728,18.5578314675944,-98.8448463423871,-2.36276241114762,8.77930874064681,1.68556312164285,-0.756828385732744,21.3447212684635,46.6377221906071,-0.94603672230322,9.56276829890146,0.924980804233802,-22.6969574013486,-2.16088787289497,-13.574163643328,1.23936161235073,8.34135967523597,0.331057638065644,-0.673987519938144,-6.67328852917333,157.147356221083,-3.7777318062926,7.61804851204576,0.625695460318923,5.7858750717487,-3.38508156172945,-105.374289440225,1.33941412289025,11.6206509169355,0.698001646795074,56.4116678585374,25.4400218284901,-14.4822454581014
85.045,-0.415784126018946,7.22008450003204,0.627612527884095,-29.7706616285703,8.73411060081716,13.4344205490131,2.34097691003166,8.51581523681783,2.22372330138083,10.1189645851306,17.3254001827746,-97.4350479304436,-2.25046168587658,8.77969138388377,1.72286328315505,-0.241886440454648,20.0629888830986,45.487813862986,-0.939608547001729,9.52837069997421,0.945950547862651,-21.1196088578178,-2.38788627450008,-13.9117388606247,1.28574738213155,8.28454527232481,0.366890119899407,-0.379046501514994,-6.10735880931458,156.620232217727,-3.63413959231137,7.42323919739212,0.635448015153542,5.45783801766237,-2.75854645498549,-99.9335975062842,1.67827237689864,11.4478271890486,0.688847262808981,64.2937975719519,28.3030410678454,-4.11986016298096
85.05,-0.444893508494498,7.19369636075602,0.605624175448609,-29.4382759853098,8.21976778395946,13.4483964947772,2.35891240913181,8.54447281837137,2.27959852364259,9.62755455155799,15.9451151218543,-95.9601304115551,-2.14672085964457,8.78422976811584,1.75201881479957,0.277298080175142,18.6246427847596,44.2830900639126,-0.932864139387763,9.49638088344765,0.963156092409977,-19.3523315383252,-2.60522468756699,-14.296717484533,1.34990667138053,8.24934353254912,0.413337960841794,-0.116362206365313,-5.62362019431024,156.144607952021,-3.49808016318281,7.26349215124372,0.631510664731869,5.16758883826251,-2.21226723470431,-94.3143664960756,1.98393060865333,11.2688123565991,0.662776930683634,71.694020508882,30.9103278647777,6.34319252145036
85.055,-0.472854237805902,7.18194109211748,0.585392372719939,-29.0148034781743,7.59941945012484,13.4849175417777,2.3705140705874,8.57969844216985,2.32438007495782,9.10454511350769,14.4286524168073,-94.4301563560211,-2.05284339930366,8.79248924413241,1.77262343380788,0.796491526519044,17.042893269659,43.0326789544514,-0.926963862781707,9.46766876517635,0.976332898867625,-17.4097456931007,-2.81168962271364,-14.7285557026067,1.43092929686326,8.23379234678315,0.469525318719176,0.113193544998246,-5.2384814846074,155.728485874259,-3.370690384856,7.13692368420192,0.613935458227303,4.93556347854101,-1.74895369942482,-88.5212345984543,2.2579847178877,11.0803309930371,0.619125011802395,78.5483092249947,33.2705687607891,16.8015473926042
85.06,-0.498991159576015,7.1843848756653,0.567550068672445,-28.5112977324723,6.88364778457859,13.546504071626,2.37452564772091,8.62057217854593,2.35763449356727,8.55744986760495,12.7893217054169,-92.8558420410509,-1.96977347321644,8.80390346218182,1.78432175123878,1.31182408369048,15.3326254791961,41.7456839252054,-0.922890847458443,9.44282840269845,0.985249091143012,-15.3089003417081,-3.00678777281339,-15.2046655911797,1.52738035522419,8.23538782992137,0.534217645591682,0.309407170606826,-4.96652067671596,155.376953641954,-3.25292744691295,7.0406449948263,0.583159059676366,4.78085407855333,-1.36875082576163,-82.5573638339805,2.50242498844429,10.8791564728171,0.558024070789973,84.8038822562664,35.3934287816948,27.1516786447965
85.065,-0.522712831508325,7.2003524916132,0.552699608459296,-27.9396988574661,6.08442679327697,13.6349796117441,2.36995836109552,8.66618752082698,2.37896144989197,7.99392262507336,11.0419545752605,-91.2482326869669,-1.89810560820687,8.81784747385707,1.7868204048333,1.81980544305699,13.5102496327025,40.4310312011435,-0.921436531802178,9.42223541810587,0.989708678721672,-13.0691087381814,-3.19074311811092,-15.7206530803852,1.63731510064938,8.25114594647286,0.605865669486549,0.472758841775193,-4.82006921444384,155.091941971815,-3.14557381484953,6.9708718219566,0.539972417655922,4.72060523345181,-1.0693246143583,-76.4248651410122,2.71951107666963,10.6623392729168,0.480349497970742,90.4205018345492,37.288703755286,37.2945861909936
85.07,-0.543522135586205,7.22895109539473,0.541398519528108,-27.3124224144344,5.21499566820775,13.751426108054,2.35611586251438,8.71566900776716,2.38799564296926,7.42164890496039,9.20278479077525,-89.618366463046,-1.83817712493564,8.83385409085501,1.77990043431016,2.31732167400418,11.5935436660823,39.0973266385592,-0.923235666524185,9.40626698098755,0.989555314497831,-10.7117471142459,-3.36444209738111,-16.2705860533214,1.75831768772676,8.27768234295723,0.682660332595612,0.604444883400274,-4.80887216494187,154.872040289933,-3.04921742351607,6.92305678669027,0.485475511854127,4.76949072055485,-0.846030752284264,-70.1252479375295,2.91165905732035,10.4274193305108,0.387622087658497,95.3713945839778,38.9657524973223,47.1384255330396
85.075,-0.56102397680597,7.26910030011776,0.534146004435906,-26.6419635129209,4.28970277639968,13.8961530504871,2.33260912745433,8.76818694321485,2.38441519782005,6.84823807435238,7.28931759376343,-87.9769383606475,-1.79002542447836,8.85157658370849,1.7634309299786,2.80161716279428,9.60148722564156,37.7527229213992,-0.928727852902539,9.39524867411197,0.984678363108404,-8.26001754157165,-3.52933201276075,-16.847281115423,1.88756327696878,8.31130797612486,0.76259671974938,0.706386734227798,-4.93983578549583,154.712383166437,-2.96419339586578,6.89203955021198,0.42101990993838,4.939289562418,-0.692154133555694,-63.65987603885,3.08136154575059,10.1726038123861,0.281874707419691,99.643734856287,40.4332332373507,56.6009783638136
85.08,-0.574929777016425,7.31956761104466,0.53137061594098,-25.9405335192423,3.3238212539838,14.0686815876646,2.29936099992812,8.82296915466018,2.36795653547138,6.28111756219328,5.32018451856335,-86.3339752156527,-1.75334380019515,8.87071006492165,1.73738326474051,3.27026608001423,7.55408489134363,36.4047978190532,-0.938123313531079,9.38936610372459,0.975018014427226,-5.73867613713345,-3.68728094918948,-17.4425987139065,2.02190167713249,8.34813724797705,0.843544603635787,0.781226101844341,-5.21687072434052,154.604618645484,-2.89056714472796,6.87223653643475,0.348142563483566,5.23857571620534,-0.599205436818146,-57.0304123588552,3.23107132578337,9.8969207912526,0.165507086860947,103.238652744717,41.6991374992462,65.6118559798804
85.085,-0.585058544574853,7.37900798516071,0.533419527333194,-25.2197442664208,2.33333812188585,14.2677442356883,2.25660057962914,8.87930984770323,2.33843508675168,5.72743057856977,3.31497975297663,-84.6985328924044,-1.7274921670783,8.8909787404514,1.70184511586682,3.72113805203161,5.47217580155658,35.0604438666411,-0.95140549317433,9.38865701507961,0.960569915847012,-3.17372839077673,-3.84040994112772,-18.0477378673777,2.15795936903076,8.3842046142949,0.923322860137186,0.832305863802766,-5.64083528188715,154.536966959019,-2.82814658844357,6.85785429535305,0.268494794153171,5.67253044580561,-0.557259812579175,-50.2392359917219,3.36307150087319,9.60033134052382,0.0411351493030492,106.170755370934,42.77108473635,74.1143307435393
85.09,-0.591334407800485,7.44600605485633,0.540549732067294,-24.4903512041288,1.33471976235672,14.4913002240997,2.20484806661892,8.93657570126287,2.29577066961934,5.19393876784833,1.29407413804289,-83.078425913375,-1.71152300093888,8.91212465527394,1.65703364354136,4.15236256549066,3.37722658372498,33.7257697712556,-0.968347118998084,9.39301112514372,0.941390187048728,-0.592094020249806,-3.99090970866879,-18.6535234212664,2.29225549712977,8.41558506942782,0.999774683610412,0.863636226368179,-6.2095788451085,154.494374780723,-2.77649247408838,6.84310690697081,0.18377072733041,6.24288071847966,-0.555322243092552,-43.2898169874786,3.47937261609034,9.28378214642996,-0.0885597246918666,108.467178125596,43.6568155000215,82.0667027824239
85.095,-0.593780634306063,7.51911938303182,0.552921423433895,-23.7620628713671,0.344657455768868,14.7365659768784,2.14489104267359,8.99420941799618,2.24001587694807,4.68693120616696,-0.721596555644115,-81.4799986647954,-1.7042198641184,8.93389739769285,1.60330697156784,4.56229616467376,1.29110469838227,32.4060139990075,-0.988537425405128,9.40217562385906,0.91760073986316,1.97875559089175,-4.14085492064965,-19.2506802581699,2.4213263163486,8.43851355646475,1.07084030290653,0.879845730405868,-6.9180809526682,154.458766221851,-2.73493942139877,6.82243265174476,0.0956394842084336,6.94796097825264,-0.581704265470699,-36.1870363439697,3.58163224612829,8.94919992653831,-0.22096809050477,110.166209513654,44.3648025482418,89.4431294963749
85.1,-0.59251031016217,7.59692103108336,0.570593731532594,-23.0434196534963,-0.620202574871969,15.0000597161006,2.07775345137228,9.05173100297121,2.17138545483202,4.21214112097692,-2.71077142286343,-79.9079457862371,-1.70414614976952,8.95604566224648,1.54117305973512,4.94949576415978,-0.76417001240443,31.1054713011056,-1.01141803890106,9.41576582592148,0.889394557882798,4.51118364379472,-4.29202863389042,-19.8300902160101,2.54185175416375,8.44949824546143,1.13462382936411,0.886116929267013,-7.75867668680587,154.409387348527,-2.70263275058963,6.79067572067394,0.00568519844135684,7.78288964613521,-0.62439746820145,-28.937441404445,3.67109541302209,8.59940561419675,-0.353668854278564,111.315556864119,44.9048901056979,96.2338730308589
85.105,-0.587714016382108,7.67803973781064,0.593522937527466,-22.3417402915468,-1.54353954715196,15.2776587087433,2.00465872463206,9.10873708867952,2.09028442045054,3.77467166761467,-4.6521331960601,-78.3651875312356,-1.70970123721332,8.97831136523668,1.47129505592069,5.31270046621094,-2.76669663932461,29.8274333162103,-1.03632455314474,9.43328027556055,0.857040363162733,6.97779343819752,-4.44576837941633,-20.3830285990549,2.65077732893593,8.44542281607908,1.1894510263283,0.8881069643466,-8.72135454605414,154.323236345597,-2.67859515435939,6.74310613294677,-0.0846417873332647,8.73984602435637,-0.671430459338405,-21.5494299270227,3.74853182411386,8.23783989630497,-0.484526506300912,111.970338583074,45.2888724051078,102.444953422499
85.11,-0.579645006623032,7.76119613211039,0.621563245886025,-21.6631304207476,-2.40964336352307,15.5646672773186,1.92698858797686,9.16489864793859,1.99733260570562,3.37893205332284,-6.52460510696543,-76.8528038424391,-1.71918104722147,9.00042676162632,1.39449228056647,5.6508232299398,-4.69498690854101,28.5741447479811,-1.06253065881361,9.45411950436474,0.820885934488325,9.35184801342698,-4.602843441298,-20.9013780575287,2.74542480141318,8.42363342532902,1.23391523647658,0.891853817114952,-9.7941090475619,154.175566893183,-2.66173504152125,6.67578137894645,-0.174059127542505,9.80842836838502,-0.711197814125441,-14.0333594930121,3.81429309831136,7.8686118247076,-0.611715354913406,112.190900413377,45.5309332393059,108.097229375302
85.115,-0.568602542949718,7.8452336295548,0.654470165417187,-21.0125439406273,-3.20369873483771,15.8558934155893,1.84623907261604,9.21995743130526,1.89338343601551,3.02858525967677,-8.30767290894007,-75.3700287052381,-1.73084001069384,9.02211474386691,1.31173613944003,5.96295268074036,-6.52827895220705,27.3467768693881,-1.08929181663976,9.47760762036254,0.781359284180323,11.607698047077,-4.76337038277936,-21.37781817734,2.82358573018113,8.38200694929368,1.26690946627431,0.90366968945489,-10.9633275241979,153.940448291405,-2.65084415476538,6.58611338647391,-0.261470901673536,10.976070235591,-0.732751752958621,-6.40158251003144,3.86844986124056,7.49675385490347,-0.733697266032394,112.040557400984,45.6478867141753,113.224960754455
85.12,-0.554914162034757,7.92914297309119,0.691906512229497,-20.3938856121134,-3.91206185632086,16.1457317543721,1.76397519309898,9.27372143506692,1.77953505114756,2.72650857736623,-9.98172698135779,-73.9143041332675,-1.74295168809223,9.0430922404301,1.22414048329991,6.24836436264237,-8.24686680793373,26.1454201747326,-1.11588583088373,9.5030159426981,0.738966967141446,13.7212113641272,-4.92677104879542,-21.8059893224315,2.8835935266509,8.31899829666217,1.2876436550879,0.930023697090087,-12.2141893920876,153.591362853619,-2.64474098574221,6.47260416978967,-0.345970372824847,12.2284903087419,-0.726049844465607,1.33158933947211,3.91074270304673,7.1276888244486,-0.849235222879168,111.583359897741,45.6591828579711,117.873933230073
85.125,-0.538917699960778,8.01207973733196,0.733450984563586,-19.8101421128143,-4.52252304260518,16.4282507487442,1.68178564177531,9.32605965633915,1.65713230718309,2.47476811243945,-11.528417333746,-72.481391019239,-1.75386565194566,9.0630764036534,1.1329462222086,6.5065398925525,-9.83243927970457,24.9690978460408,-1.14164822411217,9.52958794886875,0.694288983428488,15.6701965748508,-5.09177435509114,-22.1806291719455,2.92437144185799,8.23366593544774,1.29564730226728,0.97741676494753,-13.5310568735504,153.101819498673,-2.64239387696602,6.33447676135221,-0.426828150759642,13.5501510426771,-0.682154695901531,9.14998397807714,3.94053523096063,6.76663613323308,-0.957368296535343,110.881971987762,45.5866669569768,122.099243467736
85.13,-0.520943890248595,8.09337448254712,0.77860915741507,-19.2635287983846,-5.02454858078655,16.6972822913114,1.60123872677161,9.37689632998532,1.5277587043057,2.27460831338349,-12.9310124194488,-71.0655321786332,-1.76205867043678,9.08179312358879,1.03950032954216,6.73719181172932,-11.2684199165836,23.8158013203417,-1.16600090671017,9.55656484339907,0.647970017693564,17.4348124835516,-5.25646037095645,-22.4976801689229,2.94545579466573,8.12567602977901,1.29075867473044,1.05225219119539,-14.8978387318506,152.44596245828,-2.64293908513996,6.1718266874374,-0.503469473646303,14.9247036661865,-0.593384169457322,17.0357210105814,3.95692237138608,6.41857511625956,-1.05732268687826,109.995736148127,45.4541054320151,125.962851946651
85.135,-0.501300275516599,8.17253558411104,0.826826604653283,-18.7556403586715,-5.40949509817153,16.946512418949,1.52384064603023,9.42620477490397,1.39321781755892,2.12645736101572,-14.1747510929182,-69.6596613277268,-1.76588029535523,9.09914532594937,0.945230607017828,6.94029145979496,-12.5402982945153,22.6825486703154,-1.18815337412656,9.58331911042642,0.600711596805423,18.9979540382924,-5.41834268713923,-22.7543659775656,2.94699532250212,7.9952865792074,1.273102583132,1.16070572277491,-16.2983125823969,151.599155388659,-2.64571261825516,5.98569681261004,-0.575443901438426,16.3354008671029,-0.453412929321902,24.9694046685662,3.95881891772652,6.08818841507804,-1.14842159876317,108.978981030001,45.2865113874059,129.531010700977
85.14,-0.480257063053082,8.24924505849664,0.877503699612791,-18.2875950919556,-5.67079002820128,17.1695722616047,1.450997043106,9.47400091177219,1.25550434668866,2.02994892442669,-15.2471759374902,-68.2556505372759,-1.76295805871824,9.1155374584065,0.851617422899742,7.11609692605732,-13.6359416679485,21.5654658028428,-1.20644624435935,9.60959593219416,0.553267038860621,20.3456048127552,-5.574482978357,-22.9492352130073,2.92972864621809,7.84331364095511,1.24305914126116,1.30859912240347,-17.7163961336796,150.538523528518,-2.65029681290231,5.77799973466427,-0.642391264921372,17.7654632355577,-0.257327913119333,32.9303439577531,3.94500427606605,5.77971406874119,-1.23000587072149,107.879612042027,45.109318127524,132.871666916845
85.145,-0.458035432706013,8.32334795432129,0.930011501255532,-17.8601643648879,-5.80407232470912,17.3601287808315,1.38397862884527,9.52033645937732,1.11676543553447,1.98396030370108,-16.1384356777962,-66.8445879043275,-1.75175110214459,9.13105677944188,0.760157236624192,7.26517806664303,-14.5458755221934,20.4598897107067,-1.21999842033423,9.63496775740599,0.506403124470151,21.4671454526345,-5.72163013328177,-23.0821712239249,2.89494253097875,7.67108215430826,1.20122607012888,1.50128110045213,-19.1363626435078,149.243439459625,-2.65655635699152,5.55141273858015,-0.704008028761494,19.1983905866882,-0.00164156362564961,40.8967859212422,3.91415471300128,5.49682626141164,-1.30136603407152,106.738008466243,44.9474582206421,136.051932531948
85.15,-0.434798681869027,8.39483607766257,0.983708028633083,-17.4738807843215,-5.80728841609521,17.5119751008328,1.32389148436476,9.56529177932856,0.979253418565025,1.98666636941691,-16.8415445529921,-65.4170767619785,-1.73305875531049,9.14475301696579,0.672325415890199,7.38843571197605,-15.2635216831776,19.360492251061,-1.23028310233444,9.65834019724439,0.460859008560965,22.3556073219776,-5.85637539203712,-23.154367543452,2.84441401716983,7.48036415717238,1.14837707268871,1.74351914896116,-20.5430004875768,147.695941198123,-2.66466182233388,5.30925276514713,-0.760017563171781,20.618214145377,0.315732616853019,48.8461483718374,3.86486321126279,5.24254712934731,-1.36169348816361,105.586237072704,44.8244090600051,139.135696705248
85.155,-0.410646465546571,8.46382697401049,1.03795418271332,-17.1291205466425,-5.68073947933381,17.6191203257245,1.27165249927004,9.60896832378327,0.845271596394919,2.03560801158445,-17.3525873686018,-63.9635476520306,-1.70786811996137,9.15584478836404,0.589538060037484,7.48711251125001,-15.7853834297613,18.2614222269045,-1.23879299963602,9.67879636969357,0.417349390179969,23.0078608837251,-5.97531458696083,-23.1682697253115,2.78033969113744,7.27330733540483,1.08541866820315,2.0394052726827,-21.921720737058,145.881074582836,-2.67509957730925,5.05533787852502,-0.81014708016459,22.0096899404772,0.695537316818937,56.7552396333082,3.79564887448017,5.01918902951212,-1.41005607858814,104.447581070148,44.7612638942718,142.181443859537
85.16,-0.385612258733165,8.53053919174712,1.09212860610306,-16.826157251077,-5.42707740158597,17.6758786743486,1.22797025535714,9.65148064774161,0.717114992010782,2.12777309008643,-17.6708603936152,-62.4745744583637,-1.67627041015823,9.16426734988134,0.51311337771593,7.56279334058202,-16.1111684282405,17.1564629512646,-1.24587921421886,9.69599279472085,0.376556585907021,23.4247292532834,-6.07520874321658,-23.1274855958801,2.70525542606908,7.05235689543125,1.01334767955674,2.39227789588544,-23.2586198576577,143.787155102245,-2.68866763528871,4.79384137577743,-0.854113098938202,23.3584374342901,1.13725657389501,64.6004546116455,3.70495936492307,4.82832516417754,-1.44540069062905,103.33637481211,44.7758810185071,145.240326219155
85.165,-0.359664038149781,8.59526490479384,1.14564088426975,-16.5651861163792,-5.0512482126445,17.6769575856735,1.19333154364324,9.69294797267628,0.597008277405128,2.25968721324657,-17.7989401909435,-60.9411864653111,-1.63839514330755,9.17015065791286,0.444240727394297,7.61739380525865,-16.2438421302393,16.0392019901525,-1.25174788318322,9.70979803763281,0.339103557555815,23.6110189034591,-6.15313485566382,-23.0366673564686,2.62194989010294,6.82017371408839,0.933211336330671,2.80466138648183,-24.5405069891507,141.405947313089,-2.70645766968316,4.52914416084217,-0.891616364972492,24.6510303036194,1.639224083129,72.357938741535,3.59117075059442,4.67078550751455,-1.4665828230444,102.25812863373,44.8821544879429,148.354527163412
85.17,-0.332708055280061,8.65834098364458,1.19794266525688,-16.3463190421838,-4.56038323066315,17.6175442102324,1.16799359919064,9.73348532460157,0.487043181947428,2.42751114471107,-17.7426747032388,-59.3551685901406,-1.59462815176044,9.17369906775075,0.383951304411787,7.65313606237735,-16.1896063804441,14.9032094015796,-1.2566882199692,9.72020881312401,0.305535790776134,23.5754615719071,-6.20661955091458,-22.9013702314098,2.53337502081765,6.57955161037627,0.846071686718604,3.27822376299256,-25.7549067285398,138.732762765843,-2.72982404462446,4.26569037852957,-0.922346256701004,25.8750483617417,2.19875011029386,80.0037138952422,3.452589376139,4.54667446285377,-1.47242066359546,101.209923751573,45.0894385110948,151.555940526816
85.175,-0.304595453951295,8.72011958535432,1.24853646306082,-16.1695523536912,-3.96363959685032,17.4933894628185,1.1519820430422,9.77319430922527,0.389117712346014,2.627141316194,-17.5110933330189,-57.7093425923857,-1.54559021316058,9.17519330265755,0.333092550691556,7.67251194730173,-15.9578002420651,13.7422205033209,-1.26104921198401,9.72734919035237,0.276308236700474,23.3305638456189,-6.23374955451975,-22.727893222546,2.44255650823573,6.33333640586385,0.752975672358692,3.81375232882415,-26.890048944788,135.766479794715,-2.76034123934591,4.00785061270282,-0.945993927248168,27.0191008686017,2.81226269599315,87.5137630990558,3.28746001979625,4.45540650410877,-1.4617691090797,100.181053400142,45.4021456274753,154.865181083419
85.18,-0.275131374582677,8.78093929251299,1.2969820702688,-16.0347103618869,-3.27199323884751,17.3008886026535,1.14509441934363,9.81215363038745,0.304879445030526,2.85430982815104,-17.1162352995052,-55.9978226800195,-1.49211004077097,9.17498851089427,0.292307781311272,7.67823416651297,-15.5607224196243,12.5503190149199,-1.26521531716082,9.7314641852138,0.251775427994151,22.8923635557226,-6.23325438591265,-22.5231078872125,2.35250709748454,6.08434918747141,0.65493179303564,4.41114627917667,-27.9348569198316,132.50949059748,-2.79975147295514,3.75979620885113,-0.962272746682803,28.0728319146412,3.47545903227385,94.8640737589784,3.09398375080591,4.39575620578783,-1.4336076264559,99.153882770992,45.8195269557723,158.290932772383
85.185,-0.244086086920204,8.84109777522667,1.34290061734887,-15.9413689816353,-2.49798857111204,17.0371571330676,1.14690909990675,9.8504095101812,0.235674998812576,3.10468043382034,-16.5728982258226,-54.2162396412961,-1.43519266095307,9.17350809714162,0.262021547321886,7.67317706708694,-15.0133771596629,11.3221163457629,-1.26958214456053,9.73290788316311,0.232184899255466,22.2800950516501,-6.20455839004268,-22.2942810119891,2.26614520663878,5.8353158571208,0.552893787889218,5.06942476596338,-28.8789440586934,128.967582686793,-2.84990466263194,3.52538749618084,-0.970944023274053,29.026918171789,4.18346298859183,102.030641896869,2.87034767670385,4.36591952348306,-1.38713496404915,98.1048969759612,46.3356324271322,161.829633905674
85.19,-0.211207607276573,8.9008268841136,1.38597638465833,-15.8887644711183,-1.65545039413374,16.7001006579929,1.15679919996687,9.88796622877695,0.182507561278211,3.37393728706309,-15.8983117008661,-52.3619284638841,-1.3759842890798,9.1712332120934,0.242430994529107,7.66030914504342,-14.3331481507323,10.0529228541613,-1.27453302501348,9.73212638253641,0.217673797731244,21.5157687266842,-6.14780091995816,-22.0488968369616,2.18622096904774,5.58880466371055,0.447751241890766,5.78674847052181,-29.7126276009103,125.149763020586,-2.91269306623262,3.30807789414809,-0.971845527455367,29.8730681136527,4.93098470141391,108.989442472948,2.61476731785563,4.36358383536051,-1.32186348597689,97.0059035965666,46.9394410683318,165.4654928533
85.195,-0.176235191356479,8.96027101038095,1.42595652409255,-15.8756928418899,-0.759164482461404,16.288477180592,1.17395102006444,9.92477706344042,0.146004025676306,3.65786366745319,-15.1117433849391,-50.4340753719973,-1.31573489380685,9.16868801424997,0.23350322797348,7.64261995573245,-13.5394076508591,8.7389070781242,-1.28041731534049,9.72963599278859,0.208268379979878,20.6236737584651,-6.06382508757965,-21.7944842525873,2.11525138931434,5.34717299756673,0.340326561657567,6.56045242059847,-30.4269653454691,121.068033909937,-2.98998305732457,3.110835152103,-0.964920097231141,30.6040299368689,5.71247792257437,115.716373091585,2.32554084140688,4.38600488284621,-1.23770617891672,95.8253545125544,47.6151465203964,169.170823436364
85.2,-0.138913062527748,9.01946946717435,1.46264890610347,-15.900405682564,0.17546574668701,15.8019501770756,1.19738641372975,9.96073596515527,0.126392900229575,3.95240847575586,-14.2340479098365,-48.4338212972624,-1.25575969168062,9.16642106344448,0.234978449567701,7.62304440609005,-12.6530706684327,7.3772392119174,-1.28753122126169,9.72599733133335,0.203885981789415,19.629816563518,-5.95413697590931,-21.538454106658,2.05546588757536,5.11252432028061,0.231377412839483,7.38708762901557,-31.0138186134678,116.737130171867,-3.08354644950318,2.93608034756587,-0.950241627253477,31.2136130811401,6.52229052659761,122.187180193594,2.00111300060161,4.43008915017889,-1.13504998603685,94.529750147477,48.3425806777922,172.906685922027
85.205,-0.0990037579294253,9.07834353935599,1.49591838927506,-15.960508117552,1.13277832494405,15.2411306413969,1.22598838997635,9.99567036875673,0.123493688834254,4.25373902404599,-13.2871711326168,-46.3643199445866,-1.19740081891878,9.16498344980675,0.246378406557634,7.60438753192098,-11.6961062775146,5.96621543303564,-1.29610185569938,9.72178626776519,0.20433901682822,18.5613104669127,-5.82083856547128,-21.2879512240583,2.00876311560575,4.88667572640817,0.121603496574416,8.26246917377516,-31.4659418037852,112.17422698528,-3.19499363948931,2.78564478674669,-0.928036037148422,31.6967257091123,7.3548033414752,128.377378211552,1.64014549565738,4.49248029776965,-1.0148099364212,93.0850873192023,49.0977576455891,176.623816263739
85.21,-0.0563005614683843,9.13668870521985,1.52568191041364,-16.0528644286595,2.09721881921794,14.6076062036808,1.25852919795547,10.0293355889387,0.136717937992005,4.55827951195458,-12.2936240167032,-44.2307497345349,-1.14199037342041,9.1649044898975,0.267019489510431,7.58925279879012,-10.6910198353419,4.50536002903566,-1.30627516198223,9.71756303218163,0.209340573868399,17.4457341581736,-5.66653882919986,-21.0497247371561,1.97667955902027,4.6711362995573,0.0116564573772954,9.18172861069703,-31.7770962158992,107.398627595641,-3.32571061007735,2.66074460161279,-0.898695318877909,32.0494280199636,8.20455243033015,134.262173089204,1.24158968661661,4.56964805411692,-0.878459532853859,91.4583091380563,49.8535200715488,180.263822278467
85.215,-0.0106386239405988,9.19417236078365,1.55190288194267,-16.1735165103158,3.05370423951784,13.903955406172,1.29370010875956,10.0614112979833,0.165081651483514,4.86273553675217,-11.275941388114,-42.0402799197056,-1.09081591065373,9.16666602174712,0.296029673884995,7.57997673062675,-9.66032083882242,2.99550260218353,-1.31810822095003,9.71384114200279,0.218511217802398,16.3104774451796,-5.49424840117523,-20.8300187695289,1.96037008712293,4.46709612888745,-0.0978482740635739,10.1393690972961,-31.9421835238272,102.431439477047,-3.47680156813279,2.56197258219419,-0.86278338531461,32.26899903043,9.06633021826526,139.816402010594,0.80475719776596,4.6579776329365,-0.728034057749157,89.6187120571935,50.5802695101091,183.760620387709
85.22,0.0380954984216694,9.25033719771375,1.57458541710102,-16.3176198350303,3.98797541736012,13.1337452986015,1.33014210527007,10.0915005896415,0.207228357104825,5.16410595209846,-10.2561410339498,-39.8019920547041,-1.04508932251829,9.17067649186077,0.332368436592584,7.57857229819394,-8.62599139036974,1.43882794206741,-1.33156632201951,9.71105798696614,0.231386656991825,15.1820926614621,-5.30726384750314,-20.6344835781998,1.96060027598991,4.27542557073142,-0.206318846765216,11.1293222544745,-31.9573924927466,97.2952468365165,-3.64903872599402,2.48930656583666,-0.821033079933738,32.3540125819146,9.93526148059634,145.01450110683,0.32938397985977,4.75385748952392,-0.566104901398344,87.5392620936279,51.2467614848277,187.042080525742
85.225,0.0899560659467487,9.30461021965714,1.59376885836632,-16.4794010572489,4.8869286002483,12.3015107174069,1.36647671136717,10.1191320927637,0.261461823555047,5.45968426594889,-9.25519820043,-37.5267587797625,-1.00591984467823,9.17724614349347,0.374848825330946,7.5866830302419,-7.60896986484469,-0.161103511184336,-1.34652501179689,9.70954885694171,0.247426022821189,14.0856690836547,-5.10904782447206,-20.4681053627036,1.97775001671119,4.09668404632378,-0.313174658492482,12.145006506277,-31.8203512335474,92.0137864076156,-3.84282049078565,2.44213347763007,-0.774334269754063,32.304416847963,10.8068511759367,149.830512266641,-0.184316177536087,4.85376324841011,-0.395724745615902,85.197770796718,51.8209446058567,190.031840582254
85.23,0.144932274790616,9.35631722416139,1.60952297083793,-16.6521408867606,5.73891744086343,11.4127139782741,1.40133623490226,10.1437655119899,0.325787279222871,5.74705244354925,-8.29254971384452,-35.2270826194694,-0.974291736044137,9.18656468282563,0.422161015083213,7.60554928048996,-6.628663582017,-1.79936628683406,-1.36277714254993,9.70952591195252,0.266020614910658,13.0442462873759,-4.90311127439099,-20.3351516287118,2.01182763145314,3.9311373524742,-0.417835394357701,13.1793873015331,-31.530276412598,86.6116322664677,-4.05813910486245,2.41928785766388,-0.723713391707392,32.1216104845564,11.6770023606891,154.238138934655,-0.735611919550994,4.95433597546985,-0.220345396407408,82.5778833401721,52.2708222201084,192.651246372667
85.235,0.202944381863446,9.40470239997051,1.62194401322652,-16.8281854481984,6.53401738117164,10.4736842837508,1.43339276367511,10.164800858352,0.397959940596917,6.0240703611691,-7.38564087469823,-32.9168982393941,-0.951046959456597,9.198682810547,0.472896925235103,7.63598751536353,-5.70250327704707,-3.46971274679131,-1.38004472821548,9.71106319680039,0.286503099467078,12.0782809133614,-4.69290325352565,-20.2391286167227,2.06249345034854,3.77878216297298,-0.51971246390988,14.2250401260695,-31.0881102962064,81.1138939080846,-4.29455856134072,2.41910344507247,-0.670305186679642,31.8085077539166,12.5420038771723,158.210858931506,-1.32323058302351,5.0524535034106,-0.0437120464669259,79.6698372715796,52.5653153588465,194.821369517826
85.24,0.26384188692306,9.44895246740495,1.63115175365801,-16.9989888822925,7.2642456127524,9.49153694589997,1.46138533939254,10.1815915093046,0.475539651059637,6.28886417939406,-6.5495270559428,-30.6113423366241,-0.936872971755614,9.21349895390677,0.525575739595747,7.6783828897939,-4.84555101690296,-5.16464871921995,-1.39799517699227,9.7140884576816,0.308157302616462,11.2051800281877,-4.48171301106522,-20.1827478343514,2.12909154805785,3.63937618623409,-0.618203760318105,15.274217485344,-30.4966363111009,75.545930172887,-4.55120337405644,2.43947616998565,-0.615317705405085,31.3695845054917,13.3984890819481,161.722099921287,-1.9453514130626,5.14529402280034,0.130260565296278,76.4709609281069,52.675107305292,196.465054021223
85.245,0.327403724195343,9.48822453178369,1.63728737977705,-17.1551891850456,7.92373119319052,8.47407350621397,1.48414484132677,10.1934611109429,0.555950411425559,6.53981656257228,-5.79654055580551,-28.3264960209164,-0.932295505629632,9.23075240749414,0.578670405362259,7.73269476248833,-4.07017191527922,-6.87554169086112,-1.41626120229159,9.71838230827276,0.33022889666235,10.4389130586218,-4.2725876174344,-20.1678997434745,2.21068811154088,3.51247238421763,-0.712692445684011,16.3189210503559,-29.7605640344295,69.9330800676944,-4.82675849324142,2.47793677767405,-0.559992053167159,30.8108969452803,14.243368500287,164.745480313418,-2.59961538585188,5.23039145649766,0.297623538900538,72.9858939957315,52.5734522040307,197.508942340549
85.25,0.393340303892294,9.52167658166097,1.64051216628711,-17.2867180212132,8.5088313116073,7.42966488732405,1.5006162383168,10.1997241942968,0.636543537719568,6.77556101270366,-5.13603163113798,-26.0791051142404,-0.93767599670047,9.25002387721123,0.63063533041289,7.79847419707792,-3.38577846233547,-8.59276052413041,-1.43446342504231,9.72358516324362,0.35193739669113,9.78971288273426,-4.06826692318922,-20.1956336414866,2.30611474200396,3.39745576428421,-0.802550132584026,17.3509799410665,-28.8865752998347,64.3004103521441,-5.11948033954794,2.53173127832472,-0.505558729677231,30.1400658065997,15.0737408899886,167.255115316452,-3.28314994183329,5.30568225507183,0.454533805215557,69.2265271520567,52.2369316481163,197.885432718665
85.255,0.461297172505443,9.54849941756202,1.64100670516193,-17.3829435240327,9.01819096953452,6.36712067107976,1.50987800880327,10.1997102056142,0.71466313005189,6.99498171187537,-4.57419069257863,-23.8862842138774,-0.953213086581254,9.27074411232045,0.679935527002706,7.87489195843568,-2.79865442245601,-10.3058447806954,-1.45223439594332,9.7292121722871,0.372489921270898,9.26387481378256,-3.87113610718638,-20.2661434597209,2.41401492735206,3.2935814828199,-0.887144446405047,18.3621357361854,-27.8833244507407,58.6724791004982,-5.42721861022016,2.59790744306251,-0.453192742513629,29.3662198999856,15.8867887037238,169.225984781824,-3.99260569675053,5.36954333606848,0.597392005184187,65.2116714075779,51.6461433374948,197.53452112717
85.26,0.530860067852753,9.56794878808954,1.63897047041347,-17.4328432299556,9.45274445708055,5.29554831542313,1.51115866811177,10.1927904375923,0.78771252214,7.1972193013592,-4.11395637868874,-21.7652106064594,-0.978947439138734,9.29221090571555,0.72507737326965,7.96077511666399,-2.3118630541213,-12.0037008050164,-1.46924253173165,9.73467603743854,0.391097101311084,8.86365981663939,-3.68319473617053,-20.3787596241741,2.53289198766584,3.20001326324823,-0.965850599353972,19.344134331446,-26.7613875874098,53.0731142537636,-5.74744821985264,2.67340560034691,-0.403969852282859,28.4998949713015,16.6796652789222,170.634356586801,-4.72420121124518,5.42082109341482,0.722972102932843,60.9664796696375,50.7863048007286,196.405483560334
85.265,0.601561224593867,9.57937662601492,1.6346214765016,-17.4252027647753,9.81565806975176,4.22420651175262,1.50385046055904,10.1784071079891,0.85322041696326,7.38168208572661,-3.75501174101776,-19.7328141901816,-1.01476897852011,9.31361426711962,0.764641005325054,8.0546501783275,-1.92524196405322,-13.6748207774105,-1.48521433273261,9.73931708405786,0.406991348971396,8.58730544657851,-3.50604026278539,-20.5319475107727,2.66115698713927,3.11586135586094,-1.03806634859865,20.2888243010691,-25.5331577424293,47.5252062651972,-6.0773104822397,2.75515198634359,-0.358826314059838,27.5528861284359,17.4493821734359,171.458256745448,-5.47377131187978,5.45885175265726,0.828537263715123,56.5216530096859,49.6477537159555,194.458358066368
85.27,0.672886887501039,9.58226044717111,1.62819579068166,-17.3488350334253,10.1122146738588,3.16235694700486,1.48752035418988,10.1561035997132,0.90890546752663,7.54806132395747,-3.49386822059747,-17.8054694789833,-1.06042562600881,9.33406907327229,0.797314136578354,8.15479069992564,-1.63548438008293,-15.3075200333841,-1.49995327501923,9.74243939215061,0.419447446991812,8.42914490695995,-3.34086332032729,-20.7233135605773,2.7971753661943,3.04021942120641,-1.1032295679603,21.1882610029135,-24.2126850738024,42.0505141325945,-6.4136624026418,2.84015285188516,-0.31852433807603,26.538054577964,18.1927058058497,171.677975272047,-6.23681437460472,5.48347371817974,0.911937230839937,51.9124722484578,48.2263257302885,191.665191143621
85.275,0.744286052283856,9.57623012072548,1.61994666985122,-17.1928144611157,10.3496420541141,2.11911854484016,1.46191850723646,10.1255546944152,0.952738080118546,7.69634860216459,-3.32403462594818,-15.9986955540286,-1.11553269288926,9.35265402784234,0.821926844078093,8.25926757079761,-1.43630417099101,-16.8901871256296,-1.51335396362672,9.74335132223709,0.427805122070979,8.37983150262275,-3.18845202943473,-20.9496207797854,2.93931130704723,2.97219981345883,-1.16083760086463,22.0348153193268,-22.8154632522374,36.6694843454968,-6.75313270920505,2.9255874355779,-0.283625238007139,25.4690918680583,18.9060728369921,171.276595070093,-7.00853444512122,5.49503276889649,0.971683196640796,47.1777017267634,46.5235916858687,188.011019827341
85.28,0.815180448304934,9.56109130849763,1.61014310737796,-16.9467209776052,10.5368884200905,1.10332791850719,1.42698435749494,10.0865955263536,0.982998166610201,7.82685279264237,-3.23626602964223,-14.3268695270297,-1.1795822643765,9.36845536410956,0.837486578786151,8.36600050864436,-1.31867966579312,-18.4115404390672,-1.52541047108774,9.74140847089535,0.431492956325443,8.42666278146818,-3.04920273938654,-21.2068159410155,3.08596906304642,2.91096679935621,-1.21046753239066,22.8212856195909,-21.358165199375,31.4010826178528,-7.09218300686519,3.0088977921266,-0.25447187991783,24.3602471599541,19.5855334243702,170.240529778729,-7.78387504613189,5.49438090013627,1.0069970563853,42.3584161302344,44.5469390512142,183.494568385884
85.285,0.884975717483934,9.53684492674462,1.59906759146023,-16.6008885843524,10.6843499146143,0.123409352459879,1.38285042575054,10.0392479563471,0.99832745912537,7.94021380429749,-3.21888542261979,-12.8029587160563,-1.25195215156719,9.38061341468301,0.843212365239699,8.4728097061872,-1.2711692763486,-19.8608847058039,-1.53621822570454,9.73605695148063,0.430052696213086,8.55399590913049,-2.92313507018878,-21.4900711253336,3.2356306540619,2.85576728723238,-1.2517964955419,23.5410112315137,-19.8583332113182,26.2626388016586,-7.42717243799575,3.08787186951755,-0.231181586200991,23.2260251717515,20.2267305007313,168.560055575753,-8.55754352885438,5.48286796218857,1.01783306718968,37.4968025668916,42.3094869714288,178.128646369075
85.29,0.953073655382482,9.50370204534722,1.58701290263119,-16.1466533153069,10.8035563759978,-0.812742827390728,1.32984383038138,9.98374310690183,0.997774869434444,8.03741023825902,-3.25816911355844,-11.4382763320885,-1.33191425919804,9.38836996078773,0.838566882977996,8.57746693328514,-1.28029011814111,-21.2283605369882,-1.54596931073243,9.72687485788217,0.423162770306012,8.74374337384634,-2.80990969354088,-21.7938422328736,3.38688946917533,2.80595866394938,-1.28462111299597,24.1879854013213,-18.3340302641296,21.2697060841556,-7.7544368747192,3.16063942494898,-0.213650293543931,22.0808642537698,20.8249215439713,166.229821419347,-9.3240599107815,5.46225472874841,1.0048753206097,32.6349885720966,39.8298304196881,171.940242319605
85.295,1.01888527673997,9.46209372422832,1.57427782122947,-15.5765951459616,10.9068228837079,-1.69786713687795,1.26848539080598,9.92053890025446,0.980833288189839,8.11975819636089,-3.33878526320484,-10.2422650536737,-1.4186424860013,9.39111416370639,0.823284902691743,8.67774569261478,-1.3309492780444,-22.5051801038619,-1.55494154077772,9.71360979766594,0.410659660832171,8.97593601426009,-2.70884792687691,-22.1119468048249,3.53847942615231,2.76103335207136,-1.30887518328941,24.7569654156973,-16.8034608907252,16.4359363975749,-8.07036702377561,3.22569784217433,-0.201567392470728,20.9388054280706,21.3750469792137,163.249322116179,-10.0777861496473,5.43465789842886,0.969504883555624,27.8139424096308,37.1316161229906,164.970314482766
85.3,1.08184435923838,9.41267539847309,1.56116167942445,-14.8847679229628,11.0068756808128,-2.52542127445622,1.19948606852715,9.85033159169919,0.947466216998881,8.18889885336823,-3.4442736589744,-9.2223124394966,-1.51122051062809,9.38842487497478,0.797396409931033,8.77147022964112,-1.4069161440963,-23.6838423538422,-1.56348214747488,9.69621046750291,0.392555705613045,9.2293386322259,-2.61895289152436,-22.4376630427417,3.68929942013227,2.72063971319427,-1.32464475832394,25.2435772952236,-15.2845713646373,11.7729748370499,-8.37142512840965,3.2822478673501,-0.194440181160354,19.813164019789,21.8718465304272,159.623318932335,-10.8128047226265,5.40278068299547,0.913722564047289,23.07248520568,34.2429607845023,157.273286148827
85.305,1.14142102914058,9.35632557074046,1.54795777932715,-14.0669107720935,11.1164618619857,-3.2896507607468,1.12374038045612,9.77406047717143,0.898122727301743,8.24677298862454,-3.55755391054336,-8.38360169229127,-1.60864999148165,9.38010721208856,0.761242712023373,8.8565633077886,-1.49132332666507,-24.7583216233441,-1.57198729484387,9.67485038602753,0.369051940905703,9.482102114853,-2.53893267512657,-22.7638513764906,3.83843287385722,2.68459892854004,-1.33217981945574,25.6444122898358,-13.7946399578683,7.29037668493861,-8.65416977598192,3.33034185312316,-0.191627276315793,18.7162156336003,22.310021723273,155.362193211896,-11.5228565755694,5.36997233506604,0.840058874868802,18.4464455698829,31.195730073769,148.916258755334
85.31,1.19713490406787,9.29413875514352,1.53494579660528,-13.120633925771,11.2479527607801,-3.9856394322142,1.0423163436439,9.6929051641223,0.833739438125811,8.29558145962538,-3.66144867513217,-7.72900082703539,-1.7098598047634,9.36622146498986,0.715483901119818,8.93109268393614,-1.56718314430694,-25.7242241912473,-1.58087892972975,9.64994210222004,0.340544724020839,9.71243504895238,-2.46722656644982,-23.0830993969282,3.98516229725535,2.65291747266443,-1.3319018383605,25.9571123429329,-12.3498687176868,2.99555122711435,-8.91535746124545,3.37059923955525,-0.192378295794185,17.6589076630968,22.6844395582653,150.482219614991,-12.2014797631551,5.33990164557649,0.751489268151265,13.9679771764282,28.0247043455873,139.977960608519
85.315,1.24856730348243,9.22741281900669,1.52238338522852,-12.045571762251,11.4129513362304,-4.60934211069753,0.956441488343485,9.60827502290907,0.755728482857408,8.33773154959496,-3.73920824672287,-7.25899279045998,-1.81371695807038,9.34710266378346,0.661096240997534,8.99331616292046,-1.61790635843803,-26.5789081857049,-1.59058063954446,9.62214047750531,0.307625091557367,9.89927724990843,-2.40203589027361,-23.3878904774015,4.12897886815172,2.62579476257156,-1.32440660722377,26.1804417422668,-10.9649885220084,-1.10626323931205,-9.15200772495157,3.40413263651687,-0.195877552031965,16.6506063150821,22.9903693394116,145.005747091109,-12.8420684247735,5.316430422037,0.651321992258243,9.66504923649327,24.766663545532,130.547453188621
85.32,1.29537205970262,9.15763105075131,1.51049728812215,-10.8434962394273,11.6219141071411,-5.15760053088694,0.8674845117712,9.52179068179371,0.665950798890905,8.37577016910652,-3.77502281589716,-6.97164851015993,-1.91903975627363,9.32336948800885,0.599358363346941,9.04172497810404,-1.62780976567431,-27.3215632843401,-1.60149423304762,9.59233401345286,0.271070120293726,10.0229574120485,-2.34136117552568,-23.6707959579868,4.26958713338387,2.60362553434865,-1.31046183320906,26.3143423224616,-9.65288914116425,-5.01198906924492,-9.3614220463246,3.43263542856008,-0.20128903385537,15.6988873989733,23.2237419517234,138.961277506106,-13.4378620417208,5.30363702393665,0.543067596916595,5.56110981699326,21.4594287304751,120.722620625546
85.325,1.33728449170865,9.08643941064647,1.4994743340305,-9.51838485845554,11.8837983134649,-5.62814428578765,0.77693223941599,9.43525769129764,0.566674531053705,8.41230595485764,-3.7545089220589,-6.86264420883873,-2.02461367018979,9.29592162727868,0.531825593311959,9.07508505326046,-1.58259939350651,-27.9532477941212,-1.61397867426842,9.56162366922572,0.231825953328176,10.0658171806521,-2.28304732286136,-23.9246903228471,4.40690497610871,2.58699650532923,-1.29099911265417,26.3599698033074,-8.42428568803058,-8.72066022011819,-9.54121253831421,3.4583523687373,-0.207799022990278,14.8093770375073,23.3814187023004,132.383433883835,-13.9820007808598,5.30573801068744,0.430312471656765,1.67491331657896,18.1409005644702,110.608471185128
85.33,1.37412813218843,9.01561947996105,1.48945275984476,-8.07643869686492,12.2057449361494,-6.01957906641216,0.686361715148144,9.35063275799773,0.460518878465496,8.44992329654563,-3.66515711206364,-6.92532359636791,-2.12921017180915,9.26592519942698,0.460292254953936,9.09247547617775,-1.46981643456528,-28.4768819086202,-1.6283327816078,9.53128917376416,0.190982612310516,10.0127843154603,-2.22483814299626,-24.1429883141419,4.54105899202982,2.57667694414575,-1.26710002916022,26.3197091262717,-7.28743221916094,-12.2333322864445,-9.68932577895741,3.48401993134571,-0.214653939361712,13.9856461948644,23.4614553181207,125.312812455127,-14.4676119600526,5.32698654970836,0.316596993666323,-1.97950336085827,14.848135629194,100.315282579028
85.335,1.40581883435497,8.9470576230975,1.48051433395556,-6.5260477337523,12.5928078930908,-6.33136476066883,0.597407455392962,9.26998322407934,0.350384297629547,8.49109214960188,-3.49672861382735,-7.15080474939458,-2.23160855360199,9.23478637288431,0.386742401639861,9.09332328738474,-1.27923373177718,-28.8971971536914,-1.64478275454928,9.50274346579865,0.149741193996647,9.85187824475456,-2.16444117038582,-24.3199023397933,4.67237538247835,2.57360289952389,-1.2399762616388,26.1971669824162,-6.24789239552085,-15.5529509062256,-9.80406068234703,3.51278740160268,-0.221191198587437,13.2291606961362,23.4633459331956,117.795715094389,-14.8879244362527,5.37155719832991,0.205303019973515,-5.39271602283664,11.6164991537998,89.9566256343403
85.34,1.43236594636155,8.88271084588757,1.47267776101791,-4.8777025138559,13.0477390901712,-6.5637859982598,0.511724171540339,9.19544073089446,0.239370545705078,8.53807808858687,-3.24158989541049,-7.52813060478779,-2.33062044702388,9.20411389177712,0.31329003278338,9.07743348353928,-1.00319156843326,-29.2206431783289,-1.66347512183819,9.47747655588218,0.109374495007247,9.57463220257198,-2.09960302774863,-24.4507177819909,4.80136643936987,2.57885502291802,-1.21094375209013,25.9971401049511,-5.30837605221804,-18.6841795037505,-9.88408154337931,3.54812065091486,-0.226861496098929,12.539286414792,23.3882319535503,109.883761254329,-15.2364099693843,5.44341868407218,0.0995552291928634,-8.55970237859607,8.47892776567265,79.6473032755465
85.345,1.45387034065331,8.82456979754697,1.46589381578309,-3.1438530943428,13.5708380273934,-6.71791748499122,0.430945575017932,9.12915023820402,0.13068456590434,8.5928573770171,-2.89497521872438,-8.04446103274278,-2.42511641667339,9.17567173220655,0.242110459865951,9.04501297039917,-0.63686264631443,-29.4552540620554,-1.68447515685206,9.45699075779194,0.0711824907313893,9.17641732941506,-2.02819478858422,-24.5320828398113,4.92871268692356,2.59363014427626,-1.18139117641187,25.7255583240499,-4.46864927605924,-21.6331890836953,-9.92842749464651,3.59369144967887,-0.23124171970063,11.9133476771027,23.2390615626255,101.633381177085,-15.5069481166324,5.54619742720953,0.00213971402291468,-11.4795483543481,5.46532832549386,69.5012437678965
85.35,1.47051921860154,8.77461932944571,1.46004258126655,-1.33871809285499,14.1598733315121,-6.79558600297731,0.356640210285012,9.07321577084991,0.0275406673356459,8.65704184234546,-2.4551686361752,-8.68530343420827,-2.51405366405028,9.15132360160842,0.1753650396974,8.99668708351794,-0.178437389513225,-29.610477147008,-1.70777023441848,9.44272984118249,0.0364444029370554,8.65665564831842,-1.94830574504974,-24.5623083173272,5.05524075324934,2.61920700951725,-1.15274319419726,25.3894018391419,-3.72552413829752,-24.4074144934807,-9.93651953458711,3.65325599643265,-0.234038521585376,11.3467357522395,23.0206872738023,93.1051949446368,-15.6940088220069,5.68303575575317,-0.0845581281222718,-14.1550935702538,2.60212945533658,59.6293886708499
85.355,1.48257775993704,8.73479698998329,1.45493306715315,0.521951696437813,14.810081873932,-6.79933033078681,0.290265586315678,9.02964442832104,-0.0669441547018299,8.73181802624672,-1.92359832255953,-9.43477775489419,-2.5965035648651,9.13297140490568,0.115121977925436,8.93350723340555,0.370777890866748,-29.696968037594,-1.73327707164308,9.43600516945516,0.00636933532717148,8.01891076755198,-1.85834281491006,-24.5416713207976,5.1818970639804,2.6569068477296,-1.12641922153712,24.9965926443936,-3.07293254339175,-27.0152830673937,-9.90816602432271,3.73052701488752,-0.235083361256541,10.8330635635115,22.7398912686725,84.3632847849206,-15.7928448021352,5.85644998476758,-0.158595872744708,-16.5925354278233,-0.0880080218893751,50.1376169626243
85.36,1.49037783746936,8.70694982261083,1.45030537654035,2.42114945318644,15.5142490065496,-6.73235964330604,0.233122166920001,9.00029031482096,-0.149856561818316,8.81790442458733,-1.30483776596329,-10.2759107581628,-2.67167751900315,9.12249011288179,0.0632762979235619,8.8569482402944,1.00635580378211,-29.7263558473137,-1.76085136286041,9.4379222658942,-0.0179523735001145,7.27084758807976,-1.75713167248774,-24.4727152200408,5.30971749812149,2.70804969363627,-1.10378876601869,24.5558605490011,-2.50208668670566,-29.465922703225,-9.84356713277833,3.82904423617039,-0.234320497623548,10.3643624009511,22.4053311820544,75.4743709144799,-15.7996842656848,6.06819463644089,-0.218497494585295,-18.8010074571894,-2.58632571479864,41.1247473429465
85.365,1.49430416223439,8.69278988274338,1.44583549220958,4.34092189399219,16.2628709468201,-6.59851027099182,0.186309003184552,8.98680011618598,-0.218591376397052,8.91552967035447,-0.606510259770814,-11.1909533760697,-2.73894943977258,9.12166164752852,0.0214723386282653,8.7688940280369,1.72083952344857,-29.710983042921,-1.79029803821109,9.44931145833174,-0.0355948629870133,6.42405529765745,-1.64401473681677,-24.3605365446309,5.43979326080477,2.7739076332446,-1.08612466357026,24.0765847915481,-2.00172633101154,-31.7688571203269,-9.74331796949912,3.95204823489199,-0.23178992782727,9.93131632890904,22.0274024073859,66.5069040296768,-15.7119133737018,6.31913975387735,-0.263260207859546,-20.7921430584615,-4.87796041426694,32.680660690707
85.37,1.49477835463839,8.69384902562687,1.44114267499429,6.26270555120989,17.044397591868,-6.40220010934825,0.150682921086549,8.99056205364823,-0.270950511877541,9.02443332383572,0.160904598717406,-12.1617139812482,-2.79787317458154,9.13211042460368,-0.00896774482794849,8.67161057996459,2.50393279104357,-29.6636243985136,-1.82138028918886,9.47066625767874,-0.0458373718879604,5.49373158738849,-1.51894052609434,-24.2130478215939,5.57323342678392,2.85565635347755,-1.07455582776791,23.5686128990973,-1.55845051781663,-33.9336963366428,-9.60840983572477,4.10236263261556,-0.227607601920676,9.52353004407565,21.6180167871668,57.5300903252072,-15.528237834281,6.60916874388492,-0.292347888518834,-22.5796313266096,-6.95181536863153,24.8845837577625
85.375,1.49224154182525,8.71143373363701,1.43579939235578,8.16768280547434,17.8455512011481,-6.14837952911376,0.126823195274109,9.0126598823896,-0.305232493724825,9.14388962258789,0.984361095727573,-13.169899522545,-2.84819325729923,9.15524306968632,-0.0271060761381916,8.56770544155916,3.34278708472401,-29.5971896957762,-1.8538256395323,9.5020929184525,-0.0481977979947008,4.49823033933322,-1.38253866795228,-24.0412038324687,5.7111248648535,2.95432654553553,-1.07002133439475,23.0420592112932,-1.15712847904415,-35.9698303805051,-9.44023055167677,4.28229014203225,-0.221945338813414,9.12982602858112,21.1903015698207,48.612867569618,-15.2488153253858,6.93710523436435,-0.305674721679842,-24.178768153227,-8.80033591649186,17.8035731093571
85.38,1.48713614811545,8.74658101098993,1.42934360838784,10.0371503577745,18.6517135910142,-5.84247738457812,0.115003538227424,9.05383348383707,-0.320308818520258,9.27275321540521,1.84863009352491,-14.1974557042781,-2.8898476584356,9.19219457606795,-0.0324386160334449,8.46007357356664,4.22238178711682,-29.5244149598287,-1.88732770092366,9.54327421599732,-0.0424575182643047,3.45847990941767,-1.23617507510442,-23.8591775243352,5.85449050814528,3.0707568179625,-1.07322779335486,22.5070863570404,-0.781381500120884,-37.886134022543,-9.24056028931894,4.49352583598364,-0.215012710235726,8.73856683132653,20.7582265491642,39.8228532029422,-14.8753480490658,7.30067424692381,-0.3035821993352,-25.6060038890332,-10.4192187051889,11.4912349842364
85.385,1.47988756572893,8.80001663768617,1.42129316361835,11.8528923942073,19.4473718191516,-5.49034067174482,0.115173014143386,9.11444743865017,-0.315683694838326,9.40952465201307,2.73676700316853,-15.2268968464169,-2.92296162035034,9.24378283401381,-0.0249295105344806,8.35182997158556,5.12599003436719,-29.4575472564967,-1.92154281658567,9.59344987871919,-0.0286761595470847,2.39728436640336,-1.08198246349087,-23.6844710309114,6.00424713787319,3.20554980671098,-1.08461199189545,21.9736738739106,-0.414124420936784,-39.6906899446633,-9.01155858141623,4.73708975763414,-0.207042683790449,8.33799806444513,20.3361711125327,31.2252874968835,-14.4111261153142,7.69650128761254,-0.286811887960117,-26.878488762046,-11.8070850141916,5.98671231921115
85.39,1.4708863687992,8.87211732198287,1.41116186426431,13.5975502697256,20.2166098756758,-5.09816655544006,0.126947157041571,9.19446877210341,-0.291534204298792,9.55243230670994,3.63065471273297,-16.2416158233626,-2.94783222044255,9.31047305954843,-0.00502817960900579,8.2462301206658,6.03571974739014,-29.4080284311985,-1.9560815203236,9.65141536758156,-0.00719543896075282,1.33852538239144,-0.92286247797838,-23.5379471284894,6.16116397600466,3.3590331255674,-1.1043107182652,21.4513790264059,-0.0381524776805989,-41.3905373136649,-8.75574565417699,5.01328266001432,-0.198282117693265,7.91660711072717,19.9384462727155,22.8819963823939,-13.8610213599997,8.1201556921793,-0.256475775658635,-28.0136188877012,-12.9651479230069,1.31396491395675
85.395,1.46047167788969,8.96287851077523,1.39847679410432,15.2549801774559,20.9436317251429,-4.67242587723529,0.149610152158592,9.29345484036976,-0.248728587396836,9.69952655430352,4.51160811091375,-17.2261646053087,-2.96490395743247,9.39235321252116,0.0263321459835754,8.14657999586193,6.93311625383666,-29.3861836611356,-1.99049556347654,9.7155398380498,0.0213683189683283,0.306287635317161,-0.762457107953888,-23.4437671348761,6.32582342553237,3.53122668898438,-1.13213948981793,20.9490956457958,0.363243567705308,-42.9914522588606,-8.47597744843962,5.32166604928416,-0.188987345909622,7.4634915451683,19.578789445531,14.8503994734781,-13.2314303189043,8.56623997499599,-0.214024379570645,-29.0285887219767,-13.8969003716307,-2.51863722855702
85.4,1.44891621343403,9.07188979052234,1.38279626150312,16.8105900294747,21.6132992387724,-4.21977791202994,0.182128458148294,9.41055208262049,-0.188821164750093,9.84878144842387,5.36102400655557,-18.1664964563128,-2.97473635274062,9.48912104998791,0.0677548870799077,8.0561379065774,7.79981004593055,-29.4009213169188,-2.02426210533383,9.78380320680647,0.0561428413955641,-0.676064664225469,-0.605088650882105,-23.4292228989051,6.49858524142394,3.72181776758177,-1.16758162282019,20.4748174237305,0.805653443840233,-44.4977663178558,-8.17541107816668,5.66106516216804,-0.179424152399396,6.96872988530456,19.2698515992253,7.18258899007091,-12.5301651340204,9.0285224230252,-0.161211431328038,-29.9399594670534,-14.6078466859645,-5.51839380076508
85.405,1.43641350400714,9.19831990007307,1.36372770846006,18.2516467470597,22.2116671800996,-3.74697710274346,0.223175739386725,9.54450610892307,-0.114023308268676,9.99819890654764,6.16105773340821,-19.0501617904326,-2.97796523694355,9.60008304471163,0.11741913763665,7.97801097413459,8.61819071872694,-29.4594513538397,-2.05676742531007,9.85385134492324,0.096029030320476,-1.58682840795507,-0.455669005464242,-23.5244532170276,6.67955525559995,3.93014490830211,-1.20978871197212,20.035412491496,1.30293582904324,-45.9122285311402,-7.85746137975443,6.02959342774345,-0.169870585709104,6.42374557321883,19.0226973354632,-0.0754953842622432,-11.7662967165768,9.50010938599645,-0.100053363797062,-30.7632561760618,-15.1052939159931,-7.70802045097664
85.41,1.42306763347103,9.34091333345951,1.34094486147295,19.5675454495228,22.7264965303509,-3.2607737460822,0.27116847506517,9.69368333609287,-0.0271508171097304,10.1459104866686,6.89530566060055,-19.8664510309447,-2.97525998388899,9.7241650346281,0.173135925597093,7.91504940430924,9.37208610842213,-29.5670302113368,-2.08729309442447,9.92306760787335,0.139739293891762,-2.40688449922737,-0.319580377391692,-23.7620387492163,6.86855953842442,4.15519157109213,-1.25759315148882,19.6364162763593,1.86664175274763,-47.2359165223998,-7.52574970943966,6.42469578069772,-0.160620429966072,5.82165322060651,18.8463384211752,-6.88477223780338,-10.9499567077092,9.97365090947445,-0.0327814717930115,-31.5126081286417,-15.3982115491675,-9.12506125653971
85.415,1.40888580778952,9.49800029235861,1.31420342272567,20.7500326832181,23.1477271766751,-2.76781197827559,0.324311145322729,9.85610412695339,0.068451036532649,10.2902722297093,7.54947129616694,-20.6064794955473,-2.96727939754022,9.85993417071517,0.232419580028115,7.86974196846173,10.0474241918568,-29.7267409018417,-2.11500784572427,9.98865826335571,0.185843364283331,-3.1205662492322,-0.20253048709553,-24.176474151047,7.06512460508712,4.39559001256498,-1.30953283772318,19.2818495527471,2.50549581124022,-48.4682015730062,-7.18404664879114,6.84320724937495,-0.15198489249879,5.15757439106898,18.7473203018591,-13.21358374785,-10.0921065891559,10.4415707794655,0.0382151862297013,-32.2004470330749,-15.4971594598835,-9.8209739695732
85.42,1.39377389576228,9.66752133180556,1.2833546911471,21.7933768022765,23.467891483454,-2.274529651939,0.380649497019986,10.0294871294651,0.169002699470021,10.4299487018145,8.11199175809322,-21.2632112401906,-2.95462919053596,10.0056314986748,0.292571376185519,7.84411625480318,10.6328544974695,-29.9393175090075,-2.13896833612004,10.047748935068,0.232819538230432,-3.71643622637298,-0.110386101313689,-24.8035214176591,7.26846401591819,4.64963560382779,-1.36388766504405,18.9740683343895,3.22495743228452,-49.6067723451168,-6.83621091885173,7.28142273175873,-0.144290273049667,4.42890890704169,18.7293792748241,-19.0381028628393,-9.20428379571975,10.8963100661816,0.110457371589249,-32.8372759964146,-15.4142754197253,-9.85990144813437
85.425,1.37753497211156,9.84706744525795,1.24835664122945,22.6944798086753,23.6824516398208,-1.78706551385898,0.438130097260151,10.2113042417237,0.270402962247093,10.5639832408437,8.57460118207157,-21.8314208143629,-2.93782397826706,10.1592143387281,0.350772100614069,7.83964731478445,11.1203056957022,-30.2030235760464,-2.15813155901276,10.0974889548059,0.279109070571364,-4.18793624870463,-0.0489892289612784,-25.6794539860486,7.47747150368696,4.9153114286436,-1.41872689358896,18.7136518231792,4.0268826376567,-50.6477214641493,-6.48612724162135,7.73517374845321,-0.137870014903372,3.63554720919473,18.7931854172415,-24.3425686486558,-8.2983355609338,11.330571954012,0.181453807927904,-33.4315195850638,-15.163306272588,-9.3171498775329
85.43,1.35987081052601,10.0339356126652,1.20928212280486,23.4529262870459,23.790045933017,-1.31117930062391,0.494664220630823,10.3988453354828,0.368355625697744,10.6918524063213,8.93280822679573,-22.307593895406,-2.91725643062379,10.3184075058064,0.404179841410155,7.85717831790837,11.5054567618848,-30.5135937370006,-2.17138085656245,10.1351604777938,0.323171356780736,-4.5338790217883,-0.0239606528097357,-26.8402065827036,7.69072059670679,5.1903226958878,-1.47196597410657,18.4993340635787,4.90930378687296,-51.5856985443778,-6.13764606723974,8.1999082241824,-0.133050489934657,2.78000992726426,18.9361832208536,-29.1193406772387,-7.38615143451914,11.7375552335214,0.248788406707666,-33.9894621300773,-14.7596617340119,-8.27740194543508
85.435,1.3403862774649,10.225199056758,1.16632393950428,24.0709664645095,23.7926321018849,-0.852189961090778,0.548194096475343,10.5892915481652,0.458506370920047,10.8135036551352,9.18626630044098,-22.6897696891578,-2.89317569267511,10.4807623239507,0.450029174397565,7.89685674346665,11.7881006986475,-30.8642473313671,-2.17756634831807,10.158289313049,0.363537515202963,-4.75875565336898,-0.040495567927672,-28.3204507909926,7.90647059161819,5.47214022970156,-1.5214310037162,18.3279842483325,5.86634073801229,-52.4141323211634,-5.7945279750131,8.6707699502032,-0.130130981695996,1.86750266000416,19.1525383839248,-33.368768283016,-6.47940492594731,12.1111644255,0.310213264058132,-34.5152777185587,-14.220466834784,-6.8327008215158
85.44,1.31859666198817,10.4177906616859,1.11979661533424,24.5534318675797,23.6955194512989,-0.414936323989465,0.59675964680581,10.7797956087486,0.536585687914713,10.9293762190264,9.3390174961411,-22.9773297512418,-2.86567645750953,10.6437223171354,0.485727969965887,7.9580894773336,11.9723822854805,-31.2457815745885,-2.17555924062418,10.1647545932345,0.398860010320033,-4.87284050671632,-0.103155913697185,-30.1526205659165,8.12267866852017,5.75805206256722,-1.56492867661952,18.1946397656562,6.88825193927348,-53.1255232331887,-5.46039514789731,9.14267524040753,-0.129359450775988,0.905876975486406,19.4331955575331,-37.0988756211564,-5.58931358548292,12.4461860951383,0.363742238168429,-35.0111507507879,-13.5645879716981,-5.08024812963737
85.445,1.29393808944697,10.6085972155629,1.07013469738379,24.9075835621871,23.5072852437918,-0.00376327288889201,0.638564031024036,10.967567317212,0.598553546696638,11.0404059605959,9.39959445352772,-23.1707394586882,-2.83469922608633,10.8046943849272,0.508948256192667,8.03951994465002,12.0668946438379,-31.6467500942089,-2.16431804462141,10.1528946037452,0.427956070030708,-4.89208308691878,-0.215663575950865,-32.3659152049679,8.33701794962027,6.04522193099868,-1.60031938919557,18.0925950488458,7.96162842314768,-53.7118059906734,-5.13869163502759,9.61038531720306,-0.130906675176054,-0.0945073121660724,19.766048215173,-40.3248685397337,-4.72642512680202,12.7384233340308,0.407738351017698,-35.47748040901,-12.8126080454056,-3.12006552465912
85.45,1.26578124359499,10.7945613599918,1.01788750411411,25.1428945896578,23.2395748897808,0.377465122344774,0.67203653244583,11.1499619724185,0.640741445618499,11.1480155749696,9.38096837138438,-23.2712497107089,-2.80004140920602,10.9611241731832,0.517707917770038,8.13903009153756,12.0846234738191,-32.053730289598,-2.14296336793691,10.1216062594036,0.449842878054257,-4.83778542032723,-0.38069819360289,-34.9853093854519,8.54690139457172,6.33075324771846,-1.62559104911556,18.0135480703972,9.06972778007234,-54.1647793243039,-4.83265320977573,10.0685740451077,-0.134842124753352,-1.12101868486843,20.1362183384427,-43.0684741673937,-3.90043506519828,12.9847833429959,0.440987391462658,-35.913156286691,-11.9867282686092,-1.05257457067777
85.455,1.23344863125105,10.9727874274089,0.963710314714771,25.2707699531617,22.906789532662,0.725326068706928,0.695891534494415,11.324569254185,0.659987518858698,11.2540918562826,9.30033608275242,-23.2805675292346,-2.76137810425229,11.1105742050381,0.510440459234661,8.25376961104469,12.0427325264463,-32.4516800945614,-2.11085682558793,10.0704358052248,0.46376287734286,-4.73607222287476,-0.599703047332278,-38.0306006540186,8.7495115947749,6.61175690267387,-1.63893110979575,17.9478048994876,10.1929392271849,-54.4765972457153,-4.54528659608324,10.5118916584879,-0.141115308850822,-2.15908404793275,20.5264403554379,-45.3571286864649,-3.12003897002018,13.1833161827158,0.462750182159399,-36.3158865767228,-11.1105781092694,1.02384678600354
85.46,1.19623557357862,11.140646821154,0.908352087317214,25.3042093196371,22.5256686537301,1.03677495779122,0.709182505204536,11.4892998241285,0.653760509890764,11.3609518666475,9.17874435481152,-23.2005050500051,-2.718290700682,11.2508031352288,0.486050587897752,8.38021425696948,11.9621891051397,-32.82438143526,-2.06767889156562,9.99965827680932,0.469197981842674,-4.61716950763616,-0.872702551274985,-41.5155241785077,8.94183674060563,6.88542103772494,-1.63879439571322,17.8845410956919,11.3093651766709,-54.6403128481174,-4.2793567965211,10.935025983094,-0.149546207150451,-3.19260182100257,20.9175407446893,-47.223032900069,-2.39282001289883,13.3332057537312,0.472787088822246,-36.6825554252287,-10.2089205222421,3.01527068066048
85.465,1.15343501602728,11.2958783258721,0.85263988402493,25.2574194221393,22.1147791747735,1.30906389105542,0.711350000692155,11.6424667293794,0.620268619549712,11.4712997549385,9.04055522309696,-23.0326169580228,-2.67030101138482,11.3798442338478,0.443953958798417,8.51425436212753,11.8672339668711,-33.1549641350567,-2.01350029616993,9.9103430571697,0.46587206044305,-4.514514536253,-1.19813522022655,-45.4469627840225,9.12071323536034,7.14908074417018,-1.62396438339654,17.8121168152107,12.3954995714325,-54.6504620876768,-4.03738034064254,11.3327632112383,-0.15982768992707,-4.2044224055787,21.2890018828008,-48.7020988393227,-1.7251702577944,13.4347167092041,0.471350436042448,-37.0095829115012,-9.30724683824974,4.83452744953382
85.47,1.10436611320694,11.4366787505839,0.797460268965475,25.1453849512074,21.6939261057284,1.5396489749121,0.702262688507932,11.7828585901962,0.558549518610585,11.5881757080222,8.91276196496144,-22.7778367724963,-2.6169084426392,11.4960809142987,0.384100049934919,8.65131373530573,11.7847056629039,-33.4265003929886,-1.94884191532594,9.80440252986575,0.453741749839532,-4.46372562766795,-1.57270662392005,-49.8242775789165,9.28287556124089,7.4002854405298,-1.59360574161341,17.7184403287404,13.426978978349,-54.503671319974,-3.82162159818354,11.7000504704823,-0.171541589518844,-5.17687637186065,21.6195959805063,-49.8328137789038,-1.12224230922873,13.4891031635237,0.459143372444859,-37.293260023968,-8.43126394528832,6.40335478169325
85.475,1.04840634560342,11.5617795702941,0.743738035456999,24.9834085209609,21.2835029909867,1.72609488553718,0.68225028704194,11.9098015447965,0.468538177291143,11.7148981236933,8.82417097650571,-22.436122587915,-2.5576278133491,11.5983168311407,0.306977788692004,8.78649792458089,11.7432348313099,-33.6226564257467,-1.87471897214884,9.68462043585606,0.432976489063957,-4.50146398689945,-1.99126775058054,-54.6387811787038,9.42501401936722,7.63686150742584,-1.54730610261437,17.5913721871324,14.3793792253172,-54.1992688665836,-3.63408895890786,12.0320621971075,-0.184188418926057,-6.09232792569517,21.8880722269661,-50.6550506671197,-0.587926697467091,13.4984866359852,0.437247134847037,-37.5300322961207,-7.60628518635714,7.65432961364846
85.48,0.985026650842699,11.6705056937084,0.692412705062709,24.7866320763916,20.9038031620704,1.86598580992485,0.652127156863874,12.0232070214074,0.35110960851911,11.8549996269086,8.80447009104111,-22.006122991316,-2.49202578211738,11.6858378250272,0.213604225216565,8.91476938611924,11.7723289755255,-33.728384589963,-1.79266668817005,9.5546562107431,0.403929636566993,-4.66422138879257,-2.44672532970792,-59.8733719729103,9.54384083174602,7.8569676184575,-1.48510523438557,17.4191595638447,15.2290283812203,-53.7398778259266,-3.47652773080992,12.3242717212234,-0.197228832041474,-6.93372999901053,22.0738774972912,-51.2088561669831,-0.124849858290814,13.46571157539,0.407022223834252,-37.7167096624707,-6.85654514738121,8.53252856957415
85.485,0.913828717864538,11.7628131093319,0.644413311107596,24.5695537989578,20.57431498368,1.95685177003643,0.613205119367359,12.1236026129201,0.208094159542771,12.0121570700279,8.88320858680052,-21.4848739472345,-2.41975437304517,11.7584628267228,0.105497241972718,9.03114539106597,11.9013726573319,-33.7306364684023,-1.7047461314399,9.41902143798519,0.367103567596742,-4.9870674781193,-2.929991856841,-65.5023442851575,9.63616478342671,8.05914016180001,-1.40751002329016,17.1908874582248,15.9538061840818,-53.1319650044853,-3.3504070769758,12.5725285756575,-0.210133021157817,-7.68515778211635,22.1578882108926,-51.5332492513523,0.265612196611078,13.394187034671,0.369992268286577,-37.8505865531568,-6.20446657290865,8.99686844622084
85.49,0.834583232407648,11.839302927749,0.600632025052976,24.3455560275347,20.3130257417128,1.99611861792679,0.567293971063489,12.2121436468239,0.0422636323054833,12.1901152189994,9.08871815454044,-20.8675374867955,-2.34058072315028,11.8165807944669,-0.0153660105030256,9.13091257637012,12.1585716838038,-33.6190751695922,-1.61353071196,9.28302471236832,0.323112648019544,-5.50238902797111,-3.42998406751883,-71.4913857957343,9.69897408688715,8.24232625545089,-1.3154939721434,16.8969306337537,16.533900621096,-52.3863194959295,-3.25689918347727,12.7731409813795,-0.222432624642188,-8.3322996346758,22.1231282949103,-51.6650645478641,0.583308472675732,13.2877227135714,0.327721855457095,-37.9294648607016,-5.66991430602637,9.02108524027882
85.495,0.747267513453284,11.9012102157425,0.561897210982848,24.1264607705026,20.135759438389,1.98108873905103,0.516688153437726,12.2906034734664,-0.142712716708036,12.3926034712387,9.44700733643212,-20.1471930316152,-2.25441281017628,11.8611708885078,-0.146602585953023,9.20984998308729,12.5698726968498,-33.3867635789804,-1.52207534377739,9.15268174421238,0.272648801327251,-6.23865123763506,-3.93367911839722,-77.7977702995634,9.72952647695772,8.40590217090464,-1.21048028696878,16.5293876229825,16.9524941638787,-51.5184342880899,-3.19685006008656,12.9229618847225,-0.233768650690893,-8.86288782955975,21.9554459355173,-51.6378752840077,0.829278285047457,13.1503668645561,0.281700924771769,-37.9515824183552,-5.26947572721526,8.59431824984211
85.5,0.652100673787416,11.9503669654187,0.52894651356924,23.9221298805152,20.0555734419379,1.90895781374511,0.464138165830764,12.361341038379,-0.342342342489826,12.6232447007967,9.9806643241699,-19.3146920578081,-2.16132146255861,11.8938034171956,-0.285486152731389,9.26445036725232,13.1578915260766,-33.0308045846193,-1.43387149768101,9.03458849991095,0.216454873054492,-7.2192086047124,-4.42623745122836,-84.3707507557303,9.7254447283104,8.54967553156956,-1.09430808473741,16.0824761356062,17.1963549854206,-50.5487654516014,-3.17074280191718,13.0194759785514,-0.24392864718026,-9.26705607265186,21.6441201912064,-51.4810305799607,1.00570783710889,12.9862526830752,0.233248182698453,-37.9154599895007,-5.01580916074494,7.72127471773493
85.505,0.549574202372568,11.9891395135654,0.502400604880823,23.740126761025,20.0822376396779,1.77687098259552,0.412805600054245,12.4272449515045,-0.551412769393034,12.8854551947553,10.7078044475083,-18.3585864529534,-2.06155931803597,11.916619637604,-0.429014914461918,9.29212770946546,13.9408847111258,-32.5529094005985,-1.35279200885822,8.93575658484449,0.155310980802458,-8.46119061464914,-4.89119999337679,-91.1521545543991,9.68481488974728,8.67387045714526,-0.969181825425761,15.5528680667295,17.256312095948,-49.5028459732805,-3.17865562561824,13.060884464563,-0.252867018457297,-9.53761564292503,21.1823679464018,-51.2188407679556,1.11587678817976,12.7994589479298,0.183444272870643,-37.8196892917492,-4.9171008667123,6.42196030280453
85.51,0.440475732658875,12.0203416887934,0.482738242781115,23.5854554638734,20.2218174546161,1.58201957167063,0.366201138847242,12.4916540005559,-0.764122060925188,13.1823346456542,11.641099135854,-17.2651402102504,-1.95557752823874,11.9322892554477,-0.573981392098462,9.29139743936579,14.931798731462,-31.9598709932797,-1.28302945203304,8.86341191111974,0.09003835992994,-9.97448590012615,-5.31076483413044,-98.0771797964735,9.60628363174521,8.77909586348183,-0.837604764908032,14.9399423294333,17.1275974770263,-48.4112350543849,-3.22021836437315,13.0461839940873,-0.260704038970903,-9.67024669729324,20.5677224646489,-50.869942139793,1.16409190903469,12.5938899268678,0.133102211361887,-37.6626920580833,-4.9766675399254,4.73097138603338
85.515,0.325903757304187,12.047125896062,0.470273338146329,23.4603911339155,20.4763788378331,1.32177727268965,0.328105480567549,12.5582548545485,-0.974233177638025,13.5165453250316,12.7869225462723,-16.0184329107172,-1.8440408895283,11.9439454120984,-0.717040522562624,9.26201521891204,16.137430712057,-31.2639212046049,-1.22903113021138,8.82475989450394,0.0215237669104415,-11.7608479152431,-5.66614478830345,-105.075387892206,9.48915029858591,8.86629834099065,-0.702298028826889,14.2459352055695,16.8100427323175,-47.3092885334614,-3.29457219088319,12.9752362828568,-0.267701617294946,-9.66360521150411,19.8022572914992,-50.4468688026192,1.15560387879737,12.3731789155229,0.0827781642057521,-37.4424845017171,-5.19273492630619,2.69635683712076
85.52,0.207271190398415,12.072855236398,0.465134784711486,23.3644129071006,20.8438292174793,0.993872419729499,0.302473890407594,12.6309585385888,-1.17524789893097,13.890179931908,14.1446503848543,-14.6005616565233,-1.72784174578281,11.9550980095661,-0.854773042482888,9.20506049602794,17.5577327300549,-30.4829523656851,-1.19543234015352,8.82672288751181,-0.04923476005386,-13.8131456117096,-5.93800245238809,-112.071883648914,9.33344863181808,8.93670232737374,-0.566107795429893,13.4759710229513,16.3081223289542,-46.2367417989982,-3.40033798794822,12.8488252782838,-0.27421696033871,-9.51934874391138,18.8926337103456,-49.9558539701565,1.09650300806635,12.1406191585661,0.0328204947757592,-37.1564820367369,-5.55841466611094,0.378069320096431
85.525,0.0862959604268093,12.1009605887106,0.467249867533949,23.2942465701558,21.3179034905161,0.596590806860884,0.293325872588703,12.7137581048879,-1.36059501509896,14.3046182531774,15.7061426836791,-12.9919456650629,-1.60811253407348,11.969527325596,-0.98374208545591,9.12295271852595,19.1852893641544,-29.6405869042023,-1.1869878058438,8.87565813897747,-0.121062989055714,-16.1147839231211,-6.10695377099361,-118.988668977044,9.14001276144401,8.99174153053437,-0.431903994844585,12.6379608065444,15.6308400752566,-45.2371028912204,-3.5355988911807,12.6686993435498,-0.280638580893959,-9.24208549837786,17.8499564884006,-49.3968759368853,0.993590299136135,11.8991251774227,-0.0165502086353841,-36.8013754020582,-6.06189133361248,-2.15396064009609
85.53,-0.0350227791711011,12.1347873315178,0.476332119346355,23.244019613235,21.8882986454438,0.129001393409525,0.304622231741682,12.8105707508097,-1.52382674590204,14.7603737640827,17.4554384284124,-11.1717346005168,-1.48623634280054,11.9911609105578,-1.10054230759184,9.01939127819822,21.0049948341772,-28.7660815918942,-1.20849934709847,8.97706709501862,-0.192532188019192,-18.6393206420814,-6.15412520572928,-125.74615023961,8.9105219972028,9.03298659048185,-0.302474810324968,11.7423630421483,14.7914600616219,-44.3568602300799,-3.69790203114671,12.4375965394011,-0.287312096565783,-8.83925109370433,16.6894312098377,-48.7639552167869,0.854221772285814,11.6512265365649,-0.0651419637223659,-36.3731016785311,-6.68682047501465,-4.82208102144727
85.535,-0.15444373852599,12.1774370336661,0.491874512416613,23.2055259048376,22.5409546931932,-0.40880469723925,0.340132462372682,12.9250684155325,-1.65881689139787,15.2569327001456,19.3686849722529,-9.11831796832202,-1.36385445562642,12.0239376289176,-1.20184257836004,8.89921499697066,22.9939519826225,-27.8940566061675,-1.26473637362448,9.13530910718708,-0.261876950119776,-21.3503078826417,-6.0617438913881,-132.264772109717,8.64751922379987,9.06207463622039,-0.180422021439574,10.8018085827479,13.8070879635028,-43.6445163602775,-3.88428341343608,12.1592515470318,-0.294465492810991,-8.32091638941497,15.4298268216161,-48.04569908608,0.686126266274671,11.3990946757801,-0.112688083477504,-35.8669228828505,-7.41292685420032,-7.54344463265661
85.54,-0.269538233858508,12.231609973244,0.513148840116635,23.1685913250352,23.2584734751245,-1.01547319001284,0.403295894724298,13.0605015982764,-1.75995412110706,15.7925899797943,21.414319149707,-6.80992867135141,-1.24286968970461,12.0716633102146,-1.28442515584214,8.76818315520622,25.1216104389328,-27.0640434777793,-1.36034506392333,9.35333434754646,-0.326922210235014,-24.201386984003,-5.81373529417063,-138.466742806176,8.35439832532442,9.08064655713723,-0.068062763324127,9.83060058993849,12.6981135108294,-43.1494661320819,-4.09131827434696,11.8383829380779,-0.302144530529963,-7.69952830540519,14.0927586424491,-47.226078454123,0.497199710189781,11.1446015411149,-0.158755908670529,-35.2776121735454,-8.21678065943036,-10.2327317198267
85.545,-0.37776033006368,12.2994547305955,0.539212039793503,23.1215256167719,24.0206608565266,-1.68815639559826,0.497080277199158,13.2195217590485,-1.82232407967286,16.3642886296511,23.5535099824186,-4.22532934520666,-1.12544449134574,12.1378627245838,-1.34522605486886,8.63268737093989,27.3501555576275,-26.3198502708808,-1.49974241753042,9.63245168582286,-0.385035252445555,-27.1366646233068,-5.39629946343604,-144.277807194472,8.03535704135268,9.09029737225934,0.0326565060074222,8.84410964285932,11.4875302131475,-42.9207447270511,-4.31519727198948,11.4806592975473,-0.310168477893324,-6.98958460200105,12.7018193215462,-46.2854102019059,0.295281829046778,10.8894063878042,-0.2026826193116,-34.5997348612475,-9.07271861687513,-12.804983045956
85.55,-0.476531480216415,12.3824313104578,0.568920022699635,23.0516398282226,24.8051720808351,-2.42230744016974,0.623841472348909,13.4040081680379,-1.84187461904555,16.9674719602624,25.7408649679816,-1.34456563391088,-1.0139932501829,12.2256324517721,-1.38138270140331,8.49941150924964,29.6351531262752,-25.7087470030544,-1.68699290737713,9.97214721009875,-0.43311984987382,-30.0913943578532,-4.79843550847338,-149.629016108546,7.69531299331018,9.09254401222925,0.120228221767138,7.85809303965948,10.200154173849,-43.005677766702,-4.55182668968367,11.0926422011629,-0.318114263348737,-6.20724386834365,11.2815972002167,-45.2015066570517,0.0879240180792854,10.6350644557711,-0.243549659800689,-33.8280001408873,-9.9538672930828,-15.1784474176972
85.555,-0.563338066757772,12.4811942224759,0.600949299686541,22.9458034621959,25.5882349668943,-3.21151340602142,0.785187718951812,13.6149054461553,-1.8155594024295,17.5959604517648,27.925393344542,1.8502335519497,-0.911169074717241,12.3374986734176,-1.39029560257342,8.37496444865279,31.9264474309985,-25.2804793548045,-1.92566812575537,10.3699677491348,-0.467669036657113,-32.9929813191214,-4.0123847738595,-154.458433122525,7.33978231737811,9.08881317042533,0.193629156615341,6.88797505236299,8.86176995473561,-43.4484722104296,-4.7969486213165,10.6817034352032,-0.325333662552283,-5.369874136261,9.85663218731916,-43.9509436305404,-0.117840651696929,10.3831485093311,-0.280201834271116,-32.9576513598485,-10.8332178720869,-17.2773402560612
85.56,-0.635839498595686,12.5955016071315,0.633826318480155,22.7910113346774,26.3454215147141,-4.04738198146722,0.981851558282153,13.8520782708139,-1.74145626609603,18.2418678062721,30.0517106686531,5.37403221850128,-0.819846184256372,12.4752830489148,-1.36971032160513,8.26551698600138,34.1693021308484,-25.08612409799,-2.21869326221164,10.821481008621,-0.484889913190656,-35.7623181540165,-3.03396643785195,-158.712714691737,6.97472241141933,9.08044974703517,0.252339316070417,5.94813063599823,7.49823763650808,-44.2887925151185,-5.04627503447805,10.255913446287,-0.331003701948431,-4.49554785104611,8.4503674632519,-42.5103903910267,-0.315712931540631,10.135371876925,-0.31131044189208,-31.9848588739413,-11.6846959859791,-19.0344063143722
85.565,-0.691983681793728,12.7241557359932,0.665963969563467,22.5749277615964,27.0524356946563,-4.91949578862032,1.21357217506335,14.1141897895938,-1.61885794901275,18.895572455918,32.0614598140002,9.23806585244533,-0.743099879829795,12.6399787579404,-1.31782429137223,8.17647834662187,36.3057646771022,-25.176805287813,-2.56818786768864,11.3203196772505,-0.480908084101349,-38.3154477566716,-1.86278478100689,-162.348496940907,6.60634277205315,9.06874398291883,0.296332251819571,5.05121802870797,6.13460078856076,-45.5603710438632,-5.29562778377809,9.82389823416342,-0.334205761352003,-3.60249708288202,7.08415989151323,-40.8579400300142,-0.500315638319538,9.89370009430843,-0.335473019436477,-30.9070806384131,-12.4841675505595,-20.3931811161144
85.57,-0.730125729857212,12.8649789472,0.695704200009163,22.2863756970428,27.6858840942855,-5.81544728134283,1.47899071906277,14.3986101576972,-1.44833396902387,19.5457614433069,33.8949144033143,13.4490496026462,-0.684186477368262,12.8316376666663,-1.23341983659068,8.11224862255943,38.2762259392689,-25.6022959302031,-2.97531136028974,11.8583111606766,-0.452050921802936,-40.5655334556425,-0.502294805841415,-165.333523272954,6.24089077519348,9.05497288310943,0.326037066980448,4.20760509435968,4.79423894135589,-47.2897041859589,-5.54107515307777,9.3946631610573,-0.334024676057967,-2.70854987336148,5.77641180133496,-38.9743777027094,-0.667342588046393,9.66043801021386,-0.351336575094155,-29.7233613659569,-13.2103229926659,-21.3098531609701
85.575,-0.749144727523182,13.0148272701462,0.721365145313747,21.9157415076915,28.2239970444662,-6.72096465779919,1.77556128799652,14.7013612503628,-1.23176339854795,20.1795624470799,35.4927220359953,18.0084431777103,-0.646525333964733,13.0492685731095,-1.11602032780059,8.07608010107623,40.0211375462252,-26.4095352958353,-3.44012527883317,12.425687792718,-0.395198389489095,-42.4251010321067,1.04027832245904,-167.647452127416,5.88442243181448,9.04044923096227,0.342275128675727,3.42492960884435,3.49810896938785,-49.4948851037107,-5.77905443548801,8.977384668585,-0.329656222121332,-1.83057490191136,4.5418808614986,-36.8443278553251,-0.813657947993824,9.43828057024784,-0.357727748104667,-28.4345502995348,-13.8453887839213,-21.7546433301134
85.58,-0.748552343939315,13.1696417899017,0.741290727204181,21.4552726596782,28.6472710950324,-7.62013530822601,2.09948072091677,15.0171029665193,-0.972338918759925,20.7827763354495,36.7977367781145,22.9117978805203,-0.633683947534655,13.2907457649994,-0.966061045307224,8.07007235411847,41.4828405618251,-27.6410969940046,-3.96148370159749,13.0113650640569,-0.308178697737972,-43.8085003452632,2.7541611050972,-169.282293928679,5.54257120918658,9.02656972659725,0.346177295801477,2.70782479506016,2.26411624821071,-52.1846195494445,-6.00646964345196,8.581174437903,-0.320510222444235,-0.983965418414864,3.39121267360609,-34.4572300151847,-0.937338490332625,9.23031843891358,-0.353772768167927,-27.0434286916314,-14.3756274296541,-21.7126396294267
85.585,-0.728586391823135,13.324535581396,0.753900377089936,20.8992555392059,28.9390091936186,-8.4957278773838,2.44564109537809,15.3391656299421,-0.674542662220096,21.3402168095232,37.7568836014872,28.1482081246816,-0.649364984556745,13.5527268040467,-0.785060743431801,8.09531322723819,42.6074509573929,-29.3336470466028,-4.53696020811264,13.6032684056757,-0.190175105250339,-44.6345186572466,4.62538057692476,-170.242440273174,5.22033012839579,9.01485293613692,0.339089660531999,2.05782877239711,1.10664806123469,-55.3574625589422,-6.22075410936815,8.21482427817277,-0.306297269076335,-0.182193267084378,2.33072312566229,-31.8081054990434,-1.03765477822563,9.03999371339295,-0.338992364587505,-25.5547489637101,-14.7916044538014,-21.1840536739882
85.59,-0.690282376616792,13.4739122956433,0.757736518009119,20.2440726844347,29.0857420546343,-9.32960750973344,2.80760964282839,15.6596318274508,-0.344093941973632,21.8361557342059,38.3229922881161,33.6998857652587,-0.697391142048873,13.8305786451465,-0.575774953664654,8.15216136016289,43.3467405792942,-31.5164342966793,-5.16281452172957,14.1886832882188,-0.0421014590911211,-44.8290643390205,6.63721750425704,-170.544266015373,4.92186261897649,9.00695813853605,0.322476708982569,1.47348163352026,0.0362894753863382,-59.0013020072592,-6.41988993399878,7.88654286416767,-0.287089460171755,0.563540411261675,1.36243659616868,-28.8980928912365,-1.11499141461793,8.87100548879994,-0.313361171398868,-23.9751964560143,-15.0882212441179,-20.1838975586134
85.595,-0.63551683505346,13.6116115151367,0.751507688899598,19.4881507334217,29.0775219546399,-10.1032321462823,3.17764145389288,15.9694696074886,0.0121318595309903,22.2548634273136,38.4565353457638,39.5418712974042,-0.781657055125435,14.1183244406459,-0.342308839538741,8.24064722914972,43.6599477065448,-34.2098574501422,-5.83397343147551,14.7546145255864,0.133100221808186,-44.327829879508,8.77073421681447,-170.215305171836,4.6503556233676,9.00467788328994,0.297830152078959,0.950598736262001,-0.94027194181917,-63.0931020973424,-6.60238004094423,7.60369660199655,-0.26334906560796,1.24453860054383,0.484365051299797,-25.7347459512248,-1.17071082395166,8.72716924616212,-0.277326650659914,-22.3132904826586,-15.2645323989821,-18.7411119284595
85.6,-0.567017698616923,13.731075755381,0.734125650689117,18.6318202081175,28.9080874632853,-10.7982117982654,3.54673064864478,16.2587172752969,0.386214888214272,22.5812235472679,38.1272042029685,45.6418920066248,-0.905238597166884,14.4090470039389,-0.0901715379333987,8.36095110554287,43.5154494440646,-37.4241538967625,-6.54327255083335,15.2886492982037,0.330269628718634,-43.0788381010637,11.0053424218987,-169.293023337864,4.40792463469103,9.00989986591255,0.266589792624357,0.482695641099768,-1.82015911273016,-67.5989080988167,-6.76717349595531,7.37256640240262,-0.235923046211782,1.85471576804153,-0.309004821836195,-22.3321013896265,-1.20696923675224,8.61223754750087,-0.231788147647768,-20.5792436188151,-15.3233820809907,-16.897204109154
85.605,-0.488338716416305,13.8255341598001,0.70473535647217,17.6771145213923,28.5749036883513,-11.3969081449886,3.90470552806122,16.5167180490675,0.769335175212895,22.8013933480241,37.3152605661546,51.9603737296885,-1.06943884349593,14.6953821773321,0.173755695316008,8.51390017172881,42.8922292493084,-41.1582552543664,-7.28072719844362,15.7798931948738,0.542007532701412,-41.0447756720137,13.3193738607256,-167.823231295039,4.19557570224108,9.02453711018668,0.230080365892394,0.0615303660152204,-2.60405305830503,-72.4741044883958,-6.9135498856968,7.19813059060132,-0.20600527186634,2.39057828467109,-1.02606196807476,-18.7105342792932,-1.22649719226767,8.52969223917796,-0.178041640840518,-18.7847969392648,-15.2709038550006,-14.7044765016372
85.61,-0.403796832518101,13.8881982088993,0.662737201135358,16.6275380530593,28.0790872436001,-11.8830487815668,4.24037254189839,16.7324006311965,1.15195204617409,22.9034728624979,36.0126051982089,58.4506099125014,-1.27542050077908,14.9686538683615,0.441362518672444,8.70141564418716,41.7810765166714,-45.3988533831654,-8.03525871999853,16.218149875492,0.75890671183154,-38.2050231375701,15.6906169159701,-165.858205240547,4.01322487449141,9.05042893975293,0.189465945920756,-0.322277211688321,-3.29579937325056,-77.663912391239,-7.04097313038782,7.08388224359095,-0.17507161186065,2.85108579791274,-1.67731114719337,-14.8964254415163,-1.23235960017788,8.48252032843377,-0.117699467264933,-16.9430449632175,-15.1159322554714,-12.2239393653902
85.615,-0.318373160889208,13.912464990124,0.607801433954043,15.4878322284037,27.425228440113,-12.2423289248652,4.54171267543428,16.8945994229595,1.5240201183651,22.8781417608006,34.2235141864861,65.0590889111745,-1.52534892909865,15.2182016139679,0.703562822594462,8.92683613700041,40.1854607595602,-50.1197184235942,-8.79591853210495,16.5931152534911,0.969983631856374,-34.557299929318,18.0967853138412,-163.454597144503,3.85977159819713,9.0892184770098,0.145721590862383,-0.678591047679374,-3.9019023838045,-83.1041085167077,-7.14892864742299,7.03168732609446,-0.144795440208475,3.23740911920024,-2.27455671693153,-10.9216684121389,-1.22771195763283,8.47298696268624,-0.0525963701773638,-15.0682583556637,-14.8693726877672,-9.52300909796785
85.62,-0.2375797699951,13.8921237221612,0.539874997348527,14.263764920142,26.6211253881121,-12.4629732770214,4.79613208021128,16.992405837906,1.8752418410225,22.7192207701758,31.9650026296854,71.7259778212479,-1.82060021397451,15.4323040360572,0.950666292800941,9.19504715437429,38.1220299799291,-55.2813071431395,-9.55043053904095,16.8953905465218,1.16327413642284,-30.1188550217691,20.5158906877707,-160.671232835522,3.73321943486174,9.14221519529377,0.0996205144772734,-1.01711073781127,-4.43093806321756,-88.7219460530143,-7.23676007507132,7.04168827717934,-0.116952308745051,3.55260629004264,-2.83008077764145,-6.82304428278382,-1.21556957938867,8.50241955255916,0.015306556886969,-13.1757062008682,-14.5435705044248,-6.67309413148125
85.625,-0.167295860158695,13.8215612977339,0.459181333928746,12.9619628606185,25.677446018217,-12.5362319757282,4.9907665090282,17.0155401228745,2.19535419581124,22.4241160070767,29.2667872393896,78.3857585210174,-2.16095892272985,15.5986615495391,1.17285035566148,9.51235928546513,35.620690995793,-60.8306953866082,-10.2847258876764,17.1168489302,1.32662698252743,-24.9271478549868,22.9264985825367,-157.566904404136,3.63083510541852,9.21025321009025,0.0517342196481766,-1.34676658252115,-4.89291716441049,-94.4372576865766,-7.30352272479741,7.11225627518864,-0.093322574245175,3.8012426073578,-3.35586015620797,-2.64149158685375,-1.19860565922038,8.5710170961726,0.084009958171554,-11.2814740994571,-14.1517116427369,-3.74716665427504
85.63,-0.11357808778874,13.6959625839405,0.366213870604776,11.5897997652703,24.607334677107,-12.4567870517226,5.1128364697901,16.9547314260726,2.47444423556628,21.994109472642,26.1708323077871,84.9680091702031,-2.54496588190179,15.7043073418303,1.36070155179405,9.88609921514541,32.7242388662181,-66.7018625213927,-10.9835562182084,17.2501370126386,1.44863881228104,-19.0399786517461,25.307856946273,-154.198266395904,3.54933528095262,9.29355739666484,0.00244267286604727,-1.67518922988285,-5.29862893111523,-100.163721539584,-7.34787052610729,7.23999433682685,-0.075599764734632,3.98898224217259,-3.86285836632184,1.57870385169391,-1.17899173239156,8.67769824000073,0.151549113298199,-9.40227042436454,-13.7072774956867,-0.81741056880606
85.635,-0.0824507698734424,13.5115010678684,0.26172394245923,10.1553452378654,23.425980025015,-12.223049425123,5.15004712349022,16.8020926651235,2.70328485328111,21.4344671150116,22.7304775194865,91.398322246239,-2.96979519867172,15.7358380079303,1.50580106028993,10.3239068315263,29.4875135384071,-72.8163482774216,-11.6307040426126,17.2884424572997,1.51964456458599,-12.5350413049384,27.6398966913023,-150.617941152981,3.48508963255197,9.39162995839195,-0.0480483284781556,-2.00827821000639,-5.65899354944931,-105.810271876497,-7.36799145995396,7.41979269514125,-0.0653106930674202,4.1221786211027,-4.36041947446536,5.79077697450689,-1.15829082573422,8.82000058469408,0.216048044709311,-7.55521138878058,-13.2235670291768,2.04697456799752
85.64,-0.079682504155834,13.2655151553905,0.14670388968767,8.66737198419012,22.150160487678,-11.837330980336,5.09102396661329,16.5514761080079,2.87367886579477,20.754346769102,19.0091608309559,97.5993484343779,-3.43113321622144,15.6797341845224,1.60130591060021,10.8327661996648,25.9760751636474,-79.0842931921976,-12.2092381554048,17.225283162873,1.53268227589698,-5.50888491577127,29.9031148794506,-146.872926983421,3.4343283725939,9.50316966975283,-0.0996850278606853,-2.34988620283255,-5.98444858357251,-111.282637418018,-7.36160339678742,7.64493748368639,-0.0637511145638909,4.20748814555077,-4.85578178288415,9.94639015956637,-1.13740950329972,8.99404221676574,0.275754980174177,-5.75757626005475,-12.7132906435717,4.78174645307467
85.645,-0.110556379895521,12.9566650755026,0.0223660072002701,7.1354120642785,20.7977825027681,-11.3058814036369,4.9257724018153,16.1987955161709,2.97879653207174,19.9665011829339,15.0787647215952,103.491954366298,-3.9231187793535,15.5227545128847,1.64247439976716,11.4178347008267,22.2644060466646,-85.4058630076478,-12.7018750765912,17.0543420304496,1.48433803124215,1.92471828852388,32.0783618510526,-143.003383736616,3.3933428127736,9.62603465131411,-0.152540602657624,-2.70162856379549,-6.28439136882441,-116.484990560583,-7.32601798201954,7.90727347489362,-0.0719384406998502,4.25152750718998,-5.35372123017402,13.99656176921,-1.11661043193799,9.19455438125981,0.329062571928356,-4.02652682373772,-12.1882336990836,7.32931628508195
85.65,-0.1796414435953,12.5850650004673,-0.109881986864417,5.56984735690394,19.3874253018963,-10.6387850064594,4.64614654566785,15.7423012086177,3.01348936753813,19.0867852738488,11.0176291325505,108.99648129959,-4.43836177544121,15.2524036540775,1.62708333345079,12.0811691769317,18.4336676561948,-91.6730450356733,-13.0914638727926,16.7693989887072,1.37537574713798,9.63698993597444,34.1465635004082,-139.041845008334,3.35866829283595,9.75725721540199,-0.206788095398902,-3.06282090921327,-6.56669603181099,-121.321690364294,-7.25826099194694,8.19744520149968,-0.0905809510425378,4.26058938208376,-5.85632791570436,17.8926018974473,-1.09556101821609,9.41500925965567,0.374518359354386,-2.3787895182104,-11.658983451519,9.64012892159689
85.655,-0.29057342592426,12.1523847547979,-0.248464236566207,3.98201541919624,17.9379040777051,-9.84971847554423,4.24631018135989,15.1827954631911,2.97456189071998,18.1334906620765,6.90828892275348,114.034091211392,-4.96805248289206,14.8574694819447,1.55568912536127,12.8204760338636,14.5690658302866,-97.7717911287937,-13.361599294542,16.3644058090523,1.21106559596134,17.4869270869849,36.0884182542901,-135.012876734497,3.32724016375876,9.89311610814662,-0.262671653039632,-3.43054168996287,-6.83732070836171,-125.69910059086,-7.15500124927637,8.5056182932282,-0.120060846587987,4.2404252839151,-6.36291437017083,21.5870421175645,-1.07304345929957,9.64814031496126,0.410827652695128,-0.830303841518061,-11.1347115227811,11.6737015053544
85.66,-0.445852916675695,11.6619154478468,-0.391665934277738,2.38430970468276,16.4678612064588,-8.95557617958885,3.72317077479023,14.5237772363811,2.86098301478519,17.1265433028188,2.83500718830087,118.528186179214,-5.5022508410628,14.3287607410133,1.4316955987268,13.6280295710965,10.7569057133077,-103.5844680679,-13.4974605689305,15.8338584379424,1.00116289417408,25.3246143652449,37.8841145356925,-130.933171151694,3.29651530660517,10.0292674839397,-0.320475761053531,-3.79981174270166,-7.10001776829293,-129.527461217703,-7.01275609450868,8.82181241909976,-0.160429252305505,4.19609845097739,-6.87005103741921,25.0345469275044,-1.04706131421392,9.88620452496309,0.436860453630522,0.604154037737528,-10.6230047887795,13.3993086158898
85.665,-0.646669164466539,11.1185936340575,-0.537663394619901,0.790252717901444,14.9953928587419,-7.9759751363055,3.07676607329046,13.7715072100476,2.6740203612008,16.0866106290944,-1.1188122884153,122.405885980074,-6.03047555595802,13.6601803335618,1.26120708579418,14.489905581219,7.08144837363231,-108.992562656408,-13.486995949096,15.1736036819919,0.759518596058467,32.9950152570568,39.5131180443531,-126.812036091452,3.26455389377538,10.1609313879938,-0.380491877091558,-4.16387873927838,-7.35615741437932,-132.722787752681,-6.82892221165059,9.13499623139441,-0.21141031531788,4.13190436222869,-7.37172257742531,28.1927949651174,-1.01614458494741,10.1203755960825,0.451683092566408,1.91135870724292,-10.1297402398173,14.7963146675174
85.67,-0.892757436499449,10.5289792855926,-0.684553871962371,-0.785478022427698,13.5377160281296,-6.93265687406326,2.31058214647936,12.9349866207321,2.41728387351285,15.0341721124368,-4.87324056719998,125.599547182284,-6.54177245271872,12.8487170045551,1.05266189848365,15.3856630256331,3.62171054501466,-113.879576394257,-13.3213310131562,14.3808810998497,0.503143928213931,40.3421693580164,40.954078526842,-122.652215425944,3.23005868971566,10.2831256984834,-0.442981997938902,-4.5145910883029,-7.60467270494827,-135.208767555276,-6.60227643310192,9.43332143649665,-0.272410840152835,4.05135219942869,-7.85959753081598,31.0233180401851,-0.979765498706122,10.341038075448,0.454599559877408,3.08001639449807,-9.65900324419897,15.8541658271564
85.675,-1.18229736434831,9.90118399552806,-0.830383965047658,-2.32708871705257,12.1108789793718,-5.84880809021662,1.4317819695835,12.0258461474095,2.09666961699204,13.9886108562679,-8.35436758414264,128.048304317057,-7.02450529486699,11.8940248454035,0.816271318388704,16.2885747078902,0.448373537378728,-118.134034056747,-12.9947228662914,13.4542002696954,0.250878052948486,47.2136960404079,42.1849022889103,-118.45095991298,3.19237203369822,10.390934779658,-0.508139261341529,-4.84284298911807,-7.84213149347817,-136.918616664885,-6.33268654478138,9.70567428176241,-0.342534834651593,3.95719748309343,-8.32340299080474,33.4922857645707,-0.937568050235881,10.5390693974384,0.445186770475662,4.10111922913666,-9.21305284451243,16.5720639454445
85.68,-1.51185891008581,9.24474735472382,-0.973175638145417,-3.81778664968425,10.7295165462004,-4.74832599995134,0.451324947229994,11.0581442535875,1.72020027778129,12.9673833498716,-11.4966724252549,129.699609786144,-7.46723016148837,10.7998001167396,0.563307052975256,17.1664599604227,-2.37901745844646,-121.652522435383,-12.5058061378186,12.3948900373784,0.0220205457510865,53.4654753836486,43.1830289505362,-114.201260564436,3.15143357429261,10.4797959570402,-0.576046602832965,-5.13906988776326,-8.06293755274852,-137.796854902973,-6.02130152285583,9.94225791704435,-0.42060140327761,3.85151423550766,-8.75139463943914,35.5712232025548,-0.889388966150631,10.7063959478042,0.423341565699681,4.96825184238462,-8.79234128955611,16.9583537168798
85.685,-1.87640152171666,8.57046123922501,-1.11094929480791,-5.23998583233276,9.4066506228968,-3.65505723291393,-0.616039748690796,10.0480776936852,1.29776522179408,11.9853197419582,-14.2451192153317,130.510743937045,-7.85963993636507,9.57495861489631,0.305299368475003,17.9831124728322,-4.81438104847912,-124.342670289384,-11.8587086894039,11.2085359140849,-0.165199544425253,58.9663465814464,43.925938370799,-109.893159564325,3.10770460510836,10.5457837986088,-0.64663556599758,-5.39377155196883,-8.25965889472182,-137.800951826471,-5.67093773819205,10.13473615192,-0.505166408612712,3.73579429940453,-9.13091040687824,37.2376486027781,-0.835624158255948,10.8362227387468,0.389334882529863,5.67782999180265,-8.39559706906832,17.0296613935602
85.69,-2.2693307203996,7.89014369711598,-1.2417439096362,-6.57560568822882,8.15353548216887,-2.59204069813765,-1.75191945490394,9.01361026795237,0.840769572083534,11.054098194193,-16.5568845712673,130.450260429087,-8.19292323523423,8.23366305795237,0.0532246673935447,18.7002507732249,-6.82678735259231,-126.125978322997,-11.063175397788,9.90546411279575,-0.295260730426368,63.6026358484923,44.3918961059997,-105.515065762092,3.06206722321407,10.5858705029635,-0.719648370167546,-5.59803847588201,-8.42347582852604,-136.902791989861,-5.28619666935744,10.2766534349766,-0.594550488336034,3.61106177355996,-9.44899288612537,38.4756179569154,-0.777265960294001,10.9234526686683,0.34385626679774,6.22925342115492,-8.01998059262701,16.8098288042202
85.695,-2.68261477435214,7.21636616412407,-1.3636348478902,-7.8064621000469,6.97954707288014,-1.5807847933375,-2.93457246786206,7.9740291916364,0.361708091489122,10.1819246376358,-18.4026343561781,129.499325152671,-8.46018280531013,6.79536958106062,-0.183240976290287,19.2798553937413,-8.40137295458645,-126.940408623515,-10.1345648341014,8.50121983265281,-0.356783413873666,67.2823043786877,44.5609236820647,-101.055020463564,3.01570823482379,10.5981408107761,-0.794607066061972,-5.74405649024412,-8.54473465091552,-135.089905401414,-4.87345933328922,10.3638013032659,-0.686875038925542,3.47799180440954,-9.69306145408889,39.2761629004256,-0.715863664095765,10.9650360570142,0.288042435076052,6.6249594229424,-7.661318969792,16.3286901549019
85.7,-3.10696225046217,6.56213980907092,-1.47475057713235,-8.91474438279817,5.89211512197936,-0.640607719916583,-4.13935335027358,6.94944146793832,-0.126314851466361,9.3734344835669,-19.7672844670808,127.652900360912,-8.65817853258076,5.28364645874924,-0.39633405115269,19.686703895544,-9.53940165732521,-126.742646171906,-9.09473166288791,7.0155135845214,-0.34362296745192,69.938496744183,44.4159547364793,-96.5018810641421,2.96999854524293,10.581941974263,-0.870793898841554,-5.82556445022852,-8.61358529169676,-132.366408482562,-4.44075489933195,10.3944855810034,-0.780108149000595,3.33702503373887,-9.85160999109148,39.6376084011504,-0.653422218188433,10.9602074856714,0.223481668006812,6.87036927946304,-7.31442111406197,15.6207411265299
85.705,-3.53205908288056,5.9405688246409,-1.57328992117005,-9.88356591220975,4.89669665683623,0.21193330416837,-5.33930511897083,5.96022524813571,-0.610093863274337,8.6298166954159,-20.6502022196652,124.920720277028,-8.79057611692317,3.72302065070263,-0.580625620044491,19.8908805313208,-10.2574541452147,-125.509950393527,-7.973892270957,5.4688504604988,-0.255511922981756,71.5322753451755,43.9441120554701,-91.8464108224125,2.92637853932483,10.5379534398904,-0.947246751741376,-5.83824088846915,-8.62067323719862,-128.753602654574,-3.99750473213453,10.3696641764416,-0.872121906666682,3.18847160519358,-9.91490058406572,39.5657568753648,-0.592249780540846,10.91058247171,0.152187267852588,6.97372640427719,-6.97346702020538,14.7237501742803
85.71,-3.94686137485237,5.36448031442958,-1.65754177332432,-10.6975705101282,3.99678943854189,0.963502193352657,-6.50588723525527,5.02645316114416,-1.07683206318351,7.94914443402575,-21.0648307522414,121.328001161622,-8.86068329511621,2.14426042897746,-0.733169217614484,19.870027218128,-10.5858006481562,-123.241521882715,-6.80377665519618,3.88936669185953,-0.0981391422588562,72.0543497966225,43.1380168071537,-87.0822786645837,2.88625863573909,10.4681667941333,-1.0227727358641,-5.77999776096476,-8.55784837797323,-124.290182165118,-3.55415439987886,10.2929324923603,-0.960761370973088,3.03260145319571,-9.87561834276873,39.0739259387842,-0.534770370630434,10.8200963455195,0.0765360235532676,6.94583192266888,-6.63245634431452,13.6773607278384
85.715,-4.3399375159905,4.84604196359447,-1.72590922893723,-11.343571438828,3.19398367159524,1.6043166418858,-7.6098211567239,4.16730586696669,-1.51462391970637,7.326881605555,-21.0377475194588,116.915828393356,-8.86432623478989,0.590647463730093,-0.85341837662146,19.6111193763457,-10.5660797340923,-119.959318151936,-5.61094455081171,2.32034767783003,0.117302824879733,71.5256520634448,41.997023314828,-82.2069801363483,2.85094186336076,10.3757737486282,-1.09598168116086,-5.65116305121464,-8.41884703256566,-119.032010050185,-3.12171654426249,10.1703443226943,-1.04392391989161,2.86972024711342,-9.72944836553484,38.1828280521225,-0.483321516791324,10.6947804312211,-0.000828762453593306,6.7996898976746,-6.28569243034101,12.5217302896292
85.72,-4.69985045747651,4.39637982595044,-1.77693987029931,-11.8111951211544,2.48805013372231,2.12834187711948,-8.6220284209231,3.40049456586822,-1.91288584808847,6.75652233279911,-20.6071977705067,111.741166012832,-8.80049688182674,-0.891501157604732,-0.942927139579526,19.1115929583328,-10.2484646139085,-115.708262442276,-4.42449519133427,0.808708450080845,0.375112105315612,69.9966669465793,40.5282637879363,-77.2226878463523,2.82157218341007,10.2649678777736,-1.16533960245101,-5.45453909485965,-8.19989934861382,-113.051431155738,-2.71125571466666,10.0100697695119,-1.11964587851866,2.70023242594466,-9.47553395783664,36.920281980961,-0.43995807371601,10.5423850611838,-0.0771259927222917,6.55007976204569,-5.92826990892923,11.2962484094189
85.725,-5.01556828443432,4.02520926145272,-1.80936341052394,-12.0934976339763,1.87706248187605,2.53333997089532,-9.51463023970838,2.74171089525521,-2.26271313737398,6.23031167605623,-19.8211730101588,105.876440600259,-8.67675112058809,-2.25997491173377,-1.0048748752742,18.3797127308427,-9.68853813566952,-110.555801419704,-3.27932622886615,-0.603210384728047,0.656478595359136,67.5454991145055,38.7473899672077,-72.1370273547598,2.7991087233434,10.1406737171285,-1.22924034321605,-5.19532993453495,-7.90021360037971,-106.436103717647,-2.33335138246936,9.82190677522011,-1.18619157377056,2.52469386811118,-9.11677636666431,35.3207484061834,-0.406282152670227,10.3718736026452,-0.149589357340591,6.21307724130715,-5.5565281854154,10.0383704370696
85.73,-5.27688872406614,3.74049229380634,-1.82213707889776,-12.1875188223034,1.35755091649553,2.82077516591732,-10.2619727538443,2.20412167687432,-2.55714744802314,5.73999155549252,-18.7351307641557,99.4086612256317,-8.50431558724372,-3.47524193140339,-1.0435275035542,17.4341485374553,-8.94411381489795,-104.590781296439,-2.21105632354562,-1.87556227478888,0.941073408056876,64.2747363514201,36.6789136761448,-66.9637549014458,2.78432255651525,10.0082238742449,-1.28609173602202,-4.88093851604998,-7.52229242326308,-99.2873457798227,-1.99757686539774,9.61667757455105,-1.24213855926842,2.34385666834077,-8.65994127548042,33.4246853562499,-0.38331558256404,10.1928248759156,-0.215632193763383,5.80554685347289,-5.16843064844681,8.7825981224968
85.735,-5.47486110796904,3.54813443345574,-1.81449805287832,-12.0947368153082,0.924683649971794,2.99558162780175,-10.8416386874834,1.79792452324743,-2.7913457859004,5.2775160706531,-17.4094734419191,92.4380502263943,-8.29612912015944,-4.5013195082484,-1.06365246043857,16.302805916189,-8.07223112284997,-97.9216280149171,-1.25348242005092,-2.97181809461684,1.20876319570202,60.3072469943521,34.3560750538053,-61.723290787098,2.7778096549124,9.87301020672713,-1.33441094750092,-4.52064262538986,-7.07204424399192,-91.7180092669167,-1.71202979767749,9.40555387101095,-1.28645197682819,2.15870723273992,-8.11554650029331,31.2777235340615,-0.371426043625037,10.0147914985751,-0.273010336546367,5.34462891494117,-4.76383112372984,7.55963184135887
85.74,-5.60218774325845,3.45173335263155,-1.78602099745797,-11.8213851255386,0.57247178388788,3.06580572734497,-11.2354042784082,1.5299786034271,-2.96264885094365,4.83568513073073,-15.9069188063054,85.0761753006907,-8.06591007753486,-5.30755004526555,-1.06996404786468,15.0210298605677,-7.12652095159645,-90.6738360946339,-0.436990155166928,-3.86069231223727,1.44125475905153,55.7811203397316,31.8202032085414,-56.4430416980438,2.78001162441702,9.74013821227795,-1.37292236001564,-4.12516654550192,-6.55866608626819,-83.8499122844338,-1.4829445515767,9.19936313254793,-1.31854106772195,1.97049672142044,-7.49751866811684,28.9296671758493,-0.370311760495518,9.84666746012456,-0.319967438414947,4.84724211151622,-4.34459542422627,6.39571273286374
85.745,-5.65358579416645,3.45239075044971,-1.73667747876477,-11.3785958060557,0.293992341768553,3.04214017712049,-11.4301000178248,1.40352313778795,-3.07055330887027,4.40865394269036,-14.2899009699772,77.4435914109227,-7.82716421078734,-5.87018992360048,-1.06666463811945,13.6293567953518,-6.15508714159607,-82.9867929575942,0.21295787990049,-4.51785041483812,1.62349609863456,50.8440154589054,29.1195751710456,-51.1574318539594,2.79123515436226,9.61411408573129,-1.40065050045347,-3.7061728179083,-5.99429096117782,-75.8108786283121,-1.31440950356527,9.00793180494952,-1.33829179853465,1.78076029884563,-6.82262351532407,26.4333328166145,-0.379043285335164,9.69611873208674,-0.355347806446976,4.32961958683971,-3.91455673270746,5.31216652379979
85.75,-5.62609075236729,3.54859735598437,-1.66689280659698,-10.7823358785523,0.0816234514592475,2.93737186789969,-11.4183347401283,1.41799463138927,-3.11659826105924,3.9922875716976,-12.6181379007712,69.6670209485848,-7.59223250683201,-6.17371599849237,-1.05712427580161,12.1710237398009,-5.19898985402573,-75.0099912009593,0.677164159014964,-4.92728525680799,1.74470650190303,45.647221158122,26.3078205991369,-45.9075606707049,2.81166194560031,9.4985912373632,-1.41700023633579,-3.27570456056047,-5.3934129453826,-67.7314520071679,-1.20820330144669,8.83951880813564,-1.34607136330011,1.59131942179896,-6.10969357712255,23.8432461360504,-0.396155274063042,9.56912564347868,-0.378664257769406,3.80689277848571,-3.47929830014906,4.32515435731209
85.755,-5.51928345328067,3.7361993232486,-1.57759486462594,-10.0531110737553,-0.0727148430066554,2.76576884388485,-11.1990446833045,1.56895256716004,-3.10418056007097,3.58434342661771,-10.9464887214156,61.8761224098948,-7.37147695906339,-6.21177107189845,-1.04371964179997,10.6894523128219,-4.29135473721631,-66.8987102574982,0.943777135186469,-5.08227296623664,1.79895668761819,40.3397444477765,23.4419570698952,-40.740416207496,2.84134316506491,9.39619755880922,-1.42181676802978,-2.84561291077386,-4.77212395018023,-59.741370619582,-1.16375538323487,8.70038448898521,-1.34270278214682,1.40426028498425,-5.37869662567937,21.2142256677687,-0.419776910388254,9.46967543013655,-0.390112722706504,3.29273351107596,-3.04577422802126,3.44562951534466
85.76,-5.33542439806488,4.00845230238675,-1.47024884510144,-9.21542143588284,-0.177320847752774,2.54243429645289,-10.7778320420202,1.84812222990094,-3.03831634237195,3.18447903061259,-9.32320196371227,54.1999215727482,-7.17268792232144,-5.98768950104384,-1.02783094985806,9.22590942264463,-3.45707576555632,-58.8092806561595,1.00902685500864,-4.98584658048163,1.7852751051451,35.062735639067,20.5801702148185,-35.7075996667266,2.88017591632331,9.30845681710661,-1.41541888736667,-2.427005828812,-4.14721576566152,-51.9659050173141,-1.17822779422646,8.59452707480201,-1.32941065160093,1.22188221039,-4.64970596715946,18.5998911621694,-0.447787126746273,9.3996287577273,-0.390530904512876,2.79906159837692,-2.62179704822532,2.6794924191133
85.765,-5.07948183072867,4.35616726750846,-1.3468716629754,-8.29696780443858,-0.240479129154056,2.28265656262948,-10.1670612462214,2.2435623036764,-2.92536696542847,2.79409671943009,-7.78862568362156,46.7630049098416,-7.00077092683232,-5.51456532040699,-1.00997525557253,7.81751011584164,-2.71303490211013,-50.8940775757039,0.877546218528888,-4.65075552278059,1.7073106242985,29.9445261213963,17.7794719723599,-30.8635552576827,2.92786332377702,9.23580800588688,-1.39860059149134,-2.02975338303085,-3.53521669958046,-44.5221781115286,-1.24670841265856,8.52360207536811,-1.30774195686351,1.04661254000988,-3.94184714378269,16.0511432388732,-0.477980041190724,9.35876663204124,-0.381304586175976,2.33582264605346,-2.21543715685227,2.02792962764679
85.77,-4.75904350244921,4.76794981301824,-1.2100203338237,-7.3276261822454,-0.270242231244478,2.00128381027739,-9.38568608792129,2.73996347858645,-2.77274617895599,2.4160497841208,-6.37441460086815,39.6816021888416,-6.85773683109172,-4.81484694364559,-0.990039326327384,6.49567761799304,-2.06873173682524,-43.2964236584046,0.562232240464683,-4.09890960771441,1.57262790129595,25.0965036733809,15.0933778767354,-26.263348274923,2.98386398621589,9.17771628048541,-1.37259847220223,-1.66208068752165,-2.95144167797072,-37.5156001090686,-1.36250026740402,8.48702196552511,-1.27946834218975,0.880889305718781,-3.27230245028602,13.6146689656215,-0.508226808315507,9.34500585953531,-0.364231314864214,1.91083893261438,-1.83439149129182,1.48791576770967
85.775,-3.44756839792749,6.25065289299086,-0.765510567373629,-6.33822714778485,-0.274231803283793,1.71215045806547,-6.07134945718368,4.72754049048865,-2.14185890413521,2.05424467601839,-5.10323234574688,33.0597122269449,-6.63728019446182,-1.31341737896482,-0.881457503724357,5.28511918167204,-1.52720241259058,-36.1456112236782,-1.626416855237,-1.11690412578428,0.954189679648104,20.6099862418446,12.5697408881222,-21.9600866910103,3.22797119895122,9.10222913133392,-1.25397727050297,-1.33027318881528,-2.40913630214444,-31.0365622719686,-1.96180126790631,8.637882867873,-1.18400603548788,0.727018860446219,-2.65545341223308,11.3315344065838,-0.540945119911467,9.4577605913677,-0.294617032269818,1.52973513178808,-1.48538495611342,1.05285066616326
85.78,-2.31068899193087,7.51289755053848,-0.39005971182096,-5.84240538878285,-0.270284458542747,1.56732630227849,-3.17564410389702,6.43993654406064,-1.59758462994407,1.8709950466872,-4.51320927303171,29.8734376277277,-6.49230916872422,1.77683434213183,-0.784752094505459,4.71473163028135,-1.28433052361591,-32.6960854322591,-3.61908322097544,1.53132915009876,0.407002858209097,18.4601857358971,11.3664350930813,-19.8919505079846,3.43223820721632,9.05659697237487,-1.15039785856619,-1.17255925331879,-2.14570726693252,-27.9395113515146,-2.48871662006651,8.80010972962707,-1.10399507585196,0.652055504997579,-2.36154585156415,10.2333959835164,-0.558489212972319,9.57100063693563,-0.235734752584797,1.35066067312223,-1.31969372998933,0.860493791674791
