time,hip_flexion_l_velocity,hip_adduction_l_velocity,hip_rotation_l_velocity,knee_angle_l_velocity,ankle_angle_l_velocity,subtalar_angle_l_velocity,hip_flexion_r_velocity,hip_adduction_r_velocity,hip_rotation_r_velocity,knee_angle_r_velocity,ankle_angle_r_velocity,subtalar_angle_r_velocity
42.265,19.5539763852941,22.0377017961022,14.5040553655545,-190.852112375665,128.795055756675,13.9436300425906,-108.142106395131,-10.6117258108766,69.8125209774984,187.644472480925,-138.49680690862,7.43263587420834
42.27,19.4478432401565,22.0226177207617,14.5826078959576,-190.782488587036,129.121427625946,14.0843634203228,-108.212568154942,-10.6252722434833,69.6926586666541,187.21645406336,-139.291797829092,7.4346536121119
42.275,19.133486190913,21.8833518673376,14.7033416028864,-190.276979241278,129.646173655115,14.3940911394364,-108.167016266451,-10.5901065580773,69.2069954274087,185.501742241589,-140.321064228498,7.54461914804719
42.28,18.6175941853872,21.522176640774,14.7499617076091,-189.082711234022,129.945616382897,14.763889150109,-107.7708536073,-10.4241892471972,68.2374146491681,182.081051259681,-140.187469329885,7.8847770380786
42.285,17.9078747702898,20.9329677582168,14.7199298760046,-187.291293112743,130.078533108428,15.1990795373724,-107.069430989243,-10.1154804542117,66.8037548263281,176.991306095355,-138.811264475886,8.48942779348914
42.29,17.0168782147776,20.1122731940633,14.6111915470316,-185.001443112721,130.09705447099,15.7011787443423,-106.108661343235,-9.65298554220023,64.933501600993,170.297029966445,-136.11972053735,9.38740613221513
42.295,15.9619743594234,19.0594244589233,14.4223447123452,-182.316922590962,130.0439409704,16.2674416634643,-104.933512340071,-9.02713247761042,62.6613433522567,162.088501943156,-132.048804611918,10.6006557659065
42.3,14.7652268171465,17.7766076688451,14.1528344666647,-179.344542927266,129.950188775498,16.8905286518987,-103.586619882323,-8.23014825741325,60.0286036708083,152.47933703969,-126.545007283061,12.1429337942099
42.305,13.4531636840539,16.2688885708675,13.8031634323447,-176.192271037001,129.833049615081,17.5583127144292,-102.107056108537,-7.25641715391616,57.0825542340123,141.603562547005,-119.567269450985,14.0187005077954
42.31,12.0564456844014,14.5441862239099,13.3751059906378,-172.967449705213,129.694537640526,18.2538409028933,-100.529279412278,-6.10280325661348,53.875613076053,129.612277135769,-111.088945322974,16.2222468551213
42.315,10.6094346266169,12.613191315328,12.8719127245102,-169.775141487727,129.520481992573,18.9554599479572,-98.8822877382259,-4.76892079100897,50.4644354374194,116.669989529735,-101.099728132843,18.7371061821926
42.32,9.14966720254651,10.4892270818721,12.298490702836,-166.716599045185,129.280167579721,19.6371112541542,-97.1889901107821,-3.25733794713907,46.9089071659985,102.950740953023,-89.6074579222748,21.5357893286014
42.325,7.71724144317126,8.18805333172687,11.6615452486917,-163.887860482154,128.926588830679,20.2687948140819,-95.4658050684785,-1.57370325733756,43.2710538310286,88.6341198386316,-76.6397268369067,24.5798729526525
42.33,6.35412541291428,5.72761686479448,10.9696696187204,-161.378465481421,128.397322675942,20.8171956423481,-93.7224885569945,0.273212401387684,39.6138820602928,73.9012783289179,-62.2451974824313,27.8204602165853
42.335,5.10339983669438,3.12775435430099,10.2333705350243,-159.270286627565,127.61600843651,21.2464603781999,-91.9621880212235,2.27156072899141,36.0001728860623,58.9310579033633,-46.4945543173542,31.1990208258218
42.34,4.00844820775682,0.40985621145725,9.465019699639,-157.636470140015,126.494404106828,21.5191061061303,-90.1817140422182,4.4065460523418,32.4912498905454,43.89632614475,-29.4810167644292,34.6486040923298
42.345,3.11210947791683,-2.40349808852906,8.67872420766496,-156.540481089464,124.934970973314,21.5970384345155,-88.3720159425869,6.66063469981074,29.1457475208654,28.9606184135683,-11.320355248793,38.0954045437413
42.35,2.45580968645614,-5.28892140077753,7.89011206093524,-156.035249834595,122.833921829456,21.4426515776854,-86.5188433472239,9.01383445659994,26.0184069699658,14.2751673514874,7.84963295190469,41.4606451514348
42.355,2.07868985819193,-8.22260452706638,7.1160326555817,-156.162418652258,120.08465252264,21.0199796507392,-84.6035717296387,11.4440321474734,23.1589283882914,-0.0236099298257621,27.8702130683122,44.6627291313415
42.36,2.01674820981029,-11.1806935149187,6.3741760339551,-156.951690096549,116.581462543249,20.2958656042269,-82.6041664869642,13.9273755031992,20.610908809604,-13.8161119569581,48.5633726793683,47.6195981326551
42.365,2.30201513865171,-14.1396466365488,5.68261866893079,-158.420281264806,112.223458212398,19.2411121831056,-80.4962570668293,16.4386844125002,18.4108949430971,-27.0010014393077,69.7340366814503,50.2512231058942
42.37,2.96177957831416,-17.0765601066537,5.05930735925756,-160.572490640524,106.918522214744,17.8315780497228,-78.2542901537324,18.95187642594,16.5875787700568,-39.4960804011314,91.1728014469363,52.482144886495
42.375,4.01788498645822,-19.9694531829589,4.52149622711601,-163.399386319241,100.587226426051,16.0491819869312,-75.8527290176377,21.440391955199,15.161161522801,-51.2385874315989,112.659132641492,54.2439752702186
42.38,5.48611235905788,-22.797505424984,4.08515464173455,-166.878626035864,93.1665619326373,13.8827792628128,-73.267264991814,23.8776059991519,14.1429079826934,-62.1849298122425,133.964953558392,55.4777668398411
42.385,7.37566617066636,-25.5412415426209,3.76436604513979,-170.974420386528,84.6133613295586,11.3288771167865,-70.4760068204013,26.2372153805122,13.5349081090439,-72.3098798404999,154.858536107968,56.1361615863189
42.39,9.68877704963093,-28.1826623228435,3.57073909346907,-175.6376509154,74.9072939230843,8.39216094751298,-67.4606143506435,28.4935932598207,13.3300569963598,-81.6052800744078,175.108595502759,56.1852345366224
42.395,12.4204324188544,-30.7053233483726,3.51285323084871,-180.806154281395,64.0533241207726,5.08580877544477,-64.2073446890464,30.622105880998,13.5122574209117,-90.0783160402457,194.48848261495,55.6059586276622
42.4,15.5582433982426,-33.0943663140079,3.59576074165305,-186.40518248486,52.0835366198352,1.43157830655996,-60.7079813799784,32.5993897996218,14.0568422061524,-97.7494267730413,212.780364965087,54.3952300200491
42.405,19.0824530921525,-35.3365103954542,3.82056642971342,-192.348047069737,39.0582484336263,-2.54034209966955,-56.9606202712009,34.4035909315443,14.9312066765489,-104.649933043088,229.77928802615,52.5664080443727
42.41,22.9660880826513,-37.420013077873,4.18410432790973,-198.536952317863,25.066346736142,-6.79172033057601,-52.9702893867344,36.0145693404751,16.0956348423025,-110.819469975139,245.297012543184,50.1493404670474
42.415,27.1752516326351,-39.3346109402906,4.67872827850143,-204.86401879171,10.2248124046224,-11.2769002608048,-48.7493842253049,37.4140755263598,17.504296858399,-116.303314806575,259.165530399671,47.1898624331143
42.42,31.6695538881731,-41.0714510447614,5.29222992040821,-211.2124942966,-5.32258849810615,-15.9436426650272,-44.3179043384248,38.5859049362479,19.1063899100641,-121.149701681773,271.240170803221,43.748775957862
42.425,36.4026713500099,-42.6230228210247,6.00789368634261,-217.458144589019,-21.4074396999732,-20.7341692453574,-39.7034817258376,39.5160374564699,20.8473901697992,-125.407213664807,281.402219981927,39.900335743886
42.43,41.3230251127276,-43.9830987885949,6.80469398837722,-223.470811133401,-37.8396066593366,-25.5863857130861,-34.9411964542064,40.1927678310219,22.6703800151376,-129.122337672808,289.56099109085,35.730285771928
42.435,46.3745648680107,-45.1466903081358,7.65763501154718,-229.116118102994,-54.4109120665729,-30.4352544034837,-30.0731799126309,40.6068314437846,24.5174124432751,-132.337260956834,295.65529643717,31.333508681149
42.44,51.4976434546291,-46.1100220211178,8.53822860925878,-234.257305852504,-70.8994781956256,-35.2142821366994,-25.1480112093241,40.7515279012089,26.3308736948567,-135.087978326367,299.654290913042,26.8113653401209
42.445,56.6299648475917,-46.8705259469731,9.41510087701329,-238.757163494897,-87.074637350157,-39.8570850976184,-20.2199172985333,40.6228425712137,28.054805577574,-137.402767842098,301.557672875797,22.2688141772038
42.45,61.7075869593798,-47.4268535953729,10.2547132522523,-242.48002921055,-102.702291566447,-44.2989895013579,-15.3477923911336,40.2195639013145,29.6361508611882,-139.301079564313,301.395245898669,17.8114080572388
42.455,66.6659595257709,-47.7789021524899,11.0221796283034,-245.29382368192,-117.550585300772,-48.4786248491306,-10.5940569190145,39.5433921888507,31.0258883232783,-140.792867556386,299.225861394656,13.5422704529047
42.46,71.4409767109846,-47.9278490059452,11.6821571534273,-247.072079712703,-131.395740694536,-52.3394657701591,-6.02338065758146,38.5990337091431,32.1800284106806,-141.878380155317,295.135777848322,9.55915244025917
42.465,75.9700239093104,-47.8761876938927,12.1997852705924,-247.695929749055,-144.027894756792,-55.8312788450755,-1.70129843851898,37.3942728522504,33.0604458355823,-142.548408017099,289.236486943922,5.95166793587929
42.47,80.1929985179324,-47.6277578335888,12.5416452746771,-247.05601273045,-155.256771926917,-58.9114323942456,2.30724988528556,35.9400142378355,33.6355315021525,-142.784974123321,281.662069743664,2.79879690106063
42.475,84.0532851722754,-47.1877616924099,12.6767113258718,-245.054262485214,-164.917024401652,-61.5460299617007,5.93942101188121,34.250286694294,33.8806526980146,-142.562435291651,272.566156762165,0.166735321454285
42.48,87.4986670770687,-46.5627607677026,12.5772635298366,-241.605541744795,-172.873076665156,-63.710832171862,9.13597534242679,32.3422014979405,33.7784172081986,-141.848951249579,262.118574051957,-1.89284281062659
42.485,90.4821566669182,-45.7606469711388,12.219734403024,-236.639088743007,-179.02332003348,-65.3919368383162,11.8427529544127,30.2358583350391,33.3187436298063,-140.608265463274,250.501763213983,-3.34406175561857
42.49,92.9627308533405,-44.7905846864182,11.5854617645437,-230.099747214948,-183.303517690986,-66.5861935652405,14.0120818350286,27.9541940229872,32.4987464138217,-138.801732044869,237.90706658272,-4.16762539467039
42.495,94.9059583864792,-43.6629220090484,10.6613237672195,-221.948955289661,-185.68930039563,-67.3013362549325,15.6040829040687,25.5227710605223,31.3224498172573,-136.390515457827,224.530969698922,-4.36108785385913
42.5,96.284509126559,-42.3890717900852,9.44023529550148,-212.165474112187,-186.19765725273,-67.5558244307393,16.5878381305144,22.9695055069098,29.8003498455247,-133.337884559132,210.571391552643,-3.93861514462811
42.505,97.0785371097826,-40.9813655371665,7.92148918651158,-200.745842846956,-184.887353960143,-67.3783917337643,16.9423903666888,20.3243363863773,27.9488472562675,-129.611519867057,196.224108938119,-2.93025708506814
42.51,97.2759312340567,-39.4528855540412,6.11093052976457,-187.704552828936,-181.858241844561,-66.8073073067747,16.6575464374342,17.6188415701049,25.7895776480591,-125.18575291888,181.679394695254,-1.38076544411972
42.515,96.8724293794056,-37.8172826840061,4.02095751916275,-173.073939883782,-177.249453950075,-65.8893632664622,15.7344587225971,14.8858076687698,23.3486664668612,-120.043659239631,167.118940924221,0.651990801619306
42.52,95.8715940089942,-36.0885884504894,1.67034779606595,-156.903800074202,-171.236518417799,-64.678609278335,14.1859651201531,12.1587636561222,20.6559373794051,-114.178931741876,152.713127896656,3.09894981392415
42.525,94.2846497923576,-34.2810310896058,-0.916085268420794,-139.260740165274,-164.027453168821,-63.2348632457341,12.036672844911,9.47148955297047,17.7441018951557,-107.597469147792,138.618687715564,5.88204824258059
42.53,92.1301864090265,-32.4088648391106,-3.70799657341797,-120.227279740103,-155.857938067489,-61.6220348460102,9.32277778128745,6.85751239951358,14.6479564385051,-100.318623962798,124.976799040804,8.91660094475345
42.535,89.4337322737834,-30.4862208794063,-6.67015885157568,-99.9007269635641,-146.985690064803,-59.9063056234884,6.09161779033992,4.34960189028605,11.4036104146344,-92.3760662150325,111.911635727673,12.1137876808288
42.54,86.2272074377319,-28.5269866095473,-9.76323869945508,-78.3918543599367,-137.68419243623,-58.1542153535673,2.400965265708,1.97927749204486,8.0477653618798,-83.818232118824,99.5293785708887,15.3831658314485
42.545,82.5482664068684,-26.544717632383,-12.9446762946766,-55.8234045600271,-128.235950455521,-56.4307093628248,-1.68192879883143,-0.223662287463574,4.61706125363643,-74.7083405205545,87.9176861046259,18.635131673726
42.55,78.4395440639653,-24.5525840823358,-16.1696431228495,-32.328458727209,-118.925461918597,-54.7972052342754,-6.08152010907288,-2.23157944677829,1.14750162925711,-65.1239739529076,77.1456079852804,21.7832589909255
42.555,73.9478201274208,-22.5633499551954,-19.3920499924813,-8.04870224234705,-110.032101035287,-53.3097393738206,-10.7153601632535,-4.01939779266188,-2.32603526560192,-55.1562348733717,67.2639130836596,24.7464522125866
42.56,69.1231194299897,-20.5893811505518,-22.5655764613304,16.8673768118991,-101.823117801823,-52.0172537021292,-15.4956578593453,-5.56496104344987,-5.77019651780997,-44.9085007031515,58.3057942551099,27.4508611795399
42.565,64.0177666421081,-18.6426753023586,-25.6446925439999,42.2663207675211,-94.5469519924248,-50.960079950889,-20.3309776384177,-6.84934479506419,-9.15346696528776,-34.4948131421611,50.2879031876131,29.8315153395191
42.57,58.6854149319192,-16.7349044016846,-28.5856441965295,67.9915322892093,-88.4270516714086,-50.1686737567952,-25.1280345981393,-7.85712112967356,-12.4463986678492,-24.0379475127264,43.2116621239989,31.833646223718
42.575,53.1800685434634,-14.8774598899937,-31.3473755232243,93.8850678945857,-83.6563710600478,-49.6626432442436,-29.7935445462971,-8.57657592211195,-15.6217649058425,-13.6672162772365,37.0647948417231,33.4136780649061
42.58,47.5551194357641,-13.0814894528542,-33.8923628436954,119.789364197388,-80.39270211937,-49.4501072869646,-34.2360856315509,-8.99987962654682,-18.6546482365902,-3.51606719234068,31.8230170553573,34.539876984126
42.585,41.8624179268977,-11.3579152510264,-36.1873386123004,145.548868939951,-78.7549688217595,-49.5274072730119,-38.367928022422,-9.12321245516549,-21.5224734175472,6.28045927198001,27.4518262321424,35.1926588527625
42.59,36.1513966651273,-9.71742475412114,-38.2038866370232,171.011552356473,-78.820583541642,-49.8791833273721,-42.106789123272,-8.94684445200655,-24.2049965400327,15.5883465766047,23.9083325251342,35.3645644984291
42.595,30.4682661667571,-8.17042748944976,-39.9188940639538,196.030278339479,-80.6239324655536,-50.4788124496451,-45.3774739705344,-8.47517023412962,-26.6842615987409,24.2772261125442,21.143076085076,35.0599185688092
42.6,24.8552986169341,-6.72697355212091,-41.3148501361835,220.464019213305,-84.1560228475635,-51.2891931527984,-48.113363633804,-7.7166974428226,-28.944535083746,32.2229436326487,19.1017814401045,34.2941956201006
42.605,19.3502146472874,-5.39663231379714,-42.3799867042474,244.178902574026,-89.3652906490902,-52.2638500200264,-50.2577185159564,-6.68398750649914,-30.9722281748872,39.3100065666106,17.7270068610859,33.0931242645022
42.61,13.9856854297192,-4.18833224088323,-43.1082606661881,267.04908350534,-96.1595334621231,-53.3483225203482,-51.764768262332,-5.39354726446037,-32.7558148835173,45.4338554013122,16.9596553111598,31.4915673818623
42.615,8.7889597473429,-3.11016511570941,-43.4991836763144,288.957440343624,-104.408901003305,-54.4817950812167,-52.600565402977,-3.8656702070329,-34.2857531256753,50.5029082201721,16.7403230725385,29.5322228017216
42.62,3.78162285573735,-2.16916039546944,-43.557509296453,309.796096841885,-113.949844157389,-55.5989191044769,-52.7435856890966,-2.12422629342892,-35.5544142749127,54.4403344505268,17.0104716961605,27.2641935964503
42.625,-1.02050893518727,-1.37103804060495,-43.2927920466713,329.466777894638,-124.589894168696,-56.6317718371569,-52.1850641539596,-0.196399314113471,-36.5560252503536,57.1855217059304,17.7134178639319,24.7414795033862
42.63,-5.60735691155434,-0.719950770378994,-42.7188364257148,347.881009827331,-136.113117364449,-57.5118918737008,-50.9290620942422,1.88762939513752,-37.286625675089,58.6952080974731,18.7951436214183,22.0214407973473
42.635,-9.97441379631235,-0.218228968648115,-41.8530568989717,364.960179609296,-148.286069471444,-58.1723272827996,-48.9922664086837,4.09505209904203,-37.7440411660129,58.944261227537,20.2049359674806,19.1632834343597
42.64,-14.1224480360065,0.133857104779021,-40.7157721229001,380.635470242116,-160.86405884444,-58.5496308158357,-46.4035290639736,6.3908613627073,-37.9278724960915,57.926093951267,21.8958698606203,16.226610018333
42.645,-18.05708738334,0.338302815893958,-39.3294582914052,394.847691973709,-173.597520765727,-58.5857378688054,-43.2031607734707,8.73833173686997,-37.8394992931911,55.6527155990281,23.8251522755809,13.2700755982588
42.65,-21.7882942751301,0.399528136013822,-37.7179874000091,407.54703077093,-186.238305495913,-58.2296667430243,-39.4419989795758,11.0995539350615,-37.4820961387354,52.1544254545713,25.9543470035112,10.3501807793209
42.655,-25.3297488634859,0.324477480846864,-35.9058763561124,418.692736502905,-198.545690456353,-57.4389868895018,-35.180275574332,13.4360166648721,-36.8606583852667,47.4791626997556,28.2495004651113,7.5202273112265
42.66,-28.6981583535293,0.122650094957359,-33.9175721699818,428.2527734499,-210.291941099099,-56.1810088873327,-30.4863142176834,15.7092287336148,-35.9820346779428,41.6915336429415,30.6811880073943,4.82945343892
42.665,-31.9125133933167,-0.193946461745654,-31.7767969324373,436.203455040314,-221.267264866562,-54.4336596833886,-25.4350904896804,17.8813714599498,-34.8549629846745,34.8715427553972,33.2244981731665,2.32235820756369
42.67,-34.9933136030617,-0.610923826476693,-29.5059739507783,442.529083172257,-231.284027227475,-52.1860179274182,-20.1066903974448,19.9159688953814,-33.4901068568065,27.1130587802609,35.8589695174993,0.038215993106208
42.675,-37.9617849206153,-1.1117217424562,-27.1257533393157,447.221610173231,-240.180127080339,-49.4384968054835,-14.5847039519763,21.7785609923106,-31.9000886090118,18.5220509081249,38.5684909676071,-1.98922485990969
42.68,-40.8391112861765,-1.67789486415038,-24.6546516416936,450.280338483683,-247.821459783512,-46.2026751159935,-8.95459066065309,23.4373627779782,-30.0995160845107,9.21463273252056,41.3411727434083,-3.73187198754246
42.685,-43.6457022881399,-2.28947010978676,-22.1088158223389,451.711669612514,-254.103428588416,-42.5007907021163,-3.30205289049599,24.8638909867851,-28.1049996278329,-0.685046534288607,44.1691907194135,-5.16726580511364
42.69,-46.40051675167,-2.92536368477566,-19.5019173503144,451.528909913999,-258.951498147849,-38.3649229206362,2.28854878620764,26.0335386625226,-25.9351558010691,-11.0470231850087,47.0486030499786,-6.2784258553063
42.695,-49.120459925953,-3.56384392873639,-16.8451772724596,449.752136414638,-262.320815874233,-33.8359018750594,7.73570683622826,26.9260781190624,-23.6105942440711,-21.7378118847157,49.9791341346818,-7.05359263234605
42.7,-51.8198690174243,-4.18302389402391,-14.1475182989611,446.408121442044,-264.194957123183,-28.9619911183921,12.9621765468056,27.5260734324986,-21.1538838961316,-32.6227300953914,52.9639177940822,-7.48589278086066
42.705,-54.5100984510166,-4.76136615982506,-11.4158351653188,441.530310353795,-264.583877467607,-23.797397015571,17.896260193003,27.8231853660993,-18.5894945728417,-43.5682147774164,56.0091890577046,-7.57295628740552
42.71,-57.1992125565613,-5.27818188229091,-8.65537005117522,435.158842411453,-263.521178841947,-18.4006616948332,22.4729457037046,27.8123542819038,-15.9437096476141,-54.4440933975123,59.1239124041877,-7.31651379407755
42.715,-59.8917895261802,-5.71410646546698,-5.87017578876329,427.340600974941,-261.060815391957,-12.8329975306165,26.634884396953,27.4938500780652,-13.2445053714036,-65.1257729051886,62.3193337803056,-6.72200053029466
42.72,-62.5888366460717,-6.05153542353022,-3.06364613251947,418.12927588991,-257.273378979036,-7.15661970294359,30.3331968323552,26.8731823465481,-10.5213922557236,-75.4963122257181,65.608444376168,-5.7981906419602
42.725,-65.2878131570187,-6.27500585068715,-0.239089619053756,407.585418381821,-252.242113202988,-1.43313008078547,33.528100154836,25.9608685565161,-7.80521403923969,-85.4483459054684,69.0053460262599,-4.55688195800519
42.73,-67.982753806281,-6.37151125100506,2.59967836956312,395.77646710073,-246.058808541451,4.27799897071449,36.1893543457114,24.7720628911514,-5.12790014724129,-94.8858288234857,72.5245112693903,-3.01264655495836
42.735,-70.6644833341913,-6.33074014009654,5.44775174431843,382.776723271615,-238.81973002632,9.92079781695353,38.2965284756219,23.3260531628143,-2.52216830059146,-103.7255743895,76.179935501336,-1.18265699528114
42.74,-73.3209098490258,-6.14523169166455,8.29858454602396,368.667253224627,-230.62172312483,15.4439930086832,39.8390913353688,21.6456378209023,-0.0211750655294443,-111.898561437016,79.9841841712385,0.913407959438727
42.745,-75.9373833002135,-5.81044470259582,11.1435021475559,353.535697885083,-221.558633386079,20.8019910410277,40.8163336856543,19.7563993397617,2.34188634648018,-119.350988113093,83.9473443800966,3.25338072310351
42.75,-78.4971040642688,-5.32473925378459,13.9712967605033,337.47597104591,-211.718161089697,25.9556300472448,41.2371317977979,17.685894156361,4.53423985025924,-126.045054445975,88.07589721816,5.81255421172293
42.755,-80.9815660077552,-4.68927358939952,16.7679285917687,320.587831366296,-201.179253849187,30.8726852188544,41.119563949546,15.4627827289112,6.5240284822464,-131.959458908544,92.3715343577346,8.56357786772556
42.76,-83.3710182751297,-3.90782183227087,19.5163506035694,302.976316963561,-190.010118378332,35.528122313412,40.4903931078398,13.1159260987567,8.28085887217898,-137.089598166829,96.8299494121373,11.4763202468368
42.765,-85.6449304369774,-2.98652109608824,22.1964707503448,284.751036083964,-178.266908135289,39.9041023133394,39.3844302045796,10.6734774559439,9.77637989703692,-141.44746328842,101.439640992564,14.5177220719932
42.77,-87.7824464825407,-1.93355924439576,24.7852609381553,266.025312513556,-165.993117178715,43.9897488255201,37.8437932324279,8.16199854247001,10.9848846313428,-145.061229965799,106.180769871656,17.6516663539272
42.775,-89.7628144071482,-0.758816867389068,27.257016920185,246.915189963076,-153.219683304332,47.7806978274715,35.9170779003552,5.60563117812976,11.8839221912525,-147.974544772635,111.02411687302,20.8388933629187
42.78,-91.565779803878,0.52652113369431,29.5837680428878,227.538305463853,-139.965776483682,51.2784565140437,33.6584558342231,3.02535364980376,12.4549037672562,-150.245514120662,115.930190800806,24.0369878822956
42.785,-93.1719339091113,1.91036778673537,31.7358303267443,208.012647671955,-126.240222912653,54.4896039217946,31.126716317075,0.438350059207446,12.6836852035823,-151.94540743288,120.848536724698,27.2004643900903
42.79,-94.5630089508121,3.38013311608721,33.68249095554,188.455221705666,-112.04349160313,57.424870398426,28.3842673613682,-2.14248208045648,12.5611070609613,-153.157091091201,125.717294109572,30.2809727797163
42.795,-95.7221163216769,4.923103389809,35.3928070540189,168.980647511487,-97.370150238872,60.0981356439461,25.4961115266343,-4.70886462297724,12.0834723177627,-153.973214900688,130.463051498811,33.227643065855
42.8,-96.6339258720671,6.52678495836593,36.8364969055694,149.699723499998,-82.2116805708488,62.5253859359886,22.5288114022673,-7.25729540960914,11.2529418053851,-154.494178021213,135.001039586398,35.9875822065866
42.805,-97.2847872776865,8.17919873452418,37.9848977476242,130.717991041069,-66.559531369644,64.7236703846268,19.5494591339603,-9.78901771573606,10.0778281806223,-154.82590639392,139.235697454633,38.5065296467334
42.81,-97.6627968547278,9.86911349220218,38.811961114145,112.134338137537,-50.4082792221167,66.7100938983823,16.6246638011542,-12.3097975048228,8.57277073336752,-155.077478485785,143.061637610176,40.729670634476
42.815,-97.7578153975029,11.5862087841401,39.2952543282012,94.0396820780532,-33.7587645582703,68.500881309759,13.8195697798205,-14.8295098811927,6.75877562708829,-155.358640579013,146.365024568738,42.6025983958395
42.82,-97.5614447128661,13.3211614193907,39.4169350638513,76.5157710439961,-16.6210723641875,70.1105430996115,11.19691832911,-17.3615429258757,4.66310926879007,-155.777256742822,149.025369545597,44.072408729417
42.825,-97.066972557928,15.0656530177531,39.164664880123,59.6341434705652,0.982766104782437,71.5511685533348,8.81616345042568,-19.9220341068697,2.31903635614762,-156.436741909219,150.91773057435,45.0889041690982
42.83,-96.2692975159843,16.8122999368436,38.5324274447402,43.4552813889054,19.016463136949,72.8318670616341,6.73265162340899,-22.5289613141351,-0.234601366965372,-157.433528947685,151.91529321172,45.6058797083782
42.835,-95.164846713225,18.5545105596616,37.5212180606493,28.0279899682297,37.4276535686804,73.9583727389733,4.99687344744635,-25.2011168365423,-2.95396468691722,-158.854622095022,151.892292103644,45.5824579050604
42.84,-93.7514999350215,20.2862783080568,36.1395732783329,13.3890300572852,56.146642656152,74.9328217401357,3.65379364151419,-27.9569979006815,-5.79094871615992,-160.775289373329,150.727218591193,44.984437594083
42.845,-92.0285334792782,22.0019216754144,34.4039129009699,-0.436976198372417,75.0857819392155,75.7537057858626,2.74226438450802,-30.813651483623,-8.69405562758629,-163.256945604217,148.306244927058,43.7856171531912
42.85,-89.9965959054467,23.6957849684714,32.3386715493759,-13.4373544229546,94.1395097572103,76.4159995536501,2.29452569990752,-33.7855138367029,-11.6093920436844,-166.345275244239,144.526782227312,41.9690501779719
42.855,-87.6577257030886,25.3619152602773,29.9762030471068,-25.6108982133141,113.185069480953,76.9114537886137,2.33579557358712,-36.8832864249606,-14.4817701189686,-170.068640534155,139.301077560675,39.5281885967377
42.86,-85.0154179281562,26.9937322719946,27.3564480073887,-36.9671061619681,132.083894696006,77.2290403850999,2.88395176075275,-40.1128897906514,-17.2558871440773,-174.436815448519,132.559746114285,36.4678660430398
42.865,-82.0747432769301,28.5837085352785,24.5263628296494,-47.5251507855982,150.683627405827,77.3555305924113,3.94930672455873,-43.474535250786,-19.8775548819714,-179.440079769932,124.255127690505,32.8050733545159
42.87,-78.8425191796863,30.1230772269049,21.5391164468105,-57.3126036386384,168.820713598673,77.2761832259973,5.53447674044004,-46.9619514015491,-22.2949469373455,-185.04870042243,114.364353264922,28.5694790822478
42.875,-75.327528548315,31.6015844688869,18.4530692214206,-66.3639495472749,186.32350093473,76.9755164675512,7.63434580047076,-50.5617981785113,-24.4598303868409,-191.21281912927,102.892007212073,23.8036512951239
42.88,-71.5407779824624,33.0073016405912,15.3305560578625,-74.718930746558,203.015746584311,76.4381345269679,10.2361245183251,-54.2532958174291,-26.3287467985784,-197.862756717002,89.8722743485303,18.5629428090789
42.885,-67.4957836809263,34.3265114067959,12.2365028241045,-82.4207684954693,218.720430070279,75.6495791313109,13.3195037510544,-58.0080896660716,-27.864107769523,-204.909735224696,75.3704684653156,12.915010135533
42.89,-63.2088701884412,35.5436787862393,9.23691131882627,-89.514315215699,233.263756736194,74.5971755246245,16.8569020895392,-61.7903646204486,-29.0351712882134,-212.247009637328,59.4838506602579,6.93894674989046
42.895,-58.6994646052584,36.6415156917926,6.39725305029525,-96.0441940742103,246.479232170904,73.2708433426349,20.8138056808196,-65.5572151692695,-29.818867608803,-219.751391741776,42.3416613424752,0.724023469674846
42.9,-53.9903671380609,37.601143986789,3.78081582929968,-102.0529849745,258.211686312905,71.6638441941526,25.1491979986657,-69.2592687928739,-30.2004468617021,-227.285139482426,24.1043088403896,-5.63195760160809
42.905,-49.1079779661623,38.4023582965811,1.44704950094067,-107.579515988551,268.321127751617,69.7734398501836,29.8160761683271,-72.8415519954902,-30.1739252365794,-234.698176479351,4.96167961487858,-12.0246744898105
42.91,-44.0824603866433,39.0239857389032,-0.550042009636338,-112.657317291179,276.686313781435,67.6014375429178,34.7620492978778,-76.2445798470597,-29.7423121234442,-241.830598312138,-14.869440327877,-18.3456260511275
42.915,-38.947821110812,39.4443356047663,-2.16341578860689,-117.313290664099,283.207930085468,65.1546021352032,39.9300130053973,-79.4056419300064,-28.9176069216408,-248.515415029749,-35.1488166321592,-24.4847510739791
42.92,-33.7418904124116,39.6417280779074,-3.35436766569709,-121.56664169967,287.811285671588,62.4449190928444,45.2588929959055,-82.2602504050016,-27.7205611287684,-254.581473372307,-55.6170462080921,-30.3332608270606
42.925,-28.5061875376366,39.5950875437488,-4.09373147419817,-125.428114115604,290.448443799967,59.4896974210596,50.6844491752182,-84.7437098617419,-26.180208574747,-259.856497602794,-76.0005924391431,-35.7866073432465
42.93,-23.2856602909539,39.2845830566338,-4.36286331109511,-128.899556343463,291.099727587716,56.31150779692,56.1401304368296,-86.7927639446426,-24.3331740163377,-264.170184819672,-96.017474831202,-40.7474989088168
42.935,-18.1282918729811,38.6922961894104,-4.15437990622732,-131.9738401037,289.774558765118,52.9379574843001,61.5579689797254,-88.3472705821254,-22.2227774843699,-267.357289280964,-115.383485056567,-45.128865985726
42.94,-13.0845726927119,37.8028948359871,-3.47262672484803,-134.635139402904,286.511608598852,49.4013096506215,66.8695018776158,-89.3518560840901,-19.8979585086208,-269.260630687134,-133.8187770359,-48.8566757192924
42.945,-8.20683980980596,36.6042906299985,-2.33385862881055,-136.859566676527,281.378260422081,45.7379600310813,72.0067066953775,-89.7574984571852,-17.4120503748749,-269.73396355432,-151.054658095141,-51.8724917381877
42.95,-3.5484916901591,35.088257548576,-0.766123590361864,-138.616151041163,274.469402980112,41.9877883689649,76.9029372954145,-89.5229920550828,-14.8214396563776,-268.644648705291,-166.840392373589,-54.1356784514967
42.955,0.83690908539033,33.2509900611468,1.19115215657352,-139.868132190534,265.905592609897,38.1934056572362,81.4938456195473,-88.616249135755,-12.1841501937981,-265.876073392126,-180.949817471189,-55.625155639874
42.96,4.89662776968467,31.0935808953942,3.48787128968019,-140.574532734483,255.830639839987,34.3993208377718,85.7182751570005,-87.0153989767676,-9.55839329582106,-261.329773458549,-193.187571543951,-56.3406197925736
42.965,8.57982226480699,28.6224010712792,6.06425107594851,-140.69196209989,244.408691874421,30.6510521799253,89.519111993665,-84.7096517251083,-7.00112707519015,-254.927219010998,-203.394731155184,-56.3031631459285
42.97,11.8386551348056,25.8493681323538,8.85206659460964,-140.176596829454,231.820895988797,26.994209038783,92.8440797788658,-81.699901826969,-4.5666674765245,-246.611234008906,-211.453670346987,-55.5552393388036
42.975,14.6294239547416,22.7920922386568,11.7761239776728,-138.986275530346,218.261739492467,23.473569161206,95.6464656319395,-77.9990543070696,-2.30539172338158,-236.347029680272,-217.291968523189,-54.1599453909313
42.98,16.9136787394887,19.4738937204561,14.7559302674488,-137.08264208281,203.935169119471,20.1321752526491,97.8857648803667,-73.6320659325026,-0.262571703128821,-224.122841368011,-220.885218482715,-52.1996124564049
42.985,18.6592936709309,15.9236895971096,17.7075214454902,-134.433268204676,189.050596235548,17.0104722323101,99.5282335057493,-68.635702003793,1.52262965328333,-209.950167971498,-222.258615682477,-49.7737215691797
42.99,19.8414598207644,12.1757502433987,20.5454060803914,-131.013686217495,173.818894037279,14.1455036954387,100.547338302668,-63.0580177955164,3.01797150057356,-193.863622264584,-221.487244628801,-46.9961846465781
42.995,20.4435662361873,8.26933066801362,23.1845789406478,-126.809264942687,158.448489102387,11.5701829194747,100.924096160329,-56.9575811854765,4.19873670073157,-175.92040879845,-218.695017022768,-43.9920548190318
43,20.4579387212068,4.24818363234252,25.5425568679345,-121.816866034879,143.141642494396,9.31265063031009,100.647295648506,-50.4024594947882,5.04810810069242,-156.199453625076,-214.052257527195,-40.8937530531189
43.005,19.8864088091799,0.159964042505674,27.5413882559369,-116.046224560688,128.09100553516,7.39572884250984,99.7135961561305,-43.4689988509841,5.55731325698154,-134.800216523381,-207.771975278562,-37.8369190214315
43.01,18.7406895553718,-3.94446424735253,29.1095876857535,-109.521005959061,113.476522938003,5.83647740718888,98.1275020354711,-36.2404284491798,5.72553919174075,-111.841221637915,-200.104901114097,-34.9560121241373
43.015,17.0425397046538,-8.01180675614453,30.1839486603724,-102.279501306975,99.4627420462101,4.64585745547368,95.9012114837213,-28.8053249768108,5.55962643334453,-87.4583463793862,-191.333410719879,-32.3798026923801
43.02,14.8237034279835,-11.9871882921415,30.7111899314024,-94.3749336721528,86.196572281961,3.82850380498869,93.0543423092827,-21.255974263628,5.07355885242003,-61.8029110862818,-181.764491431629,-30.2269033051112
43.025,12.1256190554279,-15.815060061204,30.6493945391096,-85.8753598743762,73.8055242065138,3.38260668568453,89.6135393138671,-13.6866679868615,4.28777238181682,-35.0396133575222,-171.721943965419,-28.6014954478223
43.03,8.99889681990526,-19.4401488496914,29.9692052791913,-76.8631638262439,62.3964431729921,3.29990182674491,85.6119706665136,-6.19197306563869,3.22831136746101,-7.34435122165189,-161.538038413674,-27.5894068549241
43.035,5.50257226862219,-22.8084325839142,28.6547457438894,-67.4341494358049,52.0547386453012,3.56576694138506,81.0887231820062,1.13498968677734,1.9258658378356,21.0980214777854,-151.544864950258,-27.2546892804351
43.04,1.70314844215566,-25.8681260595726,26.7042422326009,-57.6962524971382,42.844097132999,4.15942185245566,76.088108717335,8.20422286471138,0.414726259954677,50.0959657922422,-142.065632761057,-27.6368349423027
43.045,-2.32655406764449,-28.5706601019999,24.1303285559939,-47.7679017345221,34.8066546909729,5.05422881489669,70.6588958715202,14.9304532193643,-1.26830571485718,79.4535152415753,-133.406175143635,-28.7487525777741
43.05,-6.50871471694301,-30.8716367860538,20.9600229409054,-37.7760688658674,27.9635943982904,6.21808889548331,64.853482718471,21.2346259232861,-3.08501146690807,108.9724841172,-125.846914299551,-30.5756012156769
43.055,-10.7619692517118,-32.731742650396,17.2343737649846,-27.8540559280287,22.3161254746717,7.61392948661027,58.7270273692878,27.0452651789841,-4.99681641997995,138.454594023279,-119.635526236179,-33.0745520551142
43.06,-15.0029718218173,-34.1176012671453,13.0077785953393,-18.1390749722076,17.846793978151,9.20027717028349,52.3365538095393,32.2996769907535,-6.96578202255828,167.703490263757,-114.980524941069,-36.1755173854808
43.065,-19.1480271543671,-35.0025463137867,8.34698883707591,-8.76968047923419,14.5210705258237,10.931909290973,45.7400508154067,36.9449732413526,-8.95549663968542,196.526624140913,-112.045956504098,-39.7828517418054
43.07,-23.1147546422596,-35.3672965883602,3.32982003476168,0.116881637045847,12.2891582195311,12.7605768097226,38.9955818978641,40.9388998906739,-10.9318383503408,224.73698191872,-110.947359302294,-43.7779958282805
43.075,-26.8237447319416,-35.2005151952795,-1.95640471064997,8.38734288594335,11.0879638013485,14.6357902944501,32.1604241223414,44.2504560107284,-12.8635887186773,252.154645968067,-111.749106924892,-48.0229992682381
43.08,-30.2001675915095,-34.4992362838318,-7.41664388412356,15.9150335886533,10.8431767348575,16.505660176733,25.290253198863,46.8602942672643,-14.7228833611876,278.608178291028,-114.463207302488,-52.3648249219038
43.085,-33.1752948464067,-33.2691441495081,-12.9501188527033,22.5823935737457,11.4714040634222,18.3177815587416,18.4383913377042,48.7608971745508,-16.4854922265357,303.93582108017,-119.049585625852,-56.6403063733288
43.09,-35.6878971963332,-31.524691264723,-18.4524418113174,28.2833127653565,12.8823131872149,20.0201527820494,11.6551329600527,49.956526973115,-18.1309296558215,327.986513126491,-125.417831461913,-60.6816023555734
43.095,-37.685483878889,-29.289044092795,-23.8178409210833,32.9252475207108,14.9807398030754,21.562115620155,4.98716142192024,50.4629504672184,-19.6424012745807,350.620724733519,-133.430343692878,-64.3219685318322
43.1,-39.1253540657372,-26.5938485467789,-28.9414304983358,36.4310650365175,17.6687238618549,22.8953033319396,-1.52293251238788,50.3069437847957,-21.0066013720602,371.711117328759,-142.906762317018,-67.4016492571282
43.105,-39.9754351816326,-23.4788106935552,-33.7214727714849,38.740575560081,20.8474422252214,23.9745809724022,-7.83702251854156,49.5255858193411,-22.2133803976202,391.143037144613,-153.629535353813,-69.7736806014744
43.11,-40.2148886472316,-19.9910926239896,-38.0615777595171,39.8117202975629,24.4190124913011,24.7589604462333,-13.921704008634,48.1653529836498,-23.2553072735398,408.814855088391,-165.350433419224,-71.3093917724245
43.115,-39.8344695134348,-16.1845281582776,-41.8727892467685,39.621391597424,28.2881480177657,25.2124710737194,-19.748435198895,46.2810317689941,-24.1271551545396,424.638167179156,-177.797795163858,-71.9033958260074
43.12,-38.8366327524469,-12.1186681605559,-45.0755076215625,38.1658709766054,32.3636493820338,25.3049652566453,-25.2935635584189,43.9344694715126,-24.8253419066832,438.537871700583,-190.684264814462,-71.4778727604493
43.125,-37.2353854682031,-7.85767065364193,-47.6012044796286,35.4608796107381,36.5597222928775,25.0128384887219,-30.5382425894852,41.1931873577205,-25.3473578534036,450.452140534799,-203.714769502015,-69.9859689297983
43.13,-35.0558908213491,-3.46905653669749,-49.3938893007461,31.5412447830058,40.7971162151937,24.3196436198323,-35.468247210505,38.1288844539409,-25.6912132073573,460.332303013041,-216.594479601867,-67.4141657671449
43.135,-32.333835827405,0.977642709222903,-50.4112950703163,26.4601942482311,45.0040815928422,23.216580957423,-40.0736991796412,34.8158639089032,-25.8549360679246,468.142661018279,-229.036500299951,-63.7835069822228
43.14,-29.1145811617748,5.4123136872853,-50.6257572554805,20.2882983212493,49.1171464728816,21.7028483439932,-44.3487168447966,31.3294172712593,-25.8361489548651,473.860253957547,-240.769056980404,-59.1496151061961
43.145,-25.4521164880644,9.76572987162993,-50.0247688101945,13.1120865867736,53.0817155110977,19.7858386027143,-48.2910058759005,27.7442048016953,-25.6317476717041,477.474591548954,-251.541960277669,-53.6014736437649
43.15,-21.4078494404357,13.97102062495,-48.6112025574926,5.03237233963025,56.8524957866968,17.481175504683,-51.9014093957613,24.1326718524847,-25.2377010177041,478.987371110571,-261.132167628916,-47.2589981933058
43.155,-17.0492600829065,17.9650982300105,-46.4032010062744,-3.83767687660511,60.3937546248279,14.8125834900246,-55.183436962607,20.5635421258708,-24.6489837216528,478.412194159773,-269.348295166491,-40.2694666611567
43.16,-12.4484553117216,21.6900000127731,-43.4337420289601,-13.3746800112404,63.6794148003031,11.811590564586,-58.142792077721,17.1004280067422,-23.8596482289771,475.774294593768,-276.03397472857,-32.8029230462321
43.165,-7.68065918425689,25.0941037408715,-39.7498965508683,-23.4473487029832,66.6929921945979,8.51706789056008,-60.7869172489392,13.8005959865943,-22.8630339517171,471.110287516856,-281.069993659533,-25.0467092686988
43.17,-2.82267554405753,28.1331774175029,-35.4118012809986,-33.9189109789768,69.4273803690223,4.97461342949788,-63.1245741571469,10.7139214366671,-21.6521056289994,464.467943962405,-284.375198291417,-17.1993135446697
43.175,2.04864137122304,30.7712292372734,-30.4913754237412,-44.6496034478733,71.8844858037498,1.23579046885859,-65.1654742283978,7.88206176381308,-20.2199058800872,455.9059924455,-285.906184206227,-9.46375060456279
43.18,6.8578742969962,32.9811296198429,-25.0708151706653,-55.4991829489083,74.0747169493909,-2.64276509842876,-66.9199720236064,5.33787049920857,-18.5601011689767,445.493943640647,-285.655836372249,-2.04070768636604
43.185,11.532456716197,34.744984602222,-19.2409035361769,-66.3294095528494,76.0163299503089,-6.60035228656372,-68.3988304622064,3.10506741459112,-16.6675954986619,433.311929715993,-283.650818912829,4.87829981940623
43.19,16.0039846307558,36.0542480848393,-13.0991757695119,-77.0064546415295,77.7346341086965,-10.5733086979606,-69.6130631595511,1.19817169636979,-14.5391824151688,419.450545223499,-279.94814660743,11.1175180081278
43.195,20.2094016185289,36.9095690975379,-6.74798217991689,-87.4031904427625,79.2610610042892,-14.4961899334195,-70.5738552419138,-0.377303081909271,-12.1742034586495,404.010672216227,-274.630997352159,16.5230516507719
43.2,24.0920365847289,37.3203790428689,-0.292490792961103,-97.4013207634882,80.6321027422683,-18.3030027954079,-71.2925600348068,-1.62440164508301,-9.57518012107144,387.103268684077,-267.803945904749,20.9682467859462
43.205,27.60247806392,37.3042325356591,6.16132814247483,-106.893316619965,81.8881270795018,-21.9284692013527,-71.7807650917122,-2.55404470233878,-6.74838668656622,368.849096657007,-259.587813600109,24.3581601963985
43.21,30.6992736079045,36.8859237791789,12.5086950930047,-115.784124880811,83.0720801303973,-25.3092970026149,-72.0504172373235,-3.18413638812315,-3.7043330458881,349.378364569583,-250.114335859384,26.632948606768
43.215,33.3494475901113,36.096408155476,18.647953061063,-123.99262280384,84.2280908940657,-28.385433679545,-72.1139927841373,-3.53849296228011,-0.458129660146632,328.830257857455,-239.520849067509,27.7700487659158
43.22,35.5288355267853,34.9715655521644,24.482402561678,-131.452796371393,85.3999958593963,-31.1012791740302,-71.9846960397457,-3.64563010613761,2.97028879020073,307.352332417851,-227.945190960782,27.785063531795
43.225,37.2222376043105,33.5508475516493,29.9220074326879,-138.114625541772,86.6298062852864,-33.4068348895117,-71.6766668798326,-3.53745076143414,6.55609906494752,285.099747652365,-215.520994562801,26.7313167813763
43.23,38.4233983566861,31.8758546455669,34.8849429819116,-143.944664875977,87.9561452294458,-35.2587670526748,-71.2051767326503,-3.2478785535034,10.2696959896048,262.234319409112,-202.373535678542,24.6980892272494
43.235,39.1348232190453,29.9888918810016,39.2989620903973,-148.926313401385,89.4126857742909,-36.6213640883832,-70.5867919618052,-2.81148321687661,14.0769748076841,238.923378246362,-188.616268871398,21.8075958073844
43.24,39.3674458829145,27.9315517237994,43.102559163831,-153.059772951198,91.0266258952351,-37.4673693085132,-69.8394844118581,-2.26214404889599,17.9397869143106,215.338424925782,-174.348157624154,18.2108112115503
43.245,39.1401629269888,25.7433715152923,46.2459161318362,-156.361699470824,92.8172387366464,-37.7786719763201,-68.982670766719,-1.63179535442431,21.8165596665406,191.653582670722,-159.651871972989,14.0822916387747
43.25,38.4792540640231,23.4606098690506,48.6916189379385,-158.86455681682,94.7945394130267,-37.5468416403839,-68.0371652660009,-0.949294305327933,25.6630644768947,168.043854173138,-144.592892325486,9.61417668005839
43.255,37.4177075287728,21.1151818950341,50.4151370800944,-160.615687318863,96.9581105933974,-36.7734925451194,-67.0250340990798,-0.239446840980284,29.4333116314656,144.683200241646,-129.219522578657,5.00958415536277
43.26,35.9944706453952,18.7337874354443,51.4050627305833,-161.676117782658,99.2961288982386,-35.4704669749997,-65.9693443116682,0.477778608418,33.0805454007046,121.742465984805,-113.56378035083,0.475631857085696
43.265,34.2536454750781,16.3372597419217,51.6631097837421,-162.119123647026,101.784632472928,-33.6598286593921,-64.8938051658844,1.18782647539872,36.5583091305039,99.3871891546168,-97.6430985395653,-3.78366725684628
43.27,32.2436486934041,13.9401544453211,51.2038768451114,-162.028577638287,104.387066967913,-31.3736599221138,-63.8223054100866,1.88190267032954,39.8215471955196,77.7753333752889,-81.462741836147,-7.57438622119435
43.275,30.0163535469411,11.5505905404021,50.0543816655916,-161.497112452713,107.05414253166,-28.6536591348283,-62.7783556094974,2.55708826703558,42.8277090579159,57.054996092842,-65.0188153346123,-10.7192966809862
43.28,27.6262299771985,9.17034670683733,48.2533778253041,-160.624129710369,109.724028385045,-25.5505382481535,-61.7844503074981,3.21621777597358,45.5378202586059,37.3621468658187,-48.3017208485291,-13.0638820723115
43.285,25.1294968724832,6.7952078356765,45.8504676065679,-159.513689646851,112.32290436914,-22.1232237822703,-60.8613700950018,3.86752912506318,47.9174859205003,18.8184557987039,-31.2999008646716,-14.4815427297091
43.29,22.5832980109743,4.41554829178577,42.9050280065072,-158.272317746491,114.765880894508,-18.4378687122374,-60.0274484571079,4.52409983840098,49.9377941209176,1.52927429069482,-14.0037010462112,-14.877814240956
43.295,20.0449106989411,2.01713042170039,39.4849697259884,-157.006765767307,116.958290112212,-14.5666871449198,-59.2978323231339,5.20309087749969,51.5760891834502,-14.4181693369567,3.59081971444646,-14.1934570764763
43.3,17.5709935129177,-0.417910566828147,35.6653516493088,-155.821765329663,118.797341710085,-10.586628400008,-58.683768295748,5.92482591432696,52.8165885458399,-28.9562985262275,21.4782977157189,-12.4063174124396
43.305,15.21687706214,-2.90993059203044,31.5268756774011,-154.817812384088,120.174126312824,-6.57791187850504,-58.1919482887564,6.71173911129997,53.6508214125667,-42.0383847054211,39.6408462106109,-9.53190411036607
43.31,13.0358994347746,-5.4805298427841,27.1542887241914,-154.08902041267,120.975938168697,-2.62244875831187,-57.8239485429939,7.58722855130583,54.0778728489379,-53.6393606245563,58.0453488899133,-5.62267298521641
43.315,11.0787861116757,-8.15123898947055,22.634720248427,-153.72107919164,121.088877208025,1.19781905341433,-57.5757946210106,8.57445522411006,54.1044231620266,-63.7562089293996,76.641382345215,-0.766055144717206
43.32,9.39307275047127,-10.9421845606143,18.0559849388215,-153.789354443436,120.400679423718,4.80262833635446,-57.4376820209485,9.69512899271205,53.7445791377122,-72.4078946001597,95.3598597023375,4.91868996043739
43.325,8.02256845307728,-13.8707803821219,13.5048811346211,-154.357161821571,118.803714469117,8.11511467100339,-57.3938775917415,10.9683233080918,53.0195007335012,-79.6348219752381,114.112459336815,11.2846752469874
43.33,7.00685695480706,-16.950491376718,9.06551619787786,-155.474246419995,116.198080682636,11.0635031153209,-57.4228211257364,12.4093596321018,51.9568338883876,-85.4978103638172,132.791871993982,18.1624823023772
43.335,6.38083356163357,-20.189714000659,4.8176902396919,-157.175496326904,112.494720500716,13.5827278072376,-57.4974395540542,14.0288005424702,50.5899668788738,-90.0765962944886,151.27286781937,25.3659641071797
43.34,6.17427651764939,-23.5908141631479,0.835369215035459,-159.479915577418,107.618473527974,15.615938427654,-57.5856783282583,15.8315873279364,48.9571337924616,-93.4678848098849,169.414153030142,32.6985409557639
43.345,6.41145270139446,-27.1493587118055,-2.81472264150249,-162.389878158847,101.510980701038,17.1158522283882,-57.6512461358505,17.8163535955826,47.1003939121227,-95.7829864477649,187.060955602634,39.9597603626943
43.35,7.11075902634395,-30.8535706100524,-6.0743627873161,-165.890680491121,94.1333513887231,18.0459124216473,-57.6545603946039,19.9749411175174,45.0645198674252,-97.1450901832254,204.048251725389,46.9518845801494
43.355,8.28440255622607,-34.6840309334363,-8.89491687900959,-169.950405076318,85.4685061846272,18.3812172129976,-57.5538723513691,22.2921379664137,42.89583012513,-97.6862351714101,220.204520974308,53.4862714613109
43.36,9.93812402523353,-38.6136429378874,-11.2382289451862,-174.520102824772,75.5231116907642,18.1091886373185,-57.3065424402642,24.7456520586402,40.6410026350375,-97.5440551554957,235.355899106043,59.3893259318435
43.365,12.0709710431275,-42.6078649031951,-13.0772959381545,-179.53429596227,64.3290298125348,17.2299565571239,-56.8704292027039,27.3063256934925,38.3459061514324,-96.8583784473866,249.330583781266,64.5078200693597
43.37,14.6751286302893,-46.6252094841523,-14.39671149692,-184.911797467461,51.9442129861947,15.7564405190102,-56.2053488863429,29.9385887570835,36.054483948443,-95.7677730542804,261.963340905238,68.7134089043342
43.375,17.7358157585549,-50.6179982256987,-15.1928683398355,-190.556836796396,38.4529882344781,13.7141202683813,-55.2745581192169,32.6011402376377,33.8077215059198,-94.4061304875923,273.099957649371,71.9062047949929
43.38,21.2312571961122,-54.5333510825071,-15.4739136674864,-196.360475390275,23.9656867778924,11.1404941105119,-54.0462090240551,35.2478399280712,31.6427255528969,-92.8993828198201,282.60149223097,74.0173131382619
43.385,25.1327401140104,-58.3143826043944,-15.2594572017848,-202.202289317455,8.61759186585814,8.08423258658694,-52.4947249416876,37.8287850297546,29.5919369500227,-91.3624455415784,290.348179717825,75.0102738692128
43.39,29.404764560599,-61.9015692388428,-14.5800369279565,-207.952290542478,-7.43280472461524,4.60404293745919,-50.6020456397027,40.291540110135,27.6824945500254,-89.8964737429767,296.242867115262,74.8813949394865
43.395,34.0052960235733,-65.2342462133424,-13.4763531374588,-213.473052908343,-24.0062277849793,0.767267511247523,-48.3586934842009,42.5824837063479,25.935761607277,-88.5865112472935,300.213869320242,73.6590045164071
43.4,38.88612689284,-68.2521878743293,-11.9982868484135,-218.622004140234,-40.9056953321173,-3.35175345001956,-45.7646164658733,44.6482309420483,24.3670207003145,-87.4996017991815,302.217159394968,71.4016867880451
43.405,43.9933517532218,-70.8972223190729,-10.2037239337572,-223.25384120327,-57.9201961297054,-7.67351749251437,-42.8297700566128,46.4370889447408,22.9853376807685,-86.6834185670421,302.237830950661,68.1956006353524
43.41,49.2679591062766,-73.114829788523,-8.1572111463931,-227.223023311243,-74.8288970527128,-12.1153509634352,-39.5744074599056,47.9005007182695,21.7935900751979,-86.1654534320386,300.290796136414,64.1510096872608
43.415,54.6465393513885,-74.8556746906724,-5.92847454709301,-230.386294873901,-91.4057900136755,-16.5935071042791,-36.0290567223377,48.9944335222267,20.7886508444338,-85.9527912264604,296.420708795837,59.3981751932143
43.42,60.0621056523435,-76.0770233216886,-3.59083448539653,-232.605189733465,-107.424670703017,-21.0253188526123,-32.2341731744396,49.6806697577805,19.9617146164013,-86.0324767305212,290.701127864417,54.0827787890639
43.425,65.4450207209208,-76.7440032601343,-1.21955413755907,-233.748468202104,-122.664326418518,-25.3313509400647,-28.2394664740522,49.9279617741667,19.2987505519949,-86.3724643924338,283.232960148627,48.3610501412603
43.43,70.7240186703329,-76.8306658259035,1.10983943827142,-233.694439683496,-136.91379838492,-29.4374939796864,-24.1029127520672,49.7130166962707,18.7810638906042,-86.9231230270891,274.142243408866,42.3947747877815
43.435,75.8273070901111,-76.3208196376136,3.32322179918031,-232.333126036894,-149.977575700472,-33.2769425430488,-19.8894735603414,49.0212830612394,18.3859468911436,-87.6192508317561,263.577349411691,36.3463509370251
43.44,80.6837305618918,-75.2086108614191,5.34948531741739,-229.568224282098,-161.680573800971,-36.7919998150828,-15.6695540301783,47.8475174544207,18.0873992395046,-88.3825405621642,251.70570175,30.3740515534543
43.445,85.2239731741991,-73.4988339276522,7.1220624091243,-225.318831663695,-171.872750428051,-39.9356534058594,-11.5172424299499,46.1961161940127,17.8568979337947,-89.124421187365,238.710114424203,24.6276309347355
43.45,89.3817744066385,-71.2069650287287,8.58032140635446,-219.520901364359,-180.433216758499,-42.6728704529149,-7.50838177092732,44.0812042074524,17.6641970896549,-89.749191230696,224.784864340844,19.2443944175658
43.455,93.0951302357467,-68.3589193299087,9.67080207192102,-212.128403123288,-187.273710689808,-44.9815654157263,-3.7185309078619,41.5264803590708,17.4781389356707,-90.1573506515466,210.131614076591,14.3458270500149
43.46,96.3074496430543,-64.9905412335877,10.3482621756919,-203.114169509136,-192.3413132165,-46.8532010345802,-0.220877423824215,38.5648254058962,17.2674584004283,-90.2490327848632,194.955300609378,10.0348531078473
43.465,98.9686360395856,-61.1468449569749,10.5765118953167,-192.470415452011,-195.620307185684,-48.2929918240813,2.91583275548328,35.2376852649615,17.0015650430289,-89.9274356868213,179.460101472382,6.39377410146926
43.47,101.036063613063,-56.8810298876067,10.3290189268149,-180.208925698197,-197.133100249113,-49.3196901960909,5.62928377318646,31.5942482116731,16.6512875736956,-89.1021532539777,163.845582371564,3.48290918385973
43.475,102.475420375608,-52.2533015010546,9.5892739043397,-166.360911955756,-196.940160162644,-49.9649477905765,7.86543317265551,27.6904398836676,16.1895677825264,-87.6923105669262,148.303120315288,1.33993932176398
43.48,103.26139273046,-47.3295338811316,8.35091279482158,-150.976548476236,-195.138939980866,-50.2722585084366,9.58015155253178,23.5877644096204,15.5920922825269,-85.6294148463692,133.012684274996,-0.0200641999402404
43.485,103.378170453215,-42.1798138466646,6.61760006098032,-134.124201474598,-191.86180190331,-50.2955043370235,10.7406065501133,19.3520234299818,14.8378520421661,-82.8598429519441,118.140041645629,-0.603965068386938
43.49,102.819755701473,-36.8769091402844,4.40268326807095,-115.88937393057,-187.272980013543,-50.0971393125891,11.3263474029246,15.0519470366722,13.9096212334511,-79.3468982076532,103.834443488214,-0.439295622508459
43.495,101.590064690072,-31.4947039652042,1.72863617892887,-96.3733927745314,-181.564652558754,-49.7460600236214,11.3300557772678,10.7577716459792,12.7943484780186,-75.0723831084659,90.2268250286444,0.427532358919661
43.5,99.7028159107403,-26.1066444135963,-1.37368695112379,-75.6918701275975,-174.952222876457,-49.3152226125697,10.7579388925648,6.53979960113007,11.4834551567457,-70.0376496356512,77.4285407540466,1.93345951673968
43.505,97.1812043723464,-20.7842341761387,-4.86595832545813,-53.9729740744073,-167.668934094951,-48.8790764379921,9.62975207416923,2.46697405300382,9.97303705866455,-64.2641048874163,65.5306364856925,4.00136461964235
43.51,94.0573674175623,-15.5956175596256,-8.70341332975836,-31.3555473582379,-159.959965791109,-48.51089357049,7.97844958384704,-1.39449941495866,8.26396726605573,-57.793165916054,54.6036447750939,6.5429100536971
43.515,90.3716541088339,-10.6042824796334,-12.8359826662513,-7.98711437115873,-152.076179996165,-48.2800807857577,5.84947455695966,-4.98245570101936,6.36189978514044,-50.6856735168434,44.6978754087759,9.46155111593172
43.52,86.17171654972,-5.86791097160868,-17.2094837903854,15.978182150042,-144.267698093873,-48.2495657923979,3.29971053783598,-8.23997218546372,4.27717502955745,-43.0207897863003,35.8441600150698,12.6556143585341
43.525,81.5114472689067,-1.43739915319736,-21.7668350107661,40.3816732129506,-136.777498098206,-48.4733509936902,0.396127775625318,-11.1164479624914,2.0246298602855,-34.8944181637971,28.0549988985751,16.021354147148
43.53,76.4497914884625,2.64393721770791,-26.4492563060554,65.0622437450062,-129.835222789186,-48.9943253103311,-2.78583346024463,-13.5685421680492,-0.3766834941853,-26.4171970157783,21.3260494094311,19.4559026920534
43.535,71.0494664844566,6.34096111855178,-31.1974227784148,89.8583618278006,-123.651383053973,-49.8424172314785,-6.16409313749275,-15.5609568971714,-2.90386365263562,-17.7121282568054,15.6378885328285,22.8600366142296
43.54,65.3756223036669,9.62711144511368,-35.952539611064,114.610020435203,-118.412127846666,-51.0331606870459,-9.65192082571961,-17.0670536014338,-5.5306037574031,-8.91191072617664,10.957978124534,26.1406922620389
43.545,59.4944789528538,12.4845987873668,-40.6573113074742,139.160558324718,-114.274733070513,-52.566730432814,-13.1600266859749,-18.0692949846845,-8.22770328118919,-0.156053868132764,7.24275946566027,29.2131722674312
43.55,53.4719750133124,14.9044040578629,-45.2567827191879,163.358330584549,-111.363937212952,-54.4274865721643,-16.598695467682,-18.5595073339578,-10.963637104357,8.41214934584858,4.43980464456683,32.0029970773578
43.555,47.3724616143829,16.8860883158584,-49.6990347725052,187.058203749626,-109.76922276675,-56.584049745669,-19.8799054573754,-18.5389610510824,-13.7051697036987,16.6487102943016,2.48995567059268,34.4473672866366
43.56,41.2574739137354,18.4374258653989,-53.935723749894,210.122855282441,-109.543110697411,-58.9899102977996,-22.9193764293488,-18.018270010644,-16.4180012905703,24.4120146589654,1.32938801460976,36.4962153486544
43.565,35.184609686515,19.573876094207,-57.9224593440076,232.423862494766,-110.700502039607,-61.5845569533228,-25.638494197403,-17.017113339753,-19.0674320462064,31.5657990989218,0.89154311790559,38.1128383641898
43.57,29.2065412779855,20.3179125340601,-61.6190233272106,253.842571593426,-113.219067665234,-64.2950935655509,-27.9660642871706,-15.5637863185757,-21.6190302151952,37.9819646491986,1.10888383782989,39.2741167647229
43.575,23.3701830113313,20.6982302252508,-64.9894373471411,274.270743372638,-117.040655613567,-67.0382966585495,-29.8398534295531,-13.6945903133464,-24.0392897318676,43.5431639729488,1.91443727762808,39.9703363764199
43.58,17.7160312600721,20.7488545865072,-68.0018947516008,293.610977989774,-122.073655912733,-69.7230521084984,-31.2078848147833,-11.4530748709809,-26.2962632895424,48.1451081670957,3.24310047020629,40.2046430831684
43.585,12.2776890179172,20.5081764795873,-70.6285770634121,311.776927023231,-128.196235934031,-72.2530966445531,-32.0294610558293,-8.88914810700119,-28.3601573523765,51.698548463604,5.03269547234089,39.9921695474251
43.59,7.08158121859121,20.0179388288064,-72.8453803697131,328.693306367119,-135.260335218715,-74.5299790441421,-32.2758972647304,-6.05807403281003,-30.2038765749732,54.1308985148305,7.22477111483716,39.3588816588943
43.595,2.14686154535461,19.3221998990309,-74.6315801724633,344.295728253486,-143.096287753216,-76.4561471247756,-31.9309552217275,-3.01937730363747,-31.8035064278894,55.3874736529701,9.76515851269679,38.3401981986061
43.6,-2.5144937646592,18.4662971767087,-75.9694650303418,358.530374662885,-151.517922422578,-77.9380601751676,-30.9909780052994,0.164323014236794,-33.138724490173,55.4323342270238,12.6042960956478,36.9794405201154
43.605,-6.89741441085199,17.4958338554606,-76.8439695775368,371.353537493555,-160.327979462065,-78.8892226401425,-29.4647323674173,3.42852860196849,-34.1931328051641,54.2487305134045,15.6973470864823,35.3261699478905
43.61,-11.0033003348292,16.4557073541567,-77.2423362594613,382.731053045947,-169.323672612552,-79.2330339675312,-27.3729733441792,6.70810403984762,-34.9545058362333,51.8391564682803,19.0041378471142,33.4344692694351
43.615,-14.8394389719579,15.3891963031329,-77.1538324632215,392.637659627399,-178.302223685633,-78.9053519148647,-24.7477519254615,9.93852459309521,-35.4149508408304,48.2250284833262,22.4889492636235,31.3612214443621
43.62,-18.41829561787,14.337119353652,-76.5695458121432,401.056307448377,-187.066198702513,-77.8566729129315,-21.6314920035211,13.057109052767,-35.5709798517485,43.4460130978932,26.1201954099755,29.164433909861
43.625,-21.7566996822497,13.3370764219275,-75.4822754939094,407.977449584887,-195.428483089791,-76.0538440588931,-18.0758672928343,16.0042176925815,-35.4234948720292,37.5590341130152,29.8700242682894,26.9016512007823
43.63,-24.8749518934002,12.4227809324637,-73.8865318854949,413.398341737652,-203.216747791065,-73.4812374318413,-14.1405124910127,18.7243956061963,-34.9776903086525,30.6369945954621,33.713874473305,24.6284925907252
43.635,-27.7958794874728,11.6234903729134,-71.7786506693696,417.32237687085,-210.27727816445,-70.1413383078369,-9.89160561434431,21.1674414124392,-34.2428790173657,22.7672527907274,37.6300200375389,22.3973454643121
43.64,-30.5438678941801,10.9635417891918,-69.157021289268,419.758478519986,-216.478062030675,-66.0547231233227,-5.40036010843437,23.2893808244,-33.2322504898413,14.0498930334657,41.5991318954008,20.2562392230404
43.645,-33.1438981719555,10.4619983434553,-66.0224231488744,420.720573556584,-221.711060736472,-61.2594287764831,-0.741465901247929,25.0533242922258,-31.9625715289398,4.59583349250017,45.6038809531969,18.2479185819299
43.65,-35.6206192583818,10.1324123897622,-62.3784566485027,420.227161478093,-225.893616348691,-55.8097402433764,4.00848202613172,26.4301882017886,-30.453841063816,-5.47518780455083,49.6286022571567,16.4091289997919
43.655,-37.9974829060029,9.98270950527851,-58.2320502749364,418.300992923493,-228.968978246606,-49.7744471102133,8.77253070207593,27.3992601339199,-28.7289114220262,-16.0367085633396,53.6590340770165,14.7701206938287
43.66,-40.295966984781,10.0151964844697,-53.5940198004814,414.96886522008,-230.90596277684,-43.2346404671559,13.474857766574,27.9485905296917,-26.8130883342681,-26.9576814255271,57.6821394118855,13.3543713445955
43.665,-42.5349097289128,10.2266944649666,-48.4796514522094,410.261537493303,-231.697789522419,-36.2811389477914,18.0421711395732,28.0751957688115,-24.733721214301,-38.1046214414316,61.6860109790832,12.1785214039653
43.67,-44.7299736074227,10.6087961440695,-42.9092778613815,404.213762382348,-231.360166090921,-29.0116460156348,22.4049935675166,27.7850611215193,-22.5197939242392,-49.3437295177632,65.6598544809187,11.2525100903548
43.675,-46.8932529489963,11.1482435047511,-36.9088138216362,396.864425870096,-229.928718865534,-21.5277494873223,26.4988105941913,27.0929362400571,-20.201524447733,-60.5429627790396,69.5940391620776,10.5798948579165
43.68,-49.0330344051246,11.8274196370471,-30.5102184557331,388.25678133082,-227.45588856422,-13.9318784014203,30.2650654765545,26.0219207614813,-17.8099798112766,-71.5740260134236,73.4801996157256,10.1583324586277
43.685,-51.1537139524095,12.6249451827854,-23.751851361468,378.438758802923,-224.007425672118,-6.32433152077261,33.6519896020858,24.6028430944357,-15.376710370667,-82.3142614524022,77.3113686620429,9.98019574535847
43.69,-53.2558685916645,13.5163667850721,-16.6786926834483,367.463325900512,-219.658631281585,1.19951385449145,36.6152619127959,22.8734413639309,-12.9334053596691,-92.6484169638352,81.0821180702033,10.0332971771552
43.695,-55.3364753912225,14.4749218801181,-9.34240078566104,355.388872885537,-214.490493458437,8.55171401189267,39.1184955719647,20.8773615273396,-10.5115695218399,-102.470275270699,84.7886820592354,10.3016876978462
43.7,-57.3892652380267,15.4723614121971,-1.80118615384594,342.279591417965,-208.585868086064,15.6539067546037,41.1335545048286,18.6629935901394,-8.14221884603575,-111.684129019168,88.4290379848539,10.7664983548666
43.705,-59.4051937852173,16.4798097187442,5.88051385555329,328.205814545586,-202.025846505062,22.4390266774269,42.6407064012948,16.2821724232048,-5.85559200866739,-120.206088403238,92.0029194238024,11.4067917336792
43.71,-61.3730077982018,17.4686390315217,13.6325680112863,313.244284724594,-194.886440591661,28.8525384106983,43.6286222036132,13.78877471238,-3.68087316302084,-127.965209633119,95.5117389739895,12.2003909981551
43.715,-63.279881586271,18.4113349015339,21.3798931832394,297.478317190611,-187.235699841524,34.8531590962357,44.0942349508926,11.2372478181445,-1.64592124700609,-134.904433881634,98.9584014465736,13.1246560779449
43.72,-65.1120956357354,19.282328530833,29.0433988563053,280.997827904934,-179.131355435523,40.4130625831996,44.0424730752791,8.68110951893348,0.222998976390329,-140.981327566991,102.346992687628,14.157179407356
43.725,-66.8557280591581,20.0587725872709,36.541120007501,263.899198600471,-170.619064201902,45.5175786270206,43.4858848279944,6.17145953591015,1.90148837300681,-146.168616040753,105.682334954365,15.276377623838
43.73,-68.4973291006999,20.7212385676551,43.7895166952497,246.284956089926,-161.731301823478,50.1644198785291,42.4441714656223,3.75554431208978,3.36729055879369,-150.454504010686,108.969406395694,16.4619606228503
43.735,-70.0245496886682,21.2543160104399,50.7049118369128,228.263248847258,-152.48693030264,54.3624869890314,40.9436471688488,1.47541581824071,4.60057637604687,-153.842777355236,112.212629412968,17.6952649899365
43.74,-71.4266968764813,21.6470966443166,57.2050327106471,209.947110753291,-142.891440159013,58.1303171721291,39.0166434232738,-0.633276686091642,5.5842356025657,-156.352682388904,115.415040100589,18.9594447004791
43.745,-72.6951919369348,21.8935297497126,63.2106169559833,191.453509601038,-132.937843731991,61.4942535496529,36.7008747928676,-2.54232591587591,6.30417375726268,-158.018580162097,118.5773582712,20.2395178538102
43.75,-73.8239108472965,21.9926385537233,68.6470403971808,172.902186264265,-122.608173148101,64.4864211383713,34.0387816922786,-4.23180480925956,6.74960974589399,-158.889375114479,121.696984614556,21.5222740710383
43.755,-74.8093918701644,21.9485913683751,73.4459219248646,154.414299093796,-111.875515941228,67.1426001067552,31.0768639581091,-5.69067681607701,6.91336795107775,-159.027719446769,124.766958271409,22.7960531272924
43.76,-75.6509007643446,21.7706253586661,77.5466599760832,136.11089681322,-100.706503729921,69.5000878032126,27.8650168048483,-6.91715743233893,6.7921563159289,-158.508996996876,127.77491436312,24.0504113972551
43.765,-76.3503506081632,21.472825119114,80.8978558979598,118.111251560428,-89.0641551371096,71.5956380640866,24.4558782435394,-7.91881317894979,6.38682013367717,-157.42009320844,130.702086424064,25.2756984935767
43.77,-76.9120799521809,21.0737624017848,83.4585817012566,100.531091346579,-76.9109634071587,73.4635596998665,20.9041943902606,-8.71239172148879,5.7025597728818,-155.857960921976,133.522402737147,26.4625715793997
43.775,-77.3424996722062,20.5960071540731,85.1994533858464,83.4807776820488,-64.212112024868,75.1340462913061,17.2662064616805,-9.32338449327747,4.7490995532194,-153.92799513761,136.201727843961,27.6014787138526
43.78,-77.6496251088079,20.0655233454962,86.1034760585,67.063479114333,-50.9386982038896,76.6317971143238,13.5990608087379,-9.78533073220875,3.54079453148511,-151.742233520274,138.697300719085,28.6821448270863
43.785,-77.842515538558,19.5109658164339,86.166633305187,51.3733946786768,-37.0708444809323,77.9749748381483,9.9602412209368,-10.1388790488484,2.0966621371512,-149.417403160551,140.957419115723,29.6930942860558
43.79,-77.9306474843906,18.962896554616,85.3982004890753,36.4940826100399,-22.600582795104,79.174530302061,6.40702104676843,-10.4306293447702,0.440326468185989,-147.072837880926,142.921415335236,30.6212425229038
43.795,-77.9232516891285,18.4529404245543,83.8207695140061,22.4969490267331,-7.53440317921742,80.2339088334356,2.99593147424202,-10.7117839801133,-1.40013534974823,-144.828294100742,144.519962128593,31.4515861208583
43.8,-77.828645656664,18.0129014702438,81.4699807856159,9.43994866793908,8.10462973135747,81.1491368151224,-0.217758378775978,-11.0366424359384,-3.39245302795316,-142.801696844874,145.67573863262,32.1670164418385
43.805,-77.6535944330505,17.6738614858584,78.3939663008022,-2.63345479843185,24.2752750944124,81.9092720675858,-3.18055408855612,-11.4609781883318,-5.50053451227728,-141.106850779917,146.304475275306,32.7482765944956
43.81,-77.4027316974834,17.4652825997696,74.6525157117677,-13.6950277750331,40.9170952015703,82.4971875841285,-5.84124544295766,-12.0403399629652,-7.68495068761401,-139.851154045255,146.316383687622,33.1740754361809
43.815,-77.078071268148,17.4141351758621,70.3159845719365,-23.7321719605889,57.9500629562718,82.8906457823825,-8.15141621331486,-12.828321882487,-9.90353125041929,-139.133354965901,145.617963278743,33.4213655718761
43.82,-76.6786358982177,17.5440714818904,65.4639705346413,-32.7479721527346,75.274824195674,83.0636102666225,-10.0659563464653,-13.8748482432981,-12.1120655367092,-139.041393351714,144.114160917435,33.4657852827081
43.825,-76.2002259011736,17.8746644044241,60.1837888721023,-40.7608734793777,92.7736200534747,82.9877345795612,-11.5435772735497,-15.2245187925471,-14.2650980589682,-139.650368893475,141.710844882673,33.2822573414083
43.83,-75.6353448625373,18.4207290771757,54.5687832499563,-47.8039861106778,110.311852670853,82.6339627069142,-12.5473293438672,-16.9150594363759,-16.3168046524078,-141.020679079345,138.317539638433,32.8457309286329
43.835,-74.9732936039134,19.1917436590514,48.7165112447247,-53.9240270137145,127.740255894549,81.9741739343926,-13.0451184821874,-18.9759212715425,-18.221931541138,-143.196368005379,133.850354590196,32.1320462685464
43.84,-74.2004368135537,20.1913836342685,42.7268466377725,-59.1799197323765,144.897611749063,80.9828045730538,-13.0102170344062,-21.4270676548956,-19.9367763730499,-146.203725368954,128.235028095347,31.1188950026493
43.845,-73.3006395677405,21.4171818977107,36.7000420260322,-63.6410841190095,161.613934200171,79.6383807876841,-12.4217614811999,-24.2779847262455,-21.420187444115,-150.050171763204,121.409997905581,29.7868428375008
43.85,-72.2558636572946,22.8603245716605,30.7347957112738,-67.3854580569602,177.714025102882,77.9249005062552,-11.2652274307631,-27.5269455105931,-22.6345551082738,-154.723462148228,113.329401451451,28.1203751914479
43.855,-71.0469065711929,24.5055900486263,24.9263661484541,-70.4973021873371,193.021294437737,75.8330087233614,-9.53287026440287,-31.1605516608822,-23.5467679412422,-160.191234154064,103.965904692946,26.1089222303724
43.86,-69.6542595143564,26.3314362126461,19.3647754641393,-73.0648462288211,207.361728867461,73.3609198194995,-7.22411818380241,-35.1535702655808,-24.1291057364129,-166.400921808517,93.3132572661789,23.7478174766285
43.865,-68.0590552082702,28.3102381224999,14.1331407361894,-75.1778414227147,220.567889483011,70.5150525269909,-4.34590329361044,-39.4690760514198,-24.360041900908,-173.280048511853,81.3884744974938,21.0391443086995
43.87,-66.2440716177218,30.4086755514795,9.30616792773534,-76.9250877201329,232.482820830335,67.3103568980212,-0.912915765692745,-44.0589017984919,-24.2249292449725,-180.736905704936,68.2335532066779,17.9924268995899
43.875,-64.1947542965446,32.5882665966223,4.94883871641121,-78.392006339864,242.963758083313,63.7703267857085,3.05223394131268,-48.8643918983093,-23.7165454374274,-188.661615792075,53.9166375682045,14.62512602898
43.88,-61.9002178809075,34.8060401128997,1.11531513151149,-79.6583280936177,251.885526941214,59.9267049112037,7.51895937813287,-53.8174458638362,-22.8354774666102,-196.92756960115,38.5325632577116,10.9629054163533
43.885,-59.3541865187968,37.0153361114019,-2.15191888443394,-80.7959653119041,259.143541273001,55.8189000435601,12.4487624443871,-58.841830492273,-21.5903282572792,-205.393220150052,22.2027225219357,7.03964065336832
43.89,-56.5558338170557,39.16671965679,-4.82266592470568,-81.867130327138,264.656316636922,51.493146915612,17.7954296005388,-63.8547315949261,-19.9977330974598,-213.904205948041,5.07420959588767,2.8971504439775
43.895,-53.510485242276,41.2089903874887,-6.8793666137107,-82.9227564138188,268.367433295011,47.001448864589,23.5053694112633,-68.7685090539191,-18.0821786256061,-222.295768753569,-12.6817751436127,-1.41536144343471
43.9,-50.2301497610028,43.0902667225306,-8.31719313495426,-84.0012680949716,270.246899654851,42.4003502590336,29.5180978935183,-73.4926127218736,-15.8756226661087,-230.395422937713,-30.8722631310486,-5.84215563182851
43.905,-46.7338527000423,44.759121239799,-9.14388939872571,-85.1277371444462,270.291885511261,37.7495901040672,35.7668746386815,-77.9356115818706,-13.4169190025722,-238.025826675584,-49.2855764542608,-10.322090174997
43.91,-43.0477481573967,46.1657417079219,-9.3793676055939,-86.3134488521701,268.526813377146,33.1106897335141,42.1794887520046,-82.0072848156296,-10.7510570647969,-245.007799383653,-67.6950636016231,-14.7900191753908
43.915,-39.2049965940197,47.2630909042433,-9.05507554546972,-87.5558905925722,265.002815034669,28.5455264605957,48.6791893800665,-85.6207211259261,-7.92823230238027,-251.163425351333,-85.8634453126486,-19.1784287275028
43.92,-35.2454012721699,48.0080377086244,-8.21315293663322,-88.8391618561393,259.796578674762,24.1149418302382,55.1857510475961,-88.6943719101493,-5.00276854873249,-256.319180526253,-103.547681587397,-23.4192718116487
43.925,-31.2148057307956,48.3624320409097,-6.90539842792719,-90.1347920931049,253.008628998813,19.8774280098174,61.6166592930803,-91.1540047016936,-2.0319187615659,-260.309018001894,-120.504250227511,-27.4459540219123
43.93,-27.164263205721,48.2940969793193,-5.19207155245206,-91.4029404235224,244.761097730036,15.8879291668637,67.8883973160531,-92.9345056330618,0.925425027362318,-262.977347987201,-136.494708860036,-31.1954129709754
43.935,-23.1489974790519,47.7777128202854,-3.14055594437138,-92.5939399280209,235.195054534326,12.1967867886017,73.9178097079815,-93.9814834446251,3.81007809389029,-264.181849934553,-151.29139700142,-34.6102262451711
43.94,-19.2271827342371,46.7955699092261,-0.823911547662104,-93.6501392229694,224.46747808199,8.84884930059977,79.6235150456701,-94.2526326842262,6.56392864022292,-263.796058037727,-164.683123058855,-37.6406763136246
43.945,-15.4585772606661,45.3381698075847,1.68065558698827,-94.5079856216871,212.747953890135,5.88275762172828,84.9273354221911,-93.7188201350815,9.13128406161542,-261.71166640085,-176.480673873306,-40.2466963136561
43.95,-11.9030519610667,43.4046577820108,4.29337694170446,-95.1002875805763,200.215189841093,3.33041002767807,89.7557081433068,-92.3648660612722,11.4601590364844,-257.840506683194,-186.521982031514,-42.3996186733234
43.955,-8.61905924358458,41.0030736859878,6.93352968595953,-95.3585894551568,187.053442081473,1.21660238548573,94.0410431093606,-90.190000396425,13.5034677262796,-252.116158754427,-194.676789139028,-44.0836496263211
43.96,-5.66209073255321,38.1504129613776,9.52104086073896,-95.2155889443886,173.44894350446,-0.441166161917069,97.7229890991911,-87.2079832627412,15.2200848652761,-244.495163619784,-200.850651787018,-45.2969972797015
43.965,-3.08317307224322,34.8724945272591,11.9780598675529,-94.6075270735338,159.586424194435,-1.63273643209708,100.749573469316,-83.446888837985,16.5757443602701,-234.957817332093,-204.988151027407,-46.0525892630529
43.97,-0.927449803026473,31.2036374641169,14.2304725641296,-93.4764822325361,145.645807941568,-2.35519862016002,103.078182743184,-78.9485611494173,17.5437490856448,-223.508534516198,-207.075185482468,-46.3783280580135
43.975,0.767106097793853,27.1861533430904,16.2093315226799,-91.7725036521471,131.79916115975,-2.61268661137341,104.676356089616,-73.767759417409,18.1054716670541,-210.175780200206,-207.140252263593,-46.3168474848248
43.98,1.9708096599771,22.8696655717228,17.8521784834814,-89.4555256225524,118.207960486549,-2.41607614743523,105.522369511906,-67.9710187327937,18.2506329782963,-195.011578582702,-205.25464808213,-45.9247518405033
43.985,2.66317868016369,18.3102711157152,19.104236754988,-86.4970114414456,105.020733517022,-1.78260508384793,105.605595291816,-61.6352588903308,17.9773525788132,-178.090616870064,-201.531554599047,-45.2713389606319
43.99,2.83362072514072,13.5695633476088,19.9194532899416,-82.8812851339114,92.3711141154301,-0.735432526449543,104.926628369932,-54.846179962804,17.2919730917222,-159.508971105361,-196.124006195661,-44.43682895467
43.995,2.48187527545502,8.71353749546605,20.2613724094517,-78.6065190200694,80.3763400424201,0.696848333837251,103.497178388029,-47.6964875673681,16.2086682157315,-139.382488718334,-189.221773616756,-43.510140369158
44,1.61820176803846,3.81140214045317,20.1038256516261,-73.685355843159,69.1362065905565,2.48073117230498,101.339732623598,-40.2839936573011,14.7488513237433,-117.844869140755,-181.047231783553,-42.5862739064158
44.005,0.263311691194533,-1.06567858461165,19.4314249916292,-68.1451550427677,58.732475897888,4.57834122523725,98.4870007087649,-32.7096400450287,12.9404081187141,-95.0454891063086,-171.850312999259,-41.7633796161499
44.01,-1.55195037424281,-5.84588694902746,18.239849722439,-62.0278635029339,49.2287280668796,6.94799618912629,94.9811567565109,-25.0754918017811,10.8167823669811,-71.147023121579,-161.902676563576,-41.1395961401438
44.015,-3.78716577917972,-10.458072658843,16.5359205933108,-55.3895213926173,40.6706276954953,9.5447782123105,90.8728984545987,-17.4827463447266,8.41594816701696,-46.3229120678524,-151.491251592163,-40.8097600834409
44.02,-6.39312432709242,-14.8330683838529,14.3374583487858,-48.2994232652364,33.0865684452234,12.321114130797,86.2203460976999,-10.0298016130671,5.77930545257963,-20.7547340424505,-140.911330924688,-40.8620901913733
44.025,-9.31280857227005,-18.9049759287452,11.6729275592341,-40.8389631435029,26.4886492141453,15.2273630895877,81.0878076076208,-2.81042346598229,2.9505374150653,5.37046853594925,-130.459409761029,-41.374954907212
44.03,-12.4825535610093,-22.612400068401,8.58087055363304,-33.1001996456224,20.873928562924,18.2124122311469,75.544438312447,4.08795145828819,-0.0255307948353914,31.8628527580835,-120.425972401214,-42.4138327871743
44.035,-15.8333518580429,-25.8996079677092,5.10914032298052,-25.1841831040937,16.2258993197675,21.2242820122867,69.662826397897,10.5857454638206,-3.10403341378987,58.5323794575713,-111.088433516652,-44.028572524956
44.04,-19.2922708925402,-28.7175930057428,1.31394539671982,-17.199090968234,12.5161227506883,24.2107427776942,63.5175362874293,16.6125746172936,-6.24108886538349,85.1913105122681,-102.70443630851,-46.2510525249886
44.045,-22.7839479068318,-31.0250227791282,-2.7412762003981,-9.25822055561613,9.70596128586277,27.1199434679575,57.1836426901677,22.1083657650116,-9.39471485704376,111.656555893179,-95.505698684307,-49.0933291871131
44.05,-26.2321269652534,-32.7890522272924,-6.98713286281636,-1.47788950862586,7.7483504930519,29.9010519335747,50.7352877764653,27.0242375546135,-12.5256053361777,137.751831862646,-89.6925806859652,-52.5463489930729
44.055,-29.5612023841341,-33.9859844425882,-11.3496805016276,6.02470574468133,6.58955471140584,32.5049045430758,44.2442930590157,31.3231322403638,-15.5977467282957,163.309597063155,-85.4295228461634,-56.579282994197
44.06,-32.6977334275434,-34.6017640297456,-15.7519209138389,13.133624492447,6.17085637078109,34.8846609087462,37.7788561945236,34.9801904170226,-18.5788576973949,188.172739115328,-82.8414773206052,-61.139524153838
44.065,-35.5718961530158,-34.632290925473,-20.1153668012773,19.7362625472567,6.43013627003883,36.9964577925807,31.4023611027216,37.9828665714921,-21.4406441770393,212.195990658692,-82.0114228797194,-66.1533686498607
44.07,-38.1188400013511,-34.0835462030698,-24.3616406944109,25.7253361483062,7.30331056708575,38.8000546094301,25.1723274488902,40.3307892196734,-24.1588692721192,235.24706038249,-82.9790220700749,-71.5273818342986
44.075,-40.2799192729153,-32.9715252519462,-28.4140735672011,31.0007302331735,8.72559944239624,40.2594613199099,19.1395225341102,42.0353750390012,-26.7132454479304,257.207471344551,-85.7404446453101,-77.1504281552872
44.08,-42.0037731115126,-31.3219775567414,-32.199268171302,35.4711778116097,10.6326118417674,41.34353783198,13.3472549179547,43.1192114949347,-29.0871638559058,277.973105606097,-90.2493462991199,-82.8963222734583
44.085,-43.2472319644106,-29.1699559489436,-35.6485921288436,39.0557434046523,12.9612399515249,42.0265523330878,7.83086470349578,43.6152268107672,-31.2672823926704,297.454460768941,-96.4189566564791,-88.6270364815311
44.09,-43.9760335067556,-26.5591816305776,-38.6995666662445,41.6850901916049,15.6503657431871,42.2886843848972,2.61742047714017,43.5656696995975,-33.2429998882113,315.576630242619,-104.125196513549,-94.1963782475228
44.095,-44.1653364598744,-23.5412345353601,-41.297118617043,43.3025172382179,18.6413897395602,42.1164573592518,-2.27437242544458,43.0209241361066,-35.0058484446026,332.279024867753,-113.21071273813,-99.4540323062357
44.1,-43.8000263770438,-20.1745818261621,-43.3946660371385,43.8647595927481,21.8785988668133,41.5030841921676,-6.8340532343982,42.0381867575715,-36.5488392207057,347.514858800025,-123.489691374384,-104.249845394728
44.105,-42.8748131637123,-16.5234606835589,-44.9550115102881,43.3425498574126,25.3093957009895,40.4487108270842,-11.0590832989221,40.680036461362,-37.86579875746,361.250427285744,-134.753286608161,-108.438219647723
44.11,-41.3941257097955,-12.6566351175061,-45.9510219725341,41.7209448959507,28.8844154604428,38.960543353293,-14.9543323557795,39.0129275771364,-38.9507331957205,373.464208103015,-146.775486391829,-111.882473768485
44.115,-39.3718143491799,-8.64605024516456,-46.3660795423292,38.9994255329529,32.5575596013327,37.0528476945506,-18.5313916687247,37.1056396130063,-39.7972564325292,384.145821894115,-159.319225285955,-114.459029701231
44.12,-36.830676655505,-4.56541099858875,-46.1942941663509,35.1917804191804,36.2859757041844,34.746814420639,-21.807737390906,35.0277177401246,-40.3981154087624,393.294889171611,-172.142551476738,-116.061286298957
44.125,-33.8018260625654,-0.488715155160529,-45.4404755585815,30.3257877088183,40.0300124204479,32.0702853622284,-24.8057718584204,32.8479385501354,-40.7448413925669,400.919823232674,-185.00465767197,-116.603049760244
44.13,-30.3239257970547,3.51122732622809,-44.1198686192116,24.4427098655016,43.7531756384722,29.057342868406,-27.5517738113512,30.6328350238484,-40.8275504673647,407.03659845816,-197.671594372116,-116.021402966087
44.135,-26.4423126025848,7.36425546921705,-42.2576630336922,17.5966178415122,47.4221079357554,25.7477666513482,-30.0747906966992,28.4453131373047,-40.6349096709656,411.667532528696,-209.92149865404,-114.278912140072
44.14,-22.2080357739343,11.0042653766064,-39.8882938801249,9.85356114670737,51.0066081126509,22.1863672155502,-32.4055072624641,26.3433902353435,-40.1542776334801,414.840119045668,-221.549191785858,-111.365089306991
44.145,-17.6768371855029,14.3705321521022,-37.0545556317346,1.29060006702493,54.4797014874492,18.4222088163064,-34.5751246373918,24.3790823053361,-39.3720204336504,416.585943986488,-232.370024079954,-107.297052320539
44.15,-12.9080973552095,17.4089138853959,-33.80655673845,-8.00528434234645,57.8177650061161,14.5077385652583,-36.6142830247598,22.5974635982161,-38.2739950767167,416.939715422632,-242.222874371035,-102.119349877696
44.155,-7.96377120756354,20.0729082146067,-30.20054582091,-17.9383877194777,61.000704413001,10.4978414660662,-38.5520590516425,21.0359176857989,-36.8461848537734,415.938431074816,-250.972243136985,-95.902945905565
44.16,-2.9073351990389,22.3245351402621,-26.2976432648124,-28.4055734659113,64.0121740888076,6.44884362616772,-40.4150657909072,19.723594126506,-35.0754632309028,413.620702720893,-258.509411359242,-88.7433851773034
44.165,2.19723499353216,24.1350236473846,-22.162513587479,-39.2976444191474,66.8398240522261,2.41748757076242,-42.2266796585414,18.6810796771993,-32.9504561620139,410.026250423407,-264.752670693229,-80.7581895147155
44.17,7.28643976757393,25.4852840859062,-17.8620143539171,-50.5007827619473,69.4755533940425,-1.54009550405628,-44.0064139568787,17.9202877231425,-30.4624670981852,405.195573239738,-269.646663398812,-72.0835610777759
44.175,12.2981703063602,26.366153000794,-13.4638566757822,-61.8980461564369,71.9157453737919,-5.36939153893715,-45.769453935222,17.4445645133046,-27.6064247070889,399.169796714769,-273.160901748873,-62.8704953144811
44.18,17.1725520796992,26.7784021209325,-9.03531047786003,-73.3709081167971,74.1614567882934,-9.01846309134005,-47.526362985983,17.2490059657542,-24.3818106089083,391.990691169875,-275.287565211354,-53.2804299350632
44.185,21.8527094291518,26.7325085193815,-4.64198482621463,-84.8008303140098,76.2185331439956,-12.4388395497549,-49.2829640833108,17.3209742182497,-20.7935234253888,383.700848686601,-276.038698392218,-43.4805762003625
44.19,26.2854463667884,26.2481885911621,-0.346709777256393,-96.0708538224682,78.0976216502607,-15.5863174791161,-51.0403949123452,17.6407986625045,-16.852636208706,374.34400082617,-275.442952259228,-33.6390932408629
44.195,30.4218413630109,25.3537044668306,3.79145842973988,-107.067195260906,79.8140560456936,-18.4216536962664,-52.7953294750064,18.1826418670936,-12.5770068745133,363.965453646042,-273.542024430817,-23.9202737544263
44.2,34.2177562528264,24.0849576944983,7.71809225684179,-117.68083237225,81.3875906917825,-20.9111376303015,-54.5403534766057,18.915506615916,-7.99170554191608,352.612611647271,-270.386960670421,-14.4799096384052
44.205,37.6342613620288,22.4843912586059,11.3840968483446,-127.809061902688,82.8419661242896,-23.0270340263906,-56.2644757046256,19.8043564385781,-3.12922854544215,340.335558134707,-266.034479119517,-5.46099901716484
44.21,40.6379804912872,20.5997269594398,14.7462578047429,-137.357010798711,84.204294233061,-24.7478918328525,-57.9537531099357,20.8113187268701,1.97052386874651,327.187656331884,-260.543471661932,3.01005760547769
44.215,43.2013604818758,18.482570540787,17.7676329268145,-146.239079888866,85.5042583004483,-26.0587198869581,-59.592003568565,21.8969370541506,7.26052077042125,313.226133675061,-253.971823861314,10.826643793962
44.22,45.3028707344983,16.1869214571549,20.4177931608447,-154.380297509188,86.7731310681727,-26.9510345342728,-61.1615774830094,23.0214378190454,12.6871300918629,298.512611180005,-246.373676998334,17.9043921620642
44.225,46.9271382913217,13.7676276279022,22.6729224250657,-161.717559115076,88.0426225575996,-27.4227883770957,-62.6441575839182,24.1459759095405,18.1909001853472,283.113540729697,-237.797233722099,24.1828518295686
44.23,48.0650239606125,11.2788278128933,24.5157897071009,-168.200727937187,89.3435782186818,-27.4781927866296,-64.021555590019,25.2338247393542,23.707579262086,267.100515599712,-228.28318361479,29.6263131157734
44.235,48.7136445117757,8.7724252585931,25.935609688472,-173.793571325149,90.7045567796702,-27.127449487209,-65.276474827637,26.2514777345444,29.1693490260066,250.550423492413,-217.863797545609,34.223776657575
44.24,48.8763452509403,6.29663589270672,26.927810095093,-178.474507719579,92.1503255547017,-26.3864082934342,-66.3932095302621,27.1696311445272,34.5062399051288,233.545416715763,-206.562711184509,37.988086669108
44.245,48.5626263626039,3.89465252669466,27.4937249419961,-182.237140310229,93.7003185651499,-25.2761688366523,-67.3582543152937,27.9640218810744,39.6476874044403,216.172680777406,-194.395389604093,40.9542790752965
44.25,47.7880253357996,1.60346332380994,27.6402328291122,-185.090555430215,95.3671092455002,-23.8226437940832,-68.1608011765591,28.6160988029432,44.5241826349811,198.523990338267,-181.370237533205,43.1772233614391
44.255,46.5739566564217,-0.547141599614762,27.3793585013021,-187.059366601783,97.154954337222,-22.0560997570371,-68.7931060724034,29.1135111994576,49.0689653451303,180.695049865458,-167.490294363638,44.7286611942321
44.26,44.9475088205005,-2.53534690230767,26.7278541180824,-188.183488852418,99.0584684712422,-20.0106895642643,-69.2507126225405,29.450403881405,53.2197050264853,162.784625074725,-152.755430142723,45.6937645262453
44.265,42.9411976866479,-4.34784957851328,25.7067742420972,-188.517632407069,101.061489632796,-17.723986881149,-69.5325263297288,29.6275139947357,56.9201150022153,144.893479981106,-137.164939136892,46.16735052833
44.27,40.592674312061,-5.98014141142494,24.3410556300887,-188.130510058607,103.13619404096,-15.2365302766425,-69.6407388874454,29.652070227494,60.1214458281037,127.12314272243,-120.720411734304,46.2498999800552
44.275,37.9443847651602,-7.43652730307015,22.659109683776,-187.103758324202,105.242514951214,-12.5913803141653,-69.5806082967766,29.5375003481275,62.7838077413335,109.574530963707,-103.428754076514,46.0435295243468
44.28,35.0431790273794,-8.7298776282058,20.6924320840016,-185.530578783703,107.327913611835,-9.83368950210804,-69.3601064769843,29.3029579179113,64.8772770948673,92.3464743610644,-85.3052184139888,45.6480664515181
44.285,31.9398660277016,-9.88112002514137,18.4752308856541,-183.514112614003,109.327542211218,-7.01028158985043,-68.9894515977838,28.9726834977476,66.3827484878494,75.5341770257389,-66.3763060879135,45.1573675553066
44.29,28.6887121300864,-10.9184832052703,16.0440713772649,-181.165568099284,111.164828256881,-4.16923386343537,-68.4805472627723,28.5752196220754,67.292502401109,59.2276669609982,-46.6824092343123,44.656011401905
44.295,25.3468810348993,-11.876512205603,13.4375334608287,-178.60212761019,112.752497582619,-1.35945398276737,-67.8463547146398,28.1425021272989,67.6104673043876,43.5102818560494,-26.2800665054372,44.2164765692531
44.3,21.9738140565354,-12.7948808280239,10.6958752960854,-175.944667000266,113.994039387301,1.36975833112897,-67.1002272317015,27.7088530303116,67.3521651055154,28.4572412813608,-5.24372192279595,43.896897720415
44.305,18.6305510760415,-13.7170326648659,7.8606955540226,-173.315326366773,114.785601829089,3.96917468657626,-66.2552377098211,27.3099020496404,66.5443391114956,14.1343541887066,16.3331060192108,43.7394675749196
44.31,15.3789941066504,-14.6886869920771,4.97458588772191,-170.834976473191,115.018291290775,6.39013558546512,-65.3235309855431,26.9814650793651,65.2242740177199,0.596907698568266,38.3373162408567,43.7695268417839
44.315,12.2811173149615,-15.7562498172387,2.08076519106602,-168.620629648913,114.580833082268,8.58508935241518,-64.3157317081978,26.7584085080729,63.4388275061252,-12.1112214571923,60.6364246471648,43.9953569684609
44.32,9.39812945931216,-16.9651734139064,-0.777312109190611,-166.782847500576,113.362536627747,10.5081767407876,-63.2404365178314,26.6735282729302,61.2432024911214,-23.958197634842,83.0794915006064,44.4086631835854
44.325,6.78959695830644,-18.35830969588,-3.55638012619077,-165.423200145626,111.256494638811,12.1158618985126,-62.1038160054978,26.7564720077431,58.6994975548812,-34.9245714399282,105.498769145529,44.9857088277775
44.33,4.5125380770251,-19.9743037453766,-6.2138224025569,-164.631832795081,108.162933909653,13.3676063237407,-60.9093475582033,27.0327316300308,55.875080295791,-45.003320310444,127.712035167664,45.6890374390927
44.335,2.62050090095011,-21.8460736706769,-8.70817167020819,-164.485195281003,103.992625653299,14.2265783258507,-59.6576949016591,27.5227322376607,52.8408338395946,-54.1995749638547,149.525549842758,46.4696975429012
44.34,1.16263976592806,-23.99942168597,-10.9996478272699,-165.04398849796,98.6702561288272,14.6603866552466,-58.3467441528827,28.2410412444767,49.6693303857162,-62.5300321612993,170.737552846876,47.2698675822035
44.345,0.182806572366751,-26.4518188413961,-13.050730581564,-166.351378719529,92.1376540225763,14.6418235859771,-56.9717996956684,29.1957192643706,46.4329872788215,-70.0220644639661,191.142193745039,48.0257657139802
44.35,-0.281325094896657,-29.2114021847105,-14.8267602101991,-168.431526433844,84.3567699291883,14.1495998655689,-55.525936418166,30.3878313657911,43.2022607670231,-76.7125477798697,210.533774721513,48.670721713915
44.355,-0.199083930565789,-32.2762183406715,-16.2965568663538,-171.288470814583,75.3123055117774,13.16905146211,-54.0004980442368,31.8111339930258,40.043930498005,-82.6464372165537,228.711173035063,49.1382859207909
44.36,0.452446958342624,-35.6337415816424,-17.4330459382211,-174.905404279532,65.0138954720604,11.6927957934364,-52.3857247147265,33.4519490929064,37.0195240741855,-87.875130737067,245.482304971693,49.3652526600576
44.365,1.68776996230278,-39.2606874593273,-18.2138742863558,-179.24436382804,53.4977541095895,9.72131315081004,-50.6714869114141,35.2892327632073,34.183925730791,-92.4546680204093,260.668492473073,49.2944826689856
44.37,3.51242479200924,-43.1231350420287,-18.621999941723,-184.246357046716,40.8277097399602,7.26342761242302,-48.8480975345254,37.2948410224955,31.5842064842782,-96.4438184367847,274.108597925885,48.8774207515867
44.375,5.92257101963213,-47.1769619184826,-18.6462362148085,-189.831930963884,27.0955643683951,4.33666125346912,-46.907169684088,39.4339901290755,29.2587050734194,-99.9021168920507,285.662801590343,48.0762211890356
44.38,8.90471833614447,-51.3685866671167,-18.2817302717608,-195.902181559563,12.42073254843,0.967436131373172,-44.842484661599,41.6659033953873,27.2363799879609,-102.887909241278,295.215909417888,46.8654136092778
44.385,12.4356190090446,-55.6360038267446,-17.5303561403442,-202.340191027863,-3.05086804018359,-2.80889963096891,-42.6508330702672,43.9446309030727,25.5364432952585,-105.456469820509,302.680095834712,45.2330645143483
44.39,16.4823338800069,-59.9100869744647,-16.4010028319252,-209.012869215675,-19.1486815336839,-6.94824242969396,-40.3327917694411,46.2200232280799,24.1682773310281,-107.658252263571,307.99700549825,43.1814124934619
44.395,21.0024795594987,-64.1161267495628,-14.9097397892229,-215.773165403755,-35.6801202621954,-11.3981173084925,-37.8934008862021,48.4388355325464,23.1316260777517,-109.537331119141,311.13915905523,40.7269765160661
44.4,25.9446603649504,-68.1755629397296,-13.0798441593239,-222.462607110289,-52.4338766223069,-16.0982876658738,-35.3427080799144,50.5459344117226,22.4170445945227,-111.130085938586,312.110629594131,37.9001553547986
44.405,31.2490841394266,-72.0078633694042,-10.9416774096709,-228.914114195384,-69.1838826921292,-20.9815967750083,-32.6961516788364,52.4855768546522,22.0065824731591,-112.464171661379,310.946978002251,34.7443515632823
44.41,36.8483565315824,-75.5324975041539,-8.53240250789761,-234.955029483344,-85.6938386560268,-25.9750406017597,-29.9747599504906,54.2027286455397,21.8746711655804,-113.557809590682,307.714456224254,31.3146656161879
44.415,42.668443787379,-78.6709495222539,-5.89553720333882,-240.410301594949,-101.722211168534,-31.001063796679,-27.2051503371266,55.6443884817161,21.9891802509831,-114.419422432811,302.508507073494,27.676215362759
44.42,48.6297897747852,-81.3487141604068,-3.08034375733259,-245.105751833931,-117.027584761801,-35.9790624726332,-24.4193196506441,56.7608839728968,22.3126043169642,-115.047625231729,295.451607513593,23.9021435446892
44.425,54.6485689956676,-83.4972189525689,-0.141060599469184,-248.871354884637,-131.374234016339,-40.8270688054382,-21.6542236424486,57.5071064975383,22.8033401133605,-115.431572031191,286.690519095864,20.0713823625128
44.43,60.6380538703916,-85.055618568326,2.86401336385391,-251.544462783924,-144.537772202933,-45.4635840449472,-18.9511517284753,57.843653626469,23.4170129769599,-115.551646193668,276.393024477443,16.2662492777246
44.435,66.5100717039446,-85.9724107754256,5.87356590551648,-252.972903115514,-156.310724106091,-49.8095186284481,-16.3549096845619,57.7378504477012,24.1078121640283,-115.380470930048,264.74424247426,12.5699523936463
44.44,72.1765244807324,-86.2068289568226,8.82442936163141,-253.017885579334,-166.50786722794,-53.7901910852405,-13.9128296318196,57.1646245355422,24.8297965770949,-114.884206154018,251.942625390214,9.06408640586694
44.445,77.5509429287138,-85.7299728861749,11.6528241566761,-251.556655898567,-174.97118682511,-57.3373315356406,-11.673632497365,56.107213355442,25.5381353264879,-114.024088619483,238.19575062535,5.8262004680079
44.45,82.5500450329445,-84.5256473604109,14.2956592198432,-248.484842275294,-181.574296357557,-60.3910309814122,-9.68617331813131,54.5576874454782,26.1902515115211,-112.758164701747,223.716023104118,2.92751663121093
44.455,87.0952682752955,-82.5908870470768,16.6918577238206,-243.718447081089,-186.226185873439,-62.901574432643,-7.998104203203,52.5172776438581,26.7468424017629,-111.043159356391,208.716405518441,0.430871436349235
44.46,91.1142443152201,-79.936155234693,18.7836747271596,-237.195444936234,-188.874176377913,-64.8310944372281,-6.65449337217166,49.9964997930344,27.1727546542178,-108.836420916794,193.406289735182,-1.61105605092595
44.465,94.5421846558146,-76.585213727495,20.5179725019867,-228.876957538604,-189.505977900238,-66.1549819989822,-5.69644128538848,47.0150755478696,27.4376990720356,-106.097879623768,177.987615207993,-3.15717837909
44.47,97.3231461411058,-72.5746705326385,21.8474196181829,-218.747985289926,-188.150772213644,-66.8629943859108,-5.15973632470414,43.6016529352726,27.516795423762,-102.791958192815,162.651329287783,-4.17905838765557
44.475,99.411146018283,-67.9532209321061,22.7315812400755,-206.817685677148,-184.879267386179,-66.9600041545096,-5.07359264637744,39.793335000471,27.3909437368794,-98.8893752618142,147.574270559352,-4.66156955690914
44.48,100.771097952949,-62.7806057916099,23.1378705633703,-193.119198269255,-179.80269999976,-66.4663411561482,-5.45951159064175,35.6350291687339,27.0470240183375,-94.3687870347315,132.916540506568,-4.603150138793
44.485,101.379543045556,-57.1263183762473,23.0423348546375,-177.709025880804,-173.070791397743,-65.4176897142708,-6.33030526729188,31.1786338456508,26.4779313299111,-89.2182185622287,118.819411732442,-4.01565754701724
44.49,101.225153761947,-51.0680973478752,22.4302540886088,-160.665990738834,-164.868695940558,-63.8645167665015,-7.68931656669037,26.4820822452371,25.6824573848382,-83.4362435606273,105.403803359775,-2.92384253452102
44.495,100.308993766732,-44.6902487795363,21.2965355628508,-142.089793171955,-155.413010823522,-61.8710232563982,-9.52986395184894,21.6082663580019,24.6650332140101,-77.0328801677824,92.7693366680364,-1.3644739018032
44.5,98.6445226527928,-38.0818436628852,19.6458938535479,-122.099208217948,-144.94694702115,-59.5136294528845,-11.8349322839882,16.6238661539011,23.4353499286251,-70.0301793070964,80.9939668677795,0.614846386151187
44.505,96.2573409957876,-31.3348392835573,17.4928117373711,-100.829962435878,-133.73478774487,-56.8790237088484,-14.5771231229678,11.5981103659179,22.0078762147796,-62.4624921282397,70.1341704881633,2.95713075983279
44.51,93.1846775521167,-24.5421729350702,14.8612839294524,-78.432338980306,-122.055783144478,-54.0618220560572,-17.7188699415797,6.60149544701034,20.4012920196976,-54.376413018496,60.2256525220716,5.59766434575966
44.515,89.4746265267746,-17.7958748654464,11.7843514425905,-55.06856359132,-110.197647151232,-51.1619021419129,-21.2129158540773,1.70448863580789,18.6378580239393,-45.8304045605637,51.2845236986131,8.46581900999495
44.52,85.1851486784555,-11.1852443676129,8.30343990926183,-30.9100275775348,-98.4498341412942,-48.2814890660981,-25.0030439508434,-3.02376027342236,16.7427400242566,-36.8941201362144,43.3088865140439,11.4869670319293
44.525,80.382855670149,-4.79512885464682,4.46752021136574,-6.13440614648481,-87.0967794518784,-45.5220824783378,-29.0250432588996,-7.51667562710463,14.7433063798139,-27.6474482562002,36.2807593360205,14.5844390437968
44.53,75.1416024458505,1.29565905814784,0.332114106501721,19.0772684000892,-76.4112886641671,-42.981323314309,-33.2078868864615,-11.7114601992406,12.6684153550607,-18.1793098507451,30.1682612606103,17.6814732222172
44.535,69.5409173232777,7.01575667311967,-4.0418289090218,44.5435189944006,-66.6482559934808,-40.7499039578156,-37.4750932864308,-15.5502281309131,10.5477077214169,-8.58624552324288,24.9279766058919,20.7031062657106
44.54,63.6643037746159,12.3024740942662,-8.58915459897554,70.0852629537703,-58.0388822814722,-38.9086268031551,-41.7462369474486,-18.9810493628069,8.4109185264008,1.02916590907949,20.5074170296276,23.577961052561
44.545,57.5974514910007,17.1028057241382,-13.2417962082831,95.5285211089,-50.7855482872534,-37.5257130860266,-45.9385712141727,-21.9588899615617,6.28722058499081,10.5600134156986,16.8475011707218,26.2398908184301
44.55,51.4263973433834,21.3742163409555,-17.9301044249041,120.706942824078,-45.0574795882952,-36.6544568395184,-49.9687232956874,-24.4464340906329,4.20461099496252,19.8968387865283,13.8849761703082,28.6294451175834
44.555,45.2356792832746,25.0851925888158,-22.584183588814,145.464096478431,-40.9873158186258,-36.3313083805291,-53.7544198128641,-26.4147745290715,2.18935080284813,28.9294554175624,11.5547120305562,30.6951286085958
44.56,39.1065279958158,28.2155552141116,-27.1352033923603,169.655479522471,-38.6686696925535,-36.5744581619551,-57.216200498049,-27.8439595889451,0.265466844939019,37.5487573672959,9.79180806190666,32.3944296016135
44.565,33.1151420554766,30.75653142615,-31.516656745262,193.150207662607,-38.15473101234,-37.3829753943345,-60.2790779582231,-28.7233850525573,-1.54567623935292,45.6484784735403,8.5334602193959,33.6946010586524
44.57,27.3310922228428,32.7105903741042,-35.6655365792439,215.83234906511,-39.4579386423824,-38.7365369786294,-62.874102780451,-29.0520204971371,-3.22572680682315,53.1268658026923,7.72054859284022,34.5731822253971
44.575,21.8158991497214,34.0910480709439,-39.5234071403378,237.601876703656,-42.55071046777,-40.5957617329512,-64.9397956780621,-28.8384603734091,-4.75961382997921,59.8882370178823,7.29891545130083,35.0182543697128
44.58,16.621825953041,34.9214513761718,-43.0373487308772,258.37522006652,-47.3671889274553,-42.9031436029332,-66.423411814227,-28.1007917657504,-6.13572652249263,65.8443970025193,7.22031584733735,35.0284294096336
44.585,11.7909226914865,35.2347541210619,-46.160758860051,278.085406357877,-53.8059290776356,-45.5845565693572,-67.2820069137641,-26.866273184045,-7.34600258604876,70.9158949428712,7.44303462725152,34.6125757654998
44.59,7.35435351495873,35.07230240503,-48.8539972928124,296.681791070165,-61.7334284958981,-48.5512843471028,-67.4832803592965,-25.1708223143324,-8.38592341603641,75.0331088301753,7.93217547528349,33.789291794361
44.595,3.33202903881123,34.4826507065208,-51.0848674820998,314.129388330029,-70.9883747380217,-51.7025106076351,-67.0061771806005,-23.0583155645173,-9.25441660973056,78.1371498123837,8.65963898596381,32.5861437707676
44.6,-0.267443454638402,33.520235604905,-52.8289321287419,330.407822500735,-81.3864672637528,-54.9281909422278,-65.8412384794164,-20.5797083092778,-9.95366838011928,80.1805838551873,9.60381729014663,31.0386923578956
44.605,-3.44649043165683,32.2439390660767,-54.069665769484,345.509933689888,-92.725657138436,-58.1122163392714,-63.9906979219296,-17.7919913705515,-10.4888509498101,81.1279726353636,10.7490419996703,29.1893382802785
44.61,-6.21799289925244,30.7155777067266,-54.7984519304221,359.440080475982,-104.791639512673,-61.1357695874171,-61.4683299033724,-14.7570057007814,-10.8677726208247,80.9562393883906,12.084829756231,27.0860237362299
44.615,-8.60441816991639,28.998357671565,-55.0144361903924,372.212192794974,-117.363430884469,-63.8807707177466,-58.2990623368657,-11.5401428431538,-11.1004608941116,79.6548684882155,13.6049751413898,24.7808304174155
44.62,-10.6366929940473,27.1553364374707,-54.7242493212345,383.847636102385,-130.218865381636,-66.2333053686821,-54.5183733709713,-8.20896315321449,-11.1986916249575,77.2259497902058,15.3065439207307,22.3285175652396
44.625,-12.3528568230271,25.2479328968196,-53.9416164737417,394.372954331652,-143.139851576812,-68.0869308096068,-50.1714964539121,-4.83176679680092,-11.1754796093695,73.6840801841875,17.1888204803349,19.7850442414564
44.63,-13.7965406487539,23.3345255034608,-52.6868692039166,403.817563570039,-155.917243345948,-69.3457583163466,-45.3124619150717,-1.47615413759745,-11.0445480603904,69.0561353822572,19.2522619241825,17.2061190161192
44.635,-15.0153217478353,21.469175239103,-50.9863770906048,412.211470617007,-168.355194598659,-69.9272177122795,-40.0030056287242,1.79238764856903,-10.8197960130173,63.3809247439301,21.4975078133524,14.6458177701816
44.64,-16.0590077452599,19.7005059204145,-48.8719149475991,419.583090610453,-180.27488791714,-69.7644202433975,-34.3113764663768,4.91183589288244,-10.5147836603951,56.7087409948241,23.924489202321,12.1553065319048
44.645,-16.9779047725422,18.0707692047402,-46.3799803907888,425.95723570696,-191.51755077912,-68.8080494913081,-28.3110742861925,7.82488786095878,-10.1422558564447,49.1008151330967,26.5316737604823,9.78170150438708
44.65,-17.8211241899566,16.6151158116485,-43.5510749974935,431.353342420884,-201.94669945941,-67.0277263672283,-22.0795492941605,10.4800893232173,-9.71372343232453,40.6286847831511,29.3154756605538,7.56709296530328
44.655,-18.6349803873171,15.361088107682,-40.4289606591147,435.783998711099,-211.449578862738,-64.4128125669883,-15.6968918560558,12.8328089327234,-9.23912051799299,31.3734819299902,32.2698498815386,5.54775373857766
44.66,-19.4615285739079,14.3283423725781,-37.0599010881846,439.253823322385,-219.937794980275,-60.9726360778824,-9.24453935168559,14.8460354828079,-8.72655373772166,21.4251435641871,35.3860809506099,3.75354659437409
44.665,-20.337286267475,13.5286018549522,-33.491896876157,441.758739375466,-227.34716377249,-56.7361412585372,-2.80402358129937,16.4909803031586,-8.18215601079303,10.8815465122811,38.6527663044448,2.20753833896368
44.67,-21.292175547633,12.9658343230847,-29.7739211039478,443.285672003826,-233.636824723719,-51.7509838149627,3.54422126932242,17.747472902548,-7.61005382618764,-0.15243417302414,42.0559847749016,0.925821638282424
44.675,-22.3487153130388,12.6366405693118,-25.9551614134033,443.812686339399,-238.787688355503,-46.0821073193177,9.72197383541715,18.6041441948103,-7.01245239379805,-11.5659452739903,45.5796315916503,-0.0824610380408619
44.68,-23.5214841104896,12.5308336807604,-22.084273793459,443.309567839974,-242.800304510216,-39.8098527803983,15.65425147409,19.0583978549244,-6.38983815507476,-23.2432567010099,49.2058931274585,-0.814903320880527
44.685,-24.8168649392741,12.6321832475852,-18.2086532119725,441.738832349805,-245.692252401353,-33.0276661654854,21.2702380783736,19.116176172593,-5.74129294599865,-35.0649469004692,52.9158277283425,-1.27544845355298
44.69,-26.2330740963153,12.9192942828451,-14.3737266380987,439.057138881206,-247.495164327329,-25.8394803231515,26.5041084982362,18.7915319736743,-5.06490885734888,-46.9091746635664,56.690013636634,-1.47385316570996
44.695,-27.7604668977922,13.3665875521655,-10.6222748737367,435.2170643419,-248.251502332205,-18.3568567890833,31.2957474105811,18.1060226843411,-4.35828775957931,-58.653038295852,60.5092214204802,-1.42502869957182
44.7,-29.3821042531136,13.9453462687511,-6.99379082425027,430.169186738279,-248.011210661113,-10.6959788695438,35.591363218674,17.0879463872231,-3.61910478123299,-70.174021027114,64.3550666072927,-1.14828875451257
44.705,-31.074555841045,14.6247937355721,-3.52388324613242,423.86441219745,-246.828366509476,-2.97459001064738,39.3439998339477,15.7714426935156,-2.84571097772673,-81.3515187223153,68.2105984883559,-0.666535947739014
44.71,-32.808908309197,15.3731675511126,-0.24373644135581,416.256471901695,-244.757947465191,4.69102898938516,42.5139509652663,14.195483339641,-2.03774723002896,-92.068442464163,72.0607833729621,-0.00541899083898734
44.715,-34.5519407284848,16.158758392111,2.82036238329313,407.304508085752,-241.852826424978,12.1889535523063,45.069082787249,12.4027785846327,-1.19673928789289,-102.212884523589,75.8928448868537,0.807507904979352
44.72,-36.2674246775787,16.9508849733554,5.64741551963972,396.975663882705,-238.161093892007,19.4142950582483,46.9850715701168,10.4386258065022,-0.326642992110326,-111.679831747637,79.6964300935774,1.74359384259101
44.725,-37.9175029424733,17.7207813011382,8.2220140534068,385.247590195856,-233.723793868472,26.2715904478272,48.2455630537751,8.34972630050305,0.565690831565457,-120.372905631548,83.4635780516613,2.77384183665177
44.73,-39.4640989711246,18.4423774826985,10.5345315356537,372.110784009591,-228.573143664396,32.676836231955,48.8422600980076,6.18299531788117,1.47016050824873,-128.206103485391,87.188476615591,3.8695788244645
44.735,-40.8703089594795,19.0929608015027,12.5812005928009,357.570676620104,-222.731290450383,38.5591146288822,48.7749445064441,3.9843890204466,2.37319228226183,-135.105510356694,90.8670034731796,5.00302747159129
44.74,-42.1017297684919,19.6537091884987,14.3640628999056,341.649397050873,-216.209638744262,43.8617745871736,48.0514379628304,1.79777044093524,3.25767502432417,-141.010946946413,94.4960581568754,6.14776736098991
44.745,-43.1276787506222,20.1100943231795,15.8907856249505,324.38714520544,-209.00876365959,48.5431466309325,46.6875057918196,-0.336165123537763,4.10306681362392,-145.87751489075,98.0727026350272,7.27907865173432
44.75,-43.9222659162716,20.4521561502787,17.1743409398832,305.843120800146,-201.11890516137,52.5767869256136,44.7067058363637,-2.38088649830915,4.88568304360476,-149.676997718172,101.593138661628,8.37416695542943
44.755,-44.4652845515295,20.6746544047935,18.2325494011859,286.095967430161,-192.521019349646,55.9512619070852,42.1401832253863,-4.30492756056668,5.57916869534852,-152.399073759892,105.05155992997,9.41227385648913
44.76,-44.7428932034942,20.7771056479008,19.0874927698991,265.243705804955,-183.188344510361,58.6694995973871,39.0264103031977,-6.08267688337598,6.15514994393612,-154.052296489687,108.438925834618,10.3746829931263
44.765,-44.7480696190713,20.7637162357531,19.7648069468357,243.403145744315,-173.088422879968,60.7477468687776,35.4108696299828,-7.69504151981548,6.5840525936773,-154.6647983437,111.741710914575,11.2446366657756
44.77,-44.4808254549974,20.6432225471832,20.2928708825474,220.708782415386,-162.185504241095,62.2141830805546,31.3456768618378,-9.1299714644454,6.8360672845421,-154.2846761192,114.940689476978,12.0071822550224
44.775,-43.9481790448773,20.4286497297298,20.7019123042825,197.311197962762,-150.443244992794,63.1072494963702,26.889139587,-10.3828323452356,6.88223428728726,-152.980019624553,118.009818177358,12.64897100129
44.78,-43.163891894067,20.1369993093357,21.0230555895857,173.375004609311,-137.827606556223,63.4737605917917,22.1052479174687,-11.4566149103865,6.69561430606182,-150.838550365482,120.915280229697,13.1580336611366
44.785,-42.1479825908311,19.7888744590832,21.2873407968688,149.076379021023,-124.309850212897,63.3668677505758,17.0630928654564,-12.3619710346835,6.25250629531653,-147.966843683138,123.614753336455,13.5235580761929
44.79,-40.9260392312188,19.4080498186789,21.5247454335328,124.600249851771,-109.869522040397,62.8439479333608,11.8362092881207,-13.1170674785701,5.53366908397966,-144.489115837441,126.056959404304,13.7356927875612
44.795,-39.5283580465734,19.020990801395,21.7632417675596,100.137210608912,-94.4973216997706,61.964489719481,6.50184144685953,-13.7472506809804,4.52550075245756,-140.545566924975,128.18154775812,13.7853986108887
44.8,-37.9889415075737,18.6563255903835,22.0279222583192,75.880238069582,-78.1977523890292,60.7880467261706,1.14013096482774,-14.2845185852419,3.22112837071393,-136.290281043027,129.91935497974,13.6643666903941
44.805,-36.3443935882771,18.3442717307214,22.3402240115086,52.021302250332,-60.9914560217977,59.3723238830009,-4.1667708700885,-14.7667989431822,1.62136100315552,-131.888696515043,131.19307374273,13.3650171183128
44.81,-34.6327529642938,18.1160185310869,22.7172801555654,28.7479572621228,-42.9171472205476,57.7714555123819,-9.33566198500817,-15.2370377077385,-0.2645390946427,-127.514670989537,131.918350193037,12.8805869043706
44.815,-32.892306576899,18.0030665040992,23.1714218566586,6.24000318956171,-24.0330716315336,56.0345258261481,-14.2833123122158,-15.7421059409214,-2.41830839615674,-123.347178492359,132.005314753926,12.2053100879972
44.82,-31.1604261462645,18.0365258434394,23.7098495434619,-15.3336926126671,-4.41792800359929,54.2043725473428,-18.9275402495884,-16.3315390146579,-4.81239298065648,-119.566687703011,131.360535064892,11.3346863075125
44.825,-29.4724688546047,18.246377465426,24.334486022394,-35.8181306816922,15.8287909346787,52.3167032501202,-23.1883295552813,-17.0561276283618,-7.40994713762516,-116.351282472039,129.889362597682,10.2658274648971
44.83,-27.8607806233839,18.660702416022,25.0420177303464,-55.0747936294722,36.5870668845337,50.3995421382719,-26.9889705921327,-17.9663861720749,-10.1651399618527,-113.872596521589,127.498626997014,8.99786568978095
44.835,-26.3538363336824,19.3048884036122,25.8241235736431,-72.9838708334365,57.717243981245,48.4730128956794,-30.2572073295559,-19.1109300730849,-13.0237804792778,-112.291644002536,124.099615183178,7.53240015342241
44.84,-24.975546171874,20.2008257154298,26.6678838332556,-89.4460360268989,79.0615284539016,46.5494514525035,-32.9263695096841,-20.5347997494171,-15.9242612055335,-111.75463577042,119.611256550823,5.87395589111496
44.845,-23.7447511940785,21.3661085418908,27.5563547307528,-104.383732758461,100.446073746909,44.6338313839097,-34.9364679834506,-22.2777743192051,-18.7988088509248,-112.388877580293,113.963421865078,4.03042491073371
44.85,-22.6749243374102,22.8132614083116,28.4692877592523,-117.741936591611,121.683607131045,42.7244743934113,-36.2352304392069,-24.3727228665529,-21.5750195509621,-114.298850624615,107.100232156506,2.01345850105369
44.855,-21.7740856143474,24.5490136249798,29.3839671088864,-129.488377775906,142.57653701753,40.8140090644738,-36.7790545678994,-26.8440444295397,-24.1776449310698,-117.562576723065,98.9832654234901,-0.161220303084615
44.86,-21.0449323019266,26.5736470975782,30.2761337295642,-139.613223556223,162.920464830474,38.8905329788631,-36.5338561378973,-29.7062496123166,-26.5305849025974,-122.228369824072,89.5945436600666,-2.47361376147432
44.865,-20.4851768303165,28.8804442517735,31.1209609761595,-148.128234889226,182.508011890164,36.9389266823598,-35.4757905202935,-32.9627365855535,-28.5590337095296,-128.312072143143,78.9391810644234,-4.89938289974086
44.87,-20.0880770798522,31.4552630468022,31.8940445107867,-155.065427668943,201.132860805957,34.9422631680085,-33.5918279452697,-36.6048120753683,-30.1917177612893,-135.794867162571,67.0475766401571,-7.40994018078241
44.875,-19.8431362252904,34.2762649686546,32.5723682947372,-160.475283163704,218.593902866096,32.8832538789913,-30.8801651906485,-40.6110036815766,-31.3631575406281,-144.621752859593,53.977041082542,-9.97271856039573
44.88,-19.7369424344736,37.31381945141,33.1352091684651,-164.424565764524,234.699378337633,30.7456720033389,-27.3504594842099,-44.9467035267489,-32.0158816821724,-154.700747005137,39.8127590334506,-12.5516271646344
44.885,-19.754112932378,40.5306043909054,33.5649447210541,-166.99381788712,249.270895836854,28.5156962298379,-23.0238740905961,-49.564174924889,-32.1025194407837,-165.902882350009,24.6680035138882,-15.1076956838978
44.89,-19.8783024343811,43.8819173711306,33.8477328177146,-168.274611548547,262.147220052159,26.1831230719724,-17.9329292511777,-54.4029436790743,-31.5876983889604,-178.063033255795,8.68353937781005,-17.599900537098
44.895,-20.093232923049,47.3162060756542,33.9740361123966,-168.366643409589,273.187723774799,23.7424028623607,-12.1211566875602,-59.3905840810472,-30.4496773674569,-190.981597213265,-7.97382352379704,-19.9861563882448
44.9,-20.3837003160461,50.7758193392255,33.9389709281312,-167.374764651941,282.275410008324,21.1934628697731,-5.64256057003427,-64.4438970952457,-28.6816504282709,-204.427035175352,-25.113539816553,-22.2244472815694
44.905,-20.7365138269689,54.1979727092155,33.7424668772414,-165.406038725345,289.319422683205,18.542290146653,1.43910748347264,-69.4704650308757,-26.2926656484917,-218.139254179801,-42.5244837722256,-24.2740630495538
44.91,-21.1413257913647,57.5159145598259,33.3892313297067,-162.566918622042,294.256980083862,15.8012564444427,9.0512473076055,-74.3705537356768,-23.3081130909228,-231.833794813876,-59.978902501617,-26.0968991612566
44.915,-21.5913134006928,60.6602710597755,32.888521011344,-158.960630899459,297.054683072814,12.9891776757816,17.1134666912115,-79.0393205026746,-19.7697485876292,-245.206765190229,-77.2370883689045,-27.6587721414066
44.92,-22.0836790846346,63.560540965114,32.2537311866599,-154.68484628323,297.709169667893,10.1311105473211,25.5387753597206,-83.3692740079038,-15.7352340552639,-257.940442839418,-94.0526615114609,-28.9306984062765
44.925,-22.6199430765447,66.1467046307571,31.5018205906626,-149.829706550738,296.247107373232,7.25789846390159,34.2348930265305,-87.252922235953,-11.2771902446721,-269.709446886295,-110.17832516313,-29.8900821153877
44.93,-23.2060097887822,68.3509061274054,30.6525971334353,-144.47626482087,292.724533892502,4.40548696689801,43.1056454496429,-90.5855359902718,-6.48177365385691,-280.187365623699,-125.371931730062,-30.5217576506911
44.935,-23.8519987277707,70.1091631700812,29.7278951309509,-138.695381755876,287.225574750268,1.61403548018286,52.0524204990485,-93.2679496024176,-1.44680525132814,-289.053709593536,-139.402677484256,-30.8188347388111
44.94,-24.5718404188284,71.3630568779669,28.7506792173425,-132.547104007035,279.860582455577,-1.07314296345889,60.975655093262,-95.2093170892974,3.72050586817552,-296.00104789661,-152.057229420181,-30.7832990783367
44.945,-25.382647755802,72.0613522863681,27.7441130250914,-126.080534066785,270.763755891919,-3.61077878397024,69.7763235414474,-96.3297413818998,8.90618626774351,-300.742175949535,-163.145580197579,-30.4263286064977
44.95,-26.3038828935592,72.1615010614443,26.7306320831349,-119.334183120838,260.090310455121,-5.95294195424489,78.3573983422963,-96.5626963874301,13.992398747057,-303.017156480462,-172.506426892319,-29.7682951347812
44.955,-27.3563488388112,71.6309800112709,25.7310601256964,-112.336781133817,248.013278942898,-8.05439771338326,86.62525581424,-95.8571664746612,18.8605380423163,-302.600072332269,-180.011876955735,-28.8384327535219
44.96,-28.5610428907743,70.4484226531586,24.7638061210189,-105.108501862362,234.720030115625,-9.87198157430279,94.4910009924655,-94.179435304219,23.3944313876237,-299.305329703103,-185.571300476494,-27.6741677060092
44.965,-29.937915717431,68.6045061278158,23.8441758698093,-97.6625453681345,220.408595949895,-11.3659532419259,101.871688921793,-91.5144654738553,27.48354791339,-292.993353845238,-189.134171322695,-26.3201187459061
44.97,-31.5045848531665,66.1025619587465,22.9838271042792,-90.0070074541586,205.283899771157,-12.5012898871027,108.691422687191,-87.8668218661604,31.0261182029463,-283.575525974973,-190.691770445479,-24.8267916470172
44.975,-33.2750545449279,62.9588863728353,22.1903908219062,-82.1469547450962,189.553975846106,-13.2488809594586,114.882312151958,-83.2611045152783,33.932065974863,-271.018220188279,-190.27766169592,-23.2490059158987
44.98,-35.2584950089893,59.2027339774564,21.4672743543201,-74.0866162381836,173.426267088243,-13.5865893243424,120.385281307024,-77.7418708899442,36.1256578796274,-255.345812453213,-187.966892838589,-21.6441052820154
44.985,-37.4581332562396,54.8759873397057,20.8136536995483,-65.831597327015,157.10408177886,-13.5001469056429,125.150716210879,-71.373042309177,37.5477847239756,-236.642550144279,-183.873920603469,-20.0700155303057
44.99,-39.8703047878697,50.0325041409472,20.2246542907428,-57.3910207384168,140.783282919605,-12.9838571372657,129.138949485517,-64.2368042499052,38.1577978309643,-215.053189953863,-178.149306742007,-18.5832228779023
44.995,-42.4837108254721,44.7371527086591,19.6917110331688,-48.7795006616074,124.649275063226,-12.0410812917296,132.32058096737,-56.4320249870489,37.9348373309063,-190.782334205943,-170.975279914989,-17.2367525520965
45,-45.2789195321279,39.0645554854669,19.2030905218542,-40.018861637588,108.874343229623,-10.6844910623918,134.676637171917,-48.0722307630191,36.8786044777231,-164.092420436808,-162.560303486169,-16.0782298691064
45.005,-48.2281421395992,33.0975680920011,18.7445512436609,-31.1395224283072,93.6153869757073,-8.93607550790292,136.198574581134,-39.2831880585662,35.0095470613875,-135.300346394347,-153.132829716583,-15.148104630063
45.01,-51.2953062645217,26.9255288990969,18.3001116051801,-22.1814768552314,79.0120802338737,-6.82689650817091,136.888133385435,-30.2001542205014,32.3684450876976,-104.772742093582,-142.93445456693,-14.4781140778347
45.015,-54.4364391950304,20.6423203786932,17.8528910540689,-13.1948180885992,65.1854747200494,-4.39659313150932,136.757049330389,-20.9648665370897,29.0154025795485,-72.919931947342,-132.212712862051,-14.0900503840409
45.02,-57.600363739712,14.3442889542089,17.385986507364,-4.23976955898727,52.2370521633085,-1.692641688034,135.8266319923,-11.7223467998546,25.028270088489,-40.1886628875481,-121.213769926485,-13.9948863573257
45.025,-60.7296985238413,8.12807461819162,16.8833448194612,4.61379604757303,40.2482188682747,1.23061534240802,134.127218442613,-2.61760345021864,20.5005407469406,-7.05370831016902,-110.175272265653,-14.1922986418149
45.03,-63.7621436226244,2.08840515641453,16.330592148406,13.2873489832547,29.2802255280612,4.31315197247778,131.697512084705,6.20768345591325,15.5387798573646,25.9915080356843,-99.319615969917,-14.6706119253051
45.035,-66.6320214683772,-3.68408772857143,15.7157828426434,21.6951854665886,19.374485911262,7.49062726197075,128.583817530501,14.6184081007629,10.2596635004439,58.4450902636845,-88.8478770664474,-15.4071712435134
45.04,-69.2720324576608,-9.1049719224466,15.0300338596141,29.7463618142196,10.5532601495553,10.6959082088334,124.839183692759,22.4891301442453,4.78671488485304,89.8074403288841,-78.934623325072,-16.3691328494718
45.045,-71.6151750131959,-14.0979797760677,14.2680156425603,37.3470214321664,2.82066199033133,13.8607099843845,120.52246874767,29.706928920607,-0.753162307558567,119.592379576143,-69.723792922636,-17.5146477924606
45.05,-73.5967713992415,-18.5967777819035,13.4282766312098,44.4030393954986,-3.83605531569166,16.9173116341476,115.697342215116,36.1739431648896,-6.23324685598679,147.338355556064,-61.3257832432931,-18.7943968379
45.055,-75.1565337345993,-22.5464876994547,12.5133859138339,50.8228944291779,-9.44498282478087,19.8003011836858,110.431240987217,41.8095257693561,-11.5305483485496,172.619446725456,-53.8158445633824,-20.1534211831953
45.06,-76.2405997903263,-25.9049106603018,11.5298866585393,56.5206658956806,-14.047859161366,22.4483008087984,104.794297492958,46.5519518991145,-16.5292294861628,195.055862950171,-47.2338202844838,-21.5331810735175
45.065,-76.803465634599,-28.6434125171734,10.4880615826456,61.4190444335643,-17.6982429835784,24.805620603845,98.8582590788458,50.3596295916841,-21.1237939871257,214.323632763901,-41.5852198999641,-22.8737643829995
45.07,-76.8097422132275,-30.7474374687447,9.40152049120549,65.4522396290573,-20.4596031256387,26.8237888060377,92.6954179396029,53.2117748046126,-25.2219385521388,230.163170351341,-36.8435554762939,-24.1161600257962
45.075,-76.2356656464247,-32.2166277934839,8.28662845234816,68.568666895503,-22.4033724293373,28.4629073909979,86.3775704646466,55.1085276757405,-28.7469777172922,242.386427214033,-32.9538196583249,-25.204507198779
45.08,-75.0702964221823,-33.064540067128,7.16180104140614,70.7332988117355,-23.6070077506511,29.6927849408342,79.9750236607353,56.0705031515871,-31.6397639953012,250.882356075048,-29.836935470999,-26.088231271594
45.085,-73.3163507271656,-33.3179619703037,6.04669982822543,71.9295736062749,-24.1520942182274,30.4938036508936,73.5556644171686,56.1377865005854,-33.860041986324,255.620448010764,-27.3949676131332,-26.7239807034611
45.09,-70.9906177053748,-33.0158480499274,4.96136650541614,72.1607651946528,-24.1225268139707,30.8574841781566,67.1841049207298,55.3684018387622,-35.3871935449268,256.652147893353,-25.5168533306038,-27.0772864781402
45.095,-68.1239291692994,-32.207906903607,3.9253374600904,71.4507349743557,-23.6027971031561,30.7867205069235,60.9209146969689,53.8362989480111,-36.2203509965599,254.110007430779,-24.0843897756865,-27.1238758011556
45.1,-64.7606628116935,-30.9528855472581,2.95678198078848,69.8440051281439,-22.6764077996543,30.2956668094591,54.8219467839149,51.6289196882615,-36.3778761670494,248.204498450009,-22.9782050718739,-26.8505846892157
45.105,-60.957775841792,-29.3166085443012,2.07170656038214,67.4051160381065,-21.4244330237817,29.4092690947667,48.9377626633665,48.8444195402812,-35.8962239727718,239.21848021582,-22.0834427383811,-26.2558290859091
45.11,-56.7833827449219,-27.3698391929332,1.28326489686522,64.2172560059981,-19.9242376797396,28.1624459739115,43.3131579874257,45.5886316505143,-34.8282298674209,227.499391735879,-21.2949038374746,-25.3496107689126
45.115,-52.3149080623911,-25.1860371693611,0.601208308593341,60.3801791171371,-18.2483653882481,26.5989348519089,37.9867890081587,41.9718696813777,-33.2408799354682,213.449321037657,-20.5214178319144,-24.1530520883118
45.12,-47.6368622022181,-22.8390911735488,0.0315045792009644,56.0074559527285,-16.4636009190162,24.7698320144376,32.9908980562161,38.1056714735844,-31.2126403097436,197.513185884077,-19.6892507993367,-22.6974719998571
45.125,-42.83830479363,-20.4011061657121,-0.423854970424436,51.2231310161842,-14.630210133012,22.7318671257895,28.3511354691998,34.0995878437193,-28.8304383886793,180.165341642378,-18.744406958449,-21.0230344236899
45.13,-38.0100754551472,-17.940322712643,-0.766849757112239,46.1578891778414,-12.8013580701488,20.5454642744628,24.0864750350166,30.0581197441755,-26.1864016133488,161.895009145496,-17.6537345707219,-19.177018151501
45.135,-33.2418855202494,-15.5192409244858,-1.00322524800795,40.944860084899,-11.022703951095,18.2726525472483,20.2092202275363,26.0779026014777,-23.3744699646216,143.190985352782,-16.4048079618899,-17.2117748313132
45.14,-28.6193757163211,-13.193013730218,-1.14209942224827,35.7152132201668,-9.33217040725422,15.9748988043898,16.7250991630007,22.2452291369038,-20.4870055323919,124.526159323749,-15.0046211180717,-15.182457462626
45.145,-24.2212534819136,-11.0081641554386,-1.19540075585817,30.5937160177141,-7.75988307506233,13.71094343474,13.6334471665684,18.6339916301518,-17.6115261908829,106.34240235211,-13.4771922249057,-13.144615752621
45.15,-20.1166290005162,-9.00166916451647,-1.17716773767615,25.6944420892712,-6.32827561858825,11.5347258765034,10.9274769858241,15.3041116712101,-14.8276902899362,89.036431006022,-11.8602395742869,-11.1517659065473
45.155,-18.1456509429769,-8.04701318599223,-1.15203054421519,23.3138215163125,-5.64997114306531,10.4749311925388,9.66969110040064,13.7160871324457,-13.4680599500639,80.6492373211497,-11.0348364481027,-10.1730759159863
