time,hip_angle_l,hip_angle_l_velocity,hip_angle_l_velocity_filt,knee_angle_l,knee_angle_l_velocity,knee_angle_l_velocity_filt,hip_angle_r,hip_angle_r_velocity,hip_angle_r_velocity_filt,knee_angle_r,knee_angle_r_velocity,knee_angle_r_velocity_filt,thigh_imu_l_accel_x,thigh_imu_l_accel_y,thigh_imu_l_accel_z,thigh_imu_l_gyro_x,thigh_imu_l_gyro_y,thigh_imu_l_gyro_z,shank_imu_l_accel_x,shank_imu_l_accel_y,shank_imu_l_accel_z,shank_imu_l_gyro_x,shank_imu_l_gyro_y,shank_imu_l_gyro_z,foot_imu_l_accel_x,foot_imu_l_accel_y,foot_imu_l_accel_z,foot_imu_l_gyro_x,foot_imu_l_gyro_y,foot_imu_l_gyro_z,thigh_imu_r_accel_x,thigh_imu_r_accel_y,thigh_imu_r_accel_z,thigh_imu_r_gyro_x,thigh_imu_r_gyro_y,thigh_imu_r_gyro_z,shank_imu_r_accel_x,shank_imu_r_accel_y,shank_imu_r_accel_z,shank_imu_r_gyro_x,shank_imu_r_gyro_y,shank_imu_r_gyro_z,foot_imu_r_accel_x,foot_imu_r_accel_y,foot_imu_r_accel_z,foot_imu_r_gyro_x,foot_imu_r_gyro_y,foot_imu_r_gyro_z,insole_l_force_y,insole_l_cop_x,insole_l_cop_z,insole_r_force_y,insole_r_cop_x,insole_r_cop_z
49.24,-41.468093821233,-81.4673108453663,-1.63613778524072,-68.0502910377411,148.967718679767,2.99177315151234,5.79782100487295,86.6795788151378,1.74081766829627,-2.50636869149955,33.8138559168868,0.679096029514405,7.66058181567879,6.00940339717473,1.15652944833538,-36.0992273487877,17.9368991531194,79.482927177721,-3.08747875771649,9.10877907561766,1.20475177722964,-30.5166902228408,-26.2021137694103,228.439723048826,-0.883539525272774,13.3273706125143,3.17736613825096,-89.3714644090188,-88.0139347779735,154.19218007073,0.345519648709695,9.58798593888647,-0.806215513568445,-15.8566761135002,26.0451340144302,-82.7936243483641,-0.25392515578396,10.1250185802121,-1.02423866206294,-16.9906287894168,25.3560870653882,-48.9676843284535,-0.238494743672087,10.3359664959708,-1.63433431608413,-39.9315161211356,4.6188386987665,-23.0137808428507,0,0,0,NaN,NaN,NaN
49.245,-41.8754303754595,-81.4673108453663,-7.46245401298349,-67.305452444343,148.967718679767,13.6455314227431,6.23121889894824,86.6795788151378,7.93990085177256,-2.33729941191527,33.8138559168868,3.0973692658197,7.57041925877163,6.07090669723538,1.13440231604245,-36.2748150205994,17.7364839817968,79.3739517092959,-3.62153753696745,9.87868767758804,1.28097018361083,-30.3591058387116,-26.622844106316,228.454479507394,-1.81660590637821,15.0228914353737,3.4015720301863,-89.4581563228619,-88.3119591263491,153.235294744878,0.11559704277261,9.65291115423001,-0.713153869945936,-15.6949959812165,25.9693438390393,-82.8056584142279,-0.307615972429866,10.3196185232407,-1.13655199350756,-16.7410147911204,25.3075649684527,-49.1245909530462,-0.314979844767597,10.5920345041434,-1.95986137995477,-39.5093911812173,4.68167128200185,-23.2562777810558,0,0,0,NaN,NaN,NaN
49.25,-42.2823921532824,-81.3923555645427,-17.1427319057177,-66.5593357305812,149.223342752271,31.3543692903113,6.66425501274621,86.6072227595495,18.2396701807128,-2.16955061329744,33.5497597235483,7.11059030601898,7.25167415837308,6.26958372532189,1.02901108048463,-36.5703803039549,16.984480088491,78.9025706784258,-4.77451857467694,10.1509410885981,1.09846385389812,-30.1283694925012,-26.7998604137221,227.703768731767,-4.63325414239549,16.3172255541321,3.08728585887707,-88.4615573209462,-89.4839399460124,150.223121589649,-0.367884808717673,9.67551046744509,-0.559388738425497,-15.147678730675,25.6900948272199,-82.6721064525324,-0.397583258597257,10.4577909183376,-1.19277539032298,-16.1093011778373,25.0979776475749,-49.3994414107014,-0.356575011245695,10.7998493833432,-2.23322579692306,-38.536112198534,4.82078695686074,-23.6845058417963,0,0,0,NaN,NaN,NaN
49.255,-42.686423013696,-80.8061720826898,-28.5023205554122,-65.8172981119477,148.407523726639,52.1592642413265,7.09504117986712,86.1572334241376,30.3300611389437,-2.0045642713133,32.9972683968116,11.8026338663302,6.87386310125275,6.44892114208001,0.908022070193075,-36.7317197268061,15.7083674249904,77.918167618986,-5.77036192973775,9.24345665103786,0.627994959814785,-29.3725075756434,-27.0815531133459,225.365740668175,-8.18952860635626,15.4678370448717,2.12751045910957,-86.8511093295575,-90.4314444816158,145.271303713912,-0.898377373293293,9.58667891462036,-0.437044045290696,-14.6001513113158,25.0997783199182,-82.1945020183483,-0.491514942687408,10.3372086113761,-1.06872293812088,-15.469075203771,24.5733125864331,-49.6147789601808,-0.304168371724796,10.6977699170363,-2.08421878087886,-37.3539111120672,4.80161874165703,-24.0208661220165,0,0,0,NaN,NaN,NaN
49.26,-43.0850694156666,-79.7292803941929,-39.9797046178497,-65.0847283303629,146.51395631709,73.2128267231561,7.52185437002777,85.3626380322075,42.5621211639926,-1.8437440209699,32.1640500687098,16.5088836504788,6.56952857101708,6.54785068688316,0.813951337322319,-36.7675019749571,13.905840841593,76.4426591784161,-6.64950131581025,8.38513434572461,0.206180139387913,-28.0944498324519,-27.4995500799006,221.461895717767,-11.5879927794702,14.5257887544634,1.23633216246678,-84.6758526462645,-91.1606062588725,138.415964352437,-1.3356989370613,9.48801926224449,-0.340041268481043,-14.0674239113631,24.2002524094121,-81.4087095692488,-0.548600362505226,10.2046977653917,-0.950799654254684,-14.8386052303745,23.7345899519193,-49.7964847002048,-0.249537892428115,10.5820094667988,-1.91779331023851,-35.9904606585522,4.61545524337668,-24.2605451732547,0,0,0,NaN,NaN,NaN
49.265,-43.4760127671089,-78.1886702884135,-50.5246505580328,-64.3669870711115,143.548251850206,92.5825628096295,7.94315499832931,84.260125660266,53.8393013718034,-1.68843203945039,31.0623963038864,20.7794868216031,6.33684624202323,6.56948499526412,0.746028158469969,-36.6883952478427,11.5864589748281,74.5036438791696,-7.40582761726977,7.57942081540041,-0.161589034357083,-26.3093986771101,-28.0810623194442,216.031248713748,-14.7917299759729,13.5044314493795,0.428878992483649,-81.9920439395966,-91.6771559037096,129.732670875049,-1.67920579950867,9.38402447130793,-0.268164776906605,-13.5624817375855,23.0004756864416,-80.3542113759201,-0.571691871724367,10.0654336303292,-0.841780338601944,-14.2341013834149,22.5902448224468,-49.9696529647725,-0.195121783339908,10.4584213712627,-1.74044054626589,-34.4749547578283,4.25836761777717,-24.3987102697105,0,0,0,NaN,NaN,NaN
49.27,-43.8570969916159,-76.2168449013594,-59.5013540862554,-63.6693480836447,139.527797493276,109.078440169773,8.35760023878071,82.8890480902377,63.5103546897834,-1.53988810258256,29.7087873735502,24.3394463469279,6.17237229495092,6.51891395239809,0.702886824095083,-36.5068407951577,8.77139209947281,72.1334825036275,-8.03653854706738,6.82890524573922,-0.471539103318997,-24.0441180669878,-28.8475766706527,209.129237559697,-17.7685306247706,12.4200598584833,-0.2828696515775,-78.860894499488,-91.9860679296091,119.335198495228,-1.93059755310064,9.27919760418468,-0.220576592962804,-13.096108702257,21.5163976609867,-79.0729570702798,-0.564300034910725,9.92463206324711,-0.74396819928373,-13.6693670646994,21.1559812726345,-50.1579367144013,-0.143196207638676,10.3329013048484,-1.5584869901579,-32.8375099200792,3.731315943483,-24.4307379025737,0,0,0,NaN,NaN,NaN
49.275,-44.2263508744865,-73.8507765741833,-66.59347222618,-62.9969403759505,134.481541538968,122.083597235126,8.76405236638255,81.2904255204412,71.2650872753664,-1.39927142578012,28.1233353605136,27.0493134292406,6.07133830487347,6.40293983227745,0.682642017925694,-36.2367552444027,5.49286708424209,69.3683378448854,-8.5419072705531,6.135577993935,-0.721588179647075,-21.3358682982545,-29.8137628742057,200.826516427046,-20.4910481659431,11.2916334201913,-0.890299759590947,-75.3463482979243,-92.0912960463297,107.373309438028,-2.09367794367863,9.17789708350647,-0.19590520422648,-12.6768138308292,19.770617983731,-77.6082086947808,-0.530418178464193,9.78736880391977,-0.659152880636504,-13.1555748944448,19.4543841832781,-50.3830032379258,-0.0958361432772344,10.211145793045,-1.37787861433362,-31.1086153896253,3.04008785883985,-24.3525742991539,0,0,0,NaN,NaN,NaN
49.28,-44.5820049244115,-71.1308099849737,-71.7179100200644,-62.3546918668977,128.449701810495,131.400650673235,9.16158224185751,79.5059750949507,77.04023502912,-1.26762582799477,26.3291195570568,28.8693780711727,6.02794760791455,6.22978281432902,0.682968713967293,-35.8931661640913,1.79333664690863,66.2472015956392,-8.9249843914651,5.50103638568229,-0.911362528508118,-18.2310487289257,-30.9866512500474,191.207655981302,-22.9368825217754,10.1403568586355,-1.38822411009225,-71.5130052972116,-91.995617708309,94.0296068192655,-2.17407712723522,9.08420796040472,-0.192338439615421,-12.3108472741849,17.7918264831572,-76.0034110498051,-0.474348614645747,9.65842424408867,-0.588593316043102,-12.7011640388279,17.5143061667555,-50.6641140311711,-0.0548904839027777,10.098438790909,-1.20400659366598,-29.3186268129416,2.19508617671092,-24.1612290710119,0,0,0,NaN,NaN,NaN
49.285,-44.9225026599627,-68.0995471102969,-74.9510604252426,-61.7472749139533,121.48339058899,137.12032995424,9.54946812606894,77.5771768423573,80.939317369833,-1.14586866997569,24.351431603837,29.8289268289192,6.03566252292036,6.0087691503892,0.701185426475514,-35.4917906142903,-2.2755946894637,62.8109335087771,-9.1912535102829,4.92662969753916,-1.04215400866522,-14.7836198048021,-32.3651238953625,180.369767648611,-25.0886055118576,8.9891300674795,-1.77479174603218,-67.4242769569046,-91.7006031561993,79.5155499002607,-2.17894871961252,9.00184138017147,-0.20771552092902,-12.0022906677334,15.6140446253972,-74.3011124363833,-0.400533830046306,9.5421572733379,-0.533021429601792,-12.3118506289203,15.3700551477876,-51.0178353043326,-0.0219653559060585,9.99947312146145,-1.04157489929525,-27.4972941568911,1.21098602962532,-23.8553935478549,0,0,0,NaN,NaN,NaN
49.29,-45.2465063945817,-64.8007469237664,-76.4688675744507,-61.1790541765302,113.644147484568,139.51495416988,9.92719006926525,75.5443886392236,83.1678189687046,-1.03478391859264,22.2169502766004,30.0011598059665,6.08747460322216,5.75001335632779,0.734339853738559,-35.0485713824568,-6.65445171395008,59.1013348497149,-9.34825904574389,4.41354202784487,-1.11681892418768,-11.0533807227692,-33.9397465799657,168.421064697871,-26.9337366709179,7.86188509580222,-2.05125841662003,-63.1408369037296,-91.2067169067409,64.0667418291627,-2.1166542142656,8.93406227962658,-0.239614696591672,-11.7532059355011,13.275695993256,-72.5419558836672,-0.313395315221427,9.44240949195202,-0.49266229032891,-11.9907387394683,13.0604143130671,-51.4578783867315,0.001590087750696,9.91821072847474,-0.894507794106884,-25.6733127357778,0.106283610188005,-23.436165956958,0,0,0,NaN,NaN,NaN
49.295,-45.5528977450025,-61.2782700841293,-76.5004828141774,-60.6540373198526,105.00337133547,138.956361140095,10.2944201658728,73.4460193214628,83.9833382545643,-0.935019579952165,19.952867728084,29.4836863595688,6.17615255337629,5.46410459263333,0.77929595636786,-34.5791897178317,-11.2773377933416,55.16027481312,-9.40521955782951,3.96282293883882,-1.13962188169993,-7.10417956253818,-35.692951291778,155.479370012629,-28.4646683474079,6.78284070796746,-2.22163914959365,-58.7194024430615,-90.5135509518721,47.9376217273449,-1.99644615729167,8.88364362000762,-0.285434177495812,-11.5638272374634,10.8185384908723,-70.763756071275,-0.217182493605369,9.36243915014026,-0.467266402618789,-11.7385163019019,10.6275302053405,-51.9950628191884,0.0146999564641871,9.85778312342031,-0.765893718322203,-23.873886539532,-1.09724183853671,-22.9078570252209,0,0,0,NaN,NaN,NaN
49.3,-45.8407732220936,-57.5750954182764,-75.2942772244867,-60.1758291034439,95.6416432818276,135.856066275663,10.6510090010033,71.3177670261724,83.6592733393036,-0.847089628528755,17.585990284698,28.3840958425566,6.29446446488209,5.16180600148909,0.832821340735983,-34.0985762608895,-16.0735115457273,51.0288852173161,-9.37261361152279,3.57542061458237,-1.11603110175865,-3.0021289688429,-37.5995616709967,141.670578860805,-29.6785067261106,5.77574916302708,-2.29226813519886,-54.211854696019,-89.6201794337375,31.3957093582628,-1.82816002094887,8.85284420383988,-0.3424652803413,-11.4327822941522,8.28649414679404,-69.0006727586482,-0.115834284002412,9.3048826792208,-0.456150252961354,-11.553718439392,8.11570676441931,-52.6373895260032,0.0165827505571913,9.82043123318291,-0.657961071689904,-22.1242954494642,-2.37513291174644,-22.2788423350648,0,0,0,NaN,NaN,NaN
49.305,-46.1094353772281,-53.7324310268696,-73.0944307683228,-59.7475894262029,85.6479354481453,130.62443128322,10.9969686424361,69.1919282865319,82.4600463481925,-0.771380440568131,15.141837592117,26.8098706208811,6.43537258247786,4.85377428135948,0.891673545338063,-33.6204432324887,-20.9690490790296,46.7468355892649,-9.26185812379072,3.25203167584115,-1.05247527287845,1.18610705168445,-39.6276363965386,127.127084639226,-30.5769554184431,4.86298917949139,-2.2713133540901,-49.6646795187322,-88.5256150071013,14.7155620410806,-1.62192308366443,8.84340634219862,-0.407957644322546,-11.3573314699818,5.72441379982173,-67.2824878828539,-0.012856059580057,9.2717406440283,-0.458241877846478,-11.4330400247547,5.57014342371231,-53.3902073784279,0.00677798945112663,9.80748215419904,-0.572080881554418,-20.4474621214506,-3.70090844213789,-21.5624222005378,0,0,0,NaN,NaN,NaN
49.31,-46.3583800696117,-49.7889384766823,-70.1261144159526,-59.3719959119707,75.118702846403,123.645241363963,11.3324525538691,67.0967822865554,80.6256628249483,-0.708161620306228,12.643764052374,24.8618224506975,6.5921999375985,4.55030527508399,0.952683528623841,-33.1568606637872,-25.8885494667662,42.351697815117,-9.08506120500961,2.99284551105742,-0.956073713870083,5.39490022365364,-41.7395899503733,111.98617628772,-31.1661951376749,4.06460054233767,-2.16827854983992,-45.1186906234679,-87.2293382891157,-1.82739043834327,-1.38788687383187,8.85656929044448,-0.47917706306862,-11.3336154428067,3.17681400025205,-65.6339907540355,0.0887850072512702,9.26438434684805,-0.472128947747966,-11.3716796886006,3.03565444676943,-54.2564537874328,-0.0148230694562638,9.81935911090672,-0.5087912133776,-18.8635199174941,-5.04675258137734,-20.7776461316871,0,0,0,NaN,NaN,NaN
49.315,-46.5872804893559,-45.7800839488972,-66.5873117137002,-59.0512116123358,64.1568599270315,115.262134053241,11.6577328240476,65.0560540357711,78.3634492083701,-0.657600989255038,10.1121262102472,22.6302457431918,6.75876893331856,4.26110987673891,1.01283440162596,-32.7178975284169,-30.7568412443436,37.8784068899424,-8.85459471034584,2.79763460025089,-0.834352561758271,9.56107668893776,-43.8935369751229,96.3884175757579,-31.4564533687375,3.39771007763019,-1.99349555155214,-40.608982428403,-85.7318645057881,-17.9629664917929,-1.13598794691072,8.89309439122261,-0.553456848235349,-11.3569047484792,0.686622603672428,-64.0744740201942,0.186743141811425,9.2835790998343,-0.496107584453962,-11.3636988816355,0.555405060499398,-55.236948659161,-0.0479458051935906,9.85562018378518,-0.467838376044638,-17.3893897422891,-6.38422573666423,-19.9500572016214,0,0,0,NaN,NaN,NaN
49.32,-46.795968616886,-41.7376255059991,-62.6455036317035,-58.7868583754063,52.8706473858747,105.773637241971,11.9731751242175,63.0884600339318,75.8450146799848,-0.619783393700248,7.56351911095407,20.193055906718,6.92951240683761,3.99512316369912,1.06933330086637,-32.3113452450951,-35.5006484480552,33.3588219363098,-8.58267886181918,2.66585549015102,-0.694961295718989,13.6251387537888,-46.0447963769854,80.476020458932,-31.4614982448685,2.87607048173525,-1.75765936932438,-36.165054125882,-84.0353063725699,-33.4321470967695,-0.875740032007298,8.95329817117649,-0.628243734239832,-11.4218467239921,-1.70603183642063,-62.6173422109635,0.279352806941649,9.32952028341009,-0.528230783124815,-11.4023816901859,-1.83030196791419,-56.3307209901296,-0.0919041635574228,9.91502107365822,-0.448230457750689,-16.0383803271568,-7.68498564025052,-19.1123118205019,0,0,0,NaN,NaN,NaN
49.325,-46.9844148214997,-37.6892409227188,-58.4376977004614,-58.5799963799397,41.3723990932981,95.4340364878219,12.279211825074,61.207340171277,73.2067713122706,-0.594732875373548,5.01010366533757,17.6152894712764,7.0995579129072,3.76034836469707,1.11967429861192,-31.942536440204,-40.0501761561617,28.8213895220275,-8.28117971632878,2.59645688362273,-0.545402167223601,17.5322748877268,-48.1474849116358,64.3912268609864,-31.1982795576995,2.50944718985719,-1.47145298783287,-31.8110482480296,-82.1438899815521,-47.9926314362305,-0.616058995788653,9.0370901407006,-0.701139189074958,-11.5227071903069,-3.96495342664506,-61.2698344957597,0.365660778247591,9.40187864036256,-0.566355867307072,-11.4805836392546,-4.08515762143192,-57.5353483996803,-0.145581269315412,9.99559724682389,-0.448299460746311,-14.8198326406082,-8.92150695822179,-18.3046324822125,0,0,0,NaN,NaN,NaN
49.33,-47.1527063011536,-33.6582959308153,-54.072569770858,-58.4311102643613,29.7772231157197,84.4578124999396,12.5763137251666,59.4203800185689,70.5526650658246,-0.582437647131095,2.45904564849279,14.9494641300747,7.26478605644763,3.56373610307354,1.16169041868935,-31.6142664815201,-44.3405777178154,24.2909093238545,-7.96143552169276,2.58772385811993,-0.392785088401778,21.2331557908489,-50.1561274880745,48.2747152525818,-30.6865043365703,2.30317650735721,-1.14525691402276,-27.5660555767908,-80.0643814488411,-61.4238952069381,-0.365120699430778,9.1440126535488,-0.76993668601945,-11.6536054800969,-6.05890349107275,-60.0328635042217,0.44542986700255,9.49985173773759,-0.608190863075219,-11.5910603902948,-6.17786608908876,-58.8472917922711,-0.207423844443127,10.0947611861737,-0.465769251940629,-13.7388338990339,-10.0677871890116,-17.5750548580145,0,0,0,NaN,NaN,NaN
49.335,-47.3010250430874,-29.6637483867433,-49.6337699456092,-58.3401021916349,18.2016145452656,73.0259062791581,12.8649608657582,57.729428118295,67.958083110653,-0.582877222120943,-0.0879149979695398,12.236416674627,7.42186374372644,3.41109831780778,1.19359316756792,-31.3268195593628,-48.3132689566388,19.7884002832656,-7.63406537771545,2.6372359151755,-0.243618778154704,24.6845249783043,-52.0272128524895,32.2640500085247,-29.9481116346246,2.25798364815134,-0.78894433532859,-23.444451663158,-77.806386524369,-73.5316304996229,-0.130250703525479,9.27328081628785,-0.832655099055827,-11.808742049625,-7.96248703435774,-58.9009723211477,0.519113811117327,9.62221909301741,-0.651340045272186,-11.7267697542203,-8.08302485659913,-60.2622098868223,-0.275454898433145,10.2094110768171,-0.497827661354821,-12.7960293501565,-11.1000255562093,-16.9794360127263,0,0,0,NaN,NaN,NaN
49.34,-47.4296259426001,-25.7201799025193,-45.1837017084838,-58.3062920862901,6.76202106896052,61.2925421116253,13.1456129316497,56.1304131782791,65.474187116902,-0.596050964590884,-2.63474849398687,9.50634583659997,7.56825328992956,3.30705537523522,1.21399847654317,-31.0780954514947,-51.9170586632824,15.3310635220289,-7.30880887680487,2.74186110414944,-0.103645093610792,27.8496003136119,-53.7206284509749,16.4921925328476,-29.006721931313,2.3699942060067,-0.411763652138548,-19.456245962623,-75.3824932176135,-84.151466440203,0.0821560917439943,9.42382103379868,-0.887567993230361,-11.982617905663,-9.6568746157763,-57.8624117801345,0.587804170049533,9.76739905223614,-0.693349193115608,-11.8811425339336,-9.78184048721501,-61.7752413057065,-0.347307917415853,10.3360479973331,-0.541202266566858,-11.9875599798473,-11.9972606369431,-16.5811973212511,0,0,0,NaN,NaN,NaN
49.345,-47.5388156576637,-21.8379430127299,-40.7673032505892,-58.3284251623136,-4.42661520469845,49.3917454674033,13.4186797618081,54.6133660317167,63.1321650790604,-0.622007266568659,-5.19126039555981,6.77988018750539,7.7021984667835,3.25501414993149,1.22193854153757,-30.863827973582,-55.1090696410042,10.9323364091551,-6.99439804427683,2.89778530131994,0.0222795202123318,30.6983079054444,-55.2009166802007,1.08609342854053,-27.8870840988412,2.63093567605805,-0.0222965147365733,-15.6074399783922,-72.8082383630048,-93.1518919638716,0.266688410975613,9.59430729402314,-0.933228254426109,-12.1702444787616,-11.1303366335663,-56.8993397067113,0.653151473352257,9.9335060817033,-0.731751293477257,-12.0483191881309,-11.2626583566796,-63.3812450446556,-0.420284086081069,10.4708994822797,-0.592240592241491,-11.3051511350048,-12.7419520190449,-16.4507835977124,0,0,0,NaN,NaN,NaN
49.35,-47.6289327031507,-18.0234090974075,-36.4155379643152,-58.4046867336871,-15.2523142747022,37.4430249902815,13.6844925155657,53.1625507515022,60.9470911799664,-0.660872510336948,-7.77304875365372,4.06906644347994,7.82268882221821,3.25717428287312,1.21685969776119,-30.6778818168213,-57.855430366893,6.6020303274171,-6.69846177880687,3.10057479398378,0.130254805859162,33.2073717472194,-56.4383058036569,-13.8346154817175,-26.6145422415112,3.02851615303798,0.371527117882301,-11.9004034442943,-70.1018922302306,-100.436325487238,0.418947107289903,9.78319470857587,-0.968487283893935,-12.3673414924604,-12.3785712933088,-55.9881426544988,0.717264253537961,10.1184076551522,-0.764113531802411,-12.2233500579917,-12.5212885683752,-65.0749932360841,-0.491432109885233,10.6100480695607,-0.646996488050329,-10.7363706378805,-13.3204916761216,-16.6648286643927,0,0,0,NaN,NaN,NaN
49.355,-47.7003292037693,-14.2793001237196,-32.1484375843927,-58.5327241670073,-25.6074866640694,25.5559454458393,13.9432760570867,51.756708304235,58.9212347951607,-0.712878954698764,-10.4012888723726,1.37823085744176,7.92940396009591,3.31455942323073,1.19860712095111,-30.5126112350349,-60.1317238416459,2.34654295324823,-6.42746278973646,3.34526796586868,0.217362057967723,35.36028173179,-57.4094817992312,-28.1588116666712,-25.2145429307785,3.54695716073842,0.762379260927872,-8.33428569669167,-67.284069759494,-105.94430032577,0.535552314893487,9.9887501309176,-0.992507896437148,-12.5705189689092,-13.4048126138538,-55.0998788746616,0.782590807566005,10.3197803549216,-0.788086401123305,-12.4023569066154,-13.5611150550539,-66.8513130090192,-0.557648171535115,10.7495640368762,-0.70132517940377,-10.2650655118937,-13.7236321985179,-17.3050267065536,0,0,0,NaN,NaN,NaN
49.36,-47.7533546331409,-10.6050858743106,-27.9776402342228,-58.7096757019421,-35.3903069869379,13.8335078104496,14.1951231299486,50.3694145723722,57.046769989067,-0.778390685670614,-13.1023461943634,-1.29529270245533,8.02263991531507,3.42707002288964,1.16739774785495,-30.3592619860229,-61.9231872301158,-1.8308656617374,-6.18666658253891,3.62649004919004,0.281648946270025,37.1471597926553,-58.0980815082605,-41.7849391170667,-23.7121993894524,4.16764933765798,1.14347284324617,-4.90548196814082,-64.3771914920073,-109.651758948672,0.614132329444714,10.2090798829903,-1.00477011694589,-12.7774379672415,-14.2197106945481,-54.2008387861803,0.851789449306204,10.5351651390234,-0.801455623824354,-12.58265288272,-14.3929804832631,-68.705176827691,-0.615791661745933,10.8856418583871,-0.750989761917698,-9.87197453930199,-13.9468215979664,-18.4567179556661,0,0,0,NaN,NaN,NaN
49.365,-47.7883417717615,-6.99742772413356,-23.9084321692594,-58.9322057342904,-44.5060064696363,2.37438296675335,14.4399708923507,48.9695524803819,55.3079116083305,-0.857926800838095,-15.907223033488,-3.9605476810005,8.10322025933974,3.5935541705032,1.12378330576826,-30.208397073021,-63.2246632040666,-5.92974513477142,-5.98014136555522,3.93858367329168,0.322080479077078,38.564539672526,-58.4949018547575,-54.6219187578004,-22.1319235824225,4.86989411059878,1.50851068898014,-1.60817121341893,-61.4048303424916,-111.570472944815,0.653297083883349,10.4421547583451,-1.00506926032971,-12.9869431913075,-14.8409830723019,-53.253216188219,0.92759353474692,10.7620219433207,-0.802197297672021,-12.7628169398836,-15.0348459710959,-70.6317428906102,-0.662810754999978,11.0147398942528,-0.791781608303627,-9.53550047576284,-13.9904380364917,-20.2072062752451,0,0,0,NaN,NaN,NaN
49.37,-47.8055950227449,-3.45065019668341,-19.9413424686029,-59.1965460319109,-52.8680595241551,-8.72587261519598,14.6775803691615,47.5218953622106,53.6825498926225,-0.952181051506569,-18.850850133712,-6.63241742654565,8.17239506757909,3.8118930049749,1.06860569858476,-30.0503270943978,-64.0403112144424,-9.95208766428504,-5.81078690002007,4.27574733089168,0.338463816465254,39.6150710453511,-58.5978337944912,-66.5899010866758,-20.4971307368169,5.63169189104564,1.8516615249025,1.56506607161669,-58.3909906206816,-111.746628213446,0.652598730541452,10.6858325647767,-0.993505971629209,-13.1991594579509,-15.2928432283786,-52.2158800670343,1.0126776045323,10.9977838837407,-0.788536234216825,-12.9427175191129,-15.5112316965319,-72.6263489643657,-0.69587080531583,11.1337224265272,-0.819656213620538,-9.23261208029292,-13.859922252372,-22.6438349112698,0,0,0,NaN,NaN,NaN
49.375,-47.805381135026,0.0427775437969794,-16.0733604255336,-59.4985422392315,-60.3992414640775,-19.3744466231655,14.9075193477628,45.9877957202319,52.1434788913511,-1.06203724716701,-21.9712391320777,-9.33112417387765,8.23173130559615,4.07909741254254,1.00294720587088,-29.8755272350197,-64.3830939483514,-13.9019348955651,-5.68038785457914,4.63217647999003,0.331354923945179,40.3071542360799,-58.4115422852722,-77.6208528263453,-18.830012864087,6.43054026663234,2.16757411732519,4.62255330932321,-55.3593719787533,-110.258635780008,0.612481377113151,10.937878545977,-0.97046824948692,-13.4155434048132,-15.6052199824063,-51.0452333332642,1.10953058252791,11.2399112941117,-0.759006856137023,-13.1234792960157,-15.8524520112424,-74.6844644241522,-0.712478029347959,11.2400023954971,-0.830884444689685,-8.93983354696101,-13.5658101936979,-25.8518548427311,0,0,0,NaN,NaN,NaN
49.38,-47.7879223026235,3.49176648048618,-12.2988515124885,-59.8337049245996,-67.0325370735936,-29.4815571698351,15.1291491989433,44.3259702360781,50.6593208310333,-1.18857983079687,-25.3085167259589,-12.0817239479125,8.28299849063237,4.39141295726002,0.928078017734233,-29.6750249018479,-64.2740606705428,-17.7849716373285,-5.58965902045018,5.00224942614954,0.301955213946248,40.6545082855541,-57.9469242725151,-87.6589721593448,-17.1513445622317,7.24425489604386,2.45143921547162,7.57276316243045,-52.3326724658279,-107.214247314143,0.534221518425341,11.1959840943791,-0.936605826435034,-13.6388819182952,-15.8127893563608,-49.6961414341448,1.22034114133688,11.4859456814801,-0.712515285115049,-13.3073863773724,-16.0936663694672,-76.8016063307056,-0.710591079745651,11.3316821399974,-0.82221709173343,-8.63426880674014,-13.1236727524655,-29.9121276210093,0,0,0,NaN,NaN,NaN
49.385,-47.7533915387443,6.90615277585837,-8.61024433863926,-60.1972643393198,-72.7118829441033,-38.9612097697273,15.3416160412689,42.4933684651644,49.195244032752,-1.33309915833585,-28.9038655078206,-14.9135623399947,8.32805363685829,4.74443029311336,0.845403560546607,-29.4407444750824,-63.7414547360865,-21.60811859119,-5.53833527794822,5.38065734411585,0.252003488788056,40.6756730820694,-57.2203849130051,-96.6609298662999,-15.4803679861168,8.05168878167606,2.69908502774686,10.4235320059766,-49.33198132632,-102.747070581893,0.419860237721692,11.4577842429727,-0.892797603801635,-13.8732297061035,-15.9538481198231,-48.1229107776932,1.34689918640634,11.733563415622,-0.648400435684136,-13.4977158473105,-16.2737748035097,-78.9732261695712,-0.688713884533271,11.4076882077679,-0.791058214361646,-8.29460176739225,-12.5539727525337,-34.8987111042536,0,0,0,NaN,NaN,NaN
49.39,-47.701910167297,10.2962742894495,-4.99855187092399,-60.5842279904627,-77.392730228546,-47.732254762397,15.5438465878006,40.4461093063097,47.713560215588,-1.49709115765261,-32.7983998633354,-17.8596643930286,8.36872950517661,5.13319863810441,0.7564138697248,-29.1657983875452,-62.8196770673687,-25.3791350235825,-5.52537036718626,5.7623481867736,0.183668075342472,40.3934459625908,-56.2529776475181,-104.595936364115,-13.8348131243332,8.83320094400397,2.90708139902411,13.1812829688505,-46.3763038166003,-97.0125934148186,0.272127887332202,11.7208745029814,-0.840113137072792,-14.1237802927408,-16.0690651876459,-46.2802945375976,1.49051602915727,11.9806286202702,-0.566491123553049,-13.6984972783667,-16.4341933254865,-81.1945744906502,-0.645964480808745,11.4678950044281,-0.735640263427755,-7.90201196419047,-11.881850794714,-40.8763819546878,-1.90391565462274,0.149285256330239,-0.0618085178356145,NaN,NaN,NaN
49.395,-47.6335472328589,13.6725868876,-1.45377834118136,-60.9894400834255,-81.0424185925155,-55.7195975036431,15.7345489195861,38.140466357088,46.174271311093,-1.68225119689055,-37.0320078475691,-20.9560415577241,8.40673006147196,5.55234023720367,0.662636942837702,-28.8447165802821,-61.548140671839,-29.1062407124889,-5.54907625697794,6.14255491760164,0.0994441150407432,39.834254560864,-55.0694561317252,-111.445637224861,-12.230875911026,9.57112801576662,3.07286868683163,15.8503031335348,-43.4822478737671,-90.1838349760374,0.0943617375383729,11.9828276916474,-0.77976943525415,-14.3966674774974,-16.2001528816446,-44.1245019077724,1.65196433834668,12.2252443367029,-0.467155494393183,-13.9141968853726,-16.6175500160594,-83.4605511733577,-0.582116399460161,11.5132308397799,-0.65519162664865,-7.4409490398876,-11.1368507340327,-47.8981532081813,27.6373796051402,0.150081517550252,-0.057354683818871,NaN,NaN,NaN
49.4,-47.548320602934,17.0453259850076,2.03474913645261,-61.4076418658067,-83.6403564763196,-62.8554392585384,15.9122183241645,35.5338809157064,44.535618699545,-1.89046215390057,-41.642191402043,-24.2409087507352,8.4435367917453,5.99616408014935,0.565597586043649,-28.473609185153,-59.9700532765916,-32.7977647147336,-5.6071650770458,6.51697927322134,0.00205736080037411,39.0274705078379,-53.6972855185959,-117.203842240454,-10.6831090937501,10.2503197039908,3.19490341621598,18.4321219500402,-40.6638871707067,-82.4467497740829,-0.109582991044282,12.2412114571194,-0.713084557310281,-14.6986978773181,-16.3885043922549,-41.6141864074091,1.83143750522517,12.4658006254735,-0.351338569632173,-14.1493293959708,-16.8663462544282,-85.7655494449192,-0.497611322524077,11.5457589742935,-0.550085415271431,-6.89971906064121,-10.3525922466116,-56.0028487668176,40.4324290335022,0.150355507045858,-0.053953979213504,NaN,NaN,NaN
49.405,-47.4461995220717,20.4242161724489,5.47809674309585,-61.8335319015187,-85.1780071423538,-69.0804525704047,16.0751482233231,32.5859798317108,42.7546707974592,-2.12377684174963,-46.6629375697871,-27.7538141394264,8.48032910759445,6.4587774461511,0.466782790325539,-28.0502599672323,-58.1311658727618,-36.4618266853201,-5.69684819328551,6.88185672998082,-0.105623206180094,38.0046724541087,-52.1656574204019,-121.876095490022,-9.20437682594204,10.8584607097895,3.27277366352951,20.9250345506317,-37.9327985281133,-73.9955127552572,-0.335428229355842,12.4936072360176,-0.64142963234594,-15.0370194024862,-16.6738462635914,-38.7113894685744,2.02852676353719,12.7010178958595,-0.220583471504693,-14.4080062340718,-17.2216292373387,-88.1033021247573,-0.393544064996237,11.5687257314792,-0.421957288252891,-6.27085017457526,-9.56639219102312,-65.212799400448,53.9203534807372,0.15027463773071,-0.0508332816770229,NaN,NaN,NaN
49.41,-47.327108374307,23.8182295529601,8.88747027236248,-62.2618253225757,-85.6586842114692,-74.3448191378935,16.2214460965731,29.2595746500151,40.7879693331959,-2.38439510429607,-52.123652509337,-31.5346928205982,8.51792149366923,6.93419409426201,0.367614189754096,-27.5741505559641,-56.0785244317381,-40.1060547526865,-5.81496367609753,7.23394017563476,-0.22066355123372,36.798871244216,-50.5045474811986,-125.479096183721,-7.80584282063799,11.3862151255193,3.30727102404422,23.3238058431652,-35.2982555899931,-65.0278128087658,-0.578573610421918,12.7376313508719,-0.566180973200129,-15.4187351138447,-17.0929551344911,-35.3824172319262,2.24221339728429,12.9299834380895,-0.0770319901973589,-14.6934348627139,-17.7217214382695,-90.4667388715013,-0.271623227525851,11.586567762609,-0.273780103796817,-5.55122303031909,-8.81882868308203,-75.5317267678073,68.0338399829032,0.149791865415418,-0.0477652234044426,NaN,NaN,NaN
49.415,-47.1909314167669,27.2353915080134,12.2739817175891,-62.6873111446752,-85.0971644198685,-78.6090798651747,16.3490541889491,25.5216184751984,38.5922411359842,-2.67463604527278,-58.0481881953121,-35.6228626756465,8.55671932217644,7.41643809001643,0.269427700036788,-27.0464177570834,-53.8592603336126,-43.7373423794055,-5.95807733707777,7.57049926756979,-0.34013529870041,35.4437143368563,-48.7438473953175,-128.039982312911,-6.49693809166424,11.8272911403618,3.30041572941729,25.6195798815004,-32.7675467858694,-55.7402772417509,-0.834201454110535,12.9709588506682,-0.488673894274303,-15.8504765484219,-17.6784861426779,-31.5986311040941,2.47087274752375,13.1521789115578,0.0765993570183803,-15.0073905502882,-18.4010499167879,-92.8478634580176,-0.134112902979776,11.6048712237276,-0.109884281827425,-4.74197071553436,-8.15323286205476,-86.9428829418788,83.4294216746473,0.148869225361268,-0.0447806516412088,NaN,NaN,NaN
49.42,-47.0375182617056,30.6826310122346,15.6484319487582,-63.104906790306,-83.5191291261096,-81.8447652845572,16.4557746771013,21.3440976304224,36.1251711693964,-2.99690598961262,-64.4539888679345,-40.0559861619139,8.59669443556199,7.89964235642852,0.173460038040896,-26.4697482432876,-51.5194522269725,-47.3616452527911,-6.12257452499178,7.88930597923525,-0.46117945264212,33.9726901725291,-46.9125950412477,-129.595491322541,-5.28532992272579,12.1784010952872,3.25542324517108,27.8000053018215,-30.3463752879216,-46.3241414910838,-1.09738474953302,13.1913505077688,-0.410159698539645,-16.337954894802,-18.4579562908943,-27.3371359929708,2.71228654908236,13.3674964412776,0.237070728966456,-15.3496877427614,-19.2891135053391,-95.2376602319225,0.0162376223910527,11.6302769827682,0.0640851082325237,-3.84817164320367,-7.61508464140344,-99.4075126737774,101.331789765626,0.147608367469514,-0.0420837944544665,NaN,NaN,NaN
49.425,-46.8666899052747,34.1656712862088,19.0211090575913,-63.5097090381463,-80.9604495681353,-84.0347899121714,16.5392988591812,16.7048364159977,33.3462239379315,-3.35366289297207,-71.3513806719541,-44.8690255621571,8.63738074285893,8.37814107045389,0.0808414933989248,-25.8482166742951,-49.1030882577999,-50.98381807711,-6.30474315154352,8.18860776757622,-0.581063988472282,32.418355686022,-45.0383178520185,-130.191014090786,-4.17689875409067,12.439124760802,3.17660910470267,29.8495730381156,-28.0392928721646,-36.9612669358135,-1.36319623309026,13.3966831063712,-0.331767099314758,-16.8855119605784,-19.4529197770826,-22.5813539840234,2.96366039264524,13.5762410148603,0.400699482026706,-15.7176829468935,-20.4096191608277,-97.6260388163216,0.176268341529695,11.670327972059,0.241280512692079,-2.87837485546389,-7.25128215244365,-112.86370381305,123.144425147062,0.146282709971666,-0.0399170276039138,NaN,NaN,NaN
49.43,-46.67824512752,37.6889555509257,22.4016040616799,-63.8970407080092,-77.4663339725281,-85.1736064675777,16.5972398344235,11.588195048449,30.2174941803276,-3.74737801126203,-78.7430236579529,-50.0932212860882,8.67788925496919,8.84655501607734,-0.00740593780770249,-25.187074819399,-46.6511530504884,-54.6074901947417,-6.50084806622358,8.46709160832505,-0.697235943342495,30.8116112454429,-43.1464963050191,-129.879560371741,-3.17573027714761,12.6116874514622,3.06923447833754,31.7501486037501,-25.8501187239924,-27.8205956251226,-1.62681620457729,13.5849828005041,-0.254469120177105,-17.4956953384649,-20.6783640597951,-17.3214752716201,3.22164378700749,13.779117066557,0.563469814087804,-16.1058439076284,-21.779810632669,-100.00182561174,0.342479259083761,11.7332573301424,0.413835636157882,-1.84400903228711,-7.10925212237256,-127.225687594831,149.992015458923,0.14522709292578,-0.0383759930274987,NaN,NaN,NaN
49.435,-46.4719671177093,41.2556019621223,25.7986464636559,-64.2624924940288,-73.0903572039021,-85.2671255925541,16.6271680500193,5.98564311915602,26.7045637199966,-4.18049571378957,-86.6235405054629,-55.7551232987269,8.71694125025788,9.29986898327929,-0.0903661359810727,-24.4925005727714,-44.2008587078021,-58.234978256107,-6.70719722155475,8.72384217367018,-0.807368220342938,29.1810468405061,-41.260147106711,-128.720655424233,-2.28413021698946,12.7006664477155,2.93930009185312,33.4816693242448,-23.7822981343306,-19.0551145620724,-1.88363632508106,13.7544609065808,-0.179056291492601,-18.1688832422242,-22.1423456630493,-11.5547821262521,3.48235132785797,13.9771974943738,0.721169624473883,-16.5054203775113,-23.4100036585138,-102.352809616459,0.511090272880467,11.8277188942013,0.573119065246702,-0.758732976092597,-7.23587191333199,-142.383644644635,182.36417228475,0.144683871541791,-0.03734944005644,NaN,NaN,NaN
49.44,-46.2476302100482,44.8673815322589,29.2199620098817,-64.6019594720924,-67.89339561277,-84.3324141251223,16.6266490181649,-0.10380637087915,22.7773391983792,-4.65539236934211,-94.9793311105939,-61.8757047880872,8.7529176406119,9.73350029316014,-0.167223353559484,-23.7713168710269,-41.7850336341287,-61.8672336840321,-6.92020019085184,8.95829728206384,-0.909400861237574,27.5523813672464,-39.3995197504901,-126.779188698553,-1.50266821978772,12.7126407738642,2.79330027479393,35.022968060131,-21.8391640492664,-10.7993844727204,-2.12935634194897,13.9035510660846,-0.106116747604529,-18.902983933157,-23.8458739260251,-5.28584529198349,3.74138477019121,14.1718738922463,0.869550639158377,-16.904249601164,-25.3033327989627,-104.665848369532,0.678084793659891,11.9624647610971,0.71005195136264,0.362214047398818,-7.67618465609046,-158.204064359317,219.959377035684,0.144726015037977,-0.0366117591734474,NaN,NaN,NaN
49.445,-46.005006644732,48.5247130632211,32.6721542199333,-64.9116719271027,-61.9424910020281,-82.3971905013658,16.5932824471994,-6.67331419309832,18.4108448801837,-5.17433525302361,-103.788576736248,-68.469584958783,8.783922093488,10.143357549346,-0.237254860667727,-23.030691424491,-39.4316773810114,-65.5038224100767,-7.13641954791297,9.1702034607247,-1.00157612702327,25.9480135231073,-37.5818959323743,-124.124236080593,-0.830255148567776,12.6558006307739,2.63795183322451,36.3526796744593,-20.0240755690784,-3.16766933783586,-2.36007054117993,14.0309463163836,-0.0360236176403253,-19.6932323836918,-25.7830396477694,1.47340476466359,3.99385723178005,14.3647875021199,1.00450582531065,-17.2867246836633,-27.4557063897694,-106.927037379707,0.839234248885718,12.1459778981961,0.815479931958405,1.50260896667717,-8.47190720516814,-174.530694672303,261.749158792482,0.145303602653835,-0.0359521167018615,NaN,NaN,NaN
49.45,-45.7438732956846,52.2266698094373,36.1606101655432,-65.1882202677214,-55.3096681237237,-79.4991398097268,16.5247419894394,-13.7080915519889,13.5859455089403,-5.73944241262693,-113.021431920606,-75.5443845465547,8.80785503974596,10.525888769346,-0.299822938061792,-22.2778288128525,-37.1636841521359,-69.1429342345458,-7.35261543120582,9.35957405628628,-1.08246642446096,24.3866983921991,-35.8214789105526,-120.827877229682,-0.26425524562804,12.539533585812,2.47991397422279,37.4501846968926,-18.340420610968,3.74731610306546,-2.57234078823073,14.1356342844196,0.0310701075060016,-20.5321028334775,-27.9413744841281,8.70372706997351,4.23442217719534,14.5577412958769,1.12225626535651,-17.6339464385415,-29.8559584713426,-109.121943241186,0.990103910215054,12.3860710396305,0.880585774366843,2.64574595398454,-9.6597557449826,-191.18610597814,306.225155849405,0.146304287642085,-0.035244651773918,NaN,NaN,NaN
49.455,-45.4640183272856,55.9709936798638,39.6894298221686,-65.4285739171721,-48.070729890183,-75.6850736943215,16.4188147861553,-21.1854406568464,8.28997604998667,-6.35264439747139,-122.640396969003,-83.1002334998899,8.82249536150038,10.8781181385084,-0.354367300208984,-21.5196668134409,-34.9987322533692,-72.7814190883939,-7.56578334318589,9.52665184043843,-1.15099397133903,22.8833585795068,-34.1293591933585,-116.96402896825,0.19936855317998,12.3740048158676,2.32551567701307,38.2965457653925,-16.791483871407,9.87504260998889,-2.76325331003131,14.2169284993328,0.0952292558700314,-21.4093503168908,-30.3024166566084,16.3787337338569,4.45731109175313,14.7525946613994,1.21953813293129,-17.9240695242681,-32.4861803702347,-111.235896830764,1.12604429898585,12.6894662463448,0.897325964195385,3.77481413023127,-11.2696437896716,-207.973877031449,351.741415631656,0.147598508558022,-0.0344493517363862,NaN,NaN,NaN
49.46,-45.1652477567134,59.7541141144084,43.2613772976974,-65.630094185383,-40.3040536421507,-71.0099619237486,16.2734399879981,-29.0749596314207,2.51725785828965,-7.01564869144129,-132.600858793913,-91.1294454817192,8.82558633036989,11.1976707652902,-0.400398861733475,-20.7625887718066,-32.9493317775257,-76.4148473718584,-7.77318494494841,9.67187751703041,-1.2064411178544,21.4490330767659,-32.5135436839397,-112.607314509575,0.565880927034297,12.1697481276619,2.18050583494206,38.8753957108844,-15.380194720659,15.1672063255458,-2.93045689639579,14.2744937239545,0.156726910134745,-22.3121873451669,-32.8424496448186,24.4651612758871,4.6563846921083,14.9511433495684,1.2937793458144,-18.1328423045486,-35.322210114962,-113.254338689763,1.24217640224295,13.0613724339291,0.858871733737484,4.8731420602737,-13.3228389135854,-224.681391855432,396.844507662008,0.149061094969472,-0.0335934017763284,NaN,NaN,NaN
49.465,-44.8473919059415,63.5711701543387,46.8778514967346,-65.7905412376814,-32.0894104596653,-65.5358631913934,16.0867454473134,-37.3389081369212,-3.73051584919542,-7.7299076076427,-142.851783240208,-99.6163686187169,8.81492228170061,11.4827850087321,-0.437495556929694,-20.0121633532503,-31.0230183002818,-80.0375913676063,-7.9723713684442,9.79586496464909,-1.24845043128606,20.0909612343801,-30.97903723873,-107.831986603987,0.841579423473355,11.9372830699073,2.04983938718414,39.1737408347333,-14.10878150519,19.5972086433717,-3.07218093751639,14.3083632456656,0.216027949938288,-23.2255941049847,-35.5333736178514,32.9232432342274,4.82520298288706,15.1549885874443,1.34325498347896,-18.2343277027757,-38.3342551591549,-115.163204173,1.33338257142487,13.5050807559184,0.760032915154587,5.92431846941971,-15.8301938274294,-241.083215217098,440.493048244348,0.150576381022268,-0.0327408601098789,NaN,NaN,NaN
49.47,-44.5103117282777,67.41603553282,50.5388733760669,-65.9080753763707,-23.5068277378773,-59.3307827374955,15.857081816731,-45.9327261165198,-10.4440385285226,-8.49659029757359,-153.336537986318,-108.537416474052,8.78843257972758,11.7323121967871,-0.46530069582218,-19.2729221143002,-29.2226764397027,-83.6429244832607,-8.16119844295549,9.89938345162954,-1.2770139826317,18.8127935683503,-29.5279680849374,-102.710920539891,1.03358770704459,11.6867712459879,1.9375097970208,39.1826484284558,-12.9783678247961,23.159126581918,-3.18723262474021,14.318946258227,0.273766162132186,-24.1327522849744,-38.3436648831585,41.7071783273006,4.95709607938052,15.3653935380871,1.36721058404025,-18.20178025078,-41.4876228827214,-116.949331542899,1.39429402357072,14.0215943530558,0.597641186722077,6.91221762060186,-18.790589922303,-256.944990580167,482.120116395874,0.15203679722858,-0.0319805315128381,NaN,NaN,NaN
49.475,-44.1539049894759,71.2813477603281,54.2430868999049,-65.9812529421893,-14.6355131637204,-52.4674838004233,15.5830533451492,-54.8056943163307,-17.6063020455086,-9.31655940660651,-163.9938218065,-117.861277738767,8.74425964774226,11.9457038503253,-0.483524096104683,-18.5481840021115,-27.5469738812121,-87.2231348220356,-8.33783326200968,9.98334644581744,-1.29245171749652,17.6149159088845,-28.1597512359444,-97.3146904801667,1.14964658178276,11.4277220876243,1.84643491782312,38.8977935176693,-11.9885518793415,25.8662355959925,-3.27497366805066,14.3070238146224,0.330715469104474,-25.0155845208461,-41.2393769051717,50.7656894114284,5.04071382903881,15.5816924600218,1.36591014301793,-18.0086434448721,-44.7435338053406,-118.600872313089,1.41469675186343,14.608109752299,0.370784583774594,7.82097475493698,-22.1897427680192,-272.027779705162,521.561096474047,0.153349486793798,-0.0314000603360451,NaN,NaN,NaN
49.48,-43.7781122739454,75.1585431061643,57.9877710794745,-66.0090172215736,-5.55285587685369,-45.0222788127789,15.2635447361575,-63.9017217983883,-25.1926665241747,-10.1903527741305,-174.758673504961,-127.549297814228,8.68082819039155,12.1229868561909,-0.491945968946716,-17.8399341367828,-25.990883955409,-90.7696493893578,-8.50075171643944,10.0488060292176,-1.29537930902934,16.4948688228367,-26.8712865050873,-91.7107399923657,1.19791224409405,11.168755084551,1.77839981748876,38.3198459511866,-11.1370115363731,27.7491553242601,-3.33527795532457,14.2737323302478,0.387755918610549,-25.8553740369205,-44.1851375683906,60.0426693652218,5.05255407232876,15.7981666164842,1.34059442068619,-17.6296222316334,-48.0599939867095,-120.107680235156,1.37198654702657,15.2547676783306,0.0808495578340006,8.63497015174997,-25.9995156175764,-286.092738862331,558.914227330709,0.154440074641305,-0.0310705276092333,NaN,NaN,NaN
49.485,-43.3829227736669,79.0379000556705,61.768861016385,-65.9906848118523,3.66648194426017,-37.0738247399419,14.897743523086,-73.1602426142671,-33.1710888947265,-11.1181704354691,-185.563532267628,-137.556020467073,8.59690320315714,12.2647273739602,-0.490423266848167,-17.14876208981,-24.5462731316875,-94.2731651994003,-8.64872697581892,10.0969513576771,-1.28666642682653,15.4478405126173,-25.6571895812931,-85.9626549935377,1.18676992442433,10.9174220369426,1.73405677424068,37.4546851649796,-10.4191753924384,28.8536945689397,-3.36847262594161,14.2205342418107,0.445835193248963,-26.633432918242,-47.1451012062833,69.4779104855903,4.97186038520426,16.0077536144617,1.29346952018911,-17.0417786343515,-51.3927052313084,-121.461653775189,1.24645859785238,15.9470463839885,-0.268190028725685,9.33888797191158,-30.1778664679615,-298.906005027554,594.403316031631,0.155263407173994,-0.0310279230979837,NaN,NaN,NaN
49.49,-42.9683798024335,82.9085942466309,65.5809765814843,-65.925927949389,12.9513724926473,-28.7019450864147,14.4851575168867,-82.5172012398213,-41.5025064868817,-12.099867038414,-196.339320588878,-147.829873236363,8.49163492550802,12.3719845939902,-0.478897951118623,-16.4738624152467,-23.202528912044,-97.7237837143972,-8.78080937930827,10.1291091332326,-1.26738687226983,14.4672086860291,-24.5100556517617,-80.1295448206821,1.1246689861354,10.68008956788,1.71297959961628,36.3134361340685,-9.82799424011121,29.2384749461544,-3.37526599429553,14.1491761406806,0.505926534434062,-27.3317830865676,-50.0838201751114,79.0079136972414,4.79675635710227,16.2076510642109,1.22761149988598,-16.2255947102851,-54.6959940053236,-122.657007066685,1.03764198326251,16.671421385555,-0.669513855875684,9.9179165026582,-34.6695163647867,-310.243648709473,628.279657859727,0.155803219150599,-0.0312564469565899,NaN,NaN,NaN
49.495,-42.5345859623987,86.7587680070422,69.4174581628097,-65.8147533450545,22.2349208669275,-19.9864989339556,14.0256269952337,-91.9061043306759,-50.1413679590959,-13.134949644653,-207.01652124798,-158.31397639766,8.36458952228122,12.446255770265,-0.457406431854556,-15.8130975317266,-21.947203624101,-101.111145466873,-8.89629874878194,10.1467437396243,-1.23876249751755,13.5451053516287,-23.4207551357204,-74.2655348749308,1.01998294978137,10.4618791397228,1.71376681375339,34.912326098251,-9.35383877783003,28.9724132203129,-3.35666656796722,14.0616354524834,0.568984132503694,-27.9338119065133,-52.9670089466318,88.5667726458021,4.52861399528306,16.3949029566785,1.14684705067021,-15.16594651426,-57.9237420436492,-123.690446360697,0.748429216224047,17.4125026253119,-1.11372903018663,10.3581484458014,-39.4073734439373,-319.896540333885,660.770763233087,0.15607411816326,-0.0317002473805621,NaN,NaN,NaN
49.5,-42.0817078750875,90.5756174621919,73.2704097213735,-65.6574780974881,31.4550495132532,-11.0063149867939,13.5193314205058,-101.259114945536,-59.0363000826237,-14.2225807502002,-217.526221109331,-168.947052154103,8.21576493879637,12.4894142163911,-0.426089290211779,-15.1631203251269,-20.7666505315862,-104.424562378246,-8.9947107042993,10.1514545760887,-1.20210321446327,12.672978219864,-22.3787602514843,-68.4193723492363,0.88089514550544,10.2666593481107,1.73418606842031,33.2723675213591,-8.98453905802295,28.1321404486305,-3.31389798016711,13.96005747709,0.635897212614547,-28.424864721219,-55.7621831986614,98.0871254727519,4.16341169981525,16.5632200312035,1.0556282651809,-13.8529356376629,-61.0303032262104,-124.561232982287,0.376537959414643,18.1502624980362,-1.58923617343457,10.6472228271413,-44.3146830469901,-327.674976006424,692.062663030325,0.156111405097278,-0.0322683321931363,NaN,NaN,NaN
49.505,-41.6099803764572,94.3454997260077,77.1307501231404,-65.4547032679833,40.5549659009316,-1.83820604453895,12.9667905973882,-110.50816462347,-68.1308954996327,-15.3615862335871,-227.801096677259,-179.664408418386,8.04559203167674,12.5036421651892,-0.38520031726974,-14.5195511717827,-19.6466304595349,-107.653146156901,-9.07573908197039,10.1449682434576,-1.15874569964423,11.842123411606,-21.3724994954146,-62.6341449613038,0.715308119002814,10.0970834494471,1.77135060190387,31.4188783224531,-8.70557005649436,26.7994319006604,-3.24831492191885,13.8466852811158,0.707444244460545,-28.7927396482069,-58.4391664378972,107.501163801656,3.69823507073221,16.7049535126091,0.958766666718814,-12.2825310804971,-63.97139230628,-125.271119633932,-0.0787622351995907,18.8622626311708,-2.08262015173984,10.7752242265656,-49.3078055098919,-333.41291674539,722.299736891379,0.155963088833249,-0.0328618913795244,NaN,NaN,NaN
49.51,-41.11971006657,98.0540619775294,80.9882743024991,-65.2072857023847,49.4835131197784,7.44392333542088,12.3688603043104,-119.586058615667,-77.3646036258456,-16.5504678300376,-237.776319290323,-190.398970131974,7.85492169358892,12.4913605407378,-0.335113899556551,-13.8772015877322,-18.5728696706538,-110.785932156614,-9.1392169617824,10.1291236028715,-1.10999359798859,11.044166451039,-20.3897348630184,-56.9471113486484,0.530772841222377,9.95466396610544,1.821917406905,29.3808555998824,-8.50037680777519,25.0587155866061,-3.16132506515954,13.7237854950856,0.784248905672189,-29.0280555915444,-60.9704664585076,116.741684387407,3.13271936629401,16.8116917017139,0.86117141576635,-10.4569833783862,-66.7049314753304,-125.824154268107,-0.61509318634245,19.5249135413595,-2.57920611159278,10.7358218015623,-54.2994576429816,-336.971712565162,751.587093878168,0.155678880024148,-0.0333940710489804,NaN,NaN,NaN
49.515,-40.611278100081,101.686393297758,84.8317262044399,-64.9163086762114,58.195405234632,16.7698659252875,11.7267225534892,-128.427550164171,-86.6737044387238,-17.7874196374969,-247.390361491733,-201.082330569557,7.64499923334273,12.455157766011,-0.276329844583048,-13.2303345006805,-17.5315528933536,-113.811999093076,-9.18507904471595,10.1058483296702,-1.05706209376535,10.2714719419799,-19.4179540558497,-51.3896407667424,0.334432432667886,9.83987578342763,1.88229618237696,27.1902237531756,-8.35082261904301,22.9947195293854,-3.05432150201106,13.593573460245,0.866739609097291,-29.1244723636197,-63.3315325961249,125.743164322835,2.46953722575418,16.8746884491087,0.767585846183053,-8.38498454040006,-69.1918406759584,-126.226354211415,-1.22644443349349,20.1146861084664,-3.0637328356185,10.5275927901807,-59.2021996562838,-338.243207525931,779.987294825333,0.155295063801635,-0.0337989321132204,NaN,NaN,NaN
49.52,-40.0851421048997,105.227199036197,88.6488856142751,-64.583051920539,66.6513511344391,26.0737902863101,11.0418707488257,-136.970360932638,-95.992343037367,-19.0703480887778,-256.585690256056,-211.645795497076,7.41742771536395,12.397719717583,-0.209474862357488,-12.5729493280649,-16.5097390437098,-116.720585921106,-9.21332812155981,10.0771263844887,-1.00102962713118,9.51746673364321,-18.4447673159333,-45.9872588526153,0.132974630939747,9.75227931381783,1.94885800335765,24.8809819878352,-8.23773563111306,20.6903090883949,-2.92862941547766,13.4581413532151,0.955114526258969,-29.0787515581638,-65.5009115566786,134.442836111949,1.73031067499785,16.8938874077397,0.682521529741756,-6.08156078731078,-71.3967572712972,-126.485262142362,-1.88828545042292,20.6195103140207,-3.52071063002367,10.1554368650961,-63.931913820738,-337.152151360529,807.513968130863,0.154838375210592,-0.0340410709018624,NaN,NaN,NaN
49.525,-39.5418371235941,108.660996261218,92.4266708972525,-64.2089615592618,74.8180722555189,35.2948038311297,10.316090116451,-145.156126475061,-105.253601619362,-20.3968947749317,-265.309337231006,-222.021394357198,7.17412228942981,12.3217628299149,-0.135300097182593,-11.8990787385925,-15.4956911551262,-119.501207832981,-9.22400811565713,10.0449567548681,-0.942799269313785,8.77686655972946,-17.4582962663194,-40.7597953493949,-0.0674123892620131,9.69065592515466,2.01813297546711,22.4882795481385,-8.14152294377753,18.224556095826,-2.78546960240392,13.3193928600046,1.04931405570201,-28.8906576815082,-67.4603240449276,142.781734837705,0.969233002694616,16.8888157453922,0.610240852940791,-3.56769951066018,-73.2886704740487,-126.609404189232,-2.54642797219618,21.0533648962782,-3.93487180207223,9.63195379694158,-68.411010184577,-333.657874100743,834.128418904333,0.154318829503092,-0.0341176436993624,NaN,NaN,NaN
49.53,-38.9819754855363,111.972327611515,96.1512593359015,-63.7956204545277,82.6682209467666,44.3773982029514,9.55143387686953,-152.931247916217,-114.390584914119,-21.7644614789786,-273.513340809252,-232.142834781137,6.91725775056264,12.2299721418248,-0.0546743238341832,-11.203083280989,-14.4791161813085,-122.143773630931,-9.21718565227042,10.0113047978895,-0.883071815496817,8.04580181732162,-16.4475405572264,-35.721628714535,-0.261085091413582,9.65314877371097,2.08698695222907,20.0474495478546,-8.04281796904674,15.6710716671334,-2.62594017118674,13.1789876610645,1.14900255976517,-28.5627101893537,-69.1946861931844,150.705686622064,0.218941278266483,16.8724327256008,0.554322732502898,-0.869726404054164,-74.8414561854226,-126.607678074651,-3.16927433398103,21.4258825098125,-4.29296624870337,8.97863260306915,-72.5711111244111,-327.755208697738,859.741604568108,0.153744418949228,-0.0340481757467348,NaN,NaN,NaN
49.535,-38.4062455372066,115.145989666045,99.8082261880486,-63.3447194176694,90.1802073717529,53.2717770001327,8.75019570841788,-160.247633690477,-123.337495143954,-23.1702367760532,-281.155059415175,-241.946379574293,6.64921166500474,12.1249457753267,0.0314273331555998,-10.4799300619323,-13.4513145078781,-124.638706576193,-9.19294134078348,9.97804843619326,-0.822332026244111,7.32184402014827,-15.402707506283,-30.8820213692684,-0.44299308042865,9.63740331455008,2.15276867842184,17.5930338630654,-7.92312570371375,13.0966246493665,-2.45101633605032,13.0382984331068,1.25356090171558,-28.0998075696358,-70.6920988721262,158.166206089884,-0.541186647291398,16.8291930316042,0.517464371532354,1.98153758929891,-76.0342989082665,-126.488705184263,-3.77493570454185,21.7138570168349,-4.58481102797673,8.22669047441429,-76.3550099617493,-319.47467006304,884.218429794048,0.153119943414404,-0.0338726530009721,NaN,NaN,NaN
49.54,-37.8154091828234,118.16727087657,103.382702826568,-62.8580296990553,97.3379437227691,61.9340679862527,7.91487911765711,-167.063318152068,-132.030673235044,-24.6112235744658,-288.197359682371,-251.371628770316,6.37250539249325,12.0091469712469,0.121939042676501,-9.7254423819747,-12.4052430174295,-126.977070199277,-9.15137102634694,9.94692222573843,-0.760848682407417,6.60394015550346,-14.3154904596492,-26.2455379446226,-0.608731527522587,9.64070296851621,2.21342045547522,15.1578321497273,-7.76543209097849,10.5600581156943,-2.26156684711487,12.898382302337,1.3620908539866,-27.5087535414822,-71.943824601404,165.121270986509,-1.32654168170904,16.7434685118837,0.501159255891834,4.95179793252927,-76.8519893941895,-126.260184098467,-4.37536716222591,21.8951314368549,-4.80310592922078,7.41740775360898,-79.7177653573024,-308.881915627493,907.378039655429,0.152458712036726,-0.033638420837331,NaN,NaN,NaN
49.545,-37.2102982165463,121.022193255363,106.859553410629,-62.3373771230343,104.13051520413,70.3264238089599,7.048164382252,-173.342947080932,-140.409584233345,-26.084267009892,-294.608687085085,-260.362193244367,6.08974524892163,11.8848644202562,0.215723907191682,-8.93650868254931,-11.3354992224592,-129.150699516542,-9.0925962814522,9.91946283261367,-0.698688265849759,5.89226732738785,-13.1792833487504,-21.8125372353034,-0.754595927269978,9.66009660421021,2.26754753677423,12.7720076215354,-7.55474725951385,8.1115074069658,-2.05838435506191,12.7599677536625,1.47343183402527,-26.7977219895281,-72.9442664606386,171.535944683772,-2.12811129492545,16.6124715711711,0.505418319134219,8.00443581739073,-77.2850897314234,-125.928284108044,-4.96011230253657,21.9655339189673,-4.94375842564981,6.60183244411998,-82.6268756646691,-296.076522425585,928.992792625249,0.151784422904812,-0.0333944470575673,0,0,0
49.55,-36.5918094596068,123.697751388008,110.223568536012,-61.7846181842435,110.551787758262,78.4170168919112,6.15287376501828,-179.058123446908,-148.417726643496,-27.5860821588618,-300.363029794243,-268.866250554417,5.80356590551311,11.7541812635093,0.31159699808867,-8.11124125950146,-10.2382371495286,-131.152336765309,-9.01678248799347,9.89695965679725,-0.635741209443416,5.18802434071919,-11.9893218136679,-17.5797267262492,-0.877635756173542,9.69251556559395,2.31444383490926,10.4622807819243,-7.27855774572497,5.79191520544719,-1.84222602391771,12.6234569885987,1.58618969397628,-25.9757008046452,-73.6909568088363,177.382822057256,-2.93399039933525,16.4358599477123,0.529045360242407,11.1017280841268,-77.3299615824569,-125.497115377891,-5.51673004226979,21.9261058209961,-5.00611094274567,5.83977284916131,-85.0615667029856,-281.190120454769,948.796134026243,0.151124990624585,-0.0331814843938254,0,0,0
49.555,-35.960898749344,126.182142052502,113.459673284162,-61.2016183691748,116.599963013695,86.1799355625435,5.23193571338649,-184.187610326263,-156.003447639306,-29.1132811042665,-305.439789080783,-276.836977960645,5.51657789928208,11.6189528181903,0.408350975040381,-7.2490778483665,-9.11102819460155,-132.975769327059,-8.92416209356057,9.88041422323606,-0.571758853099086,4.49317999413201,-10.7427451280502,-13.5407665998979,-0.975702225285305,9.73487891048947,2.3540740259258,8.251239886669,-6.92716929797669,3.63283215770993,-1.61386006374351,12.4889427254855,1.69877651364472,-25.0519550195662,-74.184556544364,182.642280918889,-3.73272802382231,16.2152663536403,0.569765080414328,14.2060781630092,-76.9886579930704,-124.96830782508,-6.034230988924,21.7819093503927,-4.99292212312511,5.19805591399135,-87.0113124177482,-264.38392432455,966.509281559717,0.15051648622912,-0.0330194547429015,0,0,0
49.56,-35.3185738606433,128.464977740058,116.553146104035,-60.5902329118534,122.277091464214,93.594989650244,4.28834875608261,-188.717391460679,-163.12064872699,-30.6623989606098,-309.823571268498,-284.232861777223,5.23132079787292,11.4807928062112,0.504783310437001,-6.35082222562345,-7.95268197222018,-134.615966128996,-8.81498815486758,9.87063231486085,-0.506398394097806,3.81019960514129,-9.43857770456437,-9.68690822504821,-1.04738318800103,9.78428352998056,2.38701958780202,6.15679355199558,-6.49392898082478,1.65648567142156,-1.37411360856789,12.3562375445348,1.80945961087385,-24.0355465045647,-74.4288589120631,187.302529425462,-4.5139781995376,15.954384668822,0.624389182085734,17.2811996923169,-76.2686842739086,-124.340723807631,-6.50385702033937,21.5416268225445,-4.91007678099463,4.74809543135811,-88.4737809615409,-245.845707922153,981.875774504375,0.149996156541522,-0.0329065822064738,0,0,0
49.565,-34.6658864721348,130.537477701827,119.48984408287,-59.9522901348049,127.588555409816,100.647434763764,3.32514578861767,-192.640593493164,-169.729369407689,-32.2299185460629,-313.503917090905,-291.017886163648,4.9502231075378,11.3410676145186,0.599724023807984,-5.41862321277599,-6.76304318360764,-136.069207614505,-8.68936179108529,9.8685168093251,-0.439272903760004,3.14177159002697,-8.07763382760628,-6.00765048181322,-1.09175053093357,9.83832768796505,2.41439376464442,4.19178662600797,-5.97532252493497,-0.123905392221349,-1.12391752266046,12.2249131772156,1.91641737492653,-22.9349413525548,-74.4307862757107,191.359449086854,-5.26737742328337,15.6562195509997,0.68904031795189,20.2931992588757,-75.1826385119611,-123.610320988096,-6.9173962493161,21.2147326270749,-4.76594504430104,4.56288099311915,-89.4524507717291,-225.786272287495,994.70107466386,0.149595479550502,-0.0328243539204625,0,0,0
49.57,-34.0039233183135,132.392630764195,122.256429449527,-59.2895774669446,132.542533571987,107.327625265291,2.34535940242127,-195.95727723918,-175.796239607708,-33.8122934683152,-316.474984450292,-297.161608007782,4.67556948357517,11.2008978937738,0.692062775579264,-4.45589473087606,-5.54278071053952,-137.333203433729,-8.54752130055109,9.87457059650063,-0.370004047104555,2.49055476468305,-6.66235407571936,-2.4913961046446,-1.10874968900995,9.89477100945733,2.43769254944355,2.36379523008819,-5.37094975758132,-1.70359644022723,-0.864344248146137,12.0943466821876,2.01779910773975,-21.7577275611233,-74.2003644639338,194.816242512517,-5.98230029955936,15.3225036749885,0.75940612158793,23.2115126097772,-73.7477469060999,-122.770172001382,-7.2666763632359,20.8106266881258,-4.57076445031403,4.71355775725812,-89.9541668114701,-204.435466319591,1004.86416240067,0.149337233004902,-0.0327434938652127,0,0,0
49.575,-33.3337966934624,134.025324970157,124.840591652804,-58.6038301699796,137.149459392929,113.63060662369,1.35198886101386,-198.674108281379,-181.294795036177,-35.4059694686374,-318.735200064274,-302.639127563946,4.40947528048256,11.0611666242381,0.780774178528229,-3.46718265897524,-4.29318453049721,-138.407191422203,-8.39028603008386,9.88821441832866,-0.298272563134522,1.85896452779634,-5.19658630091476,0.873910306225879,-1.09977494855029,9.9510334435307,2.4586248299584,0.675110839905113,-4.68338712783976,-3.08559281907263,-0.596635636936728,11.963770270369,2.11178585656728,-20.5104555688673,-73.7506576781999,197.682904175162,-6.64964404344985,14.9562728931557,0.831012260836892,26.0096590118784,-71.9853129772384,-121.810637622273,-7.54577891282972,20.3402997148404,-4.33610873862612,5.26581184293846,-89.9869041220371,-182.037833294368,1012.33635342055,0.149228555300787,-0.0326387773868007,0,0,0
49.58,-32.6566344931673,135.432440059133,127.231259095885,-57.8967227458464,141.42148482676,119.555658356607,0.347969262550616,-200.803919692832,-186.205653092116,-37.0074039409077,-320.286894454351,-307.430966897971,4.15386803034819,10.9225326532946,0.864940259107243,-2.45798703120321,-3.01598470896792,-139.29201131474,-8.21873946820462,9.90843613954746,-0.223863519396416,1.24901243471053,-3.68532769341672,4.100180739608,-1.06714055674597,10.0047478238351,2.47898804597045,-0.877083409935239,-3.91795150108881,-4.27976740147603,-0.322218733456173,11.8323216448187,2.19664925532102,-19.1986036134017,-73.0976476621057,199.975540570122,-7.26240182600204,14.5619967612456,0.899488703636974,28.6657903349456,-69.9201024945429,-120.719680758577,-7.75153413617061,19.815852244795,-4.07417386533062,6.27630125670665,-89.5579754576008,-158.847972147271,1017.17924579494,0.149258987799608,-0.0324958668978867,0,0,0
49.585,-31.9735699938606,136.612899861276,129.418794597879,-57.169862940986,145.371960972006,125.105799152129,-0.663856646449292,-202.365181799878,-190.516550374937,-38.613083607417,-321.135933301691,-311.522869907969,3.91047509525195,10.7854486355745,0.94376913848057,-1.43455039508523,-1.71320474524576,-139.99014705559,-8.03395553865833,9.93429119351085,-0.146703225547888,0.662209147045866,-2.13444708440326,7.19863581413641,-1.01361851340642,10.0541583405963,2.50052987307541,-2.30034810187566,-3.08238329758669,-5.30185370166106,-0.0427085698592184,11.6990920804559,2.27080565291698,-17.8266597493092,-72.2600437317782,201.71557261501,-7.81924910490383,14.1410189361431,0.960745625193953,31.1630239692463,-67.5796875027309,-119.483300467313,-7.88568635570564,19.2447549375558,-3.79718007194373,7.789374942825,-88.6728662708234,-135.12571859927,1019.55477932527,0.149403508139585,-0.032314239229871,0,0,0
49.59,-31.2857315798269,137.567682806672,131.395168889473,-56.4247882101726,149.014946162612,130.287265980172,-1.68076362388329,-203.381395486695,-194.22224615638,-40.2195403892869,-321.291356373829,-314.905538723152,3.6808165174272,10.650182283216,1.01660919636638,-0.403624797676179,-0.387059037832404,-140.505732526513,-7.83711280592378,9.96471017193217,-0.0668846736411301,0.0995356833763661,-0.550407999983963,10.1793257141425,-0.942523684342213,10.0979374376628,2.52478954582729,-3.60644569499668,-2.18646954075193,-6.17234902581706,0.240101906679315,11.5631700266055,2.33286325711353,-16.398303593165,-71.2590149687559,202.928857509293,-8.33037569065421,13.684988771197,1.01108315390514,33.4895609347538,-64.9937730657284,-118.086058850564,-7.95867143856866,18.6216787995675,-3.517004145542,9.83430292839647,-87.3348101388759,-111.131264365601,1019.71495933399,0.149631557961733,-0.0321110110271992,0,0,0
49.595,-30.5942326301109,138.299789943311,133.154106915293,-55.662964454369,152.364751160855,135.108979043846,-2.70016575679834,-203.880426583195,-197.324299255388,-41.8233655549804,-320.76503313899,-317.574321651423,3.46620199395299,10.5168398660387,1.08295821189195,0.627769246525664,0.960098674878595,-140.844516980416,-7.62950874781541,9.99848734654344,0.0153191810804484,-0.438517334394632,1.05998705322803,13.050732799956,-0.857644847867203,10.1351349601585,2.55296659608948,-4.8106395487744,-1.24162842412979,-6.9153623295361,0.524263715402886,11.4236786953568,2.38166060501737,-14.9166641503373,-70.1178418079065,203.644769285032,-8.79957712447862,13.1896509424986,1.04751444761856,35.6386016701722,-62.1935293120022,-116.511669506511,-7.97587912917685,17.9462887543655,-3.24412250678439,12.4232013927422,-85.5451386156159,-87.1203399274301,1017.96811032663,0.149904122264041,-0.0319122590732981,0,0,0
49.6,-29.900161774515,138.814171119109,134.691202386752,-54.8857868046189,155.435529949953,139.58200426602,-3.71963475376257,-203.893799392743,-199.830728535897,-43.4212222648522,-319.571341974189,-319.528867593968,3.26773091859508,10.3853909912719,1.14246722426217,1.6525783841041,2.32577220957695,-141.013788351659,-7.41252587733041,10.0343411112487,0.0994554274894818,-0.951847779125566,2.68981204079537,15.8194655669525,-0.763103214476816,10.1651716462911,2.58581890271342,-5.93085829217633,-0.260476670190225,-7.55744089617142,0.807703711545625,11.279806821301,2.4162953182008,-13.3846258723994,-68.8614907482037,203.895276863881,-9.21056254162166,12.6694058478599,1.06791052545175,37.6080813454589,-59.2109492430513,-114.743614363885,-7.92818456303262,17.2407252664008,-2.98674501200445,15.5497827705205,-83.3043595830979,-63.3395856612169,1014.63784732142,0.150183813413628,-0.0317480438744431,0,0,0
49.605,-29.2045737182772,139.117611247701,136.003996878398,-54.0945821879463,158.240923334649,143.719024647108,-4.73691459078513,-203.455967404697,-201.755569648415,-45.0098566527399,-317.726877577843,-320.772761037735,3.08629453207964,10.2556938260085,1.19493910558675,2.66393398998038,3.70726475612122,-141.022254775928,-7.18759155636328,10.0709722374089,0.184904468465813,-1.44058729978135,4.33217635240136,18.4900501307773,-0.663201476258822,10.1878200421582,2.62359283549706,-6.98675549134155,0.743600603862681,-8.12640867675613,1.08826408730628,11.1308324684825,2.43614274632226,-11.8051535595785,-67.5161222978594,203.714055723926,-9.55025034733905,12.1396709437152,1.07111928040247,39.4002536764813,-56.0782497973027,-112.765756193105,-7.80962672321785,16.5263353092961,-2.75097232164886,19.1889989609062,-80.6138450737112,-40.0222269517311,1010.01232258243,0.150441975050337,-0.0316415707104865,0,0,0
49.61,-28.5084808191919,139.21857981698,137.092020756845,-53.2906133821178,160.793761165631,147.533831266097,-5.74993248456807,-202.603578756483,-203.118342602467,-46.586107597542,-315.250188960254,-321.313150456956,2.92257936965461,10.1275200748878,1.2403220816595,3.65534056888029,5.10156845298168,-140.879886907655,-6.95613430617128,10.1071166604298,0.270905464481647,-1.90490729972552,5.98031497723719,21.0648217233143,-0.5622700211978,10.2031735698586,2.66598906256491,-7.99869880518444,1.75686034777525,-8.6502471695101,1.363746867397,10.9761403545075,2.44086469667401,-10.1816077451544,-66.1085479201197,203.135664574739,-9.81825167211521,11.6069163113752,1.05705917156128,41.0211569205779,-52.8273301308367,-110.562916661748,-7.62388074437879,15.8115928388182,-2.54085632938494,23.2975820007327,-77.477949670079,-17.3841523044185,1004.30529598581,0.150658848147242,-0.0316073909807688,0,0,0
49.615,-27.8128455791933,139.127047999647,137.956794341089,-52.4750842444536,163.105827532755,151.040843935364,-6.75680625010224,-201.374753106733,-203.943446248665,-48.1469153393225,-312.161548355929,-321.160381298107,2.77707136206413,10.0005791650663,1.27869866856764,4.62082612724262,6.50520763978636,-140.597725764793,-6.71953969080218,10.1415901845439,0.356591988117689,-2.34480175969734,7.62760250836219,23.5439149861223,-0.464516946163367,10.2116050003941,2.71216518530031,-8.98672558877815,2.7655784520611,-9.15604710898132,1.63196074699858,10.8152336112766,2.43040894554063,-8.51802541710126,-64.6656561634979,202.194812168367,-10.0172393991767,11.0755460199702,1.02650873042269,42.479997997878,-49.4892972547055,-108.12139412227,-7.37670229261314,15.1013493188592,-2.35833645170448,27.8154272854954,-73.9063387240684,4.3795281490922,997.63813759012,0.150832637394255,-0.031644285617352,0,0,0
49.62,-27.1185741852956,138.854278779666,138.601788880515,-51.6491457863193,165.187691626997,154.254670572836,-7.75584817582105,-199.808385143943,-204.259496741979,-49.6893290867146,-308.482749478713,-320.32764279226,2.65006011517458,9.87454120421986,1.31027070657105,5.55504842053204,7.9140445075462,-140.187662664706,-6.47910883179165,10.1733233124048,0.441035233872131,-2.75986451230077,9.26748905568271,25.9253483245004,-0.373888044119157,10.2137161274252,2.76077400281484,-9.96950308486098,3.75638273586382,-9.66905603691589,1.89076784337548,10.647741170342,2.40500059809235,-6.81934579851831,-63.2138309728926,200.925732054525,-10.1509061024124,10.5493312208705,0.980977780721506,43.7884906891828,-46.0940652774417,-105.42940090142,-7.07432355216618,14.3989192309271,-2.20334686142997,32.6677144653755,-69.9162846330388,25.0973897314031,990.044720437336,0.15097367369407,-0.03173256970378,0,0,0
49.625,-26.4265112030568,138.41259644769,139.032348164421,-50.8139027601534,167.048605233104,157.189713234612,-8.7455656163561,-197.943488106907,-204.098627537878,-51.2105137463568,-304.236931928286,-318.830635737499,2.54164305967131,9.74905836491855,1.33534136054021,6.45335407149302,9.32305827412737,-139.662199194988,-6.23602233506423,10.2013852807925,0.523291673000539,-3.14907881629163,10.8933618432473,28.2051943981365,-0.293942107977923,10.2102809290085,2.81003405937247,-10.963330928115,4.71653539878562,-10.2118431142676,2.13812833532802,10.4734220252784,2.36512659286253,-5.09156677250558,-61.7783861836997,199.361675290787,-10.2237003667679,10.0314051754208,0.922578569833113,44.9601818999013,-42.6700307079224,-102.477406162214,-6.72322374216977,13.7063610212874,-2.07403822970598,37.7676237133368,-65.5346902258045,44.6240336587092,981.492892149491,0.151099460900585,-0.0318476623633881,0,0,0
49.63,-25.737435490443,137.81514252269,139.255572804388,-49.9704204303976,168.696465951078,159.859827469225,-9.72465855847066,-195.818588422813,-203.495768437029,-52.707755882096,-299.448427147682,-316.687266220269,2.45172932498129,9.62378442198718,1.35429510139837,7.31179074132054,10.7261109387236,-139.034196017395,-5.99131194004156,10.224997225618,0.602451848391981,-3.51063614750089,12.4983418079226,30.3778261076634,-0.227745808454922,10.2021848759158,2.85782731924084,-11.9812217734888,5.63416168003296,-10.8035984147063,2.37214147044984,10.2921674908044,2.31151473488225,-3.34182374227544,-60.383039378214,197.534523422058,-10.2405772706816,9.524295720243,0.853878770928729,46.0097964135293,-39.2438227125926,-99.2583769058486,-6.32993343845215,13.0248078428876,-1.9670750817403,43.0194816179706,-60.7996201041563,62.8418461447615,971.923899783375,0.15123575687788,-0.0319591143322544,0,0,0
49.635,-25.0520573624403,137.075625600676,139.280170415792,-49.119731213548,170.137843370067,162.278040224767,-10.6920144588471,-193.471180075455,-202.487920651732,-54.1784689834085,-294.142620262771,-313.917368088511,2.38004334712177,9.49839223627347,1.36757677133463,8.12707559683293,12.115714050532,-138.316619630063,-5.74584160836177,10.2435351386996,0.677687060627651,-3.84179913654271,14.075029552255,32.4362252846309,-0.177791198946668,10.190363251205,2.90181742189059,-13.0320926270911,6.49842440815556,-11.4595795518953,2.59108194755433,10.1040022933408,2.24510860487654,-1.57838868537757,-59.0494457888472,195.474516981849,-10.2067754156929,9.02998557087573,0.777746763220807,46.9526257828212,-35.840124021562,-95.7679159103264,-5.90087207286356,12.3548137857195,-1.87798686134272,48.3221614127816,-55.7611611029224,79.6621732108351,961.292425553565,0.151400638531864,-0.0320463174429149,0,0,0
49.64,-24.3710169984765,136.208072792692,139.116276022497,-48.2628408952992,171.37806364967,164.456329981837,-11.6467006828001,-190.93724479051,-201.113443847064,-55.6201980909528,-288.345821508705,-310.54245493415,2.32612835750676,9.37258904004479,1.37567084851037,8.89652604787125,13.4828117109423,-137.522296058821,-5.5002991209724,10.2565238665017,0.748290974001156,-4.13882071169414,15.6152192194175,34.3723397488814,-0.145937700985575,10.1757413610738,2.93958104250463,-14.1200951429505,7.29964649497282,-12.1907139858399,2.79343115847336,9.90908495777041,2.16703955986367,0.189407548649853,-57.7968090710139,193.210088779062,-10.1276287085112,8.5499900127715,0.697198447323944,47.8039814242773,-32.4815554774107,-92.0043009840981,-5.44221716119481,11.6966840590684,-1.80155086243239,53.5725653631335,-50.4814880290884,95.0259140350317,949.600616380512,0.15160856741286,-0.032096491506886,0,0,0
49.645,-23.6948840472432,135.226590246574,138.775247974302,-47.4007341635845,172.421346342861,166.405471128684,-12.5879548910892,-188.250841657728,-199.411369664013,-57.0306237946495,-282.085140739205,-306.585500466183,2.28935001432904,9.24612943645775,1.3790819425589,9.61796094617567,14.8165951635126,-136.663679885349,-5.25519860242508,10.2636238147357,0.813713630681312,-4.39692795577007,17.1096019749712,36.1774734608535,-0.133379316051053,10.1591793395174,2.9687444414216,-15.2441080293891,8.02938517482057,-13.0033608728474,2.97790314069692,9.70770756788284,2.0785968350951,1.95132230990448,-56.641580948444,190.767786637458,-10.0084169223466,8.08544181669885,0.615253287142514,48.5787259840034,-29.1886151622674,-87.9684345634912,-4.95980394489038,11.0507625368617,-1.73218569053347,58.6690308877587,-45.0340755840882,108.903536753176,936.905596818503,0.151863441540063,-0.0321143963677759,0,0,0
49.65,-23.0241583484177,134.145139765221,138.26944545685,-46.5343792340717,173.270985902708,168.13494287973,-13.5151737288087,-185.443767544063,-197.420754434044,-58.4075655885944,-275.388358789215,-302.070744529292,2.26890053293949,9.11882608566279,1.37831736762796,10.2895819896362,16.1043637739436,-135.75264614156,-5.01089378663057,10.2646122641989,0.873585949098954,-4.61037519821348,18.5474825804272,37.8426941408111,-0.140636833759221,10.141423899736,2.98711732838345,-16.3974090817807,8.68046292786145,-13.8992319982671,3.14346531305921,9.50029462289049,1.98119650717263,3.69640692401925,-55.5972564170546,188.172267248745,-9.85402775807937,7.63757271650113,0.534809903199797,49.2908910028772,-25.9796617624692,-83.663716236333,-4.45888138343988,10.4180811659919,-1.66432237767061,63.5145240190319,-39.5020662045644,121.294519332089,923.325375125893,0.152157679946676,-0.0321155623140639,0,0,0
49.655,-22.359271659617,132.977337760087,137.611994249496,-45.66473138785,173.929569244259,169.652901313751,-14.4279001675151,-182.545287741186,-195.180081736474,-59.74898454003,-268.283790286988,-297.023520711038,2.26380374589281,8.99055811913101,1.37387237235912,10.9098458768855,17.3314459716714,-134.800311513216,-4.76760130796234,10.2593612932482,0.927733431502771,-4.77256670403273,19.9165329147149,39.3592429232727,-0.167573959502203,10.1230689063606,2.99281665720961,-17.5675385102396,9.24696065216804,-14.8754672554327,3.2893541455841,9.28740043062219,1.87634982576124,5.41325826134558,-54.6742658459732,185.446341452748,-9.66769107901828,7.21009960803338,0.45856083451387,49.9533831758429,-22.870931444206,-79.0958531852643,-3.94310970504724,9.80292453193164,-1.5926970216251,68.0195115884512,-33.9758705482616,132.226217398906,909.019988601739,0.152475218702389,-0.0321212215104252,0,0,0
49.66,-21.7005902510757,131.736281708383,136.816547716499,-44.7927352877104,174.399220028084,170.966211430274,-15.3258098415405,-179.581934805242,-192.726723238214,-61.0529852091746,-260.80013382916,-291.470100540995,2.27292156384234,8.86127739006937,1.36621830608581,11.4773378048736,18.4811918898173,-133.816890093031,-4.52543283760539,10.2478142729379,0.976178463514241,-4.87624526177124,21.2026052669148,40.7189313345796,-0.213435526687997,10.1045260951074,2.98437384103338,-18.7363594154005,9.72417893250153,-15.9248563367708,3.41508589467175,9.06970431273521,1.76563122114538,7.09030186727567,-53.8799603585881,182.611051496443,-9.45278230799511,6.80648660616253,0.388880944766525,50.5777763971876,-19.8765780523375,-74.2726248467395,-3.4158526283556,9.2098317051183,-1.51275938339287,72.1044344078455,-28.550136872387,141.752163490209,894.170516893105,0.152794538438628,-0.0321544255383825,0,0,0
49.665,-21.0484182110905,130.434407996962,135.897050078209,-43.9193259874481,174.681860052358,172.080534554624,-16.2086967041135,-176.577372514523,-190.096464003957,-62.317816745105,-252.96630718595,-285.437548764351,2.29496228832913,8.73101270667014,1.35579373063215,11.9906562736999,19.5350471249267,-132.811587638844,-4.2844344560232,10.2299627796796,1.01913123036274,-4.91373926024006,22.3896259346442,41.914512084535,-0.276905253841796,10.0860067085905,2.96082006839013,-19.8803156938994,10.1085733705387,-17.0361947289879,3.52046247486057,8.84800288295173,1.65064620226229,8.71609190717384,-53.2186826426903,179.685762442793,-9.21585065515604,6.42395739135915,0.327749368611974,51.1741825854607,-17.0087278189739,-69.2036183341913,-2.88277889385397,8.63736731727094,-1.42101888416023,75.7017348519914,-23.3202728399593,149.94980993308,878.949503525527,0.15308858856535,-0.0322330549106553,0,0,0
49.67,-20.4030012927984,129.083383658355,134.867508792181,-43.0454285961192,174.779478265688,173.000465027343,-17.0764583100776,-173.552321192729,-187.323096283962,-63.5418730812743,-244.81126723374,-278.953584099909,2.32849113269005,8.59987218699443,1.34299829076931,12.4483179790144,20.4727143694492,-131.792536893377,-4.04463123207775,10.2058255781644,1.05696989505084,-4.87725767206219,23.4595863255505,42.9400117855309,-0.356179844457738,10.0675142935284,2.92174583390448,-20.9708824795638,10.3976700058815,-18.1947586527376,3.60557248481583,8.62319879861435,1.53299939048932,10.2796133823928,-52.6919120232285,176.688252604698,-8.96355234562693,6.05792112055677,0.276705407612756,51.7511911694939,-14.2775417495208,-63.8999504452545,-2.34969911446344,8.08289031664773,-1.31510064548135,78.7574207647038,-18.3787348596588,156.917740987747,863.496066459287,0.153334753562749,-0.0323668712027363,0,0,0
49.675,-19.7645311274716,127.69403306548,133.741782386591,-42.1719566049987,174.694398224265,173.729708947926,-17.9290810103308,-170.524540050786,-184.438083766129,-64.7236921625119,-236.36381624773,-272.046440268641,2.37194315479319,8.46804382321802,1.32818904584403,12.8486899553078,21.2724067408016,-130.766774949769,-3.80607457426117,10.1754310773496,1.09021128097069,-4.75921986472338,24.3926445807567,43.7910156737561,-0.449055634194704,10.04884843878,2.86733239433226,-21.9751995178395,10.5899668976375,-19.3828801936795,3.67078737606061,8.39628564134601,1.414263060893,11.7705729273163,-52.2984702935066,173.63479134139,-8.70000245757226,5.70708828788201,0.23680685830344,52.3158651428992,-11.6912811207994,-58.3739904785501,-1.82032591173863,7.54766821513103,-1.193799686888,81.2321710873459,-13.8113139028043,162.772398151433,847.905259094468,0.153515722005245,-0.0325582539320948,0,0,0
49.68,-19.1331496310425,126.27629928576,132.533389353191,-41.2998089286372,174.429535272201,174.271296841664,-18.7666253187147,-167.508861676694,-181.470296475897,-65.8619541525142,-227.652398000339,-264.744722867857,2.42363863399421,8.33579427245433,1.3116789239164,13.1899541953466,21.911193497613,-129.740261877311,-3.56894510399732,10.1387577447225,1.11947412876866,-4.55260541752032,25.1673459063044,44.4648966185751,-0.553086793732371,10.0295834750021,2.79835659041886,-22.8568736168436,10.6848279223489,-20.5806005937566,3.71675275234106,8.1683289012624,1.29594672996321,13.1796659284138,-52.0347734038786,170.540196445968,-8.42823948179902,5.37152519798506,0.208654809191857,52.8737806893232,-9.25637375129627,-52.6390958217334,-1.29741690860957,7.03454615521052,-1.05713081235298,83.1020055054962,-9.69364240511358,167.644383858311,832.234132948573,0.153627352571345,-0.0327961786147304,0,0,0
49.685,-18.5089534386884,124.839238470739,131.255342761956,-40.4298657528456,173.988635158236,174.627821492619,-19.5892116849832,-164.517273253616,-178.445814944479,-66.9554785954721,-218.704888591465,-257.077258797536,2.48180077344439,8.20346582911211,1.29373696663008,13.470107825236,22.3654355451654,-128.717937897467,-3.33479921724001,10.0947546044499,1.14544274586448,-4.25130817371796,25.7609645032162,44.9609830753124,-0.667040637814853,10.0083522617979,2.71621515828514,-23.5769324543735,10.6823747242361,-21.766376724746,3.74437482164957,7.94044337004942,1.17946848295779,14.4988096186754,-51.8951135676912,167.417867345588,-8.1510520149394,5.05130207605952,0.192426166029452,53.429097395546,-6.97748062201982,-46.7093696107719,-0.783517695065549,6.54634272118281,-0.906281789320273,84.3585502151925,-6.08812551344892,171.674430890531,816.516624762943,0.153681612162729,-0.0330649144382136,0,0,0
49.69,-17.8919982165821,123.391044421377,129.920014150229,-39.5629833216758,173.376486234123,174.801691822139,-20.3970068779254,-161.559038588584,-175.387800939977,-68.003220536032,-209.548388112168,-249.072936325313,2.54457550507891,8.07147150071879,1.27459006556594,13.6869996805418,22.6113047543931,-127.703814431316,-3.1065053990621,10.0415780286979,1.16882122235982,-3.8504786061734,26.1499644417562,45.2806630671239,-0.790826768042853,9.9830475009374,2.62288935979229,-24.0949084702861,10.5833824790268,-22.9178134874649,3.75480209768247,7.71376755069311,1.0661288319615,15.7213340701835,-51.8719565656555,164.279794109283,-7.87100572268213,4.74646665272905,0.187906269009414,53.9846468194657,-4.85756386732951,-40.599447005073,-0.281038535645938,6.08564632030481,-0.743490895655857,85.008935103411,-3.0414642013477,175.009145170423,800.775565084671,0.153703447913986,-0.0333419812101905,0,0,0
49.695,-17.2823027197678,121.939099362796,128.539029015107,-38.6999878323224,172.599097870581,174.795393562019,-21.190211151189,-158.640854652649,-172.316430949807,-69.0042656366686,-200.209020127218,-240.760535399578,2.6100531304908,7.94028811426778,1.25442592465226,13.8384019236624,22.6253777391101,-126.701092486288,-2.8846572715891,9.97957884296021,1.19028041663723,-3.34683919527377,26.3105712587042,45.4274236725877,-0.921502087395154,9.95314395753573,2.52074735732897,-24.370028259383,10.3891846702472,-24.0123936286378,3.74940256190472,7.48943594109307,0.957087904839529,16.8421254847774,-51.9562399138154,161.136545523252,-7.59045849776525,4.45702135402469,0.194533293850012,54.5420284752315,-2.89795804807481,-34.3243140609075,0.207681543332699,5.6546331683951,-0.571866073322355,85.0753555450021,-0.582891397696836,177.796645880499,785.027232454229,0.153724969417166,-0.0336101089980261,0,0,0
49.7,-16.6798524897787,120.49004599777,127.123194949979,-37.8416686407621,171.663838311977,174.611747541248,-21.9690463315481,-155.767036071735,-169.248887696003,-69.9578243691772,-190.711746501625,-232.168549382612,2.67629153758131,7.81044742439094,1.23339700480691,13.9221132714451,22.3852914544275,-125.71230028776,-2.66754526095936,9.91102678845351,1.21041248587876,-2.73895885161085,26.2194406957223,45.406827742887,-1.05341538768941,9.91954774380065,2.41241319569789,-24.3624797244428,10.1015914189937,-25.0281765269795,3.72973664018353,7.2685502331654,0.853346682150754,17.8577187091759,-52.1376590061657,157.997242027218,-7.31156486470405,4.18290201856709,0.211451350337705,55.1017039625384,-1.09844697544665,-27.8991610378105,0.680327261596893,5.25491424625427,-0.395159570377336,84.594326536159,1.27681028415712,180.182237047661,769.28075506425,0.153777351676823,-0.0338553718035888,0,0,0
49.705,-16.0846031140224,119.049875151362,125.682462164547,-36.9887710109717,170.579525958236,174.254156646789,-22.7337449360943,-152.939720909383,-166.199404238662,-70.8632253957675,-181.080205318221,-223.325000881685,2.74134076860682,7.68252527471732,1.21162521284428,13.9360885544641,21.8704448978613,-124.739440945357,-2.4547585576926,9.83707735766045,1.22968487131468,-2.02747436847212,25.8544060553113,45.2264315704704,-1.18236195515144,9.88229402247417,2.30076309607577,-24.0347262061765,9.72282506981831,-25.9444390491786,3.69752650201181,7.05215058239782,0.755732837246222,18.7663383276739,-52.4049302480848,154.869520972098,-7.03628947577656,3.92396729925561,0.237569213009235,55.6630818540457,0.542651760140086,-21.3392703695015,1.13456084742514,4.88742855822863,-0.217513826111846,83.6156501601944,2.54549461366526,182.304247489387,753.539260928684,0.153884755146132,-0.0340705428764787,0,0,0
49.71,-15.4964829999074,117.624022822951,124.225914862223,-36.1419886656419,169.35646906588,173.726832913617,-23.4845403919264,-150.159091166347,-163.179354663087,-71.7199082935273,-171.336579551886,-214.25725572313,2.8032687593803,7.55712897281364,1.18920709002757,13.8785877791225,21.0627284149395,-123.784140390523,-2.24732721967304,9.75782728409109,1.24840852705802,-1.21524933524204,25.1952813202557,44.8956488870804,-1.30575685438995,9.84061315178537,2.18884146539122,-23.3528338948021,9.25547575326595,-26.7422346834843,3.65462233902871,6.84118814079141,0.664891519419201,19.5678898842718,-52.7460224617164,151.759502413919,-6.76641699528469,3.67999414997522,0.271621657189772,56.2245879533064,2.02839288218953,-14.659938516876,1.5679928805233,4.55238289700935,-0.0431954193675745,82.2011115654909,3.24907786575524,184.290170961116,737.804021963915,0.154060258158249,-0.0342561607199627,0,0,0
49.715,-14.9153956488144,116.217470218531,122.761790768075,-35.3019564152804,168.006450072208,173.034996740788,-24.221658400172,-147.423601649029,-160.197384944248,-72.5274158122164,-161.501503737736,-204.991840274995,2.86018810502486,7.4348831667424,1.16621924714731,13.7483366707957,19.9472597411579,-122.847785903998,-2.04652231840058,9.67335929875266,1.26672187158217,-0.307463735294742,24.2246936364208,44.4255678143905,-1.42133964987742,9.79377493854015,2.07972885737314,-22.287776143491,8.70247858335304,-27.4048517475152,3.6029664075301,6.63650001370048,0.58128118614672,20.2639046554589,-53.1483503776772,148.671763544223,-6.50353006004288,3.45067014518449,0.312230673505246,56.7837175730413,3.36309919682177,-7.87643045648623,1.97819867552524,4.24922695930542,0.123666724876743,80.4229155724912,3.43028505604931,186.253226020202,722.080855080493,0.154305867274498,-0.0344179375704421,0,0,0
49.72,-14.3412214469605,114.834840370879,121.297525049992,-34.4692431543605,166.542652184126,172.185040920123,-24.9453094564235,-144.730211250448,-157.259577332397,-73.2853858878444,-151.594015125743,-195.554268225147,2.91028371548822,7.31641464163892,1.14272379982521,13.5446898969151,18.5131040725787,-121.931646287917,-1.85376716293161,9.58380623315629,1.28457941439478,0.688369572699225,22.9289161611231,43.8287281883641,-1.5271477175447,9.74116629916882,1.9764368875348,-20.8166760269858,8.06711308890044,-27.9181572907568,3.54455571812026,6.4387877138305,0.505174374296124,20.8574428773606,-53.5989267367069,145.609328988192,-6.24899391290075,3.235596039298,0.357964149595137,57.3370685151089,4.55224695172827,-1.00396552089644,2.36274195205608,3.97667712379508,0.279324067044035,78.3618768485291,3.14682997453625,188.289436775586,706.385334559053,0.154610384351361,-0.0345619058825637,0,0,0
49.725,-13.773819020515,113.480485289048,119.839813996286,-33.6443455167468,164.979527522665,171.184653008797,-25.6556825126607,-142.074611247368,-154.3696415031,-73.9935436616091,-141.631554752864,-185.968883524316,2.95184118841063,7.20233657072439,1.11877359236935,13.2677878583312,16.7539542684955,-121.036966079453,-1.67058835130605,9.48937028705137,1.30175115846531,1.76246231339727,21.2986707726408,43.1188670235222,-1.62153561497161,9.68232940482034,1.88181261924086,-18.9239468838498,7.3530244955625,-28.2708199973699,3.48140432345141,6.24860005541909,0.436663134109165,21.3529614234654,-54.0844722991539,142.573682742936,-6.00396051747451,3.03429966901647,0.407389890781168,57.880355416445,5.6023416218403,5.94226648111082,2.71919238238317,3.73278914696733,0.420619251719679,76.1053815022613,2.46916408434729,190.475312985738,690.746506239478,0.154954423168236,-0.0346965046355585,0,0,0
49.73,-13.2130262296037,112.15855818237,118.394693140145,-32.8276824774384,163.33260786183,170.04289058357,-26.3529397420393,-139.451445875841,-151.52912576166,-74.6516937737701,-131.63002243231,-176.258726479925,2.98327564744354,7.09323284615301,1.09441705125673,12.9186981315365,14.6687468424886,-120.165028041688,-1.49855608328971,9.39034035123891,1.3178329631875,2.90288022259299,19.3298698063969,42.3106398032511,-1.70318276299946,9.61699314847665,1.79845418757037,-16.6022899692364,6.56426560877619,-28.454412501239,3.41550618971454,6.06632126203487,0.375668732114092,21.7561526645445,-54.5914857608741,139.564805673934,-5.76937133473597,2.84625088276931,0.45912336280186,58.408407993661,6.52078589314069,12.9470596613337,3.04515446715856,3.5150630621516,0.545155337799891,73.7451464154724,1.47793768603522,192.866182762639,675.209276059577,0.155315326498128,-0.0348295954616589,0,0,0
49.735,-12.6586608987661,110.873066167447,116.967624083388,-32.0195911735707,161.61826077346,168.770205082618,-27.0372123479564,-136.854521183356,-148.737641781903,-75.2597132133326,-121.60388791244,-166.445429917581,3.00316068742758,6.98964317860457,1.06970255110039,12.4995333398105,12.2621897340601,-119.317180355066,-1.33921671952584,9.287106128528,1.33226709157495,4.09574003080735,17.0242668302655,41.419324844388,-1.77109193596984,9.54509641247981,1.72863952627089,-13.8535090340696,5.70535729626789,-28.4634005565876,3.34879963581608,5.89216485245986,0.321955133733296,22.0737616560492,-55.1062780438705,136.581240442712,-5.54596283652745,2.67087690636036,0.511867886376511,58.9151573772174,7.31574251306609,19.9951175751817,3.33830013136135,3.32057360826828,0.651417059874958,71.3748137491962,0.261312705504264,195.495205254851,659.836965636361,0.155673057370208,-0.0349672695708776,0,0,0
49.74,-12.1105213989357,109.627899966041,115.563584088665,-31.2203241948355,159.853395746957,167.378411260678,-27.7085973427945,-134.276998967541,-145.993096684957,-75.8175450058111,-111.566358495639,-156.549151903818,3.01025695493368,6.8920496899539,1.04468218647037,12.013538374895,9.54517896558765,-118.494827306655,-1.19402322831326,9.18017183017769,1.34437153269106,5.32546761748628,14.3899884109343,40.4605172949259,-1.82458299535037,9.46680588701774,1.67426994280107,-10.6891038691755,4.78136490716838,-28.2950329184897,3.28313428448057,5.72617362343009,0.275145683344663,22.313388904475,-55.6149775190954,133.620183700511,-5.33427820040557,2.50757722389474,0.564446448079017,59.3936160681504,7.99599545453363,27.0709504887913,3.59639781531426,3.14611891819842,0.738840965075285,69.0874308355464,-1.08774790010263,198.37306568666,644.711652982292,0.156015172784617,-0.0351128607529505,0,0,0
49.745,-11.5683872073378,108.426838319671,114.187152590024,-30.4300485624597,158.055126475296,165.880600732896,-28.3671552098625,-131.711573413726,-143.291926713668,-76.325193012136,-101.529601265072,-146.58855075028,3.00353978598739,6.80086572477501,1.01941482509767,11.4651413903751,6.53508315016433,-117.69938466427,-1.06432147807179,9.07026649740262,1.35337635275048,6.575109500065,11.4419217213583,39.4498185149757,-1.8633259544457,9.38262778046184,1.63685620378042,-7.13060875499378,3.79798735923293,-27.949151035437,3.22024138722303,5.56822577700897,0.234742303804336,22.4832857659555,-56.1035143153254,130.677603524074,-5.13468544146559,2.3557363660017,0.615824734265225,59.8358579949183,8.57081340180327,34.1587452844375,3.81733394416988,2.98837907609374,0.807834270163543,66.9728789939208,-2.47411079465457,201.488332250269,629.932117660406,0.156340725154362,-0.0352657650336212,0,0,0
49.75,-11.0320195764797,107.273526171556,112.842589112943,-29.6488465772347,156.240397044924,164.290999630885,-29.0129083543484,-129.150628897118,-140.629327317594,-76.7827180917815,-91.505015929063,-136.580806915286,2.98222522750321,6.71642756133724,0.993968303100429,10.8599647374903,3.25587740252593,-116.932203156678,-0.951272192270283,8.95834578742509,1.35846423958783,7.82668887371459,8.20193655898559,38.4025257957359,-1.88732245850892,9.29340134774531,1.61748603077472,-3.20964741165447,2.76165503921675,-27.4279412687082,3.16170826083039,5.41804696469307,0.200146465488111,22.592149052668,-56.5575929169893,127.748378528396,-4.9474016307655,2.21473343628684,0.665125392168207,60.2330056659944,9.04981983122394,41.2422094799398,3.99912362232479,2.84407663717951,0.859744818056649,65.1153272779793,-3.80294529553885,204.808434422971,615.606322194393,0.156657293531368,-0.0354187937707318,0,0,0
49.755,-10.5011624415751,106.171426980872,111.533897679839,-28.8767186716554,154.425581115788,162.624772003042,-29.6458402455125,-126.586378232756,-137.999475114797,-77.1902358527295,-81.5035521895605,-126.541695019812,2.94579368833861,6.63898960178228,0.968420653767248,10.20479391575,-0.26188848867186,-116.194465398569,-0.855599041771328,8.8452545321828,1.35881273586485,9.06159690011174,4.69892477437421,37.3333267028757,-1.89674761234208,9.19994375502176,1.61670566586778,1.0323165474726,1.67963205158813,-26.7356539677133,3.10895741652305,5.27522776765013,0.170681160521265,22.6489207352624,-56.9626627508602,124.826453966103,-4.77252231471001,2.08394774656834,0.711633854694891,60.575231525079,9.44287390399688,48.3043917380859,4.13990860144247,2.71013197442365,0.896786548276528,63.5907969384604,-4.98198766991086,208.28120571323,601.837458407926,0.156982002959782,-0.0355601233799128,0,0,0
49.76,-9.97554368746897,105.123750821323,110.264873576506,-28.1135883500976,152.626064311683,160.897772217414,-30.2658951527622,-124.010981450044,-135.395737920493,-77.5479161706187,-71.5360635779032,-116.485707552658,2.89401040584698,6.56872346669452,0.94286034814185,9.50750458098544,-3.98129875365508,-115.487063070703,-0.777544227172739,8.73169581453403,1.35363620359753,10.2610097592509,0.968645155888436,36.2560018738,-1.89194290723627,9.10301051068408,1.63450181469412,5.54454558754581,0.56011767153877,-25.8783131341583,3.06323079044633,5.13924592682952,0.145613167962935,22.6625978324412,-57.3038964282634,121.905009465484,-4.61005482489147,1.96276051173226,0.754796328394066,60.8517803580869,9.75996603925108,55.3274824517288,4.23794191626574,2.58380722760653,0.921926438546525,62.464927518868,-5.92357052468246,211.836920646604,588.706903825119,0.157334580540746,-0.035676424100977,0,0,0
49.765,-9.45487688168231,104.133361157279,109.03912933082,-27.3593092454204,150.855820935368,159.126251222783,-30.8729783824334,-121.416645934175,-132.810869808505,-77.8559846102738,-61.6136879309832,-106.426230016369,2.82694188172424,6.50572122342469,0.917385645843732,8.7769496066449,-7.85946365128921,-114.810462108599,-0.717031052116783,8.61856766157725,1.34222473871307,11.4063220162538,-2.94663263561781,35.1831399009497,-1.8735644491098,9.00362469869667,1.67039677235517,10.2679120733367,-0.587658921354908,-24.8634376059581,3.02557931226114,5.00949248581683,0.124174987755318,22.6420567559117,-57.5661847797991,118.976632868196,-4.4599538728769,1.85055311340561,0.794210759334494,61.0510190074073,10.0111314325298,62.2925994638837,4.29155999347348,2.46283357836546,0.938739922163147,61.7910344966266,-6.5464124164619,215.390745834463,576.257875262441,0.157726523175584,-0.035749604449741,0,0,0
49.77,-8.93886356007303,103.202664321804,107.860097864073,-26.613674261857,149.126996712608,157.326523044836,-31.4669569297089,-118.795709455033,-130.237188978781,-78.1147258258807,-51.7482431213457,-96.3757653309824,2.74496744664069,6.45000275624591,0.892103271827966,8.02281002850977,-11.8480960213187,-114.164564036263,-0.673637478699883,8.50697010471896,1.32397851387139,12.4795869951068,-6.99868559251685,34.1258680014558,-1.84257517985403,8.90306497627076,1.72345261413738,15.1360897876227,-1.75335741514272,-23.6997899527066,2.99685788803238,4.88530090596173,0.105585916627057,22.5958955676066,-57.734156841595,116.033494853031,-4.32215766056834,1.74670291646005,0.829611772694464,61.1605187474724,10.2063839448288,69.1795656265869,4.29914444601809,2.34551750192463,0.951242327344955,61.6085406699965,-6.77717886085568,218.845518139878,564.491609033252,0.158165095996542,-0.0357642606229467,0,0,0
49.775,-8.42719612655027,102.333486704644,106.731011970725,-25.8764267140856,147.449509554408,155.514599291724,-32.0476604705193,-116.140708162196,-127.666737020579,-78.3244889527208,-41.9526253680642,-86.3462033380709,2.64878516597777,6.40152705391526,0.867126717422277,7.25541530311194,-15.8942679822254,-113.548571430167,-0.646508421909182,8.39806432259417,1.29843602722162,13.4639549685972,-11.134090798975,33.0936024646846,-1.80017466678107,8.80270551610266,1.79223859592849,20.0770308375766,-2.92546628601409,-22.3971631083542,2.97772572609017,4.76597814752954,0.0890718112586598,22.5322968030988,-57.7922315893946,113.067519589263,-4.19662269200616,1.650577971667,0.860850733437282,61.167174497958,10.3556717106599,75.9666865809977,4.25907709785637,2.23082252903859,0.963703953878457,61.9418494342843,-6.5518356908301,222.0947592999,553.37739397634,0.158644526821584,-0.0357081608886798,0,0,0
49.78,-7.91956139925058,101.526945459887,105.654860515606,-25.1472733125286,145.830680311327,153.705800672164,-32.6148826306421,-113.444432024501,-125.091418961618,-78.4856949352322,-32.2411965022729,-76.3491293037775,2.53941139274898,6.36020696218205,0.842574504984863,6.48553956460612,-19.9413375433426,-112.960864883323,-0.634351853227805,8.29304549168026,1.265294889768,14.3440999557464,-15.2951632042297,32.0938233016099,-1.74777927465888,8.70397465677087,1.87483755840001,25.0146934739926,-4.09127220373523,-20.9662078554992,2.96865179355718,4.65083667695681,0.0738831314124306,22.4589127076559,-57.7247065424665,110.07054745617,-4.08335552807045,1.56153214062994,0.88787218818605,61.0573636350675,10.4688545131251,82.6305387005364,4.16969296454047,2.11842388324419,0.98045608708626,62.7997087364767,-5.81681887591728,225.025835934094,542.875036143795,0.159152001289995,-0.0355729138227572,0,0,0
49.785,-7.41564480377275,100.783319095658,104.634322958899,-24.4258987868526,144.274905135333,151.914355549078,-33.1683824825348,-110.699970378636,-122.503124250822,-78.5988456651544,-22.6301459844485,-66.3961634759279,2.41817339170018,6.32592674005248,0.818568758025613,5.72418139047447,-23.9300290469636,-112.39889785746,-0.635452895278322,8.1931219496729,1.22442520058731,15.1066256900853,-19.421060318284,31.1318779869139,-1.6869991953308,8.60832292238978,1.96886138548544,29.8709747715782,-5.23686759414228,-19.4182974090681,2.9699250506362,4.53922636052042,0.0593108952296766,22.3827739246485,-57.5158864491323,107.034486801645,-3.98243986575058,1.47890222919083,0.910688009286615,60.8171455504538,10.5557015021058,89.1457784323243,4.02923685761635,2.00873414579439,1.00569468525973,64.1750913156323,-4.53004191462081,227.523176624831,532.960395254678,0.159668644133548,-0.0353566384204251,0,0,0
49.79,-6.91513518089669,100.101924575161,103.671684978628,-23.7119818849957,142.783380371314,150.152996327076,-33.7078862337738,-107.900750247755,-119.893829506332,-78.6645347318097,-13.1378133310609,-56.4993220739886,2.28669459202485,6.29856158130034,0.795234385157633,4.98233494277822,-27.7996456751229,-111.859114573988,-0.647701084501234,8.09949439836678,1.17587594285335,15.740440868234,-23.449030915976,30.2108195697558,-1.61960732307501,8.51719456120529,2.07147622619559,34.5677916844556,-6.34720482806998,-17.7654193577368,2.98166896696357,4.4305652418018,0.0447002321864974,22.3102218980781,-57.1502531996073,103.951452708532,-3.89405753371694,1.40200861925691,0.929350565918923,60.4325013517412,10.6259062819702,95.4849851784311,3.83582989497661,1.90289886023415,1.04328781650972,66.0455915110117,-2.66175391710243,229.471463500646,523.645008956283,0.160170614128559,-0.0350649717386933,0,0,0
49.795,-6.41773014330988,99.4810075173103,102.768739007742,-23.0052124355089,141.35388989728,148.432564973067,-34.2330890835784,-105.040569960866,-117.255684443647,-78.68345951648,-3.78495693406171,-46.6713886455877,2.14687217930549,6.27799812833317,0.772699125992994,4.27076025083661,-31.4893869246152,-111.336894719699,-0.668629675987136,8.01333562017323,1.1198753510498,16.2370931671073,-27.3157797648795,29.3312846217702,-1.54749886499248,8.43200310850232,2.17944097070007,39.0292451730466,-7.40620464463832,-16.0200808861769,3.00385968782131,4.32436827445746,0.029461297167732,22.2468645439164,-56.612675976748,100.813891717069,-3.81850226123509,1.3301606627164,0.943926199803479,59.8896112579213,10.6891148901115,101.618550289897,3.58745240135017,1.80276174325933,1.09659231241311,68.3743131814165,-0.19525024004683,230.758724088127,514.986531272272,0.160634008977368,-0.0347116366570219,0,0,0
49.8,-5.92314188490867,98.917651680333,101.926674389975,-22.3053091181622,139.980663469461,146.76163917243,-34.7436572353136,-102.113630347117,-114.581082859843,-78.6564342966412,5.40504396776592,-36.9262835685705,2.00084692012899,6.26415492359213,0.751094615623515,3.59975990083719,-34.9397391498255,-110.82652735476,-0.695465704137973,7.93577103995346,1.05682656576443,16.5910508663397,-30.9589158377838,28.4914163985687,-1.47264164062686,8.35411079639938,2.28916280515797,43.1837953250269,-8.39692484911779,-14.1952111343366,3.03634710337249,4.22027318993628,0.0130774074295598,22.197554140616,-55.8886585407576,97.6146923462389,-3.75618538666085,1.2626677699475,0.954470206428773,59.1751653799942,10.7549608506326,107.5146246441,3.28194939782141,1.71079994337183,1.16828465963686,71.1111988455832,2.87257494576392,231.279259471599,507.085304566366,0.161036922753108,-0.0343155234866428,0,0,0
49.805,-5.43110331875247,98.4077132311895,101.145962540879,-21.6120375530022,138.654313031939,145.146190512162,-35.2392300627925,-99.1145654957355,-111.862720876996,-78.5844039657296,14.4060661823215,-27.2794186640309,1.85096533026252,6.25700172224804,0.730558487165321,2.97896858004167,-38.0939031903915,-110.321215120978,-0.725189460714722,7.86786036341991,0.987300045736784,16.7999204288644,-34.3184475369446,27.6868381537491,-1.39701828586205,8.28481107850771,2.39677340227409,46.9663711114977,-9.3017930573533,-12.3040451175046,3.07887799230331,4.11806281176163,-0.0048896349024764,22.1663858900106,-54.9646185339251,94.3472820080518,-3.70763301122259,1.19885671785994,0.961004434874136,58.2767017506434,10.8331004197073,113.139136602705,2.91706406050265,1.63003060883003,1.26021090317921,74.1947287648118,6.5308565130141,230.936356150316,500.070167677036,0.161359375200566,-0.0338994609549186,0,0,0
49.81,-4.94137439697466,97.9457843555112,100.426242941926,-20.925228292447,137.361852110975,143.589285650262,-35.7194224363542,-96.0384747122908,-109.093644839183,-78.4684579222081,23.1892087042889,-17.7480234540234,1.6997345471253,6.2565766323217,0.711237350697695,2.41716087770421,-40.8992199426612,-109.813108743278,-0.754360260306818,7.81070899135482,0.912026198637126,16.8645883056071,-37.3382852779326,26.9106807380165,-1.32231537058953,8.22542980267557,2.49821660219423,50.3203370756276,-10.1029043488904,-10.3599768915676,3.13112036503893,4.01768327205342,-0.0247969848726851,22.1567151814312,-53.8281918593877,91.0057114760475,-3.67347445731631,1.13809525062107,0.963498528517234,57.1829637289608,10.9332404159577,118.455890883788,2.49050317975389,1.56389091870586,1.37326027265864,77.5539020297133,10.7545983728502,229.644740402625,494.073199370125,0.161591325532094,-0.0334841622221385,0,0,0
49.815,-4.45374844881996,97.5251896310291,99.7662159728044,-20.2447942853355,136.086801422418,142.09084068135,-36.1838272207665,-92.8809568825407,-106.26729131755,-78.3098436399696,31.7228564477237,-8.35142957660474,1.54977053835212,6.26300015268259,0.693290281830879,1.92208156680476,-43.3085526769864,-109.293370943945,-0.776341420098274,7.76690578796287,0.831910835948892,16.7892757659826,-39.9677094902197,26.1536674527343,-1.2469490697245,8.17863329041536,2.58922994037284,53.1992411591746,-10.7823812965654,-8.37637531668494,3.19268811515928,3.91925773396794,-0.0469208323756684,22.1711912258621,-52.4685535990115,87.5847284388595,-3.6544222466435,1.07982157813869,0.961855729510535,55.8842673126136,11.0651507144684,123.426757037702,2.00003682207125,1.51609472134081,1.50726731779897,81.1104011309178,15.5047630276128,227.33274440779,489.197393884621,0.161729765293373,-0.033084344423755,0,0,0
49.82,-3.96805836211434,97.1380173410756,99.1635484909261,-19.5707473766201,134.809381743005,140.647437857338,-36.6320179607902,-89.6381480046923,-103.377521615966,-78.1099794024006,39.9728475137801,0.888699722238867,1.40374055035565,6.27648533819009,0.67689225709185,1.50030138720085,-45.2815840726782,-108.752268244672,-0.782939651971472,7.73948899772799,0.748018492830862,16.5814969178632,-42.1627608029875,25.4042576517641,-1.16761801426449,8.1474941935251,2.66555972031791,55.5682731205384,-11.3227902271822,-6.36636325373504,3.26316510022511,3.82309537244533,-0.0714589064321702,22.2118044023828,-50.8767456484188,84.0798418469053,-3.65124416584405,1.02357891379985,0.955904051383159,54.3728675048309,11.2386536417412,128.011953841366,1.44363218609787,1.49047004629682,1.66094746693727,84.7808377269937,20.728649254467,223.944161952836,485.484672206355,0.16178076113605,-0.0327026880573653,0,0,0
49.825,-3.48418242933679,96.7751865554589,98.6147977036395,-18.9032134119706,133.506792929845,139.252212494693,-37.0635517716894,-86.3067621798037,-100.418652998581,-77.8704656662757,47.9027472249566,9.94820725966169,1.26430095228112,6.29734352103406,0.662236815101917,1.15710022529285,-46.785986430227,-108.179288664049,-0.772407288342949,7.72784316217837,0.661540075611518,16.2519124252629,-43.8875090125166,24.6488488667151,-1.08731866369844,8.13172327448218,2.72355640579444,57.4053714807308,-11.7076040452865,-4.34256951843902,3.34212782158649,3.72969551281193,-0.0985351186037166,22.2799443759628,-49.0460003128135,80.4873787510941,-3.66472833300302,0.969053752373707,0.945393480129779,52.6433117788454,11.463583192113,132.170433101506,0.819619185853149,1.49078303715787,1.83187096275744,88.4789804585676,26.360592597917,219.439777802644,482.896809585764,0.16175531229463,-0.032331783837658,0,0,0
49.83,-3.00204968247284,96.4265493728793,98.1153582647818,-18.2424455332747,132.153575739299,137.894816328451,-37.4779724510813,-82.8841358784474,-97.3854885956046,-77.593094520148,55.474229225586,18.8003577227042,1.1340318517532,6.3259852443073,0.64953712633169,0.896378614713205,-47.7984253990844,-107.563282944975,-0.747227421362014,7.72931723844938,0.573773814751153,15.8140748331564,-45.1151585080751,23.8720353592513,-1.01290982011767,8.12912752309498,2.76025168838995,58.7019284145875,-11.9216987939346,-2.31687148740283,3.42916595514703,3.63974696305429,-0.128205990985486,22.3764658054961,-46.9720485665658,76.8045351397883,-3.69564251019984,0.916116187794356,0.9299996785361,50.6927679329191,11.7497082140523,135.860363182516,0.126882733677779,1.52055526406633,2.01647989053629,92.1178752414507,32.3230144346395,213.798558802256,481.318657170015,0.161666538193134,-0.0319569639616155,0,0,0
49.835,-2.52164455134727,96.081026225064,97.6594366874257,-17.5888352791589,130.722050823081,136.561461792621,-37.8748138252,-79.3682748237123,-94.2733476017619,-77.2798567156227,62.6475609050337,27.4158409110329,1.01537005299794,6.36291630568915,0.639024645880119,0.720597713141654,-48.3053608555613,-106.892626588867,-0.706985790320783,7.74304992129564,0.486080926296275,15.2840658275452,-45.8289502921455,23.0569190860618,-0.947732588165608,8.13912787721343,2.77311801964193,59.4630560713623,-11.9518685618045,-0.300153865677148,3.52390008446844,3.5541226892386,-0.160468462369947,22.5017582726086,-44.6534015594724,73.029421919804,-3.74468920726405,0.86486023210455,0.909334431736472,48.5213133087112,12.106615475513,139.039709156211,-0.634925813807683,1.5828827990829,2.21015231237749,95.6117835553109,38.5278319760613,207.018496930257,480.586532458547,0.161525990810115,-0.031565170400552,0,0,0
49.84,-2.04301069826674,95.7267706160576,97.2400561280404,-16.9429211442445,129.182826982828,135.235049752704,-38.2536033369203,-75.7579023440126,-91.0780969797604,-76.9329457790196,69.3821873205892,35.7628696751686,0.910542098942206,6.40872905392985,0.630944619916877,0.630747369065771,-48.303613219072,-106.155399580854,-0.649426234781166,7.76925074293756,0.39987545174909,14.6800310328613,-46.0228246296178,22.185467211972,-0.892610029549262,8.16209397280613,2.76028026382488,59.7073937991757,-11.7873415775532,1.69788529356366,3.62599608862472,3.47387006940938,-0.195268622301844,22.6558169495087,-42.0915942596143,69.1611067055389,-3.81245837397279,0.815641850896421,0.882962787179424,46.1321725198886,12.5435507720556,141.666902929383,-1.46516788086594,1.6802666931352,2.40731622049231,98.8778833990214,44.8782246163099,199.117095383203,480.533132555629,0.161340555733159,-0.0311486493578403,0,0,0
49.845,-1.56625390722235,95.3513582089648,96.8490933969763,-16.3053943015186,127.505368545282,133.8953811254,-38.6138658750994,-72.0525076358855,-87.7961854351717,-76.5547587552841,75.6374047471673,43.8073774504467,0.821499278180499,6.46408931368272,0.625547915797926,0.62634159156311,-47.8006693684979,-105.339580236134,-0.57270700889187,7.8080088095307,0.31662516595503,14.0216238043986,-45.7018136895565,21.2389086350878,-0.848071869414847,8.19822933790632,2.72079937557686,59.466452826934,-11.420279489957,3.66884764367982,3.7351757416207,3.4001970227733,-0.232510890087825,22.8383105173154,-39.2913808406576,65.1996515413687,-3.89937967364523,0.769112300412558,0.850426522495918,43.531891555422,13.0692189121148,143.701593171325,-2.36199932353959,1.8144653767339,2.60161404051808,101.837699052614,51.2707327421683,190.131489003088,481.038871081437,0.161110475862124,-0.0307109287267844,0,0,0
49.85,-1.09154393781748,94.9419938809237,96.4773487260483,-15.677101253101,125.658609683458,132.519450634055,-38.9551278356352,-68.2523921071229,-84.4246799591406,-76.1478931950873,81.3731120393111,51.5133176695686,0.74985656479345,6.52971951598855,0.623078931692841,0.705440660366465,-46.8147092451286,-104.433249067992,-0.475511948231257,7.85928571285542,0.237829130249097,13.3293755380823,-44.882140254082,20.1981605895096,-0.814412665419969,8.24754828392226,2.65479766771305,58.7835123085948,-10.8462418913741,5.60563405519535,3.85122319950627,3.33445435289913,-0.272067149971961,23.0486429603162,-36.2608725171517,61.1461461400896,-4.00567646444895,0.726244346458315,0.811273239831534,40.7304374103206,13.6915463674365,145.10546146451,-3.32216764089323,1.98637980769776,2.78611573654785,104.41824775044,57.5976449960813,180.11819082317,482.077043539862,0.160829198927457,-0.0302686080455539,0,0,0
49.855,-0.619115291326694,94.4857292982442,96.1146474241233,-15.0590432446056,123.611601699194,131.081818713285,-39.276921394756,-64.3587118242183,-80.9613047655903,-75.7151400689655,86.5506252244407,58.8430645289739,0.696837474359496,6.60637876659583,0.623759690360678,0.86469920693825,-45.3743420245905,-103.424797968749,-0.357102241117185,7.9229381819078,0.164988238086107,12.6240158324806,-43.591006581166,19.0442753365906,-0.791712291717221,8.30988045658759,2.56353540777556,57.7120975587124,-10.0645989207968,7.50230285307133,3.97398718889466,3.2781146688906,-0.313785380615954,23.2860060936249,-33.0116099633975,57.0027357081537,-4.13132367787148,0.688349064308389,0.765090051742898,37.7412142605348,14.4174134257885,145.843087953411,-4.34083857348159,2.19598168910795,2.95357529345268,106.552912132541,63.7496106936547,169.152458203073,483.744145883151,0.16048635149569,-0.0298484019098053,0,0,0
49.86,-0.149266877428755,93.9696827795397,95.7499711310181,-14.4523723557346,121.334177774146,129.555055345617,-39.5787889649386,-60.3735140364979,-77.4044820054102,-75.2594723777546,91.1335382421345,65.7579116596575,0.663226754347691,6.69484068206199,0.627770613247155,1.09943977546021,-43.5180491887319,-102.303139322741,-0.217350684675873,7.99874568910587,0.0995681085662375,11.9257708769315,-41.8660666626746,17.7588962871904,-0.779859810409869,8.38488129469919,2.44943051087078,56.3140871608282,-9.07887605055752,9.353767526554,4.10337885327658,3.23274826072799,-0.357497369682594,23.5494200268254,-29.5585641747222,52.7726419715466,-4.27601176277452,0.657081157362821,0.711540502707045,34.5809896197998,15.252365611195,145.882846974742,-5.41146580350041,2.44229356648913,3.09672171765444,108.182065351017,69.6183972663278,157.327275814246,486.267582098286,0.160063829942121,-0.0294793308362085,0,0,0
49.865,0.317639386388104,93.3812527633239,95.3716149982108,-13.8583842628891,118.797618569035,127.910247444846,-39.8602877939073,-56.2997657937085,-73.7533732438824,-74.784029324757,95.0886105994638,72.2186622891634,0.649332681915014,6.79586986015418,0.635228883380981,1.40375154831797,-41.293340643511,-101.057908977696,-0.056756007970675,8.08644166219665,0.0429539699224672,11.2536721776238,-39.7545851311214,16.3247126267924,-0.778575685380876,8.47204818764218,2.31601347635192,54.657509737391,-7.89701676501319,11.1553260877639,4.23936534668581,3.19999630705356,-0.403025161490831,23.8377592369651,-25.9200615940109,48.4601756450166,-4.43911874309482,0.634431084832722,0.650403072655992,31.2697268474101,16.2003167332059,145.197810821903,-6.52571647064432,2.72342694111791,3.20857207769696,109.253489569542,75.0996995712613,144.75195907485,489.986452993945,0.159548753042355,-0.029187670671071,0,0,0
49.87,0.781180966586579,92.7083160397794,94.9673658419317,-13.2785077564163,115.975301294662,126.117559356255,-40.1209946580468,-52.1413728279532,-70.0079203578023,-74.2920960199636,98.3866609587821,78.1863015588351,0.654960521071867,6.91019782953746,0.64616570355084,1.77061402272312,-38.7556388729902,-99.6796563527402,0.123564436310481,8.18574645913623,-0.00360196549098219,10.6249097049593,-37.3122965341141,14.72590162284,-0.787427524537021,8.57074148585802,2.16781384609964,52.8141028755509,-6.53155074342832,12.9020276859131,4.38195938363381,3.18154179247526,-0.450185933814924,24.1497625485826,-22.117631471231,44.0707383331142,-4.61969221088067,0.622702746231522,0.581609357660237,27.8303237342407,17.2632580019995,143.766638027464,-7.67346328870653,3.0366807047832,3.28275094949403,109.722637189751,80.0958996350067,131.55039047499,495.306750620207,0.158930679676328,-0.0289852729666276,0,0,0
49.875,1.2408779770288,91.9394020883975,94.5246951860235,-12.7142911834181,112.843314599588,124.146834184009,-40.360510594207,-47.9031872320103,-66.1688842623821,-73.78707879783,101.003444426663,83.6227388604145,0.679398403878859,7.03849925287667,0.660504087614914,2.19204539811694,-35.9669146600002,-98.1600144389253,0.32190437430036,8.29639986138034,-0.0390391837571426,10.0542634032265,-34.6019891503596,12.9485482322176,-0.805835504799245,8.68020892991607,2.01017930132221,50.8567155495265,-4.99965737146638,14.587896306809,4.53120506663375,3.17907851244841,-0.498795051830036,24.4840261154091,-18.1757756829962,39.6108117335506,-4.81644274323459,0.624476015553919,0.505279844204592,24.2882605564451,18.4409890292628,141.574421428516,-8.84285120316306,3.37869738957478,3.31379837512487,109.552786862455,84.5186724674589,117.858912125108,502.638238509413,0.158215521386083,-0.0288685182849635,0,0,0
49.88,1.69619715373383,91.0638353409598,94.0309601874313,-12.167386074498,109.381021783967,121.968222041228,-40.578465609215,-43.5910030015781,-62.2378797333137,-73.272476344818,102.920490602345,88.4916054601014,0.721416561250782,7.18136905054791,0.678039026731349,2.65927522792568,-32.994105866063,-96.4918421426013,0.536020374092097,8.41819059690716,-0.0625512038387675,9.5536445530145,-31.6918475091172,10.9810323307487,-0.833065237667573,8.79961159785514,1.8490336513813,48.856641270159,-3.3231168769002,16.2050450479455,4.68716042605863,3.19427854857302,-0.548667126656244,24.8389794506095,-14.1216635476892,35.0879320322766,-5.02774979765126,0.642554027328931,0.421755121568128,20.6711647901845,19.7308870639837,138.61347087881,-10.0204428517466,3.74566930240668,3.29744747817099,108.71514329994,88.2913363193772,103.823910065247,512.331092108596,0.157418702738085,-0.0288136255288691,0,0,0
49.885,2.14655634381768,90.0718380168512,93.4736047569918,-11.6395282969981,105.571555500068,119.552820004162,-40.7745233048798,-39.2115391329982,-58.2174045627797,-72.751846948073,104.125879349091,92.7590903660887,0.779280456722864,7.33930098105092,0.698421904133597,3.16294045293887,-29.9073579483854,-94.6693314287868,0.763204159373276,8.5509803664124,-0.0736482848215435,9.13177369206766,-28.6535968880199,8.81437477999488,-0.868207870089493,8.9280491785924,1.69058496875135,46.8809723725473,-1.52814397697243,17.74272621512,4.84987722450257,3.22875860630852,-0.599615036339644,25.2128455955533,-9.98475646694841,30.5106475215598,-5.25168061719347,0.679895766839199,0.331620436685645,17.0083034275263,21.1277303438433,134.884005831337,-11.191442754213,4.13358110721756,3.23085348838614,107.188921931285,91.350854243582,89.5991384475696,524.628280991645,0.156573995563225,-0.0287846835268821,0,0,0
49.89,2.5913292809297,88.9545874223595,92.8403527871917,-11.1325171556829,101.402228262996,116.873307589244,-40.9483853574424,-34.7724105125074,-54.1108613862494,-72.2287722889194,104.614931830665,96.3947954448482,0.850777993278976,7.51266807009734,0.721150881726652,3.69330322792089,-26.7781311698109,-92.6880721359224,1.00037279973881,8.69472004116359,-0.072216512497969,8.79401484097511,-25.5605009564549,6.44253455575385,-0.910149406773558,9.06458229182832,1.54099959605156,44.990066695032,0.354898501774747,19.1863711911694,5.0193786980903,3.28404562057731,-0.651447044266051,25.603587561496,-5.79636944224977,25.8884577210577,-5.4860220804229,0.739535188973332,0.235721694695588,13.3300172958211,22.6235898887263,130.39473415248,-12.3399954383739,4.53847047215422,3.11275825836274,104.961447891776,93.649407823681,75.3428435465732,539.646530191761,0.15572149199661,-0.0287348145286437,0,0,0
49.895,3.02985039735558,87.7042232851296,92.1193853091675,-10.6481929318423,96.8648447680645,113.90456100519,-41.0997957931562,-30.282087142733,-49.9225707276455,-71.7068183109139,104.390795601055,99.3725892755275,0.933260591791935,7.70170513540884,0.74556867155948,4.24048797482023,-23.6772247435971,-90.5450682482791,1.24412369568269,8.84944059458372,-0.0585689881871949,8.5423770037076,-22.4852701217149,3.86265023041975,-0.957583165567756,9.20823629604451,1.40606426032,43.2352166083478,2.29190602139419,20.5166788944106,5.19563602133524,3.36154205212388,-0.703962336484532,26.0088441473911,-1.58917858064323,21.23173263107,-5.72832478467027,0.824488765578021,0.135171337265365,9.66711471986604,24.207801439343,125.163295434944,-13.4495479637339,4.95668470562487,2.94357836408955,102.028285242381,95.1554827650575,61.214757490562,557.385334126247,0.15490537291815,-0.028621215861059,0,0,0
49.9,3.46141941141011,86.3138028109859,91.2994936538174,-10.1884134105475,91.9559042590458,110.624229300859,-41.2285450047065,-25.7498423100777,-45.657774101079,-71.1894937887543,103.464904432019,101.671438216316,1.02369759164801,7.90649352499682,0.770868672989635,4.79473389725065,-20.6727723732244,-88.2387009106548,1.49017056661328,9.0150428728116,-0.0334862693472044,8.37568386966237,-19.4979427958767,1.0752201936622,-1.00965661361661,9.35783692766773,1.29089242904966,41.6566068046089,4.24555607213515,21.7088123294501,5.37854437494503,3.46249131754519,-0.756945455500387,26.4258590874482,2.60331446654593,16.5516112034655,-5.97595798699383,0.937654011323625,0.031342964669609,6.05024405386696,25.8670256928738,119.21654971337,-14.5032629285864,5.38510950468634,2.7254102786823,98.3933980984273,95.8544284955387,47.373038597233,577.753515421465,0.154164816316501,-0.0284102915546978,0,0,0
49.905,3.8853054297062,84.7772036591746,90.3702013126498,-9.7550299901514,86.676684079173,107.013255869812,-41.3344734556461,-21.1856901879193,-41.3226263322244,-70.6802073084743,101.857296055944,103.27619269492,1.11874308620422,8.12694809291574,0.796109934580656,5.34665788110674,-17.8282666724975,-85.7686355850147,1.73405547425876,9.19148850430855,0.00176551938667227,8.28990203927714,-16.6638045263116,-1.91578290685015,-1.06533876854885,9.51219994667547,1.19958465448171,40.2816411179283,6.17594368714197,22.7317593263146,5.56789955127691,3.58794382006765,-0.810160204317041,26.8514081968259,6.74734866941606,11.8598786897783,-6.22617331593094,1.08170209923394,-0.0741459165943686,2.50926587505356,27.5854007548612,112.590695792273,-15.4844643740138,5.82134645554796,2.46195236498142,94.0693317402394,95.7484784196492,33.9712385571654,600.600107395458,0.153528837653343,-0.0280856865718198,0,0,0
49.91,4.30075031877482,83.0889778137985,89.3218482001227,-9.34986399503811,81.0331990227317,103.05632961887,-41.4174750215896,-16.600313188709,-36.9241765762807,-70.1822234385525,99.5967739844527,104.178306863957,1.21481395107704,8.36280639004853,0.820240811410537,5.88752142920916,-15.2006715617584,-83.1356734169481,1.97337708450114,9.37940906859799,0.0454361725239467,8.27860772429539,-14.0414105093512,-5.10286694507648,-1.1212642409844,9.67066020822123,1.13484799482044,39.1237095727333,8.0413201797134,23.5479065293252,5.76337603709904,3.73872407952329,-0.863343621457988,27.2817297463833,10.8094867758384,7.16882322056461,-6.47617399269243,1.25896793387787,-0.17946306973686,-0.927354130113592,29.3447861171428,105.331207293718,-16.3770960063973,6.26381862991078,2.15834991613622,89.0773898582441,94.8562423194831,21.1553762585517,625.740706300908,0.15301138649277,-0.0276504908114523,0,0,0
49.915,4.70697112992311,81.2441622296166,88.1456324120764,-8.97468381976175,75.0360350552331,98.7422514884617,-41.4774999175795,-12.0049791979876,-32.4703377779781,-69.6986189237237,96.7209029657101,104.376470497262,1.30817744437969,8.61362004912364,0.842130570633895,6.40949418727316,-12.8386816475242,-80.3415499308812,2.20681910640642,9.579670137877,0.0953127566474503,8.33356255484666,-11.6807752528173,-8.47504672902612,-1.172824516947,9.83268908497121,1.09787874707162,38.1814546075709,9.79892383642638,24.1128658142862,5.964507465961,3.91539950381071,-0.916200595142717,27.7124636814145,14.7572010966204,2.49107277721524,-6.72318878769422,1.47134242892079,-0.28260206374801,-4.23311136601152,31.125092812856,97.4925789345726,-17.166172303858,6.71179122609484,1.82097474098497,83.4477747812589,93.2117060114267,9.06119400971444,652.973440002388,0.152614312587132,-0.0271223608958389,0,0,0
49.92,5.10316140471009,79.2380549573561,86.8336063329717,-8.6311835189873,68.7000601548548,94.0642039373106,-41.5145571610087,-7.41144868581974,-27.9698445232869,-69.2322397666947,93.2758314057515,103.877133340369,1.39504638419562,8.87874838251164,0.860607600887199,6.90590585096968,-10.7811855638887,-77.3886873744873,2.43197817265004,9.79263110699724,0.148767283539344,8.44536163230185,-9.62178901327154,-12.017943499243,-1.21649024611216,9.99728811190835,1.08840003790048,37.4385799479504,11.4058892985056,24.3755806068724,6.17067025173307,4.11825140144628,-0.968399612108551,28.1386054645074,18.5594472326369,-2.16058538562297,-6.96454766130024,1.72017136828509,-0.381433026754127,-7.38396920066171,32.9046900098902,89.1378803450974,-17.8382018981398,7.16530036030942,1.45715536675437,77.2196516206017,90.862794413808,-2.18833526655436,682.084068117715,0.152333368973536,-0.0265286964161939,0,0,0
49.925,5.48849124467704,77.0659679934597,85.37862601859,-8.32096342321088,62.0440191553399,89.0199134535747,-41.5287165188641,-2.83187157108928,-23.4321993674842,-68.7856600763526,89.3159380684994,102.694904043995,1.47167958291939,9.15735427233626,0.874502357402814,7.37147789629263,-9.05598617983667,-74.2799101441309,2.64593090941679,10.0183011635066,0.20282498167899,8.60411195037804,-7.8929142496657,-15.7139580639643,-1.2493758842978,10.1631621569199,1.10462403442915,36.8642271028483,12.8202214396922,24.2787271970468,6.38107112454594,4.34724889920438,-1.01957004929213,28.5544802148072,22.1872111629136,-6.77339986721465,-7.19775042523069,2.00616313528251,-0.473761916926365,-10.3587907869834,34.6608744631895,80.3381198071753,-18.381560244229,7.62498793221345,1.07487757808816,70.4410953203661,87.8695716498564,-12.4851910710419,712.841615142111,0.152157303600184,-0.0259007773840709,0,0,0
49.93,5.86210609618644,74.7229703018414,83.7742550937783,-8.04551330627598,55.0900233869526,83.6116990724247,-41.5201098865748,1.72132645786772,-18.8676077929632,-68.3611435535871,84.9033045530453,100.852808261696,1.5344849680247,9.44840249821383,0.882692777353804,7.80252668912769,-7.67882450160277,-71.0181355204367,2.84611656524435,10.2565623558625,0.254255890124141,8.80009721531549,-6.51020702594831,-19.5425172267113,-1.26849544745952,10.3289372230384,1.14329201891827,36.4139234097184,14.001819887479,23.7594142007987,6.59473919352544,4.60202649077594,-1.06930132785076,28.9537423791884,25.614015645076,-11.3348608742783,-7.42052740240022,2.32931008023979,-0.557396117505815,-13.1396835067395,36.370386178091,71.1714254614353,-18.7867977717001,8.09185478155615,0.682474327358084,63.1688819088768,84.3021649985541,-21.7381315061048,744.986997128708,0.152078842318221,-0.0252637764231771,0,0,0
49.935,6.22312427718155,72.2036361989858,82.0146268597173,-7.80619855914982,47.8629494252079,77.8464031745635,-41.4889320428131,6.23556875231906,-14.2869019557486,-67.9606084571961,80.1070192781668,98.3823934257413,1.58012265009819,9.75066070073602,0.884149671565063,8.19713008902501,-6.65274617005618,-67.6060542234904,3.03042865743052,10.5071364708632,0.299687278969473,9.02438611795838,-5.47669847318469,-23.4803922002906,-1.27082905503221,10.4931638640256,1.19985290982276,36.0310826246501,14.9135418512186,22.7501727057145,6.81052303925717,4.8818659881764,-1.11714415340755,29.3294053761332,28.8163728265856,-15.83291183333,-7.63089328936014,2.68882895761603,-0.630213811706181,-15.7122476020099,38.0099515132665,61.7220566354945,-19.0468756044023,8.56695409302915,0.288321993223241,55.4680915549444,80.2385078846746,-29.8741283375767,778.220296713178,0.152090674772675,-0.0246397680636363,0,0,0
49.94,6.57063335440764,69.5018154452802,80.094270791327,-7.60424973778439,40.389764273122,71.7352043920045,-41.435440720126,10.69826453743,-9.7014533230087,-67.5855968427528,75.0023228887244,95.3236710585897,1.60560510565863,10.0627032050183,0.877979561832614,8.55525060620726,-5.96783987947611,-64.0458168815658,3.1972661126079,10.7695499525789,0.335728391023806,9.2693451604961,-4.78216051450651,-27.5020865851988,-1.25343745625708,10.6543286806037,1.26872172593206,35.6490150759344,15.522293211557,21.1802209052485,7.02709317609443,5.18568366486728,-1.16261396003529,29.6739045181042,31.7741713106349,-20.256161373998,-7.82718929487862,3.083122911958,-0.690234356793981,-18.0657246947239,39.556833894104,52.0792628107187,-19.1573207741842,9.05104909804445,-0.0994417745456548,47.411500534902,75.7620002615071,-36.8393898018213,812.192970703692,0.152185341925601,-0.0240446009417248,0,0,0
49.945,6.90368556313072,66.6104417445825,78.0079120003695,-7.44075575407337,32.6987967421866,65.2933161195924,-41.3599559262116,15.0969587828834,-5.12307419124278,-67.2372487976597,69.6696090185852,91.724891149294,1.60839161805064,10.3829179196446,0.863462593280936,8.87880940732558,-5.60136609262766,-60.3387432524382,3.34556462612174,11.0431071373541,0.359101091185595,9.52902387340297,-4.4032684715918,-31.5802901396452,-1.21359933000119,10.8108863945395,1.3435995091507,35.1933804216331,15.8001402264016,18.9769803134603,7.24295002859381,5.51202335905859,-1.2051965617781,29.9791950981196,34.4709876436301,-24.5940896390826,-8.00811076832061,3.50976727442492,-0.735686817206251,-20.1930460220972,40.9893723685414,42.3360122088985,-19.1162991243253,9.54426460020633,-0.473167492434487,39.0787507427767,70.9591825055914,-42.5999625810135,846.512882926043,0.152356187522623,-0.0234928267195293,0,0,0
49.95,7.22129254177866,63.5213957295564,75.7502544088817,-7.31666087112086,24.8189765904908,58.5395777796807,-41.2628584469977,19.4194958427716,-0.563907930112983,-66.9162823073255,64.1932980668072,87.6421470320406,1.58647415717091,10.7095164772795,0.840083493733435,9.17170688267217,-5.51828242270992,-56.485070846676,3.47480737570611,11.3268743821673,0.366769758590009,9.79938910769992,-4.30416128242141,-35.6863929287385,-1.14896681417547,10.9613180256552,1.41783347644786,34.5849934288625,15.7254359207175,16.0678156686507,7.45643735950287,5.85905624286337,-1.24435590847447,30.2368858952154,36.8943142579969,-28.8372425339527,-8.17272007825182,3.96552128402407,-0.765073922951461,-22.0907840949669,42.2874893821893,32.5876158870148,-18.9246102114618,10.0457647726077,-0.825904073537926,30.5552977040888,65.917511507568,-47.1419156260853,880.758954568789,0.152601208003808,-0.0229944570701601,0,0,0
49.955,7.52241972593367,60.2254368310558,73.315760175935,-7.23276555063904,16.779064096379,51.4959494717932,-41.1445874628172,23.6541968361168,3.96369233264097,-66.6229792823795,58.6606049892588,83.1388132467866,1.5384519663921,11.0405476954896,0.807554038854878,9.43978696794451,-5.67215936364999,-52.483758435127,3.58501501190125,11.619676998187,0.356063956259638,10.0783953228953,-4.43738818807582,-39.7910525018303,-1.05773269764083,11.1042187537621,1.48479383447674,33.7428735417876,15.2839554326866,12.3819667615181,7.66576088743234,6.22458785890854,-1.27954375227027,30.4384065907386,39.0356982579893,-32.9774074515924,-8.32044467430233,4.44636661758831,-0.777228948397479,-23.7590149064372,43.4331512479969,22.9302764363133,-18.5856118752217,10.5534879511507,-1.1515672266271,21.9311501240168,60.7233156132422,-50.4711178993198,914.501550740953,0.152920017987356,-0.0225548695105582,0,0,0
49.96,7.80598080447461,56.7122157081596,70.6984392022108,-7.18973108483363,8.60689316107756,44.1869238274194,-41.0056372152589,27.7900495116398,8.44729691831403,-66.3571781573532,53.1602250052385,78.2848229337258,1.46359225367257,11.3739143170666,0.765826062995643,9.69074385045208,-6.00646706602076,-48.3323577924174,3.67671558739383,11.9201100753263,0.324788103061216,10.3658885881798,-4.74521915101302,-43.8648045566957,-0.938800783030658,11.2384159916388,1.5382433597767,32.5874140418456,14.4700325300021,7.85263687931112,7.86901164902851,6.60607288526475,-1.31021095904259,30.5752057765002,40.8907880013013,-37.0077642398221,-8.45106112766535,4.94757253382654,-0.771363342410815,-25.2011006165057,44.4107676321839,13.4595927745774,-18.1050848728816,11.063965123417,-1.44506659782838,13.2994250039265,55.4599893916401,-52.6126293853312,947.319919786378,0.153322645762845,-0.0221763953820009,0,0,0
49.965,8.07083268052397,52.9703752098441,67.8916631664557,-7.18808783132172,0.328650702380893,36.6388716648858,-40.8465526766642,31.8169077189275,12.8745449250268,-66.1182733399581,47.7809634789946,73.1557953075853,1.36187456187451,11.7073928492584,0.715094672225526,9.93397100493541,-6.45620099162442,-44.0269640128146,3.75089576192983,12.226563357502,0.271313461948828,10.6633525428441,-5.16128517301838,-47.8787052108407,-0.791949253646177,11.3631142077121,1.57267756904458,31.04353792719,13.287684555065,2.41919859665927,8.06419349364772,7.00063791811579,-1.33582014983673,30.6389744651559,42.459287120496,-40.9230057246608,-8.56466677149352,5.46378631777339,-0.747103352615824,-26.4234047135275,45.2075197207223,4.26905401669026,-17.4910493937566,11.5722424370819,-1.7023943191263,4.75475174605911,50.2064710601748,-53.6097299733504,978.813145304848,0.153829464490407,-0.0218521534873855,0,0,0
49.97,8.31577139710754,48.9877433167583,64.8880184144492,-7.22824676122262,-8.0317859801861,28.8793402992319,-40.6679241980941,35.7256957140533,17.2333015828205,-65.9052216499516,42.6103380013377,67.8320275698782,1.2340166534723,12.0386561756274,0.65579191204404,10.1803536646778,-6.94980200875371,-39.5622509914175,3.80893521720801,12.5372593706248,0.194649109833652,10.9735140709238,-5.61250433882117,-51.8049906620474,-0.617975649595986,11.478058507634,1.58361691425137,29.043706535514,11.7517047746673,-3.97052722288098,8.24925395881752,7.40511236032211,-1.3558593287017,30.6218883746941,43.7448183585544,-44.7194229469018,-8.6616412639868,5.98914661099238,-0.704514339076453,-27.4349529724244,45.8136103012568,-4.55144403899203,-16.7535453796484,12.0719199219736,-1.9206785244735,-3.60843387255337,45.0360260786596,-53.5226144726942,1008.6071226891,0.154477061804157,-0.0215637499224339,0,0,0
49.975,8.53952947944948,44.7516164683664,61.6792110516814,-7.31051393112894,-16.4534339812554,20.9363250241524,-40.4703811452896,39.5086105608723,21.511826958843,-65.7165557409577,37.733181798746,62.3973691467632,1.08148013379611,12.3652984820955,0.588571667748128,10.4420068559038,-7.41131536882266,-34.9315944382321,3.85252673254771,12.8503030902225,0.0944900142258208,11.2998343359123,-6.02124015483372,-55.6177378578201,-0.418811500119018,11.5837044790784,1.56783756210172,26.53065421051,9.88868938019423,-11.357969154109,8.42211767747277,7.81606727632884,-1.36985614797418,30.5168608381547,44.7547022718761,-48.394951356183,-8.74260091231162,6.51741619965121,-0.644111938218114,-28.2470541206348,46.2224325291655,-12.9170266810653,-15.9043875683506,12.5553094585935,-2.09820525376172,-11.6976595204958,40.0153412471399,-52.4267848290179,1036.35672744732,0.155314214831592,-0.0212851164279808,0,0,0
49.98,8.74077511226017,40.249126562173,58.2560357670193,-7.43510740219727,-24.9186942136894,12.8375352864264,-40.2545845745939,43.1593141391795,25.6989544783744,-65.5504043512195,33.2302779476795,56.9379992916522,0.906454587794132,12.6848619415242,0.514286990810384,10.7319620698258,-7.7627236420155,-30.1272804047523,3.88358480484131,13.1637406347647,-0.0287582522747467,11.6459166943107,-6.3076309940222,-59.2935079940878,-0.197594998655888,11.6813779671327,1.52353338848817,23.4597381266776,7.73795155397232,-19.7715358859266,8.58072142617905,8.22986182840389,-1.37739248111916,30.317797054599,45.499658382042,-51.9491754663881,-8.80834888533931,7.04212996824733,-0.566859692348185,-28.8728940598426,46.4306573952823,-20.7491805479478,-14.9569043538383,13.013705616136,-2.23441131813623,-19.4242000567741,35.2039158436701,-50.4111734873513,1061.73448798062,0.156396891239976,-0.0209844271190383,32.7796687695195,0.172586703742894,0.0676786466332748
49.985,8.9181135136586,35.4676802796689,54.6084172893088,-7.60217605627295,-33.4137308151197,4.60967738451901,-40.0212190491283,46.6731050931048,29.7842766305854,-65.4045190841203,29.1770534198228,51.5411317747046,0.711819707644372,12.9948645597583,0.433961324011268,11.0638066152979,-7.92638163457617,-25.1407930945102,3.90414604409169,13.4756238469099,-0.173977429522979,12.0148666811495,-6.39202359748489,-62.8119534171957,0.0413084616353202,11.7734058793086,1.45040810605263,19.8008160844265,5.35225805172485,-29.2244421219869,8.72304994376707,8.64269665687963,-1.37811900240775,30.0198395993204,45.9934386293204,-55.3832908366768,-8.85982449154408,7.55675305069412,-0.474153182889347,-29.3271168790671,46.4382426688123,-27.9769768905402,-13.9256672830396,13.4377541114728,-2.32984956828324,-26.7048236168819,30.653721006221,-47.5760355607529,1084.41261702089,0.157772479045324,-0.0206313550770325,54.6678920906528,0.171264125639197,0.0620173556735013
49.99,9.07009079221471,30.3954557112065,50.7255300876348,-7.81181970120412,-41.928728986213,-3.72222485877145,-39.77098374541,50.0470607436327,33.7583339767058,-65.2763072804811,25.6423607278276,46.2936725120025,0.501085692862004,13.2928286142046,0.348755233419274,11.4512808046102,-7.82747693012691,-19.9631720025791,3.91626483140845,13.7840772230238,-0.339355511451162,12.4086407684856,-6.19743989342708,-66.1563679902181,0.292345449794149,11.8631982904855,1.34970214517912,15.5395951023749,2.79830633214681,-39.7126972508163,8.84717171961287,9.05067332281624,-1.37176949347789,29.6195946983355,46.252404898723,-58.7000236499569,-8.89805452000382,8.05484374212048,-0.367791097828377,-29.6254048542607,46.2483682170468,-34.5381514324175,-12.8262156614127,13.8178950288505,-2.38612702681777,-33.4634485941618,26.4090865889321,-44.0306522223164,1104.02040153982,0.15946699609201,-0.0202092121761979,78.0440897477582,0.169823341729044,0.0579477273624622
49.995,9.19520048573539,25.0219387041586,46.5959981799537,-8.06410981624696,-50.4580230086122,-12.1354510435467,-39.5045830472298,53.2801396360868,37.6128023054801,-65.162870415826,22.6873729310406,41.2808574925357,0.278313053162511,13.5763092125177,0.259930253757873,11.9078394913773,-7.39643813995203,-14.5854254105517,3.92190787806464,14.0873634920704,-0.522424614826982,12.8274201552497,-5.65200498345465,-69.3141613546386,0.548877149476627,11.9552633330712,1.2241632388987,10.6784275794437,0.156844761720514,-51.2133285533073,8.95127404512525,9.4498587082596,-1.3581745929091,29.1153287961514,46.2950638744398,-61.9035095784308,-8.92410926569033,8.53021549134796,-0.249934030252374,-29.7840682865327,45.8673040597115,-40.3800182004787,-11.6747786783688,14.1448521593976,-2.40581588701902,-39.6326622103559,22.5067667628783,-39.8908931379522,1120.11390774851,0.161475373489859,-0.0197211739841734,101.04761692907,0.168321824016282,0.054313392287205
50,9.29189288544113,19.3384799411373,42.2081729732901,-8.35911026437912,-59.0000896264027,-20.6101280024217,-39.2227168625669,56.3732369325602,41.3406716470829,-65.0610473401505,20.3646151350891,36.5848991857859,0.0480137893077239,13.8429226474488,0.168811329806238,12.4461861784151,-6.57121419732884,-8.99898510404167,3.92285135782041,14.3839442253616,-0.720115580724621,13.2690437974475,-4.69126500703171,-72.2772388635189,0.80334462302966,12.0551397222075,1.07797198544037,5.23656672205113,-2.47767227307496,-63.6829138522401,9.03369671254779,9.83635307475168,-1.33727466787434,28.5071254521205,46.1415734761168,-64.9991350101919,-8.93906531521912,8.97709230212656,-0.123052145462525,-29.819654507102,45.3042183403546,-45.4601989964858,-10.4879959932339,14.4101362468966,-2.3923376774092,-45.1550555959168,18.9761320895771,-35.2766910820939,1132.17429758758,0.163750629128763,-0.0191923734053141,122.942530994731,0.16676019121986,0.0506503597868466
50.005,9.35858715186265,13.3388532842967,37.5504831908533,-8.69689729180626,-67.5574054853942,-29.1296798937846,-38.9260709273755,59.3291870382382,44.9364100218131,-64.9674615777838,18.7171524733419,32.2836697255597,-0.184963268830003,14.0903743981091,0.0767491168905067,13.0777899514506,-5.29935197026434,-3.19618596169372,3.92058418821263,14.6725321556336,-0.928827345341098,13.7285316372733,-3.26032665113033,-75.0422712995669,1.04749062659715,12.1692371552958,0.916633614889204,-0.750074364913486,-4.99800526292023,-77.0565005793575,9.09296380339744,10.206360321358,-1.30913142309633,27.7969936140998,45.8132356091445,-67.9933449914801,-8.94397649683161,9.39025215219334,0.0101368305938883,-29.748583782395,44.5709326933835,-49.7471548309648,-9.28263704649875,14.6065287517026,-2.34982200591262,-49.984336433182,15.8394368144832,-30.309486448676,1139.65567410175,0.166215796078816,-0.0186664602297526,144.483828352565,0.165193246961558,0.0467700733102072
50.01,9.39368613275586,7.01979617864942,32.6118473893417,-9.07757814602695,-76.1361708442074,-37.6811706244475,-38.6153073756877,62.1527103376277,48.3961043921579,-64.8785718228755,17.777950981675,28.4494485620609,-0.415559460641825,14.3164867984649,-0.0149168797599137,13.8123977901259,-3.53980589781686,2.82924620576669,3.91622081235971,14.9521323630411,-1.14450956644185,14.1977249358276,-1.31575518855173,-77.6108417592933,1.2726267455807,12.3045818921643,0.746844763235856,-7.2295881576741,-7.28572917064993,-91.2469892119756,9.12781301840816,10.5562588615689,-1.27393778914523,26.9889198309988,45.3319899096078,-70.8934233243774,-8.93985364595757,9.76515359209082,0.146737560111397,-29.5868182807676,43.6816323939362,-53.2205104810086,-8.07531953586428,14.7285139899425,-2.28294309399593,-54.0861877958286,13.1121155485374,-25.1097026549816,1142.0917710321,0.16877387934423,-0.0181912429781113,167.622411543071,0.163788713940818,0.0427269425695629
50.015,9.39559370101684,0.381513652195569,27.3821365213032,-9.50130767227688,-84.745905249942,-46.2555276286746,-38.2910558588642,64.8503033646629,51.717571378595,-64.7907247036989,17.5694238353027,25.1477609734851,-0.638641508477673,14.5192265308573,-0.104893653855502,14.6575571885223,-1.2644220132216,9.08171458623893,3.91005770127738,15.2219547717896,-1.36275754971457,14.6650660872188,1.17282508787131,-79.9894611432671,1.46955083622813,12.468400876367,0.576357038986778,-14.1350716833577,-9.2135927212739,-106.145058667212,9.1372219670216,10.8826714497267,-1.23202557154273,26.0888589372046,44.7199225904694,-73.7072510609392,-8.92765305748577,10.0980414791299,0.28375297106897,-29.3495687849049,42.652538357497,-55.8711682067502,-6.88222842365986,14.7726310364921,-2.19673948019661,-57.4388502538831,10.8030728045515,-19.7943150209224,1139.21833267026,0.171330597051802,-0.0178009781483572,194.664804511069,0.162793577530143,0.0387864954501875
50.02,9.36273434359876,-6.57187148361286,21.8526715734297,-9.96830229347935,-93.3989242404463,-54.8476392792194,-37.9539054895002,67.4300738727634,54.9004308955665,-64.7002088478176,18.1031711762578,22.4363318697846,-0.849140361658549,14.6967321759047,-0.19196814138645,15.618166232297,1.54095071560628,15.5632937641424,3.89966276885919,15.4808103211729,-1.57891688294527,15.1155355159428,4.22147556241304,-82.1894483264061,1.62694876561192,12.6672919338034,0.413891915995169,-21.3858586651272,-10.6486817779953,-121.619708854255,9.12043077938358,11.1825322260392,-1.18387031520616,25.1046601016238,43.9988034238745,-76.4430500932224,-8.90827274505186,10.3860287804094,0.418163806787657,-29.0510424967398,41.5015476660149,-57.7012114300735,-5.71883829963054,14.7377223161486,-2.09642441061008,-60.0334130314315,8.91494111839421,-14.4745752675123,1131.05713981558,0.173808548998422,-0.0175110664207203,227.278249647354,0.16240810394957,0.0352863637628351
50.025,9.29357465218476,-13.8319382828127,16.0167395676769,-10.4788508401455,-102.109709333314,-63.4563216345952,-37.6043978694288,69.9015240143364,57.9461369058786,-64.6033092612353,19.3799173164655,20.3641767592652,-1.04218882101445,14.8473420353206,-0.275038566832866,16.6960700226438,4.87575669735487,22.273307461162,3.88084118458672,15.7273130316288,-1.78819376707116,15.5307583307669,7.83107072916271,-84.2266760032945,1.7327257746376,12.9067948328877,0.268901214800922,-28.8888865199827,-11.4563797434423,-137.519489915578,9.07696036390931,11.4531492121407,-1.13009285724204,24.0459277896666,43.1896623687289,-79.1091186417007,-8.88255496684687,10.6271524680704,0.547009363140543,-28.7042341040702,40.2478489823464,-58.723603731174,-4.59964360670075,14.6250629400414,-1.98719611716998,-61.8738085732653,7.44429745560073,-9.25395103915024,1117.91941389483,0.176151394198008,-0.0173059483497342,265.795398915272,0.162672284776711,0.0324285160202793
50.03,9.18664629437889,-21.3856715611631,9.87011015301427,-11.0333217728294,-110.89418653673,-72.084153751254,-37.2430214382425,72.275286237226,60.8579608769247,-64.4963610383799,21.3896445710706,18.9708486509127,-1.21325306370324,14.9696223269205,-0.353143589174243,17.8897232886523,8.72445945560052,29.2079524489669,3.85139494107164,15.9610412978833,-1.98577388037657,15.8892883030196,11.9868350890424,-86.1211880709225,1.77817125235184,13.1916138534067,0.151153067997524,-36.5401132516894,-11.5050536315642,-153.67447690811,9.0066256514782,11.6922604786954,-1.071457113778,22.9238200268925,42.3124154294864,-81.7135652394908,-8.85129296448457,10.8204026464863,0.667466740098506,-28.3207612502945,38.9115190879276,-58.9616927737806,-3.5379028137268,14.4383630583313,-1.87405803568425,-62.976513114452,6.38184175546562,-4.22633450786097,1100.30327693926,0.178330518400498,-0.0171512629624688,309.085837332045,0.16347097871147,0.0302068711928465
50.035,9.0405699822441,-29.2152624269849,3.41153461463361,-11.6321664292617,-119.768931286566,-80.7371843294679,-36.8702073497258,74.5628177034202,63.6409251314042,-64.3758014458585,24.1119185042996,18.2858561117894,-1.35825339135712,15.0623956329352,-0.425489103963991,19.1939388945238,13.0567047552388,36.3599774725871,3.80985481691979,16.1821563040249,-2.16694808545711,16.1670713383471,16.6583048016241,-87.8966988665015,1.7568869230261,13.5249479282663,0.0705005753137281,-44.2259230890684,-10.6713215122572,-169.8990305183,8.90954327434414,11.8980822317755,-1.00886377577943,21.7507892401195,41.385547083487,-84.2640473976638,-8.81523954161255,10.96572512194,0.776925825205203,-27.9107446445641,37.5131068972497,-58.4485326793534,-2.54540378843548,14.1836441738394,-1.76165877899476,-63.3699638128355,5.71255414478426,0.525434119553266,1078.75289588797,0.180333444546191,-0.0170003020275971,354.968457008992,0.164621670050203,0.028486680323609
50.04,8.85407990534054,-37.2980153806911,-3.35679065603037,-12.2759180292119,-128.750319989981,-89.4245159401662,-36.4863270484714,76.7760602508337,66.301685009568,-64.2382194702725,27.5163951171835,18.3282637823838,-1.47366992554847,15.1247691874236,-0.491472405899685,20.5997404962366,17.8279151074544,43.7184243103348,3.75308444948946,16.390535434073,-2.32724624948476,16.3380847571797,21.7997177423764,-89.5799882906531,1.66247184393609,13.9074958293221,0.0366455414195685,-51.8244919165215,-8.84568181166332,-185.995356478556,8.78613332530383,12.0693471451674,-0.943339769739642,20.5402737151899,40.425854141404,-86.7675206383278,-8.77511501183673,11.0639985932555,0.873057247989693,-27.4827322501084,36.0732116588253,-57.2260419069043,-1.63225816770877,13.8689987800796,-1.65416029470341,-63.0937107796587,5.41585706348109,4.93069347915961,1053.69488510103,0.182164069294831,-0.0168104097813924,400.911122486913,0.165942324217011,0.0271183039696918
50.045,8.62604806058956,-45.6063689501741,-10.4288133934524,-12.9651862798826,-137.853650134063,-98.1577764201899,-36.0916916768645,78.9270743213444,68.8483605206883,-64.0804019871721,31.5634966200785,19.1064824795268,-1.55662953629567,15.1561622542074,-0.550703184190592,22.0943347060368,22.9802959548742,51.2684367838855,3.67687955411052,16.5858281140368,-2.46257519502543,16.3751422453117,27.3508240846539,-91.2002095664821,1.48920288636244,14.3371428187662,0.0586886624092088,-59.2071209632984,-5.93821564025842,-201.75783672064,8.63711509851779,12.2053314253658,-0.876023548618172,19.3063501657735,39.4482533477858,-89.2300030968777,-8.73161218249206,11.1169884625139,0.9538707355545,-27.04366629447,34.6120625864708,-55.344016830843,-0.806732320808264,13.5042501239659,-1.55514026362584,-62.1973297530344,5.46581426491463,8.93171698845848,1025.33431621349,0.18382893185039,-0.0165536002348929,444.703787599091,0.167277531000981,0.0260074383279942
50.05,8.35550789392644,-54.1080333326727,-17.7942832166053,-13.7006475399797,-147.092252019565,-106.95049014589,-35.6865533927011,81.0276568327508,71.2903199159439,-63.8993757920681,36.2052390208293,20.6182517037087,-1.60497100336046,15.1563315152984,-0.603020547416413,23.6612137907987,28.4442208744955,58.9911426522998,3.57645349958785,16.7674742640824,-2.56935380058946,16.2508472130786,33.2380983868489,-92.7881279903033,1.23251461219128,14.8087777603548,0.144618785369739,-66.2395857021709,-1.88401913396509,-216.978053324773,8.46349698144089,12.3058693543801,-0.808146475016944,18.0633598904345,38.4656525506618,-91.6563604831549,-8.68539640878594,11.1272799000763,1.01776166920699,-26.5988912655803,33.1491077922706,-52.8590238977457,-0.0751215397082024,13.1005347348416,-1.46753177882513,-60.7391277278313,5.83140001140773,12.4840910815721,993.606536362239,0.185339296456477,-0.01622009033973,484.88794558409,0.168507705548334,0.0251312294061119
50.055,8.04167667078119,-62.7662446290169,-25.4384918794533,-14.4830306180338,-156.476615610728,-115.817364715589,-35.2711086198611,83.0889545679569,73.6379193471322,-63.6924448324014,41.3861919333117,22.8508130399868,-1.61728628615204,15.1253931002472,-0.648505002706116,25.2803943264699,34.1399513719502,66.8636128432597,3.44654181873261,16.9345793452236,-2.64464101403556,15.9386695647566,39.3763237063612,-94.3753095462071,0.889012720636078,15.3141841012349,0.300770507009705,-72.7835815856044,3.35200714921398,-231.45036358134,8.26656090999979,12.3713544183149,-0.741010711520615,16.8255223876699,37.4888830241804,-94.0501158792004,-8.63709933201036,11.0981932222166,1.06354416529976,-26.1522005809398,31.7026210176805,-49.8331954244027,0.55832753550055,12.6698342107645,-1.39360012238806,-58.7846790370299,6.47686897579831,15.5567234443988,958.206330063638,0.186707025477848,-0.0158237599959881,520.876806103196,0.169542916931973,0.0245164879372135
50.06,7.68397601462258,-71.540131231686,-33.3421076287074,-15.3130983967419,-166.013555741544,-124.773511006228,-34.8455031897116,85.1210860298499,75.902204477339,-63.457222088227,47.0445488348518,25.781268726394,-1.59293681052826,15.0638396699023,-0.68748409548906,26.9287906710211,39.9796367677787,74.8589022963743,3.28154221200903,17.0857865760593,-2.68625044183049,15.414112734608,45.6705087649883,-95.9932778544815,0.456465922183268,15.8421203611573,0.531258991003409,-78.6983740061602,9.77138276148754,-244.977815499047,8.0478419977987,12.4027265840245,-0.675964130395904,15.6065510297981,36.5266886292933,-96.4132886386017,-8.58730566320496,11.0336848517389,1.09046964434205,-25.7059192020854,30.2893351734189,-46.3329557230791,1.09144334475455,12.224484458668,-1.33495344872138,-56.4052328305358,7.36225095348387,18.1315022747185,918.677800937939,0.187946737826932,-0.0153947256235618,552.823024772762,0.170325635165058,0.0242082190192558
50.065,7.282050094219,-80.3851840807894,-41.4811124908464,-16.1916255872721,-175.7054381062,-133.833616543537,-34.4098392614589,87.1327856506152,78.0945815613124,-63.1916556657094,53.1132845035799,29.3771156849314,-1.53204482262988,14.9725508536152,-0.720530312397067,28.5807150419161,45.869531739337,82.9461766402264,3.07569151324775,17.2191532905879,-2.6928447255415,14.6559296574568,52.0180908817802,-97.6726568889926,-0.0662000448474434,16.3786038244338,0.83743389690315,-83.8427719833972,17.3396181212567,-257.378125530706,7.80910410203638,12.4014458059235,-0.614372804545652,14.4192854276617,35.5857660065868,-98.7462665183973,-8.53653322919624,10.9382371562847,1.0982305707812,-25.261019053567,28.9241119761359,-42.4277052824371,1.52410408829956,11.7766902035789,-1.29258173366268,-53.6760345866296,8.4439852737293,20.202639057384,874.549848009648,0.189082896749103,-0.014966757030253,581.35606619161,0.17083780546277,0.0242346929907828
50.07,6.83578099855087,-89.2538191335806,-49.826848154163,-17.1193730233546,-185.549487216396,-143.011093582361,-33.9641838385651,89.1310845787258,80.2264670721892,-62.8940487880592,59.5213755300031,33.5969416820288,-1.43546103179796,14.8527953577833,-0.748449917275058,30.208488912658,51.7123636092873,91.0909287367956,2.82327960965667,17.3320395669194,-2.66400313318227,13.6473386268955,58.3113703926254,-99.4423155897291,-0.678880919867723,16.9073953447711,1.21740409226745,-88.0775399000976,25.9853877472179,-268.489384352878,7.55231218913087,12.3694523984805,-0.557591666719599,13.27535443411,34.6708489320373,-101.047715079917,-8.48520738842367,10.8167403394992,1.08694979829111,-24.8172636423651,27.6196568769981,-38.1884911934919,1.85816231007431,11.3380703278439,-1.26691669835095,-50.6746044304177,9.67569870182145,21.7757365263431,825.465898857086,0.190156468815822,-0.0145663115768926,607.305944949506,0.171100059518465,0.0245853204930739
50.075,6.34530091008099,-98.0960176939266,-58.3461727093877,-18.0970590027309,-195.537195875172,-152.317224203396,-33.5085786292356,91.1210418658416,82.3089263497002,-62.5630734902802,66.1950595557672,38.3912671049559,-1.30471087159721,14.7062232398368,-0.772261667274898,31.7831439286381,57.4097786207196,99.255288488632,2.51892477885425,17.4210319651536,-2.60025699343038,12.3771833983838,64.440116583521,-101.328529288152,-1.38019532145965,17.4106792369883,1.6656881998762,-91.2683371734755,35.6014532562675,-278.175123533227,7.27960239588915,12.3091154568474,-0.506933944425245,12.1848823468799,33.7848293220458,-103.314528279414,-8.43363176516377,10.6743693469789,1.05715669823466,-24.373377735921,26.3862878962538,-33.6866918978431,2.09732299753114,10.919255805782,-1.25790467684342,-47.4790139343493,11.0091186785691,22.8666301256559,771.28793539319,0.191223198629907,-0.0142006629778617,631.487861625993,0.171165268542186,0.0251983157766196
50.08,5.81100076858521,-106.860028299252,-67.0017270105901,-19.1253282714108,-205.653853736161,-161.760325087565,-33.0430509357126,93.1055387046933,84.3523128953143,-62.1977779444641,73.059109163297,43.7035131819125,-1.14192265867488,14.5348471845997,-0.793164857944114,33.2751851112615,62.8647961698985,107.398427904641,2.16497418889591,17.4857448763405,-2.50317593982045,10.8409771497491,70.2942806455345,-103.354172078735,-2.1603150973612,17.8738846576401,2.17271595124293,-93.2892322597636,46.0473511461838,-286.328376198796,6.99325063348661,12.2231710019673,-0.463640010067649,11.1562488283017,32.9289071207264,-105.541823946582,-8.38195795428876,10.5164584948093,1.00975192476347,-23.9272373571283,25.2317658301606,-28.992743661483,2.24698033009356,10.5295570850971,-1.265084568636,-44.1662010319474,12.3951020373783,23.5000552430867,712.167268127597,0.192357609039393,-0.0138601574659152,654.572515371522,0.17110530012089,0.0259689742463349
50.085,5.23353520535686,-115.493112645612,-75.752305976681,-20.2047193223901,-215.87821019574,-171.344954440997,-32.5676252034703,95.0851464484029,86.3659207448885,-61.7975874593785,80.038097017061,49.471075382523,-0.949741655944987,14.3410121195298,-0.812496848497397,34.6553852200452,67.9842020678526,115.477061029284,1.78382589938027,17.536578915994,-2.37552538383695,9.04176777892412,75.7667476193404,-105.537954120973,-2.98939931479522,18.295433573793,2.72455081046155,-94.0267775623186,57.153718837941,-292.874405576038,6.69564045778761,12.1146519272431,-0.428846341342291,10.1959104539936,32.1027613951086,-107.722987416756,-8.33015733621928,10.3483762838548,0.945963212088394,-23.4760747361748,24.1611915637872,-24.1749349550392,2.31401922234057,10.1767122186165,-1.28766399723487,-40.8103599299329,13.7847489118338,23.7081938016245,648.588759437065,0.193647255477492,-0.0135163709678077,677.031275377364,0.170991931529996,0.0267750666066879
50.09,4.61382361811792,-123.942317447724,-84.5533269279657,-21.3356307430151,-226.182284124882,-181.071182833964,-32.0823348209466,97.0580765047061,88.3576627147825,-61.3622993103415,87.0576298073625,55.6264792282918,-0.731234509394663,14.1273531316253,-0.831681049602688,35.8955771164399,72.6808160577317,123.446034881112,1.39318619396749,17.5830850802437,-2.22112074076831,6.99076321843093,80.7560565858027,-107.893718393255,-3.84280671982843,18.6762981435718,3.30464075193699,-93.3845609336214,68.7279981945751,-297.771858616772,6.38923077303266,11.9868121080175,-0.403555359217622,9.30828878108301,31.3047353391622,-109.849765858911,-8.27799835870255,10.1754026707083,0.86729495683792,-23.016692281959,23.176973956872,-19.2982931653606,2.30658834515235,9.86672136306677,-1.32458837347426,-37.4814396746965,15.1305632599124,23.529152717591,581.396067687198,0.195179456602468,-0.0131282285803227,699.138552338079,0.170875723332492,0.027502408282273
50.095,3.95304734753263,-132.155254117179,-93.357384175524,-22.518287391895,-236.531329776211,-190.933948509748,-31.5872337361443,99.0202169605345,90.333787161909,-60.8920716618525,94.0455296978814,62.0985948057839,-0.489788708388516,13.8967423543089,-0.852167219650374,36.9694110339978,76.8755746857848,131.25900313845,0.980503047721911,17.618453227335,-2.04470021844187,4.70766057161242,85.1690164748076,-110.429812522882,-4.7255252842106,19.0028974536355,3.89504226258907,-91.2880750058233,80.5611453482561,-301.012223479108,6.07652379926282,11.843047197921,-0.388606983844913,8.49572657809206,30.5320284717369,-111.912414798824,-8.2250318811889,10.0026121234938,0.775474471707738,-22.5456791694622,22.2788690907854,-14.4235857834718,2.23385254198538,9.60376868288088,-1.37459949081524,-34.2437815301416,16.3876158698257,23.0054237340405,511.793899640548,0.197036211359567,-0.0126528731482818,721.012886731741,0.170780767324686,0.0280685819558935
50.1,3.25264300416471,-140.080868673512,-102.114876657964,-23.7527072150999,-246.883964640846,-200.922516035876,-31.0824074504808,100.965257132657,92.2986451645925,-60.3874069451627,100.932943337912,68.8138858721682,-0.22901162090735,13.6522262182085,-0.87536670882887,37.8530458710876,80.4993778842561,138.869169267523,0.531773033995696,17.6330916289588,-1.8516706703079,2.22063229466284,88.9231440066086,-113.148552713829,-5.64307452789951,19.260943684864,4.47589163472734,-87.6896762160759,92.4349030036404,-302.617618051926,5.76003364137511,11.6868146828505,-0.384652799020162,7.75851060219001,29.7808900385578,-113.899897000932,-8.17051664536669,9.83488339658727,0.672397022189519,-22.0596238599171,21.4640887547581,-9.60645541787533,2.10584333618352,9.390308301074,-1.43628426527553,-31.1549217249232,17.514663168547,22.1823697504711,441.312317336221,0.19927930445901,-0.012046878653055,742.674093867709,0.17069647549703,0.0284359306023321
50.105,2.51429207759614,-147.670185313847,-110.774693523743,-25.0386695206277,-257.192461105796,-211.020055030912,-30.5679829637217,102.884897351916,94.2545186955708,-59.8491301447132,107.655360090001,75.6976695239302,0.0473667031279728,13.3969551389553,-0.902585918515203,38.5257478702866,83.4946559643925,146.230080590089,0.0471175474104064,17.6238571319227,-1.64769962224842,-0.434063598602829,91.9488508311074,-116.045798103128,-6.58658685795139,19.4462493417718,5.02625226238856,-82.5733495744659,104.129165135217,-302.637094566034,5.44225574238939,11.5215556971043,-0.392133720008045,7.09495627034456,29.0468084426828,-115.800132293114,-8.11332951660949,9.67695013047985,0.560072775715005,-21.5553158536047,20.7274731330632,-4.8967046874376,1.93334165180993,9.22723978788381,-1.5081109589219,-28.2645824984592,18.47517566081,21.106777471634,371.715918580667,0.201945993620689,-0.0112744154421316,764.097655218419,0.170587041134695,0.0286059677190194
50.11,1.73990703510694,-154.877008497762,-119.284941231165,-26.3756855187342,-267.403199621155,-221.20335312806,-30.0441372766558,104.769137413127,96.2015184366464,-59.2783625298522,114.153522972134,82.6753629130992,0.335583356108165,13.1341082845389,-0.934961641870828,38.9703760258067,85.8166228314036,153.296450012659,-0.470235851934882,17.5886937370759,-1.43858948888872,-3.21286460888888,94.1913093964515,-119.110654649788,-7.54362139185409,19.5590562155846,5.5256135354624,-75.9589598834015,115.428986097668,-301.141791562075,5.12563746608428,11.350620928375,-0.41126201495471,6.50154696025511,28.3246923952664,-117.600295145821,-8.05220412365901,9.53292516296334,0.440579650406709,-21.0299302791446,20.0617199728059,-0.337743294840658,1.72725718797868,9.11377711270002,-1.58844693930271,-25.613870670467,19.2382332047259,19.8255103588192,304.859017082019,0.205040495350635,-0.0103079541935056,785.248201039541,0.170401557032823,0.028616445660731
50.115,0.931614184134109,-161.658570194483,-127.593694998067,-27.762971903409,-277.457276934816,-231.442674365506,-29.5111041091289,106.60663350532,98.1375574346434,-58.676491440163,120.374217937794,89.6736943937553,0.631922196764296,12.8668164703629,-0.973402068855871,39.1737407810124,87.4341908178745,160.024978379796,-1.01607236608369,17.525640023893,-1.2300541771869,-6.06607050550259,95.6119320082332,-122.325327438053,-8.50013657444809,19.6025452757442,5.95510244889024,-67.9056597401813,126.130851438819,-298.219377978027,4.81255002846157,11.1772026560812,-0.442008440580739,5.9731186727726,27.609040376447,-119.287154906848,-7.98597970650597,9.40589024388476,0.316020998305779,-20.4811895750462,19.4576602956985,4.0337945604004,1.49803267975257,9.04741797979292,-1.67557378261207,-23.2346990519872,19.7792502245251,18.3842897599114,242.504953558154,0.208531247644918,-0.00912290871562149,806.092885879037,0.17008622733727,0.0285228510165902
50.12,0.0917336295257594,-167.976110921823,-135.649757268929,-29.1994281975264,-287.291258823758,-241.7017708717,-28.9691785579631,108.385110233253,100.058403919154,-58.045136792919,126.270929448903,96.6218577239466,0.932781352854328,12.5980864318891,-1.01853704590809,39.1268304197008,88.3305322956711,166.375148188596,-1.58578424331705,17.4336975977736,-1.02747026366578,-8.93936731750158,96.1894054345658,-125.66513865671,-9.44115177645212,19.5829557674781,6.29881605868327,-58.5141408877934,136.047924889423,-293.968297573879,4.50526198833117,11.004274597341,-0.484095124865689,5.50307951608641,26.8940959131588,-120.847451617796,-7.91344422798486,9.29823092848386,0.188490241455795,-19.9074975070635,18.904569161735,8.18825870615867,1.2557341553066,9.02444955606895,-1.76770651647231,-21.1494417609554,20.0805018748382,16.826625927232,186.151726643027,0.212349349095665,-0.00769878971945737,826.602935428232,0.169599888203409,0.0283842552396365
50.125,-0.777243297276999,-173.795385360463,-143.403406244086,-30.6836185120961,-296.838062913785,-251.938052108016,-28.4187194990657,110.091811779431,101.957813426562,-57.3861150285684,131.804352870058,103.452589499292,1.23472764593868,12.3307297010953,-1.0706806865038,38.8249073264753,88.503282901335,172.309959083192,-2.17478331381722,17.3130505937879,-0.835654099842589,-11.7756568689234,95.9202346259912,-129.098725222185,-10.3512842035418,19.5088806270103,6.54484552821292,-47.9274572418533,145.014100064149,-288.49232505331,4.20591451714623,10.8345408039081,-0.536994672821281,5.08365299731518,26.1739871110216,-122.268298391892,-7.83329297671297,9.21177970234712,0.060042057100575,-19.3080420338976,18.390499235404,12.103018348478,1.00998082377785,9.04032069223168,-1.86300602823033,-19.3708297857145,20.1314315107828,15.1929145652725,136.907407545598,0.216391995072133,-0.00600968174011651,846.751067581581,0.168919225504439,0.0282529720282145
50.13,-1.67267872478863,-179.087085502234,-150.807118379651,-32.2137582802499,-306.027953630595,-262.102912124565,-27.8601496269617,111.71397442074,103.827737059485,-56.7014012437649,136.942756960638,110.103151824507,1.53453792316119,12.0672990626174,-1.12980866939415,38.2674833103886,87.9643905648688,177.796577314887,-2.77736142819352,17.162719600021,-0.658683113301534,-14.5171182974081,94.8187637675671,-132.588424952958,-11.2134396873134,19.3883087517077,6.68534427282068,-36.3302119210941,152.886800477133,-281.895886774026,3.91649869241595,10.6703943947058,-0.599935793163865,4.70613442292282,25.4428498139621,-123.537599524609,-7.74428621405742,9.14764816932687,-0.0673323694780076,-18.6828649905166,17.9026250065873,15.76232979497,0.769588811636458,9.08979575439299,-1.95959010022809,-17.9020879017041,19.9287299398997,13.5197087120324,95.4388170357938,0.220524944482522,-0.00400812003923878,866.503631621729,0.168050435141682,0.0281606094915405
50.135,-2.59181460701603,-183.827176445648,-157.816250047419,-33.787706421283,-314.78962820691,-272.142211372984,-27.2939531189154,113.239301609362,105.658599427124,-55.9930902804792,141.662192657257,116.516204311508,1.82922811973907,11.8100351118141,-1.19555160676918,37.4581888575912,86.7396233731519,182.806875164299,-3.38634567120503,16.9801002214308,-0.499758550402171,-17.1074093456652,92.9166607550116,-136.090853503242,-12.0085496039575,19.2274820593114,6.71685375930233,-23.9459820867569,159.548573733904,-274.280486822487,3.63883508157596,10.5138864544909,-0.671915547558522,4.36115073648941,24.6949346891186,-124.64447194949,-7.64534214896358,9.10620640308922,-0.19172488805567,-18.0328980794835,17.4275864486174,19.1570466489884,0.542354501717949,9.16719381206236,-2.05554906145779,-16.7373083169437,19.4761871862334,11.8391702505418,61.9830342489158,0.224575455367056,-0.00159068640745108,885.802675113276,0.167024771273639,0.0281174038055489
50.14,-3.53180031726418,-187.997142049533,-164.389665161456,-35.4029632718406,-323.05137011136,-281.996905706951,-26.7206710053973,114.656422703559,107.439636732667,-55.2633575435282,145.946547390137,122.64055180333,2.11607154755202,11.5608248251789,-1.26720481040344,36.4045550634567,84.867757464444,187.317841916493,-3.99456650678188,16.7633074328339,-0.361128516912565,-19.4939014954413,90.261871699624,-139.557666272662,-12.7177397929667,19.032172208688,6.64115927655388,-11.0329488586122,164.907605569662,-265.74242928743,3.37455588565982,10.3667050067693,-0.751718117464243,4.03891571671093,23.9246994160965,-125.579656437666,-7.5356162205893,9.08710493256411,-0.311327069673821,-17.3599661133765,16.9518225375477,22.284186856771,0.334889977406126,9.26662880665537,-2.14896626745052,-15.8620503122045,18.78432728101,10.1787002562479,36.3841292379361,0.228268768268334,0.00151216582799663,904.539745809753,0.165893652418649,0.0281136592904705
50.145,-4.48972101521653,-191.584139590372,-170.49029744798,-37.0566744932504,-330.742244281782,-291.603811396443,-26.1408944195994,115.955317159522,109.159282762529,-54.5144203072795,149.787447249661,128.431756737307,2.39260836800067,11.3211733463842,-1.34375372887279,35.117728852591,82.3994734987298,191.31185490563,-4.59543275351098,16.5114408194068,-0.244064241058772,-21.6298356260212,86.9170742409762,-142.936490755777,-13.3234774415825,18.8072305706659,6.46529891491904,2.12220070047917,168.897332291553,-256.371860805618,3.12508989085096,10.2301636024649,-0.83793977913458,3.72947442794991,23.1268879673663,-126.3359041492,-7.41457225188607,9.0893189400741,-0.424446071581016,-16.6667597195087,16.4618872241104,25.1463748419416,0.152497468310319,9.38222883304373,-2.2379440127511,-15.2541488439205,17.8698454008482,8.56074278836777,0,0,0,922.532570473555,0.164723029086048,0.0281263809014645
50.15,-5.46262633667827,-194.581064292524,-176.085638071135,-38.7456410293349,-337.793307217213,-300.896491394435,-25.5552559819155,117.127687536885,110.805588332099,-53.7485002455704,153.184012341946,133.852607749099,2.65664843814809,11.0921894576114,-1.4239133607086,33.6121419165799,79.3959966614678,194.776806806727,-5.18951432785071,16.2179313201583,-0.148770241850408,-23.4762847474263,82.9576809768412,-146.17200592916,-13.8149657587335,18.5482123792735,6.20074061462491,15.2119322936536,171.47535662777,-246.252996724186,2.89165044777029,10.1051987811918,-0.929019577358402,3.42293294378446,22.2965996710709,-126.908323860926,-7.28203995952364,9.11121311047705,-0.529521564282656,-15.9567807178848,15.9447429161276,27.7511802369826,-0.00091288356290605,9.50832847456157,-2.32063500619043,-14.884708854348,16.7548741143852,7.00275269836708,0,0,0,939.516729566684,0.163576559677765,0.0281263403159384
50.155,-6.44755896725886,-196.986526116019,-181.148141444822,-40.4663350511461,-344.138804362065,-309.806244829419,-24.9644196471456,118.167266953922,112.366658169707,-52.9677878774449,156.142473625023,138.873438945369,2.90626971145859,10.8745845086293,-1.50617913657832,31.9051518069155,75.9275205454839,197.706093085699,-5.79007490210926,15.8636511035602,-0.074393087542765,-25.0038178094378,78.4694656917425,-149.207136995155,-14.1920043872929,18.2330419354663,5.86225248206921,27.9168215444398,172.621876168166,-235.465260753565,2.67522667816691,9.9923754836743,-1.02327499210913,3.10967142929599,21.4293513182524,-127.294675511993,-7.13825396234809,9.15062459569911,-0.625145304683097,-15.2342640708011,15.3880290470626,30.1103773030014,-0.122858781986059,9.63963017001146,-2.39527897214389,-14.7192562046897,15.4661112967102,5.51731460638521,0,0,0,955.157624142857,0.162508936156101,0.0280847163185127
50.16,-7.44158267973538,-198.804742495484,-185.655544182222,-42.2149216873224,-349.717327235581,-318.263178849386,-24.3690693996683,119.070049495577,113.831088356249,-52.1744095656484,158.675662359448,143.472297197015,3.13981414271464,10.6686839657467,-1.58888616822495,30.0166702357378,72.0714595535576,200.098470675195,-6.39775955482898,15.436920318602,-0.0193903781161369,-26.1937733006374,73.5459037032767,-151.984326805184,-14.4457504510352,17.8478132902487,5.46804670546408,39.9154633871819,172.337821535001,-224.084978252624,2.47657808847174,9.89189943117978,-1.11894169668647,2.78054045836473,20.5211359761877,-127.495596703607,-6.98387053335052,9.20496069293026,-0.710084382850402,-14.5040806750995,14.7803056251692,32.2391509181256,-0.212273418605519,9.77133248776236,-2.460243435747,-14.7190110648471,14.0338462554825,4.11239740075142,0,0,0,969.076858488014,0.161553813333886,0.0279829167301688
50.165,-8.44180943931768,-200.045351916357,-189.591094195203,-43.9872862046675,-354.472903468836,-326.197339594331,-23.7698972228175,119.834435370104,115.188387324859,-51.3703976355554,160.802386018514,147.634957784772,3.35588263502976,10.4744502551078,-1.67027342927948,27.9687894119291,67.9105776222208,201.957804955641,-6.98774491929991,14.9491063908201,0.0182519321264386,-27.0390723785716,68.2853320651222,-154.446840193235,-14.5516397036663,17.406203749351,5.03999634927604,50.894920342413,170.642879165662,-212.187226755594,2.29623272829449,9.80363552887798,-1.21421631628915,2.42704177384396,19.5684823513867,-127.514750490883,-6.81995980908676,9.27130715312971,-0.783308398780119,-13.7716253593815,14.1112735438401,34.1552759271335,-0.269445177052782,9.8992248676848,-2.51406729543733,-14.842245597205,12.4909227134752,2.79172643053515,0,0,0,980.888591079543,0.160722456448057,0.0278155745464783
50.17,-9.44542521123412,-200.723154383186,-192.943688909396,-45.7790661767057,-358.355994407459,-333.53987729348,-23.1675907919756,120.461286168308,116.429364064051,-50.5576641003856,162.546707033879,151.354791722091,3.55333004450458,10.2915152312227,-1.74854937912192,25.7854127697925,63.531043037155,203.292726545581,-7.5392088852118,14.4126179304141,0.0407113233695982,-27.5445271247041,62.7880443231597,-156.540054739195,-14.4931803397499,16.9214849832508,4.60111724326996,60.5612513787712,167.573545754741,-199.847465435694,2.13448895656632,9.72713146622193,-1.30730092750643,2.0414954325716,18.5685184589206,-127.358885178769,-6.64797288044464,9.34654259665352,-0.844019914923178,-13.0426943214606,13.3719746942438,35.8782966183313,-0.295911598822683,10.0197498187915,-2.55550537586881,-15.0456851456741,10.8716775437752,1.55525394964874,0,0,0,990.246088788247,0.16000320194459,0.0275885477088957
50.175,-10.4497141407181,-200.85778589697,-195.707923381031,-47.5856880619981,-361.324377058809,-340.224219326694,-22.5628213461277,120.953889169702,117.546468519031,-49.7379783857905,163.937142919177,154.632491040956,3.73126070184943,10.1192204041514,-1.82195575137699,23.4918922891468,59.02045984585,204.116221956422,-8.04419629048185,13.8314637989147,0.0500720191401967,-27.726628305438,57.1534371485147,-158.212691426075,-14.2678557053067,16.3953386936311,4.1734996458307,68.6496447084032,163.181330687963,-187.142631581019,1.99142076881793,9.66164584247739,-1.39644791077702,1.61719534181456,17.519042954566,-127.037799796259,-6.46968498992986,9.42745434420035,-0.891686588698594,-12.3233559751622,12.5549754304305,37.4287321017495,-0.29431189359384,10.130034699484,-2.58357179198943,-15.2859110838672,9.21089268689499,0.399707279318842,0,0,0,996.892277138389,0.159374970130624,0.0273236753009511
50.18,-11.452080816238,-200.473335103881,-197.884050777291,-49.402407512281,-363.343890056392,-346.187224599255,-21.9562321803101,121.31783316344,118.534071171753,-48.9129493453229,165.005808093431,157.475661202054,3.88902439293646,9.95666299380775,-1.88882666054074,21.1146712123426,54.4659258373717,204.445182735936,-8.4969801536298,13.2094917707177,0.0483729264863746,-27.6128266258838,51.4773220819306,-159.417941295467,-13.8787597593779,15.828971762694,3.7776198104231,74.9336888016398,157.531190204875,-174.151494242482,1.86688650529499,9.60618030024058,-1.48000369600361,1.14855459650648,16.4186067469693,-126.564212349025,-6.28711779706825,9.51085107349036,-0.926072538552672,-11.6198188516895,11.6545366552208,38.8273314238629,-0.268204266843767,10.2278960478616,-2.59757966409673,-15.5207240883753,7.54279470235696,-0.68080648818509,0,0,0,1000.70421200082,0.158811123868857,0.0270446765406582
50.185,-12.4500703721419,-199.597911180683,-199.477859211759,-51.2243526459598,-364.389026735575,-351.370292783412,-21.3484281727969,121.560801502578,119.388671292662,-48.0840117506037,165.787518943762,159.898292520334,4.02621232907167,9.80274592293795,-1.9476407715751,18.6809286451605,49.9521652349982,204.299936387051,-8.89286714788564,12.5514508086182,0.0375086416494684,-27.2403497313803,45.8495049707674,-160.114449350005,-13.3334508658301,15.2249107483062,3.43126695525736,79.2333564420449,150.700242612979,-160.954176456043,1.76054061486863,9.5595152679317,-1.5564499356411,0.631240856194777,15.266606425716,-125.953531685296,-6.10244519727364,9.59366805887446,-0.947265848236056,-10.9382998844835,10.666772770993,40.0943994313385,-0.221856081018549,10.3118199862661,-2.59717453859268,-15.7104288741474,5.90013218470069,-1.69416069651445,0,0,0,1001.71018580403,0.158293169148823,0.026777967746594
50.19,-13.441386235981,-198.263172768008,-200.500470312088,-53.0465694574791,-364.443362304181,-355.720402886852,-20.7399667178537,121.69229098877,120.109026264309,-47.252417329255,166.318884269888,161.920125010387,4.14265238925042,9.65622997976085,-1.99706495463725,16.2182214361772,45.5597811465382,203.703779338914,-9.22827959277568,11.862917861152,0.0191390176735757,-26.6546221384819,40.3517191587831,-160.26712419868,-12.643547806783,14.5872388643192,3.14856931615442,81.4213441902274,142.776777669106,-147.630880078971,1.67184800997615,9.52024896423623,-1.62444070435562,0.0623004152685754,14.0633896347873,-125.223537676797,-5.91788836737322,9.67306129424473,-0.955698761593944,-10.2848961321038,9.5898000953574,41.249210796588,-0.160016226711178,10.3809225297472,-2.58235884417504,-15.8190052176665,4.31335611241687,-2.64955565031702,0,0,0,1000.07569307629,0.157817088127872,0.0265442616373974
50.195,-14.4239053773291,-196.503828269518,-200.968066137062,-54.8640684890805,-363.499806320097,-359.191057202686,-20.1313503796653,121.723267637601,120.696197534252,-46.4192303132521,166.637403200487,163.565923276557,4.23840286061721,9.51578653920573,-2.03598852840247,13.7541188622674,41.3636684908746,202.682527926907,-9.50080578301815,11.1501970554142,-0.00536636231095305,-25.9073751804323,35.0559772856361,-159.847750724507,-11.8241253906806,13.9216529213779,2.93926250923519,81.4274986758475,133.859535983763,-134.259955032757,1.6001004329318,9.48683928593405,-1.6828344522501,-0.559732168409581,12.8103708287248,-124.393978228482,-5.73560647096636,9.74648748351245,-0.952157125293973,-9.66546275973138,8.42387325758387,42.3095253845913,-0.0876799502154038,10.4348937307228,-2.55350489829478,-15.8151351140959,2.80992244758675,-3.55687249268641,0,0,0,996.063211222983,0.157391635600232,0.0263548662257662
50.2,-15.3956909668579,-194.357117905663,-200.901552144079,-56.6718718689954,-361.560675982795,-361.743108937128,-19.5230215177969,121.665772373629,121.153512014948,-45.5853273537727,166.780591895799,164.86467992123,4.31374402597287,9.38004938422256,-2.06354781668823,11.3158268716209,37.4316226668892,201.264098169778,-9.70921697703179,10.4201971289205,-0.0349485284819636,-25.0545477133769,30.0233822340392,-158.835392713608,-10.8929607854619,13.2353430271285,2.80824654918601,79.2411638941821,124.057197898086,-120.915535060227,1.54443417659551,9.45764809069156,-1.73071962506757,-1.23474376287552,11.5101539496857,-123.486095195576,-5.55758974342958,9.81176765322978,-0.937776034274026,-9.08549987894073,7.17150580028895,43.2912134516453,-0.00985670053954536,10.4739295435838,-2.51135440633328,-15.6730617643838,1.41373034405949,-4.42605470892489,0,0,0,989.984382631727,0.157036103060115,0.0262103286966147
50.205,-16.3550024041071,-191.862287450009,-200.326164808429,-58.4650598189639,-358.637589994019,-363.345454630316,-18.9153590613841,121.532491282673,121.48644097424,-44.7514015594145,166.785158871798,165.848767344485,4.36916719005913,9.24766428335314,-2.07914125755454,8.92980071015704,33.8231727997579,199.478119653132,-9.85194772733277,9.68294480634383,-0.0688630839794863,-24.1540850818041,25.3034121209986,-157.21658224371,-9.86897058099519,12.5396809134496,2.75549484825736,74.9113912925237,113.487988866284,-107.665007606468,1.50384847217795,9.4309872214023,-1.76743310405704,-1.96097797384677,10.166656596624,-122.522094418549,-5.38556149175762,9.8671329480618,-0.914019419650197,-8.55005060339415,5.83756899425249,44.2079942335431,0.0686486890474809,10.4986551334016,-2.45700306576328,-15.3732623351659,0.144703517545839,-5.26653632778662,0,0,0,982.148662816547,0.156768789916446,0.0261030571600971
50.21,-17.3003027172217,-189.060062622829,-199.271033169876,-60.2388157535282,-354.751186912684,-363.975575789748,-18.3086775303697,121.336306202818,121.702401531256,-43.9179703260706,166.686246668694,166.553058690208,4.40536103139233,9.11733505485241,-2.08243568324577,6.62134738098681,30.5886611797935,197.355583601944,-9.92529821989939,8.9557556075466,-0.106655372237837,-23.2637435944185,20.9336691170534,-154.985302058438,-8.7707527664891,11.8544488616779,2.77619054170631,68.5450583732317,102.279283878478,-94.5665944020742,1.47722388560158,9.40516543142576,-1.79257090013131,-2.73500324609604,8.78522842235328,-121.524577628298,-5.22089493180689,9.9112519697722,-0.882642436323155,-8.06361238774221,4.42936104223671,45.0712865453844,0.143431958930142,10.5100431144011,-2.39186975692539,-14.9029227129718,-0.981483031061299,-6.0867342360672,0,0,0,972.829091866782,0.156600770946484,0.0260207828551922
50.215,-18.2302633761734,-185.992131790236,-197.768703982751,-61.9884691330904,-349.930675912269,-363.619917837999,-17.7032283200383,121.089842066209,121.810488688732,-43.0853865514705,166.516754919924,167.014039004654,4.42319546116797,8.98786490676525,-2.07336463101956,4.4142222456117,27.7685827283018,194.928520758501,-9.93064979982325,8.2512586775806,-0.148052399561677,-22.439000969876,16.9400590421912,-152.142775602399,-7.61943211940055,11.1940210770271,2.86095032209515,60.3030347008475,90.5670807191244,-81.6672951982233,1.46334015799758,9.37853519263812,-1.80599085136418,-3.55172102192087,7.37275501384506,-120.515955812454,-5.06454981342526,9.94323978175344,-0.845636856320108,-7.63006335787309,2.95663768870788,45.8901653415023,0.210654277848843,10.5093299116573,-2.31765080478579,-14.2562085348871,-1.95353350209337,-6.89361994489292,0,0,0,962.233872257084,0.156529867085424,0.0259510759074235
50.22,-19.1437665920728,-182.70064318005,-195.854640237605,-63.7095352913407,-344.213231650368,-362.274098425479,-17.0992031828558,120.805027436618,121.821148308202,-42.2538527671639,166.306756861477,167.268927383061,4.42370342741093,8.85819192597446,-2.05211966372794,2.33022688491102,25.3931902480459,192.2297013642,-9.8783631233336,7.56681746915416,-0.192890999431262,-21.7311608064074,13.3373496320178,-148.697086412974,-6.43919108589748,10.55585895222,2.99672438337186,50.3946114519952,78.4952136062362,-69.00139719774,1.46089307773876,9.34953822253934,-1.80780740070905,-4.40442045421045,5.93773758193787,-119.517864701175,-4.91703252570083,9.96264940553563,-0.805161116246454,-7.25260489467603,1.43159497547659,46.6714140357219,0.267169470530147,10.497933116014,-2.2362608643866,-13.4343324713642,-2.76452565717678,-7.69238368290627,0,0,0,950.515466139568,0.156536780497543,0.0258863015065911
50.225,-20.039905199688,-179.22772152294,-193.566702598358,-65.3977515340548,-337.643248542647,-359.94294126661,-16.4967397625142,120.492684068245,121.745803494134,-41.4234376762569,166.083018181313,167.354829989377,4.40806129354428,8.72741772851487,-2.01913570580337,0.388817862745335,23.4823631418487,189.292347618006,-9.77769656178423,6.89972801788879,-0.241036213172971,-21.1857224171689,10.1300412272123,-144.66265383328,-5.25143072865654,9.93758113385486,3.16804238515898,39.0704690054685,66.2141958333432,-56.5896865468973,1.46851015059385,9.31674846358814,-1.79837884727849,-5.28488452839767,4.49033853546706,-118.550603272137,-4.77839043178535,9.96944005453809,-0.763458044929035,-6.93372118253098,-0.131204421340091,47.4196589942436,0.31059866081527,10.477368592243,-2.14976324181637,-12.4454229602985,-3.41177919588846,-8.48620085521115,0,0,0,937.798490021993,0.156593482792373,0.0258196916122184
50.23,-20.917980239495,-175.615007961571,-190.944622787508,-67.0491088986589,-330.271472921117,-356.640335821374,-15.8959289625805,120.16215998686,121.596448429738,-40.5940945564566,165.868623960209,167.307942380367,4.37756852796418,8.59482849375252,-1.97507137039898,-1.39326191306888,22.0457295269294,186.14984855337,-9.63363613061151,6.25441805209851,-0.292300658969044,-20.841067904002,7.31347507594742,-140.059595348279,-4.07321208634749,9.34443244268463,3.3578921300868,26.6144955773394,53.8796110587467,-44.439425733328,1.4847650058231,9.27891118995258,-1.77828775072939,-6.18355003306928,3.04238348489256,-117.632615525789,-4.64898501622775,9.96331390460374,-0.722764242923373,-6.67515576948715,-1.71496820828082,48.1375701599492,0.338441557954129,10.4488535794939,-2.06031183124298,-11.3042042456803,-3.89661119942972,-9.27610767776196,0,0,0,924.220792233927,0.156671230190746,0.0257486807476397
50.235,-21.7774963709913,-171.903226299158,-188.029477212989,-68.6598790701868,-322.154034305419,-352.388927264421,-15.2968238694804,119.821018619948,121.385224742153,-39.7656809745444,165.682716382365,167.162817615901,4.33362746553925,8.45990788447046,-1.92078519341847,-3.00231611606389,21.0830245323212,182.835468297927,-9.45086488786905,5.63613858522193,-0.346422152251511,-20.7274977438911,4.87510158065282,-134.913007227704,-2.91920512650508,8.78194304923664,3.54860185709103,13.3347893546593,41.650014448666,-32.5450907884828,1.50819062527359,9.23497690869552,-1.74831541487599,-7.0897208268594,1.60731138867935,-116.780034188886,-4.53015621435362,9.94325725062874,-0.685217883818899,-6.47790443006176,-3.30087936135703,48.8261103450666,0.347353634427821,10.4130461910998,-1.97009156443612,-10.0315015676093,-4.22399405241278,-10.0609891317689,0,0,0,909.961757023,0.156742104599031,0.0256724292957706
50.24,-22.6181552617359,-168.131778148848,-184.863168242091,-70.2266360667436,-313.351399311206,-347.219645165793,-14.6994498993408,119.474794027866,121.123995923497,-38.9379792598078,165.540342947236,166.951714280523,4.27772385581583,8.32234168349417,-1.85730861558017,-4.42797844077443,20.5846612915479,179.382040972255,-9.23435704300072,5.04959341310272,-0.403014419536604,-20.8666259698625,2.79583326789831,-129.252194707316,-1.8019061775826,8.25435227209945,3.72283423463229,-0.445820845555329,29.6843521707098,-20.8898017159679,1.53729161690772,9.18412878002876,-1.70941158081465,-7.99183054023121,0.20006636059052,-116.006302469373,-4.42157390826446,9.90978946586221,-0.65276945452946,-6.34222283739232,-4.86837039830117,49.484815362588,0.336442022609404,10.3712078518721,-1.88117855123799,-8.65358863740094,-4.40213305511894,-10.8376782484736,0,0,0,895.244861313826,0.156788115520418,0.0255909181349976
50.245,-23.4398471072183,-164.338369096621,-181.487919570258,-71.746272433375,-303.927273326546,-341.171083060364,-14.1038158021063,119.126819447018,120.823935174966,-38.1107171995601,165.452412049677,166.704035875341,4.21140880367905,8.18201432355648,-1.78581647154762,-5.66343300124032,20.5324859246434,175.82164873579,-8.98933544788803,4.4988407331095,-0.461528562687755,-21.2711275438323,1.05141417450654,-123.109880908212,-0.731703373176387,7.76451932731037,3.86451555855982,-14.3994125222008,18.1389554002941,-9.44733292453965,1.57055587910908,9.12580242613921,-1.66266061789928,-8.87774752309311,-1.16307298853585,-115.321886598934,-4.31989544177183,9.86584255076732,-0.627098585412335,-6.26764683663315,-6.3954652100029,50.1120878126938,0.308820249363626,10.3256186763587,-1.79542714776999,-7.20139714602987,-4.44198215332798,-11.6011611764523,0,0,0,880.317958067827,0.15680202296636,0.0255036386141132
50.25,-24.2426404452674,-160.558667609741,-177.945791171602,-73.2160098140563,-293.947476136117,-334.288744519498,-13.5099251350537,118.778133410453,120.495141281683,-37.2835884487163,165.425750168679,166.445870161932,4.13628253726945,8.03899781693073,-1.7075956619046,-6.70555927851563,20.9006837879032,172.185283307617,-8.72120349394082,3.98719965503199,-0.521235781034054,-21.9448147287261,-0.38625241076032,-116.521420446554,0.282982013482037,7.31392423184606,3.95963652754843,-28.2024614395689,7.16420801672411,1.81544055928061,1.60646610863041,9.05969723980496,-1.60924559972884,-9.73511180542831,-2.46472801527299,-114.73408783035,-4.22200239632058,9.81395805552702,-0.609543398168658,-6.25302256834672,-7.85918319508402,50.7054888872523,0.267603453276971,10.2780687638161,-1.71447804008409,-5.70961010269792,-4.35671683076508,-12.3448776843941,0,0,0,865.421531557531,0.156781269720246,0.0254151437446799
50.255,-25.026770435194,-156.825997985241,-174.278218398799,-74.6334039040054,-283.478817989678,-326.624174376522,-12.9177878112452,118.427464761646,120.146295807978,-36.4562721862426,165.463252494657,166.199634046813,4.05398021464305,7.89353388217558,-1.6240126101121,-7.5549912796537,21.6568015624181,168.502495250498,-8.43534432394399,3.51714272366072,-0.581232073208191,-22.88300680572,-1.54786361303056,-109.524039658247,1.23561864024757,6.90274031835172,3.99688872015175,-41.5449138044884,-3.09897855844915,12.9358209935874,1.64351167376315,8.98577863374151,-1.55041168511855,-10.5516913585059,-3.68671660218748,-114.246958028967,-4.12602364390488,9.7555800435159,-0.601045645289147,-6.29654340198827,-9.23599718247323,51.2620148234275,0.214707262491223,10.2295099848894,-1.63973543840158,-4.21566242187546,-4.1611832419527,-13.0611020121289,0,0,0,850.75694303071,0.156726791820985,0.0253302090604048
50.26,-25.7926257759975,-153.171068160845,-170.525578946958,-75.9963439154129,-272.588002281731,-318.23399632328,-12.3274313358719,118.071295074756,119.784373098527,-35.6284516027701,165.564116694658,165.983826575708,3.96615972925026,7.74601030643788,-1.53648005650682,-8.21608350227793,22.7628484090556,164.801038982674,-8.13697285879786,3.09024937054109,-0.640463511151907,-24.0731486284001,-2.46559674506606,-102.156121003829,2.12138826047424,6.52998477457562,3.96811773557886,-54.1385952604522,-12.5227272030895,23.95245187956,1.68020138799311,8.90427106649585,-1.48743019011456,-11.3157432598663,-4.81040697025995,-113.861318271323,-4.03023409820937,9.69205206082532,-0.602116568258352,-6.39579065848153,-10.5023337789584,51.7783473946683,0.152199443371222,10.1806249459225,-1.57231109695085,-2.75867350007721,-3.87134212651151,-13.7413846439465,0,0,0,836.458030341641,0.156642227936017,0.025254992481468
50.265,-26.5407344395422,-149.621732708856,-166.726790615905,-77.3030468158268,-261.340580082651,-309.17888012622,-11.7389113635604,117.703994462251,119.414412376949,-34.7998308642333,165.724147707264,165.812889643029,3.8744912281549,7.59693276844359,-1.4464237257101,-8.69677995728164,24.176439434509,161.106524482498,-7.8310599725219,2.70721685918606,-0.697768721363784,-25.4956282146246,-3.17212922857541,-94.4565449417618,2.93692223955145,6.19372132258411,3.86858221363845,-65.7247459796124,-20.995627639095,34.9025208111896,1.71507766951473,8.81564211561246,-1.42156464383983,-12.0163646339986,-5.81712089203949,-113.57487522842,-3.93300443302393,9.62468237293334,-0.612825551196893,-6.54777545066364,-11.6351025304065,52.2510708234572,0.082335188149204,10.131890225212,-1.5130090271739,-1.37833764073542,-3.50372494868791,-14.3770319859262,0,0,0,822.576302372357,0.156522929464501,0.0251986937637092
50.27,-27.2717483934102,-146.20279077353,-162.918942093914,-78.5520467167771,-249.799980189937,-299.522463160167,-11.1523212408515,117.318024541709,119.039358763612,-33.9701502642978,165.936119987025,165.697173186854,3.7806478488516,7.44689347296729,-1.35524942135124,-9.00838669127925,25.8519460318805,157.442088655138,-7.52224844471999,2.36783147628495,-0.751933666520593,-27.1247415508643,-3.69980738877484,-86.4640987042556,3.68007314527188,5.89121726005661,3.69701912285999,-76.0805037874116,-28.4258767326975,45.8191365574075,1.74673245970755,8.72057831987822,-1.35403997934849,-12.6438185319104,-6.6885757225221,-113.382425863125,-3.83287905434147,9.55469991833126,-0.632810661140371,-6.74897964169719,-12.6122387519339,52.6768504992301,0.00742871860897443,10.0835854012165,-1.46233068206709,-0.11379913582844,-3.07491805970781,-14.9595984283059,0,0,0,809.080867916455,0.156364432653956,0.0251705257301698
50.275,-27.9864274841593,-142.935818149941,-159.136958331711,-79.7421798978476,-238.026636214318,-289.330251793358,-10.5678002383438,116.904200501647,118.659977409633,-33.1391993514378,166.190182572145,165.642998998449,3.68629703213976,7.2965380044866,-1.26431113318909,-9.16525271124699,27.74162017331,153.828100118581,-7.21481812741764,2.07065010663767,-0.801751648571042,-28.9297535542269,-4.07996353208246,-78.2169582234668,4.34971628465227,5.61878102314892,3.45552563577167,-85.0241893484297,-34.7439780934886,56.7289925531102,1.77382511366484,8.61995394822073,-1.28601581429489,-13.1898211994802,-7.40735235054331,-113.276137388194,-3.72863848419482,9.48321982446214,-0.661309631818653,-6.99539486792396,-13.4132440967616,53.052571678544,-0.0702607469853222,10.0358103914163,-1.42049543473971,0.997460419801492,-2.60108852354771,-15.4813641866202,0,0,0,795.878031341205,0.156160733082966,0.0251770368751894
50.28,-28.6856226451858,-139.83903220524,-155.41330146689,-80.8725660455787,-226.077229546099,-278.668528359871,-9.98554022446585,116.452002775532,118.274842284014,-32.3068278923506,166.474291817352,165.652814888416,3.59309168498824,7.1465317882011,-1.17488075241407,-9.18436862742705,29.796663290852,150.281910653536,-6.91249863778147,1.8136256759855,-0.84608809644893,-30.8760071461682,-4.34237372281104,-69.7522470777378,4.94559391058922,5.37251830508617,3.14927318162957,-92.4192793031319,-39.9048762520197,67.6504025870378,1.79510228831493,8.51479424024867,-1.21856451653678,-13.6477793367459,-7.95737436147552,-113.245886746108,-3.61934289484527,9.41121932460961,-0.697208607474926,-7.28255970466613,-14.0197088408217,53.3754387627114,-0.148622933237271,9.98850963400313,-1.38747303897217,1.92069445818569,-2.09756267896332,-15.9357728668113,0,0,0,782.841039296851,0.155903764965628,0.0252202013060812
50.285,-29.3702585849008,-136.927187943113,-151.777707688949,-81.9425863649845,-214.004063881369,-267.603289021997,-9.40579058563344,115.949927766588,117.880398566279,-31.4729546091866,166.774656632958,165.725428876972,3.50266043996857,6.99752745123726,-1.08811995423736,-9.08489633720063,31.9682147992576,146.817664817423,-6.61829639966084,1.59524322870277,-0.8839409153033,-32.9260370681527,-4.51484400985232,-61.1056747885395,5.4681740476304,5.14954747131569,2.78611217649145,-98.1769858923169,-43.8894310599142,78.5917669461121,1.80941965575634,8.40623496995243,-1.15265442117077,-14.0129687416033,-8.32438243472219,-113.279642242908,-3.50435541811139,9.33952490087186,-0.739104955255763,-7.60559623357618,-14.415800330941,53.6430376726969,-0.225766889939455,9.94150223858928,-1.36302391323848,2.62489498820441,-1.57846572284987,-16.3178049414731,0,0,0,769.845678594497,0.155595945581871,0.0252985677612738
50.29,-30.0413161014296,-134.211503305693,-148.256959905669,-82.9518592824365,-201.854583490279,-256.199236767298,-8.82886125388319,115.38586634999,117.471095182423,-30.6375737009551,167.07618164622,165.856311369225,3.41659628062012,6.85013422543264,-1.00505473013381,-8.88764632504945,34.2082403806839,143.446176458954,-6.33468371834189,1.41374322224286,-0.914490907550871,-35.0406508924265,-4.62291028212882,-52.3112560199768,5.91850111116173,4.94722908280665,2.37607161493535,-102.257396255056,-46.7051721795892,89.5505003181788,1.8157650667384,8.29548037616314,-1.08913819352871,-14.2826488781665,-8.49638730338639,-113.363869459276,-3.38339731400111,9.26890277258396,-0.785380066704495,-7.95924832264913,-14.5887029291659,53.8533652157653,-0.300090178770804,9.89461943883777,-1.34675422818196,3.08369893515211,-1.05642785456325,-16.6242671021026,0,0,0,756.802158224053,0.155244111273672,0.0254034859910774
50.295,-30.6998141608504,-131.699611884103,-144.874695595748,-83.900214501264,-189.671043765409,-244.518852134716,-8.25512376135416,114.747498505747,117.039581852797,-29.8007592266021,167.362894870503,166.037951989219,3.33644288488355,6.70489036046267,-0.926552981012823,-8.61452138816828,36.4703056394939,140.174877402048,-6.06370976699657,1.26633170995713,-0.937141464178378,-37.1799462103006,-4.68963608125264,-43.4011120220189,6.29810771588473,4.76235662434447,1.93075800571022,-104.669161956065,-48.3863087723057,100.512427735749,1.81328257694319,8.18376155572519,-1.02874598434941,-14.456111131178,-8.46408452224438,-113.483944127682,-3.2565757938776,9.2001640616008,-0.834277288733608,-8.33792467239433,-14.5289959820269,54.004830164432,-0.37031838533282,9.84784625997308,-1.33817038310856,3.27616928020095,-0.542360069455299,-16.853982431303,0,0,0,743.678334670487,0.154865216941101,0.0255260158791737
50.3,-31.3467918684628,-129.395541522593,-141.651248834705,-84.7876661952676,-177.490338800879,-232.621562073527,-7.68501029971628,114.022692327679,116.576963151442,-28.9626674861995,167.618348080667,166.260256922881,3.26367820366004,6.56223936072711,-0.85330556923773,-8.28794668681292,38.7102263984559,137.007839755572,-5.80689885701635,1.14973907039845,-0.951538962996711,-39.3042398471358,-4.73549316934328,-34.405355728969,6.60898434292721,4.59167823512765,1.46273727194514,-105.467769101536,-48.993002923196,111.451632842041,1.80129652528264,8.07229731758235,-0.972082767259526,-14.5346615779585,-8.22121489114343,-113.624556160372,-3.12414105873905,9.13382658728427,-0.883979684262877,-8.73574997238793,-14.230957830818,54.096231087624,-0.435405642476527,9.80096311333272,-1.33667137284637,3.18742421155347,-0.0453006791789071,-17.007872083531,0,0,0,730.509302919379,0.154482009923013,0.02565173855852
50.305,-31.9832904579019,-127.299717887759,-138.603525191014,-85.614386130232,-165.343986992796,-220.563024677119,-7.11901082040926,113.199895861345,116.073100542199,-28.1235375856314,167.825980113543,166.510972288583,3.19969505595101,6.4225107365014,-0.785811286085607,-7.93030597781705,40.886592476026,133.945869499436,-5.5652347313343,1.06061806508138,-0.957577239743943,-41.3748918297559,-4.77831106077544,-25.352061944576,6.85353319218248,4.43222390363302,0.984927924017863,-104.752460349755,-48.6099444149524,122.330724650726,1.77933463239565,7.96225925809038,-0.919629126282781,-14.5215418754835,-7.76485572473831,-113.77009122664,-2.98633311747325,9.06990661215362,-0.932684724747556,-9.14662728788459,-13.6927856955266,54.1267158540208,-0.494468940892262,9.75333679115891,-1.34154789240292,2.80908987862982,0.427667933099954,-17.0889252306996,0,0,0,717.386439138753,0.154119304084603,0.0257668660030959
50.31,-32.6103354217613,-125.408992771808,-135.744908035735,-86.3806774892964,-153.258271812801,-208.394544479104,-6.55766826699417,112.268510682962,115.516952176205,-27.2836904081149,167.969435503216,166.776119222478,3.14577887783754,6.28590585824992,-0.724366279972022,-7.5634028319086,42.9611669807895,130.986665506916,-5.33921365238997,0.995644129902659,-0.955387912181748,-43.3550134162352,-4.83328372502038,-16.2673237099068,7.03450699012514,4.28131759387911,0.510023422581265,-102.661920420207,-47.3442873640932,133.101475479009,1.74714890367483,7.85474247161131,-0.871744761768355,-14.4217942228598,-7.09563024808363,-113.904978968595,-2.84357850362898,9.00835928661965,-0.97867192890052,-9.56431408037129,-12.9167234425301,54.0957272569559,-0.546878602274805,9.70442267967655,-1.35205271112466,2.13955626852333,0.871434054669796,-17.1020600467309,0,0,0,704.429473854636,0.153799549785978,0.0258612693111218
50.315,-33.2289189098305,-123.716697613962,-133.085194809122,-87.0869501445306,-141.254531046966,-196.162629631188,-6.00157208270163,111.219236858608,114.896939413423,-26.4435262425699,168.032833109147,167.040427015005,3.10308317099094,6.15248940005446,-0.669058546531431,-7.20796371563498,44.8991677304083,128.125035241965,-5.12891016709288,0.951590888908933,-0.94531696657208,-45.2100545249914,-4.91302390960853,-7.17539503815298,7.15493774435294,4.1365642784847,0.0499732359951523,-99.3688745848397,-45.3230252207727,143.705774364437,1.70473301535314,7.75074289611697,-0.828674063759353,-14.2420782430301,-6.21782514494155,-114.013999881542,-2.69649968233707,8.94924988860289,-1.02036108568268,-9.9825131480984,-11.9090917572469,54.0029384981244,-0.592251058414184,9.65395200634036,-1.36742776596168,1.18402136580805,1.28280567105468,-17.0538841853915,0,0,0,691.751989463066,0.153533377065465,0.0259276886701834
50.32,-33.8399825266545,-122.212723364721,-130.630561942262,-87.7336980644217,-129.349583978153,-183.908698674811,-5.45135018310377,110.044379919517,114.201328563416,-25.6035213344817,168.000981617558,167.287751719325,3.07260360270993,6.02218673511122,-0.619768063998072,-6.88319720627991,46.6694411553483,125.353156213891,-4.93405139499038,0.925380932823311,-0.927890294204858,-46.9082711698246,-5.02765769525417,1.90108140495893,7.21804935434996,3.99582382307447,-0.384457908151302,-95.0737835134766,-42.6898899989816,154.076837060346,1.65233486403028,7.65114184782803,-0.790553223805979,-13.990448971164,-5.13940952748481,-114.082545864093,-2.54575303968748,8.89261467311846,-1.05636018194806,-10.3949783778724,-10.6802179955277,53.8481814370574,-0.630356708976232,9.60177257102721,-1.38688367108477,-0.0456840016082052,1.66039756322232,-16.9523682866193,0,0,0,679.438804568769,0.153321186764217,0.0259685106345202
50.325,-34.4444006681444,-120.88362829792,-128.383557422632,-88.3214794758306,-117.556282281722,-171.668940842263,-4.90765962456781,108.738111707135,113.418616217246,-24.7642236300156,167.859540893125,167.501469105325,3.05515206253596,5.89478750096107,-0.57617305462117,-6.60642049269694,48.2445418640174,122.660871011167,-4.75409610699712,0.914112394691493,-0.903771501604313,-48.4210778961594,-5.18495372193131,10.9407654148176,7.22715047531933,3.85718247853057,-0.784039569063885,-89.9978462323533,-39.6018653419164,164.140614983905,1.59046307673443,7.55669785299369,-0.757418497924576,-13.6761059113967,-3.8719521312373,-114.096832287577,-2.39195759900449,8.8384598910521,-1.0855010494778,-10.7956336694171,-9.24426586164752,53.6313696891776,-0.661073646951858,9.54784206217687,-1.40959024048585,-1.53148975340788,2.00446127684327,-16.8064502253872,0,0,0,667.541086603698,0.153151771702128,0.0259900387034069
50.33,-35.0429645466179,-119.712775694811,-126.343120385922,-88.8509003105581,-105.884166945603,-159.474329946791,-4.37117623277933,107.296678357795,112.53790674691,-23.9262479795089,167.595130101504,167.664832573184,3.05133224514454,5.76995538562643,-0.537762672588844,-6.39276091184999,49.6007328741977,120.036003420482,-4.58831520394443,0.915063758581396,-0.873715620343901,-49.7232936602545,-5.39048285711257,19.9232358598317,7.18550690551896,3.7189319023756,-1.14132738000229,-84.375544351954,-36.2254024722703,173.817350001269,1.51988649756704,7.46804546582136,-0.729215376747781,-13.3091233460063,-2.43043716660964,-114.044061990084,-2.23564472894233,8.7867803071818,-1.10686313143036,-11.1787018771644,-7.61896794198669,53.352417946762,-0.684354535569961,9.49224064964863,-1.43466645165207,-3.24968853306913,2.31666387244651,-16.6255907834725,0,0,0,656.08618804428,0.153005736524404,0.0259995483820479
50.335,-35.6363670640685,-118.680503490063,-124.504627569926,-89.3226013627622,-94.3402104407682,-147.350788016832,-3.84258348138637,105.718550278538,111.54927106032,-23.0902710530514,167.195385291408,167.761288581113,3.06151848398789,5.64724399563598,-0.503856163163089,-6.2549367987934,50.7179223573388,117.464683725416,-4.43587066973425,0.92568089467009,-0.838522328739253,-50.7932920797296,-5.64780485081835,28.8285429517146,7.09619574809012,3.57956354394273,-1.45081650710548,-78.4469738820804,-32.7324247240031,183.023228208506,1.44162596843346,7.3857003959009,-0.705808533814937,-12.9001718091343,-0.832982794545969,-113.91254374647,-2.0772187808269,8.73757398146752,-1.11978618728775,-11.5388392527104,-5.82526691014287,53.0111583921391,-0.700203084048144,9.43517757938304,-1.46117046508149,-5.17172675279765,2.59982260249574,-16.419302993873,0,0,0,645.090507863612,0.152862775143209,0.0260057151930875
50.34,-36.2251887037093,-117.764327928092,-122.859966934047,-89.7372494664361,-82.9296207347399,-135.319490974601,-3.32256092816002,104.004510645215,110.444076492868,-22.257026199794,166.648970651397,167.774744195777,3.0858395880118,5.5261184485082,-0.473628203658653,-6.20311857816779,51.5795526451633,114.931672645762,-4.29589058702059,0.943551431528794,-0.798991998478013,-51.613068528231,-5.95867873952004,37.6367100446141,6.96194650685051,3.43778310284962,-1.70900131532975,-72.4502151619269,-29.2962017822548,191.672092623942,1.35693807993813,7.31006997913698,-0.686992482740681,-12.4602399437695,0.899530517535027,-113.691769422807,-1.91693067172084,8.69085300744413,-1.12387321540409,-11.8712697743417,-3.88687381913676,52.6072548333845,-0.708661609215155,9.37699180091484,-1.48809313287045,-7.2651566605403,2.85760402562948,-16.1966776124578,0,0,0,634.56784812652,0.152703220374037,0.0260120754780617
50.345,-36.8098846187201,-116.939183002274,-121.397639183428,-90.0955328748942,-71.6566816916865,-123.397304936769,-2.81177252460649,102.1576807108,109.215278761047,-21.4272984550182,165.945548955311,167.689783458297,3.12416932177595,5.4059820885728,-0.446139750538697,-6.2448679467493,52.1724563137756,112.420675335673,-4.16753829774795,0.966372202119191,-0.755887348334712,-52.1682372134935,-6.32329347483769,46.3272025030236,6.78497694243538,3.29254594960514,-1.91434969180867,-66.613986584361,-26.0871704935266,199.677180991616,1.26729095151336,7.24146782961606,-0.672502870703893,-12.0003649221769,2.74391157418706,-113.372455160381,-1.75483377239726,8.64666746453224,-1.11898525816087,-12.1719129829639,-1.82975423904506,52.1401152505465,-0.709775228084481,9.31815687948468,-1.51435685994801,-9.49471379286999,3.0941974744242,-15.9659262171886,0,0,0,624.535109368626,0.152511873491241,0.0260201607794244
50.35,-37.3907731033368,-116.177696923269,-120.102888293964,-90.3981608901328,-60.5256030476969,-111.597338214046,-2.31085511451536,100.183482018174,107.857668165856,-20.601919865996,165.075717804347,167.491831300112,3.1761249130729,5.28620747676326,-0.420373328567505,-6.38515030581958,52.4866925474751,109.914639181905,-4.05007422461789,0.991915624320328,-0.709902783909062,-52.4479712833387,-6.74051456824204,54.8783844951993,6.56683376812876,3.14311033227159,-2.06720306749505,-61.1508142080588,-23.2687763451771,206.952860046103,1.17433246958279,7.1801314130154,-0.662028284022607,-11.5313783137702,4.67517725656803,-112.946552556147,-1.58756996189745,8.60678925387758,-1.10523497668875,-12.4374985337564,0.318444938255237,51.6088037845832,-0.700107929794983,9.26024413804065,-1.53869628224061,-11.8234782581914,3.31397407715399,-15.7339615941569,0,0,0,615.015169046479,0.152282361853805,0.0260305730646788
50.355,-37.9680256336868,-115.45050607011,-118.957862370334,-90.645867652803,-49.5413525340776,-99.9295909010392,-1.82040742762515,98.0895373781311,106.368063677664,-19.7817652704397,164.030919111415,167.16726567957,3.2410745857039,5.16617058024144,-0.395271369631346,-6.62641339761732,52.5153748916391,107.396031595124,-3.94290922103851,1.01800053167626,-0.661642695499379,-52.4448983037822,-7.20814161818338,63.2669872466683,6.30824993269686,2.98910141920187,-2.16961449984432,-56.2509275329393,-20.9934090706903,213.416331276016,1.07985173653234,7.12624127889014,-0.655222375276529,-11.0636728378399,6.66712371587561,-112.407235941929,-1.4057782227994,8.5757372015913,-1.08298171330009,-12.6656606322276,2.52901339378622,51.0119537735786,-0.670030469109017,9.20648329409789,-1.55956234687899,-14.2140744108872,3.52114351796085,-15.5060326348134,0,0,0,606.040784518249,0.152014276977924,0.02603950795576
50.36,-38.5416586630971,-114.726605882002,-117.941806245761,-90.8394198672517,-38.7104428897289,-88.4016811718677,-1.34097985701501,95.8855141219787,104.74545011895,-18.9677486213052,162.803329826818,166.703480390704,3.31815462900036,5.04528691124475,-0.369775988123153,-6.96872346366439,52.2544991404093,104.84709633651,-3.8456485838945,1.04247222030218,-0.611609147767184,-52.1549623127975,-7.72317061713728,71.4676140853574,6.00903115615787,2.83057629750027,-2.22513742395964,-52.0770622695208,-19.3985072908887,218.989285552493,0.985734747308362,7.07994076435143,-0.651716064637853,-10.6069939650262,8.69293335563121,-111.748871560342,-1.20614776696437,8.55425006724043,-1.05281018253084,-12.8550058734758,4.77282374659097,50.3476841435871,-0.616854537058381,9.15789579600274,-1.57563814626603,-16.6298617719772,3.71942129414062,-15.2854282608414,0,0,0,597.65492353943,0.151717858412608,0.0260426745183135
50.365,-39.1115273482917,-113.973737038856,-117.031287122355,-90.9796281045295,-28.0416474555351,-77.0196251203864,-0.873065284012965,93.5829146003621,102.99105534021,-18.1608199105642,161.385742148117,166.088902577036,3.40629596685835,4.92304825076067,-0.342868478513561,-7.40994922368121,51.7027776633082,102.250088964263,-3.75812605375101,1.06319541452664,-0.560198593646473,-51.5772622247016,-8.28205412019331,79.4523083356359,5.6679844127294,2.66807842910595,-2.23857710104189,-48.7603147160439,-18.602910138178,223.59948548516,0.893915518583089,7.04135511616467,-0.651129526813139,-10.1702589522321,10.7257996174264,-110.966973763424,-0.997589449574257,8.53685359261334,-1.01550729834314,-13.0051487791447,7.02098879411489,49.613522180122,-0.551268279730219,9.11186527058955,-1.58617473434489,-19.0360704842809,3.91171937760888,-15.0732622214224,0,0,0,589.90888016593,0.151406445550845,0.0260349138202747
50.37,-39.6773213686117,-113.158804064113,-116.200454241253,-91.0673612031749,-17.5466197290877,-65.7886452857534,-0.417091183632698,91.1948200761363,101.108366004082,-17.361962704126,159.771441287787,165.312970327441,3.50425961632815,4.79905854470503,-0.313606831759386,-7.94598356548611,50.8614841168493,99.5874935666215,-3.68042725497627,1.07806258587433,-0.507706553683979,-50.7138747729481,-8.88095184921606,87.1902096444129,5.28290009236042,2.50267005264269,-2.21571567883258,-46.3971506991349,-18.7035376741114,227.182255746142,0.80632405520513,7.01060915424828,-0.653083645565547,-9.76140470425986,12.7395506408745,-110.058152421564,-0.786994713370807,8.51983057016353,-0.972030103163344,-13.1167105520421,9.24551098208565,48.8063363372871,-0.481746002637791,9.06691573316149,-1.59047491245563,-21.4008370382925,4.09987293016581,-14.8683481608981,0,0,0,582.857610982574,0.151093507552218,0.0260080060324652
50.375,-40.2385629800708,-112.248322291753,-115.421333063954,-91.1035631766017,-7.24039468535607,-54.7139819489645,0.026586791832078,88.7355950929098,99.1030822960264,-16.5721922620901,157.954088407108,164.36607680383,3.61067986595076,4.67306757593722,-0.281159673003566,-8.57099296916148,49.7343103421012,96.8422239822076,-3.61290211708321,1.08501869700968,-0.454338678018553,-49.5696685438113,-9.51596419645931,94.647322589871,4.85059758117521,2.33593267942189,-2.16302044459523,-45.0476268100701,-19.7724857568249,229.681863475523,0.724832654010311,6.98784280146047,-0.657210587590735,-9.3872649067869,14.7092524589012,-109.020054646251,-0.575114995782983,8.50299067200196,-0.923467184384455,-13.1912782310119,11.4199048572705,47.9222832050462,-0.41018976973598,9.02374877173652,-1.58774211979905,-23.6961003407577,4.28441504534499,-14.6671721407618,0,0,0,576.560510721542,0.150788104702053,0.0259527699538173
50.38,-40.7946074199671,-111.208887979217,-114.664153756446,-91.0892719404865,2.85824722303825,-43.801680921799,0.457689592111935,86.2205600559273,96.9830135099818,-15.7925541843542,155.927615547088,163.239488125233,3.72411349776321,4.54500108915479,-0.244835212320264,-9.27768524713377,48.3272354163544,93.997813170977,-3.55616589656397,1.08210208122366,-0.400226284745586,-48.1521140662499,-10.1833414057261,101.786418453559,4.36704102355653,2.16992901142778,-2.08734362583667,-44.7348350955713,-21.854623909573,231.052773630456,0.651202110578905,6.97322401614619,-0.663163121132129,-9.05347618979231,16.6117725909043,-107.851302821942,-0.362070549946615,8.48656752735529,-0.871019854095585,-13.2313234658418,13.5197732368179,46.9567729945493,-0.337922874224607,8.98331306811034,-1.57734616846653,-25.8983242521782,4.46441033954279,-14.4639677192717,0,0,0,571.086257625931,0.150493276216009,0.0258563388309447
50.385,-41.344645746429,-110.00766529248,-113.897712925024,-91.0256390968636,12.7265687245741,-33.0593319066767,0.876017792998464,83.665640177382,94.7579179630683,-15.0241234923575,153.686138399487,161.925242693969,3.84309296799519,4.41498617231458,-0.204104070415281,-10.0575870342848,46.6484053710278,91.0385943121727,-3.51108851835242,1.0674998946702,-0.34544435612374,-46.4710934603936,-10.8796619325453,108.567086928411,3.82752818483366,2.00712394397591,-1.99562128159297,-45.4455366610319,-24.9657855853461,231.260767873331,0.587029402497408,6.96695886891205,-0.670622300468617,-8.76441265334224,18.4262857320858,-106.551429915367,-0.148049272035828,8.47086301095574,-0.815978918324244,-13.2400824331625,15.5233184710548,45.9044578761349,-0.26640460867948,8.946562212536,-1.55890446617384,-27.9890201797121,4.63735655912152,-14.2508966525965,0,0,0,566.520384194431,0.150203832242632,0.0257057084759849
50.39,-41.8877101612937,-108.612882972879,-113.089766595431,-90.9139499563817,22.3378280963743,-22.4967325959449,1.28145278874853,81.086999149971,92.4392920323871,-14.2680040341545,151.22389164051,160.416039794561,3.96618118346876,4.28337087642888,-0.158615183218631,-10.9013234905975,44.708021039918,87.9498766321187,-3.47877211218964,1.03961546595886,-0.290030056706624,-44.5387118637893,-11.6019745820076,114.945949463926,3.22695081117292,1.85026725503699,-1.89457860956283,-47.1319068287726,-29.091637769901,230.283920023689,0.533698373022455,6.96929868830277,-0.679303171078947,-8.52314790095129,20.1347046668614,-105.120812165954,0.0666638677997582,8.45624975602105,-0.759700030876814,-13.2214008395481,17.4117714927386,44.7592471888281,-0.197212879666973,8.91443228219794,-1.53233041170009,-29.9550516829313,4.79916125869571,-14.0183362009997,0,0,0,562.967181696919,0.149910706371864,0.0254886034509711
50.395,-42.4226818247714,-106.994332695493,-112.20745139906,-90.7556429484113,31.6614015940596,-12.1264554935201,1.67395611844997,78.5006659402479,90.0401142488571,-13.5253280826148,148.53519030787,158.705125137005,4.09202538061818,4.15073728130688,-0.108204386701734,-11.7988937836513,42.5182308563857,84.7181180061271,-3.46051685721661,0.997143975627194,-0.234000096105092,-42.3691117795066,-12.3479004401545,120.87704015563,2.56011993185369,1.70224547424653,-1.79044938246787,-49.7142763559723,-34.1873098789904,228.113425393385,0.492334834162923,6.9805443487833,-0.688958230410837,-8.3314437484696,21.722021476451,-103.560598611074,0.281663699390976,8.44317466553336,-0.703577908873136,-13.1795503545173,19.1697232912883,43.5143529228364,-0.132016162837533,8.88782102848242,-1.49787114864524,-31.7887117550646,4.94419815717891,-13.755271761022,0,0,0,560.542761040852,0.149602650364158,0.0251962144487079
50.4,-42.9483011271263,-105.123860471069,-111.217729875646,-90.5523275617506,40.6630773321837,-1.96429694952322,2.05356693338373,75.9221629868215,87.5745513100517,-12.7972559856494,145.614419393219,156.786180575893,4.21940763146005,4.01790747838425,-0.0528957021282471,-12.7399370091089,40.0930251366569,81.3310951736585,-3.45777558242906,0.939152265188427,-0.177365664300485,-39.9782906272923,-13.1156922701171,126.312353852773,1.8221444809032,1.56591464613439,-1.68871804786078,-53.0847213996056,-40.1778493794068,224.754284253729,0.463767355862775,7.00104788120548,-0.699378489226772,-8.18976495444209,23.176546489343,-101.872636486451,0.496409473990741,8.43216326073608,-0.649018506712893,-13.119025025842,20.7853459716939,42.1623679683965,-0.0725350482883192,8.86756939927221,-1.45613019853874,-33.487572018594,5.0654450879543,-13.4497909238152,0,0,0,559.355594877286,0.149270044535619,0.0248262720638808
50.405,-43.4631803369884,-102.975841972369,-110.087854763258,-90.3057999771537,49.3055169193642,7.97040895467861,2.42039765269821,73.366143862859,85.0576335804713,-12.0849757231829,142.456052493229,154.653224547836,4.34728965184749,3.88594222619747,0.00710426246858117,-13.7139841990254,37.448128407836,77.7780711106843,-3.47209799786707,0.865158209773276,-0.120144170517603,-37.3839211148946,-13.9042508268052,131.202554781829,1.00884678761233,1.44392875315127,-1.59389394767183,-57.111330896416,-46.9595528993118,220.225840043643,0.448494816993953,7.0312116458318,-0.710392099141666,-8.09731956889326,24.4900351954326,-100.059391355523,0.710218114237638,8.42382447679821,-0.597408323088288,-13.044328090053,22.2504936182107,40.6953784648562,-0.0204943298286746,8.85444597631427,-1.40807111631746,-35.0541112939837,5.15470253220872,-13.0896719947743,0,0,0,559.483046082907,0.148904295042034,0.0243893450459609
50.41,-43.9658184990246,-100.527632407335,-108.785846164084,-90.0180555967577,57.5488760792394,17.6546253239406,2.77462789302628,70.8460480656782,82.5049081367885,-11.3897022281472,139.054699007265,152.30052886931,4.47484985463632,3.75613231634167,0.0714180405034893,-14.7106928896245,34.6008865909855,74.0499578693988,-3.50506592908606,0.775204981258943,-0.0623675620638029,-34.6051735586654,-14.7130993290194,135.497832745846,0.117194274348757,1.33858011536852,-1.5093277388003,-61.6429649574661,-54.4021966702185,214.562169952282,0.446661582227867,7.07148531768837,-0.721860632142059,-8.0521247188411,25.6576964925612,-98.1238608306408,0.922266415136738,8.41885531667714,-0.550080270462288,-12.9597609372281,23.5606767529768,39.1051102357881,0.022432790200113,8.84913470517302,-1.35499926957607,-36.4951388129093,5.20288851585496,-12.6630565810263,0,0,0,560.950180210208,0.148503449878742,0.0239065053793919
50.415,-44.4546184069174,-97.7599815785052,-107.280974587625,-89.6912977440125,65.35157054901,27.0616056445023,3.11649679301314,68.3737799973372,79.9320776935258,-10.7126763379541,135.405178038552,149.722556465746,4.60151095809431,3.6299829530747,0.139514154066309,-15.7200613335165,31.5701462588474,70.1394721513315,-3.55822146551224,0.669925660632933,-0.00408751683431031,-31.662538944861,-15.5423190013874,139.148888116388,-0.854276531564661,1.25166798726391,-1.43708003203288,-66.5143123878441,-62.352159327998,207.812319079728,0.458040968729653,7.12236089800566,-0.73367321483373,-8.05109774117882,26.6780791458242,-96.0694809219271,1.13094178379432,8.41783667677432,-0.508272522038204,-12.8692266715092,24.7149082138346,37.383107837946,0.0540034313667074,8.85211572806442,-1.29854555604814,-37.8210347149548,5.20040219624134,-12.1591922590113,0,0,0,563.721825503728,0.148066052077144,0.023404786568368
50.42,-44.9279054324837,-94.6574051132017,-105.544242120945,-89.3279418995934,72.6711688837836,36.1610501957621,3.44629388507165,65.9594184116688,77.3546338169079,-10.0551632582826,131.502615934229,146.913923402523,4.72695691505691,3.50919168706113,0.210727903238716,-16.7326198481243,28.3761236830927,66.0412801131855,-3.63299047000873,0.550594003295232,0.0546217686596307,-28.5776513057265,-16.3924500735018,142.10802161129,-1.90506948030691,1.18440985311604,-1.3778512049002,-71.5510594999701,-70.636394260627,200.040360122594,0.482027508384992,7.18436589794841,-0.745738845486787,-8.0901724636236,27.5528372037191,-93.9000243752215,1.3313977682301,8.4205294213836,-0.473074102048034,-12.7760606176001,25.715422707558,35.5209432751891,0.068935377592715,8.86329415166557,-1.24069024956629,-39.0448372382124,5.13754498498097,-11.5692278071291,0,0,0,567.711138414195,0.147594925922358,0.0229111800896842
50.425,-45.3839479498529,-91.2085034739325,-103.548853397314,-88.930614951943,79.4653895301463,44.9194258436236,3.76434869334707,63.6109616551408,74.7874927064927,-9.41845044166618,127.342563323398,143.869387304781,4.85113845500361,3.39562064351399,0.284284839099868,-17.7395970357252,25.0402618995254,61.7521274547841,-3.73060438182994,0.419157691848903,0.113662176027563,-25.3731078537323,-17.2643638491706,144.330300439754,-3.03239789327862,1.13740675917117,-1.33097912031411,-76.5749952740666,-79.0671692331784,191.325249850088,0.517638403471681,7.25805476235651,-0.757977359678469,-8.16444009002856,28.2863793074252,-91.6194908474251,1.5198309521152,8.4273125287507,-0.445396156756973,-12.6828992061187,26.5672770306333,33.510450035019,0.0633855956625799,8.88278252799866,-1.18349790514862,-40.1812119104407,5.00498493833428,-10.8870402469642,0,0,0,572.805444830879,0.147097534904513,0.0224446018393083
50.43,-45.8209790562804,-87.4062212854576,-101.270667664831,-88.5021490726656,85.6931758554497,53.3004444986652,4.07101925867978,61.3341130665103,72.2446415045541,-8.80384480776677,122.921126779821,140.583862936215,4.97426709905658,3.29126394112476,0.359325653861315,-18.7330587663588,21.5850744904244,57.2709507008078,-3.85202362631328,0.278251098565615,0.172910486360023,-22.0722852395675,-18.1591124186255,145.774768947958,-4.230937877618,1.1106696934524,-1.29450809537164,-81.4088983020969,-87.4474499305348,181.760443571986,0.563524485780297,7.34399853180286,-0.770309652023848,-8.26831357650964,28.8854112612637,-89.2319894113884,1.69967695997012,8.44090040851387,-0.425935473541856,-12.591596929875,27.277842825822,31.343976887127,0.041341129058289,8.91181381694532,-1.12877626339883,-41.2453427349656,4.79424780939875,-10.1100701581684,0,0,0,578.899592353641,0.146583371958832,0.0220165866827537
50.435,-46.2372192594841,-83.2480406407001,-98.6886231225918,-88.0455699733589,91.3158198612807,61.2656906709912,4.36667980855164,59.1321099743422,69.7388026001257,-8.21266925856453,118.235109840387,137.052464415926,5.09679807174439,3.1982113035622,0.434931273547942,-19.7060179742407,18.0339751708079,52.5989657345588,-3.99786617121711,0.131185391271021,0.232216291810597,-18.6991502560157,-19.0777632907749,146.405669518392,-5.49268705179122,1.10370887115988,-1.26532809889758,-85.8810770524851,-95.5767638938642,171.453221719187,0.617990871688251,7.44277269279533,-0.782647883471279,-8.39571363007573,29.3583857007518,-86.7416146335413,1.87511774926355,8.46404150122353,-0.415136495591053,-12.5031985526625,27.8562084870055,29.0146548988097,0.00789245855312746,8.95144439051949,-1.07825201094086,-42.2517885724258,4.49821684677126,-9.24013952839492,0,0,0,585.931338430491,0.146063391381891,0.0216252633830178
50.44,-46.6308997761797,-78.7361033391852,-95.7851248098024,-87.5640794574003,96.2981031918043,68.7753838762059,4.65170780296936,57.0055988835948,67.2811227563844,-7.64625846837572,113.282158037864,133.270572349439,5.21940304600959,3.11860891517235,0.510147048134814,-20.652513566621,14.411092561292,47.739730032764,-4.16834480010593,-0.0180852866332399,0.291398044016996,-15.2780633090576,-20.0212266895881,146.193638215438,-6.80694459342134,1.1156821743935,-1.23937818454358,-89.8294647564411,-103.25734511773,160.523680847965,0.67902732978206,7.55494314703903,-0.794886477155603,-8.54027357912738,29.7148769156138,-84.1523182341415,2.04616659709358,8.49809262622952,-0.413166830001798,-12.4179705816353,28.3125110987698,26.5166703890901,-0.0357988106320207,9.00178097760123,-1.03365298800724,-43.2133495252996,4.11162314770471,-8.28422482201001,0,0,0,593.907626781821,0.145550812943383,0.0212592650666927
50.445,-47.0002860683424,-73.8772584325039,-92.5463877060698,-87.0610323431333,100.609422853355,75.7892572884119,4.92647059626693,54.9525586594878,64.8808931416169,-7.10595395455844,108.060902763401,129.233923092448,5.34293408221071,3.05461856498975,0.584005105897994,-21.5676571400338,10.7410697609301,42.699175635316,-4.36321648258316,-0.165021893159382,0.350236606218611,-11.8335730574947,-20.9900834967728,145.116839527763,-8.16042160341982,1.14559332027964,-1.21190313056765,-93.1052014334735,-110.300330584596,149.103346655732,0.744348153205607,7.68105025016162,-0.806894704462997,-8.69555941714386,29.9649025918634,-81.4677790323817,2.21159767310295,8.54406521548053,-0.4198693271761,-12.3354923548119,28.6572228006055,23.8455360568123,-0.0894455048181095,9.06260371403915,-0.996449918428191,-44.1399881729628,3.63150894955184,-7.25515702205502,0,0,0,602.916122467442,0.14505791520933,0.0209015720316996
50.45,-47.3437012330522,-68.6830329419156,-88.9627273204909,-86.5399079991186,104.224868802897,82.2675301365465,5.19131196010156,52.9682727668976,62.545305521475,-6.59309845933669,102.571099044298,124.938716496826,5.46838043296554,3.0083760607478,0.655544173637435,-22.4476467690358,7.04884855395211,37.4856106019107,-4.58174680228425,-0.304582217969509,0.408466105440284,-8.39020084170403,-21.9844218243431,143.162005489441,-9.53748263456901,1.19252499697205,-1.17774781553453,-95.5756659605933,-116.531761385586,137.33337992654,0.81144108071233,7.82159093331856,-0.818511571697483,-8.8553003690653,30.1182172412716,-78.6912744419222,2.3701904176721,8.60300199666138,-0.434731113234764,-12.2548031713605,28.9004185026582,20.9983522695768,-0.152355573355991,9.13359301769823,-0.967689957494996,-45.0378490968597,3.05764740790923,-6.17222013618868,0,0,0,613.11663812973,0.144599282825264,0.0205349011712981
50.455,-47.6595488587647,-63.1695251425731,-85.0287908940574,-86.0042768928722,107.126221249363,88.1719480277988,5.44653871472189,51.0453509241137,60.2792490063511,-6.10902969592059,96.8137526833087,120.381737831369,5.59682007294725,2.98194978598576,0.72382644849481,-23.2897478718654,3.35943836505259,32.1096874922905,-4.82269177127896,-0.431324769101869,0.465762369578899,-4.97221394384277,-23.0036899422541,140.325346389269,-10.9205104567886,1.25588762729598,-1.13167065462166,-97.1269484208218,-121.79813545157,125.362367529182,0.877624549656285,7.9769990265307,-0.829543542599668,-9.01362443417263,30.1836042658297,-75.8255571979773,2.52076622684566,8.67595433950943,-0.456870872444074,-12.1745979594523,29.0510533497269,17.9740504832461,-0.223412476249953,9.21432796914191,-0.947903032412738,-45.9084173898241,2.39290387040857,-5.06162008162681,0,0,0,624.716093620148,0.144189851381891,0.0201421886009259
50.46,-47.946334965441,-57.3572213352298,-80.7437233866766,-85.4577627072031,109.302837133763,93.4668627668249,5.69240771426101,49.1737999077982,58.0851508710654,-5.6550735326434,90.7912326553904,115.56048913033,5.72936787996712,2.97730013491531,0.787951415178904,-24.092242035204,-0.302329510196956,26.5843381941328,-5.08429855185226,-0.539532497145055,0.521729724770347,-1.60338739624291,-24.0465727353576,136.613303104478,-12.2903774694569,1.33566102121158,-1.06865596248762,-97.6657753377261,-125.971268133463,113.343718205405,0.940112289071305,8.14762403848109,-0.839765381094143,-9.16529257505316,30.168194864726,-72.8727412578216,2.66222350118176,8.7639544356053,-0.485040143352636,-12.0934602967673,29.1162786884273,14.7736109667709,-0.301068104103672,9.30428161324659,-0.937035114671083,-46.7478528492049,1.6435250881608,-3.95679702358542,0,0,0,637.932799765972,0.143845972237151,0.0197115049218546
50.465,-48.2026886578826,-51.2707384882767,-76.1112636323854,-84.9040007184763,110.75239774531,98.1203214108596,5.92911342766742,47.3411426812578,55.9628640992838,-5.23253670689158,84.5073651503209,110.473324993478,5.86712235958876,2.99624041363177,0.847066803932293,-24.8543456465168,-3.91206127452226,20.9246751573962,-5.36432567887713,-0.623353304839155,0.575887365229103,1.69324499770833,-25.1108979877177,132.043114718167,-13.6269994482028,1.43260437412182,-0.984205654995166,-97.1209165451373,-128.952241736578,101.432714253481,0.996083964626497,8.33370879486671,-0.848924097795115,-9.30592459484252,30.0768422480188,-69.834200904833,2.79357067879737,8.86798317455588,-0.517640023397223,-12.0101184202667,29.1008245305562,11.4002474200357,-0.383348830872106,9.40281377766253,-0.934414648404822,-47.546531392437,0.819343870819217,-2.89855623258224,0,0,0,652.961632290128,0.143580491170539,0.0192371444763699
50.47,-48.4273811404614,-44.9384965158128,-71.1397673845181,-84.3465932547453,111.481492746298,102.105133322704,6.15677634994886,45.5325844563289,53.9096034709375,-4.84269917611084,77.9675061562188,105.119587824279,6.01111270083417,3.0403996625527,0.900377142104014,-25.5761011826403,-7.44607165878888,15.147859728914,-5.66008239384673,-0.676953657347273,0.627656847382944,4.89564856448215,-26.1935775764014,126.643179397818,-14.9099413459235,1.54841021704401,-0.874593215713533,-95.4441118606379,-130.674265175993,89.7833017949178,1.04276027822563,8.53536647858525,-0.856745679939149,-9.43220931378704,29.9115787988467,-66.7104869733256,2.91395642168256,8.98893469968869,-0.552753886136259,-11.9237074103338,29.0064746412233,7.85955167201676,-0.467875886781373,9.50916259415767,-0.938756421642915,-48.2888189523334,-0.0661128860710003,-1.93499546900291,0,0,0,669.947983189709,0.143408861856964,0.0187243644131314
50.475,-48.6193427667063,-38.3923252489668,-65.8421553948645,-83.7890631548791,111.506019973191,105.399883894926,6.37543246825763,43.7312236617309,51.9199312167041,-4.48680622634917,71.1785899522981,99.4997376215894,6.1622478042945,3.11118774576514,0.947150533926186,-26.2582449933547,-10.8816636498121,9.27293878104543,-5.96848572886512,-0.694681081336869,0.676352471831,7.98305132068874,-27.2905871254261,120.453191425571,-16.1190413382575,1.68578028005213,-0.737067018048842,-92.6105585895368,-131.104318192701,78.5447301882833,1.07748063886116,8.75255773742815,-0.862944022614261,-9.54209146326966,29.671181870258,-63.5012637804707,3.02269622917879,9.12757889005844,-0.588195843396597,-11.8340192104844,28.8316574610474,4.15959240910585,-0.551901259675209,9.62243664141573,-0.948204806350676,-48.9530956455118,-0.995625148127581,-1.12121085088563,0,0,0,688.972774900904,0.14334232369923,0.0181817695751434
50.48,-48.7776778282681,-31.6670123123775,-60.2357861356445,-83.2348062291048,110.851385154946,107.989864434485,6.58502399346904,41.9183050423205,49.9857925069004,-4.16606046999209,64.1491512714739,93.6154717022499,6.32126875611709,3.20976296930104,0.986724389305075,-26.9020563635617,-14.1974127564068,3.32065117870735,-6.28613307156168,-0.671230923210783,0.72117637661707,10.9362084280682,-28.3969858879152,113.524042675389,-17.2350186528982,1.84840586912175,-0.569995307847637,-88.6189978756776,-130.243517503054,67.8581716381789,1.09778130246182,8.98506862000179,-0.86723129908517,-9.63492780642098,29.3508708253047,-60.2052698287624,3.11929483786464,9.28452323690503,-0.621573794386788,-11.7417217147599,28.5711722115823,0.310962795198607,-0.632360298816199,9.74161034571753,-0.960415687431837,-49.5120392264415,-1.94840274782389,-0.518768028733782,0,0,0,710.047498511062,0.143390434381109,0.017623731463571
50.485,-48.9016768237629,-24.7997990989533,-54.342254239536,-82.6870437738981,109.552491041294,109.867889408917,6.7853915501578,40.0735113377315,48.0966003118197,-3.88161387365918,56.8893192665527,87.4698300910165,6.48870603950898,3.33700243022615,1.01851081392895,-27.509193493992,-17.3734503516897,-2.6867941534115,-6.6093871521896,-0.601812430966152,0.761220050664597,13.7376612847015,-29.5069766786753,105.917482610273,-18.2400330629206,2.04084212740764,-0.372950607880899,-83.4914303085034,-128.126210112729,57.8534623266428,1.10147175113299,9.23249016362812,-0.869328922516266,-9.71160540275926,28.942153843146,-56.8203046949845,3.20346382834824,9.46017575562712,-0.650365062154168,-11.6485289269148,28.2160649389329,-3.67322708676517,-0.705942027166849,9.86552588906327,-0.972673721135079,-49.9331667370806,-2.90034429699613,-0.194931106820328,0,0,0,733.111758892262,0.143561691729459,0.0170640832090578
50.49,-48.9908259878298,-17.8298328133701,-48.187117160854,-82.1487762177789,107.653511223784,111.034974831358,6.97626799674233,38.1752893168873,46.2393684561283,-3.63455996426217,49.4107818793764,81.0672827390467,6.66484257710597,3.4934752658866,1.04200228566257,-28.0815227434633,-20.3917393203247,-8.7259666677904,-6.93446977104237,-0.482309039282685,0.795473678391837,16.3719836420048,-30.6140036660892,97.7055368926803,-19.1181690067398,2.26827404153732,-0.146736160597804,-77.2724808483762,-124.817866509471,48.6461050354848,1.0867070344723,9.49420048508626,-0.868978242943838,-9.77461566028265,28.4328380911238,-53.3432438180288,3.27513390751587,9.65471068695995,-0.672001888973986,-11.5573061787726,27.7536641693038,-7.77741580738592,-0.769177798191889,9.99290525732079,-0.982038994627469,-50.1796221489749,-3.82444618974327,-0.2216479707449,0,0,0,758.02730298832,0.14386337545523,0.0165109732803561
50.495,-49.0448139033789,-10.7975831098342,-41.7995539114859,-81.6227389682565,105.207449904585,111.500854945201,7.15727402389957,36.2012054314815,44.3988909902243,-3.42592636529083,41.726719794306,74.4137952027401,6.8496834854629,3.67941897601493,1.05677809170195,-28.6209479514888,-23.2363340453392,-14.7724871183977,-7.25756017125565,-0.309427684991671,0.82284426390441,18.826006069614,-31.7108838590278,88.9696908229909,-19.8558245431461,2.53618158531827,0.106639433956204,-70.0284222327375,-120.411908271313,40.3346603974284,1.05205379880816,9.76935021062746,-0.865950177953934,-9.82807882799464,27.8072112367142,-49.7700821576616,3.33446138900619,9.86803877469569,-0.683963500763884,-11.4720974944143,27.1677804621789,-11.9837156314606,-0.81854830418458,10.1223760756055,-0.98551489596064,-50.21118629268,-4.69137540432236,-0.674297441679497,0,0,0,784.563806037053,0.144305380032099,0.0159659422027136
50.5,-49.0635350645587,-3.744232235942,-35.2119609632633,-81.1113614939201,102.275494867227,111.2843184753,7.32791565392256,34.1283260045807,42.5579653263038,-3.25666781608872,33.8517098404044,67.5168699234194,7.04293321291309,3.89471903602329,1.06251180169678,-29.1292468466213,-25.8936158295756,-20.8013227750839,-7.57489378986716,-0.0808320693882332,0.842182888528834,21.089009447158,-32.7899663198758,79.7998499045452,-20.441993929124,2.84992109491662,0.3840314244638,-61.8458567743727,-115.025656077233,32.9986312569513,0.99654777739133,10.056852022543,-0.860053087711073,-9.87771482249128,27.046396030203,-46.0960068922476,3.38182847151081,10.0997838457363,-0.683871089444744,-11.3980662238422,26.4390685474452,-16.2720970081409,-0.85060801051167,10.2525144096347,-0.980227232509448,-49.9854742885634,-5.47021815589083,-1.63021094048915,0,0,0,812.378124316387,0.144895339904147,0.0154300183741665
50.505,-49.0470903037494,3.28895216185261,-28.4594915065102,-80.6167306105516,98.9261766736439,110.413350429146,7.48758373692027,31.9336165995255,40.6976559520203,-3.12765982435221,25.8015983472895,60.3855607925367,7.24398054586487,4.13889210473111,1.0589798252216,-29.6079214008459,-28.3524943045109,-26.7871024399905,-7.8828577108988,0.204741980410341,0.852320762817803,23.1528780644059,-33.8433116378049,70.2930957372721,-20.8684426007986,3.21424607395645,0.681263487812473,-52.8300508763545,-108.79562159894,26.6969148981769,0.919740633976757,10.3553749948351,-0.851138369688379,-9.93075770300721,26.1288729876709,-42.3154984379719,3.41783702168221,10.3492672514543,-0.669581908902855,-11.3413448171253,25.5455450487461,-20.6206309868774,-0.862124827884454,10.3819066902403,-0.963603517809047,-49.4592759461948,-6.12941313897196,-3.16698901296186,0,0,0,840.99365003262,0.14564588079142,0.014899925911692
50.51,-48.9957840424344,10.2612522630133,-21.5795451951754,-80.1405588480596,95.2343524984783,108.925070620985,7.63555551180022,29.594354976017,38.7975949539732,-3.03969309668033,17.5933455343925,53.0304592613577,7.45189181735925,4.41107324057686,1.04607087341002,-30.0580684903093,-30.6045653590653,-32.7044483548648,-8.17808265375769,0.547374119511238,0.852112928913871,25.0122034426272,-34.8628831351641,60.5522610188683,-21.1297877336763,3.63278256777627,0.993257777660305,-43.1029163021472,-101.872388210867,21.4668645487207,0.821734272860223,10.6633442454999,-0.839103457981593,-9.99581266973871,25.0311593660747,-38.4224581401152,3.44329570236383,10.6155014600861,-0.639278724689108,-11.3087948100774,24.4632492771518,-25.0057865236075,-0.850231271571724,10.5092313385342,-0.933541012971179,-48.589987148949,-6.63787255075653,-5.3606409421501,0,0,0,869.796131907135,0.146561451347992,0.0143781914285048
50.515,-48.9101183727815,17.1331339305565,-14.6112162859238,-79.6841586587044,91.2800378710005,106.865465597687,7.77099827094136,27.0885518282123,36.8363150647486,-2.99346888376722,9.24484258261706,45.4636508488803,7.66541252479943,4.71000765887931,1.02379592840691,-30.4802763646294,-32.6442167081566,-38.528321537029,-8.45751540040173,0.94592887493146,0.840488286942867,26.6643311785185,-35.8407407500505,50.6843525276157,-21.2234709690266,4.10756723044855,1.31419911819806,-32.8006381531865,-94.4153303626425,17.3239682834801,0.703201045556445,10.9789462612668,-0.823892148589624,-10.0826561282096,23.7286260485719,-34.4103600817933,3.45920043791661,10.8971937302113,-0.591551083350496,-11.3076834600706,23.1670295233554,-29.4027781346836,-0.812581611307535,10.6333586005237,-0.8885526586413,-47.3370759786616,-6.96628578033918,-8.28358348040925,0,0,0,898.057403899151,0.147646984275776,0.0138710947064347
50.52,-48.790784024015,23.866869753295,-7.59470869580305,-79.2484230898914,87.14711376255,104.288916298665,7.89297513745844,24.395373303404,34.791610492988,-2.98959536548008,0.774703657427759,37.6986415087854,7.88297743387318,5.03404767274931,0.992298130664497,-30.8745512355706,-34.4686734469828,-44.2343764193708,-8.71846786906073,1.39810031433109,0.816503455981544,28.1093449241932,-36.7692285919834,40.7988554183414,-21.1496419438224,4.63867835154257,1.6377304182642,-22.0709614243902,-86.5874106257509,14.2621236792302,0.565388671145664,11.300140069198,-0.805492412103562,-10.2019811081512,22.1964279589236,-30.2724236407593,3.46670836758321,11.1927603624791,-0.525465242978203,-11.3452886991214,21.6314328646259,-33.7859578923486,-0.747507785351068,10.7534646934927,-0.827881496504139,-45.6635268824125,-7.08858930508025,-12.0025421498173,0,0,0,924.992471401651,0.148902647987896,0.0133929140471389
50.525,-48.638648315153,30.427141772423,-0.570726973185213,-78.8338133908041,82.9219398175369,101.257529408616,8.00045293294423,21.4955590971787,32.6409204032049,-3.02858518638771,-7.79796418153394,29.7502539320719,8.10272909017653,5.38115554477399,0.951861831874068,-31.240276829993,-36.0779777780637,-49.7993199208842,-8.95867086971018,1.90037368352869,0.779397570250668,29.3499839613027,-37.6411478096357,31.0059558320931,-20.9110303067877,5.22384813999318,1.95715038165171,-11.0701646285004,-78.5502687242114,12.2544629370812,0.410109126464787,11.6246742525366,-0.783932075896416,-10.3650921277097,20.4105183674961,-26.0018027417699,3.46710559639096,11.5003515429755,-0.440620083289406,-11.4284488624655,19.8316727603588,-38.1292444142843,-0.654165380199569,10.869153857131,-0.751576479629685,-43.5372097302852,-6.9835720084295,-16.576405197915,0,0,0,949.841538038874,0.150323326270201,0.0129547413146947
50.53,-48.454740243642,36.781614302188,6.4201474804441,-78.4403538559359,78.6919069736082,97.8402857868203,8.09231208136605,18.3718296843535,30.3617295734712,-3.11085423438451,-16.4538095993509,21.634494486305,8.32254447344863,5.74891301882038,0.902919946432779,-31.5762080964347,-37.4748994801229,-55.2012692717503,-9.17631785403157,2.44800282785516,0.728645162548596,30.3914935710908,-38.449907588222,21.4147215647372,-20.5127940423177,5.85818187534552,2.26562864840704,0.0402316726380718,-70.4597810547967,11.2546670120166,0.239711252739483,11.9501096445973,-0.759272936001416,-10.583555439876,18.3487130612713,-21.5917872462171,3.46176919860621,11.8178862824435,-0.337186841257719,-11.5630777396096,17.7446456149482,-42.4065803711895,-0.532660021854441,10.9805795817555,-0.660525529873254,-40.932127904241,-6.63656825138169,-22.0540856900191,0,0,0,971.966109830347,0.151906034758295,0.0125658880700188
50.535,-48.2402329081645,42.901467095546,13.3380853586988,-78.0676340352197,74.5439641433019,94.1120244111462,8.16735846121257,15.0092759693171,27.9319804633221,-3.23672173411921,-25.1734999469639,13.3683921235005,8.54006931416528,6.13453828641676,0.846058688618814,-31.8804985039067,-38.6647764921902,-60.4201021060919,-9.37007689345937,3.035111947734,0.664003526475874,31.2414103836275,-39.1896486956616,12.1312822464692,-19.9623208218836,6.53411115531165,2.5564550195542,11.0969536415383,-62.462225786163,11.1986984502329,0.0570373614818739,12.2738473908852,-0.731603969026092,-10.8688124702367,15.9917669767429,-17.0360116572125,3.45212404697559,12.1430964503959,-0.215931057368981,-11.7536686556921,15.3499650537936,-46.5924091907471,-0.384144331677401,11.0885544583249,-0.556445049556366,-37.8295099633711,-6.04117247419608,-28.4724509176146,0,0,0,990.936145565647,0.15364786763367,0.0122250923913994
50.54,-47.9964235138442,48.7618788640169,20.1446338191006,-77.714818265222,70.5631539994963,90.1522847994511,8.22433708297141,11.395724351763,25.3304906580764,-3.40641170312739,-33.9379938016177,4.969811222214,8.75275935348319,6.53491105563699,0.782018816324031,-32.1507586243784,-39.6552880473131,-65.4377915707733,-9.5390866152563,3.65483081702363,0.585551696765977,31.9092879227505,-39.8553358574901,3.25705107186879,-19.2690260589188,7.24151297371803,2.82330177384538,21.9385739347936,-54.6911414632265,12.0068798974642,-0.134635319930568,12.5931619496368,-0.70103434197188,-11.2317661180135,13.3244236812782,-12.3286663591229,3.43959512283451,12.4735784305594,-0.0782156488189427,-12.0028133356921,12.6309809181202,-50.6621611169828,-0.21087637441201,11.1946370343116,-0.441828504176108,-34.2187219881563,-5.20089028930678,-35.8543800351233,16.5307990053972,0.196306656938705,-0.0469135865304402,1006.58527476896,0.155552308453533,0.0119170299101645
50.545,-47.7247112595925,54.3424508503214,26.8033263931087,-77.3806623040883,66.8311922267121,86.0440347222257,8.26194743261005,7.52206992772392,22.5373694073679,-3.62005579192688,-42.7288177598768,-3.54275903980166,8.95792757953537,6.94660622041803,0.711692617813307,-32.3841420546355,-40.4561659057862,-70.2387185424868,-9.68294236569473,4.29944009728679,0.493718414806112,32.4063704475979,-40.4428171773326,-5.11297045814011,-18.4441635132968,7.9679793090331,3.06048542907941,32.4091209737398,-47.264919938688,13.5862467443301,-0.331666973017157,12.9052385020121,-0.667686863273619,-11.6823513861259,10.3363971508706,-7.46470698789111,3.42555601545768,12.806850507553,0.0740154530890437,-12.3107620858654,9.57574897183168,-54.5927386140277,-0.0162323764350679,11.3011839819351,-0.319859791455086,-30.0979911858129,-4.13062386684384,-44.2070106198569,35.0724296655161,0.193001906610025,-0.0437250695090246,1019.00969561523,0.157618364573449,0.0116188636676231
50.55,-47.4265734605289,59.6275598127777,33.2802684401526,-77.0635366897522,63.4251228672704,81.8723130754839,8.27886028417588,3.3825703131703,19.5344267370769,-3.87769749992827,-51.5283416003235,-12.1504355622665,9.15279624691248,7.36593636552762,0.636116071963237,-32.5774533181521,-41.0788521865195,-74.8099525704717,-9.80167133572849,4.96054317658169,0.389296695175366,32.7452257268194,-40.9488506533199,-12.8917650775135,-17.500643572806,8.69924758053344,3.2632176325709,42.361586002525,-40.2851308357326,15.8331061013707,-0.530139377098047,13.2072141550889,-0.631692394830873,-12.2291034455093,7.02324578349479,-2.44005822748604,3.41127437161584,13.1404137489897,0.238273143042773,-12.6750512524652,6.17791714263925,-58.3629912743082,0.195330620826526,11.411356919949,-0.194299508552259,-25.4749444236223,-2.85787620322149,-53.5202329445551,57.6491604141023,0.190072357147325,-0.0420759488987787,1028.49731111183,0.159845104288505,0.0113022856641551
50.555,-47.1035403125004,64.6066296056556,39.5446880244672,-76.7614562911009,60.4160797302431,77.7228199454249,8.27373574667009,-1.02490750115739,16.3055683842299,-4.17929772696292,-60.3200454068997,-20.8341886149142,9.33455231976618,7.78900298916445,0.556455875337564,-32.7272712868506,-41.5361148620185,-79.141492953973,-9.89569927500376,5.6292596525075,0.273443411303877,32.9393493907011,-41.3710994111397,-20.0017127885253,-16.4528562831274,9.41977094590836,3.4278286822621,51.6612121170611,-33.8355374777244,18.6357384569734,-0.725949599801876,13.4962222297253,-0.593185573163987,-12.8787376145506,3.38710074413295,2.74819071787959,3.39785514100952,13.4718138815697,0.411577966932232,-13.0902219604852,2.43749503407345,-61.9541708503907,0.418362782052286,11.5290753879263,-0.0693535792275324,-20.3669768654503,-1.42355208835008,-63.7654875792081,82.5602269932974,0.187276993606318,-0.0408920657865464,1035.39301348217,0.162214974688179,0.0109455277836332
50.56,-46.7571687584914,69.2743108017752,45.5694419669798,-76.4721153894604,57.8681803280704,73.6804871006417,8.24524227350549,-5.69869463291709,12.8371695956544,-4.52474158575473,-69.0887717583262,-29.5751011129885,9.50040489319622,8.21175590315055,0.473991335561723,-32.830080938158,-41.8416339877117,-83.2264615059854,-9.96581156571338,6.29643444022152,0.147663123913138,33.0027548613573,-41.7080984554503,-26.3758116141747,-15.3164921784045,10.1133959584039,3.55194615964752,60.1884520285143,-27.9817354085548,21.8771816888219,-0.914910457562496,13.7694388242,-0.552301993707212,-13.6357567168753,-0.562785204296925,8.10160063427605,3.38618260953081,13.7987014856153,0.590532880631705,-13.547650844324,-1.63852426336916,-65.3503576843847,0.646556567526618,11.6589106274721,0.0504662042555939,-14.8014748343093,0.117764342938873,-74.894918012946,108.505776162364,0.184471276459448,-0.039808249834925,1039.94225599464,0.164688322384794,0.0105448537082955
50.565,-46.3890159645069,73.6305587969712,51.331466733449,-76.1929275163531,55.8375746215116,69.8280623623844,8.19207632936551,-10.6331888280068,9.11842067334258,-4.91384636414878,-77.8209556788822,-38.3546348620739,9.64764313021882,8.63005982046223,0.390091437284607,-32.8824059498078,-42.0095730596782,-87.061239095864,-10.0131112885425,6.95285589442749,0.0137762201123573,32.9495634979927,-41.9591964671489,-31.9586783164726,-14.1083514426422,10.7641060961256,3.634612439397,67.8414906229913,-22.7713254322941,25.43803893257,-1.09285475248992,14.0241307378771,-0.509176827636334,-14.5021017378838,-4.8096962019231,13.620207381446,3.37686243823555,14.1188877679419,0.771412306777847,-14.0355089941515,-6.03571719340662,-68.5388505447538,0.872921046378202,11.8059187335555,0.160481354563846,-8.81592250611235,1.69816274104054,-86.8409258427899,135.294039565945,0.181600882522398,-0.0385673316273243,1042.15783661598,0.167204611908081,0.0101193398361028
50.57,-46.0006129510668,77.6806026879669,56.8121638414348,-75.9210691856626,54.3716661380592,66.2447405331306,8.1129823815833,-15.818789556434,5.14163709167479,-5.34637048805916,-86.5048247820301,-47.1548982050915,9.77369327042975,9.03976670927363,0.306187658856611,-32.8809347503407,-42.0541504846433,-90.6455389943713,-10.0389765678147,7.58947607111727,-0.126127740863106,32.7936095142465,-42.1244764552892,-36.7073071942655,-12.846131326804,11.3567837232394,3.67632844102805,74.5382439561564,-18.2345236492766,29.1992521165177,-1.25574014262714,14.257703743178,-0.463944685837229,-15.4768615193727,-9.32933916140676,19.3023572707237,3.37016523485532,14.430393243053,0.950265265486733,-14.5388598797806,-10.7319794038017,-71.51051259029,1.08998386264963,11.9754160900691,0.255979482787009,-2.45792312740077,3.23747295614811,-99.5161721309691,164.042760160054,0.178773293125079,-0.0369429964717698,1041.78608235023,0.169686108304165,0.00970377317178439
50.575,-45.593438952152,81.434799782924,61.9977097063505,-75.6535265961098,53.5085179105333,63.0048718473616,8.00677286322256,-21.2419036721366,0.902527113843833,-5.82202329800092,-95.1305619883039,-55.9589089927897,9.87617330152828,9.43679212078021,0.223743338426734,-32.8226331871863,-41.9892260095125,-93.9824113099629,-10.0450189756806,8.19762633129847,-0.269749805985242,32.5480734786274,-42.2046589914938,-40.5915715791732,-11.5481831189013,11.8779407710243,3.67901657126032,80.2177673078881,-14.3851104234786,33.0447822327304,-1.39975146207297,14.4677501266077,-0.416740427552864,-16.5560563302069,-14.0899679911812,25.1445519566498,3.3659735690561,14.7314868787034,1.12302978624397,-15.039900868558,-15.6974874026894,-74.2600667750571,1.29000661530332,12.1727044803315,0.332337615228639,4.2148386877631,4.64509101154375,-112.814064836691,196.694294121151,0.17627011836589,-0.0348227380828181,1038.38967089877,0.172053761834616,0.00933669870997633
50.58,-45.168897084064,84.9083736176828,66.8792804050111,-75.3871443444637,53.2764503292641,60.1767763153965,7.87234774395008,-26.8850238545201,-3.59958984744158,-6.34047541519226,-103.690423438362,-64.7508463531148,9.95294393815238,9.81719341022708,0.144220562956242,-32.7048379206618,-41.8279161428608,-97.0781743368246,-10.0330441611904,8.76922188143018,-0.414652167043169,32.2251568790243,-42.2009914377496,-43.5944595468703,-10.2332331100583,12.3163701506554,3.64590270640883,84.8410300406453,-11.2216270063839,36.8641365331139,-1.52139736829294,14.6520943892919,-0.367700530189383,-17.7325084807281,-19.052747446156,31.1413020537152,3.36373477679767,15.0207136516488,1.28565528440969,-15.5183464508919,-20.8948803198008,-76.7863344092394,1.46519828290856,12.4027575864501,0.385136173409054,11.1346767808279,5.82256434886325,-126.609768183312,235.051079403829,0.17441575410504,-0.0323116655071196,1031.5132493327,0.174243549137978,0.00904125298666347
50.585,-44.7282919012013,88.1210365724929,71.4531827912774,-75.1186751814051,53.6938326117005,57.8216889580586,7.70871334288292,-32.7268802134169,-8.36162031030267,-6.90136943915435,-112.178804792361,-73.5162843868406,10.0021546388546,10.1772475797719,0.0690456956122177,-32.5253259418911,-41.5822511858926,-99.9422703777401,-10.0050152089561,9.29694950624794,-0.558336503010202,31.8358084214098,-42.1151261650568,-45.7120423961245,-8.92006648457813,12.6636755635817,3.58132437777773,88.391042575165,-8.72874064798817,40.5546828640783,-1.61759834656809,14.8088360060601,-0.31696458628587,-18.9958106953933,-24.1723480954472,37.284989240351,3.36242233775047,15.2969090046273,1.43422912910109,-15.951944757873,-26.2796623287694,-79.0924107303161,1.60791204810532,12.6698845253302,0.41026668111965,18.2240236083896,6.66688197231527,-140.761764036411,279.834134196931,0.173370992238507,-0.0296946246995882,1020.85695659683,0.176223504343854,0.00881409884441453
50.59,-44.2728093939935,91.0965014415157,75.7208847884024,-74.8448298595673,54.7690643675314,55.9928568986285,7.51500002484843,-38.742663606877,-13.3765945989573,-7.50433068890031,-120.59224994913,-82.2424007042273,10.022283521752,10.5135263831441,-0.000425238235707337,-32.2823571621888,-41.2628845797659,-102.587045516344,-9.96301858659288,9.77443361641628,-0.698326702004779,31.3895105593335,-41.9489903872231,-46.9531813730457,-7.62717827028123,12.9146465030074,3.49047906185704,90.8723488297105,-6.87871428093613,44.0236931927089,-1.68576334582996,14.9363881826138,-0.264676482310784,-20.3323997512158,-29.397754549602,43.56573771028,3.36050899348745,15.5591993691091,1.56510325379517,-16.3171127179187,-31.800818714771,-81.1857711768307,1.71081352930155,12.9773893967218,0.404038319788479,25.3956080682389,7.07435742361106,-155.113985821784,330.24730861366,0.173068701880154,-0.0272553658318717,1006.35246390401,0.177994825260736,0.00862021891746778
50.595,-43.8034999464693,93.8618895049189,79.6889394990246,-74.5623261651446,56.5007388845944,54.7348047333028,7.29047843771934,-44.9043174258591,-18.633629788638,-8.14897767525891,-128.929397271837,-90.9181526752303,10.0121702098687,10.8229663427292,-0.062940036762653,-31.9746887424092,-40.8788629934706,-105.027454851611,-9.90923196840446,10.1963767289766,-0.832252219804613,30.8941323371478,-41.7046500278609,-47.3389847099182,-6.37240068974166,13.0674570389738,3.37913172733393,92.3099239565857,-5.63293316799633,47.1900627117535,-1.72385267039778,15.0335116104915,-0.210984854728053,-21.7257390101363,-34.6732606397122,49.971297409629,3.35595503551211,15.8069886773981,1.67501638259636,-16.5896695405258,-37.4016312992424,-83.0783016247526,1.76701278890445,13.3272483212484,0.363289176996837,32.5527296680253,6.9449361660995,-169.498530029034,384.205039518439,0.173309054822945,-0.0251445665188523,988.102232300795,0.179583624190179,0.00841034246629313
50.6,-43.321264717861,96.4470457216056,83.3687999730815,-74.2679362878781,58.8779754532635,54.0827797052821,7.03457397319325,-51.1808929051909,-24.1179607006446,-8.83493197365237,-137.190859678621,-99.534414420942,9.97104084316061,11.1029314308687,-0.117381430507028,-31.6015616421464,-40.4374630560247,-107.280696830387,-9.84589277604039,10.5586715396728,-0.95792817701272,30.3558520920347,-41.3841701053745,-46.9020331227349,-5.17252072584584,13.1236803672506,3.25330386751947,92.7475404680511,-4.94345636057943,49.9856582368721,-1.730425217761,15.0993422884111,-0.156042516630513,-23.1566090618119,-39.9396181226645,56.4869434546313,3.3460951797745,16.0398944694636,1.76120638180772,-16.745643376811,-43.02067228136,-84.7862452812098,1.77003489434386,13.7198019236867,0.285505639461325,39.5896888885022,6.1867095746168,-183.738927222309,439.016291091924,0.173883496426601,-0.023387426567572,966.235277863518,0.181028203573867,0.00813636401682416
50.605,-42.8268458452504,98.8837745222189,86.7765239871231,-73.9585317658932,61.8809043970424,54.0623831360437,6.74687916565111,-57.5389615084814,-29.8110404652896,-9.56182715613778,-145.379036497216,-108.084067946437,9.89852472887065,11.3512663506043,-0.16279465955779,-31.1626616921392,-39.9440980154352,-109.365782476747,-9.77526599537432,10.8584827587792,-1.07342832369049,29.7791510016111,-40.989474523506,-45.6853973236826,-4.04290484385918,13.0881247971326,3.11896682040693,92.2456846669409,-4.75457386766855,52.3562601515805,-1.70466871687557,15.1334125518835,-0.100004700262922,-24.6035009456237,-45.1353000751599,63.0953983056085,3.32334641112859,16.2562987089073,1.82147289414667,-16.7621221728287,-48.5929498296189,-86.3300584626001,1.70945034869969,14.1525155769939,0.168881708007101,46.3924517977102,4.72038109031955,-197.653923066563,492.149650745201,0.174618625816935,-0.0219527895674991,940.769507266552,0.182364583788678,0.00777322489127652
50.61,-42.3208207837209,101.205012305844,89.9323709303861,-73.6311253380216,65.4812855742853,54.6893894992282,6.42716378228502,-63.9430766731859,-35.6907105971389,-10.3293164405129,-153.497856874952,-116.562042422561,9.79466235250033,11.5663386096353,-0.198410511719642,-30.6580592417447,-39.4022950220684,-111.303047469229,-9.69960973885039,11.0942978036997,-1.17714722043306,29.1668759804614,-40.5222088943115,-43.7414757379651,-2.9971491993048,12.9685095134826,2.98176031895026,90.8791189127245,-5.00435999811668,54.2620756474409,-1.64641223331898,15.1356645393233,-0.0430261431588769,-26.0431015731346,-50.1978366727769,69.7767854331369,3.27285855185226,16.4521173543076,1.85421461710899,-16.6181170235789,-54.0511741736071,-87.7341673857565,1.56847862598378,14.6186188495589,0.0123236825844666,52.8396391954951,2.48341146386187,-211.061681032826,541.777440302262,0.175386659004564,-0.0208077630143357,911.541092217322,0.183617949831308,0.00732518640722102
50.615,-41.8036010081871,103.443955106708,92.8602957715695,-73.2829091429048,69.6432390233197,55.969749631879,6.07538240127688,-70.3562762015903,-41.7314389079054,-11.1370787244367,-161.552456784674,-124.965296485537,9.65990471897429,11.7470679090304,-0.223662984433855,-30.0881330035908,-38.8137413126981,-113.113617098187,-9.62113713752394,11.2659462275114,-1.26784839238828,28.5203681029305,-39.9836110229363,-41.1306843769864,-2.04677316871624,12.7750088644059,2.8467533714517,88.7341932335922,-5.6262189113767,55.6778165940019,-1.5561208125092,15.1064554370689,0.0147427798320108,-27.4508562825459,-55.0651795809361,76.5086250051592,3.1849003013323,16.6243743630641,1.85849779754514,-16.295404818337,-59.3271095835663,-89.0266186327942,1.33668104885154,15.1093965493969,-0.184309565546069,58.8039338558776,-0.566426624751533,-223.784274828574,586.986497105937,0.176090605126173,-0.0199424631894587,878.215382954734,0.184806524837051,0.0068180557240094
50.62,-41.2754351988035,105.633161876812,95.5873480026306,-72.9112888172631,74.3240651284077,57.8997700254016,5.69167932247014,-76.740615761418,-47.9046219820448,-11.9848226947459,-169.548794061993,-133.292739554746,9.49510421874047,11.8929417566892,-0.238200909595365,-29.4534849973739,-38.1783954158529,-114.818836069867,-9.541973463993,11.3745883890885,-1.34469579459844,27.8396506213475,-39.374394811035,-37.9200336403723,-1.20097178853832,12.5197012085854,2.71825945301741,85.9060120437334,-6.55042008931918,56.5923517825888,-1.43487270739233,15.0465539988618,0.0731605370442329,-28.8015891869056,-59.6770516082498,83.2658831638227,3.06016690165344,16.7733228413685,1.83408359859894,-15.7793166625736,-64.352975449567,-90.2386173335742,1.01531981541504,15.6163909960545,-0.41986565603359,64.1539912655019,-4.44832692568903,-235.652294755528,627.691120604522,0.176663039621505,-0.0193586534689887,840.353744851317,0.185944142942588,0.00629481431374934
50.625,-40.736416921964,107.803655367856,98.1429863294615,-72.5139131612713,79.4751311983182,60.4664560651388,5.27639070598801,-83.0577232963852,-54.178947413936,-12.8722887364791,-177.493208346551,-141.545089573165,9.30149741187244,12.0040166500576,-0.241893066249224,-28.754854382575,-37.4946576727061,-116.439676830514,-9.46410788782091,11.4226743312661,-1.40726666128506,27.1236687860021,-38.6946544099645,-34.1816286495897,-0.46643902359727,12.2159620480992,2.59971239129132,82.4955585382475,-7.70561982769182,57.0079591752036,-1.28432018644647,14.9571280344676,0.132099097924396,-30.0701583937541,-63.9762404152742,90.0210864215545,2.89806323385725,16.8988482650306,1.78147232988439,-15.0594394660228,-69.0628586195754,-91.4039495141624,0.60528581904118,16.1292731074885,-0.691800364188612,68.7569180134872,-9.15675259656161,-246.509354285741,664.357327571961,0.177064581892342,-0.0190587413196797,797.510896421191,0.187045717449467,0.00579918886511699
50.63,-40.1864967042956,109.98404353361,100.558322611034,-72.0886991532647,85.0428016012833,63.6480036079155,4.83004388786103,-89.2693636253499,-60.5208095958766,-13.7992484119105,-185.391935086191,-149.724666233087,9.08068031023301,12.0809046380174,-0.234826516015912,-27.9930383908927,-36.7595928951878,-117.996141499072,-9.38933991993293,11.4138741470153,-1.45554467508032,26.370572053824,-37.9437962865157,-29.9911305342537,0.152730777939237,11.8778412707716,2.49360398398522,78.606871458667,-9.02036086321196,56.9392180571997,-1.10663544866467,14.8397228075317,0.191448279040902,-31.2321205466883,-67.9097987434143,96.7445113853842,2.69395149246915,16.9992409423477,1.70192483994543,-14.1302001923909,-73.3940991865243,-92.5582885824861,0.104267966519564,16.6350693398677,-0.99612548975795,72.4813474692287,-14.6608848794108,-256.216258165452,697.666064773231,0.177282335146549,-0.0190320022442814,749.347411293229,0.188133801821458,0.00536396066865308
50.635,-39.6254982809583,112.19968466757,102.865311044372,-71.6338522054816,90.9693895566963,67.4144204873848,4.35335387697727,-95.3380021768377,-66.8947715835054,-14.7655013361308,-193.250584844231,-157.835120620132,8.8345769252254,12.1247455539409,-0.217298143136385,-27.1688284800849,-35.9691968634151,-119.506673582782,-9.31922137476064,11.3529813213029,-1.48989336063038,25.578027885575,-37.1205072748144,-25.4262159033774,0.655060753265174,11.519461216307,2.40147984769928,74.3443574786132,-10.4245369504535,56.4115929239093,-0.904443676510351,14.696230567901,0.251119264509318,-32.2643777295409,-71.4301186183245,103.404457359851,2.44325255030834,17.0723484676393,1.59739308418608,-12.9913055634754,-77.2886130044374,-93.7383905509151,-0.489062371379826,17.1194961796421,-1.32734256126305,75.2010961681686,-20.9052544375366,-264.654587891075,728.234374626057,0.177327591364346,-0.0192490937442082,695.747413272687,0.189240434603791,0.00500950681270762
50.64,-39.0531386852078,114.471919150038,105.095900760432,-71.1478816539446,97.194110307349,71.7282574746026,3.84721709343747,-101.22735670791,-73.2640644726019,-15.7708693410654,-201.073600986805,-165.881104231238,8.56540202481622,12.1371656953026,-0.189799661971705,-26.2829692136501,-35.1186975804817,-120.987596376769,-9.25499551760987,11.2457906984101,-1.51101065192933,24.7435551731581,-36.222766522799,-20.5650705758853,1.04163081510605,11.1544666258014,2.32398660780046,69.8103087463806,-11.8508036201581,55.4597701091391,-0.680745714368482,14.5288517568164,0.311046798500644,-33.1457797996586,-74.4958530288373,109.967605470591,2.14194050057141,17.1156350582369,1.47045037554779,-11.6480144767304,-80.6941163212,-94.9811881839576,-1.17452426675483,17.5676032456926,-1.67846824045025,76.7993298088944,-27.8115030920197,-271.729479151965,756.467056496111,0.177231838109749,-0.0196579915334079,636.932355749212,0.190408942593262,0.00473897904229315
50.645,-38.469051736708,116.817389699899,107.281171751737,-70.6296115660559,103.654017577703,76.545426925513,3.31270246348724,-106.902925989991,-79.5911148174176,-16.8151878927143,-208.863710329689,-173.867882425956,8.2756191799752,12.1202241940902,-0.152996651625321,-25.3361462252333,-34.2028817257763,-122.452595264018,-9.19753556658305,11.0989527880709,-1.51986666105328,23.8648644270378,-35.2479083762811,-15.4849515858929,1.31594458430454,10.7955499470621,2.26096134474837,65.1026803418457,-13.2359114386951,54.1258143264688,-0.438833243457565,14.3400487478061,0.371189608297443,-33.8576568081508,-77.0726653681303,116.399463032735,1.78676308225802,17.1261719842007,1.32419989597902,-10.1112259694673,-83.5652209632353,-96.3228005286694,-1.95015066448381,17.9644185805987,-2.04115762667181,77.1731098586711,-35.2811390753602,-277.371410305259,782.541146473492,0.17703920839794,-0.0201896599707485,573.555806795793,0.191693062001072,0.00455017603092056
50.65,-37.8728143846075,119.247470420207,109.450475324678,-70.0781870269852,110.284907814231,81.8160868193472,2.75104003934195,-112.332484829159,-85.8380899217731,-17.8982948051135,-216.621382480033,-181.80089947732,7.9678952598902,12.0763487596181,-0.10770247105041,-24.3290079724381,-33.216436538302,-123.912260952389,-9.14728449790202,10.9198059988597,-1.51762773282693,22.9401912285978,-34.1927415981375,-10.2608486070494,1.48373379433128,10.4540665844442,2.2115530668517,60.3131675270523,-14.5219346362933,52.4572153010659,-0.182199604323922,14.1324933046813,0.431528731019649,-34.3842593334159,-79.133794081745,122.664886338608,1.37547719845978,17.1006644918045,1.1621629790785,-8.3973721279911,-85.8643723767994,-97.7974808329832,-2.81187839783215,18.2956384714847,-2.40593218160371,76.2381363443263,-43.1990784709,-281.536888700509,806.470902815712,0.176798264183595,-0.0207660392215141,506.755135373728,0.193156899901699,0.00443778337994694
50.655,-37.2639752711505,121.767822691351,111.63060099999,-69.4930761293599,117.022179525006,87.485568103762,2.16360736204806,-117.486535458718,-91.9674503543798,-19.0200163772399,-224.344314425162,-189.685304421471,7.64505257641217,12.008262867712,-0.0548481781820384,-23.2622238711021,-32.1542973756989,-125.373709932161,-9.1042049763102,10.7161911691786,-1.50557086927028,21.9686091782766,-33.0537278796388,-4.96427235287872,1.55270667297639,10.1397507202933,2.17436727277372,55.5256084518967,-15.657366512323,50.5048945821463,0.0855504396041011,13.9090092302861,0.492063572593624,-34.7130891807475,-80.6604271077697,128.728669330782,0.914928879288762,17.0397827262885,0.988269528239638,-6.52811271606976,-87.5626073741067,-99.4365321794746,-3.74563820470064,18.5529976547018,-2.76225035317539,73.9334556567674,-51.4377171477862,-284.208006376452,828.200352389935,0.176549136949124,-0.0213151708988466,438.134043439112,0.194866456164084,0.00440681248293817
50.66,-36.6420848057246,124.378093085283,113.844991929674,-68.8740679398333,123.801637905423,93.495324154622,1.55191383058408,-122.338706292908,-97.942498792913,-20.1801511637905,-232.026957310332,-197.525448791143,7.3100199188995,11.9189068141498,0.00455018953844866,-22.1365789175478,-31.0119913916791,-126.840297077139,-9.06774374402462,10.4962517705757,-1.48499339322919,20.9503087301685,-31.8272194321697,0.337806703380221,1.53225171578758,9.86053217536779,2.14762410596781,50.8147250378178,-16.5980537628298,48.3212397823801,0.360788726744358,13.6725119233897,0.552805693521241,-34.8351087433963,-81.6418874436576,134.556180266703,0.435267930042477,16.957359275757,0.806945823645329,-4.52983624261073,-88.6401134967763,-101.267225686677,-4.71417305647693,18.7456137393471,-3.09859892010278,70.2258698752343,-59.861256137709,-285.390928892026,847.695339212905,0.176320796822327,-0.0217773344033647,369.657760855121,0.196888449814488,0.00447813321856039
50.665,-36.0067259805723,127.07176503039,116.113030426259,-68.2212667509674,130.560237773118,99.7838826438997,0.917583379243076,-126.866090268135,-103.727914300127,-21.3784516749932,-239.660102240417,-205.324368988129,6.96578377663034,11.81135534065,0.0694254284030462,-20.9531021784036,-29.7859681139706,-128.311433373287,-9.03680552036999,10.2682202840172,-1.45712333902241,19.8868289836083,-30.5097516964765,5.58385069473333,1.43311569023318,9.62244226689194,2.1293195239994,46.2452035845946,-17.307944677674,45.95822844043,0.639946437476041,13.4259467339252,0.613770466196983,-34.7448240299876,-82.0756372159209,140.114023954732,-0.04020772981314,16.866168946042,0.622762164284411,-2.43298039849154,-89.0865773631331,-103.311760281432,-5.68709952732426,18.8853184244857,-3.40407357911332,65.1137707431157,-68.330010142288,-285.113469681486,865.020622574142,0.176124568491889,-0.0221163737188883,303.462642773499,0.199277366629561,0.00469658985315746
50.67,-35.3575451200514,129.836172104126,118.449414096568,-67.5350829478326,137.236760626892,106.287782083664,0.262335796659309,-131.049516516687,-109.290261391035,-22.6146043814353,-247.230541288292,-213.083267437782,6.6153410893782,11.6887347597224,0.13869241142386,-19.7132236984689,-28.4739081403662,-129.782519298031,-9.00974531603257,10.0401970157045,-1.42303641055017,18.7812307739149,-29.0983830753046,10.7184643968354,1.26706258034707,9.42960119943534,2.11738270607303,41.8711074957209,-17.7596306351333,43.4656970306002,0.919588838332201,13.1722280855816,0.674966877534767,-34.4402434943509,-81.9671127364947,145.370703871883,-0.526029599628889,16.7588079362694,0.440226116232351,-0.271192887574391,-88.9013151098654,-105.586305324836,-6.66967237518623,18.9638424092423,-3.66939982241686,58.6301295394853,-76.7044609873578,-283.421976079487,880.380323216894,0.175958322431744,-0.022313373860162,241.610473376818,0.202070232293625,0.00513633769087463
50.675,-34.694281736719,132.652676666599,120.863641344553,-66.8162208264374,143.772424279172,112.942477665582,-0.412032957318036,-134.873750795592,-114.598463769739,-23.8882084741215,-254.720818537479,-220.801007708437,6.26165484068938,11.5541426164457,0.211279074962728,-18.4189515937779,-27.075001651813,-131.245001429997,-8.98438835534515,9.81992916241418,-1.3835853525135,17.6382013137065,-27.5910693228677,15.6929149944797,1.04651886190786,9.28427796887125,2.10982365446302,37.735607387929,-17.9346659684891,40.8898028048567,1.19647981919715,12.9141813039537,0.736385870266217,-33.9227218350317,-81.3294070745105,150.297256791521,-1.0381106452678,16.6248154016209,0.263501743644972,1.91963879839174,-88.0931839884907,-108.100167431636,-7.66670510412013,18.9709881976305,-3.8865390001046,50.8444037903799,-84.8488694380916,-280.377802388083,894.105353741331,0.175805298637044,-0.0223723581871713,185.840911060044,0.205280759055786,0.00590132616650774
50.68,-34.0167966703497,135.497013273791,123.359622688485,-66.0656636968146,150.111425924476,119.683203630035,-1.10367106684876,-138.327621906074,-119.624233395776,-25.1987538944974,-262.109084075046,-228.473639405848,5.90761366561932,11.4105728901363,0.286153562059198,-17.0730585156817,-25.5901889277055,-132.686556448154,-8.95807654001772,9.61459551132316,-1.33934727253252,16.4640831950362,-25.9870560863203,20.4654592428867,0.784217098232684,9.18700659712622,2.10486356485209,33.8710084877961,-17.8236575826318,38.2717174537307,1.46763461583127,12.6544889434669,0.797987740196143,-33.1967043069986,-80.1828196124869,154.867832662553,-1.57420909065712,16.4624595174397,0.0960426217350927,4.1024536592534,-86.6802802337055,-110.855120492601,-8.6646052613798,18.9085894581153,-4.04907335990866,41.8631707647228,-92.6343218419172,-276.053663631365,906.595842874049,0.175646077717589,-0.0223122975111982,137.383876966792,0.208895595837107,0.00712973690231955
50.685,-33.3250977106228,138.339791945311,125.935431482269,-65.2846565895314,156.201421456572,126.445782161396,-1.81069143260359,-141.404073150894,-124.342446569192,-26.5455992012339,-269.369061347159,-236.093968810624,5.55599637389754,11.2608495263858,0.362346166813811,-15.6792644737419,-24.0223555263766,-134.091402771218,-8.92774239076443,9.43060399345354,-1.29059367347244,15.2668237414376,-24.2872694112448,25.0014812467105,0.492846286268183,9.13674482067117,2.10104178228255,30.2990512380646,-17.4261222407046,35.6465822693006,1.73035977829021,12.3956431555872,0.859689234368691,-32.2693922781993,-78.554293908968,159.060194449071,-2.1283485693236,16.271863672869,-0.0593046036416864,6.2401396284424,-84.6894343364038,-113.844933205519,-9.6456626996456,18.782521693132,-4.15271541639061,31.8293618441138,-99.9411537953521,-270.530148979118,918.251576468602,0.17546191100553,-0.0221665595786984,96.8744139438267,0.212877729580948,0.009006224287047
50.69,-32.6193619508437,141.147151955939,128.583204311067,-64.4746868636779,161.99394517084,133.167371594703,-2.53119213090835,-144.100139661083,-128.731459974207,-27.9279498778123,-276.470135315937,-243.651190872129,5.20944191945542,11.1075706866473,0.438965079618542,-14.2424014050599,-22.3764752909826,-135.440735709724,-8.89001087686043,9.27341026397613,-1.23728671993522,14.0558444160235,-22.4946811615537,29.273449422452,0.184715981452434,9.13106345253129,2.09729403408372,27.031458040006,-16.7501159294433,33.042744866127,1.98228013956404,12.1399053023468,0.921351112328174,-31.1503543300673,-76.4767660114306,162.856116363922,-2.69391676711396,16.0535385167474,-0.200327802516113,8.29666936442566,-82.1555206199823,-117.055121523833,-10.5913030749657,18.6004746927253,-4.19556782423447,20.9200458443481,-106.660753298495,-263.892629027229,929.414522054235,0.175236462163038,-0.0219682268274042,64.3779676716394,0.217163762265189,0.0118011906354463
50.695,-31.8999541888032,143.881552408028,131.289197627685,-63.6374629907555,167.444774584392,139.787149404767,-3.26327640177376,-146.416854173008,-132.773361056773,-29.3448377054468,-283.377565526747,-251.130597281123,4.87042494126162,10.9530655197063,0.515205385585435,-12.7685441133591,-20.6596949261262,-136.713277237494,-8.84132684858284,9.14736532235231,-1.17910358159638,12.8418340988036,-20.614624653401,33.2607061881298,-0.128558338764932,9.16635600917858,2.09299742593572,24.070696713318,-15.8116459715718,30.4812878620734,2.22135321597579,11.889273617477,0.98276701583022,-29.8511088522921,-73.9884452408814,166.241664167638,-3.26438830959517,15.8091821173923,-0.325490850892812,10.2382058893115,-79.1206032788329,-120.462944672541,-11.4832785450987,18.3720518849885,-4.17835778560841,9.34278746425441,-112.69679440329,-256.228723204696,940.330007655961,0.174966273782213,-0.0217500001952189,39.4975861653038,0.221673965303133,0.0160198431770988
50.7,-31.1674407814309,146.502681474388,134.034003190095,-62.7748917660948,172.514244932056,146.246927899801,-4.0050718292489,-148.35908549495,-136.454148689255,-30.7951018281534,-290.052824541179,-258.513373912737,4.54123663295821,10.7993645355709,0.590351282885625,-11.2650925019662,-18.8813546656561,-137.885926521948,-8.77810359615007,9.05559971301981,-1.11548862987326,11.6364743245481,-18.6550357291906,36.9491084058623,-0.436341072622162,9.23806012935657,2.08797906284914,21.4109293398531,-14.6338824915246,27.9758505168288,2.44587209104673,11.6454592849391,1.04365451962529,-28.3847037137422,-71.1320485283632,169.207347588927,-3.83365998018436,15.5415405185571,-0.43393490410089,12.034136194326,-75.6329455304934,-124.037653220277,-12.3043962279582,18.1079653721902,-4.10436774093389,-2.66931632058579,-117.96598557031,-247.626412467609,951.118474495695,0.174656827080466,-0.0215320000065917,0,0,0
50.705,-30.4225984711051,148.968462065295,136.792920635338,-61.8890541806889,177.16751708134,152.491702633936,-4.75474840645708,-149.935315441774,-139.763841750748,-32.2773721198221,-296.454058333991,-265.776498978519,4.22397042312619,10.6481838510114,0.663772015044634,-9.74079156562072,-17.0529406337598,-138.934492467771,-8.69688593885415,8.99995075780944,-1.04573096539311,10.4521087366371,-16.626596283771,40.3305404618099,-0.729225689901443,9.34088407220987,2.08248704593389,19.0391135602909,-13.2461914137522,25.5327354095798,2.65445835510471,11.4098708816435,1.10364919262747,-26.7653163011783,-67.9540077854858,171.74814199439,-4.39499189655418,15.2520791808409,-0.525443221040968,13.6579947470887,-71.7459120270876,-127.740986695321,-13.0374532141805,17.8174197597333,-3.97887603340946,-14.8637488417454,-122.398434027802,-238.172799354495,961.767695619284,0.174318665934675,-0.0213261622423877,0,0,0
50.71,-29.6664178310209,151.236128016764,139.53648117141,-60.9821801738146,181.374801374777,158.470135185917,-5.51053521345204,-151.157361398915,-142.696514977548,-33.790055426475,-302.536661330426,-272.892750788415,3.9205117769168,10.5009227352706,0.734912504051074,-8.20567845743215,-15.1879659945303,-139.834485070578,-8.59438132140958,8.98117271662386,-0.96906178700304,9.30137272863663,-14.542761032783,43.4023249634777,-0.99902711292632,9.46920378829461,2.07713021137636,16.9362220737225,-11.6830163614823,23.1512840027803,2.84604705905446,11.1836067596036,1.16230238901307,-25.0078932905218,-64.5036677195817,173.863383678146,-4.94102077331773,14.9409574519993,-0.600381470535299,15.0882445410853,-67.5167969931295,-131.527907023277,-13.6655408206319,17.5076977259982,-3.80888141451163,-26.9756023419208,-125.937729968763,-227.953443156273,972.14841975479,0.173963983864964,-0.0211326039287236,0,0,0
50.715,-28.9001011214423,153.263341915639,142.231111992771,-60.0566224816903,185.111538424755,164.134973062787,-6.27073547747901,-152.040052805317,-145.25026316733,-35.3313252006423,-308.253954833312,-279.830831156465,3.63253135134631,10.3586730778538,0.803280087585477,-6.67095004609867,-13.3017799563012,-140.561938695045,-8.46704021774201,8.99987977439002,-0.884764166642472,8.19680215965495,-12.4196540217726,46.1665582131111,-1.23806552383078,9.61793875484097,2.07279396445713,15.0785450343398,-9.98264160827166,20.8244975323404,3.01986586496443,10.9674546576941,1.21908332793629,-23.1278443824502,-60.8324891418027,175.556550033265,-5.46515978187876,14.6090769628478,-0.659611404242469,16.3088904717594,-63.0056115994421,-135.347543308207,-14.1741380869636,17.1855623251539,-3.60306242667091,-38.7352431257512,-128.540845616299,-217.052141069065,982.061952105714,0.173601023788113,-0.020947110131341,0,0,0
50.72,-28.1250545035937,155.009323569869,144.839926750688,-59.1148297999379,188.358536350659,169.443410059888,-7.03373983086254,-152.600870676844,-147.427096502407,-36.8991149698139,-313.557953834607,-286.555607260235,3.36148074535492,10.2222387048984,0.868429053701969,-5.1487495224755,-11.411306157963,-141.094237809807,-8.31183788160319,9.05538782975847,-0.792292998640252,7.1504418073845,-10.2758287472839,48.6293987360488,-1.44029545406441,9.78184504007987,2.07047753186693,13.4390392518618,-8.18587255178299,18.5398731824473,3.17541061356609,10.7618976553778,1.27338581043411,-21.1407984161955,-56.993270327224,176.834941920796,-5.9619043032148,14.2580348288568,-0.704392947588827,17.3099078552357,-58.273863817813,-139.144313821395,-14.5517420176797,16.8569172256501,-3.37133909921577,-49.8763026954105,-130.177927947645,-205.550992276148,991.289313565051,0.173232095859662,-0.0207642334529865,0,0,0
50.725,-27.3428747182664,156.435957065384,147.323623377921,-58.159319487099,191.10206256767,174.357390470243,-7.79803762995729,-152.859559818873,-149.232771340599,-38.4911159889281,-318.400203822667,-293.028471272628,3.10859018125888,10.0921619701294,0.929944794479243,-3.65187646769195,-9.53471485987994,-141.410914522867,-8.12778370946053,9.14362799987612,-0.691387724859725,6.17347459606384,-8.13189433075354,50.800337110427,-1.6034063652851,9.95413151669277,2.07111955659165,11.98868764024,-6.33467386524398,16.2804200028931,3.31241937218127,10.567125515374,1.32453967086642,-19.0624243287327,-53.0393965128616,177.709290354945,-6.43006063007444,13.8864378024739,-0.736318085052904,18.0874772347466,-53.3833624908386,-142.859183079837,-14.792435417505,16.5223938058521,-3.12432775704109,-60.1436699195381,-130.832044057327,-193.53057292308,999.614706605055,0.172855460693836,-0.020579086767734,0,0,0
50.73,-26.5553304961728,157.508844418864,149.64146693113,-57.1926500511794,193.333887184103,178.843860158046,-8.56222624784878,-152.837723578436,-150.676562256832,-40.1047793203009,-322.732666274865,-299.20781343237,2.87486760797187,9.96875479566757,0.987429357565119,-2.1934308943102,-7.69103655354146,-141.494387692289,-7.9151893768794,9.25901129686606,-0.582169324504074,5.27589144701705,-6.01001929734874,52.691474126871,-1.72740659008584,10.1279263860204,2.07550726805764,10.6978323457279,-4.47080824195553,14.0258145472017,3.43084669868161,10.3830505109495,1.37182679181109,-16.9083138902445,-49.0241252946634,178.193312849719,-6.88052238461617,13.4820117373639,-0.757268602716247,18.6440246845905,-48.3950747639755,-146.431006062792,-14.9017020442043,16.1678680615497,-2.87292607878364,-69.3011620410966,-130.498917942262,-181.070064459605,1006.83714426593,0.172463779214524,-0.020394435535942,0,0,0
50.735,-25.7643391205236,158.198275129753,151.752332031498,-56.2173936785406,195.051274527667,182.874966800155,-9.32501830233186,-152.558410896539,-151.770982359554,-41.73732246643,-326.508629225645,-305.049600525702,2.66109886827665,9.85213133686364,1.04048997071206,-0.786407554545073,-5.89972787202254,-141.330615515471,-7.67475766996093,9.3962375321512,-0.465213619283527,4.46621884177645,-3.93333336501536,54.3168319199978,-1.81306200062699,10.2976096905599,2.08416886794412,9.53744556854554,-2.63452011098588,11.7536528012308,3.5308394130653,10.2093269905303,1.41450125836657,-14.693918484114,-44.9999136306316,178.303246194506,-7.31971457056698,13.0338283903257,-0.769172595969395,18.98807415787,-43.3680626171547,-149.797908275328,-14.8831961539131,15.7803438195258,-2.62792682590191,-77.13857160635,-129.186678942295,-168.247211435134,1012.77453508481,0.172053755514889,-0.0202168442190516,0,0,0
50.74,-24.9719387033225,158.480083440141,153.615777107163,-55.2361090817638,196.256919355252,186.428210690378,-10.0852468276307,-152.045705059689,-152.53145991632,-43.385740555354,-329.683617784632,-310.508048146745,2.46784867558384,9.74223966121281,1.08873177998167,0.556738310772837,-4.1802037615219,-140.909637196627,-7.40794057963319,9.54981129644655,-0.341588860726165,3.7513170378143,-1.9252554079792,55.6917192297697,-1.86232144145098,10.4584166903195,2.09723885782506,8.48030338557939,-0.863308542304574,9.44075272317432,3.61271468205247,10.0453741649682,1.45181301238161,-12.43452873977,-41.0177904606334,178.057381933978,-7.73153528148255,12.5503842642414,-0.773870199406238,19.1339247095174,-38.3585202817209,-152.89864971652,-14.7257428951547,15.3702158425912,-2.39962168934886,-83.4778203493441,-126.915625965499,-155.138031047113,1017.28063218133,0.171627081680438,-0.0200537975721904,0,0,0
50.745,-24.1802568604898,158.336368566684,155.193121104076,-54.2513149583304,196.958824686868,189.486546536583,-10.8418684417864,-151.324322831286,-152.975980073313,-45.0468219487144,-332.216278672394,-315.536371722233,2.29546220580919,9.63889023744603,1.13175560991907,1.82452913957538,-2.55135249760129,-140.225984261771,-7.11708399074558,9.71394919254354,-0.212858539709272,3.13625668236097,-0.00878168905321663,56.8321675317893,-1.87839780537085,10.6063042711089,2.11436920326474,7.50202995440338,0.80916842138247,7.06446074664938,3.67694075437433,9.89040184842517,1.48303417749518,-10.1452837330131,-37.1267776356346,177.475628463436,-8.09926334927732,12.0440190418458,-0.772993416541487,19.1011704799175,-33.4189300782894,-155.673922875106,-14.4210278172696,14.9512794867501,-2.19721956454572,-88.177996886122,-123.717997926856,-141.816248097195,1020.24545869419,0.171192123442351,-0.0199085005068707,0,0,0
50.75,-23.3914765734218,157.756057413523,156.448492731254,-53.2654643637564,197.1701189147,192.038435788054,-11.5939646002646,-150.419231695557,-153.124700921841,-46.7171680136727,-334.069212991484,-320.08759825949,2.14406717289597,9.54177961186527,1.16916104719085,3.00688079047959,-1.03105206214288,-139.278947964138,-6.80534547029435,9.88280594785319,-0.0810463402979503,2.62427580482821,1.79422798292772,57.7544497002639,-1.86552624059157,10.7380200977311,2.13468925883099,6.58198239976278,2.35401964642627,4.60391602427272,3.72412027298047,9.74343907341813,1.50748703599592,-7.84119574370194,-33.37336087442,176.579119618708,-8.41806122489637,11.5189411632103,-0.767843155464567,18.9140850906834,-28.5973498496358,-158.067539511223,-13.9725820306925,14.5262443841803,-2.02845980217489,-91.1391094594773,-119.637729271599,-128.352478326391,1021.58141389987,0.17077216081465,-0.0197821986031244,0,0,0
50.755,-22.607800103329,156.735294018461,157.349822689842,-52.2809203100433,196.908810742518,194.07784831044,-12.3407410592354,-149.355291794081,-152.999553338977,-48.3932166760118,-335.209732467638,-324.115418230846,2.01357635179726,9.45050837298238,1.20055461292664,4.0954697883416,0.364292566001576,-138.072695615245,-6.47657342327893,10.0506841495544,0.0514365388109949,2.2168133718279,3.46372764101476,58.4746875087587,-1.82869751945145,10.8511335770414,2.15681367364073,5.70395055406643,3.74784441160613,2.04122808425527,3.75497576247732,9.60336558988798,1.52457244287622,-5.53717707412369,-29.8010117775329,175.389884281023,-8.68604979008307,10.9777471983305,-0.759460055056592,18.6008946328955,-23.9368408336331,-160.027467881605,-13.3883108313975,14.0953430176316,-1.89945067833549,-92.3044444677947,-114.730159983134,-114.813224445893,1021.19340951601,0.17038941453223,-0.0196714195897592,0,0,0
50.76,-21.8314118778459,155.277645096779,157.86975069751,-51.2999329017338,196.197481662063,195.604211747682,-13.0815256987317,-148.156927899402,-152.623833910756,-50.0712692577755,-335.610516353055,-327.575055058212,1.90369063334458,9.36459330513737,1.22556228699186,5.08402828501334,1.62017167887932,-136.616235192181,-6.13515550993595,10.212217799819,0.181897442517393,1.9136103033919,4.98208948027523,59.0085490347371,-1.77338088345609,10.9440285394192,2.17890005006502,4.85665066250883,4.97322851101281,-0.637473048820969,3.77033667002468,9.46894623489903,1.53379729353261,-3.24805695590166,-26.4497614763398,173.930585263166,-8.90197105823771,10.4233799172534,-0.748624708265283,18.1929648523601,-19.4750406356509,-161.506690769926,-12.6783400515305,13.6589555329576,-1.81448270368022,-91.6614826373478,-109.06166232645,-101.259778464437,1018.97199084914,0.17006925584108,-0.019568630486317,0,0,0
50.765,-21.0644412957691,153.39411641527,157.986421408563,-50.3246183162786,195.062917090952,196.622306718989,-13.8157648763017,-146.847835513924,-152.021799851361,-51.7475200030691,-335.250149058547,-330.424128407813,1.81390281647979,9.28347441516496,1.24384523897503,5.96854712243051,2.72433432946246,-134.923233808292,-5.78584598431545,10.3625225506902,0.30749458342567,1.71286456797663,6.33460307703094,59.3710322871982,-1.70525049487716,11.0158598027406,2.19875354996438,4.03399825675062,6.01899709456931,-3.44115039818438,3.77112724727005,9.33886803235111,1.53479956525296,-0.988578823491645,-23.3558262455232,172.22432908149,-9.06514212406159,9.85916438537201,-0.735847837590432,17.7239286412771,-15.2438819960824,-162.463864611418,-11.8545836790452,13.217769605485,-1.7758967867666,-89.2413841039819,-102.709142179328,-87.7471391438748,1014.80642082126,0.169830764542971,-0.0194696855300442,0,0,0
50.77,-20.3089263948617,151.102980181396,157.684146457211,-49.3569399218884,193.535678877943,197.142106118599,-14.5430184957132,-145.450723882212,-151.218274189887,-53.4180876139349,-334.113522172982,-332.623487025275,1.74350243805073,9.20651818878492,1.25511735140154,6.74737317168093,3.66707708163406,-133.011701209965,-5.433582544715,10.4973084950163,0.42538623786447,1.61142408647815,7.50984436424973,59.5763274226639,-1.6299284500618,11.0664779968822,2.21397114253631,3.23515263004057,6.88021875447767,-6.37316720569676,3.75835460355963,9.21177967124164,1.52736946027374,1.22662909378094,-20.5512853290364,170.294541662656,-9.17541937524099,9.28882972105533,-0.72137480698469,17.2287797232821,-11.2694543499421,-162.863770487883,-10.9302823829311,12.7728628583955,-1.78402807746608,-85.1171083358672,-95.7593716167637,-74.3230546257809,1008.60468105895,0.169683560339686,-0.0193672061882761,0,0,0
50.775,-19.5667792997465,148.429419023181,156.953913700065,-48.3986918041796,191.649623541927,197.17855722095,-15.2629539826352,-143.987097384542,-150.238268643707,-55.0790480574526,-332.192088703843,-334.137987182109,1.69158199687278,9.13301891990723,1.25916300916009,7.42119408289569,4.44144552428082,-130.90355406215,-5.08330330873056,10.6129544907393,0.532885938250731,1.60499992170861,8.49989785785837,59.6377469569809,-1.55275526229274,11.0963289961272,2.22211425611315,2.46433353063268,7.55796638593698,-9.43081033640328,3.73309641866308,9.08633273889703,1.5114653043925,3.38311409200614,-18.0638112816132,168.164899089827,-9.23317638264036,8.71650826507448,-0.705202898494103,16.7429576284543,-7.57200175831722,-162.677558129681,-9.91953589649575,12.3257055686206,-1.83722914895762,-79.4002823326018,-88.3081118201844,-61.027289134007,1000.30714899469,0.169633401587388,-0.0192588976063099,0,0,0
50.78,-18.8397543132468,145.404997299878,155.793729165754,-47.4514849429008,189.441372255672,196.75130602743,-15.975339360024,-142.477075477691,-149.106630572987,-56.7264678673876,-329.483961986833,-334.937193977039,1.6570449491072,9.06220020951698,1.25585366929875,7.99291116235095,5.04334041372915,-128.624080207153,-4.73977371251014,10.7065458597347,0.627612235651235,1.68838267121205,9.3004252951017,59.5677115194691,-1.47859606747243,11.1063358088043,2.22089566202113,1.73041947607485,8.05885133045667,-12.6050442428237,3.69648803952872,8.96122377626828,1.48722309476383,5.46669172835044,-15.91645325517,165.859297621047,-9.23929580674587,8.14670534711976,-0.687109591270722,16.3014478026908,-4.16604766422437,-161.882793657223,-8.8368514406149,11.8780909726738,-1.93197421651108,-72.2369693094443,-80.4589916395864,-47.8911919201347,989.885424653849,0.169676205829473,-0.0191459109832035,0,0,0
50.785,-18.1294194371436,142.066975220756,154.208782080413,-46.5167362424949,186.94974008135,195.884364286606,-16.6800356103971,-140.939250074739,-147.847719254003,-58.3564371499876,-325.993856520305,-334.995984712841,1.63861583940193,8.99321873009265,1.24516190023708,8.46740867882539,5.47152527520097,-126.201324256316,-4.40743164706219,10.7758796537286,0.707622024204807,1.85564699384062,9.91058374467957,59.3777779309913,-1.41168786720195,11.0977716396985,2.20836480519232,1.04634599480237,8.39435752539026,-15.8805009693951,3.64970895238603,8.83523591235564,1.45495892657778,7.4635700051829,-14.1274738009011,163.401843790376,-9.19444217867182,7.5854988053227,-0.66668666630235,15.9379190370863,-1.06063411308952,-160.463330087547,-7.69624383871831,11.4333832758955,-2.06297248679566,-63.8025194831801,-72.3221173105399,-34.9376195921143,977.355314921679,0.169808268620669,-0.0190340251426742,0,0,0
50.79,-17.4371320098977,138.457485449116,152.211428461491,-45.5956605761001,184.215133278851,194.60572082307,-17.3769885007614,-139.390578072793,-146.485115459016,-59.9651015143078,-321.732872863876,-334.295036287791,1.63485288811609,8.92517210081967,1.22717185854965,8.85123487789943,5.72753751597516,-123.665416859329,-4.0902572027384,10.8194433265438,0.771517747359647,2.10033249659176,10.3328055895282,59.0786966160035,-1.3555302259018,11.072132993434,2.18307566169159,0.428330580162221,8.58001116705856,-19.2357026845762,3.59396887531191,8.7072785747099,1.41516393858112,9.36050192505636,-12.7102398506513,160.816843684858,-9.09712723227581,7.044450901009,-0.643376746996551,15.6839183554943,1.74033936601685,-158.409026212896,-6.50957197819049,11.0006037014194,-2.22315806602208,-54.2957047443926,-64.0124026280943,-22.1812331458051,962.795215279115,0.170025004757107,-0.0189286541168636,0,0,0
50.795,-16.7640190325861,134.622595462257,149.820993989163,-44.6892659529191,181.278924636105,192.946900155338,-18.0662200293205,-137.846305711741,-145.041367027589,-61.5486921823471,-316.718133607696,-332.821181906751,1.64416328336632,8.85711224727456,1.20208551202423,9.15221579489566,5.81551019433688,-121.047869942577,-3.79167122927432,10.8363735056339,0.818520906179191,2.41559337702772,10.5724608524526,58.6804863926466,-1.31281925082372,11.0310211284613,2.1442225581143,-0.105041345153144,8.63442819893706,-22.6435044997463,3.5304939227149,8.57642361100344,1.36849186759685,11.1449616302405,-11.6731685159954,158.12877058568,-8.94818813243688,6.53360235923869,-0.616535138911864,15.5681410556613,4.23769402097765,-155.715344062773,-5.2891811787682,10.5866391833518,-2.40435071967703,-43.9323505453591,-55.6476255163901,-9.6291617483251,946.351176746908,0.170325003112313,-0.0188344943197833,0,0,0
50.8,-16.1109626236751,130.611281782304,147.063402007761,-43.7983518649524,178.182817593508,190.942472799721,-18.7478196320531,-136.319920546642,-143.537771798968,-63.103553592135,-310.972281957854,-330.567626312376,1.66482133405744,8.78806498315093,1.17022427759104,9.37902714869812,5.7419161609872,-118.380859331373,-3.51446475658555,10.826401632971,0.848506966132647,2.79431377282886,10.6374285471344,58.1925162891059,-1.28542258608121,10.9760389676802,2.09173209577318,-0.533829101609614,8.57828637301099,-26.0717372674409,3.46051341901278,8.44193611789408,1.31573974927057,12.8053380294061,-11.0197281344719,155.362192033919,-8.75534241278948,6.05146640405933,-0.585480570755171,15.6157907545061,6.4364855369807,-152.382857684441,-4.05080901936226,10.1857572101182,-2.5983234388762,-32.938682155002,-47.3462351845099,2.71800059875683,928.235105307727,0.170707806783597,-0.0187507759764403,0,0,0
50.805,-15.4785909021074,126.474344313476,143.970637421502,-42.9235108122042,174.968210549545,188.629523073506,-19.421935262902,-134.823126169714,-141.994197987938,-64.6261678859115,-304.522858755144,-327.534013025014,1.69498953484714,8.71705582992267,1.13202607575253,9.54075185366417,5.51525000057451,-115.696514714143,-3.26075934818546,10.7897926591091,0.861999765170036,3.22919020500815,10.5376076900824,57.623585967813,-1.27439161509839,10.908708848526,2.02630310187861,-0.837803515702595,8.43327051629493,-29.4840230586789,3.38524795406835,8.30329836007605,1.25782270131335,14.3311388631857,-10.7484945621365,152.541640859534,-8.52649838636039,5.59471872774604,-0.549545138483101,15.8480410702247,8.34547215311469,-148.416706492001,-2.80897883220808,9.79043972297704,-2.79671746054211,-21.5445995877586,-39.2249525096187,14.864920064476,908.701851344551,0.171171349127106,-0.0186783105974646,0,0,0
50.81,-14.8672744505147,122.263290318492,140.580061785937,-42.0651329468433,171.675573072095,186.047081561404,-20.0887644350118,-133.365834421892,-140.428940868619,-66.1131757735508,-297.401577527715,-323.72634161395,1.7327424819528,8.6431413611794,1.08803807256377,9.64645085486885,5.14566579697759,-113.026235102328,-3.0319967945093,10.7272819010657,0.860126597223107,3.71278633504157,10.2844001193891,56.9819983936997,-1.28000605496477,10.8304144209754,1.9493910048453,-0.997521167591798,8.22103899667972,-32.8407305062851,3.3058991707155,8.160225367198,1.19574404160432,15.7131975150965,-10.8532620739484,149.691419517097,-8.26618331712645,5.16543867777163,-0.508128516554963,16.2816070789643,9.9765563227199,-143.826025175172,-1.57445826019245,9.39905879353548,-2.99092058904692,-9.97708706318528,-31.3962235472037,26.8200387908642,888.032364232902,0.171707586235289,-0.0186121072340866,0,0,0
50.815,-14.2771283602362,118.029218055792,136.933598933534,-41.2234137174973,168.343845869367,183.235530637632,-20.7485452839021,-131.956169778189,-138.858613525077,-67.5613933760941,-289.643520508914,-319.156737654904,1.77609346083195,8.5654446840906,1.03890558120271,9.7047730998718,4.64459008672471,-110.400045968112,-2.82900107135173,10.6399751678084,0.844538080601837,4.23756809268477,9.89019637660519,56.2756203961867,-1.30189944680244,10.742341622839,1.86313921938089,-0.995359710954521,7.96225643343309,-36.1000334633023,3.22364158041459,8.01267111554666,1.13056221045978,16.9438744856766,-11.3232074458825,146.835332827718,-7.97839087423801,4.76676574556904,-0.460733050504722,16.9284310748038,11.3442182034617,-138.623379463257,-0.356276382925153,9.01117778409693,-3.17264262235673,1.54605030148569,-23.9656008419686,38.5939591231355,866.526020811739,0.172307692421684,-0.0185449327623282,0,0,0
50.82,-13.7080197113167,113.821729783855,133.076813902949,-40.3983643359009,165.009876319189,180.235992498188,-21.4015476884953,-130.600480918562,-137.298068479225,-68.9678247831478,-281.286281410602,-313.843082619038,1.82302340586528,8.48319309902999,0.985357739671251,9.72362670787866,4.02432942693474,-107.846012204803,-2.65295603380182,10.5285274189514,0.817299965769373,4.7959288069512,9.36789286763051,55.5119286284721,-1.34024457849308,10.6449493744447,1.77029137252252,-0.81647025563546,7.6757327556447,-39.219034520376,3.13961646959246,7.86082463223094,1.06335608394949,18.0172452969266,-12.1431049262434,143.996350489335,-7.66740343043732,4.40123067768438,-0.407003433318392,17.7954836369176,12.464957658168,-132.824233278095,0.837593645650695,8.62591517957492,-3.33434892762541,12.8219470618328,-17.0291383118354,50.1977768396809,844.490127034766,0.172957084985378,-0.0184686938933618,0,0,0
50.825,-13.159580197888,109.687902685682,129.057910682574,-39.5898248307213,161.707901035831,177.089710022165,-22.0480644642826,-129.303355157408,-135.760346260458,-70.3296701979129,-272.369082952883,-307.80851535948,1.87151181244989,8.39575555224815,0.928190686992216,9.70992813479208,3.29769087001203,-105.389718977851,-2.50525293588888,10.3933716863247,0.780763033539495,5.38021418459247,8.73046373969461,54.6980400401394,-1.39556972189914,10.538158286142,1.67403175848737,-0.449607241487532,7.37770213337149,-42.1549146491057,3.05492774187679,7.7050958839418,0.99519029006962,18.9292667016713,-13.2935889160358,141.19620700526,-7.33772292202451,4.07061837316874,-0.346761797235294,18.8846777537877,13.3567591808942,-126.446468338576,2.00012944339175,8.24198129982306,-3.46955417354558,23.6677805208408,-10.6708919056111,61.6414420537667,822.219894624582,0.173636704539964,-0.0183775370525439,0,0,0
50.83,-12.6312234763493,105.67134430784,124.926676265128,-38.7974793991189,158.469086320621,173.837431422138,-22.6884026260516,-128.067632353918,-134.256646477323,-71.6443296909209,-262.931898601835,-301.080820993628,1.91956907159177,8.30267726124149,0.868249045028413,9.66943983032913,2.47763148058806,-103.053830393927,-2.38469325690724,10.2370240545799,0.737422109847953,5.98275589267554,7.99060492216686,53.8407273061928,-1.46554329431738,10.4229975381896,1.57771107733768,0.112197569543113,7.0812674592795,-44.866071243936,2.9706393780053,7.5460918892552,0.92708208006597,19.6779134919508,-14.7514603100826,138.454952515178,-6.99403598515935,3.77587728663108,-0.280032680059883,20.1928909163378,14.0385914708832,-119.509972424587,3.12507774656132,7.85776551603169,-3.57304444174774,33.9250853383148,-4.96061939524474,72.9322205280714,799.971744684243,0.174329744181066,-0.0182652116573863,0,0,0
50.835,-12.1221666943219,101.811356405427,120.733399696483,-38.0208737173684,155.321136350025,170.518810038539,-23.3228747064791,-126.894416085422,-132.796316717735,-72.9094027335809,-253.014608531869,-293.691726708745,1.96526960525599,8.20370889003309,0.806406579460448,9.60670008692323,1.57695009284337,-100.857733673056,-2.28782053731728,10.0635959738419,0.689775987252042,6.59592032918941,7.16046116577505,52.9464206892924,-1.54549331018073,10.3013711633134,1.48464472305821,0.871142740732077,6.79602732995597,-47.3132088212882,2.88777410000792,7.38458406540105,0.859971169975524,20.2632789924457,-16.4900316414949,135.790472956926,-6.64113677098329,3.51705115803972,-0.207057193787112,21.7120877643098,14.5299505399067,-112.036307572385,4.20679517024251,7.47144348815137,-3.64102416802193,43.4631749250637,0.0482314568505595,84.0733191188103,777.946687136392,0.175019219973134,-0.0181334025887745,0,0,0
50.84,-11.6314555558412,98.1422276960763,116.527795164083,-37.2594338296909,152.287977535434,167.171830757039,-23.9517901119954,-125.7830811032,-131.386854653156,-74.122683830208,-242.656219325299,-285.676127231292,2.00678511550481,8.09882790210059,0.743546947450294,9.52504205752646,0.608031066815928,-98.8172741425778,-2.21193554091286,9.87630892916384,0.640196592049886,7.21217623917077,6.25144026067493,52.0211985697683,-1.63194030484471,10.1744060543714,1.39800474231792,1.82436358959157,6.52789329224964,-49.4603494394842,2.80731279177715,7.22146832906837,0.794693756621085,20.6876335236362,-18.4795054712952,133.218001680676,-6.28376382687237,3.29322951549998,-0.12829627709655,23.429534097496,14.8504525230092,-104.048464736469,5.24017285115078,7.08108450731301,-3.67118756448807,52.1815928483214,4.32016595557396,95.0627279951471,756.289187610431,0.175691557633283,-0.0179894458120975,0,0,0
50.845,-11.1579921954188,94.6926720845729,112.357957705297,-36.5124862012789,149.389525682518,163.832274355143,-24.5754464986135,-124.731277323743,-130.033919046141,-75.2821547069077,-231.894175340157,-277.071265283436,2.04241723028739,7.98825020889761,0.680545423145449,9.42669280409824,-0.417353860288126,-96.9445838971271,-2.15513607690327,9.67762799287852,0.590817518889162,7.8241815542592,5.27411243668019,51.0707693859607,-1.72259853586473,10.0426031990665,1.32065260451989,2.96384542654551,6.27909595337806,-51.2757334528436,2.73019423749403,7.05771987285083,0.731961636177555,20.9554367022435,-20.6873799315061,130.749646828354,-5.92647854523166,3.10256363220106,-0.0444238247172543,25.3280918462377,15.0194799723484,-95.5707071581761,6.22053185222154,6.68478401513879,-3.66270584669367,60.0115466084582,7.83884897258888,105.892320145626,735.094436613147,0.176334233000133,-0.0178417035145904,0,0,0
50.85,-10.7005650725318,91.4854245773435,108.269378844223,-35.7792784989569,146.641540464326,160.53323059141,-25.194121157491,-123.734931775429,-128.741345932951,-76.3859736422805,-220.763787074441,-267.915894195733,2.07062883627088,7.87243091707693,0.618252408945716,9.3129381845177,-1.48818316504836,-95.2480044447994,-2.1153927081431,9.47008674392261,0.543447195477383,8.42488661985863,4.23818766083334,50.1004480068084,-1.81529817801851,9.90648639406921,1.25496851004193,4.27654257870931,6.04836989845076,-52.7325854196982,2.65731477434927,6.8943448141826,0.672347027665293,21.0733013233767,-23.0788750254195,128.393959360814,-5.57358524858676,2.94233819040205,0.043688800134284,27.3865839041142,15.0558834613423,-86.628501004816,7.14350477237185,6.28080970898735,-3.61613660774154,66.9163059610816,10.6078223875853,116.547236203556,714.415688690838,0.176943846525719,-0.0177028828733494,0,0,0
50.855,-10.2578800600426,88.53700249794,104.304047432269,-35.0590006521517,144.055569361172,157.304670023612,-25.8080624121799,-122.788250937894,-127.511167030531,-77.4324626335546,-209.297798255011,-258.249450860784,2.09007342916011,7.75205378836849,0.557479382407161,9.18433573298821,-2.59426350508279,-93.7321011800361,-2.09057149142572,9.25628436926702,0.499510309641182,9.00764821342274,3.15255943013502,49.1151296220585,-1.90801089824804,9.76666102677495,1.2027425768618,5.74469372967211,5.83129968125518,-53.8097247118401,2.58952750242284,6.73233105918263,0.61627335282758,21.0499085918901,-25.61737326373,126.155565580921,-5.22904179046891,2.80907517123334,0.134995241868042,29.5802175126921,14.9777388305806,-77.2485288705478,8.00496459503643,5.86773809336926,-3.53326983404974,72.8905780571372,12.6506978047303,127.005570201515,694.269613695652,0.177514859781988,-0.0175852405136769,0,0,0
50.86,-9.82859188549973,85.8576349085206,100.499658242849,-34.3508057484306,141.63898074416,154.173083380129,-26.41748104598,-121.883726759963,-126.343628345314,-78.4200931782245,-197.526108933881,-248.111267328423,2.09962187320699,7.62800988314819,0.498987704462756,9.04095564035667,-3.72625200421855,-92.3977651981627,-2.07849075477804,9.0388449031307,0.46002038847283,9.56634676136851,2.02540085339921,48.1192640912078,-1.99890594939053,9.62383607155367,1.16511088895227,7.34631671975199,5.62080283929924,-54.4920054661448,2.52764074825932,6.57260074671168,0.564011876438289,20.8958764626143,-28.2648684912613,124.034885500918,-4.8963839490533,2.69866988434497,0.228301553524247,31.8810550930786,14.8021593140113,-67.4587794494456,8.8009815027802,5.44458109613537,-3.41692251118976,77.9589016485823,14.0108062395097,137.238359678828,674.646101775192,0.178050136397237,-0.0174957488898286,0,0,0
50.865,-9.41133509305083,83.4513584897383,96.8889475457656,-33.6538303317515,139.395083335751,151.161195829412,-27.0225417976267,-121.012150329269,-125.237207979785,-79.3474715120255,-185.475666760097,-237.539848518747,2.09838602843725,7.50136668132438,0.443480441707557,8.88262954847778,-4.87562930964321,-91.2423959003176,-2.07696890836064,8.82037420271731,0.42558299024011,10.0954981272947,0.864297341533036,47.1168333496943,-2.08638679133699,9.47883340545712,1.14253672018998,9.05585991644834,5.40772120652284,-54.7705758333479,2.47241554210297,6.41596655062881,0.515683794771723,20.6235846369237,-30.9824173109479,122.027954677594,-4.57868632475386,2.60645809903476,0.322296007657533,34.2585219633999,14.5451609950756,-57.2887050074644,9.52777847867062,5.01080767635155,-3.27070212223725,82.1731319125675,14.7503034891649,147.209871698171,655.527638296218,0.178551202210316,-0.0174399564923799,0,0,0
50.87,-9.00475372503229,81.3162736037815,93.4991710721464,-32.9672136972061,137.323326909197,148.287761732651,-27.6233549857413,-120.162637623024,-124.188633181157,-80.2133241763303,-173.170532861131,-226.572241758446,2.0857387603582,7.37332968653967,0.39159706712861,8.70918805008482,-6.03463182263248,-90.2601561110784,-2.08386326663269,8.60341566580269,0.396426542709748,10.5903513393203,-0.323600003965724,46.1113339420758,-2.16910870891282,9.33258505173982,1.13483459179631,10.8449827054698,5.18148891015908,-54.6429519220497,2.4245619475567,6.2630939308934,0.471267103110677,20.2469612060039,-33.7305882715506,120.126362492934,-4.27852732015207,2.52737088168375,0.415580400562253,36.6799411737456,14.2215794392024,-46.7694370449688,10.1817171056339,4.56642277432218,-3.09874458533397,85.6091153252909,14.9487458787015,156.878164938385,636.911111517772,0.179023620827639,-0.0174117686292243,0,0,0
50.875,-8.60752897499953,79.4449500065115,90.3517355975478,-32.2901158124512,135.419576950919,145.567443479449,-28.219968345956,-119.322672042885,-123.192897697497,-81.0164847898505,-160.632122703956,-215.243521155392,2.06132988375881,7.24519905968887,0.343910641947993,8.52067032582305,-7.19615284721424,-89.4422900862931,-2.09710058475754,8.39040618149196,0.372455853585516,11.0469645952312,-1.5314153572191,45.1057660599751,-2.24597942775301,9.186120157097,1.14123154660844,12.6834345424094,4.93084437192576,-54.1129073998944,2.38473418234255,6.11447114489578,0.430607400425203,19.7812369408688,-36.4699048628901,118.317314631916,-3.99791490039339,2.45653051670462,0.506703048331843,39.1110866395369,13.8450348121892,-35.9340495891798,10.7593971363672,4.11245528620065,-2.90542774050868,88.3626795197273,14.7011655304469,166.195897518588,618.827982344967,0.179474553695162,-0.0174034525076827,0,0,0
50.88,-8.21840413638805,77.8249677222557,87.4619909458267,-31.621733542007,133.676454088762,143.010775863685,-28.8123591881482,-118.478168438389,-122.243281448201,-81.7558828698282,-147.879615995454,-203.5864062768,2.0250976126806,7.11832414999629,0.300926886270654,8.317492952417,-8.35362312694029,-88.7774938314614,-2.11470056754132,8.18363414451809,0.353321857095945,11.462253672443,-2.75239680785707,44.1026296456309,-2.31614606394915,9.04054435560762,1.16045751621058,14.5400001973384,4.64455428036577,-53.1901854259845,2.35352458939239,5.9703884713533,0.393431717372364,19.242673780617,-39.1612792630913,116.58382205196,-3.73831807920458,2.38948630652847,0.594190078268618,41.5167467786734,13.427942223252,-24.8178587283456,11.2576737733113,3.65107275895049,-2.69511958980065,90.545085051938,14.1156869645107,175.111341160806,601.35590300586,0.179910324885451,-0.0173970384034812,0,0,0
50.885,-7.83620626109256,76.4395750591673,84.8391846765722,-30.9613149047491,132.083727451698,140.624215232382,-29.4004270033792,-117.613563046296,-121.331375330735,-82.4305354866852,-134.930523371523,-191.631030278781,1.97727509988658,6.99405887253564,0.263084452973027,8.10056922232111,-9.50088136200389,-88.252326556996,-2.13479589393802,7.98520488596803,0.338500354440514,11.8340092453125,-3.97978361982613,43.1039272389707,-2.37897417556436,8.89701814786929,1.19085574619666,16.3834780940087,4.3121196048439,-51.890045403026,2.33145665682963,5.83092767762098,0.359364485722624,18.6482742107386,-41.7664346138848,114.905013385759,-3.50080228763196,2.3218251976573,0.676576078247518,43.8612918793633,12.9815633700132,-13.4587461536539,11.6735059209514,3.18508002993248,-2.47197321134778,92.27810315385,13.3107375959818,183.569555262294,584.618864497534,0.180338030375789,-0.0173749488169479,0,0,0
50.89,-7.45986404739581,75.2684427393119,82.4865771883858,-30.3081711556653,130.628749816688,138.410270411608,-29.983986669424,-116.711933208896,-120.447114631434,-83.0395424442515,-121.801391513208,-179.404867669057,1.91839165869331,6.87372072035754,0.230755727238393,7.87137493659739,-10.63204485808,-87.8516518163712,-2.15568301730256,7.79707383589613,0.327372460434713,12.1608823010359,-5.20670029208538,42.1111723749451,-2.43404860075159,8.75679839684201,1.23051425436109,18.1836587591946,3.92443691848835,-50.2326627925233,2.31897744007774,5.69596229662783,0.327944878357651,18.0154780515258,-44.2483142646678,113.256562769101,-3.2860784364561,2.24926533591721,0.752433330467445,46.1092393521302,12.5160947947517,-1.8974935010199,12.0039171834609,2.71789127641602,-2.23973086066761,93.6888945903767,12.4119136440936,191.513669787129,568.77199517261,0.180760584751046,-0.0173175563100774,0,0,0
50.895,-7.08842159381153,74.2884907168168,80.4017105698628,-29.6616865486122,129.296921410573,136.3677102556,-30.5627624187144,-115.755149858029,-119.578824947891,-83.5820855570846,-108.508622566562,-166.932826413674,1.84926827925706,6.75855582073576,0.204247548907302,7.63196116656111,-11.7413895377778,-87.5590968382464,-2.17582177618462,7.62100898501272,0.319299681332768,12.4423395558618,-6.426082723111,41.1254015724149,-2.48113862817107,8.62119753708697,1.27738049648765,19.9122712206226,3.47439220029283,-48.2424056910193,2.31644989610299,5.56516878886111,0.298644886602856,17.3618528058339,-46.5714768251043,111.611220783366,-3.09452870847646,2.1680241626133,0.820398272470323,48.2258117414147,12.0407871900118,9.82188685902933,12.2460264817413,2.25376515599605,-2.0015656284387,94.9048689039406,11.5485705109214,198.886223817778,553.970864625129,0.181177106124091,-0.0172108753998987,0,0,0
50.9,-6.7210477812677,73.474762508833,78.576820374728,-29.0213257055571,128.072168611127,134.491840647713,-31.1363827417996,-114.724064617144,-118.713284733338,-84.0574324499662,-95.0693785764043,-154.237503285334,1.7710070963918,6.64971188862485,0.183801360517503,7.38491853031302,-12.8232472747915,-87.3575187029986,-2.19373667394847,7.45838242404333,0.313687920412956,12.6785932176578,-7.63063906359648,40.1471873977383,-2.52009026979851,8.49135991391642,1.32933277821398,21.5438667274521,2.957368545889,-45.9470167281755,2.32414577437846,5.43804816633257,0.270887614987582,16.7047832417823,-48.7024759236553,109.939432737606,-2.92628641529015,2.07494210305515,0.879198586124552,50.1774827864837,11.5640892220435,21.6518402049442,12.3970049823059,1.79779837912928,-1.7599829963137,96.0487006249089,10.8502135075815,205.630507252091,540.33545985342,0.181584048517162,-0.0170465092372547,0,0,0
50.905,-6.35704117733532,72.8013207864399,76.9993756930639,-28.3866385876487,126.93742358161,132.774841967193,-31.7043764021515,-113.598732070326,-117.835808518746,-84.4649451366191,-81.5025373305284,-141.339595375391,1.6849745551311,6.54822025043074,0.169592407151906,7.13330075718529,-13.8719270329163,-87.2294662733771,-2.20804605717989,7.31018017220758,0.310036370519347,12.8705113606576,-8.81284553235744,39.1766498257962,-2.55082143108396,8.36826389461684,1.38427757764199,23.056611467322,2.37165351760733,-43.3767327780753,2.34223979801553,5.31395717788336,0.244065346243078,16.0611653901663,-50.6102232624751,108.210026011606,-2.78132487407082,1.96754985195478,0.927680266721995,51.9325068691278,11.0938082947458,33.5409939263051,12.4540160195552,1.35585968003012,-1.5167778058744,97.2336699627077,10.4427715435605,211.691856472063,527.919512528342,0.181976397744707,-0.0168272619440479,0,0,0
50.91,-5.99583048945632,72.2421375758657,75.6527295303461,-27.7572631322255,125.87509108476,131.206156480409,-32.2661697338335,-112.358666336493,-116.930354549423,-84.804093450343,-67.8296627448495,-128.258454749291,1.59277815677131,6.45498737182133,0.161727765461975,6.88051749037397,-14.8816647188488,-87.1576271336652,-2.21758357605806,7.17719962399453,0.307968690637452,13.0195163800165,-9.96497571143366,38.213463218701,-2.57340126827931,8.25291149774933,1.44025895456053,24.4329629798634,1.71873590960168,-40.5633776482245,2.37080589823505,5.19214773170161,0.217556977918504,15.4471097023818,-52.2663329331808,106.390946683447,-2.65954494446625,1.84410658798097,0.964834569815052,53.4614268755996,10.6372796275127,45.4339361266472,12.4141527457612,0.934486490951234,-1.27304676472229,98.5594806250915,10.4448432277711,217.018860705462,516.6989193035,0.182345678364804,-0.0165643982400017,0,0,0
50.915,-5.6369707256895,71.7719527533257,74.5168586697805,-27.1329256853172,124.867489381602,129.772913868518,-32.8210853821037,-110.983129653981,-115.979659998469,-85.0744732046702,-54.0759508654056,-115.012767522557,1.49623683586147,6.37079559180361,0.160243162189514,6.63020732133039,-15.8466050534189,-87.1252491990169,-2.22140123040576,7.060062566516,0.307246114565267,13.12747937643,-11.0791606473451,37.2568567127208,-2.58804778090888,8.14631852197152,1.4955074859711,25.6602085525831,1.00348524532403,-37.5394641313746,2.40981623199906,5.07181288744195,0.190744478363945,14.8776578252059,-53.6454441090012,104.450025121439,-2.56085578905901,1.7036118042416,0.989824526886113,54.7375548939432,10.2015340969399,57.2710673072901,12.2743834395065,0.54074186185163,-1.02925506095767,100.108687212758,10.9640113644362,221.564444064879,506.582441313596,0.182692205905378,-0.0162722882180875,0,0,0
50.92,-5.28013534768268,71.3670756013275,73.5691699483055,-26.5134394191935,123.897253224665,128.460382208023,-33.3683426286138,-109.451449301965,-114.965406113752,-85.2758287636213,-40.271111790215,-101.62133337992,1.39734519749054,6.29631210779815,0.165098738121306,6.38610200276719,-16.7608171654499,-87.1165271187574,-2.21873940618812,6.95917602524486,0.307763628196506,13.1966178837741,-12.1474763947931,36.3056066156914,-2.59510588623216,8.04944676653484,1.54845707880522,26.7308478317865,0.234210237974904,-34.3373415451642,2.45914361356322,4.95213749963347,0.163028057566345,14.3665173574362,-54.7255182750321,102.355750499033,-2.48524385787056,1.54579478550105,1.00201030238691,55.7374193549956,9.79345465305057,68.9885444996992,12.0315163355193,0.182030891808618,-0.785353129296523,101.943839740924,12.0933273443577,225.286798652087,497.437683575838,0.183017397786474,-0.0159672773220292,0,0,0
50.925,-4.92510481790753,71.0061059550958,72.785348276568,-25.8987009772278,122.947688393257,127.252431208645,-33.9070594179122,-107.743357859778,-113.868414654969,-85.4080795051406,-26.4501483038699,-88.1039169527738,1.29823202296192,6.23210472696262,0.176174094223591,6.15189179681854,-17.6183440336027,-87.1169441327691,-2.20903010427485,6.87476226872753,0.309531687255676,13.2294031857703,-13.1620553168608,35.3580204959308,-2.59505776485215,7.9632039370486,1.59775546587068,27.6428060458715,-0.577405229699791,-30.988423202392,2.51856782438855,4.83235143461775,0.133839793239622,13.9258190611077,-55.488106221998,100.078035111271,-2.43282575520438,1.37108661495974,1.00097226561992,56.4411713116441,9.41991091844156,80.5183369983085,11.6821967627936,-0.134121635553871,-0.540937005846133,104.105424246697,13.9080706624374,228.150156217005,489.126631282269,0.183329010813367,-0.0156600162795648,0,0,0
50.93,-4.57175204849464,70.6705538825406,72.1402208163825,-25.2886856322115,122.003069003207,126.131994403917,-34.4362561711722,-105.839350651949,-112.668875828823,-85.4713494742427,-12.6539938204238,-74.4821386881845,1.20111362905266,6.17866253382275,0.193263102185781,5.93110020635025,-18.4132843450815,-87.1135606977852,-2.19189682571096,6.80689707743163,0.31264724172317,13.2284817356791,-14.1152173331595,34.4119138787926,-2.58853435389304,7.88844779871304,1.64226151740288,28.3994685394472,-1.41648813260866,-27.5225252220293,2.58778603690052,4.71178320998914,0.102655496205233,13.565901251018,-55.9185792313713,97.5889507374511,-2.40388148868698,1.1805799232778,0.986530343765726,56.832941661177,9.08786193796925,91.7884117960569,11.2229490775473,-0.400327729644684,-0.295443046478099,106.610647425969,16.4628900037319,230.125398851665,481.543025380902,0.183635369534863,-0.0153531330456866,0,0,0
50.935,-4.22002534943383,70.3453398121275,71.6086115162657,-24.6834412780505,121.048870832138,125.081517288908,-34.9548614373807,-103.721053241639,-111.346606686213,-85.4659993507092,1.0700247067115,-60.7803700377469,1.10824283993955,6.13641944191475,0.216069060028595,5.726974190922,-19.1399037968263,-87.0952420469757,-2.16714829839539,6.75555141794125,0.317258285130955,13.19661311979,-14.9996172018891,33.4645817240456,-2.57632288143282,7.82599020739654,1.68103422586782,29.0095317045228,-2.26528210351205,-23.9673437946708,2.66642730503254,4.58991191724524,0.0690046466719764,13.2951263830316,-56.0063183370316,94.8634209213513,-2.39886559836543,0.975981408553686,0.958758063447282,56.9011403950089,8.80441805439769,102.723064784277,10.6502742164085,-0.609618768487261,-0.0483651449958338,109.453081166884,19.789430342184,231.190521911008,474.644403495572,0.18393776774054,-0.0150438478946882,0,0,0
50.94,-3.86992954695796,70.0191604952366,71.1661606988276,-24.0830815976156,120.07193608709,124.083379096646,-35.4617193927908,-101.371591082113,-109.881337661883,-85.3926597059642,14.6679289489972,-47.0265960871905,1.02185449986727,6.1057785949876,0.244200817296062,5.5423936823002,-19.792771333413,-87.052817947998,-2.13476508125446,6.72063403663559,0.323526182097197,13.136624848512,-15.8084036755158,32.5127679946813,-2.55936678043403,7.77659945942227,1.7133187358536,29.4866698289342,-3.1035689182302,-20.3480925852412,2.75407075367474,4.46641538576398,0.0324782920386393,13.1197350773348,-55.7448553600861,91.8798547699313,-2.41839479590585,0.759561509519612,0.917989721144886,56.6386885636894,8.5768545775934,113.243410651386,9.9608106399413,-0.755742766098151,0.200519878133526,112.603151020922,23.8945446606595,231.330973374174,468.472447619372,0.184233642800445,-0.0147284903808282,0,0,0
50.945,-3.5215059965103,69.6847100894977,70.7900855776842,-23.487778760929,119.060567337255,123.120276975535,-35.9555991575749,-98.7759529567803,-108.253023671865,-85.252264400808,28.0790610312378,-33.2532082250239,0.944108614877964,6.08713574039384,0.277170475167161,5.3798020656016,-20.3669143127819,-86.9791693292221,-2.09487864803258,6.70203249483713,0.331589602002376,13.0513822770073,-16.5353858779877,31.5526375158168,-2.53875506563791,7.74099973268676,1.738534077896,29.8490218356843,-3.90919942678683,-16.6873155598778,2.85026675996438,4.34121272504177,-0.00726513362418618,13.0437428080701,-55.1319596494239,88.6207095908835,-2.46321198724807,0.534104591301121,0.864819366862476,56.0431737216158,8.41257226471297,123.268040186599,9.1515620687298,-0.833461800521519,0.450935093472102,116.009422303658,28.7591787324261,230.539901702043,463.156174511751,0.184508940536939,-0.0144031833141165,0,0,0
50.95,-3.17481224718153,69.3387498657187,70.4598594243704,-22.8977560077951,118.004550626724,122.175562736537,-36.4352058557141,-95.9213396277967,-106.442174993644,-85.0460828851249,41.2363031365901,-19.4976901631544,0.877032350729397,6.08089997965915,0.31439317996844,5.24115750743117,-20.8579851515593,-86.8692381654117,-2.04774322260513,6.69965034805752,0.341533087115277,12.9437703771449,-17.1752014761324,30.5797548555901,-2.51569935073825,7.71986683742821,1.75626593198192,30.1185063802384,-4.65872509230384,-13.0048833703984,2.95456008590082,4.21449963112728,-0.0504960330032933,13.0688841292524,-54.1696651515748,85.0729713380643,-2.53412787720376,0.302861716527371,0.800090735634786,55.1169202875497,8.31900253802904,132.71384843951,8.22018993583496,-0.838832549496147,0.701912162284637,119.600609834098,34.3380026399492,228.818347551182,458.89885324154,0.18474719303204,-0.0140707688491926,0,0,0
50.955,-2.82990212488916,68.9820244585366,70.1577895595065,-22.3132804578509,116.895109988944,121.233524030174,-36.8991933016689,-92.7974891910287,-104.430202090645,-84.775750106927,54.0665556396371,-5.80316259066208,0.822462215061739,6.0875106646256,0.355189380600518,5.1279037416094,-21.2624306781051,-86.7199590246726,-1.99370133012957,6.71343849992468,0.353362238700826,12.8166830686173,-17.7234801910734,29.5890750669512,-2.49149798238279,7.71381998158986,1.76626599264174,30.3199783852245,-5.32811815512372,-9.3181737840296,3.06651362223183,4.08677514570709,-0.0974118005381292,13.1946084770347,-52.864233564914,81.2285434023587,-2.63194272145987,0.069506658020359,0.724877878385275,53.8669676018144,8.30345866837991,141.497031064571,7.16536222611916,-0.76945126796412,0.95164377859045,123.288213484864,40.5598433810998,226.175412529491,455.949328237474,0.184930531722187,-0.0137407055376473,0,0,0
50.96,-2.48680698963864,68.6190270500672,69.8694773428188,-21.7346564697693,115.724797616263,120.279603726997,-37.3461781567195,-89.3969710100874,-102.199767652665,-84.4432927245664,66.4914764720891,7.78124505659395,0.781987809764352,6.10744960389398,0.398789732350532,5.0409582317481,-21.5776542802697,-86.5301129100711,-1.93314466069583,6.74341919839306,0.36698636303701,12.6730154579027,-18.1769950125429,28.5749507820456,-2.46748811383659,7.72340970856898,1.76845758432528,30.4802449040697,-5.89356475055472,-5.64242885223097,3.18573117376311,3.95885889113094,-0.148136723740607,13.4181302362844,-51.2260508505863,77.0845358039046,-2.75735214621343,-0.161905595972733,0.640456953463064,52.3049505028733,8.37293763287638,149.534239435015,5.98714380578234,-0.624644102614492,1.19739645522937,126.969662779857,47.3289493027058,222.628430280587,454.564574045833,0.18504719929075,-0.0134263062878288,0,0,0
50.965,-2.14551888858611,68.2576202104717,69.5841468017846,-21.1622198413738,114.487325679041,119.300553338501,-37.7747553604154,-85.715440739128,-99.7351384459291,-84.0511503449208,78.4284759290667,21.2002228509196,0.756898560948641,6.14124812855834,0.444342639517218,4.98071550189736,-21.8021600644056,-86.3001063929057,-1.86647234504227,6.78970164121654,0.382208342244736,12.5156546413948,-18.5337922941705,27.5311593735133,-2.44498778255688,7.74910251968307,1.76294536801924,30.6269632130178,-6.3323112376568,-1.99127398414653,3.31187759663184,3.83189815518591,-0.202723374476583,13.7345339100216,-49.2694561895128,72.6434483570941,-2.91084223327308,-0.386979846023829,0.548270357479717,50.4468799490423,8.53388078156426,156.743878060942,4.6874070274593,-0.405584589958767,1.43549733217416,130.531840491096,54.5270896367562,218.203152189146,454.967734029806,0.185091521924643,-0.0131428434217318,0,0,0
50.97,-1.80597627268973,67.9085231793375,69.294832368965,-20.5963331053222,113.177347210421,118.284518448313,-38.1835146095178,-81.7518498205648,-97.0225291297688,-83.6021905825504,89.7919524741773,34.3923303368507,0.748134828488998,6.1894888994,0.490924268402019,4.94706377077061,-21.9356677559573,-86.0316814337171,-1.79363298876433,6.85270892323323,0.39872246828773,12.3474656416999,-18.7932909261034,26.4509527618506,-2.42480686417443,7.79146678699648,1.75001462588071,30.787449124496,-6.62353986709544,1.6226227363126,3.44469462063553,3.70736454976519,-0.261155171327818,14.1369329852324,-47.0125044778065,67.9132429373598,-3.09258019071171,-0.601024163147602,0.449885013615349,48.3128244717114,8.79190457833216,163.04752085663,3.27023596034358,-0.115322689482166,1.66140403118377,133.854847961478,62.0164617182734,212.933943393584,457.309295979745,0.185065638050677,-0.0129044293843581,0,0,0
50.975,-1.46805287246202,67.5846800455078,68.9984202787841,-20.0373821324017,111.790194584026,117.221056244069,-38.5710576290525,-77.5086039069025,-94.0504300192794,-83.0997168492908,100.494746651853,47.2902834916786,0.756244771084708,6.25280259062957,0.537550744239781,4.93941368961088,-21.9791870943679,-85.727563615018,-1.71252270385467,6.93395787554668,0.41612169321952,12.1712704317668,-18.9563402308535,25.3271310612697,-2.40559091045255,7.85187996024998,1.73009369110387,30.9874285186705,-6.74924613171226,5.18677839922038,3.58401086005869,3.58704030134248,-0.323349749796099,14.6166786086188,-44.4766655141559,62.9073016262149,-3.30230780044581,-0.799099374412243,0.346947124094083,45.9264968990802,9.15151527973158,168.371416253908,1.74229369430619,0.241286138295229,1.86986032737516,136.815873868628,69.6433454914762,206.86396670984,461.643559420297,0.184976558482209,-0.0127214255867587,0,0,0
50.98,-1.13155024017725,67.3005264570162,68.6955423808249,-19.4857742079622,110.321584888001,116.101087271415,-38.9360159581339,-72.9916658163357,-90.8099108598087,-82.5474679378958,110.449782279114,59.8214868101738,0.781348299999504,6.33185974362858,0.583192183791448,4.95673877867475,-21.9350411135926,-85.3910586500493,-1.62132864575298,7.03471352725306,0.433893401312682,11.9898196690696,-19.0252263187277,24.1521397384919,-2.38618317183882,7.93127052765872,1.70381223738148,31.2497697792125,-6.69508711086591,8.68804213879873,3.72974481542767,3.47299453208462,-0.389162750786873,15.1636116768923,-41.6864650233169,57.6442693099357,-3.53924534860771,-0.976078146376206,0.241135973798325,43.3147546188429,9.61582327326248,172.648045412565,0.113120415935278,0.657757488268268,2.05513295566783,139.293033222712,77.2424110053936,200.045314931292,467.928639206232,0.184833976659245,-0.0125957253856894,0,0,0
50.985,-0.796194364588648,67.0711751176853,68.3903253296658,-18.9419376981706,108.767301958277,114.916785404774,-39.2770689574184,-68.2105998568651,-87.2948930205472,-81.9496086532014,119.571856938812,71.9088109357729,0.823109408527196,6.42735815013012,0.626788213817478,4.99762788588416,-21.8068290418694,-85.0256088837389,-1.52229978210591,7.15407055660326,0.451419958342605,11.8057584928291,-19.0036175428333,22.9181884366916,-2.36941727618663,8.02831878200281,1.67210388996109,31.5932389038622,-6.45116822884137,12.1116959945171,3.88190007221454,3.36755014467856,-0.458391629254022,15.7663496423229,-38.6690744642453,52.1477813257146,-3.80201379840506,-1.12671680322701,0.134119410395274,40.5070254111236,10.186273759991,175.817693151789,-1.60466913908335,1.12625858002925,2.21131689155046,141.169054046635,84.6415514253232,192.539038143849,476.048982062185,0.184651108461146,-0.0125207223893709,0,0,0
50.99,-0.461636652447073,66.9115424282807,68.0900021858314,-18.4063233729518,107.122865043691,113.661411689295,-39.592961735571,-63.178555630488,-83.5023830901909,-81.3107109647938,127.779537681459,83.4716082545517,0.88071812553144,6.54000611683365,0.667264677020143,5.06035047554951,-21.5993216746614,-84.6343230020415,-1.41823805018732,7.29093222548504,0.467980035541218,11.6215893156384,-18.8964415415714,21.6173882222691,-2.35850096016636,8.14130197007306,1.63608041578502,32.0313221992145,-6.01273544202014,15.4405466341207,4.04055238920908,3.2732421278857,-0.53077910489778,16.4125974650758,-35.4538580921545,46.4460790317678,-4.08858247930987,-1.24574210062849,0.0275134208541359,37.5346743243088,10.8624104456174,177.82998797467,-3.39531639050145,1.63798277672971,2.33268882535789,142.334704521816,91.6670835773052,184.415004289557,485.850320882695,0.184438218637241,-0.0124820055072661,0,0,0
50.995,-0.127459451250782,66.835440239319,67.8043972967407,-17.8794074025771,105.383194075036,112.329099115545,-39.8825226890157,-57.9121906889896,-79.4326616385286,-80.6357254002164,134.997112915605,94.4269508246195,0.952883300598105,6.6705019106468,0.703551316824228,5.14293565850872,-21.3182850121642,-84.2194932845793,-1.30960749980169,7.44544844062509,0.482744366152273,11.4396357734191,-18.7096892136915,20.2419028681993,-2.35405185968377,8.26945420773826,1.596890318055,32.5711633241251,-5.38074116148603,18.6540456672718,4.20582891691024,3.19276825525044,-0.60601593281657,17.0894708969794,-32.0718869068631,40.5715187172828,-4.39625623028345,-1.32800259355086,-0.0771524451864259,34.4303299394758,11.6416878734649,178.64536585898,-5.24002265724975,2.18355609970804,2.4140840627685,142.691872246059,98.1491323864481,175.751529908723,497.17524671019,0.184202775191317,-0.0124593742642256,0,0,0
51,0.206813838243134,66.8546578987489,67.5452988300054,-17.3616959952843,103.542281458511,110.914596523761,-40.1446803522619,-52.4315326492145,-75.0894218586342,-79.9299426604276,141.156547957682,104.691067200675,1.03783736037511,6.81950961865248,0.734600336564149,5.24326552039361,-20.9702316710501,-83.7821154576824,-1.19606046746339,7.618090297704,0.494785128836618,11.2620127250803,-18.4501447960529,18.784108990184,-2.35562901994476,8.41211958918755,1.55570291601231,33.2126617180472,-4.56225521746028,21.7274762345564,4.37788036226855,3.12893326182165,-0.683742765613348,17.7838197798292,-28.5554298838405,34.5599820010606,-4.72171345488658,-1.36869679188251,-0.178462237515214,31.2271904616562,12.5193460326082,178.236412430061,-7.11724796014985,2.7534385385459,2.45126843588881,142.156228343054,103.926997085899,166.63472481572,509.893281724617,0.183949687005633,-0.0124337875597202,0,0,0
51.005,0.541704141232513,66.9780605978416,67.3257364389102,-16.8537315941608,101.592880224662,109.412980700333,-40.3784792647432,-46.7597824962328,-70.4798538852555,-79.198945711897,146.199389706043,114.180947396026,1.13335404830382,6.98763161315838,0.759405822167483,5.35918248187981,-20.5621039402853,-83.3214265174133,-1.07709152505715,7.80925973003075,0.503081946902202,11.0906073006419,-18.1250458370619,17.2367594554614,-2.36237680302181,8.56840819242016,1.51365576132724,33.9477778772723,-3.57069668239185,24.6312427018997,4.55684747375607,3.08458766476352,-0.763551004355242,18.4825393352191,-24.9374332414401,28.4501986869247,-5.0610330774379,-1.36329724517094,-0.275131274263425,27.9583312287693,13.4883580136754,176.589039716446,-9.00301208290171,3.33861716775314,2.44125777223128,140.659431061291,108.854287947561,157.157509535452,523.926106965852,0.183679543636326,-0.0123896396292862,0,0,0
51.01,0.877757793468344,67.2107304472272,67.159184209749,-16.3561005027752,99.5262182771991,107.819346346221,-40.5830945736195,-40.923061775307,-65.6146717518651,-78.4485528843892,150.078565501696,122.816078653409,1.23677994328106,7.175377817917,0.777024074407021,5.48860919509868,-20.1008971089677,-82.834475776794,-0.952055774751025,8.01924677079823,0.506527474534436,10.9270754294952,-17.7416819824575,15.5931444907704,-2.37302899132272,8.73718167928258,1.47177441305015,34.7600873045854,-2.42586802158206,27.3302986645072,4.74282370586499,3.06256245896382,-0.844982680523606,19.1728584915794,-21.2509984730039,22.2829958120123,-5.40973125089364,-1.30742567479523,-0.366016202249625,24.656035350994,14.5394579392658,173.703456842907,-10.8712965580908,3.93131650182967,2.38255915415166,138.150844714685,112.803624255858,147.41828670606,539.265568189657,0.183394582763099,-0.012319323801691,0,0,0
51.015,1.21552367699995,67.5531767062872,67.0587112488984,-15.8694417609716,97.3317483606802,106.128483997221,-40.7578451094506,-34.9501071662067,-60.508081154594,-77.6847527718981,152.76002249815,130.520269100427,1.34508022882425,7.38313204907601,0.786594897523338,5.62967796641295,-19.5932365185955,-82.315743818429,-0.820193923342501,8.24818615720535,0.503937727896287,10.7728570513343,-17.3069467170062,13.8472452701258,-2.38592853618807,8.91704285080861,1.43089214045647,35.6246191002544,-1.1537793470584,29.7837460652968,4.9358162845561,3.06560098141778,-0.927529555791096,19.8425960522549,-17.5288695148797,16.1004891905412,-5.76292147681138,-1.19723961541896,-0.450117586406101,21.351168266446,15.6612523948379,169.59489860864,-12.6948299088624,4.52519647501378,2.27534288169009,134.59876891963,115.670698304787,137.51927537079,555.979734148772,0.183096315113242,-0.0122184583064398,0,0,0
51.02,1.55552688216779,68.0006410335337,67.0361039993363,-15.3944570456778,94.9969430587093,104.334556191958,-40.9022046920557,-28.8719165210048,-55.1776873882628,-76.9136319881512,154.224156749297,137.223511945584,1.45489875608598,7.61111586475509,0.787363825825829,5.78086506772348,-19.0449263081365,-81.7568229777548,-0.680662334668788,8.49601467419483,0.494069560391892,10.6292114076549,-16.8268610897647,11.9938753659411,-2.39906250031916,9.10633060141666,1.39157722005463,36.5080070225412,0.213743006576058,31.9446350362443,5.1357080981729,3.09628930364067,-1.01063175311984,20.480377817834,-13.8029387962157,9.94523596984592,-6.11550732898117,-1.02974748513528,-0.526576342448511,18.0726150785563,16.8404143944382,164.294081755665,-14.4459390028724,5.11550887092101,2.12150921888814,129.991188852858,117.377536341286,127.564547320095,574.200139212282,0.182792401192563,-0.0120835869180613,0,0,0
51.025,1.89823949430723,68.5425224279489,67.1009856169659,-14.9319213280375,92.5071435281487,102.430782236925,-41.0158114463463,-22.7213508581393,-49.6443439627343,-76.1412970596696,154.466985696466,142.863839791095,1.56263193873162,7.8593506008974,0.778705135286316,5.94112375440215,-18.4604916598298,-81.1461714567724,-0.532565945075693,8.7624308167775,0.475647416076351,10.4972715887183,-16.3060925569894,10.0288061852902,-2.41011137367554,9.30312223830583,1.3540756329639,37.3689704818234,1.63966324035548,33.7599900566708,5.34222286400244,3.15698657605187,-1.09367633585859,21.075810456168,-10.1037810938353,3.85936843942388,-6.46234596221578,-0.802853528516754,-0.594666694690584,14.8467967457242,18.0619548083108,157.84736563625,-16.0973084314946,5.69934097490576,1.92463051026326,124.336068822045,117.874824441685,117.657834035595,594.09188048164,0.182492472183619,-0.0119114653136325,0,0,0
51.03,2.2440492174683,69.1619446321791,67.2599584656509,-14.4826939794782,89.8454697118032,100.409141812977,-41.0984749318203,-16.5326970947945,-43.931943458516,-75.3737919411778,153.501023698275,147.389117023166,1.66451547025692,8.12761858495587,0.760145283671165,6.11000854663818,-17.8427391882411,-80.468951244799,-0.374991972081824,9.04685848124405,0.447400847073967,10.3781150765572,-15.7474950246271,7.94887328756295,-2.41651188994892,9.50524559030177,1.31827627153953,38.1591305478847,3.08255235678289,35.1710831913543,5.55489586719661,3.24975680357383,-1.17599633253511,21.6196107498271,-6.46022316141784,-2.11626954385722,-6.79843422798066,-0.515455327932405,-0.653786081860573,11.6972776934821,19.309562408899,150.316601685708,-17.6227759547856,6.27563822014372,1.68979249445112,117.661218439802,117.14321298259,107.900197846783,615.810738482351,0.18221197395442,-0.0116949517506528,0,0,0
51.035,2.59322664813762,69.8354861339285,67.5157959782224,-14.0477299872701,86.9927984417095,98.2601073919598,-41.1501809144668,-10.3411965292972,-38.0671531121405,-74.6170128037536,151.355827484978,150.758718168466,1.75672228763499,8.4154248740075,0.731386160488506,6.28778253231061,-17.1923616678744,-79.706957812066,-0.207042584061931,9.34841654369526,0.408113290265611,10.2728446138924,-15.1516976537384,5.75206121289608,-2.41553249456933,9.71030371349677,1.28370423910128,38.8241520304621,4.49760344003333,36.1139695390561,5.77305224632789,3.3763035692557,-1.25687075667026,22.1036916127811,-2.89895607837096,-7.94296170408923,-7.11909991201416,-0.16754405962369,-0.703444329150532,8.64447342236316,20.5660004676477,141.778664323024,-18.9980991234218,6.84503651288275,1.42334953859279,110.013763355961,115.193564389097,98.3876785744749,639.456744382125,0.181966178897219,-0.0114243917203032,0,0,0
51.04,2.94589209586642,70.5330895457238,67.8667097461096,-13.6280909162048,83.9278142130028,95.9724149636486,-41.1710936362083,-4.18254434830131,-32.0790984225388,-73.8766218701871,148.078186713216,152.945041606337,1.83546963030394,8.72196122214343,0.69232723278352,6.47549925516195,-16.5076133493024,-78.8386471564475,-0.0278650973190909,9.66589632305227,0.35668135128029,10.1826715812643,-14.5167697854318,3.4375650814957,-2.40436062277202,9.91571520077436,1.2495455739001,39.3051876388807,5.83783162829906,36.520293606294,5.99579433185579,3.53790924295783,-1.33552619099862,22.5212087363967,0.555803775449607,-13.5849125179077,-7.4201812600501,0.239722360223668,-0.743254040104129,5.70546242582617,21.8135453157507,132.324664360818,-20.20164104463,7.40953294439156,1.13261591985296,101.459251682515,112.066161367627,89.2090350554451,665.030684887566,0.18176939225301,-0.0110916860105794,0,0,0
51.045,3.30198291134658,71.2181630959943,68.3057167100748,-13.2249552385088,80.6271355391611,93.5328818886448,-41.1615554652357,1.9076341945298,-25.9989987446779,-73.1579621506041,143.731943916541,153.934811076932,1.89713247521562,9.04607429814878,0.643085381809709,6.67505125163343,-15.7840805308978,-77.8392633109005,0.163321219203255,9.99774901828171,0.292182465708557,10.1089924067755,-13.8379873281799,1.0058277041481,-2.3802008415099,10.1187729999311,1.21470392871777,39.54058497781,7.05544134685618,36.3183681410031,6.22199897840774,3.73538021528633,-1.41114048971602,22.8665737125935,3.88260022633073,-19.0099738265869,-7.69818322858555,0.703977441237099,-0.772923735816157,2.89390245487473,23.0344505704519,122.058854448692,-21.2149445392149,7.97201796253088,0.825520297243867,92.0804243491957,107.828942939388,80.4436986051505,692.400742660748,0.181631262832809,-0.0106945637652318,0,0,0
51.05,3.66122232254394,71.8478822395383,68.8201297006644,-12.8396276500975,77.0655176823284,90.926279774584,-41.1220838412698,7.89432479317619,-19.8597594070156,-72.465974961801,138.397437760731,153.730121950964,1.93836009876511,9.38624040456335,0.584010983010631,6.88917851791973,-15.0145688029054,-76.6810669276252,0.367202068461554,10.3420852150499,0.213947451724433,10.0534475628665,-13.1077221450068,-1.54144875290966,-2.34038260695424,10.3167241306763,1.1778866548082,39.4678027470536,8.10334071069104,35.4345190483891,6.45032522635839,3.96899967636866,-1.48284910246424,23.1354408436372,7.06296536889673,-24.1902859626174,-7.95040032144335,1.22163836171997,-0.792254829558866,0.220047097429105,24.2114198651932,111.097244260166,-22.0231744215911,8.53570607057365,0.510250549469574,81.9756744133283,102.574879765332,72.1600430910993,721.289521539246,0.181550129279028,-0.0102439459937678,0,0,0
51.055,4.02309079323771,72.3736941387156,69.3911923005071,-12.4735469986439,73.216130290688,88.135269110472,-41.0533654632545,13.7436756030582,-13.6955253849173,-71.8051220945288,132.170573454378,152.349195103557,1.95619206508717,9.74054905447922,0.515698632608948,7.12143207420364,-14.1891235812547,-75.3336631182046,0.584348501927854,10.6966884365122,0.121633302879537,10.0179525756897,-12.315470565697,-4.20131736643444,-2.28247583417071,10.5068716867034,1.13771472231372,39.0254701329296,8.9367803263843,33.7946814353295,6.67923202083456,4.23848940068742,-1.54975444324724,23.3246754899631,10.0815871826353,-29.1028167699907,-8.17499814439164,1.7879335912483,-0.801142998278321,-2.30914502115691,25.3280708898257,99.5659508351916,-22.6154189259103,9.10351301990579,0.194912915956281,71.2572184682965,96.4186356382819,64.4140554767568,751.287481624882,0.181520650058793,-0.00975842607682154,0,0,0
51.06,4.38680090375272,72.742022102966,69.9938760686585,-12.1282924679025,69.0509061482368,85.1404009880998,-40.9562477033576,19.4235519793637,-7.54120201397557,-71.1793144240854,125.16153408862,149.826808297725,1.94816959329061,10.1066977109122,0.438990904400059,7.37609022152034,-13.2951944628593,-73.7644244293047,0.815199863668639,11.0590444308581,0.0152907442894954,10.0046912767784,-11.4480304731922,-6.96962810038774,-2.20441166157091,10.6866989911005,1.09284832931535,38.1555140836899,9.51509036169883,31.3262227302825,6.90700512253628,4.54298188830706,-1.61093860059752,23.4323117090908,12.9264146042861,-33.7297847654262,-8.37104873086525,2.39696582014715,-0.799583958681502,-4.68981919901709,26.3693742929105,87.5993164918273,-22.9848520216933,9.67743403962361,-0.112776181159574,60.0490038131226,89.4926865181068,57.2484639541508,781.898139134057,0.181527089608442,-0.00926866609556232,0,0,0
51.065,4.75127670950363,72.8951611502472,70.5968545983632,-11.8055876927427,64.5409550320349,81.9201896072532,-40.8317272709671,24.9040864781349,-1.43194866292824,-70.591848642565,117.493156304186,146.214383031004,1.91243801845562,10.4819997596321,0.354973650908535,7.65802788034838,-12.3179468966656,-71.9390027257255,1.0600478648913,11.4263874156335,-0.104579302022494,10.0160632794025,-10.4898288937626,-9.84109726463597,-2.10460478606984,10.8540137862597,1.04211823277289,36.805273830745,9.80348499897767,27.959959447224,7.13179177364705,4.88100405061256,-1.6654795010569,23.4575061625561,15.5886988685617,-38.0589559778235,-8.53851775490491,3.04180881974671,-0.787683126080716,-6.92096494294943,27.3220524479572,75.3378328324345,-23.1287671136199,10.2579790070234,-0.405753824074434,48.484378260695,81.94308091325,50.6923510345217,812.601975323657,0.181558235169052,-0.00880327759105004,0,0,0
51.07,5.11513845816597,72.7723497324322,71.1626647143772,-11.5073025192673,59.6570346950355,78.4512574399047,-40.6809361950712,30.1582151791495,4.59734826474663,-70.0453536291099,109.299002690958,141.579713598671,1.84783594494628,10.8634073529874,0.264961649064801,7.97254234959171,-11.2407170141167,-69.8219218351601,1.31901990553999,11.7957638150623,-0.236986062421226,10.0545802978443,-9.42339407570538,-12.8094054926632,-1.98207268724701,11.0071079984161,0.98465201478108,34.9295212794427,9.77489670804209,23.6323248540417,7.35164116955952,5.25047342387006,-1.71247040511333,23.4004939376361,18.0629708789787,-42.0838075449898,-8.67820517096835,3.71463580942064,-0.765668167903306,-9.00410231254984,28.1749251375268,62.9259144385442,-23.0484989771663,10.8437167523083,-0.6778243842346,36.7035550863263,73.9250256930046,44.7612491243259,842.92298955157,0.181610198212881,-0.00838750742917416,0,0,0
51.075,5.47669344001163,72.3109963690946,71.6480604115239,-11.2354521729593,54.3700692615668,74.7085529734253,-40.5051252452504,35.1621899641477,10.5126161276944,-69.541747772164,100.721171389133,136.006334419248,1.75396673792296,11.2475501336242,0.170473821761931,8.32514170723243,-10.0455975539968,-67.3772410504515,1.59205945976712,12.1641131301028,-0.380431124348265,10.1227093108732,-8.22995808876672,-15.8673247701263,-1.83654614976505,11.1449261045651,0.919984809052945,32.49231008429,9.41179394549524,18.2876359912664,7.56454839572972,5.64870765413788,-1.75104236715017,23.2625501955198,20.34695538338,-45.8035547883839,-8.7916474882705,4.40687733747244,-0.733903076240519,-10.9429297729622,28.9191917188801,50.5095697568958,-22.7492569241602,11.4309744032925,-0.923823961486545,24.8509130308772,65.5984706759701,39.4576887713863,872.479291879239,0.181689593419242,-0.00803187140736483,0,0,0
51.08,5.8339336080992,71.4480336175777,72.0045599610249,-10.9921936536089,48.651703870137,70.6656389306657,-40.305644972535,39.8960545431188,16.2811431570462,-69.0822083207933,91.907890274224,129.592531173172,1.63124826701948,11.6307900478332,0.0731978302325976,8.72130466636011,-8.71413507236988,-64.5692779704619,1.87890121596638,12.5283644932425,-0.532916399191179,10.2226645071216,-6.89016847502096,-19.0068747046401,-1.66856495910116,11.2672326848645,0.848145478231269,29.4685853076791,8.70792506045452,11.880400611154,7.76849928044792,6.07244772378454,-1.78038906350865,23.0459595634026,22.4414238168492,-49.2230421233698,-8.88098678269358,5.10940388019117,-0.692902131750662,-12.7429488751471,29.5486421120084,38.2340193303851,-22.239887715751,12.0137215756669,-1.13973794221252,13.0721796395108,57.1238457087076,34.7721469747404,901.006781883202,0.18181750731712,-0.00773179246858824,19.4281011001532,0.199085248787362,0.0732088733194978
51.085,6.18454043709626,70.1213657993778,72.1791810490397,-10.7798192371099,42.4748832997721,66.2950468468444,-40.0839246224601,44.3440700149453,21.8721236200644,-68.6671535771864,83.0109487213294,122.450010736025,1.48093735530117,12.0092915331725,-0.0250555026756912,9.16622279727148,-7.22811153584617,-61.3633777062076,2.17903873540787,12.8855462265787,-0.69198010457655,10.3561541951439,-5.38488092202661,-22.2195076539402,-1.47955270160341,11.3747676452303,0.769711730205481,25.8454990620153,7.66991895357699,4.37759810167036,7.96151362760483,6.51789508745009,-1.79979320724233,22.7539930718751,24.3499888305444,-52.3525017290562,-8.94881143361989,5.8127265812725,-0.643341933984381,-14.4110801762092,30.0597917803193,26.2413128503169,-21.5325829103881,12.5836524597334,-1.32277451032053,1.51155454763061,48.658078163694,30.6843260621114,928.346540535996,0.182025239708633,-0.00746668245567417,42.7970918343819,0.193577532503725,0.063387159428995
51.09,6.52589729537741,68.2713716561951,72.115352974831,-10.6007470288795,35.8144416460574,61.5686919433913,-39.8414492525173,48.4950739885499,27.2571918063263,-68.2962384565634,74.183024124567,114.702253961011,1.3051262236019,12.3791053746957,-0.122406761230259,9.66453746000262,-5.57037745071907,-57.7267142135004,2.49168269660522,13.2329044074366,-0.854761108195487,10.5240931241613,-3.69599977183814,-25.4963214796745,-1.27186540972686,11.4693761204578,0.685830905705965,21.6233945463795,6.31866053254418,-4.23913626839219,8.14168454086538,6.98076256695797,-1.80865363529964,22.3908903297031,26.0788447251091,-55.2071873540582,-8.99798670743985,6.5072133001337,-0.586069590169874,-15.9552832568322,30.4519385450778,14.6679964682929,-20.6425512043175,13.1304699491322,-1.47139917077055,-9.69116338559196,40.3509898042131,27.1646832002943,954.395754122533,0.182344289606305,-0.00721261228560799,69.8792974956941,0.18895262271039,0.0593062806499951
51.095,6.85510939147617,65.8424192198105,71.7539889820406,-10.4575085791747,28.6476899409917,56.4583404525914,-39.5797354708253,52.3427563384324,32.4109344577785,-67.9683636412356,65.5749630656288,106.482583815921,1.10670934983345,12.7362635407403,-0.216969600706838,10.2200844541169,-3.72569933457693,-53.6291084624507,2.81570835094125,13.5680251313431,-1.01808989218659,10.7262946280415,-1.80732980525333,-28.8282975597221,-1.04881042524371,11.5540994398378,0.59820674753445,16.816440141135,4.69034792806764,-13.9714970665439,8.30721202108484,7.45633853113454,-1.80651206881475,21.9618426480105,27.6364592178178,-57.8068939380126,-9.03148854402507,7.18331484006525,-0.52210517557113,-17.3841916620339,30.7271414083483,3.64288042686921,-19.5876673397484,13.6423564762687,-1.58533248710233,-20.403375780317,32.3421426279644,24.176126394925,979.024555119483,0.182797677543244,-0.00694585346654719,97.1723381194237,0.184721206065315,0.0567978561920421
51.1,7.16903113283295,62.784348271325,71.0346959460312,-10.3527336344327,20.954988948393,50.9361199889304,-39.300306295089,55.885835147245,37.3113700305324,-67.6816982497494,57.3330782972013,97.9319889707847,0.8893205345941,13.0768814144313,-0.306916956165968,10.8356592465974,-1.68158196359757,-49.0438473286546,3.14959163921697,13.8889539416609,-1.17860235599121,10.9611603592363,0.294598585253189,-32.2065603056591,-0.814634240754474,11.6332138759655,0.509055883333798,11.4529151179044,2.83713088090974,-24.8027380411292,8.45642966079526,7.93956356092217,-1.79307849560608,21.472971099546,29.0332231593543,-60.1753768403678,-9.05224750728635,7.83179329203157,-0.452636662909175,-18.7067712929242,30.8901234405977,-6.71504558026063,-18.3880997958726,14.1065973759663,-1.6655096775669,-30.502339017525,24.7581760221641,21.6757940461036,1001.9816502665,0.183389309570819,-0.00666062523898514,121.687147273604,0.180665549025731,0.054774166890792
51.105,7.46430051402104,59.053876237671,69.8970931807415,-10.2891321586713,12.7202951522973,44.9750623026002,-39.0046657015082,59.1281187162094,41.9403820339028,-67.4337156370284,49.5965225442514,89.1967494646319,0.657241479481995,13.3972631116696,-0.390548737668096,11.5128147194137,0.570974312402572,-43.9484864739864,3.49133449454391,14.1943048678834,-1.33287087897317,11.2253878300654,2.61976787220764,-35.6226528556175,-0.574480994838531,11.7122052121168,0.421040532860089,5.57516715556396,0.827227894308306,-36.6962170854055,8.58782397417752,8.4251184649948,-1.7682540892601,20.9312921686744,30.2810659456039,-62.3396873031303,-9.06301337909271,8.44394567346222,-0.379005785458105,-19.9320084235788,30.9481021940975,-16.2985057093163,-17.065919743362,14.510313252807,-1.71400055935589,-39.8776008074989,17.7106540376733,19.6168406034494,1022.82489391205,0.184103181380445,-0.00637303069022721,142.251269466683,0.176673773887523,0.0526796523019142
51.11,7.73737994502442,54.6158862006491,68.2822073957805,-10.269473813209,3.931669092452,38.5496668433996,-38.6942734832347,62.0784436546723,46.284092886094,-67.2212416442688,42.4947985518894,80.4259163957085,0.415284721894371,13.6940050895385,-0.466357655113303,12.2517017830594,3.03681867852768,-38.3256200383817,3.83838114319224,14.4833507793064,-1.4775456855263,11.5137172826197,5.17400955636275,-39.068821926264,-0.334326345997792,11.7976693806375,0.337185669792696,-0.760722845144992,-1.25557433503589,-49.5943255341657,8.70004657399235,8.90752215302269,-1.73215055043097,20.3446628784539,31.3930454018505,-64.3294431833712,-9.06624882587405,9.01181578882564,-0.302683724311113,-21.0686312945419,30.9105521041583,-25.013601119821,-15.6446914135333,14.8412490218196,-1.73388832856354,-48.4331499569597,11.2944226635369,17.9501593508127,1040.91790085137,0.184900492821465,-0.00611920500124707,160.138494127763,0.172806643150348,0.0500835427005262
51.115,7.9846027468689,49.4445603688706,66.1339071650421,-10.2965651304131,-5.4182634408204,31.6364730441805,-38.3705210611225,64.7504844224112,50.3331645206317,-67.0405143352336,36.145461807034,71.7687015613794,0.168655219813672,13.9640930525462,-0.533089769881298,13.0509610740812,5.71613032871628,-32.1635996546944,4.18752865073229,14.7560864150866,-1.60949872343106,11.8187393918814,7.95846706663589,-42.5383030978939,-0.100894108394698,11.8971324372455,0.260789210152951,-7.48552311063089,-3.31312050548272,-63.4178661000658,8.79191995829149,9.38123748267403,-1.68510473830862,19.7216972414684,32.3829217968154,-66.1760557792708,-9.06405736378267,9.52838702161887,-0.225236136154452,-22.1248672808422,30.7889040848487,-32.7812097838683,-14.1490428994226,15.0885622931582,-1.72910709779204,-56.0892168465513,5.58646273159025,16.6259836819675,1055.51007381684,0.185734353014577,-0.00593904327861061,178.625508316539,0.169417052288686,0.0467287341865301
51.12,8.20222438754273,43.5243281348048,63.4003379358564,-10.3732246573124,-15.3319053798637,24.2146291112381,-38.0347088838951,67.1624354455375,54.0830125879017,-66.8872539957806,30.6520678906191,63.3718355385411,-0.0772038479091344,14.2049872884762,-0.58979658309931,13.9076714627352,8.60406055769005,-25.4571851330932,4.53483646992521,15.0132555886286,-1.72596202875234,12.1307838826684,10.9692077902536,-46.0255961668569,0.118435287194375,12.0187868339371,0.19533263799017,-14.5176315634878,-5.23484125555336,-78.0659384390123,8.86243807567155,9.84078277599398,-1.62768748488455,19.0716467062317,33.2647263062653,-67.9119345583921,-9.05814781642735,9.98774912001037,-0.148277860892505,-23.1082360386696,30.5961881962315,-39.5380959686302,-12.6042173401505,15.2435536744453,-1.704241167228,-62.7836720062756,0.645214050129481,15.5953194774973,1065.87916743328,0.186561046753348,-0.00586623026157529,201.606603026162,0.167072143930411,0.0427756930543595
51.125,8.38647740841623,36.8506041746816,60.0353177733779,-10.5022563775109,-25.8063440397055,16.2664453681413,-37.6880260216921,69.3365724405567,57.5339226297398,-66.756741942965,26.1024105631159,55.3769537874448,-0.316774486480368,14.414692015893,-0.635875914962701,14.8173584103117,11.690554271155,-18.2081091993569,4.87554124390989,15.2563347662666,-1.82465288168478,12.4379063144848,14.1969987587538,-49.5267187333282,0.315715286870988,12.1711452391139,0.144396923850635,-21.764009455509,-6.90048298670897,-93.4163848463593,8.91076311415787,10.2808462710936,-1.56070558747554,18.4042390237215,34.0523346314591,-69.569691665302,-9.04983431138352,10.3852328344367,-0.0734186104184131,-24.0253778633556,30.3466260326278,-45.2377090047488,-11.0356067167276,15.3002860466313,-1.66429302808898,-68.4729828692759,-3.48966016274386,14.8111727326153,1071.48602932825,0.187354503263775,-0.00590802628178899,231.91054986095,0.166164216496831,0.0388331875952037
51.13,8.5336289016207,29.4302986408779,55.9996547310932,-10.6864217448186,-36.8330734615089,7.77792080253644,-37.331532499036,71.2987045311782,60.6910590438826,-66.643906495122,22.567089568585,47.918069953973,-0.544629242167056,14.5918050788321,-0.671099456174669,15.7740624771191,14.9603590342523,-10.4255390132305,5.20398451412526,15.4874665497093,-1.90387886436843,12.725986155668,17.6272519998559,-53.039425012205,0.48251520861367,12.3626179499079,0.111585015492952,-29.1212335333831,-8.18358840210235,-109.326840136386,8.93622012354757,10.6964003709694,-1.48519617531187,17.7294726075376,34.759056547722,-71.1813672124228,-9.0400678620756,10.7175075302574,-0.00220195356433489,-24.8819157845841,30.0551804969695,-49.8506577193666,-9.46827361615635,15.2560485677507,-1.61443129721239,-73.1327035701747,-6.7971033167027,14.2295480808793,1072.04865938255,0.188108492699454,-0.00604708498673112,270.13059737477,0.166579875511936,0.0355426352780199
51.135,8.64003934292921,21.2820882617217,51.2623488880747,-10.928410679295,-48.3977868953179,-1.26076763698548,-36.9661448336972,73.0775330678253,63.5643608750546,-66.5434143001614,20.09843899214,41.1191936411625,-0.755591009827657,14.7355453297059,-0.695625622812882,16.7704655874312,18.3932195232967,-2.12641794792829,5.51356218417802,15.7093385807024,-1.96261707733312,12.9789440083792,21.2401370155145,-56.5633760773446,0.609990128398339,12.6010251891131,0.100448181873406,-36.4766484578347,-8.95565130733343,-125.636418079145,8.93829112852167,11.0828122202522,-1.40241294838913,17.0573668753222,35.3972519014223,-72.7776945904658,-9.02949298262264,10.9826385982004,0.0639591326464607,-25.6823497044998,29.7370719701245,-53.3648536681982,-7.92646968926145,15.1116333206367,-1.55973328214106,-76.7574886592968,-9.27412668805962,13.8102051767401,1067.52716001079,0.188833833889698,-0.00623973537916722,314.477562672775,0.167848008440107,0.033152564539777
51.14,8.70222156282957,12.4364439800669,45.8016455439074,-11.2308118859983,-60.4802413406428,-10.8548223091873,-36.5926251501504,74.7039367093395,66.1683222781811,-66.4497651098477,18.7298380627301,35.0921465598709,-0.944880036881489,14.8457562248306,-0.709997159108207,17.7980700522424,21.9642451463184,6.66432764407969,5.79670550589221,15.9250060340565,-2.00056312062434,13.1790797096703,25.0108498809007,-60.1002474940502,0.688940782700046,12.893061216489,0.114409783739452,-43.7096211134852,-9.0908138626177,-142.168050298915,8.91661029640192,11.4359469351835,-1.31380417446278,16.3976730174772,35.9779830066724,-74.3874224690674,-9.01852080703872,11.1801035110908,0.123846094367182,-26.4299811410395,29.4072715743534,-55.7853229074635,-6.43316250375316,14.8714070327485,-1.504938924426,-79.3606378401369,-10.9349393491007,13.5171709218147,1058.03124185554,0.189552066282538,-0.0064375738932192,361.606992562178,0.16950172383538,0.0315296071829172
51.145,8.71689864945774,2.93541732563148,39.605910610952,-11.5960828590028,-73.0541946008493,-21.0044367065294,-36.2115741246944,76.2102050911587,68.5216596685257,-66.3573880259043,18.47541678866,29.9346262295717,-1.10824163279702,14.922885434783,-0.715123738734932,18.8474228455561,25.6444294142945,15.9137302003131,6.04490387892687,16.1376591378276,-2.01814687170534,13.3075263337376,28.9100216553119,-63.6537606830211,0.709872670030139,13.2437330915002,0.156677381097362,-50.6929194728977,-8.47092032193078,-158.731470793891,8.87096147850217,11.7522597785788,-1.22098277172284,15.7595538445197,36.5107125541442,-76.0367069340373,-9.00740899950838,11.3107675472415,0.176493459602354,-27.1268678174217,29.0799842068832,-57.1336924078639,-5.00958452348803,14.543175807513,-1.45423297925304,-80.9731942634935,-11.8097843268843,13.3190159868743,1043.70374447084,0.19028042095432,-0.00659468028376953,407.921529018658,0.171241608511962,0.030395672404488
51.15,8.68105961767645,-7.16780635626447,32.6743046509837,-12.0265199292291,-86.0874140453427,-31.7044683829076,-35.8234278995362,77.6292450317054,70.646871856237,-66.2607372309024,19.330159000396,25.7285603998123,-1.24204931868861,14.9679415627464,-0.712250544757594,19.9083752342349,29.4012921050401,25.580882524094,6.24877976073397,16.3503409880458,-2.01651350936177,13.3448082239206,32.9042436393816,-67.2296254972889,0.663070956250254,13.6558028634686,0.230133152931939,-57.2942579206669,-6.99069380625501,-175.126809365421,8.80127907065759,12.0288737399919,-1.12568926969345,15.1512454653042,37.0030550769606,-77.748583529308,-8.99633845063669,11.3768222875975,0.221237614606167,-27.7738083221934,28.7681361422062,-57.4473632775036,-3.67481865490964,14.1378559002593,-1.4110703259802,-81.6426326592411,-11.9435182459081,13.1889136271132,1024.62933775591,0.191031123713956,-0.00668288702402098,450.73052361481,0.172919996771685,0.0295039465960922
51.155,8.59201174440591,-17.8095746540987,25.0172379981207,-12.5242287058975,-99.541755333638,-42.9441780125428,-35.4284589814191,78.9937836233727,72.5697036029657,-66.1543852532212,21.2703955362405,22.5387882527295,-1.34337972644829,14.9824302898022,-0.702914401396551,20.9703656174231,33.1996099843481,35.6172076950197,6.39822531005463,16.565625189617,-1.99746960596101,13.2714844999468,36.9566838393875,-70.8353834487238,0.53871429959699,14.1292675290224,0.3371939120036,-63.3780654590197,-4.56276757320047,-191.148720576588,8.70765268633049,12.2636393659108,-1.02974889669569,14.5797171671637,37.4605887602352,-79.5425251227897,-8.98547738520905,11.3816917514024,0.257751220573335,-28.3703581688029,28.4828840559171,-56.7783887280998,-2.44543407857328,13.6689769317609,-1.37805550698839,-81.4311851830315,-11.3939714495264,13.1045070555788,1000.77697548658,0.191805847517913,-0.00669238235399838,488.851774853035,0.174479154224151,0.0286966601088254
51.16,8.44742855703595,-28.9166374740184,16.6565957055377,-13.0910952496649,-113.373308753571,-54.7070381015177,-35.0267810221578,80.3355918523471,74.318526788827,-66.0331118994968,24.2546707448888,20.412096412057,-1.41005734200413,14.9682733502428,-0.688889452675514,22.0227114388946,37.0021992719542,45.9669025788547,6.48260886070201,16.7852673613625,-1.9633954430832,13.06885344456,41.0277679504237,-74.4801438083571,0.327054851222627,14.6609156783345,0.47963580260128,-68.807540263335,-1.12228484279086,-206.590933247333,8.5903356559691,12.4551742863685,-0.935024449259211,14.0503486358313,37.8867329650409,-81.4340878360463,-8.97502501013243,11.3299122578016,0.286059424460226,-28.914879576483,28.2331640455442,-55.1920802368513,-1.33518408337654,13.1520544761347,-1.35688253159384,-80.4138621748681,-10.2301256658098,13.0476182841491,971.996980399176,0.192596490180415,-0.00663991581220902,522.565891794692,0.175899581819913,0.0279089450483294
51.165,8.24539256592192,-40.4071982227858,7.62572737539001,-13.7287583022178,-127.532610510526,-66.9706134403797,-34.6183572677966,81.6847508721872,75.9236565266673,-65.8919871170255,28.2249564942643,19.3766290393425,-1.44066904154761,14.9277146127728,-0.672124638617811,23.0548944554652,40.7707133516981,56.5675563834799,6.49105678505592,17.0098490180379,-1.91712604678542,12.7196881857856,45.0758991564744,-78.1742084000156,0.0186920153734234,15.2440025382653,0.658384991828263,-73.4470513269559,3.36921449091081,-221.251062391482,8.44975688902423,12.6028806885033,-0.843366918504194,13.5666452380486,38.2826952991615,-83.434644108071,-8.96522908424684,11.2269926492964,0.30653503033635,-29.404627925987,28.0253003319703,-52.7653706955097,-0.354774719836985,12.6038759398142,-1.34833544015021,-78.6762320375012,-8.53014678994515,13.0038359594504,938.069511147699,0.193391674727786,-0.00655174186668983,553.111762238943,0.177183095206923,0.0271471982564027
51.17,7.98443195069066,-52.1921230462249,-2.03079695509304,-14.4385828833508,-141.964916226518,-79.7065140901873,-34.2030123631298,83.0689809333252,77.4166219525202,-65.7264462183736,33.1081797303513,19.4416820841626,-1.43455016305879,14.8632181549446,-0.654675338711461,24.056822691619,44.4664223275888,67.3509413226046,6.41281263886508,17.2384364373619,-1.8618048527483,12.2089705207953,49.0581937468719,-81.9285852572226,-0.39503710829708,15.8680851274475,0.873283850443279,-77.1649338686331,8.92087402689429,-234.935485845487,8.28653517921958,12.7069399596205,-0.75656604530218,13.1300122353337,38.6474904372534,-85.551199589881,-8.95637461112041,11.0792613327043,0.319871141840083,-29.8358778808571,27.8626935449483,-49.5849685562656,0.488290208777171,12.0417467347062,-1.35234491229748,-76.3120290543561,-6.37931114998939,12.9620218955654,898.790395693156,0.194181520747673,-0.00645560329867845,582.018958020883,0.178335301038808,0.0264566445988192
51.175,7.66355054031476,-64.1762820752379,-12.2576579764173,-15.2216355531582,-156.610533961633,-92.8804205819394,-33.7804471117385,84.5130502783421,78.8294129657176,-65.5323561057454,38.8180225256702,20.5978823301473,-1.39174547558935,14.7773635450448,-0.63863157917745,25.0190523380686,48.0509465579231,78.2439675293064,6.23767062765401,17.4682804195912,-1.800715456745,11.5245878655559,52.931213475266,-85.7543963443481,-0.921537966714157,16.5190554338204,1.12285140235516,-79.8366993776829,15.5107706895306,-247.464057707262,8.10149462178696,12.768284802797,-0.676303023536833,12.7396073453268,38.9780311878839,-87.7862891937363,-8.94874400844736,10.8937057289234,0.327031379875402,-30.2040914193842,27.7456075889065,-45.7453420922345,1.18978547500777,11.482743040985,-1.36809198606643,-73.4206601233766,-3.86786444218438,12.9137755090947,854.053656757453,0.194968404056042,-0.00637233139568139,610.543562915878,0.179364736726632,0.0258892202419903
51.18,7.28225056504637,-76.2599950536386,-22.9894732297734,-16.0786616245627,-171.4052142808,-106.452180108831,-33.3502557211317,86.038278121302,80.1937248543038,-65.3060713673092,45.2569476872294,22.8177425086112,-1.31294975071745,14.6727435874311,-0.626045177994878,25.9329539274394,51.4869236947379,89.1697889929189,5.95647445752231,17.6945848857113,-1.73709860465404,10.6579583591874,56.6516801777947,-89.6621901447475,-1.5663125951246,17.1794010778087,1.40406592644065,-81.3486447598052,23.0854662629209,-258.674416537389,7.89567947365406,12.7885502366807,-0.604107454959339,12.3922879833532,39.2692905210524,-90.1379473485122,-8.94255232607117,10.6778083277523,0.329179514805671,-30.5041283854919,27.6710718752754,-41.3465778206408,1.74876235873917,10.9430134118708,-1.39414713410094,-70.1046812166441,-1.08885317300147,12.8528923220799,803.901386582994,0.195771166879771,-0.00630363261846956,639.352706129039,0.18027901603065,0.0254789844769876
51.185,6.84054780025467,-88.3405529582949,-34.1516815385034,-17.0100646005165,-186.280595190674,-120.375971814136,-32.9119450102583,87.6621421746299,81.5402225287919,-65.0444793747921,52.3183985033927,26.0565747009264,-1.19943359952156,14.5518695558118,-0.618858162716212,26.7908095795723,54.738597291614,100.04904160417,5.56166573632118,17.910372548154,-1.67396337315163,9.60455119260206,60.1771628537698,-93.6611759318159,-2.33221064512391,17.8287094901179,1.7122048869754,-81.601800689677,31.5609080469451,-268.425653559207,7.67036655595009,12.7700059396234,-0.541320383390415,12.0826649030092,39.5145313998702,-92.5997483170306,-8.93786409142458,10.4393818688953,0.327592107834014,-30.7304976513534,27.6329121110028,-36.4921617253481,2.16747026832629,10.4371647922607,-1.42863164552385,-66.4673121907738,1.86403113441709,12.7748475384213,748.55266994447,0.196624271399146,-0.00623704777532641,668.485787323005,0.181082984877248,0.0252271176299388
51.19,6.33897886390102,-100.313787270822,-45.6616052434348,-18.0158881011733,-201.164700131544,-134.600538822401,-32.4649550241509,89.3979972215806,82.897845040189,-64.745033783704,59.8891182176748,30.2537357736608,-1.05296072170114,14.4170884496937,-0.618834763872676,27.5858320912108,57.7723238478106,110.801188541037,5.04790617196746,18.1064985607084,-1.61390375609012,8.36427323916703,63.4667316408126,-97.7584027387886,-3.21857717556746,18.4444413695706,2.04077916122401,-80.5161108873702,40.8246355261474,-276.601137848472,7.42707319759887,12.7154733006636,-0.48906482664328,11.8032680449695,39.7055993101833,-95.1609141416669,-8.93450088762815,10.1864045292709,0.323559395265513,-30.877643755346,27.6219178759787,-31.2867358993366,2.4512050612426,9.97776003274151,-1.469388377971,-62.6100546804837,4.89855453534557,12.6763289496135,688.43954244698,0.197582753810182,-0.00614600022706213,697.524811443799,0.18177559510221,0.02510540073059
51.195,5.77860056727182,-112.075659325783,-57.4296666511839,-19.0958005389545,-215.982487556122,-149.069484412618,-32.0086804884778,91.2549071345639,84.2931692450306,-64.4057761167788,67.8515333849952,35.334170923141,-0.875702675889644,14.2705160839812,-0.627499257830122,28.3121021307567,60.5570032774579,121.345942407362,4.42215929652083,18.2769702574106,-1.55904127217692,6.94169889221079,66.481576397408,-101.957912127677,-4.21142695509045,19.0088730962542,2.38127146370795,-78.0346863215575,50.7391625312989,-283.110351225351,7.16755877151484,12.628231219052,-0.448224717819266,11.5448235555913,39.8332703785765,-97.8064900863609,-8.93195057252167,9.92685471699052,0.318281029650203,-30.9402602490902,27.6261490540394,-25.8338862646053,2.60808729251447,9.57494456303496,-1.51415017988103,-58.6304724174526,7.92594974492883,12.5548356223077,624.259656829389,0.198716549671722,-0.00599729005795346,725.86534421195,0.182354405279529,0.0250700036345384
51.2,5.16098134997178,-123.523843459945,-69.360732815826,-20.2490827929729,-230.656450803568,-163.721629659969,-31.5424925451763,93.2375886602563,85.7498489951612,-64.0253453899404,76.0861453676435,41.2102147584309,-0.67015674495421,14.1139888914696,-0.646081881600263,28.964426568711,63.0644443264235,131.604728021217,3.71975151460721,18.4295193021314,-1.5111029642933,5.34612738962096,69.1855896084326,-106.259899442839,-5.26884416272869,19.5227968447841,2.723164453755,-74.1279363387985,61.1463289151314,-287.889660928347,6.89381809852242,12.5119150932683,-0.419432602672461,11.2966336143105,39.8876459529297,-100.517589907093,-8.92928992816483,9.6685444330007,0.312764274926832,-30.9136173788838,27.6313760773751,-20.2340187233253,2.64877350375057,9.23621040140429,-1.56069623022553,-54.620186579834,10.8627919000658,12.4083505588154,557.021257278155,0.200101504407575,-0.00575116661538821,752.97542943904,0.182811537697545,0.0250717984331228
51.205,4.48818495320606,-134.559279353266,-81.3555612820215,-21.4746191274307,-245.107266891782,-178.491429932235,-31.0657602381457,95.3464614062114,87.2881431895473,-63.6029760109876,84.4738757906328,47.7836038987673,-0.439071516215378,13.9490362208255,-0.675474928563344,29.5381285899121,65.2696806928716,141.502144914437,2.97315735976472,18.5717156694152,-1.4712285093437,3.59146043467852,71.5459139558797,-110.659922866018,-6.35174390971462,19.9907221725714,3.05583790502329,-68.7973472612706,71.8723596133987,-290.902045388909,6.60806538792398,12.3704135304438,-0.403065861327291,11.0470434499654,39.8585825458012,-103.271715415637,-8.92513235064533,9.41895034075167,0.307732715551311,-30.7938886176462,27.621641296889,-14.5823810423969,2.58610369897678,8.96629686358352,-1.60698877321041,-50.6631308705518,13.6327022193865,12.2350875074941,488.044113515951,0.201808450750205,-0.00537226854280082,778.556558319067,0.183137159222434,0.0250674095581225
51.21,3.76274659891666,-145.087670857804,-93.3123186873356,-22.7708915898103,-259.254492475787,-193.309447758676,-30.5778712634479,97.5777949395015,88.9245425641732,-63.1384844375198,92.8983146935217,54.9476509362126,-0.185383534247348,13.7768736949861,-0.716200912868375,30.0287880446285,67.1512550976272,150.967384913187,2.17882794594534,18.691486635332,-1.43991179262037,1.69590209238257,73.5334542811858,-115.148202763891,-7.45421503797235,20.3970479570321,3.36955435743002,-62.0786621309237,82.7333369337508,-292.135877233601,6.31270792799892,12.2077670855137,-0.399250677220856,10.7839733058695,39.7361441866744,-106.043156100617,-8.91761087861797,9.18504272456835,0.303553386227426,-30.5784584261389,27.579921102388,-8.96728559633934,2.43468881351153,8.7672197656136,-1.65128487533999,-46.8341021684752,16.1678424826712,12.0333050922531,418.897665901192,0.203890492774267,-0.00483377586466816,802.575825447648,0.183319717987133,0.0250304476991863
51.215,2.98764204586962,-155.020910609329,-105.128144088614,-24.1359781122636,-273.017304490514,-208.102879725197,-30.0782515590921,99.923940871112,90.6715013624251,-62.6322453163887,101.247824226172,62.5895269030309,0.0878330614999072,13.5984169128722,-0.768394320665523,30.4319576845534,68.6914871616439,159.935558127355,1.33117895562069,18.7732915608727,-1.41689392142959,-0.318507851408198,75.1233521146072,-119.709055022198,-8.57044888854842,20.7243130121846,3.65479927812734,-54.0442157442607,93.5407856521673,-291.602946623566,6.01030940461607,12.0280728295704,-0.40787250559374,10.4954876961366,39.5110625982374,-108.803474588678,-8.90440442548604,8.97311430877465,0.30018940508534,-30.2661928565452,27.488861267169,-3.46858350021549,2.21044362908918,8.63841495527057,-1.69221966553552,-43.1976330497025,18.41016585808,11.8011761156628,351.289392714906,0.206372140277685,-0.00412653103564153,825.191608228111,0.183349617568934,0.0249512131280962
51.22,2.16624998735088,-164.278411703898,-116.700729452852,-25.5675545219419,-286.315281935923,-222.796135119302,-29.5663833821616,102.373635386199,92.5372761787176,-62.0851580370453,109.41745586878,70.5925981234947,0.377403499355872,13.4143135000006,-0.831797927520217,30.7428865942193,69.8767368721144,168.348880765176,0.441458397553887,18.8097215900724,-1.40099919388134,-2.42650728784041,76.2954188735189,-124.320500821506,-9.6778662995184,20.9674211324207,3.9028609131395,-44.8041980420632,104.107088414791,-289.335966485059,5.7035434659695,11.8353977954103,-0.428591443746385,10.1703705857572,39.1751893330977,-111.522082140448,-8.88281162902383,8.78861319539319,0.297183690853918,-29.8576554794729,27.3315520002892,1.84356648997328,1.93007337725682,8.57697781704151,-1.72885896520919,-39.8072025066907,20.3123933832896,11.5366967646655,286.922601571807,0.209239676202105,-0.0032622134877851,846.633194678816,0.183224426856098,0.0248350081507009
51.225,1.30230833926425,-172.788329617237,-127.929890830572,-27.062900641574,-299.069223926263,-237.311463985839,-29.0418216021285,104.912356006555,94.5258704617717,-61.4986048113751,117.310645133983,78.8387635109088,0.680076944508269,13.2249903247514,-0.905773960343747,30.9562853910046,70.697669173507,176.157680796445,-0.475502570484769,18.7955601981503,-1.39036362505796,-4.60034483379142,77.0345216819022,-128.954091257614,-10.7501868084874,21.1262590929926,4.10669584718272,-34.5066557380734,114.250486746666,-285.385830811185,5.39513891294994,11.633703419452,-0.460860707862448,9.79867352093161,38.7219232284168,-114.166905026196,-8.84987246915938,8.63598658540057,0.293677215403274,-29.3552536908616,27.0923049601875,6.90960060146253,1.61052610454146,8.57797795115067,-1.76072034168689,-36.7047910749606,21.8386906298477,11.2376197479374,227.347911197608,0.212447865568544,-0.00226908465061637,867.095555988513,0.182948989048894,0.0246979004912395
51.23,0.399865043157192,-180.488659221576,-138.719105192473,-28.6189106289891,-311.20199748332,-251.569632004323,-28.5042080246586,107.522715494086,96.6370795578321,-60.8744015398353,124.84065430806,87.2107399369851,0.99254091200094,13.0307116844448,-0.989329557878707,31.0661679002868,71.1495176016917,183.321182840755,-1.40444574651992,18.7274350775019,-1.38260593762291,-6.8105999525138,77.3309139390212,-133.57497814098,-11.7609997388203,21.2043877463006,4.26156233979711,-23.3360947168118,123.79947461419,-279.818893610991,5.08781861977642,11.4267820734226,-0.503946399011718,9.3722044814657,38.1465964140283,-116.705137572009,-8.80251137595985,8.5185810941642,0.288462326422578,-28.7633045991462,26.7573925424182,11.6811024043888,1.26846292702787,8.63485141625703,-1.78776316127497,-33.9207765732356,22.9650259778896,10.9013970709072,173.833377187061,0.215915265985006,-0.00118964855176085,886.676867288857,0.182538768511388,0.0245594712860377
51.235,-0.536775922536172,-187.328193138577,-148.976989635529,-30.2321076622598,-322.639406653966,-265.490639117182,-27.9532836457661,110.184875778428,98.8666279167173,-60.2147428357831,131.931740810376,95.5942461558166,1.31142871268612,12.8316435124107,-1.08115510144879,31.0658005590962,71.2323368625197,189.808041770036,-2.33109221410804,18.6050657642873,-1.37501499568779,-9.02705439099807,77.1805015394401,-138.142252242605,-12.6859154874214,21.2092575126433,4.36557471037019,-11.5106109273712,132.596450344982,-272.714499577463,4.78423492808329,11.2182057525232,-0.556946902997618,8.88492838775818,37.4468027883099,-119.104071196456,-8.73749359696246,8.43893366130809,0.280066608222098,-28.0880150531939,26.3157104828749,16.1209967987117,0.920086493121522,8.74005560069391,-1.81035285236014,-31.474157015775,23.6792006057613,10.5251218903936,127.282825798745,0.219544130770569,-7.69081872471489e-05,905.358043185492,0.182021184384916,0.0244322717020351
51.24,-1.5031125663587,-193.267328764407,-158.61870153138,-31.8986630246933,-333.311072486533,-278.994478096879,-27.3888988175275,112.87696564768,101.206387310069,-59.5221426555753,138.520036041484,103.880039778017,1.63332372168993,12.6279182371039,-1.17967312555822,30.9477836805459,70.951226873892,195.596605155461,-3.24162316026554,18.428976754535,-1.36478478596872,-11.2195785192482,76.5850351239265,-142.609557481408,-13.5022061018462,21.1493028844999,4.41923539495607,0.722448847748986,140.500552681321,-264.16293336333,4.48690477261938,11.0112860656219,-0.61881059549195,8.33325562887107,36.6226544582965,-121.331981394725,-8.65168902086927,8.39856659938535,0.266868526394528,-27.3373764158312,25.759328382845,20.2033922721829,0.580506760788658,8.88537830708042,-1.82918718741085,-29.3730782005766,23.9805506442281,10.1054641293746,88.2146924607812,0.223218735992922,0.00100337658814897,923.012163540988,0.181428522234985,0.0243241201749065
51.245,-2.49450612685614,-198.278712099668,-167.567240084964,-33.6144195804408,-343.151311149814,-292.001928225729,-26.8110213795791,115.575487589786,103.644662737751,-58.7993720207755,144.55412696009,111.965766806247,1.95476446137402,12.4196948966498,-1.28309477858543,30.7042782895272,70.3165050220236,200.674897360878,-4.12158913785586,18.198026893093,-1.3492595076636,-13.3589979517214,75.5522188810209,-146.925974662963,-14.1876637327651,21.0311135243933,4.42476268386496,13.0922174108276,147.38966309163,-254.2638718421,4.19814813582347,10.8090439558836,-0.688350979983115,7.71620232677222,35.6769541576825,-123.359047097209,-8.54289389538039,8.39693728103645,0.247234539436095,-26.5209807675618,25.0838990585071,23.9130930413666,0.262275747969894,9.06167458817581,-1.84519236218061,-27.6156352517048,23.8793335641631,9.63860053124535,56.7859718727351,0.226802258668008,0.00194868755488287,939.438788445785,0.180797665669968,0.0242352985148226
51.25,-3.50624466317852,-202.347707264373,-175.754631601485,-35.3749195569996,-352.099995311568,-304.435377979693,-26.2197428716785,118.255701580046,106.166531216156,-58.0493953205932,149.995340036395,119.757589090105,2.27225428547497,12.2072095190176,-1.38948030167971,30.3273793405976,69.3438000540719,205.040332030883,-4.9577924036301,17.9121016627066,-1.3261756629873,-15.4179097315255,74.095727103187,-151.037152269894,-14.7233461937692,20.8610161384931,4.38646501434014,25.3112730204197,153.161606136429,-243.125334780418,3.92003351774189,10.6141871315802,-0.764258917014255,7.03541475163893,34.6152750496489,-125.158269966152,-8.4100152064846,8.43160553582637,0.219664935533654,-25.6497706677002,24.2889062422355,27.2448169066581,-0.024930577456845,9.25935987707519,-1.85941485348183,-26.1909102215523,23.3958230984021,9.12014575434817,32.8221567975301,0.230058604054645,0.00254196215597524,954.418588792873,0.18016655974715,0.0241616927775059
51.255,-4.53360806992675,-205.472681349541,-183.122982462903,-37.1754364660785,-360.10338181561,-316.21966908175,-25.6152829886975,120.891976596143,108.754217912224,-57.2753066482103,154.817734476501,127.171561559615,2.58227887066249,11.9908116215927,-1.49679982848693,29.809621953115,68.0540407106403,208.699173962418,-5.74020295522839,17.5730810092826,-1.2938743843262,-17.3714227808593,72.2351207929772,-154.886645601756,-15.0960435482918,20.6450040368444,4.3106572474234,37.0836134669291,157.734621142967,-230.863046400312,3.65433387475442,10.4290930305809,-0.845112153874679,6.29505963117985,33.445943437905,-126.706355814999,-8.25277340369686,8.49916408327745,0.18294071985729,-24.7357388105575,23.3777404388277,30.2021671244261,-0.27381530484187,9.46931159782823,-1.87290204592722,-25.0802019161408,22.5591490006617,8.54509614519645,0,0,0,967.775154589806,0.179565052793033,0.0240895461868655
51.26,-5.57193354579486,-207.665095173811,-189.625385364152,-39.0110109006634,-367.114886917301,-327.282952568768,-24.9979924683723,123.458104065148,111.387494135044,-56.4802675556593,159.007818510333,134.134738073578,2.88133383698307,11.7709839174839,-1.60299103416941,29.1445932804611,66.4733151160461,211.66578476603,-6.47329071122754,17.1732151065907,-1.25128929705628,-19.1978035420379,69.9956579978206,-158.417410548756,-15.3065790992969,20.3742362291524,4.20469345460117,48.1133490838853,161.04721118914,-217.600054529336,3.40249590293636,10.255795274217,-0.929382887082271,5.50159124576665,32.1799245087802,-127.984517146379,-8.07182192788065,8.59535997834778,0.136253652602735,-23.7915964619114,22.3576037845894,32.796416400433,-0.479632658640374,9.68314756501232,-1.88657389405333,-24.2583995237319,21.4059287964553,7.90780131968729,0,0,0,979.420365596317,0.179020490561795,0.0240039495243058
51.265,-6.61668050417474,-208.949391675869,-195.2266657609,-40.8764898459741,-373.095789061946,-337.557545667801,-24.3683546126972,125.927571134954,114.044082511784,-55.6674475112811,162.564008875567,140.585991990776,3.16596372581783,11.548343846872,-1.70601077015551,28.327610258008,64.6325829224361,213.961698170824,-7.17533249933413,16.6915675493334,-1.19804998696205,-20.8790139924268,67.4079931629638,-161.573385778038,-15.3680241059382,20.0214720719026,4.07626018886031,58.1137767577545,163.057499415309,-203.466413848787,3.16562465780212,10.0959719624908,-1.01544454525342,4.66341436153587,30.8306159912828,-128.979155346433,-7.86890862959496,8.71509884525659,0.0793108541496388,-22.8304302352837,21.2392555765454,35.0451674989919,-0.640388697116882,9.89334547595427,-1.90110226331291,-23.695448528211,19.9787474587361,7.20198015884191,0,0,0,989.357847424933,0.178549014035172,0.0238811987344247
51.27,-7.66349387995874,-209.362675156693,-199.90395676988,-42.7665690384914,-378.015838503273,-346.980776396509,-23.7269856358287,128.273795373632,116.700056207151,-54.8399682152804,165.495859200045,146.476544953591,3.43281238098126,11.3236272506604,-1.80387874401983,27.3564141085288,62.5672307015249,215.614579231183,-7.8419205263185,16.1242426029947,-1.13472744257249,-22.40113482851,64.5077626425787,-164.301088336952,-15.2784467735401,19.5800296926997,3.93394254631417,66.8164650128591,163.742237883715,-188.598729734818,2.94448438313371,9.95093476535494,-1.101579332712,3.7904684962609,29.4135591704451,-129.682383663222,-7.6468415211398,8.8526986119081,0.0124075934352469,-21.8653655974799,20.0366197297377,36.9709574648457,-0.756698557427606,10.0934402724171,-1.91680784916931,-23.3578559127692,18.324546807117,6.42079703160357,0,0,0,997.654095666167,0.178160174608,0.023700665238632
51.275,-8.70826476257161,-208.954176522764,-203.647091998333,-44.6758378040986,-381.853753121799,-355.495800998993,-23.0746340057187,130.470326022126,119.330221209122,-54.0008527770132,167.823087653608,151.770204677409,3.67868363332399,11.0976562120537,-1.89471242973827,26.2318271793075,60.3164712465358,216.657126161,-8.4442174164703,15.4926784257101,-1.06282964625598,-23.7546710746676,61.3350556812064,-166.551143633284,-15.0220864236367,19.0730843920471,3.78715401973971,73.9799674441644,163.095620051092,-173.139379477496,2.73951515942747,9.82161848849011,-1.18598829894901,2.89376317194604,27.9460806165177,-130.092357773898,-7.40937200911774,9.00217149366453,-0.0635396057809857,-20.9092527326442,18.7662828908369,38.5998708926937,-0.831500562827285,10.2781590440195,-1.93358338711853,-23.2101819313167,16.4929887636026,5.55701096766491,0,0,0,1004.38838014708,0.177848861221414,0.023449313533785
51.28,-9.7471872732262,-207.784502130811,-206.458807037589,-46.5988257077576,-384.597580731599,-363.052377727065,-22.4121789053896,132.491020065762,121.908473377198,-53.1529805875881,169.574437884921,156.443319579057,3.90061018073088,10.8712946311346,-1.97675357141406,24.9583170486161,57.9225982430233,217.125973466308,-8.96581277508624,14.8140871612659,-0.984864340484317,-24.9347404351309,57.933772781831,-168.279672086337,-14.5970051833956,18.5158917980754,3.64445900756736,79.3977895611319,161.128043464428,-157.23527409705,2.55086369920236,9.70857155039693,-1.26680578291605,1.98489535713322,26.4468809261916,-130.213389247664,-7.16100312088254,9.15751277676508,-0.147002610295168,-19.9743864797796,17.4469166279913,39.9602221981322,-0.869649255970443,10.4434898210226,-1.95085086221361,-23.216467829294,14.534855107851,4.60320535228899,0,0,0,1009.61936514288,0.177601286917485,0.0231207215284277
51.285,-10.7768106070487,-205.924666764696,-208.354741724188,-48.5300502573284,-386.2449099145,-369.607579207696,-21.7406278857402,134.310203929986,124.408124983084,-52.2990485388766,170.786409742458,160.484464672505,4.09592774271098,10.6453963029685,-2.04838770395221,23.5444169649701,55.4301180959322,217.060650302157,-9.40507530556204,14.0959967492441,-0.904161233177671,-25.9411464090796,54.3508765120537,-169.449461661988,-14.0152369172016,17.9102055062769,3.51294006858914,82.9052627260741,157.86495368098,-141.036089000261,2.37842546187437,9.61194852695688,-1.34212001617924,1.0755791957693,24.9355884364541,-130.05582802028,-6.90673537452222,9.31297764970374,-0.235893657378231,-19.0722675435513,16.0986586977903,41.0813579156487,-0.877415761700237,10.5866858409072,-1.96755798198615,-23.3415528846559,12.5005411324769,3.55209896789209,0,0,0,1013.38162657866,0.177398434282287,0.0227264812974752
51.29,-11.7940851810488,-203.454914799906,-209.363236838441,-50.4640648276353,-386.802914061191,-375.126424825046,-21.061113718888,135.902833370376,126.802198695157,-51.441539050806,171.501897614023,163.893879139763,4.26235099043848,10.4207510220109,-2.10815891236497,22.0029601792536,52.8847895637072,216.502638846287,-9.76279839674207,13.3455897632383,-0.824441495607735,-26.7783388135473,50.635543523884,-170.030867730413,-13.292807213022,17.2570930475196,3.39832620040112,84.385027274505,153.345873509765,-124.691965705499,2.22189436988743,9.53150652889195,-1.41000144933254,0.177214586301955,23.4322961343802,-129.635712396264,-6.65176904205325,9.46332842323497,-0.3276559685118,-18.2134076555077,14.7424868859109,41.9926184302859,-0.861931248187542,10.7062100124011,-1.98221606620286,-23.5522400300287,10.4386920154704,2.39693148244781,0,0,0,1015.68843443806,0.177217016705171,0.0222885799832069
51.295,-12.7964018704806,-200.46333788626,-209.524920764398,-52.3955059121659,-386.288216905918,-379.58241430499,-20.374890393978,137.244664981931,129.063690180335,-50.5826951782321,171.768774514701,166.682681199042,4.39804744329865,10.1980344716084,-2.15478248646252,20.351097797629,50.3326084612198,215.494564702362,-10.0412279158249,12.5701249090234,-0.749529158120562,-27.455264368752,46.8382308535492,-170.002398430874,-12.4483867632746,16.5581764698493,3.30482644052024,83.7708925262256,147.623684442213,-108.350759538185,2.08081586814416,9.46660759420685,-1.46853998808229,-0.699484323423274,21.9570988831504,-128.974198213228,-6.40118600459388,9.6040371844103,-0.41938650521247,-17.4071773860332,13.3996146974714,42.7224851924068,-0.830613668440668,10.8016273477422,-1.99297803637975,-23.8182770197505,8.39501953627763,1.13190849117591,0,0,0,1016.55030264225,0.177043664125389,0.0218374032565878
51.3,-13.7816233824559,-197.044302395241,-208.892083865989,-54.3191387729135,-384.726572149868,-382.957944120272,-19.6833281312469,138.312452546348,131.165803526327,-49.7245028816742,171.638459311739,168.871890220291,4.50170549963702,9.97776735783248,-2.18715814506706,18.6100843196706,47.8187785413736,214.079536051045,-10.2437114292049,11.7768622561726,-0.683066168869364,-27.9851099398122,43.0096742824931,-169.350963734257,-11.5023769431841,15.8161390413332,3.23502544699494,81.049920051479,140.764181870463,-92.1549700872216,1.95463892338099,9.41622942452897,-1.51589178693027,-1.54478647416351,20.5296458263677,-128.09679165958,-6.1596366830673,9.73143291250343,-0.507982321600935,-16.661692313599,12.0909319079927,43.2979254201366,-0.790618945432826,10.8734558222106,-1.99775174187361,-24.1131293358883,6.41132398964863,-0.247316284460464,0,0,0,1015.98311994851,0.176870975453237,0.0214046377295167
51.305,-14.7481069092986,-193.296705368434,-207.527841020813,-56.2299005470464,-382.152354826389,-385.244589507092,-18.9879072300295,139.084180243413,133.082166334717,-48.8686803674197,171.164502850799,170.49128939388,4.57259300524733,9.76028843171477,-2.20438609946426,16.8048307509873,45.3867105418548,212.300631909166,-10.3743659289252,10.9730277668441,-0.628244983585804,-28.3849414177071,39.1998413948288,-168.071788026361,-10.4760110058674,15.0351217655735,3.18985549995504,76.262662790632,132.845876082007,-76.238534979673,1.842762818414,9.37898662890841,-1.55033554527992,-2.35016017669873,19.1687197825218,-127.032421829353,-5.9310573772643,9.8427868856371,-0.590300797591548,-15.9837315098409,10.8365055699572,43.7439326223635,-0.748355185889213,10.9229881636621,-1.99434083272191,-24.4145312850067,4.52473300217166,-1.74315029115657,0,0,0,1014.02118516615,0.176704752433412,0.0210150403679519
51.31,-15.6947173264004,-189.322083420276,-205.505085950486,-58.1229398845357,-378.607867497672,-386.443236837698,-18.2902105171613,139.539342573555,134.787033429166,-48.0166742363034,170.401226223192,171.57816458975,4.61060319528963,9.54574478074335,-2.20578745148273,14.9632407806988,43.0770893781655,210.200524097433,-10.4365803879268,10.167915841605,-0.587596953017762,-28.6752424564472,35.4568665622845,-166.168007444079,-9.38984368185075,14.2232972030215,3.1685969361859,69.5015804059829,123.959962063397,-60.7236889614287,1.74457523194482,9.35316416035127,-1.57033739727211,-3.1084085618075,17.8918520602549,-125.812398500673,-5.71844076123876,9.93633530747931,-0.663323763409468,-15.3786818571033,9.65514949374406,44.0832489742655,-0.709092608009886,10.9520982189892,-1.98060310502516,-24.7048123729705,2.76715663171818,-3.3555959127011,0,0,0,1010.71665884563,0.176558588948002,0.0206777069512869
51.315,-16.6208303504636,-185.222604812808,-202.905244710122,-59.9936522349736,-374.142470087914,-386.564053825817,-17.5919141282344,139.65927778551,136.255489520896,-47.1696620307669,169.40244110745,172.175956331389,4.6162854098723,9.33410117790184,-2.19092938451551,13.1153597908331,40.9270449218961,207.821204045777,-10.4298894388423,9.37919113214371,-0.562861446846262,-28.8793595538441,31.8259989739492,-163.649992512719,-8.26150893193314,13.3996736997419,3.16875957035404,60.9077346601674,114.210338598146,-45.7180886961638,1.65947904488633,9.33676386751371,-1.57462251620564,-3.81373058028043,16.714977892548,-124.469307078183,-5.52367752855738,10.0112429692196,-0.724316038463587,-14.8505024467926,8.56406341901165,44.3362455000685,-0.6766932189138,10.9630456199568,-1.95461489630805,-24.9710063488164,1.16494764869155,-5.08184357829318,0,0,0,1006.12314534169,0.176447624930684,0.0203888933730587
51.32,-17.5263252531853,-181.098980544239,-199.816839920979,-61.8377099750518,-368.811548015457,-385.626288510385,-16.8947763392107,139.427557804667,137.463661770193,-46.3285606399919,168.22027815491,172.332862059633,4.59085863729152,9.1251685081948,-2.15965445112449,11.2923784230772,38.9694552442153,205.203775882224,-10.3571198595896,8.62173310348057,-0.554811927420455,-29.0228632172108,28.3485975532127,-160.534452157577,-7.10927071019102,12.5813410176221,3.18634665712431,50.665942410713,103.713526621865,-31.3123817296114,1.58690647873095,9.32756408869228,-1.56225052477619,-4.46171860069065,15.6521350218052,-123.035895614801,-5.3474807479362,10.0675159761751,-0.770970005419798,-14.401704929497,7.5785378025105,44.5209288027456,-0.653473720006216,10.9582914253061,-1.91482975989118,-25.2047595792241,-0.261252010454916,-6.91595817722445,0,0,0,1000.27846960385,0.176385779257464,0.0201327269693943
51.325,-18.4115669306038,-177.048335483611,-196.333881977659,-63.6510866699898,-362.675338987412,-383.657892089774,-16.2006241730027,138.830433241529,138.388952914675,-45.4940399157719,166.904144843906,172.100425110201,4.53620665380997,8.91864950637635,-2.11211214499961,9.52554132253821,37.2324032193668,202.388272468567,-10.2310722042338,7.89218511450458,-0.563207295115483,-29.1328388915057,25.0612077531976,-156.843385554869,-5.95507849428047,11.7667693065235,3.21669585619768,38.9986238275809,92.5983228380547,-17.5783607873223,1.52632042460018,9.32319106753442,-1.53269080642096,-5.04930653044594,14.7152061632089,-121.544008073859,-5.18939704817136,10.1058747563868,-0.801529288588205,-14.0333478302208,6.71171682786484,44.6530391002421,-0.640203676967288,10.9403353370983,-1.8602202326372,-25.4020630194299,-1.49650256458704,-8.84868894441203,0,0,0,993.185886021469,0.176376917749224,0.0198899411734974
51.33,-19.2773773559951,-173.16208507841,-192.5541084203,-65.4300748908549,-355.797644173333,-380.694965350106,-15.5113375367495,137.857327250762,139.010304484058,-44.6665407695066,165.499829253225,171.532145133574,4.45485427655495,8.71419838412504,-2.04879000686733,7.84501701612615,35.7387985461636,199.413451743717,-10.0636354457351,7.18461391315804,-0.586819743787099,-29.2371254327518,21.9947544555045,-152.602952720643,-4.81783475331715,10.9532459240147,3.25469412144777,26.1586269664709,81.0050299083565,-4.56779839208709,1.4772040382819,9.32119977540158,-1.485892954738,-5.57468342544141,13.9137052752162,-120.023613572229,-5.04790107571938,10.1276005088943,-0.814886180059055,-13.745045117462,5.97441103752982,44.7462036641435,-0.636229770430479,10.9115821969653,-1.79039286532915,-25.5628375028859,-2.53142133839755,-10.8674263925325,0,0,0,984.829645018838,0.176416490059649,0.0196434562667491
51.335,-20.1249966894904,-169.523866698974,-188.577097778404,-67.1712971622754,-348.244454283921,-376.781033502883,-14.8288307013806,136.501367073725,139.308497615121,-43.8462969645813,164.048760984963,170.682142125306,4.34992498618877,8.51148953079858,-1.97054085312696,6.27878643252888,34.5061680797003,196.316536888604,-9.86054291385838,6.50183191018189,-0.623503435404253,-29.3635225408137,19.1738823192964,-147.842333013206,-3.71034093934519,10.1484675936209,3.29466719078894,12.4213357234225,69.0841295391203,7.68799174082903,1.43904073908516,9.31916061045656,-1.42234698143391,-6.03718692975506,13.2546077587435,-118.501973646774,-4.92056255374164,10.1343688640861,-0.810648976736099,-13.5349913767601,5.37495174973045,44.8121122011315,-0.639707017057129,10.8742420849729,-1.70566859110379,-25.6904051366051,-3.36192634564775,-12.9563208837271,0,0,0,975.209634829339,0.176496438764245,0.0193810245642609
51.34,-20.9560345744846,-166.207576998755,-184.502289277913,-68.8717097875674,-340.082525058229,-371.966159548564,-14.1550310150969,134.759937256665,139.266496195275,-43.0333597887924,162.587435157702,169.60390290882,4.22508085339452,8.31028944745698,-1.87860238621392,4.85160536872319,33.5466083478044,193.132874792613,-9.62611274005643,5.84862388248604,-0.670416531660348,-29.5389910705205,16.6164699565469,-142.592633313453,-2.64215423617006,9.36235354923022,3.33068990295939,-1.92362320845388,56.9943075415206,19.1778653442195,1.41128756145036,9.31474754223944,-1.34312761714137,-6.43718894315346,12.7422257139107,-117.0029792976,-4.80426943987469,10.1280838820522,-0.789176745035861,-13.4000075070929,4.91908175943586,44.8606857934281,-0.647910132452892,10.830264853663,-1.60712273214543,-25.7908803191559,-3.98889049522687,-15.0965667453378,0,0,0,964.361229196764,0.176604743038523,0.0190974188958446
51.345,-21.7724124128675,-163.275567676735,-180.42694464377,-70.5285994861749,-331.377939721813,-366.30591162342,-13.4918548449155,132.635234036395,138.869833617785,-42.2276247875902,161.147000240597,168.349134941457,4.08444626730515,8.11052550902873,-1.77460546179882,3.58409056026021,32.8668857155668,189.895501890329,-9.36466041344786,5.22931233492863,-0.724234258401987,-29.7888709988268,14.3333375134705,-136.88589564027,-1.62047651504896,8.60395399454333,3.35693235372677,-16.5807659053818,44.899796365758,29.9098672756797,1.39334529948546,9.30582270462908,-1.2499171477739,-6.77598309403327,12.3781308839507,-115.54667760318,-4.69548669056812,10.110723793367,-0.751580184759454,-13.3356117253176,4.60988015812478,44.9002180365354,-0.657593348718795,10.7813067183297,-1.49658129745041,-25.872512657487,-4.41772409687129,-17.2668443848008,0,0,0,952.365203498883,0.176735070308555,0.0187956761729522
51.35,-22.5762976716082,-160.777051748064,-176.444092606602,-72.1395729766551,-322.194698095868,-359.860204969134,-12.8411808628253,130.13479641798,138.107040482191,-41.4288597587394,159.753005770063,166.966747839989,3.93251739009786,7.91234511055053,-1.66056763884502,2.49197046920018,32.4686623117709,186.63462302463,-9.08067231370289,4.6475877753581,-0.781365892707118,-30.1361407701251,12.3281591148079,-130.754238933177,-0.650440461561465,7.88093975261694,3.36794686571985,-31.2569413328368,32.9670649559523,39.9096266142216,1.38452901624072,9.29051229993962,-1.14500178503618,-7.05568037017362,12.1611294938626,-114.148995131207,-4.59053052454534,10.0842055008944,-0.699688256523227,-13.3361207045509,4.44772277577364,44.9374751615837,-0.665368048244384,10.7287229881408,-1.3765725909158,-25.945011435681,-4.65789872607544,-19.4439017384309,0,0,0,939.333317659276,0.176887116171634,0.0184849699489593
51.355,-23.3700315258808,-158.746770854647,-172.640500426606,-73.7025398421482,-312.593373098915,-352.692043996575,-12.2048209320534,127.271986154491,136.970106301522,-40.6367332493621,158.425301875605,165.501978207839,3.77405956113355,7.71615927269174,-1.53886930202755,1.58553121013194,32.3488199942938,183.377025686994,-8.77887130002769,4.10631988141855,-0.838177882172605,-30.6007388290207,10.5975828275637,-124.229153549256,0.26461334800826,7.19920968255896,3.3589162129084,-45.6690691276375,21.3609512466981,49.2182143510297,1.38404226119063,9.26726900450696,-1.03123760713613,-7.27911606684076,12.0872944065319,-112.821653258852,-4.48635858723774,10.0498432413846,-0.635979760265396,-13.3947848504297,4.43028308607098,44.9777503328303,-0.668707936871976,10.6733647783758,-1.25023989912854,-26.0188779539163,-4.72242153237727,-21.6032466770962,0,0,0,925.394730433353,0.177061144571395,0.0181729082296762
51.36,-24.1560513822733,-157.203971278434,-169.094719597145,-75.2156892190956,-302.629875389322,-344.866194219688,-11.5844890002759,124.066386355451,135.454963879732,-39.8508428532184,157.178079228665,163.995668374635,3.61399507849035,7.5226658482881,-1.41221058781917,0.86927607461927,32.4998507398701,180.145466847825,-8.46410194980651,3.6073715017149,-0.891206953957455,-31.1989637726153,9.1315520352144,-117.340951576633,1.12295583013935,6.56264141128351,3.32584930584366,-59.551206901379,10.2403921642234,57.8895645841701,1.39095779203858,9.23491685286055,-0.911983631041415,-7.4497684024176,12.1500604734003,-111.572259838062,-4.38148669951388,10.0077836299543,-0.563482452431589,-13.503960078789,4.55258084533435,45.0248751188305,-0.667065423781867,10.6153708562768,-1.12121488582207,-26.1047686060863,-4.62726647925215,-23.7199146095819,0,0,0,910.687408784059,0.177266020543321,0.0178684257084392
51.365,-24.9368100426937,-156.151732084005,-165.875254730767,-76.6774610483698,-292.354365854676,-336.447817456504,-10.9817685651636,120.544087022398,133.561980701919,-39.0707426751201,156.020035619585,162.483704721197,3.45728393687714,7.33284902691552,-1.28354851633311,0.341804834696997,32.9102802833026,176.958080857846,-8.14124956166303,3.15151328678957,-0.937348788413089,-31.9429643940773,7.91381405102656,-110.118363066476,1.92418670266382,5.97303759858167,3.2657072986083,-72.6607724467852,-0.246046848589624,65.9875688068444,1.4042068145396,9.19267576971618,-0.791001561635348,-7.57168696352634,12.3403883556548,-110.404553159462,-4.27408263438206,9.95875716771907,-0.48564744615028,-13.6553161187468,4.80708683068162,45.0811976028594,-0.659513782631036,10.5551172331629,-0.993431187387905,-26.2129083964178,-4.39076819571046,-25.769271091981,0,0,0,895.348997320193,0.177508289261349,0.0175694505480584
51.37,-25.7146934575187,-155.576682965137,-163.038905330177,-78.0865128150636,-281.810353339026,-327.501106497935,-10.3980794370593,116.737825620964,131.296437644718,-38.2959694063591,154.954653752326,160.996616548396,3.30880024456079,7.14795376807958,-1.15601507562828,-0.00409266724687169,33.5650928883925,173.827863193324,-7.81517921405994,2.73839018859571,-0.974010179602639,-32.8403258007305,6.92259496828197,-102.588259029769,2.66889940380629,5.43020832928701,3.17645785428395,-84.7837916487617,-9.96461099902574,73.5829581242636,1.42257785325875,9.1401644253495,-0.672324129182542,-7.64942769676765,12.6470002958212,-109.318768370017,-4.16056298389131,9.90515989204033,-0.406196272741842,-13.8400785210921,5.18389157108767,45.1475411633928,-0.643104721583127,10.4937937751095,-0.870917890708556,-26.3525718298905,-4.03298510699579,-27.7278079817292,0,0,0,879.500101295039,0.177792572700336,0.0172713245949616
51.375,-26.4919391664452,-155.449141785208,-160.629329586456,-79.441682872506,-271.034011488331,-318.087957314756,-9.83464467606288,112.68695219922,128.668971778299,-37.5260665363371,153.980574004337,159.559332125146,3.17320720972572,6.9694359347697,-1.0328184483193,-0.181144379633146,34.4461289253896,170.762285279015,-7.49068150640487,2.3660369090441,-0.999213215248811,-33.893753639404,6.13141446738511,-94.7754772855464,3.35836399728626,4.93166816106585,3.05707962652755,-95.7390874430225,-18.8005227177815,80.7500908104862,1.44472547191879,9.07738179028746,-0.560096539685984,-7.6879904840143,13.0566883760479,-108.312093565345,-4.03830227038823,9.8487542658098,-0.328950171584464,-14.0492984698387,5.67094390756315,45.2231603140025,-0.616231404330021,10.4322362096866,-0.757617453609272,-26.5316456034144,-3.57504091802093,-29.5738933632616,0,0,0,863.229844388907,0.178116399471367,0.0169640794822481
51.38,-27.2705576276508,-155.723692241038,-158.675877409251,-80.7419515906399,-260.053743626665,-308.26671770645,-9.29245871728663,108.437191755194,125.695957216259,-36.7606063082538,153.092045616583,158.191084753972,3.05483378172259,6.79889102133295,-0.917131005889206,-0.207129261043175,35.532433350127,167.763090025241,-7.17219906358659,2.03138862757308,-1.01165502455496,-35.1008559606006,5.51001066965343,-86.7027271364836,3.99435778689055,4.47337353466368,2.90746822812139,-105.381366357854,-26.6616454764083,87.5637624234286,1.46918828604734,9.00466951623761,-0.458398206231745,-7.69275536583049,13.5546919356918,-107.379182574577,-3.90668505026536,9.78993371746805,-0.257648861954063,-14.2741414931424,6.25436175999291,45.3057101391676,-0.579843802824746,10.3705658057691,-0.65718238695314,-26.756284969485,-3.03845671063289,-31.288439598753,0,0,0,846.596498981441,0.178469052612636,0.0166392298715854
51.385,-28.0522586803094,-156.340210531877,-157.192736460135,-81.9864016814789,-248.890018168014,-298.091050998516,-8.77225780851346,104.04018175473,122.39979610379,-35.9992091085004,152.279439950804,156.905458513717,2.9575562273959,6.63796621975403,-0.811968990322459,-0.104265436911881,36.800541856724,164.826306483616,-6.86343798222183,1.7321572932319,-1.01071978211494,-36.4540218120606,5.0253430414009,-78.3905529717305,4.57914946584363,4.05182548291753,2.72828903196173,-113.603195190518,-33.4814443438026,94.0961520883819,1.49441513269075,8.92265890676729,-0.371054321785086,-7.6694140966543,14.1251363976254,-106.512693569316,-3.76601936484348,9.72869355211192,-0.195762601784097,-14.5061835752999,6.91881296493277,45.3912440877074,-0.536052994554101,10.3087039454984,-0.57275797201545,-27.0306727229785,-2.44448917240717,-32.8554597526632,0,0,0,829.648312367561,0.178835835516251,0.0162937175203295
51.39,-28.8383853629429,-157.225336526608,-156.178429918493,-83.1741791280153,-237.555489307159,-287.608951883569,-8.27449395869392,99.5527699638571,118.809091146057,-35.2415600586132,151.529809977368,155.71056082339,2.88468806382552,6.48826191418081,-0.720069803770027,0.101514123088507,38.2247017631268,161.942506183453,-6.56747309610742,1.46644895960507,-0.996441459702695,-37.9403972865688,4.64264056746819,-69.8573443620408,5.11523437988832,3.66387125990674,2.52089893421772,-120.335890360853,-39.2210869499778,100.414010796839,1.51879792312146,8.83220758349539,-0.301448660790324,-7.62389476307945,14.7515212036861,-105.703826430804,-3.61729373365209,9.66481618473324,-0.146314967513373,-14.7377012713456,7.64795893924557,45.4742517190266,-0.48778587153097,10.2464576132119,-0.506795678327516,-27.3568862783896,-1.81349318376848,-34.2624896244147,0,0,0,812.448351655111,0.179199639310978,0.0159243948990468
51.395,-29.6298572128144,-158.294369974228,-155.615697971044,-84.3044561717517,-226.055408747167,-276.861948712125,-7.79931362397094,95.0360669445454,114.95867178136,-34.487422654013,150.827480919959,154.609307123172,2.83888179012727,6.35122937291044,-0.643773402360071,0.381365397183113,39.777035690772,159.097304767908,-6.28691039828596,1.23131795497628,-0.969430405828079,-39.5419630469297,4.32646262474602,-61.119389761007,5.60501726963416,3.30542255769593,2.28725090436865,-125.549366724228,-43.8705820886311,106.576185185927,1.54070960571832,8.73433182604833,-0.2523499629406,-7.5622784743099,15.4172403376456,-104.942836561761,-3.46207420703856,9.59791692474608,-0.111725195870908,-14.9619414280678,8.42494873960023,45.5477441076832,-0.438604940515832,10.1835264806467,-0.460902205571114,-27.7348742724517,-1.16432873580784,-35.5008600772009,0,0,0,795.086959375198,0.179546640479351,0.0155367410050298
51.4,-30.427124994345,-159.453556306269,-155.471786540635,-85.3763977935738,-214.388324364616,-265.884522439116,-7.34654233194362,90.5542584055474,110.889448374533,-33.7366493643001,150.154657942723,153.599801757581,2.82204570535915,6.22807136926581,-0.58491436435934,0.704385375254699,41.4276667321709,156.272092355546,-6.02370169983294,1.02329267253906,-0.930764402077456,-41.2357215168659,4.04174089544317,-52.190981073135,6.05078075763685,2.9721162100375,2.02975970714699,-129.251012273956,-47.4489107328519,112.631553252634,1.55854576622365,8.6301408236045,-0.225764153520693,-7.49070842943894,16.1061154411718,-104.219507802551,-3.30238061823385,9.52749373264534,-0.093680185931801,-15.1733561285492,9.23294635361155,45.6033906726503,-0.392496661794394,10.1195120657935,-0.435733616896095,-28.1625397751844,-0.513832743936379,-36.5658117038701,0,0,0,777.68027250117,0.179867069488949,0.0151364618683116
51.405,-31.2301385453396,-160.602710198823,-155.699156589431,-86.3891330506935,-202.547051423842,-254.703767038127,-6.91567635844719,86.1731946992419,106.648072763309,-32.9891891748827,149.492037883394,152.675798516993,2.83527875189967,6.11965178424727,-0.544730779027599,1.03848468895621,43.1448328823993,153.444956609656,-5.77902696226505,0.839172117912478,-0.881857711615314,-42.9940058808532,3.75477203259956,-43.0845855236731,6.45467655242433,2.66019123495093,1.75121062284889,-131.483671658323,-50.0031606573273,118.617427316827,1.57076861657406,8.52077864230864,-0.222823416036508,-7.41529279165953,16.8029191460937,-103.523571700431,-3.14055120059343,9.4529808196082,-0.0930455072749472,-15.3677895103404,10.0556702380956,45.6317077541604,-0.353640866868218,10.0539329522905,-0.430943393697058,-28.6359228604637,0.123624263783869,-37.4564506243148,0,0,0,760.361098926521,0.180158594397541,0.0147337141950352
51.41,-32.0383290903521,-161.638109002652,-156.236615573708,-87.3417325088292,-190.519891627312,-243.339309586138,-6.50588242052875,81.9587875837624,102.286389172634,-32.2450921088128,148.819413214129,151.827224176538,2.87882582892493,6.02641911389219,-0.523795263067647,1.35125755709022,44.8950248795182,150.591745744265,-5.55333565729591,0.676197969999684,-0.824325024749111,-44.7849255639444,3.43413249455092,-33.8111079649308,6.81862764024597,2.36669649712611,1.45471567252631,-132.322835797769,-51.6067266994722,124.55845539286,1.575952370224,8.40737859785727,-0.243720830021117,-7.3420036331219,17.4938651746445,-102.845064204509,-2.97910268618747,9.37380651256859,-0.109822588452111,-15.5426050875525,10.8779215503846,45.6222966281789,-0.326171388240036,9.98624929792215,-0.445189894588183,-29.1494712544239,0.736478344677923,-38.1755500301972,0,0,0,743.269078939717,0.180426934614003,0.0143377709313448
51.415,-32.8506069562997,-162.455573189441,-157.010859527838,-88.2331928357791,-178.292065389874,-231.803500543603,-6.11600613363181,77.9752573793483,97.8606668636285,-31.5045108208312,148.116257596233,151.040748685505,2.95205546641381,5.94834748139376,-0.521972282785323,1.61083041967945,46.643184235021,147.687206305066,-5.34643134365026,0.532136005080176,-0.75984798387681,-46.5729627884589,3.05148899717706,-24.3802697016032,7.14421517142187,2.08957718406632,1.14370954963089,-131.873147254893,-52.3566803766686,130.466026698167,1.57282916227453,8.29103303869312,-0.287696121668811,-7.27657472091907,18.1670420803351,-102.174613819726,-2.8205907909723,9.28945558357234,-0.143156256015447,-15.6967450050188,11.6860763803592,45.564126849989,-0.31393581604464,9.915898508603,-0.476204703442738,-29.6963841414264,1.31619389314093,-38.7292069086625,0,0,0,726.53906059185,0.180677635296535,0.0139533039971083
51.42,-33.6653751456308,-162.95363786613,-157.938400160963,-89.0624294040583,-165.847313655761,-220.101876221152,-5.7445897023784,74.2832862506438,93.4306147489655,-30.7676994031507,147.362283536039,150.300386319791,3.05346122980966,5.88489750242237,-0.538404668847378,1.78667468477178,48.3529963950346,144.706123789725,-5.15758612740317,0.405277053831809,-0.690054072087606,-48.3197311826268,2.58228053311021,-14.8011282046799,7.43254813424763,1.82766263356204,0.821978770865983,-130.264340669617,-52.3704426699232,136.338162442567,1.56033465768639,8.17277949793317,-0.35307432101391,-7.22440113490569,18.8127691753447,-101.503657536007,-2.66749083394468,9.19956420412788,-0.191393216934881,-15.8307161011284,12.4685176224097,45.4458595833966,-0.320269078437955,9.84237457680014,-0.520920605137822,-30.2690108869639,1.8573557399368,-39.1263673730393,0,0,0,710.287321431441,0.180919468354099,0.0135773177890028
51.425,-34.4805586897406,-163.036708822104,-158.927836710925,-89.828277491953,-153.169617579081,-208.233886303681,-5.38989897817132,70.9381448414796,89.058188328358,-30.0350095852205,146.537963586161,149.588113026517,3.18068780133527,5.83499837657831,-0.571530839589628,1.85037192837811,49.9873073192117,141.624393760339,-4.985672636535,0.294360207316047,-0.616416060597698,-49.9848997232683,2.00625115898563,-5.0827552967789,7.68411636523394,1.58057084779357,0.493710527735256,-127.646743457536,-51.7819112607602,142.15985150176,1.53765225352549,8.0536020387986,-0.437355088180303,-7.19044371536213,19.4238560851378,-100.824582859404,-2.52212311374242,9.1040911392524,-0.252188179430997,-15.9465015514305,13.2159838682574,45.2562044080569,-0.347798696481501,9.7653991489066,-0.57565387808769,-30.8592833293997,2.35762574000133,-39.3782376044852,0,0,0,694.599154375926,0.181160133375553,0.0132055371827313
51.43,-35.2936491364506,-162.618089341924,-159.882417654286,-90.5295023815578,-140.244977920886,-196.193869904949,-5.0499596323541,67.9878691634104,84.8062103217386,-29.30688454885,145.62500727404,148.884486272949,3.33058236584184,5.79705197048947,-0.619132828950472,1.77632141267496,51.5086804800392,138.419957234326,-4.82930121553372,0.198429999191583,-0.540178183650846,-51.5272735964774,1.30781714293681,4.76492029175582,7.89863239410494,1.3485522488743,0.163541803763657,-124.186463371202,-50.7371989244687,147.903774122457,1.50425434466795,7.93444470623816,-0.537346490827285,-7.17914118607037,19.995751305618,-100.130796524412,-2.38643562520436,9.00322555780901,-0.322650005698354,-16.0474009575472,13.9218157482264,44.9843014440579,-0.398198877454242,9.68480682100459,-0.636311626945659,-31.4591574498291,2.81756437410241,-39.4976011078688,0,0,0,679.523040053489,0.181400501891646,0.0128299586842822
51.435,-36.1017629409175,-161.6227608933,-160.70282333174,-91.1648183384243,-127.063191373231,-183.972254291885,-4.72260177451453,65.4715715678795,80.7368378532195,-28.5838506168641,144.606786397104,148.169254872457,3.4992716673523,5.76895937494439,-0.678413753513302,1.54238001092266,52.8800961541528,135.073546410155,-4.68695189759969,0.116647244565082,-0.462313021679882,-52.9060086276304,0.476257973529864,14.730115869627,8.07487220549037,1.13229955306596,-0.163414228084919,-120.060386574492,-49.3901351665009,153.531347042595,1.45993857924873,7.81623258850059,-0.649333432076299,-7.19433248879018,20.5265699221784,-99.4167234306011,-2.26176340845951,8.89719152957511,-0.399517758286041,-16.1378057445576,14.5820843899877,44.6201180613671,-0.471959722842965,9.6003328059697,-0.698622540007641,-32.0610379810017,3.24032488828803,-39.4980673238292,0,0,0,665.071873421992,0.181635653779113,0.0124457253321113
51.44,-36.9017119544481,-159.989802706273,-161.290087793055,-91.7329161317631,-113.619558667865,-171.556941510744,-4.40551191029591,63.4179728437825,76.9099204192128,-27.8665071087389,143.468701625159,147.421947416457,3.68226480018327,5.74817028921236,-0.746101864806191,1.13042392923163,54.0657772913539,131.569204185907,-4.55709385731721,0.0480792041830507,-0.383510813093048,-54.0819192453246,-0.494271658261833,24.7980715655993,8.21052874891172,0.932751620287315,-0.48158776446484,-115.451103547732,-47.89767155724,158.994021111591,1.40485651312538,7.69989528945883,-0.769268113681562,-7.23919136300909,21.0169961067954,-98.6777432711405,-2.14888185752483,8.78650983716008,-0.479353593857594,-16.2229203319151,15.1955919876702,44.1548458376964,-0.568343269355672,9.51192367256881,-0.758401239103189,-32.6581584282831,3.63123450704239,-39.3932818249401,0,0,0,651.231483836593,0.181857844723876,0.0120542393664476
51.445,-37.6900836698464,-157.674343079575,-161.548567429713,-92.2324984300649,-99.916459660318,-158.934840048625,-4.09629070555145,61.8442409488605,73.3813035165236,-27.1555146903037,142.198483686971,146.622429029902,3.87458133530199,5.73175533657058,-0.818576854838505,0.526820539532456,55.0321081221812,127.894561886211,-4.43828874040141,-0.00850200437109772,-0.304200596895942,-55.0188235640257,-1.60490268036514,34.9498485124301,8.30209456570913,0.750916650251268,-0.785037551052667,-110.541871859987,-46.4153158578336,164.234767288915,1.33953172946634,7.58638770027168,-0.892968220544899,-7.31617448335546,21.4700619698416,-97.9100770797768,-2.04804741847053,8.67219832644374,-0.558738161130633,-16.3084424795467,15.7637407333416,43.5812791002059,-0.685387709863218,9.41998538388348,-0.811798994175842,-33.2448896654868,3.99728365188845,-39.1961340373792,0,0,0,637.973911219532,0.182053687546114,0.0116639591499688
51.45,-38.4633284181936,-154.648949669366,-161.388856026933,-92.6623220992246,-85.9647338318937,-146.09349176566,-3.79251463269875,60.755214570509,70.201141976514,-26.4515825755868,140.786422943318,145.751417155832,4.07090363219651,5.71650072559601,-0.892012632335713,-0.277202233312329,55.748595256458,124.040882049413,-4.32927762424195,-0.0547838561441959,-0.224600171511632,-55.6848554825489,-2.8523691030326,45.1611137563907,8.34479094041658,0.587734442070931,-1.06761392092405,-105.511716127479,-45.09270383609,169.189697270698,1.26486446963332,7.47670379727053,-1.01630816442845,-7.4269835504322,21.8908106306956,-97.1106409427097,-1.9589134999391,8.55566289948808,-0.634454754720309,-16.4002182911371,16.2902733440873,42.8941520756534,-0.819912061811996,9.32529984135756,-0.855515811226295,-33.8169532019544,4.34654935651981,-38.918003819425,0,0,0,625.275423167708,0.182212476162024,0.0112908682340835
51.455,-39.2178503558112,-150.904387523645,-160.730541531507,-93.0212461539183,-71.7848109388085,-133.022739022555,-3.49179925429271,60.1430756812628,67.4122939345829,-25.7554549654341,139.225522030651,144.790947964029,4.26575103550025,5.69902329873253,-0.962529381460381,-1.2853016575111,56.1888086615757,120.002894622867,-4.22905355744068,-0.0930153734357765,-0.144789314620512,-56.053665072309,-4.22945629131426,55.4009910640188,8.33256034027811,0.443989360035025,-1.32320118097843,-100.530757749069,-44.0694028328083,173.789778640249,1.18212025606045,7.3718806324032,-1.13538980177734,-7.57254069767638,22.2858577870415,-96.2768884492233,-1.88053020086335,8.43861596915508,-0.703649133019257,-16.5038884805387,16.7808958373272,42.0904084624311,-0.967636187480057,9.22898516271748,-0.886976512710018,-34.3715206011944,4.68758282952532,-38.5680921253634,0,0,0,613.134095997929,0.182326671618091,0.0109530829165632
51.46,-39.9500988672592,-146.449702289528,-159.504699883639,-93.3082838826892,-57.4075457541445,-119.716373565407,-3.19186168511988,59.9875138345344,65.0488700869448,-25.0678971273283,137.51156762109,143.724785807118,4.45367204295379,5.6759019784688,-1.02634650592219,-2.49589274385177,56.3312336694869,115.778472966939,-4.13692216267514,-0.126028096930689,-0.0647981360065233,-56.1054269610425,-5.72554615127613,65.6310644750441,8.25813649306716,0.320276286812874,-1.54602792758809,-95.755861494457,-43.4710290806924,177.96261871781,1.09290093972295,7.27299148411262,-1.24668150291198,-7.75297555297758,22.6628723400012,-95.406665951362,-1.81141640946155,8.32300558186033,-0.763954896638902,-16.6245426535304,17.2428006815965,41.169376347042,-1.12341125423156,9.13247477776327,-0.904457801366308,-34.9071882566104,5.02879314650703,-38.1528821617611,0,0,0,601.581892251249,0.182397047489961,0.0106640128019428
51.465,-40.6566569719009,-141.311620928272,-157.656026406628,-93.5226574955506,-42.874722572271,-106.173707618141,-2.89057970332438,60.2563963590698,63.1350125671784,-24.3896815312796,135.643119209679,142.538768979807,4.62944852680246,5.64381936220826,-1.07992744390615,-3.90215698063369,56.1599665059533,111.368208429498,-4.0525517258858,-0.157167124009365,0.0152998538219501,-55.827583129119,-7.32722031017308,75.8046213010283,8.11320227410504,0.217012595305784,-1.73102071490199,-91.3266833459404,-43.4057521715884,181.634303579258,0.999098005181937,7.18112900525133,-1.34711818954292,-7.9676214945543,23.0300023234159,-94.4981043242963,-1.74968035077618,8.21092186721684,-0.813577840131574,-16.7663975909819,17.6841153879681,40.1328238643024,-1.2815403384846,9.03747188787291,-0.907157252602936,-35.4238262580007,5.37785924323156,-37.6757748118806,0,0,0,590.688307530066,0.182428810145968,0.0104334983076564
51.47,-41.3343234762128,-135.533300862509,-155.144516000224,-93.6638535383904,-28.2392085679733,-92.4010089800565,-2.58604507825882,60.9069250131684,61.6839726354834,-23.7215744554059,133.621415174861,141.221085954195,4.78830395897901,5.59970542912292,-1.12010780465319,-5.49219332551684,55.6651952029704,106.774947300756,-3.97601212499553,-0.190134315672712,0.0953017940004984,-55.21526160722,-9.0188816500211,85.8662126976497,7.88863977532164,0.134481552338262,-1.87416564283177,-87.3622036020537,-43.9612547654291,184.731286717707,0.902829602261362,7.09738082842703,-1.43415970691141,-8.21501841224257,23.3952767918847,-93.5495670276043,-1.69318091767598,8.10449016489669,-0.851336632041973,-16.9325140276129,18.1133071367351,38.9848773552647,-1.43616799051096,8.94588219867692,-0.895201710106776,-35.9223103529644,5.74120076492656,-37.1369349224607,0,0,0,580.557118593915,0.18243565557997,0.0102571876936182
51.475,-41.9801859577011,-129.172496297591,-151.94661987802,-93.7316772832249,-13.5647489668985,-78.4127457949251,-2.27660895104523,61.8872254426851,60.6975459447873,-23.0643234605351,131.450198974084,139.762477345844,4.92610574754645,5.54087459059474,-1.14420000523682,-7.24931364605293,54.8434242645173,102.0033510388,-3.9077997005314,-0.228756799711243,0.174808371686404,-54.2713347133783,-10.7833587925034,95.751593585002,7.57486988763607,0.0728879836760327,-1.97283639990078,-83.9578292255167,-45.2022126774395,187.182323930282,0.806364357371542,7.02280120143538,-1.50581003002963,-8.49291999880698,23.7660166431754,-92.5596668851776,-1.63971563714226,8.00576241067433,-0.87666117797445,-17.1245645001785,18.538577195915,37.7317937379848,-1.58170610806222,8.85973016058447,-0.869597114883411,-36.4041556297593,6.12353508182384,-36.5333732641284,0,0,0,571.320482122718,0.182432741532792,0.0101175554906519
51.48,-42.5916821695861,-122.299242377106,-148.055828376675,-93.7263043328385,1.07459007728989,-64.2325929197535,-1.96091751995303,63.1382862184986,60.1659085215854,-22.4186461060194,129.135470903262,138.15636016926,5.03955065868752,5.46514779277381,-1.15007020447005,-9.15248063621483,53.6974229460982,97.0595302771931,-3.84884346467434,-0.276703288333753,0.253185318656144,-53.0061072010807,-12.6024668858137,105.38808121552,7.16227110596679,0.0324063950797241,-2.02604763032007,-81.1831471024189,-47.1683583463819,188.920446739043,0.71203628589555,6.95838267992645,-1.56060435029308,-8.79830538406364,24.148287021855,-91.5273538993626,-1.58721612483119,7.91661879336674,-0.889553502046482,-17.3426627773108,18.9672790575988,36.3815913325606,-1.71325564827221,8.78106557146355,-0.832125782594909,-36.8710783040814,6.52754313115848,-35.8592735317959,0,0,0,563.129977186816,0.182437497800782,0.0099836234813635
51.485,-43.1666480704619,-114.993180175103,-143.482655286827,-93.6483277631987,15.5953139279381,-49.8941601352704,-1.63793680365977,64.5961432586179,60.0678765990274,-21.7852202403388,126.685173136062,136.398872484611,5.12632215181275,5.37095282018479,-1.13618614605431,-11.1768816980838,52.2359005102671,91.9507869255892,-3.80048736820818,-0.337177148538255,0.329559593463194,-51.4366528532555,-14.457509656993,114.695345376153,6.64165995960231,0.0132051490754667,-2.03459921093324,-79.080402837096,-49.8731876660282,189.88495677369,0.622155898642996,6.90503170432783,-1.59757410207613,-9.12739747884537,24.5464208936003,-90.4520649767686,-1.53392939342536,7.83869027880519,-0.890518565298439,-17.585263293435,19.4053914033224,34.9435569171392,-1.82698109526581,8.71186812210527,-0.785200306631335,-37.3245172307396,6.95366086632058,-35.1065564672229,0,0,0,556.140006964856,0.182466690763801,0.00981912310658384
51.49,-43.7033513560422,-107.340657116011,-138.254027418198,-93.4987992563564,29.905701368445,-35.4414122857461,-1.30696583132647,66.1941944666261,60.3715905842269,-21.1646761518977,124.10881768815,134.48883829247,5.18520937273781,5.25739798004903,-1.10163694831907,-13.2946270883393,50.4729342518244,86.6854791526664,-3.7644439721358,-0.41261781372007,0.402851654079,-49.5858445094558,-16.3297197775469,123.586615645368,6.00480940519323,0.0154369282975305,-2.00108879550248,-77.6637663286461,-53.3033646381361,190.023409782099,0.538922780978739,6.86355115996353,-1.61620095212436,-9.47569303329152,24.962637960607,-89.3339153569299,-1.47856377472031,7.77330974772518,-0.880473951579384,-17.8491367739151,19.857071765615,33.4276595956818,-1.92039754441839,8.65395736021704,-0.731685564776482,-37.765149348427,7.40000614579669,-34.2656562055412,0,0,0,550.487025684689,0.182528397018198,0.00959103705961173
51.495,-44.2005100512637,-99.4317390443877,-132.412111551554,-93.2792628403155,43.9072832082333,-20.9287621907303,-0.967638192717031,67.8655277219499,61.035599695133,-20.5575908096001,121.417068459631,132.427654436676,5.21617945766083,5.12431664864547,-1.04612765990023,-15.4755546890728,48.4271948528653,81.273004112151,-3.74271687430944,-0.504440828885962,0.471840368542098,-47.4811446280791,-18.2006447753126,131.970264956274,5.24497744304616,0.0391941171967239,-1.92978476429944,-76.9194250291807,-57.4188688957415,189.293542489193,0.464344520505218,6.8346319522041,-1.61636974865635,-9.83801136183619,25.3967759004273,-88.1739024505259,-1.41967357553068,7.72186968324038,-0.8606515739733,-18.1294256159366,20.324309851981,31.8439124838529,-1.99177582011987,8.60915858692593,-0.674710556968599,-38.1924332786228,7.86244313769641,-33.3264691443784,0,0,0,546.270356662613,0.182624543650666,0.00927922001671089
51.5,-44.657296369941,-91.3572637353995,-126.012637368738,-92.991780042568,57.4965595494565,-6.42082820711179,-0.619912435982703,69.54515134683,62.0103012235785,-19.964484361212,118.621289677566,130.219103243976,5.22039753121427,4.97228248217693,-0.969952535169355,-17.6881173566761,46.1210269551655,75.7238757481319,-3.73749243754239,-0.612841979027854,0.535252850890576,-45.1532393757092,-20.0524922505165,139.75170639896,4.35741655453157,0.0844362316107908,-1.82636728806345,-76.8065188624209,-62.1539168478276,187.665080765043,0.400165950297606,6.81885441349513,-1.59832789527316,-10.2085693541599,25.8461426110438,-86.9740870501823,-1.35420225407624,7.68655749423676,-0.832501028215172,-18.4197793835846,20.8066916835634,30.2017299183969,-2.03859325599969,8.57971967936677,-0.61748772764259,-38.6042128783497,8.33477815468276,-32.2794243760738,0,0,0,543.543522720205,0.182748731211801,0.00888333883078563
51.505,-45.0733266351496,-83.2060530416812,-119.122797504276,-92.6389454744508,70.5669136234215,8.00814091862518,-0.264052295796945,71.1720280371152,63.2396688100115,-19.3858189921897,115.733073804398,127.869096573368,5.20019208879015,4.80259720389726,-0.873951548796077,-19.9003225612044,43.5794498645064,70.0498621341362,-3.75100528359727,-0.736683415186826,0.591868416851489,-42.6346077996402,-21.8684501398191,146.835523671217,3.33983535507832,0.150903591131456,-1.69755951200937,-77.2588987803645,-67.4186675907522,185.121355855157,0.347811423887776,6.81669915572844,-1.5626552333095,-10.5810895004017,26.3054894344429,-85.737715329648,-1.28100547844213,7.66844756730454,-0.797578585354326,-18.7125669650926,21.3012776443245,28.5093299818064,-2.0612753205804,8.56699341154051,-0.563084463065956,-38.9964079964133,8.80907276678043,-31.1166178795819,0,0,0,542.316319699416,0.182888177896819,0.0084232907504882
51.51,-45.4486385545322,-75.0623838765961,-111.818823133834,-92.2238920893259,83.0106770250483,22.2751612163853,0.0994018509273049,72.6908293449161,64.6631889655718,-18.8220001807388,112.763762290286,125.385358780266,5.15896701237441,4.61725455975163,-0.759454757366525,-22.0806887540059,40.8291440203099,64.2641399249386,-3.78538597181082,-0.873470608133495,0.640624253422424,-39.9581185237016,-23.6329952489988,153.127746024582,2.19278680702769,0.238035920784165,-1.55068220309363,-78.1876563640019,-73.1017000949968,181.660648841484,0.308341458438396,6.82856590452564,-1.51024496537992,-10.9489452601883,26.7670969768615,-84.4692479943049,-1.20425245777136,7.66588896413567,-0.757454912478664,-18.9991577216754,21.8025898867935,26.7732292914334,-2.06666178345553,8.57027732575108,-0.514210176072218,-39.3628135567765,9.276052614533,-29.8329505909892,0,0,0,542.564793054744,0.183028417804393,0.00793063545555128
51.515,-45.7836575461135,-67.0037983162201,-104.183344676788,-91.750285594746,94.7212989159338,36.2897069457469,0.46966858446236,74.0533467069731,66.2179152446077,-18.2733803185663,109.723972434438,122.777057738978,5.10106490703676,4.41888512184668,-0.628218823150893,-24.1991793797656,37.8974839639335,58.3814230071199,-3.84250252534325,-1.01941956984785,0.680710376879174,-37.1557399349312,-25.3321970631807,158.538176206148,0.919961877520922,0.344915866867256,-1.39317242573033,-79.4843378409202,-79.0732194170858,177.297183455668,0.282423795153427,6.85479797852262,-1.44229302930147,-11.3053445289322,27.2209579408624,-83.1742701270383,-1.12825388625013,7.67738489550743,-0.713636174710703,-19.2702597093983,22.3026979313124,24.9978695100962,-2.06222332389985,8.58867756629065,-0.473100353212328,-39.6950210718819,9.72558417023446,-28.4272129504625,0,0,0,544.242456650626,0.18315665756267,0.00744470258499241
51.52,-46.0791541038273,-59.0993115427235,-96.3026519625428,-91.2223077436078,105.595570227575,49.9551727581726,0.845766161707454,75.2195154489802,67.8405453314594,-17.7402646030626,106.623143100683,120.054394440635,5.03158941257627,4.21068703395065,-0.482359453622568,-26.2280743055895,34.8116692055102,52.4180277773077,-3.92380936309342,-1.16960525153515,0.711642893115024,-34.2574369135638,-26.9540153498552,162.982684138803,-0.471626998579529,0.470255451699299,-1.2321093427279,-81.024725550013,-85.1889182243937,172.061694433243,0.270317917316704,6.89570945745337,-1.36029108368417,-11.6435477405852,27.6550360513868,-81.8592659264517,-1.05471000997946,7.70291367862056,-0.667496899405396,-19.5162992644093,22.7913862881724,23.1854037230476,-2.0529282348545,8.62198630802272,-0.441423915732503,-39.982469386981,10.1471874271584,-26.9030648670047,0,0,0,547.294739222011,0.183259945387571,0.00700177032183991
51.525,-46.3361943757281,-51.4080543802193,-88.2639667940851,-90.6446284784906,115.535853023553,63.1705684125162,1.22655630693333,76.1580290452442,69.469427769276,-17.2229190470097,103.469111210678,117.228162737663,4.95619638198015,3.99634756265118,-0.324282801600409,-28.1427400405604,31.5979920750242,46.3918473697025,-4.03021735147041,-1.31817529016717,0.73330719139307,-31.2903091942942,-28.4885810203709,166.385388584099,-1.97158248777056,0.612438688368084,-1.07378807535347,-82.6730459552891,-91.2943876195188,166.001512558055,0.271871448828184,6.95161174700073,-1.2660171582775,-11.9571129398926,28.0555772323674,-80.5312554938872,-0.984656662414282,7.74276980879137,-0.620249241620975,-19.7278234044462,23.2563849461284,21.3356569550637,-2.04312320085384,8.66988598696664,-0.420208203039171,-40.212624334341,10.5305507406623,-25.2698692687154,0,0,0,551.678278653022,0.18333188684201,0.00662912801891125
51.53,-46.5560862052423,-43.978365902804,-80.1528338280162,-90.0223671535576,124.452264986535,75.8324045841087,1.61078901278828,76.8465411709513,71.0464116533138,-16.7215803973608,100.267729929733,114.309291506394,4.88086518087474,3.77995956289052,-0.156618121285787,-29.9222645225067,28.2812678568243,40.3222198342404,-4.16199703693222,-1.45860894538085,0.745966119603427,-28.2780051782562,-29.928441863215,168.680662032365,-3.56618312482349,0.769626665695034,-0.923376192005294,-84.2864478079823,-97.229940393098,159.180127500698,0.286526654701435,7.02283621107324,-1.16151810544223,-12.2401565927118,28.4074489464386,-79.1973046576714,-0.918804410909986,7.7973287879501,-0.57291865002428,-19.8959050209966,23.6836428300569,19.4462601952488,-2.03666993196518,8.73179504297999,-0.409807031169353,-40.3712803946108,10.8660151681903,-23.5433484016051,0,0,0,557.378608682226,0.183370290049925,0.00633551161197765
51.535,-46.7403228649033,-36.8473319322441,-72.0507239587455,-89.3610433059806,132.264769515522,87.8367242314179,1.99714637200881,77.2714718441769,72.5184635758573,-16.2364677057783,97.0225383165884,111.308381836965,4.81166180387117,3.56593586654051,0.0178467306563483,-31.5499291997216,24.8844386438187,34.2296888050956,-4.31872389675529,-1.58399939477196,0.750231987738655,-25.240422400518,-31.2687496074084,169.814908671906,-5.23856717299013,0.939923283367263,-0.784677749741455,-85.719588086502,-102.835682978096,151.676214034681,0.31333541783179,7.10974980629076,-1.04907912302902,-12.4876164852808,28.6944859888925,-77.8639319891277,-0.857379704661088,7.86707719289486,-0.526328639826991,-20.0125309349327,24.0576258040772,17.5129429390316,-2.03656871804906,8.8069123786664,-0.409907471177365,-40.4429717370422,11.1449996153385,-21.7460436178669,0,0,0,564.416716001182,0.183375005369694,0.00611385229555061
51.54,-46.890526604601,-30.0407479395306,-64.032929015416,-88.6665176898598,138.905123224094,99.0812310661075,2.38428362429207,77.4274504566124,73.8389904882546,-15.7677952509985,93.7344909559123,108.235251846009,4.7545050576858,3.3589233643591,0.196225969308382,-33.0135001060543,21.4283495713,28.1356678157251,-4.49927014342006,-1.68733842663448,0.747005016333899,-22.1936839059705,-32.5073633407165,169.748079750979,-6.96903368634881,1.12159139219324,-0.6600181411686,-86.8291669491121,-107.956652046793,143.58213430284,0.350981453111685,7.21276120753002,-0.931177513304938,-12.6955020849579,28.8998256053362,-76.5364482076624,-0.80001236214445,7.95261933752266,-0.481094127502667,-20.0709545376192,24.3616241610777,15.5299568863903,-2.04466961252059,8.89426050208648,-0.419568271042508,-40.4114753548893,11.3603444051204,-19.9075703256833,0,0,0,572.835561463849,0.183351691405843,0.00594340029424245
51.545,-47.0083939572998,-23.5734705397313,-56.1668087195378,-87.9449245159544,144.31863478099,109.467464837407,2.77086583483739,77.3164421090233,74.9688238712762,-15.3157864775006,90.4017546995312,105.09850136857,4.71494587246529,3.16371738182282,0.37559224255374,-34.3053298905475,17.9316852597297,22.0620297225313,-4.7018428810381,-1.76178556018926,0.737384223050113,-19.1503603776017,-33.6448470058418,168.454903571273,-8.73545052667271,1.31330125523385,-0.550250713796075,-87.4782650830022,-112.447820027102,135.001956334084,0.39780901210842,7.33231572217203,-0.810420133130287,-12.8611182410968,29.0062208546392,-75.2182709049869,-0.745680234252837,8.05466005306421,-0.437619966251313,-20.0659976776325,24.5780592165577,13.4905941882249,-2.06149394239278,8.99272294450635,-0.437283084294408,-40.2603854565103,11.5065587353557,-18.0646689158469,0,0,0,582.671666769911,0.183310405270747,0.00579536708524042
51.55,-47.0956445114257,-17.4501108252076,-48.5104316913358,-87.2025960561071,148.465691969598,118.902972320476,3.15559890448936,76.9466139304647,75.8768385770408,-14.8806885874549,87.0195780092238,101.905108151217,4.69796815503283,2.9851760331979,0.553028575606116,-35.4222734750988,14.4110459348242,16.0306497795414,-4.9240639207254,-1.80090808527036,0.722559422041443,-16.1198925606745,-34.684345281375,165.925817847587,-10.5137550540877,1.51438679144776,-0.454874616252845,-87.5403557214539,-116.178772395617,126.049054803067,0.451857827583785,7.4688782888881,-0.689466316919985,-12.9832499123605,28.9963277795683,-73.9102611932847,-0.692715332440922,8.17396558529791,-0.39610188718033,-19.9942902512898,24.6887838900576,11.3877582362728,-2.08617682278168,9.10107307711443,-0.461061166679942,-39.9737357105377,11.5799658928286,-16.2610590442964,0,0,0,593.926594244416,0.183262713730887,0.00564510193450207
51.555,-47.1539745875158,-11.6660152180057,-41.1116329594554,-86.4459809676032,151.323017700715,127.303423031898,3.53725392917652,76.3310049373917,76.5401978571928,-14.4627874045052,83.5802365898966,98.6600662656606,4.7078178322175,2.82813371254931,0.725676104953909,-36.3654303013447,10.8811370055014,10.0629342765447,-5.16308291704145,-1.79888369372371,0.703694774161435,-13.1091584251325,-35.6313317698429,162.167599887258,-12.2785294606096,1.72508068192536,-0.372243796317968,-86.9028871358634,-119.037869383921,116.843382149698,0.510904469292919,7.62290495348685,-0.570940115790679,-13.0622983617635,28.8529682909606,-72.6101282919251,-0.638869140878209,8.31130671123562,-0.356528064358788,-19.8544401075657,24.6753772703664,9.21454370842299,-2.11652919465174,9.21799339760634,-0.488518673458526,-39.5366442940063,11.5787480149773,-14.547108425219,0,0,0,606.553254933579,0.183221757046856,0.00547618901197389
51.56,-47.1850169610492,-6.20847470668304,-34.0074919168907,-85.6815578643979,152.88462064098,134.594619743319,3.91468426305976,75.4860667766104,76.9442334587662,-14.0624221191275,80.073057075501,95.3660763159374,4.74786508167838,2.69731280197597,0.890778045672494,-37.1397351717425,7.35504280107718,4.1793662135847,-5.41571310115978,-1.75066253504086,0.681815028468773,-10.1231251169912,-36.4932347520922,157.203695114527,-14.0036293643039,1.94669766045289,-0.299840481469516,-85.4703574822438,-120.93572586533,107.508515105504,0.57251055334035,7.79480430209873,-0.457337271692297,-13.1003625120273,28.5593759426265,-71.3119435335624,-0.581429046644402,8.46738974519316,-0.318680832823205,-19.6471298834044,24.5194374560111,6.96478519833431,-2.14920704000109,9.34208646054065,-0.516974977959602,-38.9359559560609,11.5028986747083,-12.9793286316208,0,0,0,620.462748390272,0.183199981654222,0.00527994310914348
51.565,-47.1903074628499,-1.05810036014543,-27.2242177632068,-84.9157458025079,153.162412378126,140.714355815551,4.28683498293829,74.4301439757742,77.0819854534855,-13.679999526004,76.4845186247626,92.023295650131,4.82050321456093,2.59723301674538,1.04572047486761,-37.7534268190216,3.84455443961043,-1.6009044388079,-5.67857792440901,-1.65209002382574,0.657705191304724,-7.16552696458807,-37.2789572877524,151.074247365859,-15.6628416112709,2.1817365718374,-0.234583413986739,-83.1668302802009,-121.807874683294,98.1685923836896,0.634078281831193,7.98489129914256,-0.350933272368588,-13.1012624328523,28.0994353740696,-70.0057975301369,-0.51737345074241,8.6427820403893,-0.282139488179184,-19.3751408145701,24.2028799056421,4.63353963645082,-2.17996697652581,9.47188062003029,-0.543550296742566,-38.1608554267286,11.3540959498276,-11.6197099609663,0,0,0,635.546332279882,0.183212423310876,0.00505651542406849
51.57,-47.1712589692181,3.80969872635948,-20.7774147091151,-84.1548134490851,152.186470684483,145.614074253214,4.65274479076411,73.1819615651253,76.9534400798813,-13.316007373618,72.7984304771689,88.6291552448194,4.92708609848305,2.53211846166813,1.18807051116373,-38.2174281112701,0.360523036593659,-7.26040494191843,-5.94825730427947,-1.49999505722369,0.631832914479515,-4.23951694920247,-37.9983186424756,143.835835788699,-17.2305456160242,2.4338762528281,-0.173141689068346,-79.9378631491113,-121.616518244344,88.9452632599371,0.692913524311544,8.19333671854396,-0.253699017260982,-13.0705048272195,27.4579277364178,-68.677624272112,-0.443550529353777,8.83783886451639,-0.246286333823824,-19.0433061174736,23.7082497519597,2.21747589667928,-2.20398204857364,9.60583537100519,-0.565263018709726,-37.2034271950265,11.1355107306984,-10.5349058812977,0,0,0,651.699953966822,0.183268672730703,0.00481174952359797
51.575,-47.1291429731102,8.42319922158618,-14.6726868772168,-83.4047887636348,150.004937089992,149.26028722704,5.01154071671774,71.7591851906898,76.5645149454923,-12.9710264647409,68.9961817753757,85.1782482499948,5.06790427742387,2.50580330158771,1.31561231253068,-38.5446740431389,-3.08678778676917,-12.7836055595993,-6.22142360379733,-1.29225015342805,0.6043005870046,-1.34824897076497,-38.6614516651402,135.560923850173,-18.6823523547068,2.70784789224553,-0.112228758183575,-75.7518425937101,-120.351317597252,79.9547639333023,0.746296095687256,8.42011578662675,-0.167230056067252,-13.0151926051107,26.6207937405755,-67.3092048013762,-0.356864872465116,9.05263816296334,-0.210318966594224,-18.6583980772031,23.0190558506891,-0.28484562113851,-2.21618937152716,9.74235205373277,-0.579127075627723,-36.0591375646703,10.8515650690294,-9.79527556938379,0,0,0,668.839822362869,0.183374084017999,0.00455049060988078
51.58,-47.0650786164414,12.812871333762,-8.90653302583992,-82.6713710334144,146.683546044213,151.635719653664,5.36242628593791,70.1771138440979,75.9258492567152,-12.6457411736035,65.0570582275483,81.6622934072244,5.24219813690868,2.52163780950864,1.42638105866344,-38.7494234494944,-6.48737235831529,-18.1571021801124,-6.49495959427384,-1.0278103185478,0.57483123081754,1.50463952903731,-39.2781949949736,126.337026663374,-19.9956965485571,3.0091768464634,-0.04885698991246,-70.6007324353995,-118.029214037967,71.305229260739,0.791556134525831,8.66495973102025,-0.0926941283572228,-12.9438820473971,25.5754231918694,-65.8783518296962,-0.254457158120696,9.28692880725497,-0.173272018848259,-18.2289535668067,22.1201318131293,-2.87281111611968,-2.21164208277449,9.87979582211094,-0.582251030621236,-34.7272157963297,10.5076538802041,-9.4737912543235,0,0,0,686.900405219748,0.183527333335087,0.00428326783171595
51.585,-46.9800287769218,17.0099679039181,-3.46747399922869,-81.9598470741125,142.304791860316,152.740146231849,5.70466407511852,68.4475578360858,75.0514622272489,-12.3409480814238,60.9586184359036,78.0701747211352,5.44820480737863,2.58239732315654,1.51869481032129,-38.8465879741013,-9.83119429953469,-23.369718240119,-6.76605305835079,-0.706736361354749,0.542789179054738,4.31466206284484,-39.8575195023257,116.265604235671,-21.1503607173345,3.3437991551486,0.0194601202497012,-64.5002529889576,-114.693322470306,63.0943325022104,0.826154685889872,8.92731366296331,-0.0308000308801997,-12.8663917046548,24.3109753918366,-64.3592661914095,-0.133864279093159,9.54009659050814,-0.134051138464824,-17.7650426036417,20.998025222965,-5.54370816609697,-2.18584123180327,10.0165339852914,-0.571940999205392,-33.2109123345743,10.1098408567617,-9.64481615886411,0,0,0,705.811539649703,0.183725957235563,0.00401642862734519
51.59,-46.8748025560519,21.0452441739611,1.66264878307459,-81.2750133341068,136.966748001062,152.590898004666,6.03755379886473,66.5779447492094,73.9573454393732,-12.0575624765746,56.6771209698002,74.3880569017356,5.68323421344356,2.69019721428288,1.59118390143932,-38.8511076460328,-13.1079522029748,-28.4125338481114,-7.03226505155846,-0.330206290220392,0.507233491326879,7.07623997567379,-40.4070252932917,105.460690819055,-22.1289145279509,3.71757112104398,0.0945645752703062,-57.4895132502424,-110.410975741925,55.4073263505042,0.847765880511257,9.20630367308504,0.0182110718514142,-12.7935672267012,22.8187291970626,-62.723047066578,0.0068495050353556,9.81115064179854,-0.0914809417274945,-17.2779840902455,19.6414111931097,-8.29278885425572,-2.1350280652945,10.1509941816874,-0.54580896458566,-31.5176141996322,9.66453663793198,-10.382759309245,0,0,0,725.46192609277,0.18395889218042,0.00376322675443053
51.595,-46.7500633200574,24.9478471989235,6.50726738992088,-80.621105529202,130.781560981077,151.223021874217,6.36040722082405,64.5706843919231,72.6600547273825,-11.7966225185518,52.187991604623,70.5995742244011,5.94376887703582,2.84641728867119,1.64281734286492,-38.7773969719737,-16.3069087665746,-33.278853437405,-7.29157411836827,0.0994655758603938,0.466999355859968,9.78257668402818,-40.9325394950935,94.0472745241253,-22.9170656933874,4.13568561690062,0.177567604127975,-49.6301205525508,-105.271032814422,48.3155363231159,0.854357582472806,9.50071529053268,0.0545526375512157,-12.7370060649526,21.0924555384781,-60.9383310077279,0.168996211730153,10.0987312608355,-0.0443671589683745,-16.7800125152887,18.0415210274726,-11.1134275803732,-2.05642284336243,10.2817435250911,-0.501886616828667,-29.6588012338939,9.1781647689054,-11.760615597627,0,0,0,745.660340048124,0.184216798981941,0.00353688376285
51.6,-46.6063413096762,28.744402076236,11.0936368030882,-80.0017372880417,123.873648231994,148.689084321928,6.67252127608107,62.4228110513702,71.1753642254682,-11.559290925036,47.4663187031306,66.686088598064,6.22558180292706,3.05163906440952,1.6729255974231,-38.638879288985,-19.4167885597288,-37.9641247564811,-7.5423995946764,0.578799033970899,0.420800646710669,12.4256366681835,-41.4378367360253,82.1594467082016,-23.5039213638138,4.60203308483413,0.268817068601473,-41.0047929828117,-99.3805893470517,41.8753341897378,0.844267121162876,9.80898464704251,0.0788603662165122,-12.7087457642481,19.1287995512818,-58.9720302317129,0.353204756500951,10.401138581125,0.00842858946917991,-16.2838995087981,16.1925717069206,-13.9973565858013,-1.94840213863923,10.4075871414636,-0.438742789227684,-27.6498324949135,8.65681943494376,-13.8484031712512,0,0,0,766.114498399008,0.18448982630451,0.00335418367979035
51.605,-46.444049759414,32.4583100524717,15.451399138271,-79.4198491094218,116.377635724087,145.058618654463,6.97315081842882,60.1259084696062,69.5170397797325,-11.3468541068948,42.4873636282665,62.6270108210657,6.52386699336718,3.30559913834676,1.68121902061736,-38.4476207439278,-22.4257461184152,-42.465821865229,-7.78357254532225,1.10329291655489,0.367346099249698,14.9962120287827,-41.9244947133021,69.9383470845322,-23.8820941194397,5.11872510348174,0.367942940963843,-31.7155011855292,-92.8612463091143,36.1275959798238,0.81626875927181,10.1292028931784,0.0921439411992304,-12.7209196780207,16.9276548152404,-56.7901384604065,0.559397402191292,10.7163800782119,0.0679047657880435,-15.802535064815,14.092177874784,-16.9349608561203,-1.81061195691426,10.5276816979947,-0.355600228272723,-25.5095599129636,8.10591889343215,-16.7115152271943,0,0,0,786.440582010046,0.18476829490518,0.00323008703991778
51.61,-46.2635034481493,36.1092622529142,19.6112163866017,-78.8776687240891,108.436077066487,140.417223188842,7.2614823725797,57.6663108301464,67.6957812888912,-11.1607187442639,37.2270725261748,58.4001772837825,6.83337775559111,3.60716138931478,1.66780123420642,-38.2140690855184,-25.3214030806363,-46.7833035691886,-8.01428169265797,1.6675725227133,0.305459848116697,17.4840577264911,-42.3918874487971,57.5299375624104,-24.0477205803218,5.68566696002304,0.473948008205075,-21.88116974949,-85.8451005504917,31.0976276228767,0.769629851647677,10.4591337010901,0.0957270532385305,-12.7853846336754,14.492509074151,-54.3585726699056,0.786798118799542,11.0422338269503,0.134831634902831,-15.3484751133922,11.7417254795856,-19.9156143719787,-1.6440186197708,10.6416569263571,-0.252445214865359,-23.2597762932654,7.52986021362377,-20.4090092165945,0,0,0,806.208017566028,0.185046142209326,0.00317578374368832
51.615,-46.0649386319206,39.7129632457261,23.6035177584938,-78.3766837176059,100.197001296595,134.865325728354,7.53661018459307,55.0255624026449,65.7183741505376,-11.0024058647385,31.6625759050589,53.9822728109818,7.14856879867492,3.95431013561081,1.63317668358219,-37.9468967884254,-28.0909505406283,-50.9176569452406,-8.23405582446857,2.26527743640849,0.234197626748913,19.8780773566512,-42.8373095895054,45.0826449397871,-24.0005116448341,6.29998225359678,0.585294029135955,-11.6349750964562,-78.4706212131876,26.795522753444,0.704153149460068,10.7962430921591,0.0911800599975359,-12.913326455264,11.8307394616314,-51.6440211113698,1.03396687699947,11.3763236074992,0.209664955836448,-14.9334648953841,9.14668552938029,-22.9280413060772,-1.45090299784829,10.7497360434768,-0.130121838823191,-20.9245162857695,6.93168432229455,-24.9918628038137,0,0,0,825.009919069003,0.185321716464696,0.00318924368796214
51.62,-45.8485333744519,43.2810514937667,27.4573986910015,-77.9176270101419,91.8113414928865,128.516637319949,7.79751573369238,52.1811098199097,63.587079387003,-10.8735425492613,25.7726630954622,49.3492890011098,7.46373894607024,4.3441656163722,1.57825160203149,-37.6529431028768,-30.7213106569243,-54.8715337442189,-8.44272184733643,2.88908319740929,0.152950629803416,22.1665437793456,-43.256217065956,32.7449191143827,-23.7437075679162,6.95569729788053,0.700037718826819,-1.121286514022,-70.878568030344,23.2169028573295,0.62020331937586,11.1377403566376,0.0802494164283453,-13.1148512898122,8.95383571841286,-48.6147714367333,1.29885260394587,11.7162014514641,0.292468553037556,-14.5679510302982,6.31684754654096,-25.9606883360815,-1.23480634306645,10.852844589169,0.00959818868219346,-18.529241017718,6.31276509680014,-30.5012321124977,-8.27947458056548,0.152804792805051,-0.13455131951393,842.537833521399,0.185600851035117,0.00325551452985007
51.625,-45.6144273790907,46.8211990722226,31.1996988270709,-77.5004755073908,83.4303005501681,121.496325509894,8.04305170597458,49.1071944564149,61.2992808017259,-10.7758514502028,19.5382198116988,44.4770063900568,7.7731719172621,4.77302234750973,1.50432756233778,-37.3372455801224,-33.1993497356656,-58.64898576962,-8.64032157935008,3.53092574959451,0.0615292832136395,24.3373423449484,-43.6425630259676,20.6627588746118,-23.2839186764419,7.64377928455627,0.816019200998807,9.50769120272085,-63.2080928403166,20.3439804959268,0.518716408441429,11.4806284752341,0.0647875040628972,-13.3985732156842,5.87753197255719,-45.2414971831244,1.57885698256571,12.0594329706073,0.382852747783626,-14.260598882352,3.26645510562695,-29.0020973681129,-1.00043767827463,10.9526966545303,0.163979264510824,-16.0999483181468,5.67254171632314,-36.9667532703621,24.4930573924859,0.176270131291099,-0.0763728762327824,858.630263699,0.185894519471608,0.00334120163608187
51.63,-45.3627405273012,50.3373703578786,34.8542764508981,-77.1244619398078,75.2027135165675,113.938944024455,8.27193124507225,45.7759078195103,58.8473962706697,-10.711138357723,12.9426184959472,39.3414881045,8.07127291917899,5.23641004714222,1.41308676686107,-37.0031485320437,-35.512133487759,-62.2553038929931,-8.82703443142965,4.18219734462003,-0.039777957720974,26.3782280683559,-43.9892034651323,8.9772610843966,-22.6309483047677,8.35233130019962,0.931055392298795,20.0955022575088,-55.5931454288895,18.1468819132221,0.401191638134335,11.821762189336,0.0466858218413271,-13.771211352665,2.62183111147909,-41.4979857312411,1.87090141892353,12.403680774548,0.479935076080794,-14.0178353432811,0.0142299957385217,-32.0412712380118,-0.753553521446182,11.0518477991951,0.329327239122901,-13.6622594423323,5.0083187988943,-44.4049325884271,46.9755521681368,0.178845850790476,-0.0622925509844805,873.263923552164,0.186223209810224,0.00340376901941486
51.635,-45.0935894384013,53.8302177800254,38.4414875492088,-76.7880996029646,67.2724673687029,105.986161879309,8.48272309383541,42.1583697526713,56.2190495392946,-10.681278093512,5.97205284221271,33.91957241214,8.35269872626038,5.72917596049045,1.30656825662967,-36.6524737560903,-37.6472139137371,-65.6968640793306,-9.00310639214941,4.83394882022779,-0.150174613492069,28.2770912734277,-44.2883444656405,-2.17774917412664,-21.7975920486355,9.06698160010347,1.04313044180532,30.4851677010015,-48.1592808764712,16.5851653787635,0.269665524896587,12.1579116785523,0.0278137882346798,-14.2372122797122,-0.789089686981805,-37.3617956878556,2.17149025984401,12.7467814162899,0.582328577004376,-13.8434399496826,-3.41672328861153,-35.0680279703134,-0.500820703142428,11.1537050969302,0.501042569009019,-11.2405386889638,4.31516295543806,-52.8176735690908,70.5584871629366,0.177811120376339,-0.0560365517270043,886.476801847252,0.186605507552412,0.00339860151693649
51.64,-44.8071014827692,57.2975911263788,41.9778692784491,-76.4892194101554,59.7760385618024,97.7843402141387,8.67385302885269,38.2259870034357,53.3974890907817,-10.6881990443556,-1.38419016872611,28.1893517357288,8.6124786609274,6.24558657323898,1.18713436894573,-36.2857376678873,-39.5929363094426,-68.9809825289984,-9.16878624328616,5.47711540546547,-0.268356954502013,30.0222284935162,-44.5320023857038,-12.6779503910441,-20.7994067036886,9.77147251356599,1.15057109644205,40.5229616378342,-41.0209398377166,15.6094751896499,0.126668897047164,12.4858296798793,0.00996471526154619,-14.7984156077439,-4.32709839289472,-32.8148360571994,2.47676462776294,13.0868115717186,0.688161276243759,-13.7382088583415,-6.99913527271749,-38.0733415458066,-0.249672229862771,11.2624865907684,0.673724875053103,-8.85710341993661,3.58592613328165,-62.1909901747692,93.4024593147674,0.175556149562892,-0.0522636036242332,898.237604960241,0.187051991628247,0.00329915354026156
51.645,-44.5034258090635,60.7351347411198,45.4760203551073,-76.225018380736,52.8402058838438,89.4820094650645,8.84361176898617,33.9517480266782,50.3622320435045,-10.7338666705323,-9.13352523533563,22.130626267666,8.84612363408524,6.77944593377018,1.05742708805842,-35.9023986624247,-41.3387542290613,-72.1157807562834,-9.3242733944612,6.1027579558701,-0.392545441200563,31.6026165312217,-44.7124495542198,-22.4105639364318,-19.6544462881441,10.4484159995689,1.25219051525841,50.0621321520918,-34.2792474170562,15.1632771526611,-0.024832081570196,12.8023198169625,-0.00519011179281465,-15.4537816816147,-7.96045294316284,-27.8438632600687,2.78254295321776,13.4221395376032,0.795128409954538,-13.699716217731,-10.70190811612,-41.0496685452038,-0.00816461277120137,11.3831248253913,0.841329411698346,-6.53157836392347,2.81142437576306,-72.4939553928692,115.303339377064,0.172778052824263,-0.0491902913884275,908.31576923089,0.187563700529463,0.00310670578887695
51.65,-44.1827410870835,64.1369443960486,48.9446647599035,-75.9921184249908,46.5799911490902,81.2273026068036,8.99016931362911,29.311508928615,47.0899037552182,-10.8202663346091,-17.2799328153808,15.7253212828539,9.04972034331304,7.32422715872336,0.920314410371666,-35.5011189581229,-42.8755399178894,-75.1100601928891,-9.4696807609339,6.70230960722415,-0.520544812046897,33.0081875292255,-44.8226207707677,-31.2761512782354,-18.3829594253327,11.0801679929629,1.34738515571834,58.9664581979205,-28.0203520284269,15.1846283512988,-0.181509262401271,13.1043038957717,-0.0161388606319911,-16.1992002846528,-11.6542661130604,-22.4408948251645,3.08434631130971,13.7514586011134,0.900576563001315,-13.7221956193375,-14.4905622989001,-43.9912603041127,0.215157096104994,11.5211118880964,0.997372575836609,-4.28043985686164,1.98079446620062,-83.6779321682597,138.046439985522,0.16995446388085,-0.0458497980730312,916.217684936486,0.18812243396939,0.00285187887814597
51.655,-43.8452598206357,67.4962532895346,52.3888800483111,-75.7866340580286,41.096873392421,73.1654019024439,9.11159544159295,24.2852255927556,43.5552378971546,-10.9493857937804,-25.823891834247,8.95785857386236,9.22000792597486,7.87321321130631,0.778827437870083,-35.0800262342762,-44.1958777690016,-77.9731848482195,-9.60501487752665,7.26781666207277,-0.649829095097981,34.2301018605046,-44.8564598883265,-39.1901261785022,-17.0070412991419,11.6497624487637,1.436172658307,67.1135329847641,-22.3143039381901,15.6079409247756,-0.339758150400884,13.388885963066,-0.0215581515620091,-17.0273976691046,-15.3710797367358,-16.6035402964863,3.37740886835396,14.0737993810113,1.00161640063489,-13.7965604635964,-18.327779919576,-46.8944592846997,0.411383033644592,11.6822863846733,1.13518015444003,-2.11678344376007,1.08203986958215,-95.6761302641625,164.802270792673,0.167705741346767,-0.0417598782334068,921.237590378328,0.18870342174884,0.00258345538474902
51.66,-43.4912292447706,70.8061151730793,55.8104673566299,-75.6042474887132,36.4773138631099,65.4360567169091,9.20588588457008,18.8580885954438,39.7321972158009,-11.1231976829687,-34.7623778376949,1.81547409341027,9.35443481941383,8.41964273735238,0.636089541491949,-34.6369619234492,-45.2943287993783,-80.7149697711398,-9.73017402322358,7.79216222908643,-0.777646440277353,35.2610139356708,-44.8091906432278,-46.0839471370404,-15.5502347725438,12.1418395696885,1.51916405322472,74.3976686451117,-17.2144547588315,16.3657054976568,-0.495793321487009,13.6534110212312,-0.0203340582576547,-17.927956138019,-19.0715328753982,-10.3352505578831,3.65667595855695,14.3885188698147,1.09525825403814,-13.9105762880445,-22.1740276944301,-49.7579763432345,0.571350603933829,11.8725658939493,1.24816876312822,-0.0503329693365268,0.10276162398972,-108.40352744755,198.776831317071,0.166613191107799,-0.0371160847404965,922.612560741073,0.189280971074097,0.0023455937721657
51.665,-43.1209289824647,74.0600524611371,59.2084367932029,-75.4402893901656,32.7916197094996,58.1712283776651,9.27099348793745,13.0215206734669,35.595172026826,-11.3436422866546,-44.0889207371532,-5.71152415457233,9.45119424125431,8.95685662435842,0.495239528877615,-34.1697049548905,-46.1676550042969,-83.3455725812565,-9.84496363352119,8.26926176875562,-0.901137686732951,36.0953240544374,-44.6775013667524,-51.9059646748347,-14.0370790029534,12.5435018361595,1.59747056568598,80.7323264199439,-12.7573442934797,17.3901441489311,-0.645750747906751,13.8955164576135,-0.0115757957148245,-18.8874558060238,-22.7151047238243,-3.64548646958497,3.91679436309325,14.6952646331647,1.17856269975597,-14.0491906251208,-25.9882406655944,-52.5831426936657,0.685747789233706,12.0976316121145,1.33014808819459,1.91230793124516,-0.96894965039743,-121.757186352825,241.764704657624,0.166774806805284,-0.0326365849218027,919.709208531497,0.189838742813868,0.00216213284424249
51.67,-42.7346657897345,77.2526385460171,62.5795792856935,-75.2898235690343,30.0931642262571,51.4929147886453,9.30486349397112,6.77400120673122,31.1202116997972,-11.61261085576,-53.7937138210454,-13.629561734484,9.50923750704994,9.47844100561094,0.359351258074264,-33.6761619647879,-46.8149937329396,-85.8753851636897,-9.94912682837639,8.69422120891495,-1.01746201583313,36.7294076162944,-44.4596389334636,-56.6219080604644,-12.4926094773144,12.8450363803152,1.67255289279699,86.0519910523687,-8.96302985063101,18.6147651687983,-0.785793873057464,14.1131744930802,0.00537707068579699,-19.889742263971,-26.2609102496611,3.45019335229758,4.15210107400346,14.9939134746955,1.2487966558417,-14.1950171967551,-29.7285469164585,-55.3741270020606,0.745213799211178,12.3625750737037,1.37562929254208,3.76717891579485,-2.14350591256392,-135.61698923697,293.31197191653,0.167775880092911,-0.0289475400669357,912.147394835624,0.190376243314456,0.00202180709805777
51.675,-42.3327658577693,80.3799863931039,65.9190941571668,-75.1477337125687,28.4179712931379,45.5112025984495,9.30547193513392,0.121688232559447,26.286244013581,-11.9319296736456,-63.8637635771721,-21.9416682937551,9.52826528976597,9.97836264388238,0.23135252178912,-33.154517404579,-47.2379739035191,-88.3149227169796,-10.0423866105536,9.06345053828347,-1.12392288809897,37.1618117227136,-44.1554129390558,-60.2150063471856,-10.9418199430508,13.0404526052459,1.74602793287892,90.3134270111818,-5.83580526682104,19.9757925957018,-0.912220085518081,14.3047242931694,0.0309530250224325,-20.9163170001496,-29.6685248317146,10.9301273046229,4.35661802655839,15.2844848785441,1.30358457494659,-14.3289617589465,-33.3530141193063,-58.1381046524645,0.740445970967701,12.6715199879439,1.38012342330896,5.5122948700848,-3.42876436828713,-149.846801533232,350.848012258969,0.169103278321688,-0.0262264589059269,899.815067296268,0.190903639966529,0.00189000972108477
51.68,-41.9155652588378,83.4401197862604,69.2212408045388,-75.0088104046864,27.7846615764474,40.3225883546478,9.27086601356095,-6.92118431458938,21.0762382981251,-12.3033450149181,-74.2830682544771,-30.6474118934774,9.50869783840002,10.4510929721763,0.11394626279253,-32.6033395036461,-47.4407678868161,-90.6747076678496,-10.1244953117425,9.3747285531844,-1.2180876828888,37.3934087269062,-43.7661163301402,-62.6857486961916,-9.40910314825685,13.127798807341,1.81945344235775,93.4962767493076,-3.36525205058075,21.4134433925911,-1.02156416304748,14.4688928170451,0.0653517980448062,-21.9468400399885,-32.8988135033323,18.7666314194815,4.52406084334503,15.5670307109849,1.34104416194677,-14.4309673214054,-36.8204002422678,-60.885363300848,0.662323849960539,13.0272353083289,1.34041295620418,7.14683651598082,-4.82900484982055,-164.296061837513,410.62867652072,0.170431820332957,-0.0243343026898879,882.795115294117,0.1914367362878,0.00172050208708185
51.685,-41.4833992130107,86.4332091653678,72.4799829442922,-74.8678366620575,28.1947485257744,36.0086024780546,9.19920527149283,-14.3321484136182,15.4782707092839,-12.7285090753652,-85.0328120893773,-39.7428936248218,9.4516260584254,10.8917175160806,0.00953724463574418,-32.0216405947284,-47.430075155999,-92.9651464861284,-10.1952862725811,9.62721746282998,-1.29789500661058,37.4274967728996,-43.294373233345,-64.0512985498041,-7.91769254008606,13.1092394540626,1.8941140811999,95.6029863558329,-1.52756285209669,22.8730251231606,-1.1106953047331,14.6048039935023,0.108551668663147,-22.9597268980844,-35.9147407710022,26.9261704528468,4.64786946971199,15.8415039920269,1.35989672398357,-14.4808474762434,-40.0908928786922,-63.6293268683932,0.50206222521637,13.4307585665133,1.25477978059679,8.67026224269069,-6.3440379627708,-178.801781239065,468.975453085969,0.171636434193693,-0.0230415678075211,861.260474109412,0.19198883714681,0.00147097818782171
51.69,-41.0365909096263,89.36166067697,75.6895950538256,-74.7196703445261,29.6332635063052,32.6347613554941,9.08880232911633,-22.0805884753196,9.48645375358629,-13.208966884373,-96.0915618016344,-49.2207966561784,9.35874615186922,11.2960279483092,-0.0798328268328321,-31.4088928095187,-47.2150362320774,-95.1963981238991,-10.2547225881778,9.82142907570781,-1.36174445688822,37.2698388313978,-42.7439283051011,-64.3445849825067,-6.48913019933996,12.9908938821059,1.97083231000176,96.6580703522543,-0.28707739183376,24.3058281558869,-1.17690455494714,14.7119763826805,0.160320313476541,-23.9328151839647,-38.6821382915711,35.3696246787295,4.72126768026166,16.1076110031239,1.35954375052504,-14.4591688713652,-43.1268240577165,-66.3864795434213,0.251404220606347,13.8810510811506,1.12317399462732,10.0814127135231,-7.96854335025697,-193.190919555986,523.246540958716,0.172705699646497,-0.0221448766611969,835.377699971424,0.192566574304007,0.00111667695412354
51.695,-40.5754406367584,92.2300545735308,78.8452029255152,-74.5593219354195,32.0696818212958,30.24986370566,8.93816198236772,-30.1280693497061,3.10169719187443,-13.7461441462201,-107.435452369378,-59.0704817736993,9.23228114029168,11.6605946087545,-0.152539057985056,-30.7650025175083,-46.8070779371322,-97.3782336302042,-10.3029380386606,9.95914702831564,-1.40856466923637,36.9286340706037,-42.1193943669704,-63.6131022584783,-5.14278674811503,12.7824555577093,2.04982465700841,96.706753439824,0.402027387585829,25.6697895422507,-1.2179797514368,14.7903100680426,0.220228772758481,-24.8440706570405,-41.1704098544718,44.0526572762687,4.7373568601015,16.3646525129309,1.340103525705,-14.3481381024602,-45.8933496902621,-69.1761724746215,-0.0971368819707316,14.3747086380869,0.94730983386128,11.3776843329932,-9.69173031985207,-207.283091089258,572.218559074777,0.173672457343256,-0.02149053277076,805.234692619097,0.193177762865557,0.000652661634524598
51.7,-40.10021595185,95.044936981628,81.9432336714245,-74.38202636009,35.4591150658752,28.8856379669548,8.74601751291951,-38.4288938896229,-3.66772643882263,-14.3413358972696,-119.038350209834,-69.2781197508472,9.0748929697846,11.982817940765,-0.207413815302409,-30.0902490269373,-46.2196933857574,-99.5198873942908,-10.3402660115558,10.0433117481663,-1.43785666237741,36.4144183757359,-41.4259763039315,-61.9174550922282,-3.89545661514679,12.4966268538586,2.13061849745203,95.8130509895255,0.593948181678304,26.9299111363201,-1.23226558971269,14.8400640773158,0.287668207419922,-25.6722987156529,-43.3531559921771,52.9261856988147,4.68924734713537,16.6113613902665,1.30240434977155,-14.1324450107199,-48.3590846836069,-72.0202988062923,-0.549982659019094,14.9057522813454,0.730677896737199,12.5543471466265,-11.4973947574508,-220.893539058115,615.907875959224,0.174576514920241,-0.020974304487372,770.797595190275,0.193828387502022,9.57489832611458e-05
51.705,-39.6111435683469,97.8144767007203,84.9817550098348,-74.1833077086914,39.7437302797548,28.5567381323368,8.51136316240057,-46.9308701038312,-10.8058314321548,-14.9956958157847,-130.871983703146,-79.8268496113596,8.88958898013433,12.2609579229517,-0.24377229253924,-29.3851949011139,-45.4681623914896,-101.629901350661,-10.3672532234401,10.0778763997724,-1.44971076010787,35.739894166599,-40.6691891713369,-59.3296922353331,-2.76104716630126,12.1484161051274,2.21203753656519,94.057370307918,0.349418309053025,28.0584221303516,-1.2187069519114,14.8618261046348,0.36186921051537,-26.3978256393707,-45.2087039381966,61.9369577556479,4.57022815347621,16.8457452294483,1.24793409560201,-13.8000139516463,-50.4966859596053,-74.9428275036558,-1.11214288373214,15.4655235376929,0.478466551532979,13.6040767734194,-13.3644171761106,-233.836306916955,655.088678669524,0.175450061482735,-0.0205362361771568,731.911567823843,0.194528558993909,-0.00052108735594647
51.71,-39.1084035411998,100.548005429351,87.9606890853664,-73.9590359451057,44.8543527171294,29.2610765340081,8.23348185691645,-55.576261096795,-18.288795730532,-15.7102259830949,-142.906033461961,-90.6969511180364,8.67962633357249,12.4941411931575,-0.261422292342211,-28.6505766814837,-44.5692199561932,-103.715964243055,-10.3846562523528,10.067642858484,-1.44479662231029,34.9196930565699,-39.854587264225,-55.9314747415324,-1.75037346320199,11.7543506196197,2.29225668061032,91.5337299465528,-0.266131060457675,29.0346855177166,-1.1768742535987,14.8564766585265,0.441923501905307,-27.0031146309521,-46.7205323185413,71.0282294609144,4.3739732751438,17.0649437314946,1.17874910618615,-13.3426172573707,-52.2833759615708,-77.9691928188958,-1.78682584278496,16.0427062865546,0.197389988737431,14.5167582944987,-15.2677087955465,-245.927527082939,690.787630911145,0.176311493241834,-0.0201388549126129,688.372896198333,0.195295369546409,-0.00114640921695131
51.715,-38.5921262156741,103.255465105097,90.8818921845962,-73.7054749117364,50.7122066738272,30.9804738387139,7.91196742838032,-64.3028857071934,-26.0850690286152,-16.4857668717833,-155.1081777376,-101.866019687756,8.44841761786553,12.6823461505498,-0.260657999375529,-27.8871857862751,-43.5406821949084,-105.784748636137,-10.3934201824657,10.018086789366,-1.42432709997163,33.9700780699161,-38.9875187302842,-51.812127583141,-0.871062710199304,11.331661103509,2.36891991955298,88.3467039264337,-1.18437085626726,29.8448584060335,-1.10697017751078,14.8251499579322,0.52680785988729,-27.4732848855727,-47.8775836393063,80.1405372882361,4.09478024690297,17.2651113596829,1.09734857846675,-12.7563108684695,-53.7013986958327,-81.1255438469674,-2.5750220865264,16.6234932155768,-0.104574255770937,15.2796026463475,-17.1795689996902,-256.988743761407,723.91862072016,0.177166765379457,-0.0197611701801312,640.080948666138,0.196151958888638,-0.00172360934298155
51.72,-38.062392267414,105.946789652124,93.7490981907687,-73.4193211733753,57.2307476722708,33.6815991789737,7.54674075761052,-73.045334154026,-34.1557082290373,-17.322987330364,-167.444091716298,-113.309132433635,8.19944035238861,12.8263668746101,-0.242238183242689,-27.0957498325104,-42.4010404094204,-107.841748776458,-10.3946399301989,9.93518025398329,-1.38999770492009,32.9085948646467,-38.0729174133089,-47.0666242268848,-0.127564790828578,10.8974899196227,2.43930906156297,84.6082017139075,-2.33580039280625,30.481326799252,-1.00981776944149,14.7691939184921,0.615410114371785,-27.7965074074482,-48.6744611069956,89.212552704023,3.7278342615237,17.441336122158,1.00652329258949,-12.0416607629575,-54.7383990757612,-84.4378668677506,-3.47508565277923,17.1919081755244,-0.418529534755134,15.8775934143701,-19.0713728428041,-266.850186711966,755.092955689385,0.178012023614531,-0.0193882039335715,587.225321253865,0.197134305149418,-0.00220136869598697
51.725,-37.5192360156414,108.631250354465,96.5677301102847,-73.0977334764467,64.3175393856934,37.3171670889437,7.1380594523227,-81.7362610575232,-42.4549286637743,-18.2223743456514,-179.877403057386,-124.998995168513,7.93615260994321,12.9277572165706,-0.20734988106202,-26.276824592265,-41.1690350708073,-109.891122663305,-10.3895059813437,9.82521906394558,-1.34390444115255,31.7536835470988,-37.1151402970338,-41.7935533759108,0.478741392612223,10.4681685697437,2.50054721234723,80.4341935330839,-3.65137079719201,30.9419455553852,-0.886830458644633,14.6901314066358,0.70655694173753,-27.9642587488683,-49.1115094506949,98.1820022032463,3.26951704704663,17.5876196370704,0.909189819459822,-11.203739936522,-55.387714651022,-87.9310014471761,-4.48231602009096,17.7303025840957,-0.735070705601319,16.2942550335834,-20.915466664475,-275.353916674495,784.579733580952,0.178835837344747,-0.0190085349969671,530.42691546947,0.198291527582577,-0.0025342971642619
51.73,-36.9626520436409,111.316794400203,99.3445901324864,-72.7383528267137,71.8761299466621,41.8273528572655,6.68652086326518,-90.307717811586,-50.9308525248383,-19.1842223940389,-192.369609677676,-136.906061937488,7.66191648666185,12.9887569029627,-0.157559146237758,-25.4307062370729,-39.8632222297237,-111.935541838913,-10.3792372627192,9.69466051886991,-1.28844358164046,30.5242641436377,-36.1178554805612,-36.0931154171595,0.949361069975404,10.0585999077053,2.54981899193339,75.9414848583807,-5.06398177503717,31.2291228414733,-0.739965115846926,14.5896246001166,0.799043071569985,-27.9714227260905,-49.1947821200701,106.98663201095,2.7241691422338,17.7004178074124,0.808278493736277,-10.251888657583,-55.6485671597178,-91.6275789351356,-5.5823902968022,18.2239054398698,-1.04463606771999,16.5127040815147,-22.6871185817445,-282.356770096945,812.383417896476,0.179621706755483,-0.0186185206264842,470.768952291437,0.199687426635056,-0.00268826620488571
51.735,-36.3926050183041,114.0094050673,102.087444119908,-72.3393134032192,79.8078846988592,47.1413841297472,6.19305842678158,-98.6924872966685,-59.5264299422272,-20.2086222406267,-204.879969317451,-148.998620916268,7.37993076016815,13.0122019463288,-0.094750895805737,-24.5573724515521,-38.5015453701738,-113.97605251054,-10.3650046695478,9.54997539697933,-1.22619770307707,29.2393096173803,-35.0839823230584,-30.0651932714817,1.28843445574313,9.68176915511022,2.58458951116855,71.2446346758061,-6.50983291975897,31.3487948776782,-0.571659755766861,14.4694438074937,0.89166134616231,-27.8162397862186,-48.935899439206,115.565193536404,2.11548398099871,17.7858662225718,0.7066711816563,-9.19924474009581,-55.5261402025826,-95.5469184474311,-6.74096171286984,18.6701058101103,-1.33774395644252,16.5169161444238,-24.3663532022006,-287.733039857119,838.391741148337,0.180349492130956,-0.0182188534980305,409.710134929345,0.201393734343427,-0.00262898724030514
51.74,-35.8090424691161,116.712509837525,104.804520900112,-71.8992447232351,88.0137359967766,53.179264131299,5.65893149610454,-106.825386135354,-68.1805033193284,-21.295449108812,-217.365373636951,-161.242843222188,7.09317379482182,13.0014220929217,-0.0210602369201268,-23.65645942213,-37.1009259726765,-116.011951751046,-10.3478493710036,9.39751629530094,-1.15981291655794,27.9174205398501,-34.0156824556857,-23.8075384459836,1.50244424922388,9.34839606485681,2.6028057456378,66.4531004475562,-7.92961529561265,31.309340672106,-0.384757919288443,14.3314415053187,0.983232881741582,-27.5001132912671,-48.3518039398055,123.858423838928,1.46521499939198,17.8500263534953,0.60697808830069,-8.06206475375816,-55.031529125609,-99.703920144884,-7.92511312897793,19.068760810566,-1.60567173506911,16.2931147430009,-25.9394995044013,-291.376838827262,862.521086696567,0.180997775229842,-0.0178159942102463,348.924191549574,0.203479466268581,-0.00231555679317896
51.745,-35.2119101705487,119.426459713595,107.503950058201,-71.4172656470086,96.3958152453837,59.8535807381,5.08570898219044,-114.644502782923,-76.828982022865,-22.4443502195862,-229.780222155038,-173.602794211289,6.80435756751762,12.9601284562703,0.0612020932260406,-22.7272796560305,-35.6768860460526,-118.040682754469,-10.3286004372002,9.24340281216207,-1.09187275818814,26.5764152338674,-32.9143979096526,-17.4141082783324,1.59989748666634,9.06672964300271,2.60306666654974,61.6686797175723,-9.26953299757038,31.1204875917838,-0.182422147446389,14.1775317007067,1.07263639042003,-27.0272907744617,-47.4644201594197,131.809994909337,0.769831594189389,17.885221618086,0.511400440027611,-6.85887049632232,-54.1815502609831,-104.107998279108,-9.12534023139049,19.4062125675058,-1.84125129142863,15.8311692919375,-27.4002987136108,-293.204103389131,884.802033415381,0.181545117048209,-0.0174218437279006,290.109681296246,0.20600188139362,-0.00169528596307167
51.75,-34.6011696726188,122.148099585928,110.193164021033,-70.8929709573667,104.858937928339,67.0713558008452,4.47524726490719,-122.092343456588,-85.4060923798281,-23.6547317854114,-242.076313164922,-186.04041002542,6.51589355917804,12.8922948800187,0.149627370508615,-21.7688831012105,-34.2432155834344,-120.057753481661,-10.3077965267057,9.09342273975548,-1.02477462982401,25.2329484876611,-31.7809307089185,-10.9735848081671,1.59099672026678,8.84247747564556,2.58475179289295,56.9833047979872,-10.4821478028202,30.7922569592494,0.031960692068879,14.0096740803715,1.15883555692767,-26.4044455060116,-46.300226747884,139.367406483066,0.02428615330961,17.8813946504922,0.42158368202474,-5.60946677586021,-52.998399299092,-108.76209691802,-10.3324429902615,19.6679223775642,-2.03916293969737,15.1258790483942,-28.75045421183,-293.15420353832,905.397670052417,0.181972405025061,-0.0170511231185069,234.804442914185,0.209000785301684,-0.000707781696426046
51.755,-33.9768174430153,124.870445920625,112.878291085388,-70.3264113638464,113.311918703998,74.7358905576751,3.82966295528026,-129.116861925321,-93.8456671309828,-24.9257456337125,-254.202769660091,-198.515445335497,6.22987112979898,12.8020369153755,0.241786717931222,-20.7801611781581,-32.8116972287944,-122.056683513648,-10.2856148369262,8.95294689595711,-0.960614980939219,23.9021708869923,-30.615556905921,-4.56809960137783,1.48731307279849,8.67885338778505,2.54810100519581,52.4772335632335,-11.5270429174313,30.33399456225,0.254879141323278,13.8298618368826,1.24090325847584,-25.6401889275475,-44.8897489679205,146.482799249988,-0.764403038603801,17.8342223457574,0.338471929903546,-4.33388575651946,-51.5091529459292,-113.661829553149,-11.5254344937051,19.8485802392488,-2.19611133052413,14.1780217494382,-29.9995548702198,-291.191134540865,924.579223541241,0.182265645355,-0.0167130540732208,184.242253865172,0.212493866727101,0.000713841755106692
51.76,-33.3389050200641,127.582484590352,115.563565763224,-69.7180678611735,121.668700534684,82.7485656149964,3.15130118887087,-135.672353282001,-102.082438931002,-26.2562757250636,-266.106018270456,-210.985401220204,5.94804879036228,12.6934925361446,0.335306233453255,-19.7599901790047,-31.3918993150302,-124.028984478537,-10.2618146790318,8.82685625825342,-0.901089580451941,22.5974394909581,-29.4181671162123,1.72781759616015,1.30146621882966,8.57672515576801,2.4942424113673,48.2176663928873,-12.3713042559005,29.7535243806547,0.482798587202934,13.6401116380619,1.31804139994279,-24.7445473300498,-43.2669798765788,153.113668469328,-1.5863213109655,17.740846808584,0.262382324402133,-3.05131910011085,-49.7451142298628,-118.794780152653,-12.6809171263036,19.9473730948804,-2.31096158256698,12.9950602736426,-31.1643614962103,-287.304272164848,942.678092033208,0.182420492292721,-0.0164125244016171,139.289324421073,0.216483311082224,0.00264887846583761
51.765,-32.6875595277397,130.269098464815,118.25078155447,-69.068821416423,129.84928895004,91.0105577197969,2.44270020968634,-141.720195836832,-110.053304013834,-27.6449249164799,-277.729838283126,-223.405444749074,5.67185841438416,12.570708780034,0.427936599448036,-18.7074071559277,-29.9910467571279,-125.964179888426,-10.2357052116465,8.71948120314946,-0.847415111698415,21.3300890354527,-28.1884250177062,7.84805505366086,1.04681073557977,8.53484355270136,2.42516822544026,44.2578068611484,-12.9898197824764,29.0564555195601,0.71226083493446,13.4424539763807,1.38959523922325,-23.7284364418412,-41.4687389230732,159.223461820861,-2.43054266829373,17.5991803308808,0.193057797321997,-1.77910134449635,-47.7410097344003,-124.139998003406,-13.7753805829113,19.9670290480731,-2.38474133932895,11.5914278765466,-32.26750673985,-281.508679569123,960.013033542892,0.182443301391678,-0.0161480000687897,100.47025153335,0.220974095353762,0.00521439431432658
51.77,-32.0230038713228,132.911131283305,120.938809205542,-68.3799189690509,137.780489474338,99.4244402648352,1.70655306424499,-147.229429088195,-117.698524565874,-29.0900023964938,-289.015496002635,-235.728333949697,5.40242185153433,12.4375383340998,0.5176145551324,-17.6218080964435,-28.6139769741193,-127.84987038478,-10.2061325314206,8.63454804250209,-0.800277813239792,20.1092711080244,-26.9259349251549,13.735495204756,0.737136355654115,8.5501243354844,2.34365880968843,40.6363718010226,-13.3653993595405,28.2456629610069,0.939978198824899,13.2389221228486,1.45506131345842,-22.603165460429,-39.5339776167736,164.782049499905,-3.28585474912222,17.408810737648,0.12974081731702,-0.531806061360809,-45.5340562617038,-129.66771227668,-14.7865265923824,19.9143044865718,-2.42052526772225,9.98835041441347,-33.3357146390312,-273.844959423925,976.815711417427,0.182348666270336,-0.0159111031162027,68.0520881123612,0.226013892842046,0.00863837189600591
51.775,-31.3455759159645,135.485591071784,123.623200863795,-67.6529367066188,145.396452486553,107.89563997743,0.945667267384733,-152.17715937219,-124.96284146021,-30.5895122819898,-299.90197709947,-247.904363303346,5.14057867207676,12.2975496393399,0.602513938856645,-16.5031551470251,-27.263185044057,-129.671849993509,-10.1714851399778,8.57512999051404,-0.759813898684879,18.9418668041251,-25.6304094008217,19.3423519583053,0.38638374117887,8.61795870883434,2.25315809307797,37.3775447507903,-13.4887194818492,27.3209530394068,1.16291861488793,13.0315381031838,1.51408842554636,-21.379997783937,-37.5030433771991,169.766058812922,-4.14144350901708,17.1714669107016,0.071281660417752,0.679489753681881,-43.1629242825211,-135.339285028724,-15.6944484031852,19.7998102724073,-2.42317492144228,8.21320889570144,-34.3976903277932,-264.378650322651,993.176237628859,0.182157668266205,-0.015697077928877,42.1196046442355,0.231781554856421,0.0134754131452146
51.78,-30.6557459527155,137.965992649745,126.295897453188,-66.889741531896,152.639034944492,116.333728310432,0.162923325476636,-156.548788381539,-131.796472601657,-32.1411439136496,-310.326326331807,-259.881345638906,4.88692302571645,12.1539533837381,0.681084478610024,-15.3521772557501,-25.9389587197066,-131.414277868672,-10.1297292376851,8.54360575441319,-0.725624844148926,17.8324762434283,-24.3018279710421,24.6302760194099,0.00836598501102626,8.73253987902155,2.15760771898913,34.4913554859778,-13.358099374086,26.2789152356429,1.37837863641644,12.8222944775912,1.56647157051595,-20.0697896950721,-35.4169145525702,174.159069639038,-4.98594098497356,16.8886911336453,0.0162755996750643,1.8477276607576,-40.666635026859,-141.107413609802,-16.4805364040224,19.6352658087959,-2.39885308891908,6.29849264311989,-35.4818581377551,-253.199172677627,1009.04120561504,0.181893442816266,-0.0155016278637357,0,0,0
51.785,-29.954131780534,140.322834436412,128.945053177105,-66.092451570547,159.45799226995,124.653532402881,-0.638766991250042,-160.338063345481,-138.155976041033,-33.7422644142294,-320.224100116233,-271.604646226429,4.64184699099626,12.0095473344058,0.75207712445064,-14.1705472408676,-24.6395998902457,-133.059908141038,-10.0784730713309,8.54162629162872,-0.696828419995303,16.7834859885147,-22.9405784940828,29.5702401776655,-0.383504566702026,8.8871895943041,2.06124740327036,31.9744574603546,-12.9791172625867,25.1129536072245,1.58404176669603,12.6131311899014,1.61213912085059,-18.6827210519084,-33.3164216010671,177.951670949969,-5.80699157638711,16.5609565920702,-0.0367912598709108,2.97014417315317,-38.0834360823476,-146.916585425738,-17.1269575717271,19.4320476889143,-2.35450684346583,4.2804364187618,-36.6141345598865,-240.418336652358,1024.25177596212,0.181579875277944,-0.0153193620151031,0,0,0
51.79,-29.2415107807941,142.524199947914,131.554987349684,-65.2633964891104,165.811016287225,132.776056808055,-1.45650174778624,-163.546951307155,-144.004961102073,-35.3899140790742,-329.529932968794,-283.017283987226,4.40558742627984,11.8666804141078,0.814555440591029,-12.9610182901708,-23.3617247897731,-134.590378005081,-10.0150547905604,8.57008980365681,-0.672143681556376,15.7952128631686,-21.5475736850249,34.142221064156,-0.776480618144649,9.07466967049232,1.96839045259281,29.8112647279974,-12.3640782120304,23.8134843705443,1.77802036266211,12.4059073005785,1.65113400236609,-17.2281242411885,-31.2414712129622,181.141382059957,-6.59286620604403,16.1900342960653,-0.0893926818402187,4.04828554804507,-35.4497057871787,-152.703779857971,-17.6187418340527,19.202404306831,-2.29744691220303,2.19746827217688,-37.8159111570006,-226.168433468778,1038.60241696497,0.181239550706904,-0.0151423557448069,0,0,0
51.795,-28.5188284336799,144.536469422763,134.106269786913,-64.4050783059699,171.663636628009,140.629213208735,-2.28742846584165,-166.185343610998,-149.314634926762,-37.0808051492996,-338.178214044911,-294.060113047129,4.17827327772156,11.7272358717577,0.867893348231811,-11.7275044825344,-22.1006310166307,-135.986551298929,-9.93665167595366,8.62912745124048,-0.650005221065946,14.866119922509,-20.1243368331003,38.334697859651,-1.15873376583046,9.28747023855573,1.88318603101504,27.9754005654736,-11.5313477026078,22.3682810410533,1.95888021228686,12.2023679759307,1.68358994175523,-15.7144098732011,-29.2302913777241,183.732445419889,-7.33334509650776,15.7793258467368,-0.142826280156667,5.08776217288092,-32.7989386437164,-158.399404082128,-17.9447034610725,18.9587514695141,-2.23487749105663,0.0886139440243946,-39.1023939680424,-210.599941367193,1051.87933881948,0.180891104012318,-0.0149595181666315,0,0,0
51.8,-27.7872028223082,146.325122274483,136.575941776438,-63.520133287582,176.989003677736,148.148360806744,-3.12878146748591,-168.270600329005,-154.064176015965,-38.8113244741225,-346.103864964903,-304.672095404961,3.95997057922228,11.5926324532765,0.911760270038861,-10.4750931482568,-20.8507155636514,-137.228911877745,-9.84040598099976,8.71810216533466,-0.628699218523268,13.9930974186744,-18.6730528446805,42.1439918745829,-1.51959314975719,9.51806865112181,1.8093810855245,26.4314019315234,-10.5045679650638,20.7629451249413,2.12564773878276,12.0041076351112,1.70970413231686,-14.1490805615217,-27.3187158357725,185.735500632396,-8.02773612665142,15.3258286969921,-0.198149518443251,6.09776091867854,-30.1608619375211,-163.92844173907,-18.1032559298767,18.7032045106542,-2.1736305671688,-2.00799437717422,-40.4814047739094,-193.878888025034,1063.87355268641,0.180546651402771,-0.0147631862348581,0,0,0
51.805,-27.0479247868632,147.855607088927,138.937870245923,-62.6112954304491,181.76757142649,155.276664808897,-3.97791620763157,-169.826948029045,-158.240930476791,-40.5775405005583,-353.243205286973,-314.790672344989,3.75072292422757,11.4638417261808,0.946095404179123,-9.20998156254288,-19.6059248815649,-138.297998416987,-9.72356140865855,8.835622805416,-0.606511573974243,13.1717986145389,-17.1965832686623,45.5734738180375,-1.84976225713082,9.75915537862458,1.75009575173584,25.1366175366434,-9.31177672339199,18.9814784704138,2.27780054374977,11.8125306453994,1.72970785374928,-12.5388182279182,-25.5395259277699,187.167151976617,-8.68945714273076,14.813549746629,-0.256110853533188,7.09034955007712,-27.5607277334875,-169.211786157918,-18.105071425111,18.4194117693823,-2.11992126595984,-4.05637266657449,-41.9527016667431,-176.183921655242,1074.39864415777,0.180210791392487,-0.0145462970365013,0,0,0
51.81,-26.302453521707,149.094253031166,141.163228271947,-61.6813619366147,185.986698766791,161.965284345099,-4.83233994704146,-170.88474788189,-161.840430759405,-42.3752149381086,-359.534887509882,-324.352238504726,3.55058581709316,11.3414191476465,0.971073393219023,-7.93933617270201,-18.3602157712865,-139.174870166716,-9.58360112185064,8.97957965821619,-0.58187697113717,12.3970173686948,-15.6984466281498,48.6326678603037,-2.1415023569721,10.0038282383105,1.7076262594133,24.0432330091108,-7.98445015482574,17.0069327252272,2.41524264435646,11.6288114003316,1.74383672064062,-10.8896262033313,-23.9218666508691,188.049444036162,-9.31740727695904,14.2362408324778,-0.317020093002595,8.07962030099118,-25.0188149530607,-174.167723398543,-17.9506555500371,18.1010787433921,-2.07844741646952,-6.02360153251841,-43.5078278099133,-157.7031524394,1083.30813507842,0.179883128541969,-0.0143100043986157,0,0,0
51.815,-25.5524075463112,150.009195079297,143.221090679179,-60.733160996998,189.640187923503,168.173404242507,-5.68973821887896,-171.479654367657,-164.866240653388,-44.1998193361499,-364.920879608587,-333.292718367612,3.35965383629761,11.2255460436704,0.987064016680438,-6.67107873107298,-17.1080048366601,-139.841591646148,-9.41804449601818,9.1477673310183,-0.553515489180828,11.6630917597259,-14.1827678682531,51.3362831306526,-2.38826364865015,10.2461679716151,1.68330141525699,23.1003545787816,-6.55649346552681,14.822111564398,2.53826628982798,11.4538559891424,1.75230233897369,-9.20700526881697,-22.4907519058031,188.409261892531,-9.88508456991296,13.6118573457844,-0.380731707737616,9.08072909143984,-22.550164185473,-178.713525061514,-17.6233358101407,17.7684661176327,-2.0519946088457,-7.88034449426284,-45.130453435053,-138.630833434691,1090.51597969608,0.179562087335515,-0.0140571390159314,0,0,0
51.82,-24.7995511191984,150.571285422468,145.079129378009,-59.7695221041417,192.727778571176,173.86812739714,-6.54799665603933,-171.651687431985,-167.329634182258,-46.04655668615,-369.347469999836,-341.548240560737,3.17807989668712,11.1160793550423,0.994588713895035,-5.41360977169185,-15.8445844881735,-140.281723175817,-9.22414287646824,9.33854418267974,-0.52054829562138,10.9643158925883,-12.6542027896599,53.7032039316005,-2.5841879399332,10.4817758142551,1.67738392529017,22.2560828128446,-5.0632035833136,12.4103021646908,2.64750266136685,11.2882679168472,1.7552672062555,-7.49614273494523,-21.2666715896391,188.277673654688,-10.3725673105757,12.9581384125326,-0.446633327245692,10.1088919948709,-20.1645542716289,-182.767106842999,-17.1142561471158,17.4368573989545,-2.04203296677723,-9.60095420481493,-46.7971408647917,-119.163954876105,1096.00644264741,0.179249182340805,-0.01379359642831,0,0,0
51.825,-24.0457762976242,150.754964314774,146.70438949008,-58.7932490270167,195.254615424903,179.024246103507,-7.40521786904707,-171.444242601462,-169.249119719163,-47.9103880237431,-372.766267518416,-349.055900893007,3.00608614921266,11.0126058150327,0.994276744907133,-4.17548532145745,-14.5664851609143,-140.480803326603,-9.0001996442208,9.54874166075666,-0.482587542264418,10.2953406908156,-11.1178448497522,55.7554696098907,-2.72605651748887,10.7062514753909,1.68897213060284,21.4595101385757,-3.54022922541641,9.75601363197984,2.74386406352544,11.1323204041516,1.75282465696327,-5.7620954648161,-20.2653104037003,187.689233769781,-10.774138233924,12.283665092256,-0.513693929708875,11.1784012600741,-17.8667155540138,-186.248706342379,-16.4274207904307,17.1061320508741,-2.04897165862925,-11.1631975302884,-48.4784378936193,-99.4988276497693,1099.80101070303,0.178949500923872,-0.0135183482837835,0,0,0
51.83,-23.2930809710052,150.539065323925,148.064124393799,-57.8070954993823,197.230705527052,183.623911679192,-8.259733190622,-170.903064315141,-170.649824050756,-49.7860638615809,-375.135167567906,-355.754600762044,2.84396632040752,10.9144971918927,0.98682363948522,-2.96506713868971,-13.2717664760634,-140.426808752414,-8.74664038295996,9.77238314587057,-0.439784139705795,9.65154413431132,-9.57912264261604,57.5172737020301,-2.81466602144449,10.9142701744828,1.71600683453269,20.6625801120854,-2.02255407141538,6.84570162205652,2.82848040532768,10.9859376466509,1.74498549106519,-4.00995098073376,-19.4973850220818,186.681265577424,-11.0870510135767,11.5964276595138,-0.580621759408907,12.3017195845561,-15.6567610080756,-189.082532739548,-15.5706935327227,16.7721338812531,-2.07216532110078,-12.5476685021253,-50.1401919259214,-79.8277309136887,1101.91557608393,0.178671890217361,-0.0132343273315634,0,0,0
51.835,-22.5435433109666,149.907532007656,149.12666570335,-56.8137436036144,198.670379153479,187.656222082546,-9.11010922917575,-170.075207710663,-171.562754129946,-51.668160137514,-376.419255186438,-361.585943573432,2.69207965489862,10.8209634038122,0.972954277488133,-1.79016975082137,-11.9602243759617,-140.110576526268,-8.46469648590952,10.0033710682124,-0.392833232059269,9.02935218691126,-8.04369671480758,59.0140097330832,-2.85257690292875,11.1015348725505,1.75542351030097,19.8217525879244,-0.543528897994583,3.66846013907226,2.90263284321286,10.8486870386564,1.73167260287366,-2.24495493993657,-18.9686026556995,185.293140938102,-11.3104355665464,10.9045543146925,-0.64597135797887,13.4887038725593,-13.530804208488,-191.198341676175,-14.5548312500353,16.4282483114924,-2.11013121801025,-13.7369858189839,-51.7449753520057,-60.3356958804036,1102.32215912589,0.178426297397179,-0.012942790279868,0,0,0
51.84,-21.7992931837466,148.850025443914,149.862302923815,-55.8157847766245,199.59176539787,191.11674697805,-9.95514929636357,-169.008013437477,-172.02395678035,-53.55111821896,-376.591616288996,-366.495168323036,2.55083709203668,10.7311007267076,0.953392491584639,-0.657728822321881,-10.633506500944,-139.526174170265,-8.15581143010168,10.2365390670249,-0.342934250334976,8.42649361448466,-6.51736413533002,60.2713880009016,-2.84310281869215,11.2654464028343,1.80331893631683,18.8994270266864,0.866021844255767,0.216663359851891,2.96768740949912,10.7197838046074,1.7127244493152,-0.472597803328953,-18.6797401791823,183.56557351637,-11.445249805104,10.2160934743686,-0.708248253567704,14.7459991060574,-11.4817231049407,-192.532890986921,-13.3933331562598,16.065994107226,-2.16081319355619,-14.7148867053101,-53.2535202967866,-41.1974931335894,1100.93099219264,0.178222432840243,-0.0126503357080088,0,0,0
51.845,-21.0624811598981,147.362404769846,150.244147092975,-54.8157033246589,200.016290393317,194.007008868526,-10.7938898908403,-167.748118895494,-172.073598568897,-55.4292883682814,-375.634029864623,-370.432096639215,2.42068081476574,10.6439329617109,0.928838500409465,0.426485268258474,-9.29513383565224,-138.671203229435,-7.82214086237694,10.4668194107297,-0.291703951035229,7.84217497193356,-5.00597840917241,61.3146439585975,-2.79094542918421,11.4043516093619,1.85514179264567,17.8650859623847,2.1785945978397,-3.51345774228984,3.02503127808091,10.5981087968006,1.68790759219536,1.30134200225399,-18.6268390656815,181.539940487174,-11.4941724227025,9.53880552170727,-0.766008856987096,16.0766301437664,-9.50002160284134,-193.03123675917,-12.102237284595,15.6757658949015,-2.22184677591002,-15.4653311042907,-54.6260760198993,-22.5748849132862,1097.61327077866,0.178069503688406,-0.0123689489709138,0,0,0
51.85,-20.3352458296711,145.447066045311,150.24895308205,-53.8158623090542,199.968203120838,196.333937522987,-11.6255925292058,-166.340527673019,-171.754989401821,-57.2969759504059,-373.537516424712,-373.352067488841,2.30205875386238,10.5584442619935,0.899954801543525,1.45808737191789,-7.95043244781517,-137.547023603063,-7.46657762663687,10.6892377474129,-0.241055782224667,7.27716609395693,-3.51539091296455,62.1678545619445,-2.70208132010522,11.5173910212367,1.90594878850423,16.6961318087982,3.37067989177036,-7.5213172411421,3.07601402985916,10.4822394820501,1.65693787558486,3.07079708369911,-18.8015076349577,179.257645143473,-11.4612541458258,8.88028676421064,-0.817946525927498,17.4798053176458,-7.57473743521715,-192.647834408747,-10.6997141613099,15.2480117699324,-2.29079246390285,-15.9717204665995,-55.8236224744791,-4.61419679351916,1092.24390473873,0.17797631200714,-0.0121087744058723,0,0,0
51.855,-19.6196801878901,143.113128356333,149.857876323479,-52.8184916539952,199.474131011979,198.109313056207,-12.4497313134187,-164.827756842735,-171.113574105032,-59.1484895571698,-370.302721353123,-375.216832513298,2.1953959243891,10.4736032531755,0.867360440371612,2.4342141947423,-6.60638447862197,-136.158887942208,-7.09266595619045,10.8990344495066,-0.193051913969569,6.73379123575111,-2.05141809047943,62.8533743278827,-2.58349168332527,11.6044229790317,1.95069490520409,15.3784022453013,4.42329443554937,-11.8015658675562,3.12189588907328,10.3704934065287,1.61950912872106,4.82944757077818,-19.1913187869328,176.759530237779,-11.3485493731395,8.2536047243035,-0.862937136471218,18.9509317392555,-5.69434492189597,-191.347415842387,-9.20339799726026,14.7802855185861,-2.36517269937779,-16.2163161263861,-56.8088964303578,12.555744920316,1084.75214296722,0.177951505092452,-0.0118769452617737,0,0,0
51.86,-18.9177978875051,140.376460076929,149.05714150095,-51.8256783278348,198.562665231965,199.349210767123,-13.2659767095409,-163.249079224353,-170.19591632399,-60.9781901369334,-365.940115952531,-375.995384639313,2.10106456565559,10.3883790156665,0.831632897534064,3.35356671053799,-5.2714119693612,-134.51597818573,-6.70448600718706,11.0917738911384,-0.149738883931016,6.21582628329322,-0.619836274981076,63.3913980159751,-2.44286381766106,11.6659276845359,1.98453726179718,13.906361824009,5.32235607068829,-16.3437817440372,3.16380443884045,10.2609827409788,1.57532768683101,6.57078800554286,-19.780288644372,174.085349042985,-11.157909638684,7.67565991569047,-0.90008599443411,20.4818293143676,-3.84760474560019,-189.105621089008,-7.63116672785976,14.2760962861143,-2.44261381206366,-16.1799166473792,-57.5472099318389,28.8252730991434,1075.14162632119,0.178003394198377,-0.0116705363479248,0,0,0
51.865,-18.2315001749938,137.259542502187,147.8386031118,-50.8393584591775,197.263973731373,200.073458349289,-14.0741760838185,-161.639874855436,-169.048698538869,-62.7805401563523,-360.470003883585,-375.664693233973,2.01935495529652,10.3017503257932,0.793316266354706,4.21635446025346,-3.9551102613869,-132.631339608345,-6.30651484119921,11.2634381215656,-0.112979770316195,5.72830784642929,0.77359665083887,63.7996519659007,-2.28827693688453,11.7028956261481,2.00313317834316,12.282979580949,6.05889005856261,-21.1322677114311,3.20270083390535,10.1516779066974,1.52415054833366,8.2882161339522,-20.5494194816044,171.273298237714,-10.9003918840372,7.14934376944085,-0.928769753280544,22.0611194771741,-2.02431933238369,-185.90937073612,-6.00780197536607,13.7268427011821,-2.52136420006,-15.8418251188498,-58.0070627445317,44.1051107128744,1063.49358728764,0.178139000149665,-0.0114794432107166,0,0,0
51.87,-17.5625443129295,133.791172412985,146.200180726215,-49.861311265189,195.609438797867,200.305113489784,-14.874331597538,-160.031102744052,-167.717760871341,-64.5501517865382,-353.922326037499,-374.210320641681,1.95044852552303,10.2127101893587,0.752933953439959,5.02414529850275,-2.6679493521821,-130.5217114286,-5.90347145173877,11.410502402588,-0.0842962342547443,5.27726519011163,2.123096296381,64.0932113795347,-2.12788552496023,11.7167056261206,2.00291284208487,10.5193137439583,6.62906046288169,-26.1459608555144,3.23935604778089,10.0404777985899,1.46582465065926,9.97513468296892,-21.4772890253545,168.35961397254,-10.5925485617328,6.6649175864365,-0.948637822514662,23.6747562256395,-0.215961095831106,-181.756973783068,-4.36245524783241,13.1147834840644,-2.60035208180899,-15.1801094438941,-58.160569115431,58.3271582446866,1049.93077212078,0.178362147067176,-0.0112915768700699,0,0,0
51.875,-16.9125142655354,130.006009478752,144.146155141741,-48.8931546899097,193.631315055764,200.06996731247,-15.666576100969,-158.448900686115,-166.247199706759,-66.281833100047,-346.336262701597,-371.626897418514,1.89439459362735,10.1202680881902,0.71100384054153,5.77963141478928,-1.42096165287542,-128.207256905904,-5.500154397483,11.5299912050134,-0.0647330493837686,4.86939047500388,3.42278965481387,64.2844364162772,-1.96961348939082,11.7089984014153,1.98130831127841,8.63383462274746,7.03402632248235,-31.3584579504154,3.27433723913914,9.92528377900953,1.40032454994065,11.6250576408688,-22.5406676879815,165.378230017346,-10.2461194048333,6.21764017596787,-0.959617907285818,25.3066615174031,1.58384911356643,-176.657973778235,-2.72048544776922,12.4321746104596,-2.67876816525149,-14.1721337335333,-57.9837331403234,71.4448353108766,1034.57786395171,0.178671163719783,-0.0110921589263038,0,0,0
51.88,-16.2827943725449,125.943978598049,141.687315375824,-47.9363426719718,191.362403587475,199.396076725726,-16.4511476885503,-156.914317516181,-164.67854502954,-67.9706312890675,-337.759637803914,-367.91843690144,1.85109167205375,10.0234524589292,0.66805370603128,6.48632887448069,-0.225433155206471,-125.711199767932,-5.10128095982029,11.6195144089387,-0.0547559356333768,4.51166632509578,4.66664422102268,64.3830160617168,-1.82087165050452,11.6815519237147,1.93692335793175,6.65152503771647,7.27962876405741,-36.7381585329328,3.30800390514297,9.8040744302924,1.32778575278833,13.2317136251034,-23.7151455095933,162.360494871822,-9.86912744112713,5.80785872847175,-0.961882421002964,26.9394245594027,3.37902533377954,-170.632744002834,-1.1035665414121,11.6810650795919,-2.75596616912442,-12.795318726925,-57.4566152530825,83.4329861167438,1017.53377469326,0.179058641201945,-0.0108735502904622,0,0,0
51.885,-15.6745466661714,121.649541274801,138.840950455736,-46.992163981388,188.835738116944,198.313326615747,-17.2283635821796,-155.443178726004,-163.050032838398,-69.6118719686921,-328.248135925225,-363.098473819809,1.82027395956823,9.9213157201226,0.624634749819711,7.14823292689229,0.907387695091514,-123.05937753943,-4.7113364367149,11.6772845220201,-0.0541908084993895,4.21097204800254,5.84839834898439,64.3961054956272,-1.68830972934031,11.6361649102771,1.86963265906402,4.60280383728025,7.37592194221036,-42.2485251378587,3.34051311722274,9.67497802815501,1.24853111284238,14.7891403852007,-24.9757514815397,159.334943252714,-9.46906499283894,5.43545685315577,-0.955783341279205,28.5550248525349,5.17086308500322,-163.711849679142,0.468302432664701,10.867247737448,-2.83147688807472,-11.0280747476682,-56.5634344207419,94.2873692528963,998.874576702921,0.179512235260989,-0.0106361953014922,0,0,0
51.89,-15.0886923970292,117.170853828381,135.630684153207,-46.0617425817437,186.084279928758,196.853021075101,-17.9985939972677,-154.046083017526,-161.39598614641,-71.2011937109775,-317.864348456922,-357.190016349759,1.80150324976321,9.8129436777675,0.581331306371536,7.76945450190185,1.96655276114104,-120.279725644087,-4.33444123422518,11.702116624581,-0.062209201909516,3.97369074326779,6.96150375340489,64.3285402537929,-1.57761205612822,11.5745544041609,1.78060377814352,2.52232186457922,7.3365673654712,-47.8484578216879,3.37183282009308,9.53633982454435,1.16308808871128,16.2917661516131,-26.2975493822768,156.327116516893,-9.05291261849315,5.09972465409729,-0.941801423328175,30.1355416825124,6.95804116731323,-155.935201433102,1.97719598684028,9.9997793243538,-2.90489456121403,-8.85084256568428,-55.2926468668225,104.0237616672,978.669865427413,0.180016667853555,-0.0103833174975145,0,0,0
51.895,-14.5258982298067,112.558833444442,132.086155065713,-45.1460394857044,183.140619207767,195.047501536411,-18.7622366178322,-152.728524112838,-159.746314957594,-72.7345770632596,-306.676670456272,-350.225306178965,1.79416616366417,9.69747043085485,0.538765242222261,8.35386442878609,2.94164209071897,-117.401708790867,-3.97424191007459,11.6934134029613,-0.077360940392102,3.80533901143544,7.99909110092372,64.1831089430142,-1.49334384032084,11.498272588878,1.67224080871012,0.447680986468606,7.17811733635658,-53.4927774773684,3.40176192922565,9.38678148759749,1.07219523392379,17.7344752590613,-27.656196106904,153.359426349686,-8.62712466854843,4.79944736969917,-0.92049504318543,31.6638175423268,8.73676258949224,-147.351029313492,3.40761931082031,9.09054035396047,-2.97575677651729,-6.24717555937222,-53.6370334759638,112.676714165414,957.016326116545,0.180556416688064,-0.0101285012699073,0,0,0
51.9,-13.9865674515839,107.866155644656,128.242548656951,-44.2458560773833,180.036681664379,192.929788823119,-19.5196922636111,-151.491129155919,-158.126142329273,-74.208367434552,-294.758074258739,-342.24538661729,1.79747636410659,9.57409905902173,0.497594073290055,8.90477091375765,3.82295453586779,-114.455717968942,-3.6338304138217,11.6511380109296,-0.0976514567944491,3.71023910738496,8.95396876751517,63.9608656848841,-1.43885217372584,11.4086467620789,1.54805401815934,-1.58187447788154,6.91921845412329,-59.1328096292095,3.42995579472008,9.225250410061,0.976796997797855,19.1126571289637,-29.028450520881,150.451056402943,-8.19750605256159,4.53293633889288,-0.892452707822351,33.1240490699194,10.501012527964,-138.014710436615,4.74689344308064,8.15359108499669,-3.04344718705204,-3.2048000132135,-51.5938157794232,120.298001403345,934.041996956315,0.181116140909269,-0.00988474134307449,0,0,0
51.905,-13.470836408607,103.14620859533,124.139991917712,-43.3618388744255,176.803440591478,190.533245729923,-20.2713422757568,-150.330002429054,-156.55556026459,-75.6192913827793,-282.184789645323,-333.299484371012,1.81048126661889,9.44212750726143,0.458502440723785,9.42465284189596,4.60166246699639,-111.472452279771,-3.31569364296843,11.5757776057028,-0.120657801775554,3.69125035169067,9.81866306246969,63.6614638341544,-1.4162231470225,11.3067448469248,1.41246486905867,-3.52674813870562,6.57976999576712,-64.7170574783933,3.4559555096697,9.05105704124124,0.878026689364767,20.4222391881208,-30.3926229504815,147.617897419532,-7.76909964378233,4.29806131361672,-0.858253111258243,34.5022858039895,12.2429073567995,-127.987485760813,5.98542473127199,7.2044205577842,-3.10712972439592,0.283402050204521,-49.1648061578279,126.954813080826,909.899828634306,0.181682307299487,-0.00967320241377223,0,0,0
51.91,-12.9785762549712,98.4520307272597,119.822825074764,-42.4944856955798,173.470635769293,187.891256773023,-21.0175280802527,-149.237160899309,-155.049515822928,-76.9644659986388,-269.034923172143,-323.444216102266,1.8320727164073,9.30097828622722,0.422187199995102,9.9149668323811,5.26993484461702,-108.482304822344,-3.02169329038593,11.4683002716438,-0.143674643968898,3.74957268670992,10.5855056154477,63.2834937799314,-1.42629371141594,11.1933670614551,1.27056000938357,-5.34822332666624,6.18007417105377,-70.1919501059628,3.47921952179032,8.86389889825285,0.777178237507252,21.6597055457752,-31.7289574321313,144.87251260309,-7.34619941981677,4.09231667299589,-0.818435932655799,35.7868237949905,13.9531070659621,-117.335102660593,7.11673757892541,6.25918369868963,-3.16571366780255,4.21853298035573,-46.3565833431732,132.727735124459,884.75422323063,0.182242078105053,-0.0095125414458952,0,0,0
51.915,-12.5093999628479,93.8352584246047,115.338768143141,-41.6441531863655,170.066501842772,185.036922150384,-21.7585333120431,-148.201046358015,-153.617824577851,-78.2414012543776,-255.387051147622,-312.742636132571,1.86100112244913,9.15022996266123,0.389336957647789,10.3760401158783,5.82103477472953,-105.51477096403,-2.75307397811635,11.3301077198093,-0.163879612151984,3.88463074701444,11.2467703567813,62.8248096678891,-1.46871435563331,11.0690625283001,1.12781091001787,-7.00960259335861,5.7400155023129,-75.502649168376,3.49915604915875,8.66387044947709,0.675668119921735,22.8221041880482,-33.0199407407954,142.224131431974,-6.93238434483237,3.91286218958308,-0.773484986729061,36.9684873878641,15.6212635828159,-106.126419991931,8.13737548788995,5.33392404456431,-3.21785741635235,8.59497687827328,-43.1806711876308,137.708570363991,858.781354279105,0.182786273749422,-0.0094215725858362,0,0,0
51.92,-12.0626744123394,89.3451101016575,110.738002982616,-40.8110656369146,166.617509890094,182.002763655134,-22.4945688003736,-147.207097666018,-152.265305479286,-79.4479953630586,-241.318821736074,-301.263146446683,1.89589258968515,8.98964798371466,0.360607387973734,10.8070547496936,6.24939840230064,-102.597895664839,-2.51084158746834,11.162697634863,-0.178505770106036,4.09404202814305,11.7948588388751,62.282832504658,-1.54245024732824,10.9339504005072,0.989781558518103,-8.47722866433709,5.27830479349139,-80.5938953976249,3.51515489777884,8.45145862213709,0.574989479348879,23.9070460476247,-34.2505340136913,139.678671611504,-6.53059620876717,3.75624659216271,-0.723825866008463,38.0407980041618,17.2364793088758,-94.4320113848134,9.04661431839718,4.44354386106208,-3.26202654244518,13.3998776814814,-39.6536885463195,141.99804788483,832.181143829165,0.183309807423307,-0.00940729605518076,0,0,0
51.925,-11.637537253269,85.0274318141429,106.072193796626,-39.9953250033437,163.148126714338,178.820441210462,-23.2257606293876,-146.238365802934,-150.992028367509,-80.5825233713688,-226.905601662243,-289.078294360284,1.93526864102312,8.81921220109132,0.33659403630554,11.2061219975822,6.55070165822167,-99.7577742087495,-2.29677098900299,10.9668788072059,-0.185008969400915,4.37366799405181,12.2225288495734,61.6548201183978,-1.64698095442777,10.7871967141992,0.861848652335408,-9.72136818969354,4.81181936578855,-85.4108749383236,3.52661742913166,8.22752425398003,0.476660942557841,24.9126995633456,-35.4083245064806,137.238790245067,-6.14311177469345,3.61869139375219,-0.669832258270358,39.0000333165882,18.7877532022559,-82.3228007507436,9.84624677099946,3.60141202062751,-3.29655532756999,18.6128116896127,-35.7974321502919,145.703469063313,805.178096131741,0.183813977092893,-0.00946470739697869,0,0,0
51.93,-11.2329181145562,80.9238277425331,101.393470637219,-39.1969220185049,159.680596967666,175.520479754019,-23.9521414000453,-145.276154131458,-149.793662908675,-81.6436193822922,-212.219202184581,-276.263486709571,1.9775681636397,8.63913854977845,0.317804522998564,11.5704393927433,6.72192014714563,-97.0181179080132,-2.11164938387461,10.7443174182317,-0.181223387299163,4.71774254029757,12.5231576608713,60.9380976488759,-1.78035819911737,10.6282619108635,0.74891319183673,-10.7169468176545,4.3550656632605,-89.9000851040351,3.53298362192897,7.99327036935123,0.382172951167043,25.8377842640766,-36.48359668868,134.903966440029,-5.77144017296365,3.49721045829975,-0.611840444526396,39.8451837631577,20.2643955732224,-69.8687616383834,10.5405584381168,2.81988499063727,-3.31968475950042,24.2056603496985,-31.638853110154,148.936336288512,777.99583409932,0.184304209747184,-0.00957426243568804,0,0,0
51.935,-10.8475636324401,77.0708964231797,96.7534014104177,-38.4157482511303,156.234753474847,172.132007305392,-24.6736447324837,-144.300666487614,-148.661915631441,-82.6302529688953,-197.326717320526,-262.895652111068,2.02117125175333,8.44989267561933,0.304632100515166,11.8965175109841,6.76138559633408,-94.3998932950891,-1.95307709251733,10.4992071343673,-0.165491490291295,5.11906836197824,12.6910281151664,60.1302454324313,-1.93691284214976,10.4583689842524,0.655135995588744,-11.4441303602441,3.91978333474526,-94.0101794895299,3.53375540546182,7.75019869275309,0.292934486589014,26.6815665073478,-37.4693235244348,132.670618334417,-5.41652229250234,3.38925445007622,-0.550173293187336,40.5778159257446,21.6563970199731,-57.1377092783208,11.1358015373404,2.10953523834955,-3.32968021949916,30.1426832266456,-27.2098911898094,151.810007470668,750.810029786825,0.1847877954875,-0.00971442206152329,0,0,0
51.94,-10.4800656794887,73.4995905903347,92.2019780912001,-37.6516089454692,152.827861132361,168.682506118407,-25.3901029646347,-143.291646430329,-147.585040087289,-83.5417004932275,-182.289504866601,-249.051884665506,2.06442465294859,8.25219385243117,0.297332424297912,12.1804591600627,6.66884007873564,-91.9210402200934,-1.81817495194154,10.2358743256022,-0.13676173965778,5.56926865175221,12.7216233308974,59.2292441471369,-2.11050048496703,10.2788248481698,0.583764933072205,-11.8887518043866,3.5147019238847,-97.6927734260565,3.5285157114651,7.50005629872062,0.210222958861631,27.4438598174895,-38.3610804152853,130.532257850466,-5.07896519154694,3.29161991956473,-0.485166385430191,41.2018540191671,22.9547412725046,-44.1942110587531,11.6394102511766,1.47783263506159,-3.32498934372951,36.3807869931223,-22.5471387858396,154.437415551056,723.716786733447,0.185270512955567,-0.00986623298979161,0,0,0
51.945,-10.1288921039741,70.2347151028924,87.7866423573019,-36.9042364476472,149.474499564315,165.197579780132,-26.1012479254367,-142.228992160321,-146.548403967955,-84.3775121812606,-167.162337606524,-234.808103408776,2.10566854808291,8.04700822214349,0.296005205423846,12.418270803323,6.44548699019558,-89.5962713243664,-1.70533914345935,9.95744788874945,-0.0946498093224083,6.05907931890856,12.6119143268037,58.2335797120669,-2.29651843173669,10.0900361612806,0.537021559090446,-12.0425875675118,3.14545282811481,-100.90319237788,3.51694298432818,7.24477471180739,0.135139767351792,28.1250313730732,-39.1568859128172,128.47968629232,-4.7590185735507,3.20073301302089,-0.417198103071972,41.7232917682948,24.1516558719283,-31.0986378512466,12.0596690966132,0.929283104026642,-3.30432999586072,42.8699833534402,-17.6913178836177,156.928887359933,696.740587293918,0.185755858607301,-0.0100175147467789,0,0,0
51.95,-9.79241923481663,67.2945738314575,83.5513746636701,-36.1733040012412,146.186489281134,161.700739915728,-26.806714590861,-141.093333084802,-145.535096310796,-85.1374759223084,-151.992748209479,-220.23776183882,2.14326438995512,7.83553116799787,0.300582111624005,12.6061847150353,6.09403576747993,-87.4369527108852,-1.61316309761082,9.66685263904833,-0.039456684985341,6.57866566794474,12.3606244416612,57.142312538797,-2.49075338009259,9.89235743680147,0.516030741230394,-11.9034887653002,2.81463075558912,-103.601147940716,3.49882117431068,6.98640408518919,0.0685736409776303,28.7260151641097,-39.8569749288981,126.501233190921,-4.45655896097318,3.11318035155734,-0.346718828912785,42.14984746236,25.2407983907432,-17.9063751190811,12.4054846646807,0.465919900784715,-3.26674529727052,49.5540263689533,-12.6865670442616,159.3900904735,669.877493459472,0.186246547324566,-0.0101617655936765,0,0,0
51.955,-9.46896537143691,64.6907726760029,79.5358689597054,-35.4584396741394,142.972865420494,158.213216752271,-27.5060473693895,-139.866555705812,-144.526557705685,-85.821578856243,-136.820586787061,-205.410640981369,2.17562349222299,7.6191594275686,0.310821864099199,12.7409705879068,5.61873577081476,-85.4510633777081,-1.54013950686157,9.36706285009555,0.0278514691957513,7.11794721773812,11.9684550614993,55.955117209999,-2.68913436736025,9.68636665666869,0.520813540224222,-11.4753744566508,2.5219911196052,-105.751328534944,3.47404548251521,6.72704527036981,0.0111733353095753,29.2483312258307,-40.463511747903,124.583039603943,-4.17115800070663,3.02581963643241,-0.274272062609112,42.4905751218695,26.2173791344159,-4.66720914297572,12.6860455134577,0.087502366469193,-3.21164845524106,56.3712172266376,-7.57955030182002,161.920130536474,643.136041737228,0.186744706679681,-0.0102951638838196,0,0,0
51.96,-9.15682446102523,62.4281820823054,75.7748128748287,-34.759240162796,139.839902268595,154.753798157384,-28.1987087117025,-138.532268462531,-143.503216665426,-86.4299678814583,-121.677805042998,-190.391757727485,2.20123601759855,7.39945430354292,0.326312981196606,12.8202169343045,5.02539375318514,-83.6432291789666,-1.48470636111039,9.06105641923078,0.105699413718707,7.66691501226077,11.438258774939,54.6722994648839,-2.88785785906331,9.47288577464975,0.550340362879445,-10.7680940543444,2.26476325393075,-107.323894602553,3.44262431764874,6.46878262445686,-0.036669352617295,29.6941092067783,-40.9802516450718,122.709385495343,-3.90215452200297,2.93587073197677,-0.200507491639968,42.7554446362347,27.0782238534044,8.57509997094149,12.9105149236173,-0.20821272445569,-3.13883820997816,63.2553618617572,-2.41841422382153,164.609815311121,616.555139870782,0.187250854859026,-0.0104187476293127,0,0,0
51.965,-8.85429916824394,60.505058556226,72.2972903502611,-34.0752842095217,136.79119065479,151.338701882723,-28.8840896982098,-137.076197301406,-142.445116004519,-86.9629102589858,-106.588475505441,-175.240417628405,2.21869998304389,7.1780979736608,0.346484122882137,12.8425654351626,4.32136899377795,-82.014825754435,-1.44528279174874,8.75176927667161,0.191990551348136,8.21592724950923,10.7751485520976,53.294797513918,-3.08348317877979,9.25298254310883,0.602635438157694,-9.79716572472786,2.03805445466642,-108.294871022012,3.40467807400302,6.2136202850963,-0.0748259142355535,30.0661134261685,-41.4121613072881,120.863058958745,-3.64872673479964,2.84099971129229,-0.126184448388237,42.9549035517289,27.8217819253327,21.7830505745156,13.0877626398332,-0.425135328842484,-3.04848398540989,70.1368638098333,2.7483679716036,167.540096003289,590.200617135704,0.187762274591609,-0.0105377295070506,0,0,0
51.97,-8.55973256377883,58.9133208930768,69.1263204661778,-33.4061453642937,133.827769045723,147.981485600538,-29.5615222281439,-135.486505986943,-141.332514147843,-87.4207555019699,-91.5690485968932,-160.009438030884,2.22674987537196,6.95684538591058,0.370621543450675,12.8078851511125,3.51554052076316,-80.564144006736,-1.42029545451732,8.44205089632506,0.284219704598179,8.75597119499472,9.98653474564141,51.8241742421442,-3.27299706980866,9.02795477009294,0.674922874993565,-8.58339715469485,1.83531689791502,-108.646432474612,3.36043545606575,5.96342439025457,-0.10342703864308,30.3677656295633,-41.7650094972748,119.025763023161,-3.40996371652175,2.7393923478039,-0.0521648857880983,43.0994329858859,28.44808680821,34.9254329634177,13.2261328837242,-0.568464924420057,-2.94108351432888,76.9439310652232,7.87321641089248,170.780691706502,564.161003435877,0.18827236105733,-0.0106625440857986,0,0,0
51.975,-8.27153769735849,57.6389732840379,66.278542698635,-32.7514038253452,130.948307789649,144.692998926179,-30.2302924150761,-133.75403738637,-140.146447711441,-87.8038997237167,-76.6288443493244,-144.744563456114,2.22428442567773,6.73747451591424,0.397892765456195,12.7173779194053,2.61824182133814,-79.2866112339831,-1.4081969357199,8.13462204744954,0.379603249648479,9.27888199460438,9.08208542013401,50.2626058916092,-3.45384841914917,8.79929942685848,0.763802775199155,-7.15239494792661,1.64884853465723,-108.367080562916,3.3102281475384,5.71987334950929,-0.122848843017796,30.6031609656688,-42.0449404352699,117.178553715157,-3.18493524217144,2.62981379034974,0.020604163518812,43.1991099247376,28.9586764205896,47.9771639489405,13.3332440845445,-0.644293550520408,-2.81739834324991,83.6038716978072,12.9106733717034,174.388899533904,538.551548872061,0.188771596785834,-0.0108066462549301,0,0,0
51.98,-7.98822437677774,56.6626641162016,63.7640551388593,-32.1106571030293,128.149344463283,141.481380982398,-30.8896547854978,-131.872474084456,-138.869243401245,-88.112753571152,-61.770769487125,-129.484090553835,2.21039301037113,6.52173784165373,0.42737523446685,12.5736109550632,1.64115986149167,-78.1750608235637,-1.40747814715559,7.83203613892347,0.475218325082926,9.77751197868133,8.07360940604784,48.6128714731271,-3.62395615827902,8.56867002740398,0.865444981459917,-5.53396928983091,1.47030009984723,-107.451714477194,3.25448463316709,5.48441780507004,-0.133690615599699,30.7770723563427,-42.2580431049533,115.302301098239,-2.9727588307722,2.51165164923639,0.0911178470353337,43.2631878686797,29.3564815787662,60.9189265190352,13.4158153556737,-0.659208444019776,-2.67837467988882,90.0444490419142,17.818583225703,178.408591449883,513.519734359312,0.189251732041758,-0.0109838805879647,0,0,0
51.985,-7.7084225464738,55.9603660607589,61.5864084126196,-31.4835292696453,125.425566676734,138.352106200667,-31.5388468792776,-129.838418755893,-137.484969195541,-88.34771479398,-46.9922445655741,-114.258714894814,2.18438005097145,6.31131775454627,0.458088424870318,12.3804772815872,0.597196899729883,-77.2200433458581,-1.41667686243595,7.53664561848273,0.568142824577645,10.2458471519734,6.97486520484471,46.8783455958482,-3.7816949189204,8.3378263294792,0.975788041791836,-3.76144140488648,1.29116321772656,-105.901599755551,3.19372392324785,5.25825137970446,-0.136745641851378,30.8949384832826,-42.4099300346507,113.378163329023,-2.77266263827545,2.38494040204448,0.158348857882349,43.2997073479767,29.6456908289112,73.7366228394256,13.4795155079365,-0.619910925394976,-2.52505839262176,96.1952640451855,22.5591678888832,182.869398991281,489.242520609361,0.189708333448984,-0.0112028268178461,0,0,0
51.99,-7.43090174678936,55.5041599368609,59.7427542286947,-30.8696785844275,122.770137043515,135.30807999239,-32.1771038631697,-127.65139677835,-135.97981684835,-88.5091463943211,-32.286320068207,-99.0916064039101,2.14578671395562,6.10778829221138,0.489027698842238,12.1430888210659,-0.499704699054864,-76.410171847464,-1.43438609112129,7.25057770105246,0.65558841177494,10.6790705890868,5.80130217736113,45.0629957677797,-3.92586566083239,8.10858342818641,1.09073228726061,-1.87086276623685,1.1032188611095,-103.724242030509,3.12854982076748,5.04229272922984,-0.132966948581009,30.9628311358511,-42.5053390031489,111.388062500751,-2.58404255845796,2.25036584318,0.221288540419156,43.3151471574112,29.8316000796415,86.4206531805673,13.5288319879007,-0.53286539913287,-2.35851348890243,101.989130209619,27.0999484171976,187.786088725307,465.910102055996,0.190142576911056,-0.0114645213863973,0,0,0
51.995,-7.15458623695771,55.2631019663798,58.2241437266387,-30.268803317828,120.17505331999,132.349784684127,-32.8036727905316,-125.3137854725,-134.342409915585,-88.597361169145,-17.6429549647811,-83.9987145001541,2.09440919489085,5.91258508446727,0.519198212857427,11.8676105536639,-1.63477277240519,-75.7324940697594,-1.45928796643638,6.97576351284091,0.735019867126103,11.0735752246745,4.56974318018311,43.1713836522608,-4.05568173816996,7.88280624252129,1.20632417443766,0.0998428974288572,0.898930590867171,-100.933174500861,3.05964624138499,4.83717883935163,-0.123429918585776,30.9873986951534,-42.5477705573532,109.31515027984,-2.40651164182552,2.10924918514151,0.278990759084401,43.3141262216084,29.9204554730825,98.9650377282993,13.5669591667787,-0.403989659064979,-2.17975304327362,107.363405505511,31.4144731292418,193.1581339511,443.70581107942,0.190560487662255,-0.0117604571368899,0,0,0
52,-6.87856547865622,55.2041516602703,57.0159671437416,-29.6806456421502,117.631535135517,129.475474725187,-33.4178261708011,-122.830676053829,-132.564033708112,-88.6126133010091,-3.05042637282171,-68.9892981280283,2.03031291163907,5.72698479978311,0.547647304423974,11.5610469634867,-2.79264736733241,-75.1728841927893,-1.49014806117963,6.7139095777697,0.8042550525307,11.4269309010444,3.29801990000529,41.2086683946745,-4.17071169376861,7.6623415386789,1.31890506381849,2.11180101861588,0.671772496027326,-97.5476691260918,2.98777396606575,4.64326897175865,-0.109293711180565,30.9757840361313,-42.5391732296732,107.144251118061,-2.23993975456952,1.96351130566844,0.330615154415424,43.2991647964245,29.9192979636606,111.366402580288,13.5957074871976,-0.238395261380072,-1.98969037457958,112.261245622448,35.4828247911478,198.969491207868,422.788638183253,0.190970543133937,-0.0120778670367647,0,0,0
52.005,-6.60209979935481,55.2931358602524,56.098522846063,-29.1049935054705,115.130427335882,126.681418681431,-34.0188745493515,-120.20967571003,-130.638785758594,-88.5550974745213,11.5031652975544,-54.0666699714433,1.95384201486314,5.5520947178101,0.573494035417914,11.2309939217203,-3.95764966042048,-74.7164465354866,-1.52574320536535,6.46635195851147,0.861541707918657,11.7378124081403,2.00457353403572,39.1806090713979,-4.27074855472727,7.44883551720977,1.42520875361257,4.12615405653119,0.416487076527424,-93.5923820987714,2.91376907239045,4.46065820759753,-0.091763295895939,30.9355169939685,-42.4796869576084,104.86227114308,-2.0844813194219,1.81561845910874,0.375466267355171,43.2705122739636,29.8358180506221,123.622855457042,13.615436738897,-0.0401845973344092,-1.78911644140613,116.632743933358,39.2918927799061,205.188592942172,403.284405063056,0.191380585416048,-0.0124011728089997,0,0,0
52.01,-6.32462118179844,55.4957235113257,55.4477005492755,-28.5416804610276,112.662608888674,123.962183975295,-34.6061778401886,-117.460658167528,-128.563647490369,-88.4249558000753,26.0283348892168,-39.2291383755838,1.86562372882998,5.38885238617753,0.595954885295815,10.8853701751749,-5.1140718724251,-74.3479234473051,-1.56489479223628,6.23409135620098,0.905609081254677,12.0058965531968,0.708034180617681,37.0935626302992,-4.35578415459984,7.24373130166114,1.52245472634281,6.10505546431997,0.129273051488024,-89.096943958589,2.83854313734527,4.28919918876115,-0.0720536815896171,30.8743835948995,-42.3674535082854,102.458561674222,-1.94058904908189,1.66851147299243,0.413025144238312,43.2260472595799,29.6782289235061,135.732780645664,13.6250178869587,0.187690546453196,-1.57870712821826,120.435925589681,42.835409532412,211.768569554112,385.287395727188,0.191795066331675,-0.0127203472269146,0,0,0
52.015,-6.04572925378138,55.7783856033833,55.0357606833087,-27.9905834829227,110.21939562092,121.31095878025,-35.1791551987426,-114.595471710734,-126.338479733884,-88.2222926168349,40.53263664806,-24.4711249964217,1.7665671459184,5.23803469248335,0.614364946715127,10.532142737676,-6.24648135028633,-74.0520994141708,-1.6065642002045,6.01795574326174,0.935693669829671,12.2317370029611,-0.573207587681385,34.9544734120349,-4.42605978505342,7.04838854968833,1.60842731876809,8.01266612144259,-0.192093085396872,-84.0955038946049,2.76308512790903,4.12853044458582,-0.0513576145980812,30.8002763092598,-42.1985007805067,99.9252276379507,-1.80901183828919,1.52552098427641,0.442970441576206,43.1612539208471,29.4551657966733,147.693586298716,13.6218282322022,0.4435057700384,-1.35906153343193,123.637566166368,46.1137627863539,218.647714419352,368.869048513524,0.192214872065173,-0.0130278615155213,0,0,0
52.02,-5.7651826769223,56.1093153717873,54.8321894250604,-27.4516188591416,107.792924756179,118.719903997042,-35.737293268166,-111.627613884623,-123.965946492373,-87.9471970282545,55.0191177160488,-9.78443108385111,1.65785621052549,5.10027513634105,0.628194335940645,10.1790598169838,-7.34003128049144,-73.8141931913815,-1.6498561981494,5.81861710584657,0.951540324391632,12.4166257724364,-1.82142387740277,32.7708504488679,-4.48203239431907,6.86406227525288,1.68149663840232,9.81612662785591,-0.548195212832877,-78.6262366268023,2.68846471704849,3.9781096263125,-0.0308176649084925,30.7210314529282,-41.966705776571,97.2573728873458,-1.69077544831247,1.39027159870743,0.465186716749106,43.0692769609442,29.1756182831122,159.50044025971,13.6017841913809,0.726774494012876,-1.13076976658585,126.213809158436,49.1336050860948,225.750203997622,354.08868493576,0.192638946894032,-0.0133193403808072,0,0,0
52.025,-5.48288625074609,56.4592852352933,54.8046070237076,-26.9247363126193,105.376509304538,116.18052689875,-36.2801526786899,-108.571882104871,-121.451372867246,-87.5997728005849,69.4848455339929,4.84037929247576,1.54093674202231,4.97608765456156,0.637059840756667,9.83340357532835,-8.38076999561537,-73.6202296115896,-1.6940019763005,5.63657663086854,0.953380927000916,12.5624498586718,-3.01995503848212,30.5507292001946,-4.52432552796418,6.69185655938377,1.74060383513519,11.4864765324554,-0.937967325590105,-72.7308191094625,2.61583661439509,3.83725004965516,-0.0115032803420707,30.6442613346047,-41.6638388700986,94.4532764235084,-1.58714530335945,1.26657796748483,0.479758483082811,42.941056005637,28.8489011275443,171.145032897817,13.5594147255789,1.03819180310953,-0.89450634139915,128.150561472432,51.9072890910841,232.987081715539,340.993211509401,0.193064903446949,-0.0135835020352886,0,0,0
52.03,-5.19887415592768,56.8024189636513,54.919705745233,-26.4099115582693,102.964950869946,113.684066896674,-36.8073727244799,-105.444009157952,-118.802544282733,-87.180175032868,83.9195535433217,19.4125147279039,1.41749745384637,4.86589505677674,0.640732044401187,9.5017731416715,-9.35594060099035,-73.4573826613493,-1.73836698623714,5.47220199947225,0.941893769926716,12.6715507280582,-4.15358645838624,28.3026151584058,-4.55371491013568,6.53273349956678,1.7852293954557,12.9994903140872,-1.35872630137368,-66.4538834807706,2.5464453947848,3.70515914028262,0.00560688240795865,30.577189614937,-41.2796897894551,91.514495590466,-1.49957160125737,1.15833567506211,0.486949660336883,42.7655387336524,28.4846663319052,182.614406822076,13.4879765977302,1.37951297653938,-0.651143206733489,129.44365211925,54.4521612140085,240.257509218641,329.607361763438,0.193490343621616,-0.0138058942474739,0,0,0
52.035,-4.91328985584705,57.1168600161786,55.1441931130863,-25.9071375564343,100.554800367099,111.221883007892,-37.3186741849021,-102.260292084534,-116.029455080744,-86.6886527908562,98.304448402463,33.9394495544729,1.28944502011247,4.77005998025265,0.639138277668161,9.18990599674483,-10.2542627450195,-73.3142815364066,-1.78245549753361,5.32576966171422,0.91814773910447,12.7465932531162,-5.20888687669612,26.0354077781288,-4.57111923952267,6.38753169169967,1.81534227294888,14.3364001617225,-1.80623953486453,-59.8424524438131,2.48163022156599,3.58097763902271,0.0196372386523145,30.5264984581014,-40.8022735278723,88.4458942820599,-1.42961797162648,1.06940955859142,0.48716917598612,42.5299707001379,28.0929565823274,193.889893629952,13.3796104464758,1.75336965209812,-0.401874886812637,130.098746816139,56.7897472807248,247.450282303082,319.917302759089,0.193910214255717,-0.0139702088646336,0,0,0
52.04,-4.62636325734978,57.3853196994242,55.44571613329,-25.4164147690809,98.1445574706366,108.785832047551,-37.8138602961792,-99.0372222553722,-113.144015184234,-86.1255966920728,112.611219756612,48.4254157714619,1.15887333699671,4.68891627125128,0.632361793886454,8.90254328951817,-11.0661887825425,-73.1812717287348,-1.82590970960688,5.19750813285981,0.883535667052146,12.7904493416378,-6.17450024058607,23.7583043529886,-4.57759269973913,6.25699048568267,1.83133529778083,15.4844775004308,-2.27482035261723,-52.9453637221593,2.42282875888093,3.46381869499289,0.0298222212188287,30.498195368662,-40.2181122336628,85.2555959274304,-1.3788760222248,1.00352170838398,0.480924591051427,42.2202584461672,27.6842959765589,204.946196872367,13.2255344036886,2.163028440896,-0.148347076807551,130.131019945313,58.9448626614392,254.445601833776,311.860850937612,0.194314955421816,-0.0140705558365593,0,0,0
52.045,-4.33838579899243,57.5954916714418,55.7937428425182,-24.93774076248,95.7348013201241,106.368626363257,-38.29281591453,-95.7911236701001,-110.159723856391,-85.491590240079,126.801290398695,62.8699366037819,1.02802725343586,4.62279883423242,0.620637562971045,8.64334199864225,-11.7841272483505,-73.0506238293704,-1.8685026649408,5.08763999512048,0.839701261848541,12.8060999873604,-7.0413849511155,21.4806846805564,-4.5743166924672,6.14177765320422,1.83395264147398,16.4374486406097,-2.75744565436823,-45.812691356353,2.37157942864412,3.35280620799352,0.0355081179810667,30.4975061746488,-39.5125870947595,81.9548624567782,-1.34886922331517,0.9641410302233,0.468766677269546,41.8214010705217,27.2698095482239,215.750658081117,13.0162699544426,2.61209889898077,0.107220755332609,129.564594512669,60.9446760559325,261.11708255757,305.335215439747,0.194688660399352,-0.0141176407773305,0,0,0
52.05,-4.04968418718622,57.740322361295,56.1603787564553,-24.471099527518,93.328246992478,103.964160100465,-38.7555049430214,-92.5378056983678,-107.09131963294,-84.7874635384075,140.825340334436,77.2664449986709,0.899261214949327,4.57207023641775,0.604345054627926,8.41483431843382,-12.4026273345986,-72.9166837128285,-1.91012475561671,4.99642039354925,0.788463759716752,12.7965578858911,-7.80299608538632,19.2119785216722,-4.56258858710703,6.04251805924077,1.82421481583197,17.1957245225075,-3.24589206256929,-38.495173192346,2.32952100578534,3.24711194939489,0.0361502353616679,30.5287985788918,-38.6703523752974,78.5579016133211,-1.34095061885698,0.954375996352041,0.451228816306135,41.3179838467524,26.8613583036278,226.262738976131,12.7418932251616,3.1042000710922,0.361928790115186,128.431769276244,62.8177512082048,267.333975133414,300.22580807986,0.195011012900401,-0.014138470957187,0,0,0
52.055,-3.76059353636236,57.8181301647406,56.5210975585845,-24.0164509047424,90.9297245550828,101.567793547776,-39.2019661220895,-89.2922358135846,-103.954415310143,-84.014347874309,154.623132819626,91.6010299088429,0.774993452748276,4.53714267616194,0.583998322213229,8.21843239368888,-12.918518833093,-72.7759591254715,-1.95076419468689,4.92417005176312,0.731743930353664,12.7648111959295,-8.45540766098346,16.9615188988791,-4.54380576731058,5.9598210725977,1.80334604842475,17.7664299090321,-3.73088881060951,-31.043655551801,2.29838839889475,3.14599108483338,0.0313060506989584,30.5955382357316,-37.6758021259619,75.081605951846,-1.35619974762431,0.976872165480004,0.428765882834763,40.6947255493561,26.4716718295534,236.433747907815,12.3923041049682,3.64259731512594,0.612116734746042,126.772059040649,64.5930848337055,272.963569102499,296.444426235446,0.195259982082303,-0.0141608658114789,0,0,0
52.06,-3.47143068731797,57.8325698088499,56.8553675911397,-23.5737205046985,88.5460800087282,99.1765860576735,-39.6323073089558,-86.0682373732175,-100.765126481992,-83.1737295551496,168.123663831792,105.851351703098,0.657656524264377,4.51849427538693,0.560233601782471,8.05447466602445,-13.3310027030128,-72.6271393940811,-1.99048236249232,4.87130116869452,0.671494354429403,12.7137875748508,-8.99737316266469,14.7383851375452,-4.51944385236349,5.8943047430708,1.772707934545,18.1632233027079,-4.20228740403423,-23.5085672660993,2.28000339804586,3.04881574729921,0.0206252347904656,30.7002766282544,-36.5135786747482,71.5452277509557,-1.39532483181525,1.03371626346724,0.401697838026672,39.9370687461926,26.1144564677176,246.206832336724,11.9575056632615,4.22982371755153,0.85332075214308,124.63107867981,66.2991528319532,277.87373714725,293.960572013757,0.195417622693338,-0.0142085945815875,0,0,0
52.065,-3.18246847733073,57.7924419974991,57.1471583299634,-23.1427905045403,86.1860000317203,96.789469355488,-40.0466983949692,-82.8782172027502,-97.5397015982504,-82.2675013113325,181.245648763573,119.98576546038,0.549645147354584,4.51667900242636,0.533794526451404,7.92230868084095,-13.6416880802222,-72.4710469136827,-2.02938537782655,4.83833495377497,0.609636088809649,12.6463363620545,-9.43032340922181,12.5512402063476,-4.49102861248365,5.84661513405018,1.73374210804105,18.4059052125489,-4.64924947625552,-15.9394356595623,2.27625925546131,2.95510627541538,0.00383759935578859,30.8446673520055,-35.1691107804204,67.9699949414649,-1.45857666171539,1.12634908190126,0.37016350799568,39.0317992922771,25.8044541073917,255.517251923734,11.4278871882249,4.86730298831144,1.0802777867989,122.059303804186,67.9629715847276,281.935574199199,292.812277374921,0.195472968446635,-0.0142830291764424,0,0,0
52.07,-2.89391171617369,57.7113522313785,57.385313986338,-22.7234916793761,83.8597650327938,94.4073547053733,-40.4453630328162,-79.7329275693475,-94.294160924586,-81.2980095533616,193.898351594098,133.962687222359,0.453262364135813,4.53232984693514,0.50551495370802,7.82040424052235,-13.8545722442321,-72.310521153215,-2.06759355022448,4.82590997651651,0.548003035876154,12.565225790169,-9.75830151702174,10.4081673573399,-4.46010172552355,5.81743955634452,1.68792342657622,18.5198190996941,-5.06045502035782,-8.38445663042285,2.28909822125723,2.86455964231834,-0.0192598709748834,31.0295050033674,-33.6291682576145,64.37867405295,-1.54568804264552,1.2554376180781,0.334089558453257,37.9676775941945,25.5574253771205,264.292938858878,10.7944769669144,5.55494848441343,1.28698741177556,119.110741640366,69.6091780158404,285.026079180408,293.097850462187,0.195424639636417,-0.0143725465689863,0,0,0
52.075,-2.60587558429423,57.6072263758632,57.5637846216987,-22.3155969919877,81.5789374776438,92.0331693481225,-40.8285693675745,-76.6412669516291,-91.0439511826736,-80.2680957902185,205.982752628497,147.730233510638,0.370665134827547,4.5661551428516,0.476299338500282,7.74649023789028,-13.975960913504,-72.1502380254963,-2.10521052992115,4.8347809199614,0.488294621150933,12.473151412971,-9.98783536903992,8.31651131348962,-4.42818108206866,5.80751277362136,1.63672397819152,18.5350562615727,-5.42433321856548,-0.890129802205457,2.32048154959435,2.77707445458554,-0.048815713600304,31.2547789816864,-31.8824189366761,60.7950871296402,-1.6559080302446,1.42036061279916,0.29317757254853,36.7360600429397,25.3900319594845,272.455343674216,10.0489570190369,6.2904689718237,1.46684525657659,115.841545276215,71.2591319967631,287.030822743811,294.954967418729,0.195280994763628,-0.0144507177382991,0,0,0
52.08,-2.31836711415817,57.5016940272642,57.6817086175892,-21.9188170184625,79.3559947051226,89.6718197974748,-41.1966199863641,-73.6101237579818,-87.8036220691672,-79.1811305834615,217.393041351609,161.226158599846,0.303810512619234,4.61892816896405,0.447100579501611,7.69770830054615,-14.0143273429671,-71.9964695176992,-2.1422939848018,4.86580771959556,0.43203681525467,12.3727515588431,-10.1277487686669,6.28272933093967,-4.39671678452967,5.81761554931637,1.58158720512543,18.4854828512963,-5.7293174487323,6.49903210766156,2.37235196149724,2.69277170929386,-0.0849352586109579,31.5197333825374,-29.9199730130249,57.2435906039239,-1.78800118747935,1.61936755068015,0.24691847331249,35.3314846871222,25.3195963566756,279.92055624362,9.18400144647303,7.06930630463968,1.61284064940906,112.308603457227,72.930047877784,287.846541467491,298.53137421563,0.195058286079368,-0.0144835443201181,0,0,0
52.085,-2.03127034434168,57.4193539632688,57.7433439375599,-21.5327974311379,77.2039174648742,87.3300819039611,-41.5498413203899,-70.6442668051289,-84.5865303149731,-78.0410385270651,228.01841127916,174.378107257833,0.25440357966248,4.6914703477889,0.418895336428027,7.67077645314493,-13.9801100897863,-71.8567903930477,-2.17882949722245,4.91993542490816,0.380551137359525,12.2666255338483,-10.1889134365068,4.31225740663802,-4.36704427367453,5.84856518007148,1.52391067405796,18.4076138691031,-5.96412484238733,13.7407129569204,2.44658905088179,2.61201030127084,-0.127689413304484,31.8229239720512,-27.7358992095115,53.7485252761493,-1.94006768205131,1.85068499755223,0.194632926295239,33.7521913013005,25.3637239601208,286.600683250764,8.194191846681,7.88540422722861,1.71779878269866,108.568136990307,74.6341679966585,287.383597576023,303.952721537269,0.194777147410949,-0.014440114070382,0,0,0
52.09,-1.74433564985574,57.3869388971591,57.7578492704338,-21.1571186955583,75.1357471158719,85.0164199882248,-41.888572750064,-67.7462859347892,-81.4045764510836,-76.8523129064535,237.7451241222,187.104193037885,0.223848302888615,4.78462851012576,0.392656970815999,7.66215630426142,-13.8854509573796,-71.7397404474559,-2.2147090903877,4.99816542726871,0.334931049228784,12.1573504769701,-10.1839452010731,2.40939672454292,-4.34033615771816,5.90119790241916,1.46503552422513,18.3393649795023,-6.11805912668666,20.794917983032,2.54495862139833,2.53539613311695,-0.177120028488261,32.1622640910808,-25.3276967702269,50.3336478280972,-2.10956265228182,2.11232355985631,0.135535888380175,32.0005432188132,25.5397817067585,292.405455381483,7.07621918970492,8.73094549922043,1.77471150669979,104.674331897001,76.3779990560597,285.568243406861,311.28981915146,0.194457315227443,-0.014294537219576,0,0,0
52.095,-1.45717365341718,57.4323992877642,57.738919774776,-20.791298067025,73.1641257067371,82.7407397264128,-42.2131556782398,-64.9165856352092,-78.2679789844296,-75.6200188992783,246.458801435255,199.313903889409,0.213202382092495,4.89924679873313,0.369326490199477,7.66821774657576,-13.7438764273296,-71.6544520966579,-2.24971538598492,5.10151894803255,0.296025073823311,12.0474931765767,-10.1268490758883,0.577225123818969,-4.31755434679948,5.97634326348996,1.40624037807299,18.3187181144979,-6.18133350665039,27.6240129230933,2.66905742152716,2.46378365358342,-0.233241087727201,32.5350532389416,-22.6967071761186,47.0215556296568,-2.29352652612067,2.40128997218896,0.0688251115409665,30.0833174461127,25.8642395717705,297.244030132948,5.82864729884186,9.59572078441342,1.7771477796645,100.678039140528,78.1616410472218,282.344631563234,320.541157514954,0.194113438645609,-0.0140395315731734,0,0,0
52.1,-1.16925401364455,57.5839279544958,57.7042856696112,-20.4347938977843,71.3008338480923,80.5140817514384,-42.5239228478597,-62.153433923964,-75.185090240855,-74.3497844313664,254.046893582248,210.90932803251,0.223137035379359,5.03613386535611,0.349782150516065,7.68539578532607,-13.5699277504659,-71.6102538621303,-2.28346253440174,5.23101999341073,0.264426166042365,11.9396137620796,-10.0326193339347,-1.18246209618545,-4.29935820412407,6.07482260921848,1.34873667547639,18.3823408056012,-6.14540816245421,34.192679730868,2.82025516923784,2.3982687681583,-0.296035196242435,32.9379848945876,-19.8484496801836,43.8331178630932,-2.48868846925374,2.71375709145003,-0.00621681630590568,28.0118314270912,26.3518948864688,301.026949657884,4.45219513767259,10.4674037012955,1.71968075379649,96.6255712627234,79.9782465021516,277.676515077311,331.639585608452,0.193752898447904,-0.0136809422710549,0,0,0
52.105,-0.879909270616679,57.8689486056272,57.6750852493525,-20.08701219153,69.5563412509323,78.3482650207512,-42.8211881877089,-59.4530679698864,-72.1622576819394,-73.0477780882163,260.401268630256,221.786683943558,0.253902545957968,5.19602609499885,0.334808654567482,7.71033483543422,-13.3787467374734,-71.6162605806703,-2.31502504428863,5.38783647876491,0.240467604595555,11.8362589624896,-9.91680214592932,-2.86917836658019,-4.28571854781285,6.19763900530926,1.2936583071668,18.5642019000333,-6.00333473917783,40.4677940995237,2.99963607625144,2.34017233538761,-0.3654451568083,33.3671335809715,-16.792865382509,40.7869270455198,-2.69154889575672,3.0453767211615,-0.0901115156931078,25.8018799889804,27.0150138197646,303.668207652793,2.95009037015589,11.3320427789685,1.5983235030134,92.5576274962084,81.8136537323273,271.548586996976,344.486020221766,0.193376682244041,-0.0132394947796604,0,0,0
52.11,-0.588343810035654,58.3130921161752,57.6751269520772,-19.7473152712618,67.9393840536108,76.2554907931037,-43.1052374725127,-56.8098569607266,-69.2037340225927,-71.7206737983014,265.420857982855,231.838129179531,0.305300310455394,5.37954768764016,0.325067134790628,7.74001660703013,-13.1856261288732,-71.6809609320353,-2.34329304912529,5.57302912945086,0.224222473088011,11.7399435433232,-9.79502981395826,-4.48373619583888,-4.27620234780384,6.34568396478421,1.24206092795101,18.8942276700096,-5.75009821122619,46.4182326020694,3.20794225011637,2.29101387375387,-0.441360793683137,33.8179248932554,-13.5444557017323,37.898785754672,-2.89851395218449,3.39142450133347,-0.183072932581539,23.4734647693079,27.8624378475604,305.087375083638,1.3282821883876,12.1745212582776,1.4109522774016,88.5083803294849,83.6462398674822,263.967415584959,358.992721176926,0.192982005731731,-0.0127445137117927,0,0,0
52.115,-0.293647887212899,58.9391845645208,57.7300577956469,-19.415032362769,66.4565816985147,74.2479194572524,-43.3763200804253,-54.2165215824944,-66.3116389386542,-70.3756023409547,269.014291469198,240.953813908513,0.376662080268108,5.58716854667572,0.321067298217998,7.77186850091273,-13.0055351726324,-71.8118122600142,-2.36793791506987,5.78699807680433,0.215508618690627,11.6531195542413,-9.68253704897546,-6.0281998310006,-4.2708373651384,6.51908047848285,1.19493354256177,19.3970422815065,-5.38294488786127,52.014619451302,3.44552135546667,2.25247564058023,-0.523601592523615,34.2850957637838,-10.1223028493801,35.1812436655192,-3.10601856213499,3.74696043216084,-0.284906174681438,21.0503106332496,28.8987140243238,305.2117316226,-0.404369784687964,12.9791198368635,1.15767700663854,84.5047572526059,85.4470367975165,254.961939697243,375.116768651267,0.192564238816227,-0.0122305821475921,0,0,0
52.12,0.00518346628336501,59.7662706993072,57.8664577459891,-19.0894718415513,65.1121042436041,72.3372333850091,-43.6346421213035,-51.664408175681,-63.4859745306597,-69.0200900796133,271.10245226853,249.024136703277,0.466837051429061,5.81916106199966,0.323143220768012,7.80385025187263,-12.8526325892647,-72.0148517670266,-2.3888524149152,6.02975450435764,0.213899532966287,11.5781340940218,-9.59367100195974,-7.50579953947676,-4.26956819815877,6.71752960317383,1.15318016819835,20.0908351579784,-4.90168418992492,57.2290246252004,3.71228077387981,2.22635787844261,-0.611896130049292,34.7626551908065,-6.549962356836,32.6431998155977,-3.31068526389683,4.10701743630759,-0.394927276605227,18.559178535747,30.1233147813098,303.978348132713,-2.23598888533553,13.730200790547,0.841117296141063,80.565950548926,87.1801450136941,244.583498779566,392.875781559239,0.192120254647836,-0.0117312151394042,0,0,0
52.125,0.309226945023505,60.8086957479968,58.1108813462406,-18.7699348476682,63.9073987765798,70.5341993865771,-43.8803611924371,-49.1438142266934,-60.7246959787573,-67.661985670794,271.620881763727,255.942152682857,0.574187413002719,6.07555702556649,0.331434282900357,7.83451739484104,-12.739780321883,-72.2943321001106,-2.40533826241464,6.30130129511794,0.218739819104456,11.517177370617,-9.54140772333756,-8.92080809760172,-4.27146861571492,6.94077442685935,1.11758854128569,20.9863949798099,-4.30895121060215,62.0346264100125,4.00765024656569,2.2145267064178,-0.705859645081456,35.2438576164613,-2.85522088574719,30.289584274294,-3.50951189291158,4.4668167447142,-0.51191355267165,16.029000709511,31.530014495302,301.336065449379,-4.15167365545146,14.4129884644956,0.466545508824362,76.7031846533624,88.8034670559609,232.905383161961,412.346043857818,0.191650347105202,-0.0112736459707357,0,0,0
52.13,0.619603281587918,62.075267312851,58.488869186043,-18.4557299419988,62.8409811338562,68.8482442067544,-44.1135829939153,-46.644360295615,-58.0238379680667,-66.3093758399239,270.521966173872,261.606077729934,0.696592898987747,6.35610607091956,0.345872619037232,7.86306099421278,-12.6780722165456,-72.6523882197162,-2.41639259062425,6.60142200285841,0.229167831375199,11.4722238402725,-9.53688825599566,-10.2783814632415,-4.27498400613108,7.18834285212057,1.08881750031995,22.0863459389545,-3.61041698221106,66.4053523143021,4.33055463805734,2.21885679393991,-0.804971423114425,35.7212017936423,0.93028352780958,28.121132056962,-3.69995978353133,4.8219545901827,-0.634091977067347,13.4898802720933,33.106485387092,297.247316109471,-6.13351551070985,15.0143159341074,0.0418783717655092,72.9197641273987,90.2697647296509,220.021902771074,433.650635399237,0.191160289901415,-0.0108715388588587,0,0,0
52.135,0.937445869496271,63.5685175817283,59.0239525183038,-18.1461884592704,61.9082965457283,67.2870558275688,-44.3343600027892,-44.155401774832,-55.3776964718943,-64.9704916364351,267.776840698015,265.921827523182,0.831464807085222,6.66023717620898,0.366178201334249,7.88932396652683,-12.6763919550869,-73.0887413440631,-2.4209675785205,6.92950096195651,0.244143379829957,11.4449700849136,-9.58898756488826,-11.5843670893025,-4.27816584661187,7.45932684731975,1.0673835256167,23.3846164999909,-2.81493378433908,70.3155128574051,4.67939803293168,2.24117151449083,-0.908553892927012,36.1864671550128,4.77157704556535,26.1342602016348,-3.87999161902758,5.16855902083865,-0.759169626428617,10.9720113959957,34.8341642859394,291.689738563819,-8.16070299679459,15.523324459249,-0.422502565644189,69.2114154233941,91.5280239585624,206.046985720332,456.936130885363,0.190662039271526,-0.0105241661285724,0,0,0
52.14,1.26386629080201,65.2840842611149,59.7366745441778,-17.8406802080113,61.1016502517934,65.8562221767615,-44.5426923630882,-41.6664720597709,-52.7790643444404,-63.6536068720905,263.376952868772,268.805526724554,0.975769860093595,6.98702489824711,0.391862297353757,7.9137952217262,-12.7410141203042,-73.6004447684595,-2.41799326350007,7.28447940751856,0.262479512641612,11.4367737661734,-9.70392892957497,-12.8450848705559,-4.27869958523303,7.75232136148238,1.05364182808262,24.8661644658934,-1.93460368032329,73.7394430228442,5.05205989042565,2.28318365800779,-1.01575543510787,36.6307973785394,8.63099451613262,24.3210564678869,-4.04813620863568,5.50344118361456,-0.884406898669,8.50458614688595,36.6884250759293,284.657537721482,-10.2097848163788,15.9321303794854,-0.914114264312488,65.5669225283642,92.5250899674947,191.112332010302,482.33627877925,0.190171006791577,-0.0102146863558144,0,0,0
52.145,1.5999174235615,67.2102265518632,60.6436516077803,-17.5386291747679,60.4102066486501,64.558917247583,-44.7385310974845,-39.1677468792365,-50.2195178938619,-62.3669306989623,257.335234625515,270.185922029298,1.12606419807964,7.33516209604152,0.422239557585985,7.93758372200546,-12.8752612105926,-74.1816755232745,-2.40639908143295,7.66482078176929,0.282878216409415,11.4485984224216,-9.88495528174134,-14.0670872606528,-4.27394727911141,8.06537159939912,1.04776810403689,26.5069748492288,-0.98475964579882,76.6511663063436,5.44590348296623,2.34643992259924,-1.12553885659257,37.0448371930469,12.4689404865526,22.6693852066906,-4.20352424822788,5.82421415855571,-1.00672957960155,6.11475836054901,38.6390706151361,276.162551302078,-12.2550556871953,16.2363718969827,-1.41890185281402,61.9690410417229,93.20751544702,175.365161168804,509.929132333973,0.189702324089474,-0.00992283932205673,0,0,0
52.15,1.94655487449594,69.3274901869517,61.7566968027574,-17.2395289085394,59.820053245765,63.3956426977306,-44.921783686472,-36.6505177975376,-47.6897501907674,-61.1184964886627,249.686842060141,270.006633041843,1.27853769943164,7.70294093805531,0.456448447695029,7.96237538040018,-13.0792277687355,-74.8235751734873,-2.38513616559288,8.06848609157102,0.303968804528211,11.4809690103573,-10.1320672964001,-15.2569065850486,-4.26100843764638,8.39593137356747,1.04974220459579,28.2743391596863,0.0161499685365946,79.0240963818506,5.85779640639109,2.43227227130238,-1.23667729204348,37.4189238026652,16.2447487758338,21.1631126603182,-4.34552629125224,6.13000868566805,-1.12287446812243,3.82673250080793,40.6511345833682,266.2349882493,-14.2684864322911,16.4360475845632,-1.92191786167783,58.3956585049104,93.5235473427572,158.965605441029,539.701621280711,0.189266573524409,-0.00962255826255287,0,0,0
52.155,2.30459753991555,71.6085330838851,63.0820273338546,-16.942957290071,59.3143236936358,62.3640308107712,-45.0923219931588,-34.1076613373399,-45.1799453406425,-59.9160493255117,240.489432630078,268.228177140128,1.42906873072055,8.08824395269531,0.493479192714723,7.99037646508504,-13.3495806109695,-75.5141425607187,-2.35320053344619,8.49292126637513,0.324347373563715,11.5339429149133,-10.4418359114311,-16.4207989291896,-4.23680009137265,8.74083705879913,1.05933464092644,30.1274164391939,1.0467813922025,80.8307914990791,6.28414263815156,2.54175882054212,-1.34775896976343,37.7433290744466,19.9176173351884,19.7824503202991,-4.47302876646923,6.42252938914004,-1.22955983477018,1.66103614113887,42.6859604095091,254.92381316808,-16.2193386302943,16.5364241924357,-2.40809671501886,54.8211524653256,93.4251654790852,142.08381151495,571.537142954192,0.188868345326606,-0.00930000883850823,0,0,0
52.16,2.67468814269569,74.0181205560948,64.6195754439578,-16.6485904278122,58.8733724518174,61.458712375289,-45.2499924370711,-31.5340887825019,-42.6801863481569,-58.766934517797,229.822961543155,264.829708624754,1.57328931427835,8.48854676571573,0.532207891728526,8.02424780200979,-13.6794415482306,-76.2381809026292,-2.30965726539436,8.93505841902105,0.342615402374404,11.6071006588623,-10.80729446922,-17.5644951069597,-4.1981562486571,9.09630201468093,1.07609643070374,32.0180678563154,2.08322592337152,82.042776784748,6.72092545764274,2.67569624044403,-1.45720185234241,38.0085433546891,23.4475904033855,18.5044110200852,-4.58627450549034,6.70249674500015,-1.32364912393528,-0.365980722593472,44.7025035245888,242.296759134337,-18.0779337597738,16.545404914028,-2.86295304132487,51.2178835657097,92.8700794084082,124.896823211519,605.22806338109,0.188506398608586,-0.00894467178430336,0,0,0
52.165,3.05725462427993,76.5132963168081,66.3624208591312,-16.356215466138,58.474992334802,60.6712506685593,-45.3946282396389,-28.9271605135477,-40.180887570451,-57.6779895591484,217.788991729606,259.810418443129,1.70666057268898,8.90093396731563,0.571435023766392,8.0670345202319,-14.0583561499788,-76.9773013393714,-2.25366562012628,9.39133279789302,0.357415403633044,11.6995597458854,-11.2179130177768,-18.6929700134778,-4.14194574214678,9.45793640556701,1.09935231232612,33.8919480747164,3.09945524054912,82.6304495715444,7.1637604976984,2.83458473491261,-1.56327865968516,38.2055870106854,26.7965561923478,17.3033682205682,-4.68858397963978,6.96712919002994,-1.40230839147578,-2.24239630042942,46.6587867551986,228.439960006817,-19.8188694457898,16.4714750822986,-3.27329623146315,47.5577505613593,91.823589121483,107.58532458581,640.50473691103,0.188176344218675,-0.00855979728478218,0,0,0
52.17,3.45247328788876,79.0437327217254,68.29636056961,-16.0657421398198,58.0946652636201,59.9901404217446,-45.5260634785737,-26.2870477869406,-37.6732411419353,-56.6554419341592,204.509524997733,253.190548498397,1.82455814729951,9.32212926725354,0.609926227582506,8.12209628679443,-14.4723492253517,-77.7099846912379,-2.18450475549256,9.85771702265006,0.367461557901108,11.8100139840147,-11.6596546912251,-19.810242036508,-4.0652060506016,9.82079704493762,1.12819688762147,35.6898281683116,4.06788375428926,82.5630826098719,7.60795821326387,3.01862559799783,-1.66415223027086,38.3263320649415,29.92922581793,16.151704592746,-4.78340844584847,7.21519031429244,-1.46314198574874,-3.96071661951511,48.5134282186865,213.457202259685,-21.4172471650294,16.3269056715334,-3.62798449902108,43.8137289232995,90.260220440623,90.3303270482411,677.066642097807,0.187873152318935,-0.00815415184533386,0,0,0
52.175,3.86023459178346,81.5522607790144,70.3996293992241,-15.7772129594527,57.7058360734752,59.400868484126,-45.6441486003376,-23.6170243528066,-35.1496652062961,-55.7048150588387,190.125375064275,245.011983807017,1.92236707379762,9.74854072833942,0.646453037640923,8.19304285644418,-14.9040650097731,-78.4117028062889,-2.10159937128388,10.3297738972718,0.371563496024621,11.9367992838183,-12.1151117296583,-20.9192140456331,-3.96528910308261,10.1794711336647,1.1614928947904,37.3491168466224,4.96004784054875,81.8089393494487,8.0485950928245,3.22773020542775,-1.75792060177274,38.3638140450579,32.8140581691886,15.0205317211854,-4.87272608703449,7.4488140435074,-1.50429319668728,-5.51764511215175,50.2271573644544,197.468805094654,-22.8474238050543,16.1284385160204,-3.91843765831674,39.9613153911562,88.1650564348793,73.3098851845416,714.609735379513,0.187593895122297,-0.00774660557391371,0,0,0
52.18,4.28011247885308,83.9755774138808,72.6427822579117,-15.4908119632048,57.2801992495515,58.8860309772503,-45.7487669524926,-20.9236704309809,-32.6042403751301,-54.8308444796606,174.794115835525,235.338396309049,1.99558531474514,10.1763214144545,0.679831230662575,8.28367926219818,-15.3329877402322,-79.0551003775896,-2.00454421152926,10.8027286723206,0.368641858805748,12.0779853437732,-12.5637167749558,-22.0215667240288,-3.84001346637183,10.5281964938274,1.19787067001536,38.8055394347242,5.74739904969772,80.3355141773442,8.48059298385702,3.46153821505803,-1.84267063141675,38.3125137196951,35.424096041309,13.880458791732,-4.9581399192535,7.6711125133103,-1.52452603449946,-6.91366222176232,51.7642377770792,180.61014598197,-24.0856811106467,15.8947983137551,-4.1389139356234,35.9798076280208,85.5347010820251,56.6959239420776,752.845079981868,0.187337473507242,-0.00735112480743094,0,0,0
52.185,4.71133810018608,86.2451242665574,74.9887462511074,-15.2068720183921,56.7879889625069,58.4255001086812,-45.8398518146527,-18.216972432004,-30.0331196259257,-54.0374062292881,158.687650074429,224.254925662228,2.0399347853157,10.6014452428811,0.708954599446516,8.39796407378129,-15.7357365131986,-79.6102374487106,-1.89312601515995,11.2715610608235,0.357734936271001,12.2314908725565,-12.9820237026493,-23.1177136227043,-3.68781585491015,10.8610191175402,1.23572802462861,39.9949276283688,6.40220516940004,78.109908349403,8.89880593997309,3.71944184577192,-1.91653846451198,38.1685898475917,37.7376811898637,12.7023847447252,-5.04109448706472,7.88544543136259,-1.52326255944619,-8.1524690172911,53.0937242379661,163.029856692638,-25.1113676495975,15.6453207315788,-4.28661312376437,31.8533604618783,82.3778295139778,40.6512549642812,791.51084840563,0.187105236569921,-0.00698374092121146,0,0,0
52.19,5.1527787450054,88.288128963943,77.3930479559036,-14.9258806997722,56.1982637240291,57.9966325595274,-45.9174033318279,-15.5103034350531,-27.4348959467257,-53.3274589585804,141.989454141671,211.867394523805,2.0514782651648,11.019797186705,0.73282232048415,8.53998286079134,-16.0864271155374,-80.0448919677975,-1.76734124190566,11.7311165818195,0.337996538248559,12.3952181112228,-13.3440514602545,-24.2068253275483,-3.50789377391353,11.1719866116009,1.27323031623102,40.8550677071828,6.8985492385882,75.0993492316975,9.2981139902736,4.00061249624482,-1.97777472451589,37.930047338192,39.7390199340158,11.458285830016,-5.12283414741948,8.09515399355248,-1.50057762500084,-9.240356173323,54.1904950077121,144.887722251633,-25.9075171607815,15.3988798182003,-4.36158101542161,27.5717769528667,78.715299347209,25.3268523713847,830.377543321808,0.186899644650809,-0.00665260255536371,0,0,0
52.195,5.60292272697565,90.0287963940055,79.8042181813104,-14.6484848082581,55.479178302798,57.5745105144446,-45.9815046906744,-12.8202717693048,-24.8109115249931,-52.7030011407451,124.891563566979,198.301068275558,2.02674008462367,11.4272762362526,0.750558591630815,8.7139373537874,-16.3570929191277,-80.3249206775535,-1.62740777512953,12.1762359124133,0.308686212511344,12.5672004733358,-13.6216841641557,-25.286927613063,-3.30033049250251,11.4553735413042,1.30831144834579,41.327550864335,7.2134121923757,71.2718563829091,9.6735231383809,4.30402573952868,-2.02481196116175,37.5968300100067,41.4185763754912,10.1219690519009,-5.2043869967605,8.30330808566408,-1.45715758206096,-10.185559871845,55.0360167243845,126.352322037644,-26.461346892882,15.1728438998183,-4.36643055928908,23.1310121224309,74.579818698997,10.8594485147096,869.247785822416,0.186723444454717,-0.0063600286360801,0,0,0
52.2,6.05987089733725,91.3896340722715,82.1643734220778,-14.3754936226989,54.5982371118013,57.13220599185,-46.0323368307662,-10.1664280183433,-22.1654922491484,-52.1650442833194,107.591371485094,183.698981499531,1.96282794258867,11.8199087145893,0.761423849372738,8.92414886962033,-16.5181569144282,-80.4146753527228,-1.47376885384075,12.6018998907042,0.269153919434688,12.745755199738,-13.7851210051946,-26.3550755297094,-3.06619359943916,11.7059319194602,1.3386778432122,41.3595668622044,7.32781971999859,66.5970530353893,10.020270692025,4.62848093201089,-2.0563316641004,37.1708329615841,42.7732769477658,8.6697618675342,-5.28656907941621,8.5124824738785,-1.39423102700119,-10.9976595763505,55.6188170612777,107.598458456544,-26.7646153874195,14.982126346767,-4.30591931120094,18.5333877129071,70.0151874717198,-2.6305014275367,907.950435922325,0.18657905278133,-0.00610351853038438,0,0,0
52.205,6.52133535882346,92.2928922973264,84.409970008617,-14.1078809976775,53.5225250043382,56.641059157092,-46.0701909523615,-7.57082431907725,-19.5060918105242,-51.7136026970024,90.2883172634912,168.219865388925,1.85755270559379,12.193968680696,0.76481758739465,9.17507246597376,-16.5389474755347,-80.2774699663814,-1.30708773380496,13.0033866689999,0.218822192431985,12.9296311321206,-13.8033702419934,-27.4076021731127,-2.80759922159522,11.9191573433783,1.36181898180586,40.9055816065006,7.22802811223028,61.0471157538822,10.3339346981497,4.97261230577223,-2.07132803267907,36.6558358413989,43.8065175310059,7.08110985120984,-5.37000182214197,8.72457465896897,-1.31348197332743,-11.6870604423959,55.9346578774429,88.8044241761868,-26.8138282222537,14.838390238491,-4.18643534676878,13.7875357724556,65.0751483591175,-15.040450126051,946.326937556172,0.186468853369137,-0.00587260007007906,0,0,0
52.21,6.9846458413697,92.662096509201,86.4727236714266,-13.8467864315547,52.2189132245283,56.0709617411193,-46.0954780719261,-5.05742391292355,-16.8433308071382,-51.3476999680293,73.1805457945678,152.035721318574,1.70954260416254,12.5461012921692,0.760273529781217,9.47131616276404,-16.3882514086757,-79.8760928601015,-1.12823202104004,13.3764363358593,0.157169547996909,13.1181401764806,-13.6447826012497,-28.4404375655719,-2.52773560975355,12.0915587824781,1.37502970235616,39.9288406585285,6.90671736689437,54.5978485355408,10.6105458232938,5.33488943012872,-2.06916568860439,36.0573643570883,44.5279723757261,5.33905689734065,-5.45513509349018,8.94067352629426,-1.21695668903692,-12.2645872342479,55.9864178589787,70.1491637298385,-26.6102893968588,14.7494546558063,-4.01544978416495,8.90810526235618,59.8219018574766,-26.2869617482428,984.204856131395,0.186395799643825,-0.00565457445887052,0,0,0
52.215,7.44676407179151,92.4236460843158,88.2806839047536,-13.5935152312154,50.6542400678356,55.3906375013568,-46.108734889492,-2.65136351317643,-14.1909179840762,-51.0653918741478,56.4616187762833,135.329095665445,1.51834792706855,12.8734441974453,0.747448600809721,9.81765759644287,-16.0348990902286,-79.1733565015078,-0.938247234239118,13.7174171920659,0.0837193459207634,13.3112599031345,-13.2776205907008,-29.4494898061707,-2.23084214531121,12.2209180104936,1.3754508264592,38.4026443378761,6.36415270808893,47.2298604906659,10.8466994953045,5.7136062479893,-2.04962862150251,35.3824925517456,44.953212160399,3.43058682596986,-5.54226884093306,9.16098420235659,-1.10697478416677,-12.7411992561752,55.7837077738976,51.8093892139086,-26.1600044378652,14.7189361730047,-3.80099287093462,3.91527774281266,54.324354487253,-36.3064797324392,1021.35842125592,0.186363442260361,-0.00543448467609231,0,0,0
52.22,7.90430632539855,91.5084507214906,89.7594491610457,-13.3495378934695,48.7954675492243,54.5679127943504,-46.110625270435,-0.378076188598075,-11.5654431070986,-50.8638050850167,40.3173578262536,118.290119357816,1.28453215200205,13.1737413576568,0.726107709464891,10.219048864016,-15.4483778395361,-78.1326760207031,-0.738319894360982,14.0234868788981,-0.00196166498269103,13.5096941780804,-12.6706613511369,-30.4310775818596,-1.92214272571384,12.3065233956144,1.36013552631736,36.311346024992,5.60926820688098,38.9298187963246,11.0396655415241,6.10685939739127,-2.01295786137623,34.639602132871,45.1031462540312,1.34681078317333,-5.63156773711583,9.38481088849014,-0.986053072354932,-13.1278192670598,55.3422529538857,33.9567126056441,-25.4734482568681,14.7461432824193,-3.5512026055172,-1.1658553946314,48.6561806661556,-45.0556625473453,1057.45796246905,0.186374733271236,-0.00520309509723837,0,0,0
52.225,8.35357418845276,89.8535726107952,90.8335055644109,-13.1164888086197,46.6098169699339,53.5699717142974,-46.1019367109993,1.73771188713569,-8.98603395350732,-50.7391906077043,24.9228954624642,101.113382279542,1.00974546989941,13.4454432422845,0.696106770334334,10.6805992821406,-14.5994708540023,-76.7186665025071,-0.52973126358652,14.2927408246797,-0.100251314541883,13.7148789159498,-11.7938315027715,-31.3824004363726,-1.60773569485271,12.3493623976763,1.32614883739394,33.6510336243497,4.66061879077221,29.6917413298013,11.1874919648393,6.51251807800264,-1.95987567500518,33.8381170598017,45.0033112748259,-0.91700869442936,-5.72306540305728,9.61059606296648,-0.856847572338367,-13.4352556549551,54.6830862175973,16.7548586559758,-24.5652158813662,14.8262251192928,-3.27398136426388,-6.30600090331005,42.8937855551613,-52.5113028385969,1092.03451533151,0.186430589672707,-0.00495799364329841,0,0,0
52.23,8.7905933873107,87.4038397716674,91.4276685256446,-12.8961643704509,44.0648876337966,52.3635918126432,-46.0835712540801,3.6730913838516,-6.47387350527385,-50.686990588305,10.4400038798668,83.9947173477657,0.696776872683018,13.6877871844723,0.657376570498653,11.2075255330782,-13.4609198351264,-74.8977480533533,-0.313803715225976,14.5243401022294,-0.21144362077681,13.928921163012,-10.6188727910539,-32.3020309972297,-1.29444569062427,12.3522577759562,1.27070658523428,30.4298648762744,3.54714017005908,19.5182869022929,11.2890989483046,6.92818916183793,-1.89159448160133,32.9882314778774,44.6830339861009,-3.36159901763207,-5.81665725355252,9.83601142968812,-0.722115218792247,-13.6741878168382,53.8316000599733,0.357022120517381,-23.4535772500716,14.9505600282293,-2.9767789420027,-11.4724079724544,37.1142582311629,-58.6698555278246,1124.48102036771,0.18652873984986,-0.00470657388994056,NaN,NaN,NaN
52.235,9.21116035459677,84.1133934571718,91.4686034032925,-12.6905205501159,41.1287640669897,50.9153580715623,-46.0565304508006,5.40816065590527,-4.05157762047799,-50.7019167722188,-2.98523678275291,67.127971656158,0.349581365636885,13.9008518960723,0.609910036614823,11.8050593578857,-12.0081096658342,-72.6387470363546,-0.0918425643154808,14.7186108652644,-0.335702571567621,14.154461916912,-9.12003707533007,-33.1904117562273,-0.98964566473607,12.3199341770011,1.19135756373912,26.6680401540109,2.30865081171947,8.42199597123567,11.3443587332363,7.35118241974865,-1.80980917143347,32.1006469725272,44.1745011676398,-5.98397910175386,-5.91208349352892,10.0580934014536,-0.584692962399633,-13.8551805457197,52.8165095348887,-15.0965689337697,-22.1599584103644,15.1073551495144,-2.66650215363973,-16.6296083529288,31.3934014770954,-63.5466091061027,1154.09583104286,0.186664805819032,-0.00446677138645057,NaN,NaN,NaN
52.24,9.61089600756457,79.9471305935181,90.8863982255104,-12.5016699603752,37.7701179481241,49.1918544792917,-46.02189412442,6.92726527611357,-1.74243819840015,-50.7780386678897,-15.2243791341825,50.7018424269648,-0.0267206154549161,14.0855807803895,0.553755157660476,12.4783046986434,-10.219772957239,-69.913481625765,0.134923019810219,14.8771081142246,-0.472998399593799,14.3944564722554,-7.27480819856015,-34.0503380470572,-0.701059595974267,12.2590043314293,1.0862090414696,22.3974112068007,0.996026963486537,-3.57356843887798,11.3541567422459,7.77848150099378,-1.71667207689124,31.1863312917402,43.5117721403431,-8.77790892501941,-6.0089059677369,10.2734137852265,-0.447488517280323,-13.9886943477862,51.6687769055811,-29.4808260054745,-20.7083709778227,15.2824160845437,-2.34953413308615,-21.7401229140109,25.8039163964644,-67.1745414340122,1180.17328163861,0.186833214121064,-0.00425669891743663,NaN,NaN,NaN
52.245,9.98530601289794,74.8820010667436,89.6161585280536,-12.3318784027889,33.9583115172825,47.1598341748024,-45.9807928845325,8.22024797749245,0.430457929228782,-50.9088792598898,-26.1681184000349,34.8968536036912,-0.425873915615522,14.2437697554201,0.489015295688286,13.2320390266458,-8.07871070566211,-66.697319976975,0.36539570648449,15.0026376405915,-0.62302872113093,14.6518706681301,-5.06464634740182,-34.8874086008646,-0.436557834186535,12.1778673481888,0.954190717524396,17.6607404424002,-0.329018030702477,-16.4328310441533,11.3204292802646,8.20672655500534,-1.61475047109287,30.256305659937,42.729770988204,-11.7344684120153,-6.1064841612103,10.4782747400616,-0.313474553116934,-14.0850643590429,50.4205459668132,-42.6876574890339,-19.1248100541534,15.460036445087,-2.03183289536431,-26.7651174506189,20.4138074174905,-69.6029066130876,1202.10097073141,0.187029905662297,-0.00409114597209381,NaN,NaN,NaN
52.25,10.329846610621,68.9081195445698,87.5995916635526,-12.1835608553507,29.6635094876156,44.7863706278362,-45.9343745580021,9.28366530608806,2.44521856225136,-51.087515983567,-35.7273447354205,19.8825447685365,-0.840551209198769,14.378016783515,0.415857898594191,14.070457467266,-5.57252244863882,-62.9696998204616,0.598657435743586,15.0992315755438,-0.785129036277699,14.9292971231366,-2.47574749802827,-35.7104254879885,-0.203957434049659,12.0865153546911,0.79534641891642,12.5106420105327,-1.59461411764174,-30.1074166990261,11.2461733873887,8.63221406183319,-1.50696714511501,29.3214622455929,41.8632951889128,-14.8427413698218,-6.20395647188251,10.6689160721874,-0.185676986168019,-14.1544296949908,49.1041282189762,-54.6274666773612,-17.4366384580157,15.6239511419151,-1.71907024291186,-31.6650024625221,15.2850569407193,-70.8956026852729,1219.42677331807,0.187253482824271,-0.00398028749785073,NaN,NaN,NaN
52.255,10.6399948734647,62.029652568714,84.7865456130634,-12.0592768233016,24.8568064098205,42.0389936409601,-45.8837649435142,10.121922897577,4.28222253113902,-51.306684609585,-43.8337252035783,5.81493777932527,-1.26244843130215,14.4916321269415,0.334531751960663,14.9968630672395,-2.6943351132748,-58.7145991652835,0.834003339982716,15.1720749390557,-0.958179088871635,15.2285021796433,0.500193561428611,-36.5317263262605,-0.0108392363929239,11.9962488300388,0.611136608602448,7.00825222518105,-2.71992830125623,-44.5356137881362,11.1354249541832,9.0509185415916,-1.39652533363682,28.3924079775671,40.9460753882801,-18.0905756622329,-6.30023284132848,10.8417225911491,-0.0671483684406368,-14.2066060795595,47.7510752219431,-65.2302563408,-15.6719726062327,15.7582948902302,-1.41676958154366,-36.399981902755,10.4726001781241,-71.1293709540286,1231.8794956042,0.187504134891123,-0.00392565229510566,NaN,NaN,NaN
52.26,10.9113220937872,54.2654440645439,81.1364655225855,-11.9617249426275,19.5103761348395,38.8858150567744,-45.8300235523458,10.7482782336929,5.92525549052296,-51.5588836950524,-50.4398170935378,-7.1656617498668,-1.68241343180822,14.5885104063064,0.245391925240541,16.0133118444158,0.556485612224129,-53.920949060124,1.07095673915304,15.2273828186376,-1.14051325019179,15.549921520987,3.8652331274808,-37.367433268973,0.135608074871934,11.9193052896775,0.404728773786922,1.22169171391429,-3.61690885325715,-59.6421344718164,10.9932020348153,9.45853940608143,-1.28681999034528,27.4793264250807,40.0099175571313,-21.4653874154843,-6.3940039560063,10.9934196376371,0.0390808387842743,-14.2509057770709,46.3913620779039,-74.4463168793149,-13.8590831054476,15.8485087060723,-1.13040468667238,-40.9305634937541,6.02361118336004,-70.3918767667253,1239.32604114385,0.187782308377829,-0.00392222317905855,NaN,NaN,NaN
52.265,11.1395688253835,45.6493463192516,76.6197300513721,-11.8937366945888,13.597649607726,35.2956498960424,-45.7740952610048,11.1856582681767,7.36267206154018,-51.8364773388845,-55.5187287663785,-18.9364810292382,-2.09060745927336,14.6729676970785,0.148930563541681,17.1202267167279,4.17366371403833,-48.5829810027096,1.3092599019054,15.2722301409124,-1.32984422946044,15.892129823134,7.61446340603236,-38.2376053792089,0.228708969013197,11.8684104024523,0.181247676775876,-4.77560600378978,-4.19259372956215,-75.3382136721006,10.825411379128,9.85057441772389,-1.18133809928417,26.5918464443941,39.0839539391765,-24.9549748242861,-6.48377064792703,11.1212460319453,0.130077347357909,-14.2959186363553,45.0526968653668,-82.2464871077872,-12.0258213423538,15.8821420771131,-0.865430106626553,-45.2180474384278,1.97709235100497,-68.779719021127,1241.71382075858,0.188086412112412,-0.00395973137395789,NaN,NaN,NaN
52.27,11.3207199696492,36.2302288531143,71.218829318677,-11.8582690607684,7.09352676407164,31.2381392326974,-45.7167590629384,11.467239613283,8.58854614629758,-52.1317941305024,-59.0633583235625,-29.3936791475154,-2.47669834624051,14.7495490141509,0.0458107510009221,18.3159995834663,8.14340989984787,-42.7005035360333,1.54883571341626,15.314338251074,-1.52320987466924,16.2513167949374,11.7353599020103,-39.166283455052,0.262381867334035,11.8562650636317,-0.0520460147154225,-10.9066161648667,-4.35196698851723,-91.5220837559797,10.6387175065815,10.2224191927014,-1.08355127394304,25.7389051572589,38.194023285085,-28.5483060439551,-6.56789504628464,11.2230955411796,0.203106983239216,-14.3492752239816,43.759960877847,-88.6219892487493,-10.1990821839693,15.8495067443001,-0.627226195359568,-49.2250109371866,-1.63625665129551,-66.3964119097385,1239.0080164855,0.188412977661833,-0.00402970381355949,NaN,NaN,NaN
52.275,11.4510781912447,26.0716443191259,64.9293469245002,-11.858395921922,-0.025372230708621,26.6838814394384,-45.6585753570715,11.6367411733953,9.60376684970635,-52.4372203983261,-61.0852535647795,-38.4533056667821,-2.83008352316512,14.8228134603925,-0.0631000877180145,19.5966052723379,12.4439222572938,-36.2791046752546,1.7897162384921,15.3618244994284,-1.71695249939493,16.6208079039947,16.2072242943059,-40.1814190864595,0.231177414128316,11.8949862998149,-0.285681343983257,-17.0924074245773,-4.00131100041587,-108.079855676052,10.4403751041907,10.5694901011624,-0.996804286494655,24.9285937357237,37.3621941781389,-32.236245675648,-6.64467272095999,11.297620402439,0.255760010862196,-14.4174168268301,42.5347756390027,-93.5838521097116,-8.40431222882663,15.7441491170082,-0.420955766436774,-52.9158030756154,-4.79392720977036,-63.3503779182998,1231.15995675121,0.188756618102862,-0.00412158670484164,NaN,NaN,NaN
52.28,11.5273338833261,15.2511384162715,57.7607103229468,-11.8972979810139,-7.78041181838375,21.6045785333245,-45.5998334404633,11.748383321638,10.4170340636867,-52.7452861403966,-61.6131484140707,-46.0518092453794,-3.14014018845725,14.8971059192701,-0.17670130780025,20.9552543226825,17.0450306894412,-29.3302788990223,2.03193546937392,15.422922580883,-1.90673900150516,16.9906722877097,21.0007600954981,-41.3146825579417,0.130274795651588,11.9955239759071,-0.508037758077532,-23.2537042331406,-3.05196164068112,-124.886829238087,10.238027076561,10.8873659473287,-0.924203371387543,24.1679773241567,36.6064381224033,-36.0121854435251,-6.71242278036965,11.3442932794755,0.286092684464551,-14.5053973291618,41.3951856651793,-97.1619481625153,-6.66507265956343,15.563121504381,-0.251342979274623,-56.2570590959135,-7.48129236339176,-59.7529861731069,1218.11292939776,0.189113242987424,-0.00422262406548679,NaN,NaN,NaN
52.285,11.5466298814246,3.85919961969488,49.7366768267451,-11.9782509719268,-16.1905981825962,15.97320423668,-45.5405010701027,11.8664740721266,11.0457056472254,-53.0487423440237,-60.6912407254709,-52.1461005408584,-3.39649904884823,14.9763253344238,-0.29363897978281,22.3821132361758,21.9080285139309,-21.871479349138,2.27538535377746,15.5056823362339,-2.08762802998111,17.3474621250378,26.0778211810035,-42.6011469805718,-0.0445605453815614,12.1670788438509,-0.70556652476847,-29.3122501244109,-1.42433090868702,-141.809244276408,10.0394721340027,11.1719421127529,-0.868508160816539,23.4628848584522,35.9404518102104,-39.872546791886,-6.76959087214964,11.3634270396546,0.292774968846871,-14.616738897439,40.3554413421397,-99.4036808394947,-5.00266532117419,15.3070465908492,-0.122396455640559,-59.2182359455027,-9.69114868404982,-55.7166651168197,1199.81711749714,0.189481058549031,-0.00431907999820957,NaN,NaN,NaN
52.29,11.5066191526008,-8.00214576475414,40.8955267547765,-12.1046119009461,-25.2721858038333,9.76420006557853,-45.4801781134185,12.0645913368373,11.5164475052844,-53.3406287626777,-58.3772837307705,-56.7131872979868,-3.58933698889767,15.063700244239,-0.412298811109175,23.8641205587778,26.985734926601,-13.9260974493256,2.5196365498914,15.617657998129,-2.25418767198259,17.6741264724551,31.3913737395814,-44.0788485523152,-0.297051820845561,12.416550140041,-0.863189799674561,-35.1919105755012,0.947980119282369,-158.706469738398,9.85240730625386,11.4195895601195,-0.83203092712918,22.8176699609983,35.3736209339547,-43.8171262568587,-6.8148584726296,11.3561546680722,0.275232611136774,-14.753357716119,39.4258642504806,-100.372367420565,-3.43582984352676,14.9799837651108,-0.0371064281055067,-61.7721635711161,-11.4231586663225,-51.353113408689,1176.24902914245,0.189861800106325,-0.00439456075810352,NaN,NaN,NaN
52.295,11.4055137664097,-20.221077238213,31.2899406959801,-12.2798030587109,-35.038231552945,2.95370528598465,-45.4180564067706,12.4243413295624,11.8656389409459,-53.6143316029541,-54.7405680552605,-59.7494125959482,-3.70968284954396,15.1615822725386,-0.530815694352265,25.384924765019,32.2228286350233,-5.52337320273218,2.76372824808821,15.7655934077094,-2.4006637170958,17.9501377681997,36.8857097603918,-45.7882249538127,-0.630509862717791,12.7480422263051,-0.964882228992213,-40.819476265938,4.11419132776534,-175.433607927259,9.68415215608796,11.6273103329155,-0.816546430290708,22.2349498102344,34.9111114023763,-47.8492585570711,-6.84725086871572,11.3243742321564,0.233771304874371,-14.9155686523072,38.6127776661976,-100.145370083985,-1.98051815239923,14.5891188271029,0.00285073952305478,-63.8955997340542,-12.6832400571204,-46.7716281711897,1147.40558411381,0.190259233002218,-0.00443170644474655,NaN,NaN,NaN
52.3,11.2421235892022,-32.6780354415311,20.9865445103688,-12.5072935366319,-45.498095584241,-4.48017404615172,-45.3528879748064,13.0336863928596,12.1394886115779,-53.863630967458,-49.8598729008278,-61.2693392421958,-3.74972924597746,15.2712677163756,-0.647102578612321,26.9249653750527,37.5564853869158,3.30176019744964,3.00593475645154,15.9551115868816,-2.52119472862855,18.1518606223757,42.4969445099416,-47.7714354935794,-1.04794486272102,13.1624591497537,-0.994425244295673,-46.1251554077351,8.10271631760348,-191.844465762157,9.54136269179,11.7928809902402,-0.823215133989643,21.7153342206759,34.5540682269783,-51.9757773835868,-6.86623588042272,11.2706658296163,0.169671544458013,-15.1021697334266,37.9184873605573,-98.8120327809352,-0.64975041312364,14.1443091399061,-0.00263194974289336,-65.569770805797,-13.482943486617,-42.0775655025699,1113.28234851774,0.190678536773091,-0.00441894662240916,NaN,NaN,NaN
52.305,11.0158833343993,-45.2480509605528,10.0651134400142,-12.7905779849081,-56.6568896552274,-12.5570525087769,-45.2829637211445,13.984850732362,12.393821404228,-54.0827382850039,-43.821463509153,-61.3043338025509,-3.7031421154726,15.3928562720893,-0.75890006259233,28.4617121961381,42.9173402750692,12.5088941815133,3.24352021003025,16.1904143721199,-2.61006619729936,18.2531801607293,48.1538215352643,-50.0715676986624,-1.55217664394719,13.6572129943721,-0.936307826142136,-51.0427754949725,12.9181495250621,-207.794814186234,9.4297439979642,11.9149757534239,-0.85252195226046,21.2571615301142,34.2998980076451,-56.206759842929,-6.87180561066859,11.1981886930143,0.0852446774494549,-15.3105996935772,37.3413016110212,-96.4714844245793,0.546446641124609,13.6575235959046,-0.0519048386892697,-66.7808773885915,-13.8388531133618,-37.3709446721588,1073.84016772177,0.191124404076992,-0.00434940141349482,NaN,NaN,NaN
52.31,10.7268668477567,-57.8032973284848,-1.38256456516661,-13.1331523604775,-68.5148751138273,-21.2939056526598,-45.2061045743465,15.3718293595964,12.6935036441124,-54.2663243213302,-36.7172072652434,-59.9009123248334,-3.56535856623804,15.5251543998344,-0.863846570042977,29.970069347447,48.2307799366619,22.0524228396641,3.47249650351613,16.4739958428898,-2.6619922922086,18.2263914302056,53.7788367994304,-52.7317356665212,-2.14592597822873,14.2260662416462,-0.776730895420397,-55.5097477219522,18.5391125260571,-223.14582250224,9.35377138342248,11.9932619192504,-0.904232134427647,20.8562608538501,34.1426081622309,-60.5550473965567,-6.86453423798592,11.1105669547807,-0.0161567762160608,-15.5371553910453,36.8755838105834,-93.2303694390972,1.60102170818053,13.1422202990462,-0.141463809500965,-67.5205418288548,-13.7720374111979,-32.7452045748528,1028.99394428802,0.191602855947749,-0.00422529476744415,NaN,NaN,NaN
52.315,10.3757878055363,-70.2158084441495,-13.2541566626724,-13.5384864336503,-81.0668146346471,-30.7046607553288,-45.1196668569166,17.2875434859919,13.1114832756836,-54.4095386857222,-28.6428728784207,-57.1189160722079,-3.3338627307988,15.6656289731088,-0.959567332701569,31.4229412416293,53.4185508583722,31.8818805371451,3.68740307946772,16.8063713420869,-2.6724104995519,18.0433329185464,59.2896791137372,-55.7940758238914,-2.83186610292348,14.8591201411178,-0.504657344238186,-59.4668781643639,24.9171756393034,-237.767519766101,9.31643035933456,12.0284611891162,-0.977365493022036,20.5057616491847,34.0731750442444,-65.0355438960583,-6.84560594970611,11.0117719607876,-0.130178729142948,-15.7772511754064,36.5118355867815,-89.200565095595,2.50980781989196,12.6127044979834,-0.265954991360104,-67.7861747533365,-13.3075692346691,-28.2861187070318,978.636533068626,0.192124809095281,-0.00405413152213097,NaN,NaN,NaN
52.32,9.96398635013337,-82.3602910805386,-25.4385643031437,-14.0099928528043,-94.3012838307401,-40.7997366955232,-45.0205633364391,19.820704095501,13.7274329339924,-54.5080220167925,-19.6966662140552,-53.0295892259085,-3.00842883880691,15.8104148368531,-1.04377883098377,32.7919475201639,58.4006491456558,41.9423401941486,3.88113020619378,17.1858223823522,-2.63777209070745,17.6767271695613,64.6009678158806,-59.2986460761974,-3.61261054125535,15.5429508856468,-0.11283786698576,-62.8581349019215,31.9770191342352,-251.542105198547,9.31898599676596,12.0223718440771,-1.07019000135326,20.1959714176426,34.0799140442464,-69.6642998528015,-6.81680841102933,10.9060075197739,-0.251556786136467,-16.0256995697244,36.2368124616827,-84.4969414714097,3.27136833329027,12.0835053231515,-0.418286802732384,-67.5812395256083,-12.474126241057,-24.070872985215,922.693419096351,0.192710571984213,-0.00384743217902628,NaN,NaN,NaN
52.325,9.49340157512431,-94.1169550017653,-37.8179835683174,-14.5509926081873,-108.199951076544,-51.5855330262839,-44.9053010175959,23.0524637686297,14.625996983966,-54.5579122312152,-9.97804288453979,-47.7136313244772,-2.59132069968859,15.9543778480919,-1.11440398936476,34.0482637343434,63.0974358611057,52.1748747927144,4.04480951597659,17.6081570879127,-2.55581019788695,17.1016712142502,69.6262515826437,-63.2822350833066,-4.49061128676105,16.2608842777435,0.401264091075155,-65.6304958406265,39.6179248499562,-264.36690957695,9.3607921604255,11.9778480449267,-1.18023585603594,19.9143410709115,34.1488277728412,-74.4574012744784,-6.78048856388058,10.7976022494229,-0.37425903727096,-16.2769919623698,36.0336776010673,-79.2352145904775,3.88679307912054,11.5688029484192,-0.58984703157422,-66.9153967155836,-11.3036747305044,-20.1673090263641,861.209899530342,0.193393079579038,-0.00361430244451633,NaN,NaN,NaN
52.33,8.96653019080362,-105.374276864233,-50.2702059819363,-15.1646767892943,-122.736836221512,-63.0638698712052,-44.7700362462165,27.0529542758941,15.8946583732266,-54.5558463419015,0.413177862744283,-41.2592950586469,-2.08743724630175,16.0912330162246,-1.16969242687884,35.1635550600365,67.4319021560844,62.5170854045739,4.16779652835485,18.0664864481793,-2.42576751865002,16.2972007812098,74.2802154045618,-67.7770900327325,-5.4679412831435,16.993389085885,1.03472549799033,-67.7340047888094,47.7165983039733,-276.156805435577,9.43915076298966,11.8987338725817,-1.30433136774871,19.6455354553485,34.2639134869021,-79.4296910435948,-6.73946897857191,10.6909104799971,-0.49167913583911,-16.5255592004936,35.8822021520559,-73.5299366878114,4.35945951466134,11.0819288750062,-0.770817292602647,-65.8045148667196,-9.83123189932354,-16.633333921392,794.451251882494,0.194218344104559,-0.00336213679539465,NaN,NaN,NaN
52.335,8.38637214122881,-116.031609914904,-62.6711089829254,-15.8540645959606,-137.877561333193,-75.2313819898884,-44.6106471302519,31.8778231929038,17.6212571422169,-54.4989593896234,11.3773904556196,-33.7605949321356,-1.50439469106475,16.2137155695542,-1.20833950574086,36.1109622769745,71.3319917470917,72.9036985406527,4.23776938503136,18.551018892318,-2.24856739458852,15.2478368377049,78.4810271674177,-72.8095742544536,-6.54593790954805,17.7185611696225,1.77866591155614,-69.1221510953028,56.1312209090439,-286.845880159449,9.549230531604,11.7897510241909,-1.43866239513275,19.371624235275,34.4074179483514,-84.5933605953035,-6.69692442969467,10.5902203369665,-0.59687786447609,-16.7659947273317,35.7590232412877,-67.4926599963558,4.69477416741889,10.6349522472645,-0.950573739342273,-64.2705384741351,-8.09469318361679,-13.5164959373631,723.002262521034,0.195242392918795,-0.00309738056997677,NaN,NaN,NaN
52.34,7.75636439249288,-126.001549747121,-74.8972758142453,-16.6219576415894,-153.578609125675,-88.0788722505833,-44.4228226504038,37.5648959696043,19.8912091843672,-54.3848819810965,22.8154817053533,-25.3156843487691,-0.852537095629979,16.3138011620233,-1.22959780763158,36.866093324858,74.7328765261466,83.2672335364638,4.24096585421012,19.048879724299,-2.02691510428244,13.9450127594901,82.1527420033282,-78.3987706747584,-7.72469077667629,18.4126663450738,2.61805662689091,-69.7526601753365,64.7065316356151,-296.38822489513,9.68405386131502,11.6563404020156,-1.57885729028772,19.0724061018998,34.5600366653302,-89.9564591618337,-6.65621989374113,10.4996650399714,-0.682871015196195,-16.9932268130808,35.6379731022804,-61.2303024019445,4.89990872425047,10.2383555994529,-1.11816097430487,-62.3412085720788,-6.13470266411749,-10.8537238817812,647.843045251046,0.196525673975601,-0.00283565709246059,NaN,NaN,NaN
52.345,7.08030455618892,-135.211967260915,-86.8286762128357,-17.4708906779728,-169.786607276834,-101.590631798924,-44.202167152174,44.1310996460007,22.7844907754558,-54.211737788088,34.628838601738,-16.0254481486163,-0.144868652210928,16.3829699571293,-1.23337491295751,37.4079705455488,77.5790756198857,93.5387368577837,4.16257662341159,19.5439677778102,-1.76532037690877,12.3882769307277,85.2276724862144,-84.5550535790034,-9.00236821006803,19.0507110536973,3.53187633065441,-69.5887398003136,73.2796485000799,-304.757752548326,9.8345592083454,11.5044593107894,-1.72009925501515,18.7258771420953,34.701064553664,-95.5213766115072,-6.62071289932829,10.4231315401778,-0.742960580917137,-17.2026310690054,35.4904950719447,-54.8437351466178,4.98354295530658,9.90079522773016,-1.26282487508046,-60.0496352557915,-3.9945355723182,-8.67122605523172,570.375489344343,0.198124823548935,-0.00260044211909705,NaN,NaN,NaN
52.35,6.36226643697331,-143.60762384305,-98.3513323532871,-18.4030789751551,-186.437659436367,-115.743736404855,-43.944318202932,51.56978984838,26.3724708377988,-53.978142141617,46.7191292941694,-5.99234487726012,0.603097371108384,16.4125079152707,-1.22031183074252,37.7198836359367,79.8263099274626,103.648574774959,3.98774812186564,20.0171006984115,-1.47004344510414,10.5861700177401,87.6486265885205,-91.278659321966,-10.3739941165255,19.6073157742593,4.49361586539233,-68.6007734827797,81.6862734336823,-311.947035233454,9.98974517460465,11.3403377973955,-1.85726737898288,18.3088518217457,34.8085158510698,-101.28336342969,-6.59352527381246,10.3641597445869,-0.771104259071607,-17.3900793940677,35.286164095147,-48.4266048322846,4.95562352251584,9.62893528902246,-1.37458847904504,-57.4337247414335,-1.71995342349242,-6.98454295336133,492.375099076996,0.200087571980155,-0.00244161926648268,NaN,NaN,NaN
52.355,5.6065099818524,-151.151291024319,-109.359889361157,-19.4203627070455,-203.456746378282,-130.507330786873,-43.6450750883327,59.8486229199115,30.7146881413799,-53.6832025622462,58.9879158742331,4.68048135633074,1.37357632158087,16.3938371980206,-1.19183699242937,37.790101545693,81.4429933894265,113.52726924044,3.71541817980812,20.4532752479214,-1.14915067189883,8.55668912076236,89.3709136519645,-98.5582960708793,-11.8189540022149,20.0668200893873,5.47180113393592,-66.7683928986169,89.7668881772556,-317.965237198532,10.1369008896947,11.170200000327,-1.98510624152498,17.7977416497492,34.8592417350983,-107.229157166364,-6.57729197263164,10.3258260305567,-0.762314448787857,-17.5519264113539,34.9933302601526,-42.0643945930054,4.82714394711952,9.42734127754917,-1.44485209612149,-54.535466458635,0.641014650089405,-5.79874638903141,415.856215432446,0.20244657337195,-0.00243665591712361,NaN,NaN,NaN
52.36,4.81738844271617,-157.824307827165,-119.760006728289,-20.5241488243922,-220.757223469227,-145.841915136339,-43.3005345421259,68.908109241315,35.8556838821324,-53.3265217152619,71.3361693968058,15.889815081432,2.14683796069921,16.3188661397826,-1.15019127656117,37.6124029549348,82.4112786382043,123.106354685565,3.36668527760232,20.8480029287763,-0.812439136813671,6.32727230140895,90.364021832283,-106.369842674707,-13.2948972789187,20.4326240904893,6.43146017374142,-64.0828026330679,97.3725491086325,-322.835302889628,10.2619253472361,10.9999593388463,-2.09842170166483,17.1694911006375,34.8290833852666,-113.335788192443,-6.57389790872686,10.3106066995209,-0.713071915565048,-17.6849390103146,34.5799027331706,-35.833722744565,4.60994697767857,9.29841794037352,-1.46699369478098,-51.4000886933199,3.03841466806798,-5.10877670006008,342.862829035803,0.205216656007277,-0.00270195699206255,NaN,NaN,NaN
52.365,3.99925582368088,-163.626523806976,-129.470486482075,-21.7153510413384,-238.2404433891,-161.6986505798,-42.9072296851266,78.6609713998241,41.8220104931105,-52.9082028856366,83.6637659250171,27.5327212563307,2.90161985647461,16.1803477045473,-1.09842003441534,37.1863941533724,82.7275972793415,132.319226681378,2.95152837723398,21.1911579323433,-0.471022681670546,3.93426557479582,90.612878730718,-114.675196352435,-14.7684304240161,20.7059155086173,7.33669325794396,-60.5491797035533,104.36992606372,-326.590630099015,10.3497357809067,10.83489996483,-2.19229741680111,16.4026615886224,34.6931048097163,-119.569638342596,-6.58421742088074,10.3202204695781,-0.621731254208283,-17.786178626575,34.0142870160797,-29.8018717285048,4.31654670240973,9.24237886133627,-1.43693817911241,-48.0750951042095,5.42088412621166,-4.89990931695393,275.228487331207,0.208391989011287,-0.00340663939824992,NaN,NaN,NaN
52.37,3.15637785268201,-168.575594199926,-138.425056308025,-22.994328719507,-255.795535633969,-178.01870290693,-42.4622676276666,88.9924114920859,48.6195443093469,-52.4288576531077,95.8690465058842,39.5066616815063,3.61562554966886,15.9722337758003,-1.04032858101318,36.5175944388079,82.4026623141929,141.101947953555,2.45413925222429,21.4571418537746,-0.13695397884552,1.42186847733295,90.1186201929223,-123.421336942624,-16.2265768987456,20.8710281320419,8.15208414597068,-56.1889339482067,110.645300187387,-329.271504904617,10.3847617450487,10.6793609610623,-2.26232295494768,15.4786412430068,34.4259521229614,-125.885823488757,-6.60787492580774,10.355453904101,-0.488886035671094,-17.8528492865858,33.2664795256429,-24.0265359078393,3.95996437353578,9.25723946434631,-1.35365511356826,-44.6091996757551,7.73638425999755,-5.14834224551113,214.369400213524,0.211947511234061,-0.00480908457950235,NaN,NaN,NaN
52.375,2.29284977546423,-172.705615443469,-146.573731272823,-24.3608256030098,-273.299376700411,-194.732646528297,-41.9634608006085,99.7613654115626,56.2312320295449,-51.8896150364141,107.848523338649,51.7094174045783,4.2661018396718,15.6900111361575,-0.980398238784865,35.6172817024881,81.4609301910792,149.393974102036,1.86363166364969,21.620242990159,0.177409421493074,-1.15940878819298,88.898810304157,-132.539680772275,-17.6492559959444,20.9151262216221,8.84392905829689,-51.0415987527769,116.107330361887,-330.921591333303,10.3515171041275,10.5364439193562,-2.30482054347352,14.3829406191769,34.0023826465632,-132.227964884432,-6.64304884990731,10.4159794552445,-0.317652655100922,-17.8821272388644,32.3093093161216,-18.5557737812972,3.55356940990535,9.33883140309315,-1.21953537252377,-41.05118483658,9.93317631367014,-5.82189696896063,161.175453591185,0.215846022784416,-0.00733229244984468,NaN,NaN,NaN
52.38,1.41252420396895,-176.065114298965,-153.883686542555,-25.8139095367506,-290.616786748008,-211.759953267489,-41.4094468577578,110.802788570091,64.6153980825204,-51.2921309931476,119.496808653247,64.0388708634678,4.83048599377356,15.3310037864167,-0.923661000824257,34.5021037596639,79.9395504762647,157.138761463604,1.18198317864014,21.6600730862432,0.460023457503074,-3.75470688952813,86.987077976737,-141.945798687201,-19.0036142424316,20.8350215530459,9.38222344298137,-45.1661278561275,120.688505609256,-331.584751980509,10.2352365314073,10.4077681480925,-2.31705415887043,13.1065130078827,33.3979969938821,-138.528403959338,-6.68634336767253,10.5001819859866,-0.113825616232152,-17.8709902455793,31.1197973604297,-13.428148339283,3.11091573172738,9.4808433590584,-1.04059058600565,-37.4487166939066,11.9610480730676,-6.88082678006386,116.025292754913,0.220047131537756,-0.0117712756894566,NaN,NaN,NaN
52.385,0.518952045955722,-178.714431602808,-160.339585651683,-27.3519144858325,-307.600989816659,-229.008593172183,-40.7997919700066,121.930977550339,73.7047314161177,-50.6385968333702,130.706831955606,76.3927111788087,5.28710937589057,14.894625603515,-0.875532485473241,33.1934733730127,77.8868599208923,164.284223562898,0.414626593743648,21.5571866578058,0.699536363498211,-6.3070944297202,84.4321614853872,-151.539569545276,-20.2530724036492,20.630056905046,9.74229734575688,-38.641403614339,124.345309680697,-331.302428994674,10.0225564184118,10.2932999911304,-2.29740255350174,11.6470146995161,32.5901895137263,-144.708900963282,-6.73275286430413,10.6050154149623,0.11414416745553,-17.8160663371733,29.68058027848,-8.67303829629643,2.64556371161481,9.67490015230227,-0.826418176377452,-33.8471621365857,13.7727684753302,-8.27872830140398,78.8954030308071,0.224512802664496,-0.019956886127936,NaN,NaN,NaN
52.39,-0.384660813107166,-180.722571812485,-165.943324474583,-28.9723863616312,-324.094375159577,-246.374776962162,-40.1350725373637,132.943886528521,83.4060554427273,-49.93174485537,141.370395599957,88.6681322883288,5.61593903923136,14.3825675255765,-0.841605304457456,31.7167761180975,75.360502629213,170.783010880913,-0.430803961931725,21.2943984859043,0.885799395897104,-8.76003030639491,81.2963808264962,-161.205831921867,-21.3596720663556,20.3018748613345,9.90641251713735,-31.5658127892629,127.057222127691,-330.111745218033,9.70221259601962,10.1912825971574,-2.24547766811284,10.0098988080759,31.5593073014716,-150.681839423367,-6.77574145470902,10.7259154952934,0.355390095914557,-17.7135229398492,27.9813201217463,-4.31110236967289,2.17087976569885,9.9106976489379,-0.589882307189289,-30.2884636677718,15.3257152077239,-9.96355336983017,49.4940383182566,0.229184347392994,-0.0375664271922833,NaN,NaN,NaN
52.395,-1.29547891813178,-182.163621004829,-170.713169999518,-30.6720343447444,-339.929596622466,-263.742871908661,-39.4169308006033,143.628347352004,93.6009636678449,-49.1748493623138,151.379098611175,100.76159597233,5.79933355353729,13.7989047103893,-0.827408320845096,30.1004297489381,72.4252772335634,176.592601178694,-1.34521548462993,20.857881935969,1.01034705783109,-11.0598629329144,77.6535874859478,-170.81558270318,-22.2860464998166,19.8539953345933,9.86488981799315,-24.0558127254535,128.824758051481,-328.044403133811,9.26571960724508,10.0982890037813,-2.16217225567934,8.2092205909544,30.289976848395,-156.351935930984,-6.80745360282893,10.8567965588076,0.597116104453543,-17.5590174869062,26.0199983693033,-0.354878121602903,1.69980897541255,10.1762140362572,-0.346479526015206,-26.810137132566,16.5835864109133,-11.8787187600326,0,0,0,NaN,NaN,NaN
52.4,-2.21104325488965,-183.112867351741,-174.682295080561,-32.446689569596,-354.931044970655,-280.985524719737,-38.6481005505117,153.766050018456,104.147375933437,-48.3717211868922,160.62563508445,112.568729875078,5.8227842455549,13.1501115778154,-0.838141336957645,28.3748411819423,69.1508239702657,181.675203849161,-2.31643449638943,20.2341303285369,1.0668009454531,-13.1582104004502,73.5866703795762,-180.227751850478,-22.9939758355351,19.2883691253891,9.61589317930742,-16.2434867420309,129.666800354446,-325.126375942067,8.70798950293939,10.0094139106811,-2.0496256734347,6.26802770721023,28.7725231457261,-161.618428770902,-6.81906164695801,10.9901582054118,0.825329860472985,-17.3477294206827,23.803975128592,3.1905043482759,1.24462090363874,10.4580174876125,-0.11338800642032,-23.4444623139003,17.5180775799858,-13.9643095730649,0,0,0,NaN,NaN,NaN
52.405,-3.12925719217461,-183.642787456898,-177.896735133177,-34.2912731912281,-368.916724326225,-297.964026220445,-37.8324001067709,163.140088748073,114.882036600796,-47.526693949582,169.005447461956,123.984424207617,5.67560876803798,12.4449763378238,-0.878399048383059,26.5713123638397,65.6092683612009,185.997500753634,-3.32825114041365,19.4089587355654,1.0511893874568,-15.0140698048349,69.1847233848034,-189.291558533817,-23.4440763501753,18.6040011101112,9.16525212958975,-8.27316466631176,129.617501366062,-321.378311265894,8.02784367754034,9.91860787584419,-1.91110444342851,4.21822025861166,27.004372994084,-166.377690328664,-6.80124233305308,11.1173215034244,1.02579170676658,-17.0744902039808,21.3506883706698,6.32651570681456,0.816634422204483,10.7416851539327,0.0917605740926622,-20.2179339372462,18.1103836857464,-16.1583679084074,0,0,0,NaN,NaN,NaN
52.41,-4.04835262748431,-183.819087062107,-180.412819592618,-36.1997759808548,-381.700557925689,-314.528953059467,-36.9746909509209,171.541831170162,125.623937158913,-46.6446005095016,176.418688016244,134.903179982883,5.35156121941252,11.6944114188114,-0.951901892345794,24.7209489010222,61.8729335224162,189.530266232531,-4.36260870444931,18.3714480387908,0.962145293037444,-16.5955196482275,64.5400019059699,-197.849426118583,-23.6001231494921,17.7993347023716,8.52691587628327,-0.297254716685783,128.723026456521,-316.816512183514,7.2283707513149,9.81914254232664,-1.75080356344156,2.09979591064515,24.9913078036814,-170.526178787357,-6.74475864898241,11.2288029503311,1.1851116961807,-16.7340218651647,18.687876885077,9.06035258628803,0.425933077176598,11.012338421137,0.252301856015707,-17.151028807776,18.3523792592284,-18.3982515499254,0,0,0,NaN,NaN,NaN
52.415,-4.96683764273256,-183.697003049556,-182.294158942487,-38.1652516795583,-393.095139740499,-330.521121098285,-36.080801809251,178.777828333882,136.178602920812,-45.7307384298624,182.77241592775,145.219746710971,4.8493226728838,10.9111619057261,-1.0612538085564,22.8536251871218,58.0122204129726,192.247928409172,-5.40813882521291,17.1090529513403,0.801062527201653,-17.8809053707428,59.7448113377978,-205.740403651948,-23.4362669781507,16.8641729434822,7.72220406928589,7.52851031130095,127.038384775997,-311.454327532288,6.31708850097126,9.70417850823237,-1.57358440437621,-0.0405547622932219,22.7484170857429,-173.963616932383,-6.64110752991998,11.3148187831379,1.29189295893003,-16.3212851890484,15.8532367686621,11.404023128737,0.0810872912625384,11.2552849270979,0.354023825163287,-14.2583227014928,18.2473392537265,-20.6220383879335,0,0,0,NaN,NaN,NaN
52.42,-5.88342805501471,-183.318082456336,-183.608296009321,-40.1798263623844,-402.914936565008,-345.772883249065,-35.1574195289815,184.676456053814,146.343138428346,-44.7908237556067,187.982934851045,154.830069100648,4.17283857992022,10.109420303041,-1.20774703313228,20.9970566770287,54.0937359603158,194.128149933821,-6.47494098549547,15.5911405380299,0.572180044845552,-18.8594327499684,54.888477555332,-212.804011485316,-22.9451745198814,15.7585613314065,6.77782825715792,15.0501709039653,124.624547495652,-305.303774706728,5.30587944235444,9.56739114374788,-1.3846737722894,-2.15147179229045,20.300607152959,-176.596263313742,-6.48318112329264,11.3658939483549,1.33779515932546,-15.8319259797337,12.8934641339747,13.3734245384538,-0.211097397659157,11.4567405059166,0.386554751672284,-11.5489591337296,17.8100922493592,-22.769942476549,0,0,0,NaN,NaN,NaN
52.425,-6.7969663044848,-182.707649894186,-184.423156439343,-42.2347260078341,-410.979929090311,-360.109800969655,-34.2119496848291,189.093968830653,155.911881261545,-43.8309329581948,191.978159482556,163.632541436431,3.3314753679587,9.30436217180296,-1.391231260167,19.1760238375239,50.1787252330635,195.151515946182,-7.56040138055973,13.7942624533882,0.282070740811337,-19.5311346259668,50.054547801337,-218.884400799844,-22.1159371846826,14.4490716028446,5.72521206853495,22.1207222041442,121.545998678903,-298.377230815214,4.21068788618745,9.40359720957302,-1.18935468538816,-4.17946325690527,17.6825431870042,-178.340127430774,-6.26588204954091,11.3735320227405,1.31838406878922,-15.2627928095835,9.86269234284558,14.9874460812136,-0.445786448750235,11.6045867240377,0.344480495020536,-9.02743429894,17.0665432829937,-24.7856988881133,0,0,0,NaN,NaN,NaN
52.43,-7.70633207503497,-181.87315410994,-184.803455905545,-44.3203243068642,-417.119659805802,-373.352712981409,-33.2523513764646,191.919661672799,164.682472072569,-42.8574334968049,194.699892277876,171.529546243061,2.3399772747657,8.51162289725478,-1.61005885930653,17.4117833183263,46.3218387474449,195.30141730237,-8.61426273099138,11.7402877647041,-0.0607924838683718,-19.9062204035621,45.3183595366717,-223.834693592123,-20.9181138904333,12.9586536145165,4.60046119599509,28.6051183286078,117.868804946131,-290.689056993938,3.05098923536295,9.20931960218761,-0.992681143694807,-6.07178068242511,14.9379464196525,-179.123979440362,-5.98663352407845,11.3308881474966,1.23364731470012,-14.6124843899722,6.82039305988875,16.2671302639121,-0.620259297593274,11.6891054252741,0.228033145553466,-6.69462359521649,16.0525611688081,-26.6178689481076,0,0,0,NaN,NaN,NaN
52.435,-8.61034980191786,-180.803545376486,-184.80723840511,-46.4262124564958,-421.177629926114,-385.320216580273,-32.2869519975932,193.079875774176,172.462113303236,-41.8769040216402,196.105895032846,178.429232253123,1.21821491834776,7.74674046272001,-1.8611102103947,15.7216904821904,42.5702429716024,194.564205940891,-9.58361268987652,9.46751872443549,-0.446581926400403,-20.0038622779283,40.7450955973217,-227.521353494545,-19.3339715561333,11.3240290945435,3.44121965736664,34.3848547282316,113.659233239917,-282.257059674167,1.84906588603691,8.98323084237978,-0.799245733490365,-7.77940125467853,12.1182275057005,-178.892017630618,-5.64573414327099,11.2333795223167,1.08809284809272,-13.8818721320144,3.82886726354339,17.2349211161348,-0.733976193342178,11.7036238277424,0.0432380692596061,-4.54894208291503,14.8122866687511,-28.2210165985442,0,0,0,NaN,NaN,NaN
52.44,-9.50769869794147,-179.469779204885,-184.482728623823,-48.5412922457767,-423.015957856561,-395.831565696239,-31.3242487507038,192.540649378067,179.073763930574,-40.89604575011,196.171654306212,184.247467410246,-0.0092721796803743,7.02459217053728,-2.13989515415123,14.11904421994,38.9630639548707,192.929676518348,-10.4386683131833,7.0071206215128,-0.864762927390518,-19.8505143321133,36.3884171209955,-229.828430309952,-17.3726915175776,9.56447640536185,2.28350325843547,39.3619111255545,108.982895354222,-273.103735133331,0.629143183187318,8.72642790156176,-0.613020442517432,-9.25985753309184,9.28050470490894,-177.606081690483,-5.24727734193542,11.0785552225174,0.890401692443617,-13.0745367605681,0.950495764966513,17.9140216540961,-0.789458734458705,11.6446294971971,-0.198508634490298,-2.5875109354385,13.395974087071,-29.5567110098158,0,0,0,NaN,NaN,NaN
52.445,-10.3968310672346,-177.826473858532,-183.865679605136,-50.6538931473012,-422.520180304678,-404.709975266743,-30.3727042664648,190.308896847695,184.362006142248,-39.9215869433537,194.891761351154,188.909887469373,-1.31392696828117,6.3588544740868,-2.44071967824543,12.61315058392,35.5311421340188,190.391896436867,-11.1572396623461,4.39526230490812,-1.3043660104628,-19.4778974488405,32.2897316514898,-230.661522712062,-15.0598983405726,7.69977593841649,1.16037216367131,43.4618734489159,103.904355614633,-263.257283460986,-0.583550426393183,8.44250942354844,-0.437279090502702,-10.4796606758021,6.48512180842324,-175.247331586753,-4.80063583511821,10.8653014821083,0.652663659243062,-12.1970592645634,-1.75505774103707,18.3278735909647,-0.793948901014888,11.5114022874495,-0.481403023415186,-0.80719939495928,11.857521612931,-30.5943192953415,0,0,0,NaN,NaN,NaN
52.45,-11.2759044535256,-175.81467725811,-182.977383416475,-52.7519133827954,-419.604047098643,-411.786303447095,-29.4405438437982,186.432084533228,188.19832440134,-38.9601826874521,192.280851180224,192.353951079753,-2.66399909543761,5.76151436089367,-2.75690234388235,11.2095869202693,32.2970704037923,186.95036923786,-11.7220145765797,1.67611035246517,-1.75441321296369,-18.9208106527172,28.4781131825653,-229.951313113589,-12.4354914308812,5.75506279743553,0.100442208165256,46.6360955666583,98.4871049891478,-252.752409690212,-1.76373355423427,8.1374479684289,-0.274596931250768,-11.4161018399076,3.79283636412263,-171.817344461901,-4.31652788760207,10.5970932278494,0.389281657618383,-11.2591166002526,-4.23349685782192,18.4997625834258,-0.754777039276403,11.3080131545124,-0.786744057414966,0.794571762185074,10.2518697252542,-31.3115645286224,0,0,0,NaN,NaN,NaN
52.455,-12.1427326060773,-173.365630510507,-181.823486850248,-54.8229840583009,-414.214135101459,-416.903062020142,-28.5355615905223,180.996450655343,190.485558470197,-38.0183123512999,188.37406723061,194.530908698596,-4.02551291730365,5.24245807782412,-3.08102296753676,9.91063392105728,29.2754859042893,182.611478652035,-12.1217598924521,-1.09912833069645,-2.20433018384072,-18.2149440433767,24.9708453893019,-227.656544087883,-9.55323380824543,3.76052944496553,-0.873365028040165,48.8628094918394,92.7937814981711,-241.630949333895,-2.88697323359021,7.81927115502497,-0.126912042384381,-12.0582822119918,1.2618858549078,-167.338610608964,-3.80282287966399,10.2845336778488,0.115689450482753,-10.2733502432676,-6.43822105171921,18.4525433234828,-0.67475229743926,11.0446907649348,-1.0946902387781,2.21934647508247,8.63245055307441,-31.6948362769942,0,0,0,NaN,NaN,NaN
52.46,-12.9947593817763,-170.405355139714,-180.39371743837,-56.8546544952173,-406.334087383072,-419.918681885707,-27.6649421784559,174.1238824132,191.161328195531,-37.1021771723459,183.227035790711,195.407595080299,-5.36334308799934,4.80915853167971,-3.40518655254606,8.7158308389381,26.4735866713163,177.390126350677,-12.3521376474278,-3.87349909081959,-2.64426418453675,-17.3948665581854,21.7745126051669,-223.766324512167,-6.47958091474249,1.75089954147647,-1.74456610028196,50.1471450365244,86.8865041284828,-229.942361066857,-3.9304899259068,7.49758373479099,0.00437391461846968,-12.4073046373763,-1.0548467885362,-161.854432035646,-3.2689042602026,9.9405362266288,-0.152972188472005,-9.25499845624863,-8.33219321047696,18.2084718198471,-0.557811322717449,10.7345005687305,-1.38591503238795,3.46750730550392,7.04885588929,-31.739252003901,0,0,0,NaN,NaN,NaN
52.465,-13.8290585878135,-166.859841207356,-178.662579341294,-58.834595855501,-395.988272056537,-420.711935902662,-26.8351041003002,165.967615631047,190.200276153486,-36.2176004329245,176.915347884185,194.967962518066,-6.64235577005064,4.46647667405901,-3.72128796713803,7.62260068580511,23.8918454536143,171.31144856387,-12.4132582566175,-6.58091430273867,-3.06531349237971,-16.4923419328502,18.8865207234073,-218.301673715919,-3.29125889184489,-0.229638530355258,-2.50327468950317,50.5200748436232,80.8271870129943,-217.744121273817,-4.87383299746612,7.18297578532633,0.118280309099977,-12.4756467620408,-3.11235773325256,-155.428243338094,-2.72782923717576,9.57765871565127,-0.403071123724753,-8.22130788278732,-9.88925223246871,17.7891278471584,-0.411883870084338,10.3913627206497,-1.64318904609096,4.53849825862153,5.54486160151615,-31.4484770415918,0,0,0,NaN,NaN,NaN
52.47,-14.642361461699,-162.66057477723,-176.591026891332,-60.7508191134492,-383.244651590002,-419.186397072894,-26.0515692932332,156.706961413536,187.615030612116,-35.3699326494249,169.533556700079,193.214283186454,-7.82856974178628,4.21658498819482,-4.02126671691171,6.62688898361345,21.5248931161192,164.412477104207,-12.3108290891719,-9.14839326968583,-3.45961326868293,-15.5350895931585,16.2968982884817,-211.316232022739,-0.0737141384009103,-2.12930123943513,-3.14598615997229,50.036355473897,74.6777134491245,-205.102036196081,-5.69940878104841,6.88636937050099,0.214140187504462,-12.285815010688,-4.87555888098866,-148.142385776635,-2.19374291167088,9.20920038059486,-0.623467641667629,-7.19076355740444,-11.0948255095064,17.2154086362667,-0.246136040983038,10.0303865165993,-1.85275188343303,5.43134462626831,4.15690685884231,-30.8343181020674,0,0,0,NaN,NaN,NaN
52.475,-15.4311120422631,-157.750116112756,-174.129068958625,-62.5919024057444,-368.216658458845,-415.274787652553,-25.3188628340329,146.541291839982,183.455851443269,-34.563964114164,161.193707052108,190.167962464095,-8.89029039265581,4.05901337574018,-4.29734552460469,5.72376226970634,19.3625420567465,156.743599935337,-12.0659974488343,-11.5173591247152,-3.82030475204528,-14.5460577837682,13.9902118896452,-202.896085615132,3.08034122465738,-3.91176790403692,-3.67482758556289,48.7715861225868,68.4998750211812,-192.090461520352,-6.39285781943385,6.61835710544278,0.291518141867332,-11.86844080314,-6.32069746259806,-140.096373345256,-1.68070746582624,8.84885182596548,-0.806186310474868,-6.18219571445513,-11.9460423866444,16.5075747325651,-0.0699422516808397,9.66722211502063,-2.0052387660356,6.14538408009405,2.91308366557071,-29.916110654763,0,0,0,NaN,NaN,NaN
52.48,-16.1915491670627,-152.087424960056,-171.219203101549,-64.3472218405248,-351.063886956404,-408.943055788302,-24.6404451647381,135.683533859099,177.808981641166,-33.8038470108547,152.023420661987,185.869919765164,-9.79917098861605,3.99080991597434,-4.54225043027702,4.90792087015014,17.3909154566503,148.369675494547,-11.7119405534544,-13.6472897749092,-4.14148414174954,-13.5432202157734,11.9474326183456,-193.158672782368,6.07712414931359,-5.55797292218231,-4.09599481211114,46.8185498075761,62.355017430913,-178.79239130718,-6.94329009378863,6.38858184769537,0.350163170457395,-11.2600188424347,-7.43608707503655,-131.40469608306,-1.20201714579238,8.50992027172642,-0.946729807595597,-5.21383462957585,-12.4512887117558,15.6853296110561,0.107597149989511,9.31713810726658,-2.09611556439845,6.6811024472387,1.83265085918863,-28.7199244414017,0,0,0,NaN,NaN,NaN
52.485,-16.9198123008565,-145.652626758671,-167.800527673223,-66.0071790116278,-331.991434220428,-400.194002133803,-24.0186780235744,124.35342823267,170.793783608485,-33.0930291704957,142.163568071726,180.380508201258,-10.5311595613658,4.00680178640986,-4.74941302107632,4.17409330791407,15.59364115977,139.370663245924,-11.2798686426116,-15.4959074592803,-4.41810666184801,-12.5398522366811,10.1476117478992,-182.250758020578,8.82791932920452,-7.04243193635775,-4.41827313790778,44.2830344229318,56.3033776610687,-165.299353055679,-7.3433958926287,6.20519856074246,0.389998431160175,-10.5004998385988,-8.22213742817419,-122.194212402918,-0.769566807445937,8.20459136611049,-1.044038682238,-4.30238979072112,-12.6292717930154,14.7679152737513,0.278124558159384,8.99415365059688,-2.12562866688232,7.04096146954382,0.926050851537842,-27.2776145101642,0,0,0,NaN,NaN,NaN
52.49,-17.6120669226394,-138.450924356526,-163.813335349543,-67.5634177940618,-311.24775648664,-389.070270878081,-23.4548239769822,112.770809318375,162.558789707998,-32.4342013439906,131.765565300956,173.778958667444,-11.0672959654667,4.09993570312668,-4.91315673152383,3.51729528359932,13.9530605446071,129.841649833861,-10.7980415261238,-17.0189159789711,-4.64592404812743,-11.5451951746326,8.5692606581584,-170.345481148496,11.251278752373,-8.33297956951336,-4.65190227712066,41.2793509487426,50.40314158108,-151.71102776646,-7.58945492518965,6.07444886795786,0.411142803500518,-9.63093830286088,-8.69072349710189,-112.601189724699,-0.393311039258255,7.94327611411393,-1.10014205653825,-3.46222666606948,-12.5076838791304,13.7742062380056,0.434441727929787,8.71028490841723,-2.09832323737286,7.2301137355059,0.195379110116761,-25.6257478840303,0,0,0,NaN,NaN,NaN
52.495,-18.264643845664,-130.515384605037,-159.203955210217,-69.0090225412767,-289.120949443235,-375.65651881414,-22.9490782169049,101.149152015548,153.276838838325,-31.8292596375399,120.988341290254,166.16234733129,-11.3943314859625,4.26167305810955,-5.02886880510406,2.93295232579671,12.4513946865494,119.892175023927,-10.2948097916967,-18.1796281455376,-4.82147620790662,-10.5653838735569,7.19137646898696,-157.638511667917,13.2754258638456,-9.40136435379921,-4.80740686291426,37.9257725129365,44.7092912317179,-138.13450639406,-7.68126733109057,6.00036746763549,0.413954057336215,-8.69136478334523,-8.86397828000349,-102.76806137908,-0.0808441058772184,7.73408341933627,-1.11957371745343,-2.70470392801272,-12.1215617699627,12.7227841489881,0.570838332115629,8.47495352125522,-2.02222561069533,7.25691939122931,-0.364763816971968,-23.8044384412799,0,0,0,NaN,NaN,NaN
52.5,-18.8741856912606,-121.90836911925,-153.929584471815,-70.3386896153737,-265.933414819279,-360.080583421112,-22.5006301439329,89.6896145943582,143.139503722819,-31.2792844826244,109.995030983045,157.644097886686,-11.5051521791721,4.48241280948726,-5.09315768505749,2.41689996226235,11.0718047456141,109.644793664655,-9.7971471403717,-18.9510968884644,-4.94210105550312,-9.60449605789319,5.99410356980499,-144.343364974847,14.8415213167434,-10.2252721966793,-4.89461217877419,34.3401109198846,39.272341252335,-124.683099158495,-7.62202786758564,5.98462864915636,0.399080717687254,-7.71900771212044,-8.77262457537708,-92.8399770914056,0.162877910602032,7.58244863624854,-1.10864421694594,-2.03771776187264,-11.5114424672929,11.6319752762652,0.683304114190934,8.29458994541283,-1.9078106865235,7.13320645130326,-0.766120765386378,-21.8561245005721,0,0,0,NaN,NaN,NaN
52.505,-19.4377928629835,-112.72143434453,-147.962836860434,-71.5488643101646,-242.034938958044,-342.513487191881,-22.1077512422639,78.5757803337592,132.351036486701,-30.7845371901346,98.9494584979012,148.352041385729,-11.3989961562832,4.75191522661702,-5.10399278915221,1.96528712888097,9.79928335665963,99.2328485506511,-9.32903769191864,-19.3173541967928,-5.00600449749496,-8.665583998514,4.95906503712353,-130.685967324628,15.9064877254102,-10.7895054954653,-4.9219831989256,30.6356274192907,34.1370800507701,-111.474632696077,-7.41815958866713,6.02653147237265,0.367509483419419,-6.74694006924799,-8.45397971586937,-82.9612334093974,0.335661778018461,7.49093707798072,-1.07466236378863,-1.46547994273506,-10.7214122453543,10.5198341991554,0.769608357612283,8.17244833972218,-1.76688238517062,6.87424726017905,-1.02541679607058,-19.8243244797917,0,0,0,NaN,NaN,NaN
52.51,-19.9531608556106,-103.073598525507,-141.295733779623,-72.6378357251042,-217.794282988122,-323.168141215681,-21.767904907707,67.9692669114409,121.122072630872,-30.344474764809,88.0124850651986,138.426067163783,-11.0814634532589,5.05970177574703,-5.06082052013476,1.57441668817594,8.62132091433919,88.7974735425629,-8.9100896826494,-19.2742826961259,-5.01238681730826,-7.75156746383891,4.06943103779912,-116.898590701171,16.445243280716,-11.0868644247364,-4.89632324758014,26.9174434358972,29.3414314566368,-98.6292015869168,-7.07911677136913,6.12311417477246,0.320596910357879,-5.8031769940205,-7.94977407103637,-73.271678121026,0.438046005286028,7.45923384626911,-1.02519065374324,-0.988535041658477,-9.79714115442852,9.40405982758976,0.829243510767332,8.10863871750583,-1.61148643791905,6.49845375333256,-1.16288062338383,-17.7524054315062,0,0,0,NaN,NaN,NaN
52.515,-20.4187006632215,-93.1079615221371,-133.942877987181,-73.6057830605749,-193.589467094046,-302.296646746153,-21.4778732538475,58.0063307718797,109.663335676875,-29.9577832302653,77.3383069086977,128.01540854867,-10.564324047989,5.3954106368117,-4.96464777120615,1.2405610147111,7.52830583646441,78.4838951047246,-8.55448544638808,-18.8300854784994,-4.96160775173818,-6.86589842453283,3.30981011572496,-103.213316016811,16.4521999789525,-11.1186710351295,-4.82281758010051,23.2795773187353,24.9155374770352,-86.2663834246158,-6.61715973728633,6.26938214082279,0.260077255219933,-4.91020766256439,-7.30392122375613,-63.9031881321058,0.473128930899795,7.48430724027178,-0.967401824036104,-0.604001710316989,-8.7839880700483,8.3018349957377,0.863248504618602,8.10035411135173,-1.45295331840885,6.02682025913077,-1.20073967492151,-15.6823971493861,0,0,0,NaN,NaN,NaN
52.52,-20.8336344821838,-82.9867637924211,-125.943578212043,-74.4547681593341,-169.797019751748,-280.186139301304,-21.2338955237673,48.7955460160108,98.1795767845929,-29.6224292375605,67.0707985409341,117.275616899825,-9.86513420557699,5.74909328308559,-4.81808277828102,0.959790361603137,6.51363997902887,68.4371507693339,-8.2704667088684,-18.0052967015698,-4.85536392768268,-6.01294700414262,2.66605250542305,-89.8552211907485,15.9417880925286,-10.8949128702281,-4.70536260458057,19.802688657743,20.8811355013736,-74.5019764302555,-6.04709755373019,6.45862917200492,0.188042033502593,-4.08491188273237,-6.56036715895138,-54.9763229646131,0.446290038044845,7.56070293709395,-0.907581594370077,-0.306005496559696,-7.72525349557811,7.22958812393391,0.873945444617685,8.14223761334854,-1.30113984378125,5.48216251934923,-1.1617755459791,-13.6538811543348,0,0,0,NaN,NaN,NaN
52.525,-21.1980598596811,-72.885075499516,-117.362737183173,-75.188670911274,-146.780550388121,-257.153175424831,-21.0318125876474,40.4165872240155,86.8639660494251,-29.3357292053872,57.3400064347172,106.365287195559,-9.00667347504625,6.111444633706,-4.62532324876525,0.727846913770402,5.57357622064346,58.7973910676264,-8.06036795114291,-16.8323366289867,-4.69684722226633,-5.19809841709868,2.12504344220649,-77.0355263378609,14.9479646362952,-10.4339950761613,-4.54709783270894,16.5525668469183,17.2512687975591,-63.4443703286529,-5.38598926966229,6.68282863077682,0.106890331549669,-3.33879073400593,-5.76112952585796,-46.5972559943518,0.364801956242288,7.68099203072987,-0.850799424529976,-0.0862575855501774,-6.66064825976097,6.20268422182003,0.864607126906302,8.22690817728204,-1.16390816108725,4.88821457770937,-1.06801893248831,-11.7029797836816,0,0,0,NaN,NaN,NaN
52.53,-21.5129768887067,-62.9834058050908,-108.290374081976,-75.8130663260832,-124.879082961768,-233.536726500566,-20.8672121012188,32.920097285709,75.8931258911518,-29.0944346751684,48.2589060437215,95.442607913602,-8.01621497483873,6.47396661140071,-4.39208312840515,0.540088250921032,4.70681069681852,49.6949733431766,-7.92113006830501,-15.3546222477282,-4.49085132918317,-4.4275862536798,1.67454236028686,-64.9449579284798,13.5227472520934,-9.7621008702067,-4.35104076171691,13.579359502806,14.0303333753481,-53.1907093002416,-4.65279108951131,6.93306914870793,0.0192519639591211,-2.67843117153432,-4.94461758653273,-38.855083128426,0.237354307044907,7.83635591637897,-0.800747636985465,0.0652738712171749,-5.62503539602786,5.23506172614976,0.839087292032926,8.34562125114106,-1.04685053866387,4.26865143393436,-0.93965148801945,-9.86146660759274,0,0,0,NaN,NaN,NaN
52.535,-21.7802749264012,-53.4596075389568,-98.8397233571935,-76.3350445833379,-104.395651451035,-209.689914887066,-20.73556921067,26.3285781097769,65.4229633689676,-28.8948319706846,39.9205408968066,84.6618172465313,-4.66749338761685,7.32383673146953,-3.50162743631173,0.391511470848744,3.91388343704552,41.2455887874458,-7.9120073155068,-9.39283980512448,-3.58235911326374,-3.70811438204466,1.30309632028342,-53.7476142554814,6.91747756235973,-6.51717060688293,-3.44228838085277,10.9175017935343,11.2144332130836,-43.8230459533356,-2.3324946079637,7.64366692800367,-0.215795486084591,-2.10612525529651,-4.14430001205287,-31.8196043260355,-0.343316890326954,8.36840157390343,-0.766175327957458,0.159655388922365,-4.64748912428602,4.33884008052908,0.71506010235316,8.76602567348166,-0.974857356767735,3.64610573840254,-0.794166127319852,-8.15601629634794,0,0,0,NaN,NaN,NaN
52.54,-22.0026775179963,-44.4805183189835,-89.1439317488144,-76.7629780906891,-85.5867014702016,-185.970702068074,-20.632378181922,20.6382057495852,55.5854192699058,-28.732853644621,32.3956652127092,74.1696565420296,-1.82837139812078,7.98546080541376,-2.7365039557284,0.320140231581281,3.52335554225006,37.198205309717,-7.96880036431058,-4.25758237824411,-2.7874753560514,-3.34659245794717,1.11092025433289,-48.3977450597054,1.12186549111105,-3.67583305999491,-2.6461898576409,9.66890630603691,9.91071868520066,-39.3685958073639,-0.404223735558176,8.22709934562444,-0.405569191009284,-1.83893423886967,-3.7484736746827,-28.4869695600098,-0.848550852762712,8.81544145007426,-0.75436166963925,0.193478172704998,-4.17641703639516,3.91022092695133,0.60449553607747,9.11970333741934,-0.957104545897433,3.33683608857829,-0.718076048742433,-7.34037708542827,0,0,0,NaN,NaN,NaN
