elapsed_s,left_angle_x_deg,left_angular_velocity_x_dps,right_angle_x_deg,right_angular_velocity_x_dps,left_actual_torque_nm,right_actual_torque_nm
0.0016,0.0406,0.3952,0.1785,-0.1471,0.0127,-0.0012
0.0100,0.0406,0.3952,0.1730,-0.1471,0.0127,-0.0012
0.0201,0.0461,0.0900,0.1675,-0.1471,-0.0343,0.0256
0.0300,0.0461,0.0900,0.1620,-0.1471,-0.0343,0.0256
0.0400,0.0461,0.0900,0.1620,-0.1471,-0.0343,0.0012
0.0500,0.0461,0.0900,0.1565,-0.1471,-0.0343,0.0012
0.0600,0.0461,0.0900,0.1565,-0.1471,0.0071,0.0256
0.0700,0.0461,-0.2151,0.1510,-0.1471,0.0071,0.0256
0.0800,0.0241,-0.6424,0.1455,-0.1471,-0.0033,0.0256
0.0900,0.0241,-0.6424,0.1455,-0.1471,-0.0033,0.0256
0.1004,0.0241,-0.6424,0.1346,-0.1471,-0.0033,0.0226
0.1100,0.0131,-0.1541,0.1291,-0.1471,-0.0033,0.0226
0.1200,0.0131,-0.1541,0.1291,-0.1471,-0.0080,0.0012
0.1300,0.0186,0.3342,0.1291,-0.1471,-0.0080,0.0012
0.1400,0.0241,0.1511,0.1291,-0.1471,-0.0343,-0.0012
0.1501,0.0241,0.1511,0.1181,-0.1471,-0.0343,-0.0012
0.1601,0.0241,0.1511,0.1126,-0.1471,0.0291,0.0226
0.1700,0.0241,0.1511,0.1126,-0.1471,0.0291,0.0226
0.1800,0.0241,0.1511,0.1071,-0.1471,0.0174,0.0012
0.1900,0.0351,0.2731,0.1016,-0.1471,0.0174,0.0012
0.2000,0.0406,0.0900,0.1016,-0.1471,0.0127,-0.0031
0.2100,0.0406,0.1511,0.1016,-0.1471,0.0127,-0.0031
0.2202,0.0406,0.1511,0.0961,-0.1471,-0.0033,0.0226
0.2300,0.0461,0.1511,0.0906,-0.1471,-0.0033,0.0226
0.2401,0.0461,0.1511,0.0906,-0.1471,0.0024,0.0012
0.2502,0.0461,0.1511,0.0851,-0.1471,0.0024,0.0012
0.2600,0.0461,0.0290,0.0851,-0.1471,0.0127,0.0256
0.2700,0.0516,0.2121,0.0851,-0.1471,0.0127,0.0256
0.2801,0.0516,0.5173,0.0796,-0.1471,-0.0033,-0.0244
0.2901,0.0626,0.6393,0.0741,-0.1471,-0.0033,-0.0244
0.3000,0.0626,0.6393,0.0741,-0.1471,-0.0033,0.0256
0.3100,0.0681,0.5173,0.0686,-0.1471,-0.0033,0.0256
0.3200,0.0736,0.3952,0.0631,-0.1471,-0.0188,-0.0244
0.3306,0.0790,0.1511,0.0631,-0.1471,-0.0188,-0.0244
0.3400,0.0790,0.0290,0.0631,-0.1471,-0.0141,0.0244
0.3501,0.0845,0.0290,0.0577,-0.1471,-0.0141,0.0244
0.3607,0.0845,0.0290,0.0577,-0.1471,-0.0188,0.0244
0.3702,0.0845,0.0290,0.0522,-0.1471,-0.0188,0.0244
0.3800,0.0900,0.2121,0.0522,-0.1471,-0.0188,0.0244
0.3900,0.0955,0.2731,0.0467,-0.1471,-0.0188,0.0244
0.4000,0.1010,0.0900,0.0467,-0.1471,-0.0141,-0.0256
0.4100,0.1010,0.0290,0.0467,-0.1471,-0.0141,-0.0256
0.4201,0.1010,0.0290,0.0467,-0.1471,-0.0024,0.0445
0.4300,0.1010,0.0290,0.0412,-0.1471,-0.0024,0.0445
0.4401,0.1010,0.0290,0.0357,-0.1471,-0.0024,-0.0244
0.4500,0.1010,0.1511,0.0357,-0.1471,-0.0024,-0.0244
0.4600,0.1065,0.3952,0.0357,-0.1471,-0.0024,-0.0244
0.4700,0.1120,0.2731,0.0302,-0.1471,-0.0024,-0.0244
0.4800,0.1175,0.2121,0.0302,-0.1471,-0.0024,-0.0244
0.4904,0.1175,0.2121,0.0302,-0.1471,-0.0024,-0.0244
0.5000,0.1230,0.2121,0.0247,-0.1471,-0.0024,-0.0244
0.5100,0.1230,0.2121,0.0247,-0.1471,-0.0024,-0.0244
0.5200,0.1230,0.2121,0.0247,-0.1471,-0.0188,-0.0012
0.5300,0.1285,0.3952,0.0192,-0.1471,-0.0188,-0.0012
0.5400,0.1395,0.3952,0.0192,-0.1471,-0.0024,0.0244
0.5500,0.1395,0.1511,0.0192,-0.1471,-0.0024,0.0244
0.5601,0.1450,0.0290,0.0192,-0.1471,0.0174,0.0256
0.5700,0.1450,0.0290,0.0137,-0.1471,0.0174,0.0256
0.5800,0.1450,-0.0320,0.0137,-0.1471,0.0141,0.0012
0.5900,0.1450,-0.0320,0.0137,-0.1471,0.0141,0.0012
0.6000,0.1450,-0.0931,0.0137,-0.1471,0.0141,0.0012
0.6100,0.1395,-0.2151,0.0137,-0.1471,-0.0024,0.0012
0.6202,0.1395,-0.0931,0.0137,-0.1471,-0.0024,0.0256
0.6300,0.1395,0.0900,0.0082,-0.1471,-0.0024,0.0256
0.6400,0.1450,0.1511,0.0082,-0.1471,-0.0024,0.0256
0.6503,0.1450,0.1511,0.0082,-0.1471,-0.0024,-0.0000
0.6600,0.1450,0.1511,0.0082,-0.1471,-0.0024,-0.0000
0.6700,0.1505,0.0290,0.0027,-0.1471,-0.0024,-0.0000
0.6800,0.1505,0.0290,0.0027,-0.1471,-0.0024,-0.0000
0.6900,0.1505,0.0290,0.0027,-0.1471,-0.0024,-0.0000
0.7000,0.1505,-0.1541,0.0027,-0.1471,0.0174,-0.0244
0.7100,0.1450,-0.1541,0.0027,-0.1471,0.0174,-0.0244
0.7200,0.1450,-0.1541,0.0027,-0.1471,0.0174,-0.0244
0.7300,0.1450,0.0290,0.0027,-0.1471,0.0306,-0.0256
0.7400,0.1560,0.6393,-0.0028,-0.1471,0.0306,-0.0256
0.7501,0.1614,0.5173,-0.0028,-0.1471,-0.0024,-0.0256
0.7605,0.1669,0.1511,-0.0028,-0.1471,-0.0024,-0.0256
0.7700,0.1669,0.1511,-0.0028,-0.1471,-0.0024,-0.0256
0.7800,0.1724,0.0290,-0.0028,-0.1471,0.0141,-0.0012
0.7900,0.1724,0.0290,-0.0028,-0.1471,0.0141,-0.0012
0.8002,0.1779,0.0290,-0.0028,-0.1471,0.0141,-0.0012
0.8101,0.1779,0.0290,-0.0028,-0.1471,-0.0071,0.0244
0.8200,0.1834,0.0290,-0.0083,-0.1471,-0.0071,0.0244
0.8300,0.1889,0.0290,-0.0083,-0.1471,0.0141,-0.0244
0.8400,0.1999,0.0290,-0.0083,-0.1471,0.0141,-0.0244
0.8502,0.1999,0.0290,-0.0083,-0.1471,-0.0024,0.0031
0.8600,0.1999,0.0290,-0.0083,-0.1471,-0.0024,-0.0488
0.8706,0.2054,0.0290,-0.0083,-0.1471,-0.0024,-0.0488
0.8800,0.2109,0.0290,-0.0083,-0.1471,-0.0024,-0.0488
0.8905,0.2164,0.0290,-0.0083,-0.1471,0.0009,-0.1427
0.9005,0.2219,0.4562,-0.0083,-0.1471,0.0009,-0.1427
0.9100,0.2274,0.3952,-0.0083,-0.1471,0.0141,0.0012
0.9206,0.2274,0.0290,-0.0083,-0.1471,-0.0235,-0.0256
0.9300,0.2274,0.0290,-0.0083,-0.1471,-0.0235,-0.0256
0.9400,0.2274,-0.0931,-0.0083,-0.1471,-0.0235,-0.0256
0.9500,0.2219,-0.2151,-0.0083,-0.1471,-0.0024,-0.0000
0.9600,0.2164,-0.2151,-0.0083,-0.1471,-0.0024,-0.0000
0.9700,0.2109,-0.3372,-0.0083,-0.1471,0.0009,0.0921
0.9800,0.2109,-0.3983,-0.0083,-0.1471,0.0009,0.0921
0.9904,0.2054,-0.4593,-0.0083,-0.1471,-0.0188,-0.0000
1.0000,0.2054,-0.4593,-0.0083,-0.1471,-0.0188,-0.0000
1.0100,0.2054,-0.4593,-0.0083,-0.1471,0.0343,-0.0244
1.0200,0.1999,-0.3372,-0.0083,-0.1471,0.0343,-0.0244
1.0309,0.2054,0.3342,-0.0083,-0.1471,0.0221,-0.0244
1.0400,0.2054,0.3952,-0.0083,-0.1471,0.0221,-0.0244
1.0500,0.2109,0.2121,-0.0083,-0.1471,0.0127,-0.0244
1.0600,0.2109,0.0900,-0.0083,-0.1471,0.0127,-0.0244
1.0700,0.2109,0.0900,-0.0083,-0.1471,0.0306,0.0012
1.0801,0.2109,0.0900,-0.0083,-0.1471,0.0306,0.0012
1.0903,0.2109,0.0290,-0.0083,-0.1471,0.0306,0.0012
1.1000,0.2109,-0.0931,-0.0083,-0.1471,0.0306,0.0012
1.1100,0.2054,-0.2151,-0.0083,-0.1471,0.0343,-0.0012
1.1200,0.2054,-0.0931,-0.0083,-0.1471,0.0056,-0.0244
1.1300,0.2054,-0.0931,-0.0083,-0.1471,0.0056,-0.0244
1.1402,0.2054,-0.0931,-0.0083,-0.1471,0.0056,-0.0244
1.1500,0.2054,-0.0931,-0.0083,-0.1471,0.0127,-0.0933
1.1600,0.1999,-0.0931,-0.0138,-0.3302,0.0127,-0.0933
1.1700,0.2109,0.2731,-0.0193,-0.6964,0.0127,-0.0933
1.1802,0.2109,-0.0320,-0.0193,-0.6964,0.0127,-0.0933
1.1900,0.2109,-0.0320,-0.0193,-0.3912,0.0343,0.0244
1.2000,0.2054,-0.4593,0.0082,1.0126,0.0343,0.0244
1.2100,0.1999,-0.7034,0.0137,0.2191,0.0343,0.0244
1.2200,0.1889,-1.0086,0.0082,-0.4523,0.0343,0.0244
1.2300,0.1834,-0.8255,0.0027,-0.5743,0.0343,0.0244
1.2400,0.1724,-0.1541,-0.0028,-0.3912,0.0343,0.0244
1.2500,0.1724,0.0290,-0.0028,-0.3912,0.0343,0.0244
1.2600,0.1779,0.5173,-0.0028,0.0360,0.0174,-0.0244
1.2700,0.1834,0.5173,-0.0028,0.0360,0.0174,-0.0244
1.2800,0.1834,0.5173,-0.0028,0.2191,0.0127,-0.0000
1.2900,0.1834,0.0900,-0.0028,-0.1471,0.0127,-0.0000
1.3000,0.1834,-0.3372,-0.0028,-0.2692,0.0127,-0.0000
1.3100,0.1834,0.0290,0.0027,0.0360,0.0291,-0.0244
1.3200,0.1834,0.0290,0.0027,0.0360,0.0291,-0.0244
1.3301,0.1834,0.0290,0.0082,0.1581,0.0291,-0.0244
1.3402,0.1834,0.2121,0.0082,-0.2692,0.0291,-0.0244
1.3500,0.1889,0.2121,0.0082,-0.4523,0.0291,-0.0244
1.3602,0.1889,0.2121,0.0082,0.1581,0.0291,-0.0244
1.3701,0.1889,-0.0320,0.0137,-0.0250,0.0174,-0.0244
1.3802,0.1834,-0.1541,0.0137,-0.0861,-0.0024,-0.0488
1.3900,0.1834,-0.3372,0.0137,-0.0861,-0.0024,-0.0488
1.4000,0.1779,-0.3372,0.0137,-0.1471,-0.0024,-0.0488
1.4101,0.1779,-0.2151,0.0137,0.1581,0.0221,0.0244
1.4203,0.1779,-0.2151,0.0192,0.3412,0.0221,0.0244
1.4300,0.1779,-0.2151,0.0192,0.2802,0.0221,0.0244
1.4401,0.1834,0.0290,0.0247,0.1581,0.0127,-0.0244
1.4500,0.1834,0.0900,0.0247,0.0970,0.0127,-0.0244
1.4600,0.1889,0.3342,0.0247,0.0970,0.0127,-0.0244
1.4703,0.1889,0.3342,0.0247,0.0970,0.0127,0.0488
1.4800,0.1889,0.3342,0.0357,0.0360,0.0127,0.0488
1.4900,0.1999,0.4562,0.0412,-0.1471,0.0127,0.0488
1.5000,0.1999,0.2121,0.0467,-0.0861,0.0127,0.0488
1.5100,0.1999,-0.2762,0.0467,0.0360,0.0343,-0.0488
1.5200,0.1999,-0.2762,0.0522,0.0970,0.0343,-0.0488
1.5300,0.1999,-0.2151,0.0522,0.0970,0.0541,-0.0244
1.5402,0.1944,-0.4593,0.0577,0.0360,0.0541,-0.0244
1.5500,0.1944,-0.4593,0.0631,-0.1471,-0.0188,-0.0244
1.5601,0.1944,-0.4593,0.0631,-0.3302,-0.0188,-0.0244
1.5700,0.1944,-0.4593,0.0631,-0.4523,-0.0024,0.0244
1.5801,0.1669,-0.7034,0.0577,-0.5133,-0.0024,0.0244
1.5900,0.1614,-0.7645,0.0577,-0.5743,0.0343,-0.0244
1.6000,0.1560,-0.6424,0.0577,-0.5743,0.0343,-0.0244
1.6101,0.1505,-0.5203,0.0522,-0.3912,-0.0024,-0.0226
1.6200,0.1450,-0.2762,0.0522,-0.0861,-0.0024,-0.0226
1.6300,0.1450,-0.2762,0.0522,-0.1471,0.0033,-0.0214
1.6401,0.1450,-0.0320,0.0522,-0.3912,0.0353,-0.0214
1.6506,0.1450,-0.1541,0.0467,-0.5743,0.0353,-0.0214
1.6607,0.1450,-0.2762,0.0412,-0.5133,0.0367,-0.0488
1.6701,0.1395,-0.2151,0.0412,-0.5133,0.0367,-0.0488
1.6802,0.1340,-0.1541,0.0412,-0.2081,0.0367,-0.0488
1.6900,0.1340,-0.1541,0.0357,-0.2692,0.0353,-0.0305
1.7000,0.1340,-0.1541,0.0357,-0.2692,0.0353,-0.0305
1.7102,0.1285,-0.3372,0.0247,-0.5133,0.0000,0.0134
1.7200,0.1175,-0.6424,0.0137,-0.3912,0.0000,0.0134
1.7300,0.1120,-0.7034,0.0137,-0.3912,0.0103,-0.0165
1.7400,0.1065,-0.5814,0.0137,-0.3302,0.0103,-0.0165
1.7500,0.1010,-0.4593,0.0082,-0.2081,0.0197,-0.0043
1.7600,0.0955,-0.4593,0.0137,-0.1471,0.0197,-0.0043
1.7701,0.0955,-0.4593,0.0137,-0.2081,0.0103,-0.0305
1.7800,0.0900,-0.5203,0.0137,-0.2692,0.0103,-0.0305
1.7900,0.0900,-0.5203,0.0137,-0.2692,0.0103,-0.0305
1.8000,0.0845,-0.5203,0.0137,-0.5743,0.0103,-0.0305
1.8100,0.0790,-0.0931,0.0137,-0.5743,0.0197,-0.0287
1.8200,0.0790,0.0290,0.0082,-0.6354,0.0197,-0.0287
1.8300,0.0790,0.0290,0.0027,-0.5743,0.0197,-0.0287
1.8404,0.0790,-0.2151,-0.0028,-0.6354,0.0367,-0.0275
1.8500,0.0790,-0.2151,-0.0083,-0.3912,0.0367,-0.0275
1.8600,0.0681,-0.5203,-0.0083,-0.2081,0.0367,-0.0275
1.8701,0.0626,-0.5203,-0.0083,-0.1471,0.0150,-0.0305
1.8802,0.0626,-0.5203,-0.0083,-0.1471,0.0150,-0.0305
1.8902,0.0571,-0.2151,-0.0083,-0.2692,0.0150,-0.0305
1.9001,0.0571,0.0290,-0.0083,-0.3912,0.0150,-0.0305
1.9105,0.0571,0.0290,-0.0138,-0.3912,0.0150,-0.0305
1.9200,0.0571,0.0290,-0.0138,-0.3302,0.0367,0.0195
1.9300,0.0516,-0.1541,-0.0193,-0.2692,0.0367,0.0195
1.9400,0.0516,-0.0931,-0.0193,-0.3912,0.0367,0.0195
1.9500,0.0516,-0.1541,-0.0193,-0.3912,0.0367,0.0195
1.9600,0.0516,-0.2151,-0.0247,-0.3912,0.0367,0.0195
1.9704,0.0516,-0.2151,-0.0247,-0.0861,0.0367,0.0195
1.9800,0.0516,-0.2151,-0.0247,-0.0861,0.0367,0.0195
1.9900,0.0516,-0.2151,-0.0193,-0.1471,0.0367,0.0195
2.0000,0.0461,-0.3372,-0.0193,-0.1471,0.0367,0.0195
2.0100,0.0351,-0.3372,-0.0138,-0.1471,0.0367,-0.0317
2.0200,0.0351,-0.2762,-0.0138,-0.1471,0.0367,-0.0317
2.0301,0.0296,-0.2151,-0.0138,-0.1471,0.0414,-0.0043
2.0400,0.0296,-0.2151,-0.0138,-0.1471,0.0414,-0.0043
2.0500,0.0296,-0.0931,-0.0138,-0.1471,0.0212,-0.0043
2.0600,0.0296,-0.0320,-0.0028,-0.1471,0.0212,-0.0043
2.0706,0.0296,-0.0320,-0.0028,-0.1471,0.0212,-0.0043
2.0801,0.0296,-0.0320,-0.0028,-0.1471,0.0212,-0.0043
2.0901,0.0296,-0.1541,-0.0028,-0.1471,0.0212,-0.0043
2.1001,0.0296,-0.1541,0.0027,-0.1471,0.0306,-0.0287
2.1100,0.0296,-0.1541,0.0027,-0.1471,0.0306,-0.0287
2.1200,0.0296,-0.1541,0.0027,-0.1471,0.0306,-0.0287
2.1303,0.0296,-0.2151,0.0082,-0.1471,0.0367,-0.0305
2.1400,0.0186,-0.5203,0.0082,-0.1471,0.0367,-0.0305
2.1500,0.0076,-0.5203,0.0137,-0.1471,0.0367,-0.0305
2.1600,0.0076,-0.5203,0.0137,-0.1471,0.0367,-0.0305
2.1700,0.0076,-0.0931,0.0137,-0.1471,0.0400,-0.0317
2.1800,0.0076,0.1511,0.0137,-0.1471,0.0212,-0.0305
2.1900,0.0076,0.1511,0.0192,-0.1471,0.0212,-0.0305
2.2000,0.0076,0.1511,0.0192,-0.1471,0.0000,-0.0317
2.2100,0.0131,0.4562,0.0247,-0.1471,0.0000,-0.0317
2.2204,0.0241,-0.0320,0.0247,-0.1471,0.0000,-0.0317
2.2301,0.0241,-0.0320,0.0247,-0.1471,0.0367,-0.0305
2.2403,0.0186,-0.3983,0.0247,-0.1471,0.0367,-0.0305
2.2501,0.0186,-0.3983,0.0247,-0.1471,-0.0268,-0.0305
2.2600,0.0131,-0.5203,0.0302,-0.1471,0.0000,-0.0287
2.2704,0.0076,-0.5203,0.0302,-0.1471,0.0000,-0.0287
2.2800,0.0021,-0.5203,0.0357,-0.1471,0.0000,-0.0287
2.2901,0.0021,-0.5203,0.0357,-0.1471,-0.0127,-0.0336
2.3000,0.0021,-0.3983,0.0357,-0.1471,-0.0127,-0.0336
2.3100,0.0021,-0.3983,0.0357,-0.1471,0.0221,-0.0031
2.3200,-0.0088,-0.0931,0.0357,-0.1471,0.0221,-0.0031
2.3300,-0.0088,-0.0931,0.0412,-0.1471,0.0291,-0.0287
2.3400,-0.0088,0.0290,0.0412,-0.1471,0.0291,-0.0287
2.3500,-0.0034,0.0290,0.0412,-0.1471,-0.0268,-0.0305
2.3600,-0.0034,0.0290,0.0467,-0.1471,-0.0268,-0.0305
2.3701,-0.0088,-0.2762,0.0467,-0.1471,0.0367,-0.0073
2.3801,-0.0143,-0.3983,0.0467,-0.1471,0.0367,-0.0073
2.3904,-0.0143,-0.3983,0.0467,-0.1471,0.0000,-0.0567
2.4001,-0.0198,-0.2151,0.0467,-0.1471,0.0000,-0.0567
2.4100,-0.0198,-0.0320,0.0522,-0.1471,0.0000,-0.0567
2.4201,-0.0198,0.0290,0.0522,-0.1471,0.0000,-0.0567
2.4301,-0.0198,0.0290,0.0522,-0.1471,0.0000,-0.0567
2.4400,-0.0198,0.0290,0.0522,-0.1471,0.0000,-0.0567
2.4500,-0.0198,0.0290,0.0522,-0.1471,0.0423,-0.0287
2.4600,-0.0198,0.0290,0.0577,-0.1471,0.0423,-0.0287
2.4700,-0.0143,-0.0320,0.0577,-0.1471,0.0329,-0.0305
2.4804,-0.0198,-0.2151,0.0577,-0.1471,0.0329,-0.0305
2.4900,-0.0198,-0.0931,0.0577,-0.1471,0.0367,-0.0317
2.5000,-0.0198,0.0290,0.0577,-0.1471,0.0367,-0.0317
2.5102,-0.0198,0.0900,0.0577,-0.1471,0.0291,0.0445
2.5200,-0.0198,0.0900,0.0577,-0.1471,0.0291,0.0445
2.5300,-0.0198,0.0900,0.0631,-0.1471,-0.0212,-0.0287
2.5400,-0.0143,0.2731,0.0631,-0.1471,-0.0212,-0.0287
2.5506,-0.0088,0.2121,0.0631,-0.1471,0.0367,-0.0305
2.5600,-0.0088,0.0900,0.0631,-0.1471,0.0080,-0.0031
2.5704,-0.0034,0.0290,0.0631,-0.1471,0.0080,-0.0031
2.5801,-0.0034,0.1511,0.0631,-0.1471,0.0080,-0.0031
2.5902,0.0021,0.2731,0.0631,-0.1471,0.0141,-0.0317
2.6000,0.0021,0.3952,0.0631,-0.1471,0.0000,-0.0305
2.6103,0.0021,0.3952,0.0631,-0.1471,0.0000,-0.0305
2.6201,0.0076,0.4562,0.0686,-0.1471,0.0000,-0.0305
2.6300,0.0076,0.4562,0.0686,-0.1471,0.0367,-0.0305
2.6400,0.0186,0.5173,0.0686,-0.1471,0.0367,-0.0305
2.6502,0.0296,0.5783,0.0686,-0.1471,0.0212,-0.0305
2.6601,0.0406,0.3342,0.0686,-0.1471,0.0367,-0.0287
2.6701,0.0461,0.2731,0.0686,-0.1471,0.0367,-0.0287
2.6804,0.0461,0.2731,0.0686,-0.1471,0.0141,-0.0305
2.6900,0.0461,0.2731,0.0686,-0.1471,0.0141,-0.0305
2.7000,0.0571,0.3342,0.0686,-0.1471,0.0141,-0.0305
2.7100,0.0571,0.3342,0.0686,-0.1471,-0.0127,-0.0305
2.7200,0.0681,0.4562,0.0686,-0.1471,-0.0127,-0.0305
2.7300,0.0736,0.3342,0.0741,-0.1471,0.0000,-0.0305
2.7400,0.0736,0.3342,0.0741,-0.1471,0.0000,-0.0305
2.7500,0.0736,0.3342,0.0741,-0.1471,-0.0056,-0.0073
2.7600,0.0736,0.3342,0.0741,-0.1471,-0.0056,-0.0073
2.7701,0.0736,0.3342,0.0741,-0.1471,0.0423,-0.0043
2.7800,0.0845,0.3952,0.0741,-0.1471,0.0423,-0.0043
2.7900,0.1010,0.6393,0.0741,-0.1471,-0.0056,0.0195
2.8001,0.1120,0.5173,0.0741,-0.1471,-0.0056,0.0195
2.8100,0.1120,0.5173,0.0741,-0.1471,0.0080,-0.0275
2.8201,0.1175,0.5173,0.0741,-0.1471,0.0080,-0.0275
2.8306,0.1230,0.6393,0.0796,-0.1471,0.0080,-0.0275
2.8400,0.1230,0.6393,0.0796,-0.1471,0.0080,-0.0275
2.8500,0.1285,0.5783,0.0796,-0.1471,0.0212,-0.0275
2.8601,0.1395,0.5173,0.0796,-0.1471,0.0212,-0.0275
2.8700,0.1505,0.2121,0.0796,-0.1471,-0.0212,-0.0824
2.8800,0.1505,0.2121,0.0796,-0.1471,-0.0212,-0.0824
2.8900,0.1505,0.2121,0.0796,-0.1471,0.0212,-0.0043
2.9003,0.1560,0.3342,0.0906,0.3412,0.0212,-0.0043
2.9101,0.1724,0.8835,0.1071,0.5243,0.0080,-0.0317
2.9200,0.1944,0.6393,0.1236,0.5853,0.0080,-0.0317
2.9300,0.1999,0.4562,0.1236,0.5853,0.0367,-0.0031
2.9400,0.1999,0.4562,0.1346,0.5243,0.0367,-0.0031
2.9500,0.2054,0.2731,0.1455,-0.2081,0.0150,-0.0275
2.9600,0.2054,0.2731,0.1455,-0.2081,0.0150,-0.0275
2.9700,0.2109,0.2731,0.1455,-0.3302,0.0150,-0.0275
2.9801,0.2109,0.2731,0.1455,-0.1471,0.0150,-0.0275
2.9900,0.2219,-0.1541,0.1510,0.2191,-0.0118,-0.0073
3.0000,0.2219,-0.2762,0.1510,0.2191,-0.0118,-0.0073
3.0107,0.2164,-0.5203,0.1510,-0.0250,-0.0118,-0.0073
3.0200,0.2109,-0.7645,0.1510,-0.0250,-0.0118,-0.0073
3.0300,0.2109,-0.7645,0.1510,0.0360,0.0000,-0.0073
3.0400,0.2109,-0.7645,0.1565,0.0360,0.0000,-0.0073
3.0501,0.1944,-0.4593,0.1565,-0.0250,-0.0212,-0.0043
3.0600,0.1999,0.5783,0.1565,-0.0861,-0.0212,-0.0043
3.0700,0.1999,0.5783,0.1565,-0.0861,-0.0212,-0.0043
3.0800,0.1999,0.5783,0.1565,-0.0861,-0.0212,-0.0043
3.0900,0.1999,0.5783,0.1565,0.1581,0.0000,-0.0043
3.1001,0.2109,0.5783,0.1620,0.1581,0.0000,-0.0043
3.1100,0.2164,-0.3372,0.1675,0.1581,0.0141,-0.0336
3.1200,0.2109,-0.2762,0.1675,-0.0250,0.0141,-0.0336
3.1300,0.2109,-0.0320,0.1675,-0.1471,0.0150,-0.0287
3.1400,0.2109,0.0900,0.1675,-0.1471,0.0000,-0.0305
3.1500,0.2054,-0.5203,0.1675,-0.1471,0.0000,-0.0305
3.1603,0.2054,-0.5203,0.1730,-0.1471,0.0000,-0.0305
3.1702,0.2054,-0.5203,0.1785,-0.0250,0.0000,-0.0043
3.1800,0.1944,-0.7645,0.1785,-0.0250,0.0000,-0.0043
3.1900,0.1889,0.0290,0.1840,0.0970,0.0414,-0.0043
3.2006,0.1889,-0.0320,0.1895,0.0360,0.0414,-0.0043
3.2100,0.1834,-0.2762,0.1895,0.0360,0.0329,-0.0043
3.2200,0.1834,-0.4593,0.1950,-0.0861,0.0329,-0.0043
3.2304,0.1834,-0.4593,0.1950,-0.3302,0.0329,-0.0043
3.2400,0.1779,-0.4593,0.1950,-0.3302,0.0329,-0.0043
3.2501,0.1724,-0.3983,0.1950,-0.3302,0.0212,-0.0305
3.2600,0.1669,-0.2762,0.1950,-0.5133,0.0080,-0.0031
3.2700,0.1669,-0.2762,0.1895,-0.4523,0.0080,-0.0031
3.2802,0.1669,-0.2762,0.1895,-0.4523,0.0080,-0.0031
3.2902,0.1669,-0.0931,0.1895,-0.2692,0.0423,-0.0043
3.3000,0.1669,-0.0931,0.1895,0.0360,0.0423,-0.0043
3.3101,0.1724,0.2121,0.1950,0.0970,0.0000,-0.0305
3.3200,0.1779,0.4562,0.1950,0.0970,0.0000,-0.0305
3.3301,0.1889,0.3952,0.1840,-0.5743,0.0268,-0.0073
3.3400,0.1944,0.0900,0.1840,-0.5743,0.0268,-0.0073
3.3500,0.1834,-0.7034,0.1785,-0.6354,-0.0212,0.0226
3.3600,0.1834,-0.7034,0.1675,-0.6964,-0.0212,0.0226
3.3700,0.1834,-0.5814,0.1565,-0.3912,-0.0056,-0.0031
3.3800,0.1779,-0.3983,0.1565,-0.3912,-0.0056,-0.0031
3.3900,0.1779,-0.2151,0.1510,-0.3302,-0.0056,-0.0031
3.4002,0.1779,-0.2151,0.1510,-0.2692,-0.0056,-0.0031
3.4100,0.1779,-0.2151,0.1510,-0.2692,0.0635,-0.0073
3.4200,0.1724,-0.0320,0.1510,-0.2692,0.0635,-0.0073
3.4300,0.1724,-0.1541,0.1510,-0.3302,0.0635,-0.0073
3.4400,0.1614,-0.7034,0.1510,-0.3912,-0.0555,-0.0043
3.4504,0.1614,-0.7034,0.1510,-0.2692,-0.0555,-0.0043
3.4608,0.1560,-0.4593,0.1455,-0.3912,-0.0555,-0.0043
3.4700,0.1560,-0.1541,0.1455,-0.3912,-0.0555,-0.0043
3.4804,0.1614,0.2731,0.1455,-0.3912,-0.0555,-0.0043
3.4900,0.1614,0.2731,0.1455,-0.2081,-0.0555,-0.0043
3.5000,0.1614,0.2731,0.1455,-0.1471,0.0212,-0.0043
3.5100,0.1724,-0.0320,0.1510,-0.1471,0.0212,-0.0043
3.5200,0.1724,-0.0320,0.1510,-0.2081,0.0212,-0.0043
3.5302,0.1669,-0.4593,0.1510,-0.4523,0.0071,-0.0031
3.5400,0.1560,-0.9476,0.1455,-0.6354,0.0071,-0.0031
3.5500,0.1450,-0.8865,0.1400,-0.5743,0.0141,0.0195
3.5606,0.1395,-0.4593,0.1400,-0.5743,0.0141,0.0195
3.5704,0.1395,0.0290,0.1346,-0.3912,-0.0291,-0.0305
3.5800,0.1395,0.0900,0.1346,-0.2081,-0.0291,-0.0305
3.5900,0.1395,0.0900,0.1346,-0.1471,0.0141,-0.0287
3.6000,0.1395,0.0900,0.1400,0.0360,0.0141,-0.0287
3.6100,0.1395,0.0900,0.1455,0.1581,0.0221,-0.0043
3.6200,0.1395,0.0900,0.1510,0.0360,0.0221,-0.0043
3.6300,0.1340,-0.9476,0.1510,0.0360,0.0221,-0.0043
3.6400,0.1395,1.1887,0.1510,-0.2081,0.0221,-0.0043
3.6500,0.1395,1.1887,0.1510,-0.2081,-0.0080,-0.0061
3.6600,0.1505,0.8224,0.1455,-0.2692,-0.0080,-0.0061
3.6700,0.1505,-0.3983,0.1455,-0.1471,0.0009,-0.0305
3.6800,0.1340,-1.7410,0.1400,-0.5743,0.0127,-0.0061
3.6906,0.1175,-1.7410,0.1400,-0.5743,0.0127,-0.0061
3.7001,0.1065,0.3342,0.1400,-0.5743,0.0127,-0.0061
3.7107,0.1120,0.7614,0.1291,-0.4523,0.0127,-0.0061
3.7201,0.1120,0.7614,0.1236,-0.4523,0.0127,-0.0061
3.7300,0.1120,0.7614,0.1236,-0.4523,0.0009,-0.0567
3.7400,0.1120,0.7614,0.1126,-0.5133,0.0009,-0.0567
3.7500,0.1175,0.5173,0.1071,-0.3912,-0.0127,0.0214
3.7600,0.1230,-0.2762,0.1126,0.1581,-0.0127,0.0214
3.7700,0.1175,-0.8255,0.1126,0.1581,0.0033,-0.0317
3.7800,0.1120,-1.0696,0.1236,0.5853,0.0033,-0.0317
3.7901,0.1010,-0.7034,0.1291,-0.6964,0.0033,-0.0317
3.8000,0.1010,-0.7034,0.1126,-1.5509,0.0033,-0.0317
3.8100,0.1010,0.0290,0.1016,-0.8795,-0.0414,0.0183
3.8200,0.1065,0.5173,0.1016,0.0970,0.0000,0.0195
3.8300,0.1065,0.1511,0.1071,0.5853,0.0000,0.0195
3.8400,0.0900,-0.9476,0.1071,0.5853,0.0000,0.0195
3.8500,0.0900,-0.9476,0.1126,0.2191,0.0000,-0.0305
3.8600,0.0845,0.2121,0.1126,-0.3302,-0.0423,-0.0043
3.8700,0.0845,0.2121,0.1181,-0.3912,-0.0423,-0.0043
3.8800,0.0845,0.2121,0.1181,-0.3912,-0.0423,-0.0043
3.8901,0.1065,0.8224,0.1236,-0.1471,-0.0423,-0.0043
3.9007,0.1065,0.8224,0.1291,0.0360,0.0437,-0.0073
3.9100,0.1120,0.4562,0.1291,0.0360,0.0437,-0.0073
3.9200,0.1120,0.4562,0.1291,-0.0861,0.0282,0.0195
3.9300,0.1120,0.4562,0.1346,-0.1471,0.0282,0.0195
3.9400,0.1120,0.0900,0.1455,0.7074,-0.0127,-0.0061
3.9500,0.1120,-0.0320,0.1840,2.9657,-0.0127,-0.0061
3.9600,0.1120,0.0900,0.1840,2.9657,-0.0127,-0.0061
3.9706,0.1614,2.0432,0.2060,0.7684,-0.0127,-0.0061
3.9800,0.1285,-4.3655,0.2060,0.7684,-0.0127,-0.0061
3.9900,-0.2451,-20.6619,0.0027,-12.1710,0.0000,-0.0305
4.0000,-0.4648,-18.0374,-0.1676,-13.8190,0.0000,0.0183
4.0100,-0.4648,-18.0374,-0.4587,-8.0817,0.0000,0.0183
4.0200,-0.6296,-11.6898,-0.5686,-5.7013,0.0000,0.0183
4.0301,-0.7230,-5.7083,-0.5686,-5.7013,0.0437,-0.0256
4.0401,-0.7834,-4.1214,-0.7883,-9.1193,0.0437,-0.0256
4.0504,-0.7834,-4.1214,-0.7883,-9.1193,0.0437,-0.0256
4.0600,-0.7834,-4.1214,-0.9366,-11.9269,-0.0165,0.0134
4.0700,-0.8768,-8.8211,-1.2277,-9.6075,-0.0165,0.0134
4.0801,-1.2613,-5.3421,-1.3431,-7.5934,-0.0080,-0.0043
4.0900,-1.2338,3.9963,-1.4585,-7.5934,-0.0080,-0.0043
4.1000,-1.0141,7.4753,-1.5903,-8.9972,-0.0080,-0.0043
4.1101,-0.9701,4.9118,-1.7111,-9.7296,0.0000,-0.0043
4.1200,-0.8548,13.7619,-1.7111,-9.7296,0.0000,-0.0043
4.1300,-0.8548,13.7619,-1.8045,-9.4855,0.0009,-0.0031
4.1400,-0.8548,13.7619,-1.8759,-6.0675,0.0009,-0.0031
4.1500,-0.5362,11.8698,-1.8320,-5.5182,-0.0531,-0.0244
4.1600,-0.5746,-6.7459,-1.6727,3.6371,-0.0531,-0.0244
4.1700,-0.7175,-14.6805,-1.3925,12.5482,-0.0531,-0.0244
4.1800,-0.5691,12.4191,-1.0630,17.6752,-0.0531,-0.0244
4.1905,-0.4813,15.1047,-1.0630,17.6752,-0.0103,-0.0336
4.2000,-0.4813,15.1047,-0.7114,22.0697,-0.0103,-0.0336
4.2100,-0.1077,23.0392,-0.3543,24.4501,-0.0103,-0.0336
4.2200,-0.1077,23.0392,0.5081,36.2299,-0.0103,-0.0336
4.2300,0.1065,27.6779,1.0684,47.6434,-0.0376,0.0043
4.2400,0.1065,27.6779,1.7495,57.7753,0.0047,0.0226
4.2500,0.1065,27.6779,1.7495,57.7753,0.0047,0.0226
4.2600,0.5789,23.0392,2.5076,63.2684,0.0047,0.0226
4.2701,0.8536,16.4474,3.4689,70.0433,-0.0103,0.0104
4.2805,1.0458,19.8654,5.6827,103.5516,-0.0103,0.0104
4.2900,1.0458,19.8654,7.0999,126.0126,-0.0103,0.0104
4.3000,1.2491,22.4899,7.0999,126.0126,-0.0103,0.0104
4.3100,1.5952,17.9733,10.5771,157.0795,-0.0103,0.0104
4.3200,1.7709,17.6682,12.0382,116.3080,-0.0103,0.0104
4.3306,1.7709,17.6682,12.0382,116.3080,-0.0103,-0.0336
4.3400,2.1225,15.5319,12.0382,116.3080,-0.0103,-0.0336
4.3500,2.2928,15.8371,13.6477,-11.9879,-0.0103,-0.0336
4.3600,2.2928,15.8371,13.6477,-11.9879,-0.0103,-0.0336
4.3700,2.2928,15.8371,13.5324,7.1771,-0.0103,-0.0336
4.3800,2.2928,15.8371,14.0487,76.2079,-0.0103,-0.0336
4.3900,2.2928,15.8371,15.0869,113.6224,-0.0103,-0.0336
4.4000,2.4686,17.0578,15.0869,113.6224,-0.0103,-0.0336
4.4101,2.7597,8.5129,16.2350,109.9603,-0.0103,-0.0336
4.4202,2.7982,6.3766,18.1466,66.9305,-0.0103,-0.0336
4.4300,2.7982,6.3766,18.9761,63.0853,-0.0103,-0.0336
4.4400,2.8531,4.6677,19.7836,56.7987,-0.0103,-0.0336
4.4501,2.8861,1.7380,19.7836,56.7987,-0.0103,-0.0336
4.4600,2.8861,1.7380,21.3162,51.8549,-0.0103,-0.0336
4.4703,2.8861,0.0290,21.3162,51.8549,-0.0103,-0.0336
4.4801,2.8531,-5.8304,21.9699,47.7045,-0.0103,-0.0336
4.4900,2.8531,-5.8304,22.9367,52.7094,-0.0103,-0.0336
4.5000,2.7652,-11.9949,23.5959,72.9730,-0.0103,-0.0336
4.5100,2.6498,-15.9622,24.5297,109.3500,-0.0103,-0.0336
4.5201,2.3587,-20.5399,25.8371,153.2953,-0.0103,-0.0336
4.5300,2.1664,-24.2020,25.8371,153.2953,-0.0103,-0.0336
4.5400,2.1664,-24.2020,27.4521,180.1508,-0.0103,-0.0336
4.5500,1.6776,-29.0237,29.2099,185.9491,-0.0103,-0.0336
4.5601,1.3699,-33.1131,32.2586,137.9755,-0.0103,-0.0336
4.5700,1.3699,-33.1131,33.2254,94.6405,-0.0103,-0.0336
4.5801,1.3699,-33.1131,33.7253,44.8358,-0.0103,-0.0336
4.5900,0.7163,-31.4041,33.6813,-10.5231,-0.0103,-0.0336
4.6003,0.7163,-31.4041,33.6813,-10.5231,-0.0103,-0.0336
4.6100,0.7163,-31.4041,33.0606,-65.8820,-0.0103,-0.0336
4.6201,0.7163,-31.4041,31.9510,-105.0055,-0.0103,-0.0336
4.6300,0.7163,-31.4041,29.1275,-127.2223,-0.0103,-0.0336
4.6400,-0.3989,-31.9534,27.6004,-131.6779,-0.0103,-0.0336
4.6501,-1.1514,-26.1551,25.9854,-137.6593,-0.0103,-0.0336
4.6600,-1.1514,-26.1551,24.4418,-123.5602,-0.0103,-0.0336
4.6700,-1.1514,-26.1551,23.3706,-81.8121,-0.0103,-0.0336
4.6803,-1.1514,-26.1551,23.3706,-81.8121,-0.0103,-0.0336
4.6900,-1.1514,-26.1551,22.9257,-28.1012,-0.0103,-0.0336
4.7000,-1.1514,-26.1551,22.7939,-14.3683,-0.0103,-0.0336
4.7100,-1.1514,-26.1551,21.8490,-37.6227,-0.0103,-0.0336
4.7202,-1.1514,-26.1551,21.4645,-20.5328,-0.0103,-0.0336
4.7300,-1.2503,-21.1502,21.0965,-27.9791,-0.0103,-0.0336
4.7400,-1.2558,14.0060,20.5197,-54.7736,-0.0103,-0.0336
4.7501,-0.0034,59.5383,20.5197,-54.7736,-0.0103,-0.0336
4.7601,2.1335,64.2990,19.7067,-79.6759,-0.0103,-0.0336
4.7700,2.7048,49.7726,18.3554,-59.3512,-0.0103,-0.0336
4.7809,2.7048,49.7726,17.9544,-43.5431,-0.0103,-0.0336
4.7900,2.7048,49.7726,17.3666,-45.0690,-0.0103,-0.0336
4.8000,3.6496,19.3771,16.5811,-52.9425,-0.0103,-0.0336
4.8102,4.3362,39.3967,15.8230,-58.0695,-0.0103,-0.0336
4.8202,4.3362,39.3967,15.8230,-58.0695,-0.0103,-0.0336
4.8300,4.9515,63.6276,15.1254,-55.6281,-0.0103,-0.0336
4.8400,6.8631,100.9811,13.7027,-54.5905,-0.0103,-0.0336
4.8501,6.8631,100.9811,12.9831,-60.5109,-0.0103,-0.0336
4.8600,8.0002,110.6857,12.2690,-64.7833,-0.0103,-0.0336
4.8701,10.5106,128.6911,11.5384,-68.6896,-0.0103,-0.0336
4.8804,11.8234,129.0573,10.7583,-75.3424,-0.0103,-0.0336
4.8900,13.1033,125.6393,10.7583,-75.3424,-0.0103,-0.0336
4.9000,14.3173,118.3762,9.9289,-80.6525,-0.0103,-0.0336
4.9101,15.4324,108.5495,8.2315,-79.6149,-0.0103,-0.0336
4.9200,15.4324,108.5495,7.3800,-75.5865,-0.0103,-0.0336
4.9307,16.4542,100.1266,7.3800,-75.5865,-0.0103,-0.0336
4.9400,18.2669,88.4079,5.7815,-63.6847,-0.0103,-0.0336
4.9500,19.0030,85.9055,5.0345,-59.2291,-0.0103,-0.0336
4.9600,19.0030,85.9055,5.0345,-59.2291,-0.0103,-0.0336
4.9701,20.4697,85.1120,4.2874,-56.2384,-0.0103,-0.0336
4.9801,20.4697,85.1120,3.5733,-50.6232,-0.0103,-0.0336
4.9906,20.4697,85.1120,2.8811,-48.1818,-0.0103,-0.0336
5.0002,22.3373,114.4089,1.5628,-47.8766,-0.0103,-0.0336
5.0100,23.6118,141.5085,1.5628,-47.8766,-0.0103,-0.0336
5.0200,25.0839,158.6594,1.5628,-47.8766,-0.0103,-0.0336
5.0300,26.5451,152.1286,0.5410,-35.7306,-0.0103,-0.0336
5.0404,27.7921,123.6862,-0.0083,-36.9513,-0.0103,-0.0336
5.0500,27.7921,123.6862,-0.9641,-31.2140,-0.0103,-0.0336
5.0600,27.7921,123.6862,-0.9641,-31.2140,-0.0103,-0.0336
5.0700,30.0937,54.1672,-1.5244,-27.0636,-0.0103,-0.0336
5.0800,30.5716,37.6266,-1.5244,-27.0636,-0.0103,-0.0336
5.0900,30.8353,16.9357,-1.9583,-16.8097,-0.0103,-0.0336
5.1000,30.3409,-51.5457,-1.9583,-16.8097,-0.0103,-0.0336
5.1100,30.3409,-51.5457,-2.1286,-10.0958,-0.0103,-0.0336
5.1200,30.3409,-51.5457,-2.1286,-10.0958,-0.0103,-0.0336
5.1300,28.4293,-105.3787,-2.1616,-1.2457,-0.0103,-0.0336
5.1400,27.2702,-113.2523,-1.4640,37.0233,-0.0103,-0.0336
5.1501,26.1551,-108.5526,0.3103,70.0433,-0.0103,-0.0336
5.1600,25.1389,-101.0452,1.3980,72.6678,-0.0103,-0.0336
5.1700,23.2163,-82.1243,1.3980,72.6678,-0.0103,-0.0336
5.1800,23.2163,-82.1243,2.5186,74.2548,-0.0103,-0.0336
5.1900,23.2163,-82.1243,4.1885,38.0609,-0.0103,-0.0336
5.2006,22.8207,-2.5345,4.1885,38.0609,-0.0103,-0.0336
5.2100,22.8207,-2.5345,4.1885,38.0609,-0.0103,-0.0336
5.2200,21.9199,-54.2923,4.1885,38.0609,-0.0103,-0.0336
5.2300,21.4749,-33.4183,5.5838,41.8451,-0.0103,-0.0336
5.2400,21.1234,-21.0892,7.4075,58.3856,-0.0103,-0.0336
5.2500,20.3873,-53.9261,8.4512,62.1088,-0.0103,-0.0336
5.2600,20.3873,-53.9261,10.6924,81.8842,-0.0103,-0.0336
5.2701,19.5798,-67.1707,12.0877,101.1713,-0.0103,-0.0336
5.2803,18.9920,-51.7899,13.5379,108.3734,-0.0103,-0.0336
5.2901,18.9920,-51.7899,14.9936,116.1249,-0.0103,-0.0336
5.3000,18.9920,-51.7899,16.4602,118.6884,-0.0103,-0.0336
5.3100,18.9920,-51.7899,16.4602,118.6884,-0.0103,-0.0336
5.3200,18.0527,-47.8836,17.8775,111.2421,-0.0103,-0.0336
5.3300,15.4324,-69.7342,20.3494,89.3304,-0.0103,-0.0336
5.3400,15.4324,-69.7342,21.3821,82.6776,-0.0103,-0.0336
5.3500,15.4324,-69.7342,22.2995,77.2455,-0.0103,-0.0336
5.3602,14.6964,-68.7576,23.0081,75.9027,-0.0103,-0.0336
5.3700,13.9932,-67.9031,23.0081,75.9027,-0.0103,-0.0336
5.3800,11.9278,-68.2693,23.8101,81.8842,-0.0103,-0.0336
5.3900,11.9278,-68.2693,24.6615,94.2133,-0.0103,-0.0336
5.4000,11.9278,-68.2693,26.6501,111.8524,-0.0103,-0.0336
5.4100,11.2741,-68.9407,27.6663,112.2186,-0.0103,-0.0336
5.4203,10.6424,-66.8655,27.6663,112.2186,-0.0103,-0.0336
5.4300,8.8187,-68.3304,29.6603,105.3217,-0.0103,-0.0336
5.4400,8.1265,-69.4901,30.5227,92.1991,-0.0103,-0.0336
5.4500,7.4728,-71.3211,30.5227,92.1991,-0.0103,-0.0336
5.4600,7.4728,-71.3211,31.2973,86.0956,-0.0103,-0.0336
5.4700,7.4728,-71.3211,33.1979,118.5663,-0.0103,-0.0336
5.4800,6.1600,-77.3636,33.1979,118.5663,-0.0103,-0.0336
5.4901,6.1600,-77.3636,36.2796,166.2347,-0.0103,-0.0336
5.5001,6.1600,-77.3636,37.8616,148.3514,-0.0103,-0.0336
5.5100,5.4678,-78.5233,39.0316,102.3309,-0.0103,-0.0336
5.5200,4.7757,-79.0115,39.0316,102.3309,-0.0103,-0.0336
5.5300,3.3640,-75.5936,39.6084,41.8451,-0.0103,-0.0336
5.5400,1.4908,-50.3250,38.8394,-96.4606,-0.0103,-0.0336
5.5500,1.4908,-50.3250,37.3947,-137.7203,-0.0103,-0.0336
5.5600,1.4908,-50.3250,35.7962,-139.9176,-0.0103,-0.0336
5.5700,1.0788,-39.3387,34.3844,-120.9967,-0.0103,-0.0336
5.5800,0.4526,-27.0096,33.0441,-121.4850,-0.0103,-0.0336
5.5900,0.2054,-25.3006,33.0441,-121.4850,-0.0103,-0.0336
5.6000,-0.0638,-28.2303,33.0441,-121.4850,-0.0103,-0.0336
5.6100,-0.0638,-28.2303,28.3804,-104.1510,-0.0103,-0.0336
5.6200,-0.5307,-19.1360,27.6498,-37.3175,-0.0103,-0.0336
5.6300,-0.5307,-19.1360,27.5674,13.3417,-0.0103,-0.0336
5.6400,-0.6461,1.2497,27.5674,-2.8326,-0.0103,-0.0336
5.6500,-0.4813,19.1330,27.1060,-48.0597,-0.0103,-0.0336
5.6600,0.3757,54.4724,27.1060,-48.0597,-0.0103,-0.0336
5.6700,1.1118,77.0554,26.3754,-68.0792,-0.0103,-0.0336
5.6800,1.1118,77.0554,25.2163,-41.7120,-0.0103,-0.0336
5.6900,2.0291,92.7414,24.9527,-37.5616,-0.0103,-0.0336
5.7001,3.0563,103.2394,24.4418,-50.3790,-0.0103,-0.0336
5.7100,5.3580,116.5451,23.5629,-70.6427,-0.0103,-0.0336
5.7201,6.5500,119.1696,22.7060,-75.5865,-0.0103,-0.0336
5.7301,6.5500,119.1696,22.7060,-75.5865,-0.0103,-0.0336
5.7401,8.9835,125.3952,21.9919,-67.8961,-0.0103,-0.0336
5.7500,10.2689,126.7380,20.6735,-62.4030,-0.0103,-0.0336
5.7601,10.2689,126.7380,20.0253,-57.6422,-0.0103,-0.0336
5.7700,10.2689,126.7380,19.3496,-56.7877,-0.0103,-0.0336
5.7801,14.0756,121.6110,18.6520,-60.5719,-0.0103,-0.0336
5.7900,14.0756,121.6110,17.9324,-65.4547,-0.0103,-0.0336
5.8000,16.2894,104.5212,17.9324,-65.4547,-0.0103,-0.0336
5.8107,17.2946,100.5539,17.2293,-69.2389,-0.0103,-0.0336
5.8200,17.2946,100.5539,15.7132,-75.2814,-0.0103,-0.0336
5.8304,17.2946,100.5539,15.7132,-75.2814,-0.0103,-0.0336
5.8402,19.2557,95.2438,13.9993,-77.7838,-0.0103,-0.0336
5.8500,20.1621,90.0558,13.1369,-75.2814,-0.0103,-0.0336
5.8600,20.1621,90.0558,12.2690,-73.4503,-0.0103,-0.0336
5.8701,20.1621,90.0558,12.2690,-73.4503,-0.0103,-0.0336
5.8800,20.1621,90.0558,12.2690,-73.4503,-0.0103,-0.0336
5.8901,20.1621,90.0558,9.8190,-72.9010,-0.0103,-0.0336
5.9000,23.1998,73.0270,9.0774,-71.3141,-0.0103,-0.0336
5.9100,24.5511,70.9518,8.3853,-68.1403,-0.0103,-0.0336
5.9201,26.1002,91.7648,7.7261,-67.0416,-0.0103,-0.0336
5.9300,27.0395,100.4318,7.0669,-67.4078,-0.0103,-0.0336
5.9400,28.0063,101.7136,7.0669,-67.4078,-0.0103,-0.0336
5.9500,28.0063,101.7136,6.4242,-65.6989,-0.0103,-0.0336
5.9600,30.1651,125.0900,5.7101,-63.3185,-0.0103,-0.0336
5.9700,30.1651,125.0900,4.2984,-57.3981,-0.0103,-0.0336
5.9800,31.6043,156.2180,4.2984,-57.3981,-0.0103,-0.0336
5.9900,31.6043,156.2180,4.2984,-57.3981,-0.0103,-0.0336
6.0000,31.6043,156.2180,2.4087,-45.9235,-0.0103,-0.0336
6.0100,31.6043,156.2180,2.4087,-45.9235,-0.0103,-0.0336
6.0200,34.7794,147.9782,1.8704,-44.5807,-0.0103,-0.0336
6.0301,36.8887,-21.3333,0.9311,-40.2472,-0.0103,-0.0336
6.0400,36.8887,-21.3333,0.5026,-38.3551,-0.0103,-0.0336
6.0500,36.4822,-47.7005,0.5026,-38.3551,-0.0103,-0.0336
6.0601,35.9494,-67.8421,-0.2719,-28.5284,-0.0103,-0.0336
6.0702,34.2410,-86.3968,-0.5466,-20.5939,-0.0103,-0.0336
6.0800,34.2410,-86.3968,-0.5466,-20.5939,-0.0103,-0.0336
6.0901,33.2962,-94.8807,-0.5466,-20.5939,-0.0103,-0.0336
6.1000,30.4178,-164.5828,-0.7663,-1.0016,-0.0103,-0.0336
6.1100,30.4178,-164.5828,-0.3873,22.6190,-0.0103,-0.0336
6.1201,28.5227,-191.0110,0.0467,34.7650,-0.0103,-0.0336
6.1301,25.3037,-124.1165,0.6070,45.3851,-0.0103,-0.0336
6.1400,24.5401,-57.5882,1.2057,44.4086,-0.0103,-0.0336
6.1506,24.5401,-57.5882,1.2057,44.4086,-0.0103,-0.0336
6.1603,24.1446,-16.9998,1.7550,40.1361,-0.0103,-0.0336
6.1700,23.6392,-53.9871,3.0075,44.4696,-0.0103,-0.0336
6.1801,23.6392,-53.9871,3.5843,34.0936,-0.0103,-0.0336
6.1905,22.8922,-70.1614,3.9743,22.0087,-0.0103,-0.0336
6.2000,21.6672,-52.2781,4.2215,17.0038,-0.0103,-0.0336
6.2100,21.1783,-48.7991,4.5401,28.8446,-0.0103,-0.0336
6.2200,20.5521,-55.0858,4.5401,28.8446,-0.0103,-0.0336
6.2300,19.9368,-61.5555,5.0949,52.7704,-0.0103,-0.0336
6.2400,19.3161,-59.9686,5.8694,69.0057,-0.0103,-0.0336
6.2500,19.3161,-59.9686,7.8195,84.6918,-0.0103,-0.0336
6.2600,19.3161,-59.9686,8.9895,96.7157,-0.0103,-0.0336
6.2700,17.6682,-47.6395,10.3628,116.6132,-0.0103,-0.0336
6.2801,17.1353,-53.3768,11.8515,129.6136,-0.0103,-0.0336
6.2904,16.5146,-62.5320,11.8515,129.6136,-0.0103,-0.0336
6.3004,15.8279,-66.7435,13.3236,128.0267,-0.0103,-0.0336
6.3100,15.1633,-64.2410,16.0647,117.5287,-0.0103,-0.0336
6.3206,15.1633,-64.2410,17.3062,105.1996,-0.0103,-0.0336
6.3300,14.5041,-63.1424,18.4433,94.2133,-0.0103,-0.0336
6.3400,13.1363,-65.0345,18.4433,94.2133,-0.0103,-0.0336
6.3500,12.4661,-63.6917,20.2560,78.2220,-0.0103,-0.0336
6.3600,11.7905,-65.5838,20.2560,78.2220,-0.0103,-0.0336
6.3700,11.0764,-70.2225,21.0086,69.4330,-0.0103,-0.0336
6.3804,10.3293,-73.0301,22.5906,70.7147,-0.0103,-0.0336
6.3905,10.3293,-73.0301,23.4860,83.7762,-0.0103,-0.0336
6.4005,9.5877,-74.3729,24.4583,91.5277,-0.0103,-0.0336
6.4100,8.8187,-77.7908,25.4910,99.7064,-0.0103,-0.0336
6.4200,8.0386,-79.1336,26.6281,112.8900,-0.0103,-0.0336
6.4307,6.5280,-77.4246,26.6281,112.8900,-0.0103,-0.0336
6.4400,5.8029,-76.2650,27.9025,126.8060,-0.0103,-0.0336
6.4502,5.0888,-72.6028,30.8688,153.8446,-0.0103,-0.0336
6.4605,5.0888,-72.6028,32.4453,157.5067,-0.0103,-0.0336
6.4707,3.7375,-64.9734,33.8900,145.0555,-0.0103,-0.0336
6.4802,3.7375,-64.9734,35.1864,132.6044,-0.0103,-0.0336
6.4900,3.7375,-64.9734,36.4718,132.2382,-0.0103,-0.0336
6.5000,3.2211,-62.8372,36.4718,132.2382,-0.0103,-0.0336
6.5100,1.5402,-46.1136,37.7792,129.6136,-0.0103,-0.0336
6.5202,1.5402,-46.1136,39.8337,75.5975,-0.0103,-0.0336
6.5305,1.5402,-46.1136,40.2292,20.1776,-0.0103,-0.0336
6.5400,1.5402,-46.1136,40.2292,20.1776,-0.0103,-0.0336
6.5500,0.4746,-28.9627,38.8119,-133.8141,-0.0103,-0.0336
6.5603,0.0351,-16.9998,36.7959,-204.5538,-0.0103,-0.0336
6.5702,-0.0803,-9.4315,36.7959,-204.5538,-0.0103,-0.0336
6.5800,-0.1132,-1.4359,34.0109,-268.5187,-0.0103,-0.0336
6.5901,-0.1132,-1.4359,28.0453,-217.6154,-0.0103,-0.0336
6.6000,-0.1132,-1.4359,26.4468,-128.6261,-0.0103,-0.0336
6.6104,-0.0528,4.9118,25.7382,-56.3605,-0.0103,-0.0336
6.6200,0.1175,8.3298,25.5295,-8.2037,-0.0103,-0.0336
6.6300,0.1944,8.8181,25.6228,20.4828,-0.0103,-0.0336
6.6407,0.3812,22.9172,25.6228,20.4828,-0.0103,-0.0336
6.6500,0.3812,22.9172,25.6228,20.4828,-0.0103,-0.0336
6.6602,0.7492,41.2888,24.1452,-82.7277,-0.0103,-0.0336
6.6705,1.2930,57.3410,23.1784,-88.3429,-0.0103,-0.0336
6.6800,1.8918,58.3786,22.2940,-90.1740,-0.0103,-0.0336
6.6900,2.4796,56.6696,21.5304,-80.3473,-0.0103,-0.0336
6.7000,3.6990,59.7214,20.8273,-74.7321,-0.0103,-0.0336
6.7100,4.3527,58.9279,20.8273,-74.7321,-0.0103,-0.0336
6.7200,4.9789,60.0876,19.8495,-84.1925,-0.0103,-0.0336
6.7300,4.9789,60.0876,18.1411,-84.8029,-0.0103,-0.0336
6.7400,5.6986,68.4494,17.3172,-78.4552,-0.0103,-0.0336
6.7500,6.5445,84.1965,16.5097,-74.7321,-0.0103,-0.0336
6.7604,8.7692,122.0383,15.7132,-70.7037,-0.0103,-0.0336
6.7700,10.0931,133.5129,14.9167,-69.0558,-0.0103,-0.0336
6.7800,10.0931,133.5129,14.9167,-69.0558,-0.0103,-0.0336
6.7902,10.0931,133.5129,14.0982,-72.0465,-0.0103,-0.0336
6.8000,13.9163,118.2541,12.4008,-75.7697,-0.0103,-0.0336
6.8100,13.9163,118.2541,11.5439,-75.8917,-0.0103,-0.0336
6.8201,15.0314,112.0285,10.6924,-76.3800,-0.0103,-0.0336
6.8306,17.1298,102.5070,9.8465,-75.9528,-0.0103,-0.0336
6.8400,18.1021,97.3190,8.9950,-76.0138,-0.0103,-0.0336
6.8500,18.1021,97.3190,8.9950,-76.0138,-0.0103,-0.0336
6.8600,19.5688,87.0651,8.1161,-78.4552,-0.0103,-0.0336
6.8705,19.5688,87.0651,6.3638,-79.7369,-0.0103,-0.0336
6.8801,20.2829,84.3185,5.5508,-78.2111,-0.0103,-0.0336
6.8900,21.0794,83.0368,4.7708,-76.5631,-0.0103,-0.0336
6.9000,22.6669,83.6472,4.0292,-72.4738,-0.0103,-0.0336
6.9101,23.5129,89.8727,4.0292,-72.4738,-0.0103,-0.0336
6.9200,24.4412,97.8073,3.3371,-68.6896,-0.0103,-0.0336
6.9302,25.4135,100.3708,2.6779,-66.0040,-0.0103,-0.0336
6.9400,25.4135,100.3708,2.0517,-61.7926,-0.0103,-0.0336
6.9500,26.3474,94.3283,2.0517,-61.7926,-0.0103,-0.0336
6.9600,26.3474,94.3283,2.0517,-61.7926,-0.0103,-0.0336
6.9700,28.0667,97.7463,0.8926,-54.0411,-0.0103,-0.0336
6.9800,30.6924,165.9836,-0.6070,-41.3458,-0.0103,-0.0336
6.9900,32.3679,174.5895,-0.6070,-41.3458,-0.0103,-0.0336
7.0000,33.9334,154.0207,-0.6070,-41.3458,-0.0103,-0.0336
7.0100,33.9334,154.0207,-1.0575,-34.0826,-0.0103,-0.0336
7.0200,35.1364,112.7609,-1.9364,-13.0865,-0.0103,-0.0336
7.0306,35.1364,112.7609,-2.0407,-3.8092,-0.0103,-0.0336
7.0400,36.4548,29.6921,-2.0352,3.6981,-0.0103,-0.0336
7.0500,35.8835,-71.8704,-2.0352,3.6981,-0.0103,-0.0336
7.0601,34.7354,-124.6658,-1.9474,7.8485,-0.0103,-0.0336
7.0700,32.9666,-186.6165,-1.8265,11.2665,-0.0103,-0.0336
7.0800,32.9666,-186.6165,-1.5793,8.8251,-0.0103,-0.0336
7.0900,30.6705,-230.0735,-1.4585,6.9940,-0.0103,-0.0336
7.1000,28.3524,-230.0125,-1.2937,7.6044,-0.0103,-0.0336
7.1100,26.1386,-213.7161,-1.0355,15.8441,-0.0103,-0.0336
7.1200,24.4028,-157.6859,-1.0355,15.8441,-0.0103,-0.0336
7.1301,23.6008,28.9597,-0.6290,28.1122,-0.0103,-0.0336
7.1403,23.8315,18.4006,-0.6290,28.1122,-0.0103,-0.0336
7.1501,23.8315,18.4006,0.8871,35.2533,-0.0103,-0.0336
7.1606,23.8315,18.4006,1.4474,28.6005,-0.0103,-0.0336
7.1702,22.5406,-87.1292,1.9143,23.5956,-0.0103,-0.0336
7.1806,21.7056,-74.3729,2.3208,23.7787,-0.0103,-0.0336
7.1900,21.1124,-52.4612,2.3208,23.7787,-0.0103,-0.0336
7.2000,20.1785,-48.2498,2.7658,30.3094,-0.0103,-0.0336
7.2102,19.5853,-59.6024,3.3535,52.5873,-0.0103,-0.0336
7.2200,19.5853,-59.6024,4.1995,72.7899,-0.0103,-0.0336
7.2300,18.8657,-63.5086,6.2484,91.9550,-0.0103,-0.0336
7.2405,18.2669,-59.7244,7.4679,105.1996,-0.0103,-0.0336
7.2500,17.7231,-53.8040,8.8522,124.3036,-0.0103,-0.0336
7.2602,16.6354,-59.1751,10.3683,136.7548,-0.0103,-0.0336
7.2700,15.9818,-65.1566,10.3683,136.7548,-0.0103,-0.0336
7.2800,15.3006,-66.9876,11.8734,135.3510,-0.0103,-0.0336
7.2900,15.3006,-66.9876,14.6420,123.9984,-0.0103,-0.0336
7.3001,14.6249,-66.6824,15.9054,111.9745,-0.0103,-0.0336
7.3100,13.9108,-67.0486,17.0645,101.2933,-0.0103,-0.0336
7.3200,13.2077,-66.4383,18.1576,93.7250,-0.0103,-0.0336
7.3300,11.8674,-63.3255,19.0585,84.8749,-0.0103,-0.0336
7.3401,11.2247,-63.3865,19.0585,84.8749,-0.0103,-0.0336
7.3501,10.5820,-63.9359,19.8715,77.0624,-0.0103,-0.0336
7.3606,10.5820,-63.9359,20.7284,72.2406,-0.0103,-0.0336
7.3700,9.9503,-63.6307,20.7284,72.2406,-0.0103,-0.0336
7.3800,9.3295,-64.1190,22.5192,82.1893,-0.0103,-0.0336
7.3901,8.7033,-65.6448,24.4308,88.7811,-0.0103,-0.0336
7.4000,7.4674,-65.0955,24.4308,88.7811,-0.0103,-0.0336
7.4100,6.8796,-63.3865,25.4471,97.6923,-0.0103,-0.0336
7.4201,6.3193,-63.0814,26.5347,108.1903,-0.0103,-0.0336
7.4301,6.3193,-63.0814,29.0506,134.3744,-0.0103,-0.0336
7.4400,5.7755,-61.4944,30.5118,147.7411,-0.0103,-0.0336
7.4500,5.2481,-55.2078,32.0773,159.4598,-0.0103,-0.0336
7.4600,4.3143,-43.4280,32.0773,159.4598,-0.0103,-0.0336
7.4700,4.3143,-43.4280,35.1150,148.7787,-0.0103,-0.0336
7.4801,3.5288,-37.2025,35.1150,148.7787,-0.0103,-0.0336
7.4900,3.1552,-37.1414,36.4224,133.3368,-0.0103,-0.0336
7.5000,3.1552,-37.1414,37.5485,110.2655,-0.0103,-0.0336
7.5101,3.1552,-37.1414,38.9602,49.0472,-0.0103,-0.0336
7.5200,2.4796,-29.9393,39.2459,14.5624,-0.0103,-0.0336
7.5300,2.0126,-20.2347,39.1745,-47.4493,-0.0103,-0.0336
7.5400,1.8314,-16.5726,38.3340,-128.8092,-0.0103,-0.0336
7.5501,1.6721,-16.2674,38.3340,-128.8092,-0.0103,-0.0336
7.5600,1.4853,-19.0140,36.5762,-194.2999,-0.0103,-0.0336
7.5700,1.4853,-19.0140,31.3247,-256.5558,-0.0103,-0.0336
7.5800,1.2985,-17.8543,28.5891,-230.2496,-0.0103,-0.0336
7.5900,1.1612,-11.7508,26.6556,-156.9464,-0.0103,-0.0336
7.6000,1.2216,14.3723,25.4690,-102.0758,-0.0103,-0.0336
7.6100,1.4743,27.6779,24.7220,-64.6613,-0.0103,-0.0336
7.6204,1.7984,33.4763,24.7220,-64.6613,-0.0103,-0.0336
7.6300,2.1774,40.1901,24.3484,-18.1525,-0.0103,-0.0336
7.6404,2.6004,42.8146,24.2221,-15.0397,-0.0103,-0.0336
7.6502,2.6004,42.8146,23.6178,-59.2902,-0.0103,-0.0336
7.6600,2.9904,36.8942,22.7554,-84.1315,-0.0103,-0.0336
7.6700,3.6935,36.5891,21.8875,-87.1832,-0.0103,-0.0336
7.6800,4.1110,38.8474,21.1459,-80.7745,-0.0103,-0.0336
7.6902,4.5505,38.0539,21.1459,-80.7745,-0.0103,-0.0336
7.7007,5.0339,49.3454,19.7452,-69.7882,-0.0103,-0.0336
7.7100,5.6821,62.2849,18.8003,-77.2955,-0.0103,-0.0336
7.7200,5.6821,62.2849,17.9104,-80.8966,-0.0103,-0.0336
7.7300,6.4621,77.9099,17.1579,-74.7931,-0.0103,-0.0336
7.7403,7.4838,105.0705,16.4383,-69.9103,-0.0103,-0.0336
7.7500,9.9612,126.1887,15.7132,-69.2389,-0.0103,-0.0336
7.7603,11.2961,134.3063,15.7132,-69.2389,-0.0103,-0.0336
7.7703,12.6199,131.0715,14.9716,-69.1168,-0.0103,-0.0336
7.7800,13.8394,118.9865,14.9716,-69.1168,-0.0103,-0.0336
7.7900,13.8394,118.9865,14.2135,-68.0182,-0.0103,-0.0336
7.8000,14.9545,111.1740,11.8240,-68.3234,-0.0103,-0.0336
7.8105,16.0422,108.1833,10.9945,-68.1403,-0.0103,-0.0336
7.8201,18.0307,94.0231,10.1651,-70.2155,-0.0103,-0.0336
7.8303,18.9096,87.9196,10.1651,-70.2155,-0.0103,-0.0336
7.8400,19.6567,84.0744,9.3246,-73.2062,-0.0103,-0.0336
7.8500,20.2664,81.3278,7.6272,-74.1217,-0.0103,-0.0336
7.8600,20.2664,81.3278,6.7923,-73.3282,-0.0103,-0.0336
7.8700,21.0465,79.8019,5.9793,-71.8634,-0.0103,-0.0336
7.8801,22.5351,75.5905,5.9793,-71.8634,-0.0103,-0.0336
7.8901,23.2657,76.3840,4.5181,-68.1403,-0.0103,-0.0336
7.9001,24.0237,80.2292,4.5181,-68.1403,-0.0103,-0.0336
7.9100,24.8367,86.0275,3.8479,-66.3092,-0.0103,-0.0336
7.9200,25.6882,88.7131,2.6065,-59.6564,-0.0103,-0.0336
7.9302,25.6882,88.7131,2.0352,-56.3605,-0.0103,-0.0336
7.9404,26.4572,77.1774,1.4969,-54.0411,-0.0103,-0.0336
7.9500,27.5284,55.7541,0.9750,-52.3322,-0.0103,-0.0336
7.9601,28.1546,79.4357,0.4696,-53.4308,-0.0103,-0.0336
7.9700,29.1983,125.7004,0.4696,-53.4308,-0.0103,-0.0336
7.9800,30.6210,155.9738,-0.0138,-53.1866,-0.0103,-0.0336
7.9900,30.6210,155.9738,-1.0300,-41.5289,-0.0103,-0.0336
8.0000,32.1646,158.4763,-1.4585,-37.5006,-0.0103,-0.0336
8.0100,33.6588,150.0534,-1.8320,-34.2047,-0.0103,-0.0336
8.0202,35.0156,131.3156,-2.1451,-28.5895,-0.0103,-0.0336
8.0300,36.7020,42.8146,-2.3868,-23.0963,-0.0103,-0.0336
8.0400,36.4932,-37.1414,-2.3868,-23.0963,-0.0103,-0.0336
8.0500,35.5594,-102.9984,-2.5571,-19.1290,-0.0103,-0.0336
8.0600,35.5594,-102.9984,-2.6065,-2.5275,-0.0103,-0.0336
8.0700,34.0982,-147.4319,-2.5186,4.0033,-0.0103,-0.0336
8.0800,32.3074,-175.6912,-2.3758,9.1913,-0.0103,-0.0336
8.0901,27.3636,-247.3465,-2.1176,19.1400,-0.0103,-0.0336
8.1000,25.0070,-222.7493,-1.7221,30.1263,-0.0103,-0.0336
8.1102,23.2712,-151.6434,-1.7221,30.1263,-0.0103,-0.0336
8.1201,22.6669,-30.3665,-1.1673,41.6620,-0.0103,-0.0336
8.1300,22.6669,-30.3665,0.0082,41.6620,-0.0103,-0.0336
8.1400,22.8702,35.0021,0.4861,36.4740,-0.0103,-0.0336
8.1500,22.9965,5.4611,1.0629,39.0985,-0.0103,-0.0336
8.1601,22.5241,-57.9544,1.6177,31.8353,-0.0103,-0.0336
8.1700,20.7279,-72.6639,2.0407,22.0697,-0.0103,-0.0336
8.1801,20.1566,-52.2781,2.0407,22.0697,-0.0103,-0.0336
8.1900,19.6457,-50.9964,2.0407,22.0697,-0.0103,-0.0336
8.2000,19.6457,-50.9964,3.2712,44.6527,-0.0103,-0.0336
8.2100,19.0140,-51.9730,3.9139,55.5780,-0.0103,-0.0336
8.2201,18.4702,-53.4988,4.7268,74.3158,-0.0103,-0.0336
8.2300,17.8384,-56.0623,5.7925,96.4716,-0.0103,-0.0336
8.2402,16.8112,-49.1653,6.9845,102.2699,-0.0103,-0.0336
8.2500,16.2949,-52.2171,6.9845,102.2699,-0.0103,-0.0336
8.2600,15.7236,-57.7713,8.2370,109.0448,-0.0103,-0.0336
8.2700,15.7236,-57.7713,11.0385,124.4257,-0.0103,-0.0336
8.2800,15.1029,-61.3724,11.0385,124.4257,-0.0103,-0.0336
8.2900,14.4602,-62.7151,13.6752,118.0170,-0.0103,-0.0336
8.3000,13.7790,-64.9734,14.9167,111.0590,-0.0103,-0.0336
8.3100,12.4222,-63.1424,14.9167,111.0590,-0.0103,-0.0336
8.3200,11.8015,-60.2127,16.0812,103.3075,-0.0103,-0.0336
8.3300,11.2027,-59.1751,17.2073,99.8895,-0.0103,-0.0336
8.3400,11.2027,-59.1751,19.0310,85.3632,-0.0103,-0.0336
8.3500,10.6094,-59.4193,19.7452,81.6400,-0.0103,-0.0336
8.3600,10.0162,-59.6024,20.6790,83.4711,-0.0103,-0.0336
8.3700,8.8132,-63.9969,21.6293,84.8749,-0.0103,-0.0336
8.3800,8.1815,-66.7435,22.5577,81.9452,-0.0103,-0.0336
8.3900,7.5168,-69.3069,22.5577,81.9452,-0.0103,-0.0336
8.4000,6.8631,-68.7576,23.4695,80.7245,-0.0103,-0.0336
8.4101,6.8631,-68.7576,25.3427,88.2928,-0.0103,-0.0336
8.4200,6.2589,-63.3865,26.3589,96.1053,-0.0103,-0.0336
8.4300,5.7260,-56.9778,27.4246,105.0775,-0.0103,-0.0336
8.4400,4.8251,-48.9822,27.4246,105.0775,-0.0103,-0.0336
8.4501,4.8251,-48.9822,29.6823,118.9935,-0.0103,-0.0336
8.4600,4.0451,-43.7943,29.6823,118.9935,-0.0103,-0.0336
8.4700,4.0451,-43.7943,30.9457,135.4730,-0.0103,-0.0336
8.4800,3.7320,-41.2918,34.1098,172.6434,-0.0103,-0.0336
8.4901,3.3530,-37.5687,35.8456,173.9252,-0.0103,-0.0336
8.5000,3.3530,-37.5687,37.4057,148.9618,-0.0103,-0.0336
8.5100,2.4301,-22.7371,38.6306,114.4769,-0.0103,-0.0336
8.5200,2.2708,-14.0701,39.4821,72.3627,-0.0103,-0.0336
8.5300,2.1664,-9.5535,39.4821,72.3627,-0.0103,-0.0336
8.5400,2.0731,-9.7977,39.8007,-1.4288,-0.0103,-0.0336
8.5501,2.0731,-9.7977,37.7792,-164.5758,-0.0103,-0.0336
8.5600,1.9357,-15.7791,35.6698,-209.4366,-0.0103,-0.0336
8.5700,1.6940,-26.6434,33.2803,-224.2072,-0.0103,-0.0336
8.5801,1.0184,-34.2728,30.7095,-239.7101,-0.0103,-0.0336
8.5900,0.7272,-26.2772,28.1607,-221.4606,-0.0103,-0.0336
8.6003,0.5899,-8.6990,28.1607,-221.4606,-0.0103,-0.0336
8.6103,0.6558,11.5036,26.3644,-140.2838,-0.0103,-0.0336
8.6201,0.6558,11.5036,24.8153,-30.2374,-0.0103,-0.0336
8.6300,0.8756,24.4431,24.6725,-1.3678,-0.0103,-0.0336
8.6401,1.1667,30.7907,24.5901,-14.1241,-0.0103,-0.0336
8.6500,1.9302,42.6315,24.0902,-59.3512,-0.0103,-0.0336
8.6600,2.3862,45.6833,23.2278,-88.8922,-0.0103,-0.0336
8.6705,2.8421,43.8522,23.2278,-88.8922,-0.0103,-0.0336
8.6800,3.2761,41.2277,22.2006,-94.9957,-0.0103,-0.0336
8.6901,3.2761,41.2277,20.7339,-75.2814,-0.0103,-0.0336
8.7002,3.6881,38.4201,20.0638,-70.1544,-0.0103,-0.0336
8.7100,4.1440,41.7160,19.3441,-72.0465,-0.0103,-0.0336
8.7200,5.3140,70.0974,18.5641,-76.5021,-0.0103,-0.0336
8.7300,6.1820,90.4221,17.7621,-76.0138,-0.0103,-0.0336
8.7400,7.2696,110.4416,17.7621,-76.0138,-0.0103,-0.0336
8.7502,8.5001,123.3810,16.9986,-69.4830,-0.0103,-0.0336
8.7600,8.5001,123.3810,15.4934,-67.4689,-0.0103,-0.0336
8.7700,9.8404,136.3205,14.6640,-72.2296,-0.0103,-0.0336
8.7800,11.2686,143.0344,13.8070,-73.6945,-0.0103,-0.0336
8.7900,13.9273,122.7707,12.9941,-73.6945,-0.0103,-0.0336
8.8000,15.0589,110.5026,12.9941,-73.6945,-0.0103,-0.0336
8.8100,16.1136,103.8498,12.1701,-74.0607,-0.0103,-0.0336
8.8201,17.1133,98.5397,11.3186,-74.3658,-0.0103,-0.0336
8.8300,17.1133,98.5397,9.5169,-76.8073,-0.0103,-0.0336
8.8400,18.0582,93.1076,8.6105,-73.5724,-0.0103,-0.0336
8.8501,18.9536,88.1027,7.7096,-72.4127,-0.0103,-0.0336
8.8600,20.2445,81.3889,6.8362,-71.5582,-0.0103,-0.0336
8.8701,21.0410,80.9616,6.0177,-69.2389,-0.0103,-0.0336
8.8800,21.8320,80.4123,6.0177,-69.2389,-0.0103,-0.0336
8.8905,22.6175,81.0226,5.2597,-67.7130,-0.0103,-0.0336
8.9000,22.6175,81.0226,3.8699,-65.8820,-0.0103,-0.0336
8.9100,23.4250,84.5627,3.2272,-62.3419,-0.0103,-0.0336
8.9201,24.2764,88.5300,2.6120,-58.8019,-0.0103,-0.0336
8.9300,26.1441,97.7463,2.0297,-54.1632,-0.0103,-0.0336
8.9400,27.0175,86.4548,2.0297,-54.1632,-0.0103,-0.0336
8.9500,27.7481,73.8205,1.4749,-51.1725,-0.0103,-0.0336
8.9600,27.7481,73.8205,0.9311,-50.4401,-0.0103,-0.0336
8.9701,28.4512,78.6423,-0.1401,-46.6559,-0.0103,-0.0336
8.9800,29.4125,112.6999,-0.6455,-41.2848,-0.0103,-0.0336
8.9900,30.8078,158.4152,-1.0355,-29.9933,-0.0103,-0.0336
9.0000,34.1312,164.3356,-1.3156,-19.5563,-0.0103,-0.0336
9.0100,35.6198,148.8937,-1.3156,-19.5563,-0.0103,-0.0336
9.0200,36.7844,107.0236,-1.5024,-12.5372,-0.0103,-0.0336
9.0300,37.4875,58.3176,-1.5958,-5.0299,-0.0103,-0.0336
9.0401,37.4875,58.3176,-1.5738,4.1864,-0.0103,-0.0336
9.0501,37.7347,-12.7274,-1.2717,13.3417,-0.0103,-0.0336
9.0602,37.1854,-83.0399,-1.1399,8.7640,-0.0103,-0.0336
9.0700,33.6038,-242.0975,-1.0630,0.8905,-0.0103,-0.0336
9.0800,30.6979,-288.5452,-1.0630,0.8905,-0.0103,-0.0336
9.0900,27.8854,-265.2298,-1.0630,0.8905,-0.0103,-0.0336
9.1001,25.6113,-208.2230,-0.9037,-0.1471,-0.0103,-0.0336
9.1103,25.6113,-208.2230,-0.1786,34.5819,-0.0103,-0.0336
9.1203,24.1995,-113.7405,0.3708,31.8964,-0.0103,-0.0336
9.1300,23.9194,4.4235,0.8706,29.2719,-0.0103,-0.0336
9.1400,24.4577,-4.4876,1.3925,35.1923,-0.0103,-0.0336
9.1500,23.7656,-78.4012,1.9967,40.2582,-0.0103,-0.0336
9.1600,22.7823,-90.3030,1.9967,40.2582,-0.0103,-0.0336
9.1700,22.0627,-59.7855,2.6339,35.3143,-0.0103,-0.0336
9.1800,22.0627,-59.7855,3.6227,23.5345,-0.0103,-0.0336
9.1900,21.5958,-42.7567,4.0622,29.0887,-0.0103,-0.0336
9.2000,21.0739,-42.3294,4.6280,40.6854,-0.0103,-0.0336
9.2100,21.0739,-42.3294,5.4135,61.6205,-0.0103,-0.0336
9.2200,19.1843,-67.3538,5.4135,61.6205,-0.0103,-0.0336
9.2302,18.6350,-51.6068,6.4352,82.0062,-0.0103,-0.0336
9.2400,18.1790,-46.3577,7.5613,90.8563,-0.0103,-0.0336
9.2500,18.1790,-46.3577,10.1101,119.6039,-0.0103,-0.0336
9.2604,17.6572,-54.2923,10.1101,119.6039,-0.0103,-0.0336
9.2700,17.0419,-61.6776,11.5603,129.3695,-0.0103,-0.0336
9.2800,16.3773,-65.2176,14.3344,121.5570,-0.0103,-0.0336
9.2900,14.9930,-66.9876,14.3344,121.5570,-0.0103,-0.0336
9.3000,14.2569,-68.0252,15.6253,115.7587,-0.0103,-0.0336
9.3100,14.2569,-68.0252,16.8283,105.7489,-0.0103,-0.0336
9.3200,13.5483,-65.4617,18.9761,90.4291,-0.0103,-0.0336
9.3308,12.8836,-62.8983,19.7177,83.1049,-0.0103,-0.0336
9.3400,12.2244,-63.2034,20.5966,78.7103,-0.0103,-0.0336
9.3500,11.5653,-63.6307,21.4480,77.3065,-0.0103,-0.0336
9.3600,10.3238,-59.9686,21.4480,77.3065,-0.0103,-0.0336
9.3701,9.7360,-59.7855,22.2885,77.5507,-0.0103,-0.0336
9.3800,9.1483,-61.5555,23.1344,79.6259,-0.0103,-0.0336
9.3900,9.1483,-61.5555,24.8593,81.2738,-0.0103,-0.0336
9.4001,8.5440,-63.8748,25.7492,85.2411,-0.0103,-0.0336
9.4100,7.9398,-64.1800,26.7105,94.1522,-0.0103,-0.0336
9.4200,7.3520,-62.8372,27.7487,103.4906,-0.0103,-0.0336
9.4300,6.1050,-62.5931,27.7487,103.4906,-0.0103,-0.0336
9.4400,5.5722,-60.2737,28.8638,111.8524,-0.0103,-0.0336
9.4506,5.5722,-60.2737,30.0558,120.8246,-0.0103,-0.0336
9.4604,5.0888,-55.8182,32.7365,144.8114,-0.0103,-0.0336
9.4700,4.6219,-50.3860,34.2141,152.0135,-0.0103,-0.0336
9.4800,4.1495,-45.7474,35.7303,156.5302,-0.0103,-0.0336
9.4903,3.7265,-41.3528,37.2079,149.6942,-0.0103,-0.0336
9.5000,2.9904,-34.1507,37.2079,149.6942,-0.0103,-0.0336
9.5100,2.6773,-30.3055,38.4659,118.9325,-0.0103,-0.0336
9.5200,2.3862,-28.8406,39.3393,79.5648,-0.0103,-0.0336
9.5300,2.3862,-28.8406,39.5041,-44.0924,-0.0103,-0.0336
9.5400,2.0786,-31.3431,38.4219,-124.2316,-0.0103,-0.0336
9.5510,2.0786,-31.3431,38.4219,-124.2316,-0.0103,-0.0336
9.5600,1.7325,-35.1883,33.8626,-261.2555,-0.0103,-0.0336
9.5700,1.7325,-35.1883,33.8626,-261.2555,-0.0103,-0.0336
9.5800,0.9305,-42.3294,30.6711,-293.6041,-0.0103,-0.0336
9.5904,0.3043,-18.4036,25.9634,-160.2423,-0.0103,-0.0336
9.6000,0.3043,-18.4036,24.9142,-80.8966,-0.0103,-0.0336
9.6100,0.5350,26.9455,24.5352,-18.4576,-0.0103,-0.0336
9.6200,0.5350,26.9455,24.5242,8.2758,-0.0103,-0.0336
9.6300,0.8646,33.1711,24.5242,8.2758,-0.0103,-0.0336
9.6405,1.6831,31.2790,24.5242,8.2758,-0.0103,-0.0336
9.6500,2.0621,39.4577,23.8705,-59.1681,-0.0103,-0.0336
9.6600,2.4851,42.9977,23.0136,-93.1647,-0.0103,-0.0336
9.6700,2.4851,42.9977,22.0083,-109.7052,-0.0103,-0.0336
9.6800,2.9520,46.4157,20.2560,-86.2677,-0.0103,-0.0336
9.6900,3.4189,44.6457,19.5584,-72.7179,-0.0103,-0.0336
9.7000,3.8968,41.0446,18.8278,-73.6334,-0.0103,-0.0336
9.7100,4.8966,54.8386,18.8278,-73.6334,-0.0103,-0.0336
9.7200,5.5338,67.4118,18.8278,-73.6334,-0.0103,-0.0336
9.7300,5.5338,67.4118,17.2348,-74.3658,-0.0103,-0.0336
9.7400,6.3797,87.9807,15.7406,-64.3561,-0.0103,-0.0336
9.7500,7.3850,100.1877,14.9991,-64.2340,-0.0103,-0.0336
9.7602,8.5056,112.8830,14.2355,-66.0651,-0.0103,-0.0336
9.7700,11.0544,128.2639,13.4775,-65.7599,-0.0103,-0.0336
9.7800,12.2958,121.5500,13.4775,-65.7599,-0.0103,-0.0336
9.7901,13.4549,112.8830,12.7304,-64.5392,-0.0103,-0.0336
9.8002,14.5425,107.5729,11.9778,-66.6144,-0.0103,-0.0336
9.8100,14.5425,107.5729,10.4013,-68.9948,-0.0103,-0.0336
9.8203,15.5917,103.1784,10.4013,-68.9948,-0.0103,-0.0336
9.8300,16.5860,97.5632,8.7094,-68.5675,-0.0103,-0.0336
9.8400,18.3987,85.7834,7.8744,-66.2482,-0.0103,-0.0336
9.8501,19.1293,81.3889,7.8744,-66.2482,-0.0103,-0.0336
9.8604,19.1293,81.3889,7.0614,-67.2247,-0.0103,-0.0336
9.8701,20.3708,76.9333,6.2649,-68.3844,-0.0103,-0.0336
9.8800,20.3708,76.9333,4.7488,-68.8727,-0.0103,-0.0336
9.8900,21.1124,75.6516,4.0127,-70.7037,-0.0103,-0.0336
9.9000,21.8594,77.2995,3.3151,-68.2623,-0.0103,-0.0336
9.9100,22.6230,79.3747,2.6669,-62.5250,-0.0103,-0.0336
9.9201,24.3314,95.1218,2.6669,-62.5250,-0.0103,-0.0336
9.9300,25.2652,95.8542,2.0297,-58.6188,-0.0103,-0.0336
9.9401,26.1057,84.9289,1.4309,-54.5905,-0.0103,-0.0336
9.9500,26.1057,84.9289,0.8816,-50.1959,-0.0103,-0.0336
9.9600,26.8527,79.4968,-0.0357,-39.3927,-0.0103,-0.0336
9.9701,27.6657,94.0842,-0.3818,-35.9137,-0.0103,-0.0336
9.9800,30.2091,161.4059,-0.7608,-31.2140,-0.0103,-0.0336
9.9901,31.8021,163.0539,-0.7608,-31.2140,-0.0103,-0.0336
10.0006,33.2578,144.3161,-1.0739,-24.8663,-0.0103,-0.0336
10.0100,34.4663,116.8503,-1.3541,-19.9835,-0.0103,-0.0336
10.0200,34.4663,116.8503,-1.9089,-20.6549,-0.0103,-0.0336
10.0300,35.2463,64.6042,-2.1012,-12.1710,-0.0103,-0.0336
10.0400,35.6418,19.3771,-2.1012,-12.1710,-0.0103,-0.0336
10.0500,35.5704,-43.3060,-2.1286,4.3695,-0.0103,-0.0336
10.0600,33.0106,-177.5223,-2.1286,4.3695,-0.0103,-0.0336
10.0702,30.6595,-242.0975,-2.0352,9.0082,-0.0103,-0.0336
10.0800,30.6595,-242.0975,-2.0352,9.0082,-0.0103,-0.0336
10.0907,28.1052,-258.8821,-1.5189,15.8441,-0.0103,-0.0336
10.1005,25.7156,-223.8480,-1.2003,25.9149,-0.0103,-0.0336
10.1100,24.0347,-148.5916,-0.7169,39.8920,-0.0103,-0.0336
10.1200,23.3151,26.9455,-0.2280,31.9574,-0.0103,-0.0336
10.1300,23.5074,12.3581,-0.2280,31.9574,-0.0103,-0.0336
10.1403,23.1174,-46.9681,0.2224,30.0043,-0.0103,-0.0336
10.1504,22.3483,-76.4481,0.7882,41.5399,-0.0103,-0.0336
10.1600,22.3483,-76.4481,2.2604,53.4418,-0.0103,-0.0336
10.1703,21.5299,-66.5604,2.9361,42.3334,-0.0103,-0.0336
10.1800,21.0245,-45.8084,3.4854,32.9950,-0.0103,-0.0336
10.1900,20.1071,-43.3670,3.9139,27.9291,-0.0103,-0.0336
10.2001,19.5358,-58.9310,3.9139,27.9291,-0.0103,-0.0336
10.2100,18.8052,-72.5418,4.3698,32.5677,-0.0103,-0.0336
10.2200,18.1351,-63.1424,5.0015,48.8641,-0.0103,-0.0336
10.2301,18.1351,-63.1424,5.8694,69.9213,-0.0103,-0.0336
10.2400,18.1351,-63.1424,6.9516,93.4198,-0.0103,-0.0336
10.2500,17.1133,-51.7899,9.4565,115.4535,-0.0103,-0.0336
10.2604,15.8444,-65.0955,10.8352,124.4257,-0.0103,-0.0336
10.2702,15.1578,-66.0721,10.8352,124.4257,-0.0103,-0.0336
10.2800,14.4217,-67.7811,12.2085,123.5101,-0.0103,-0.0336
10.2902,13.6746,-70.5887,12.2085,123.5101,-0.0103,-0.0336
10.3000,13.6746,-70.5887,12.2085,123.5101,-0.0103,-0.0336
10.3100,12.9111,-71.6873,13.5104,119.1766,-0.0103,-0.0336
10.3200,12.1805,-68.3304,14.7574,113.1342,-0.0103,-0.0336
10.3300,11.4993,-65.0955,17.0480,97.9364,-0.0103,-0.0336
10.3400,10.2029,-61.6776,17.0480,97.9364,-0.0103,-0.0336
10.3500,9.6207,-58.7479,17.0480,97.9364,-0.0103,-0.0336
10.3607,9.0549,-58.7479,20.3604,76.0248,-0.0103,-0.0336
10.3703,9.0549,-58.7479,22.1237,77.6117,-0.0103,-0.0336
10.3800,8.4891,-60.0906,22.1237,77.6117,-0.0103,-0.0336
10.3900,8.4891,-60.0906,23.8321,71.3861,-0.0103,-0.0336
10.4000,7.9178,-61.0672,23.8321,71.3861,-0.0103,-0.0336
10.4100,6.2369,-57.1609,24.6890,74.6210,-0.0103,-0.0336
10.4200,6.2369,-57.1609,24.6890,74.6210,-0.0103,-0.0336
10.4300,5.3250,-49.5926,24.6890,74.6210,-0.0103,-0.0336
10.4401,5.3250,-49.5926,28.7704,119.9091,-0.0103,-0.0336
10.4500,4.9350,-47.0901,30.0943,137.4872,-0.0103,-0.0336
10.4600,4.5505,-48.0667,31.5664,154.8822,-0.0103,-0.0336
10.4700,4.1660,-48.0667,31.5664,154.8822,-0.0103,-0.0336
10.4800,3.3859,-41.6580,33.0935,159.0936,-0.0103,-0.0336
10.4901,3.0179,-34.7610,34.5932,152.6849,-0.0103,-0.0336
10.5000,2.7322,-26.5823,36.0159,142.4310,-0.0103,-0.0336
10.5100,2.7322,-26.5823,37.2629,119.6039,-0.0103,-0.0336
10.5200,2.5290,-17.3050,37.2629,119.6039,-0.0103,-0.0336
10.5300,2.4356,-6.6849,38.7185,34.6429,-0.0103,-0.0336
10.5400,2.5015,7.3532,37.9825,-103.7238,-0.0103,-0.0336
10.5502,2.5510,3.2028,37.9825,-103.7238,-0.0103,-0.0336
10.5600,2.5510,3.2028,36.3070,-184.1681,-0.0103,-0.0336
10.5700,2.5510,3.2028,36.3070,-184.1681,-0.0103,-0.0336
10.5800,2.2983,-22.3099,31.5390,-241.4191,-0.0103,-0.0336
10.5900,2.0236,-28.4744,28.7869,-252.4054,-0.0103,-0.0336
10.6001,2.0236,-28.4744,24.8098,-124.6588,-0.0103,-0.0336
10.6100,1.6281,-9.3704,24.8098,-124.6588,-0.0103,-0.0336
10.6201,1.6611,7.4753,23.8980,-69.2389,-0.0103,-0.0336
10.6300,2.2104,40.1901,23.4201,-28.1012,-0.0103,-0.0336
10.6401,2.6663,46.1716,23.4201,-28.1012,-0.0103,-0.0336
10.6500,2.6663,46.1716,23.1344,-24.0729,-0.0103,-0.0336
10.6600,3.0783,39.5798,21.6842,-85.1691,-0.0103,-0.0336
10.6706,3.4903,40.8005,20.7504,-89.0753,-0.0103,-0.0336
10.6800,4.3802,37.8098,20.0308,-79.6759,-0.0103,-0.0336
10.6902,4.8196,40.1901,20.0308,-79.6759,-0.0103,-0.0336
10.7000,5.3305,50.5051,20.0308,-79.6759,-0.0103,-0.0336
10.7100,5.9567,58.8058,19.4320,-71.6803,-0.0103,-0.0336
10.7200,5.9567,58.8058,17.2842,-74.6710,-0.0103,-0.0336
10.7302,6.7203,77.3605,16.5481,-71.0089,-0.0103,-0.0336
10.7400,7.7420,104.6432,16.5481,-71.0089,-0.0103,-0.0336
10.7502,8.9230,117.3386,16.5481,-71.0089,-0.0103,-0.0336
10.7602,11.5158,135.6491,15.1584,-63.6847,-0.0103,-0.0336
10.7700,12.8726,134.4894,14.4278,-65.5157,-0.0103,-0.0336
10.7800,14.1141,120.3293,13.6697,-65.5768,-0.0103,-0.0336
10.7902,14.1141,120.3293,12.8952,-66.6144,-0.0103,-0.0336
10.8000,15.2127,106.5964,12.0877,-68.9337,-0.0103,-0.0336
10.8100,16.2289,99.0280,10.4507,-71.3751,-0.0103,-0.0336
10.8200,17.1793,93.4128,9.5993,-75.8917,-0.0103,-0.0336
10.8300,18.8986,81.4499,9.5993,-75.8917,-0.0103,-0.0336
10.8400,19.5908,77.2995,9.5993,-75.8917,-0.0103,-0.0336
10.8502,19.5908,77.2995,7.7975,-75.2814,-0.0103,-0.0336
10.8600,20.1675,76.1398,6.0727,-70.5206,-0.0103,-0.0336
10.8700,20.9091,76.0178,5.2432,-71.8634,-0.0103,-0.0336
10.8801,21.6452,75.4074,4.4357,-73.0231,-0.0103,-0.0336
10.8900,23.1009,76.0788,3.6722,-71.1310,-0.0103,-0.0336
10.9000,23.8370,77.7267,3.6722,-71.1310,-0.0103,-0.0336
10.9103,24.6225,83.4030,2.9690,-66.8585,-0.0103,-0.0336
10.9200,25.4849,91.7648,2.3098,-62.2198,-0.0103,-0.0336
10.9302,25.4849,91.7648,1.0794,-54.6515,-0.0103,-0.0336
10.9400,26.3803,92.1921,0.5246,-51.4166,-0.0103,-0.0336
10.9500,27.1988,83.0978,0.5246,-51.4166,-0.0103,-0.0336
10.9600,28.6270,79.1916,-0.4862,-44.3365,-0.0103,-0.0336
10.9705,29.5664,109.4650,-0.4862,-44.3365,-0.0103,-0.0336
10.9803,30.8627,144.3771,-1.0025,-41.7120,-0.0103,-0.0336
10.9901,32.3239,149.7482,-1.4310,-34.1437,-0.0103,-0.0336
11.0000,32.3239,149.7482,-1.7441,-22.3639,-0.0103,-0.0336
11.0100,33.6423,130.8884,-1.7441,-22.3639,-0.0103,-0.0336
11.0200,34.6860,106.2302,-2.0627,-7.1661,-0.0103,-0.0336
11.0301,35.4331,69.6701,-2.0957,0.5853,-0.0103,-0.0336
11.0401,35.7132,16.3864,-2.0352,7.8485,-0.0103,-0.0336
11.0500,34.8947,-82.1854,-1.9089,10.9613,-0.0103,-0.0336
11.0600,33.6807,-133.1497,-1.7606,9.9847,-0.0103,-0.0336
11.0705,33.6807,-133.1497,-1.6068,10.1678,-0.0103,-0.0336
11.0803,31.8131,-195.5276,-1.4200,14.8065,-0.0103,-0.0336
11.0903,29.4949,-230.8670,-0.9915,11.0834,-0.0103,-0.0336
11.1000,25.0784,-200.5325,-0.7883,7.1771,-0.0103,-0.0336
11.1100,23.6997,-112.8250,-0.7883,7.1771,-0.0103,-0.0336
11.1200,23.4744,7.0480,-0.5356,10.7782,-0.0103,-0.0336
11.1302,23.7656,31.5842,-0.2390,15.2338,-0.0103,-0.0336
11.1401,23.7656,31.5842,0.4092,27.9901,-0.0103,-0.0336
11.1500,23.5953,-28.8406,1.0244,43.6151,-0.0103,-0.0336
11.1600,22.8098,-81.2088,1.7550,49.0472,-0.0103,-0.0336
11.1700,21.9309,-76.4481,1.7550,49.0472,-0.0103,-0.0336
11.1801,20.8981,-44.7708,2.4472,45.5682,-0.0103,-0.0336
11.1900,20.4202,-48.3109,3.0569,39.4647,-0.0103,-0.0336
11.2000,19.8819,-54.9637,3.0569,39.4647,-0.0103,-0.0336
11.2100,19.8819,-54.9637,3.5623,35.4974,-0.0103,-0.0336
11.2206,19.2282,-66.0721,5.3201,64.7333,-0.0103,-0.0336
11.2303,18.5855,-60.7010,6.2924,83.2269,-0.0103,-0.0336
11.2400,17.5143,-56.4896,6.2924,83.2269,-0.0103,-0.0336
11.2500,17.5143,-56.4896,7.3965,95.8002,-0.0103,-0.0336
11.2601,16.9211,-59.2361,8.5885,104.5282,-0.0103,-0.0336
11.2700,15.7346,-58.5648,9.8575,111.6693,-0.0103,-0.0336
11.2801,15.7346,-58.5648,12.3898,113.0121,-0.0103,-0.0336
11.2901,15.0699,-63.9969,12.3898,113.0121,-0.0103,-0.0336
11.3000,14.3723,-67.1097,14.7958,107.5800,-0.0103,-0.0336
11.3100,13.0814,-57.7713,14.7958,107.5800,-0.0103,-0.0336
11.3201,12.5156,-55.4520,15.9384,102.3920,-0.0103,-0.0336
11.3301,11.9663,-55.0247,15.9384,102.3920,-0.0103,-0.0336
11.3406,11.4224,-55.2689,15.9384,102.3920,-0.0103,-0.0336
11.3501,11.4224,-55.2689,15.9384,102.3920,-0.0103,-0.0336
11.3600,10.8841,-55.4520,17.0096,96.1053,-0.0103,-0.0336
11.3700,10.8841,-55.4520,18.7509,83.5931,-0.0103,-0.0336
11.3803,9.7745,-60.9451,21.9754,76.5131,-0.0103,-0.0336
11.3900,8.5111,-69.4901,21.9754,76.5131,-0.0103,-0.0336
11.4000,7.8464,-69.7342,22.8103,73.6444,-0.0103,-0.0336
11.4101,7.2147,-65.0345,22.8103,73.6444,-0.0103,-0.0336
11.4201,7.2147,-65.0345,24.4473,73.0341,-0.0103,-0.0336
11.4303,6.6544,-57.8323,25.2878,77.6727,-0.0103,-0.0336
11.4400,6.1545,-53.3768,27.0950,92.6263,-0.0103,-0.0336
11.4500,5.6986,-49.7757,27.0950,92.6263,-0.0103,-0.0336
11.4600,4.8746,-47.0901,28.1167,105.9930,-0.0103,-0.0336
11.4700,4.8746,-47.0901,29.2923,124.8529,-0.0103,-0.0336
11.4802,4.2099,-37.8128,30.6875,146.0321,-0.0103,-0.0336
11.4902,4.2099,-37.8128,32.2860,164.6478,-0.0103,-0.0336
11.5000,4.2099,-37.8128,35.5984,162.3895,-0.0103,-0.0336
11.5102,3.5837,-26.5213,36.9333,128.3929,-0.0103,-0.0336
11.5200,3.2102,-15.5350,37.8341,81.0297,-0.0103,-0.0336
11.5302,3.0673,-14.2532,37.8341,81.0297,-0.0103,-0.0336
11.5400,2.9135,-15.2908,38.3175,10.3510,-0.0103,-0.0336
11.5500,2.7322,-19.4412,38.0044,-81.6901,-0.0103,-0.0336
11.5600,2.7322,-19.4412,36.5432,-166.7120,-0.0103,-0.0336
11.5700,2.4851,-26.7654,31.3852,-279.7491,-0.0103,-0.0336
11.5800,2.1610,-34.0286,28.4244,-268.3356,-0.0103,-0.0336
11.5900,1.4523,-32.3807,26.1172,-191.0040,-0.0103,-0.0336
11.6000,1.2381,-17.4881,26.1172,-191.0040,-0.0103,-0.0336
11.6102,1.2161,2.2873,26.1172,-191.0040,-0.0103,-0.0336
11.6200,1.3315,13.3957,23.8980,-60.3888,-0.0103,-0.0336
11.6306,1.3315,13.3957,23.2333,-6.9830,-0.0103,-0.0336
11.6402,1.5128,19.9875,23.0465,-25.1105,-0.0103,-0.0336
11.6500,1.7929,31.0349,23.0465,-25.1105,-0.0103,-0.0336
11.6600,2.5125,37.3215,23.0465,-25.1105,-0.0103,-0.0336
11.6700,2.9135,41.8991,20.5911,-98.5358,-0.0103,-0.0336
11.6802,3.3530,43.9133,20.5911,-98.5358,-0.0103,-0.0336
11.6907,3.7924,42.8757,19.7452,-90.6622,-0.0103,-0.0336
11.7000,3.7924,42.8757,18.5037,-65.3937,-0.0103,-0.0336
11.7100,3.7924,42.8757,17.7841,-73.5724,-0.0103,-0.0336
11.7200,4.7592,51.6647,16.9656,-78.8214,-0.0103,-0.0336
11.7300,6.1215,80.2902,16.1581,-74.4879,-0.0103,-0.0336
11.7400,7.1048,104.5212,16.1581,-74.4879,-0.0103,-0.0336
11.7500,8.2694,116.6061,15.4110,-68.5065,-0.0103,-0.0336
11.7600,9.4833,121.2448,14.6530,-66.3702,-0.0103,-0.0336
11.7700,9.4833,121.2448,13.9004,-66.1261,-0.0103,-0.0336
11.7800,10.7578,128.2639,12.3898,-68.5675,-0.0103,-0.0336
11.7904,12.0596,128.7521,11.6372,-67.0416,-0.0103,-0.0336
11.8000,14.3942,108.0002,10.9176,-64.8444,-0.0103,-0.0336
11.8100,15.4215,100.6760,10.9176,-64.8444,-0.0103,-0.0336
11.8200,15.4215,100.6760,10.1870,-66.9806,-0.0103,-0.0336
11.8301,17.3056,89.9948,9.4070,-72.0465,-0.0103,-0.0336
11.8401,17.3056,89.9948,7.7920,-68.8727,-0.0103,-0.0336
11.8500,18.1570,83.3420,6.9900,-67.4689,-0.0103,-0.0336
11.8601,18.9371,77.6657,6.2210,-65.8209,-0.0103,-0.0336
11.8700,19.5029,74.1867,5.4849,-66.0040,-0.0103,-0.0336
11.8800,20.7169,71.0739,5.4849,-66.0040,-0.0103,-0.0336
11.8900,21.4035,71.4401,4.7653,-67.8351,-0.0103,-0.0336
11.9004,22.1011,72.7219,4.0567,-68.6896,-0.0103,-0.0336
11.9100,22.1011,72.7219,2.7163,-66.7365,-0.0103,-0.0336
11.9200,22.8207,76.1398,2.0901,-63.3795,-0.0103,-0.0336
11.9300,23.6008,83.0368,1.5078,-58.1915,-0.0103,-0.0336
11.9400,25.3641,92.2531,0.9805,-52.5153,-0.0103,-0.0336
11.9502,26.1771,84.3185,0.9805,-52.5153,-0.0103,-0.0336
11.9600,26.9406,82.3654,0.5136,-46.4117,-0.0103,-0.0336
11.9700,27.7921,99.5773,0.1071,-42.1393,-0.0103,-0.0336
11.9802,27.7921,99.5773,-0.2719,-36.0968,-0.0103,-0.0336
11.9900,28.9676,138.5788,-0.7938,-12.2931,-0.0103,-0.0336
12.0002,30.4672,167.3264,-0.8432,1.8060,-0.0103,-0.0336
12.0102,31.9943,155.9738,-0.7718,12.0599,-0.0103,-0.0336
12.0201,34.1477,78.8864,-0.7718,12.0599,-0.0103,-0.0336
12.0300,34.1312,-26.0941,-0.6620,17.0648,-0.0103,-0.0336
12.0400,33.1094,-119.3558,-0.4972,21.9476,-0.0103,-0.0336
12.0500,33.1094,-119.3558,0.1016,33.3002,-0.0103,-0.0336
12.0600,31.6592,-146.7606,0.5356,37.5726,-0.0103,-0.0336
12.0700,30.1816,-158.6624,0.5356,37.5726,-0.0103,-0.0336
12.0800,26.1990,-201.1429,1.4859,33.6053,-0.0103,-0.0336
12.0900,24.4247,-161.7142,1.4859,33.6053,-0.0103,-0.0336
12.1001,23.2437,-102.2049,1.9473,31.1639,-0.0103,-0.0336
12.1100,22.7438,-27.3758,2.4746,31.4081,-0.0103,-0.0336
12.1200,22.7438,-27.3758,3.8095,46.4838,-0.0103,-0.0336
12.1302,22.8867,27.0065,4.3918,41.5399,-0.0103,-0.0336
12.1400,22.8537,-13.7039,4.3918,41.5399,-0.0103,-0.0336
12.1501,22.2000,-70.2225,5.5618,46.5448,-0.0103,-0.0336
12.1602,20.7279,-59.4803,5.5618,46.5448,-0.0103,-0.0336
12.1707,20.2445,-45.1370,6.2320,46.8500,-0.0103,-0.0336
12.1800,19.7775,-34.5169,6.8252,37.8168,-0.0103,-0.0336
12.1900,19.7775,-34.5169,7.8250,25.1215,-0.0103,-0.0336
12.2000,19.3655,-42.0242,8.4787,45.9955,-0.0103,-0.0336
12.2104,18.7668,-50.2029,9.4070,75.5975,-0.0103,-0.0336
12.2200,18.2779,-45.7474,9.4070,75.5975,-0.0103,-0.0336
12.2300,17.4594,-42.0853,9.4070,75.5975,-0.0103,-0.0336
12.2400,17.0145,-44.1605,9.4070,75.5975,-0.0103,-0.0336
12.2501,16.5366,-45.3812,12.9336,110.4486,-0.0103,-0.0336
12.2600,16.5366,-45.3812,15.3177,112.7069,-0.0103,-0.0336
12.2703,16.0147,-51.0574,16.5042,111.3031,-0.0103,-0.0336
12.2800,15.3885,-58.0765,16.5042,111.3031,-0.0103,-0.0336
12.2900,14.0317,-65.5838,16.5042,111.3031,-0.0103,-0.0336
12.3002,13.3725,-62.4710,18.6355,92.9926,-0.0103,-0.0336
12.3101,12.7463,-60.3348,19.4760,85.6683,-0.0103,-0.0336
12.3200,12.1201,-61.3113,19.4760,85.6683,-0.0103,-0.0336
12.3300,12.1201,-61.3113,19.4760,85.6683,-0.0103,-0.0336
12.3400,11.5048,-60.3958,20.3274,77.6727,-0.0103,-0.0336
12.3500,10.9280,-58.0154,22.5851,72.5458,-0.0103,-0.0336
12.3600,10.3787,-57.9544,22.5851,72.5458,-0.0103,-0.0336
12.3706,10.3787,-57.9544,22.5851,72.5458,-0.0103,-0.0336
12.3800,9.2581,-61.4334,22.5851,72.5458,-0.0103,-0.0336
12.3901,8.1650,-60.0296,25.1394,93.0536,-0.0103,-0.0336
12.4000,8.1650,-60.0296,27.9794,98.4857,-0.0103,-0.0336
12.4100,7.6267,-58.3817,28.9792,99.8895,-0.0103,-0.0336
12.4206,7.1268,-55.1468,29.9899,100.6219,-0.0103,-0.0336
12.4301,6.6544,-53.4378,31.0391,105.2606,-0.0103,-0.0336
12.4400,5.7040,-55.3909,31.0391,105.2606,-0.0103,-0.0336
12.4500,5.2261,-55.4520,32.1267,108.4955,-0.0103,-0.0336
12.4606,4.7647,-53.6209,33.2254,107.8851,-0.0103,-0.0336
12.4704,4.7647,-53.6209,35.3238,101.1102,-0.0103,-0.0336
12.4800,4.3472,-49.6536,35.3238,101.1102,-0.0212,0.0031
12.4902,4.3472,-49.6536,35.3238,101.1102,-0.0212,0.0031
12.5006,3.3365,-40.8035,35.3238,101.1102,-0.0244,-0.0183
12.5100,2.9849,-33.1131,37.1640,4.4916,-0.0244,-0.0183
12.5200,2.7322,-22.0047,37.1640,4.4916,-0.0329,0.0073
12.5300,2.5949,-11.4456,36.8893,-40.6134,-0.0329,0.0073
12.5403,2.5949,-11.4456,35.9939,-103.2965,-0.0376,0.0256
12.5500,2.5455,-2.7176,34.3570,-170.1300,-0.0376,0.0256
12.5602,2.5674,3.2028,31.9949,-231.9586,0.0165,0.0275
12.5700,2.7213,11.0153,26.6885,-219.8126,0.0165,0.0275
12.5800,2.8751,16.4474,26.6885,-219.8126,0.0390,0.0458
12.5900,3.0563,18.0344,24.7879,-164.6979,0.0390,0.0458
12.6000,3.2321,17.1799,23.5739,-103.7238,0.0390,0.0458
12.6103,3.2321,17.1799,22.9037,-53.7360,0.0009,0.0214
12.6201,3.4024,17.3630,22.5906,-20.1056,0.0009,0.0214
12.6300,3.6496,27.4338,22.4093,-11.3776,0.0400,0.0336
12.6401,4.5175,50.6271,22.4093,-11.3776,0.0400,0.0336
12.6500,5.0174,48.8571,22.0413,-32.2516,0.0400,0.0336
12.6600,5.5173,50.6271,20.4648,-89.1974,-0.0009,0.0012
12.6704,6.0281,49.0402,19.5309,-99.7565,-0.0009,0.0012
12.6800,6.0281,49.0402,18.0478,-71.0699,-0.0009,0.0012
12.6900,6.5006,43.1198,18.0478,-71.0699,-0.0009,0.0012
12.7001,6.9510,43.3640,16.6690,-66.3702,0.0414,-0.0458
12.7102,7.4234,49.7116,15.9109,-72.1686,0.0414,-0.0458
12.7201,8.7363,73.0881,15.9109,-72.1686,0.0390,0.0031
12.7300,9.6701,95.2438,15.1474,-73.9386,0.0259,-0.0000
12.7400,10.7797,110.9299,14.3509,-70.2765,0.0259,-0.0000
12.7501,10.7797,110.9299,12.8402,-63.8068,0.0259,-0.0000
12.7600,12.0377,127.5314,12.0712,-67.4689,0.0390,-0.0195
12.7700,13.4219,139.0060,11.2857,-70.2765,0.0390,-0.0195
12.7801,16.0532,122.4655,10.4782,-72.9010,0.0150,-0.0336
12.7900,16.0532,122.4655,10.4782,-72.9010,0.0150,-0.0336
12.8004,18.2230,102.8732,9.6487,-73.7555,-0.0141,-0.0214
12.8100,19.2117,97.4411,8.8302,-71.3141,-0.0141,-0.0214
12.8200,19.2117,97.4411,7.2427,-65.4547,-0.0244,0.0165
12.8300,20.1401,90.5441,6.4792,-65.2106,-0.0165,0.0104
12.8412,20.9860,83.0368,5.7431,-64.5392,-0.0165,0.0104
12.8501,22.2000,72.2946,5.0564,-61.7926,-0.0165,0.0104
12.8601,22.8812,69.4260,5.0564,-61.7926,-0.0400,0.0195
12.8702,23.5404,68.5715,4.4082,-60.0836,-0.0400,0.0195
12.8800,24.1995,69.4870,3.8040,-60.0226,0.0400,-0.0104
12.8900,24.1995,69.4870,3.2272,-59.7174,0.0400,-0.0104
12.9000,24.1995,69.4870,2.1670,-49.2194,-0.0165,-0.0305
12.9100,25.6003,77.6047,1.6946,-45.9845,-0.0165,-0.0305
12.9200,26.4023,87.0041,1.2112,-47.2662,0.0033,-0.0183
12.9301,27.2867,94.2673,1.2112,-47.2662,0.0033,-0.0183
12.9401,29.0280,96.4035,0.7168,-46.4728,0.0024,-0.0305
12.9501,30.0937,121.5500,0.7168,-46.4728,-0.0071,0.0183
12.9600,30.0937,121.5500,-0.0742,-38.5382,-0.0071,0.0183
12.9700,31.4285,150.2975,-0.4203,-35.9137,-0.0071,0.0183
12.9801,32.9392,160.6735,-0.9421,-28.4064,-0.0367,-0.0195
12.9900,34.3619,142.8513,-1.2058,-21.9366,-0.0367,-0.0195
13.0000,35.5484,118.9255,-1.2058,-21.9366,-0.0221,0.0012
13.0100,36.6580,8.1467,-1.4255,-16.9928,-0.0221,0.0012
13.0200,36.0703,-80.4764,-1.5848,-11.6217,-0.0343,-0.0256
13.0301,36.0703,-80.4764,-1.5244,13.3417,-0.0343,-0.0256
13.0400,34.9991,-127.4124,-1.2937,25.5487,-0.0103,-0.0244
13.0501,33.5819,-144.1360,-1.0080,27.6239,-0.0103,-0.0244
13.0600,29.7696,-207.8568,-0.7279,24.6332,-0.0150,0.0073
13.0702,27.6218,-209.1385,-0.7279,24.6332,-0.0150,0.0073
13.0806,27.6218,-209.1385,-0.4367,24.4501,-0.0188,-0.0012
13.0906,24.7488,-73.7015,-0.0797,28.9667,-0.0188,-0.0012
13.1000,24.7488,-73.7015,0.6509,17.5531,0.0000,0.0061
13.1100,24.7873,28.2883,0.8377,6.0785,-0.0118,-0.0244
13.1200,25.0070,13.9450,1.1178,16.6986,-0.0118,-0.0244
13.1300,23.6282,-82.0633,1.1178,16.6986,-0.0118,-0.0244
13.1400,22.9471,-55.5740,1.1178,16.6986,0.0150,0.0134
13.1500,22.5681,-33.1131,2.4417,51.5497,-0.0033,0.0134
13.1600,22.2714,-31.2210,3.1283,43.3710,-0.0033,0.0134
13.1701,22.2714,-31.2210,4.1720,27.8680,-0.0033,0.0134
13.1801,21.8485,-47.2122,4.5840,27.5018,-0.0118,0.0073
13.1900,21.0794,-69.4290,5.0784,35.6805,-0.0118,0.0073
13.2001,20.3323,-70.5887,5.7376,48.1927,0.0315,0.0043
13.2100,19.7611,-52.7664,5.7376,48.1927,0.0315,0.0043
13.2200,18.7393,-54.2923,6.5616,66.6254,-0.0047,0.0043
13.2300,18.1790,-54.2923,7.5503,86.3397,-0.0047,0.0043
13.2400,18.1790,-54.2923,9.8794,105.8099,0.0376,0.0244
13.2500,17.6132,-55.5130,11.0769,106.9086,0.0376,0.0244
13.2601,16.9595,-61.9217,12.2744,109.7162,-0.0024,0.0488
13.2701,15.5917,-65.4617,12.2744,109.7162,-0.0024,0.0488
13.2800,14.9271,-65.0345,13.4555,107.8851,0.0197,-0.0476
13.2900,14.2679,-64.8514,13.4555,107.8851,0.0197,-0.0476
13.3000,14.2679,-64.8514,13.4555,107.8851,-0.0009,0.0134
13.3100,13.6252,-63.5086,14.6200,107.2137,-0.0009,0.0134
13.3200,13.0045,-61.3113,17.8116,96.4105,-0.0578,-0.0000
13.3300,13.0045,-61.3113,19.4320,91.4667,-0.0968,-0.0092
13.3400,11.8893,-55.3299,20.3769,92.1991,-0.0968,-0.0092
13.3500,11.3895,-54.1702,20.3769,92.1991,-0.0541,0.0043
13.3600,10.8731,-58.0765,21.3272,92.0160,-0.0541,0.0043
13.3701,9.7525,-59.2972,22.2555,89.4525,-0.0541,0.0043
13.3801,9.7525,-59.2972,24.0243,82.1893,0.0094,-0.0134
13.3900,9.2087,-58.5037,24.8758,80.1752,0.0094,-0.0134
13.4000,8.6484,-60.2127,25.7052,79.0155,-0.0127,-0.0305
13.4100,8.0716,-61.3113,26.5292,77.8558,-0.0103,-0.0183
13.4202,7.5058,-60.4568,26.5292,77.8558,-0.0103,-0.0183
13.4301,6.3797,-60.5789,27.3422,77.1844,-0.0103,-0.0183
13.4401,5.7919,-57.5882,28.1497,77.3676,0.0047,0.0628
13.4500,5.7919,-57.5882,29.8745,92.1991,0.0047,0.0628
13.4600,5.7919,-57.5882,30.9512,112.8900,0.0150,0.0226
13.4700,4.7427,-52.2781,32.3300,146.3983,0.0150,0.0226
13.4801,4.7427,-52.2781,33.9889,169.8358,-0.0047,0.0043
13.4900,3.9133,-43.1229,33.9889,169.8358,-0.0056,-0.0183
13.5000,3.4244,-32.9910,35.5984,157.9950,-0.0056,-0.0183
13.5100,3.1662,-32.7469,36.8234,111.1810,-0.0056,-0.0183
13.5200,3.1662,-32.7469,37.2519,-46.7169,0.0056,0.0012
13.5300,3.1662,-32.7469,36.1422,-131.8610,0.0056,0.0012
13.5401,2.3697,-44.4046,34.2691,-197.5958,0.0150,-0.0275
13.5500,2.3697,-44.4046,31.6928,-257.5323,0.0150,-0.0275
13.5601,1.8698,-50.8133,31.6928,-257.5323,0.0437,-0.0031
13.5700,0.8096,-50.6302,28.7924,-269.0680,0.0437,-0.0031
13.5800,0.3922,-36.7142,26.2765,-213.5870,0.0235,-0.0165
13.5900,0.2054,-11.0184,23.7112,-76.4410,0.0235,-0.0165
13.6000,0.2054,-11.0184,23.7112,-76.4410,0.0221,0.0336
13.6100,0.2988,16.0202,22.8653,-11.2555,0.0221,0.0336
13.6200,0.9140,38.2980,22.7444,-7.7765,-0.0212,-0.0689
13.6300,1.9632,59.9045,22.7444,-7.7765,-0.0212,-0.0689
13.6400,2.5510,59.2331,22.3983,-37.2565,0.0259,-0.0043
13.6500,3.1552,60.9421,21.7831,-62.9523,0.0259,-0.0043
13.6600,3.1552,60.9421,21.0525,-77.2345,-0.0197,-0.0244
13.6706,3.7430,58.0734,19.6518,-70.9479,-0.0197,-0.0244
13.6800,4.2813,52.0309,18.8772,-59.2291,-0.0033,0.0183
13.6905,5.3799,59.0500,18.0752,-57.8253,-0.0212,-0.0134
13.7000,6.0391,69.9142,18.0752,-57.8253,-0.0212,-0.0134
13.7100,6.8576,87.4924,17.3556,-65.5157,-0.0212,-0.0134
13.7200,7.8958,104.9484,16.6305,-69.0558,-0.0212,-0.0134
13.7300,7.8958,104.9484,15.2627,-64.1119,-0.0212,-0.0134
13.7400,7.8958,104.9484,14.5541,-65.5157,0.0094,-0.0183
13.7500,10.2139,115.8737,13.8015,-64.2340,0.0390,0.0214
13.7601,12.7188,124.4186,13.0764,-60.4498,0.0390,0.0214
13.7700,13.9108,115.6296,13.0764,-60.4498,0.0390,0.0214
13.7801,15.0040,105.8029,12.3678,-58.9240,-0.0009,0.0043
13.7900,16.0312,100.0656,11.6537,-60.0836,0.0141,-0.0012
13.8000,16.0312,100.0656,10.1651,-63.5626,0.0141,-0.0012
13.8100,17.0145,96.5866,9.3850,-65.0885,0.0141,-0.0012
13.8200,17.0145,96.5866,8.5830,-64.8444,0.0780,0.0043
13.8300,18.8712,88.2248,7.7810,-62.8302,0.0780,0.0043
13.8405,19.7171,82.7316,7.7810,-62.8302,0.0306,-0.0073
13.8500,20.9915,75.5295,7.0175,-60.5109,0.0306,-0.0073
13.8600,20.9915,75.5295,6.2759,-60.2057,0.0696,-0.0671
13.8700,20.9915,75.5295,5.5508,-60.8160,0.0696,-0.0671
13.8800,20.9915,75.5295,4.1720,-60.4498,0.0141,0.0073
13.8900,22.4362,72.5998,3.4964,-60.6329,0.0141,0.0073
13.9000,23.1723,75.1633,2.8262,-59.3512,0.0127,0.0287
13.9100,23.9304,77.7267,2.8262,-59.3512,0.0127,0.0287
13.9200,25.6278,91.5817,2.8262,-59.3512,0.0367,-0.0506
13.9300,26.4902,86.7599,1.6122,-54.1022,0.0367,-0.0506
13.9402,26.4902,86.7599,0.6234,-44.4586,0.0343,-0.0061
13.9504,27.9953,82.1823,0.2170,-41.7120,0.0343,-0.0061
13.9600,28.9237,107.8171,0.2170,-41.7120,-0.0056,0.0061
13.9700,30.1541,142.0578,-0.3818,-26.0870,-0.0056,0.0061
13.9800,30.1541,142.0578,-0.3818,-26.0870,0.0024,-0.0031
13.9904,30.1541,142.0578,-0.6180,-17.7252,0.0024,-0.0031
14.0000,33.1863,156.4011,-0.7553,-8.5089,0.0235,0.0031
14.0100,35.6857,110.8078,-0.7498,7.9706,0.0235,0.0031
14.0200,35.6857,110.8078,-0.6290,12.5482,-0.0047,-0.0214
14.0300,36.9492,0.1511,-0.4148,18.4076,-0.0047,-0.0214
14.0400,36.3174,-83.7112,-0.1511,22.1918,-0.0827,0.0476
14.0500,32.6480,-230.6839,-0.1511,22.1918,-0.0827,0.0476
14.0600,29.9783,-265.6570,0.0961,18.3466,0.0188,-0.0031
14.0701,29.9783,-265.6570,0.0961,18.3466,0.0188,-0.0031
14.0800,27.4075,-244.5999,0.7004,11.5106,0.0009,-0.0195
14.0900,25.4080,-176.9119,0.9530,8.3368,0.0009,-0.0195
14.1000,25.4080,-176.9119,1.2442,11.1444,-0.0578,-0.0043
14.1102,24.3478,18.7668,1.6232,22.2528,-0.0578,-0.0043
14.1200,24.5895,23.3444,1.6232,22.2528,-0.0259,-0.0256
14.1300,24.5895,23.3444,2.1615,39.5868,-0.0390,-0.0000
14.1400,24.5895,23.3444,2.1615,39.5868,-0.0390,-0.0000
14.1505,24.2929,-40.3152,4.1610,34.8871,-0.0390,-0.0000
14.1600,24.2929,-40.3152,4.6280,23.2294,-0.0390,-0.0000
14.1704,21.5024,-43.2449,5.0894,20.4828,-0.0197,0.0012
14.1809,20.8707,-51.9730,5.6827,29.6381,-0.0197,0.0012
14.1900,19.9313,-72.7249,5.6827,29.6381,-0.0197,0.0012
14.2003,19.9313,-72.7249,5.6827,29.6381,-0.0343,-0.0031
14.2100,18.5635,-53.7430,7.3855,75.9027,-0.0343,-0.0031
14.2200,18.0692,-50.8133,8.4457,87.4384,-0.0268,0.0348
14.2300,17.4649,-62.8372,9.6432,103.4906,-0.0268,0.0348
14.2400,16.8771,-56.6116,10.9286,118.9935,-0.0268,0.0348
14.2500,15.8499,-53.1326,13.3291,112.5848,-0.0268,0.0348
14.2604,15.8499,-53.1326,13.3291,112.5848,-0.0268,0.0348
14.2703,14.6469,-59.3582,14.3893,106.2982,-0.0268,0.0348
14.2802,14.0591,-58.1985,15.4220,106.2982,-0.0625,-0.0458
14.2900,14.0591,-58.1985,17.2403,84.4476,-0.0625,-0.0458
14.3000,14.0591,-58.1985,18.1302,82.7386,-0.0376,-0.0287
14.3102,12.8012,-65.2786,18.9322,84.2035,-0.0376,-0.0287
14.3204,12.1805,-62.1048,19.8111,83.1659,0.0094,0.0317
14.3300,11.0709,-56.2454,19.8111,83.1659,0.0094,0.0317
14.3400,10.5490,-55.3299,20.6186,77.3065,0.0094,0.0317
14.3502,10.0491,-53.9871,21.3711,72.9730,0.0127,0.0073
14.3600,10.0491,-53.9871,22.8488,73.8885,0.0127,0.0073
14.3700,10.0491,-53.9871,22.8488,73.8885,0.0127,0.0073
14.3800,10.0491,-53.9871,24.2990,69.3109,0.0508,0.0073
14.3901,10.0491,-53.9871,25.0351,71.6302,0.0508,0.0073
14.4000,9.5602,-53.0716,25.0351,71.6302,0.0508,0.0073
14.4100,8.6209,-49.8367,25.8261,78.5272,0.0508,0.0073
14.4206,7.3904,-43.3670,26.6336,80.6024,0.0188,-0.0061
14.4300,7.3904,-43.3670,27.4191,81.3959,0.0188,-0.0061
14.4400,7.3904,-43.3670,27.4191,81.3959,0.0188,-0.0061
14.4500,7.3904,-43.3670,29.2703,112.5848,0.0197,-0.0122
14.4600,7.0334,-41.5359,32.2091,165.4413,0.0197,-0.0122
14.4701,6.1545,-34.0897,32.2091,165.4413,0.0197,-0.0122
14.4800,6.1545,-34.0897,33.8626,167.5165,0.0329,0.0409
14.4900,5.7700,-23.0423,35.2853,137.3041,0.0329,0.0409
14.5000,5.7700,-23.0423,36.7410,25.3656,-0.0165,-0.0012
14.5100,5.6931,-16.1453,36.4499,-55.2618,-0.0165,-0.0012
14.5200,5.6931,-16.1453,35.3787,-125.2081,0.0611,0.0378
14.5300,5.5118,-4.1214,33.6264,-180.9943,0.0611,0.0378
14.5400,5.5118,-4.1214,33.6264,-180.9943,0.0611,0.0378
14.5502,5.5502,3.8742,31.1929,-243.8605,0.0611,0.0378
14.5600,5.5063,-4.1214,31.1929,-243.8605,-0.2200,0.2452
14.5707,5.5063,-4.1214,23.3706,-144.3121,-0.2200,0.2452
14.5800,5.4843,-2.1072,22.4643,-67.7130,-1.4401,1.3469
14.5902,5.4404,-4.7318,22.1182,-25.7819,-1.4401,1.3469
14.6000,5.4074,-2.4124,22.0248,-5.1520,-2.2255,2.3308
14.6100,5.4074,-2.4124,22.0248,-5.1520,-2.2255,2.3308
14.6200,5.4074,-2.4124,21.8930,-12.9645,-3.2172,3.1250
14.6300,5.4074,-2.4124,21.5085,-42.9327,-3.2505,3.1909
14.6400,5.6162,17.7292,20.2615,-77.2345,-3.2505,3.1909
14.6500,6.6159,39.3356,19.4211,-79.6149,-3.2505,3.1909
14.6600,7.0114,37.8708,18.6630,-74.7931,-3.0541,3.0622
14.6700,7.8574,41.6550,18.6630,-74.7931,-3.0541,3.0622
14.6800,8.3518,52.8854,17.9434,-64.9054,-2.5747,2.4906
14.6900,9.0219,66.4963,17.3172,-55.5060,-2.5747,2.4906
14.7000,9.8404,81.5720,17.3172,-55.5060,-2.5747,2.4906
14.7100,9.8404,81.5720,16.7184,-58.6188,-2.5747,2.4906
14.7200,9.8404,81.5720,14.4937,-68.5065,-2.3627,2.3851
14.7300,9.8404,81.5720,13.7411,-65.8820,-2.3627,2.3851
14.7406,9.8404,81.5720,13.0600,-68.3234,-2.4445,2.3570
14.7501,9.8404,81.5720,13.0600,-68.3234,-2.4445,2.3570
14.7600,11.8619,108.9157,12.2909,-72.9010,-2.1296,2.1527
14.7700,16.2674,96.7697,11.4834,-76.5021,-2.1296,2.1527
14.7800,17.2067,92.6193,10.6210,-77.2955,-1.7606,1.7611
14.7900,18.1076,88.6520,9.0225,-72.9010,-1.7606,1.7611
14.8007,18.9426,82.8537,8.2205,-71.1310,-1.5134,1.4695
14.8101,19.7116,76.5671,7.4020,-72.2296,-1.5134,1.4695
14.8202,20.8102,70.4636,7.4020,-72.2296,-1.5214,1.5122
14.8301,21.4804,70.0363,6.5945,-71.2531,-1.3061,1.2468
14.8400,21.4804,70.0363,5.8365,-69.5441,-1.3061,1.2468
14.8500,22.1451,70.0363,4.4247,-69.8492,-1.3061,1.2468
14.8600,22.8262,73.0270,3.7161,-69.1168,-0.9546,0.9181
14.8711,23.5678,79.8630,2.9800,-70.4596,-0.9546,0.9181
14.8802,24.4138,89.9338,2.2439,-67.8351,-0.8281,0.8503
14.8903,26.2100,87.1262,2.2439,-67.8351,-0.8281,0.8503
14.9000,26.9571,76.3229,1.5793,-60.6940,-0.5513,0.4972
14.9100,27.7316,86.8210,1.0080,-53.5529,-0.5513,0.4972
14.9200,27.7316,86.8210,-0.1621,-49.7687,-0.3440,0.3654
14.9306,28.7149,115.0192,-0.5960,-45.0079,-0.3440,0.3654
14.9400,30.0497,144.3161,-1.0025,-38.1110,-0.0874,0.0506
14.9500,31.3956,139.4943,-1.4255,-34.3878,-0.0874,0.0506
14.9600,32.6370,130.1559,-1.4255,-34.3878,0.3948,-0.4130
14.9700,34.5596,83.7692,-1.7881,-29.8102,0.3948,-0.4130
14.9800,34.5596,83.7692,-2.0572,-20.6549,0.3948,-0.4130
14.9902,34.5596,83.7692,-2.2110,-1.1847,0.3948,-0.4130
15.0002,35.0211,-16.9388,-2.0957,7.2382,0.3948,-0.4130
15.0100,35.0211,-16.9388,-1.8814,17.5531,0.3948,-0.4130
15.0200,29.5609,-278.5965,-1.5848,27.9901,0.8437,-0.8412
15.0300,26.6440,-288.8504,-1.5848,27.9901,0.8437,-0.8412
15.0401,24.1611,-233.2474,-1.1893,37.8168,0.8437,-0.8412
15.0500,22.8482,-100.0687,-0.7114,44.7137,0.8437,-0.8412
15.0600,22.8482,-100.0687,0.5960,66.5033,1.1360,-1.1438
15.0701,22.8482,-100.0687,1.4639,79.5648,1.1360,-1.1438
15.0801,22.8482,-100.0687,2.4087,77.4896,1.2685,-1.1944
15.0900,22.8482,-100.0687,3.1833,54.3573,1.2685,-1.1944
15.1000,22.9251,32.2556,3.1833,54.3573,1.5463,-1.5250
15.1100,22.7438,-57.2220,3.7930,43.2489,1.5463,-1.5250
15.1200,21.6342,-60.5789,4.2105,21.9476,1.9688,-1.8947
15.1306,21.6342,-60.5789,4.4467,2.4774,1.9688,-1.8947
15.1402,21.6342,-60.5789,4.7104,3.3319,1.9688,-1.8947
15.1500,20.9805,-61.6776,5.1498,17.4921,1.9688,-1.8947
15.1600,20.9805,-61.6776,5.1498,17.4921,2.1747,-2.0947
15.1700,20.4038,-52.4612,5.1498,17.4921,2.0990,-2.1466
15.1800,18.2504,-47.3953,7.6986,91.8329,2.0990,-2.1466
15.1901,17.7341,-51.7288,8.8138,105.2606,2.0990,-2.1466
15.2000,17.7341,-51.7288,11.3791,117.8949,2.3556,-2.4400
15.2100,17.7341,-51.7288,12.6754,118.3221,2.4731,-2.5675
15.2201,16.4157,-72.7859,13.9883,119.2377,2.4731,-2.5675
15.2300,15.6577,-73.3963,13.9883,119.2377,2.4990,-2.5016
15.2400,14.3283,-61.5555,15.2462,113.0121,2.4990,-2.5016
15.2500,13.6911,-64.7903,16.3614,97.7533,2.4990,-2.5016
15.2600,13.6911,-64.7903,17.3501,85.0580,2.4990,-2.5016
15.2701,13.6911,-64.7903,18.8498,76.1469,2.4990,-2.5016
15.2801,13.6911,-64.7903,19.6902,75.7196,2.4990,-2.5016
15.2901,11.6806,-62.8983,20.5417,76.6962,2.4990,-2.5016
15.3000,10.3018,-70.2225,21.4041,79.9310,2.4990,-2.5016
15.3100,9.5932,-70.5887,21.4041,79.9310,2.4990,-2.5016
15.3200,8.8846,-71.3211,22.3105,86.8890,2.7772,-2.6907
15.3301,8.1650,-73.0911,23.2443,91.1615,2.7772,-2.6907
15.3402,8.1650,-73.0911,25.0735,87.3773,3.2374,-3.1836
15.3500,8.1650,-73.0911,25.9579,86.2177,3.2374,-3.1836
15.3600,6.7917,-68.2083,26.8698,90.8563,3.2115,-3.1866
15.3700,6.1765,-63.8748,27.8421,101.0492,3.2115,-3.1866
15.3800,5.5777,-58.8089,27.8421,101.0492,3.5048,-3.5093
15.3900,5.0119,-55.8182,28.8583,107.9462,3.6016,-3.6075
15.4000,5.0119,-55.8182,29.9350,115.6976,3.6016,-3.6075
15.4104,5.0119,-55.8182,31.1545,132.2992,3.6016,-3.6075
15.4200,5.0119,-55.8182,33.9175,140.6610,3.3520,-3.3568
15.4304,5.0119,-55.8182,35.0326,108.4344,3.3520,-3.3568
15.4400,5.0119,-55.8182,35.7138,57.3480,3.0658,-3.0897
15.4501,4.5120,-53.4378,35.7138,57.3480,3.0658,-3.0897
15.4600,2.9410,-22.4930,35.7138,57.3480,2.7650,-2.7657
15.4700,2.7103,-22.9813,35.1425,-81.3239,2.7650,-2.7657
15.4801,2.2983,-15.9012,31.8960,-185.0836,2.5690,-2.5382
15.4901,2.2983,-15.9012,29.5834,-217.3102,2.5690,-2.5382
15.5000,2.2983,-15.9012,26.8753,-252.5885,2.4609,-2.4833
15.5101,2.3093,16.1423,24.3704,-212.7325,2.4609,-2.4833
15.5200,3.0234,48.3078,24.3704,-212.7325,2.2847,-2.2637
15.5303,3.5617,54.8996,22.5631,-143.2745,2.2847,-2.2637
15.5403,4.1385,58.2565,22.5631,-143.2745,1.9096,-1.9502
15.5500,4.1385,58.2565,20.6515,-42.7496,1.9096,-1.9502
15.5600,4.7153,57.4020,20.5142,-3.3209,1.9096,-1.9502
15.5702,5.2701,55.8762,19.8440,-59.8395,1.9096,-1.9502
15.5800,6.5775,65.6418,19.0255,-91.3336,1.7451,-1.7165
15.5900,7.1982,58.9279,19.0255,-91.3336,1.7451,-1.7165
15.6000,7.8189,55.2658,18.0807,-95.3619,1.4401,-1.4878
15.6100,8.3957,55.1437,18.0807,-95.3619,1.4401,-1.4878
15.6200,8.3957,55.1437,15.9604,-71.8024,1.1759,-1.1621
15.6301,9.0274,60.1486,15.9604,-71.8024,0.8944,-0.8107
15.6406,9.7305,68.2053,14.4333,-64.2950,0.8944,-0.8107
15.6500,10.5710,84.5016,13.7246,-65.8209,0.8484,-0.7582
15.6603,12.8397,128.5690,13.7246,-65.8209,0.8484,-0.7582
15.6703,14.3228,151.3962,12.9721,-65.5157,0.8484,-0.7582
15.6800,14.3228,151.3962,12.2195,-64.2950,0.8563,-0.8412
15.6900,15.9049,158.4152,10.6155,-66.1261,0.8563,-0.8412
15.7003,15.9049,158.4152,9.8684,-69.4830,0.5607,-0.4880
15.7100,17.4374,149.7482,9.1763,-72.2296,0.5607,-0.4880
15.7200,20.0467,121.3669,8.3963,-75.7086,0.5607,-0.4880
15.7301,21.1783,110.6857,8.3963,-75.7086,0.5607,-0.4880
15.7401,21.1783,110.6857,7.4460,-81.5070,-0.0212,0.0287
15.7507,23.1009,94.6335,5.5014,-81.3849,-0.0212,0.0287
15.7601,23.9029,86.9431,4.6939,-72.5348,-0.3727,0.3636
15.7700,24.7379,83.2199,3.9633,-64.7833,-0.3727,0.3636
15.7800,25.5563,81.9992,3.2492,-65.5157,-0.3727,0.3636
15.7900,27.1219,80.7175,2.5296,-68.2013,-0.3727,0.3636
15.8000,27.9184,83.9523,2.5296,-68.2013,-0.7027,0.7784
15.8103,28.7479,88.2858,1.8155,-69.9713,-0.7027,0.7784
15.8201,29.6158,93.4128,1.0849,-70.5206,-1.0364,1.1273
15.8301,29.6158,93.4128,-0.3049,-66.4313,-1.0364,1.1273
15.8400,30.5167,95.7321,-0.9311,-57.2760,-1.6906,1.6171
15.8502,31.3461,85.0510,-1.5848,-57.6422,-1.6906,1.6171
15.8600,31.9998,67.3508,-2.2769,-62.0367,-1.9392,1.9319
15.8700,33.1918,78.9474,-2.2769,-62.0367,-1.9392,1.9319
15.8800,34.1751,115.6296,-2.9251,-58.9850,-2.0873,2.0716
15.8902,35.4331,142.6682,-3.4635,-49.4635,-2.0873,2.0716
15.9000,35.4331,142.6682,-4.3149,-42.6276,-2.2316,2.1960
15.9100,36.8503,150.7858,-4.6555,-39.6979,-2.2316,2.1960
15.9200,38.1632,132.2311,-4.9301,-35.4865,-2.2316,2.1960
15.9302,39.2178,100.7370,-5.2817,-28.9557,-2.2316,2.1960
15.9400,39.8331,-16.0233,-5.2817,-28.9557,-2.5498,2.5998
15.9500,39.1574,-83.3450,-5.5344,-21.8146,-2.5498,2.5998
15.9600,38.0478,-119.2337,-5.6882,-14.1852,-3.1072,3.1159
15.9700,38.0478,-119.2337,-5.7871,-7.1661,-3.1072,3.1159
15.9800,36.7514,-125.9476,-5.7376,-1.6119,-3.0324,3.0250
15.9902,35.5594,-111.1771,-5.5619,12.7313,-3.0324,3.0250
16.0000,31.9339,-224.9466,-5.2103,28.2953,-2.8609,2.8426
16.0100,29.5004,-238.4964,-5.2103,28.2953,-2.8609,2.8426
16.0201,29.5004,-238.4964,-4.6060,50.2679,-2.5747,2.5968
16.0300,26.9681,-14.6194,-3.6832,73.8275,-2.5747,2.5968
16.0402,26.9681,-14.6194,-1.8924,65.8319,-2.2870,2.3326
16.0500,26.9956,-1.0696,-1.0300,68.9447,-2.2870,2.3326
16.0602,26.4243,-66.3162,-0.0467,79.0155,-2.0577,2.1332
16.0700,24.3973,-87.9837,0.9366,79.1986,-2.0577,2.1332
16.0801,23.6832,-63.6917,0.9366,79.1986,-1.8090,1.8794
16.0900,23.1558,-52.8275,1.7825,69.5551,-1.8090,1.8794
16.1000,22.6889,-48.3109,2.5186,62.3529,-1.2967,1.3298
16.1100,22.6889,-48.3109,3.9139,72.4847,-1.2967,1.3298
16.1200,22.0902,-46.4188,4.8697,87.8656,-1.2610,1.3499
16.1300,21.5958,-48.9212,4.8697,87.8656,-1.2610,1.3499
16.1401,21.0025,-59.2361,7.0999,87.6825,-1.0646,1.0333
16.1500,19.7336,-61.1893,7.0999,87.6825,-1.0646,1.0333
16.1600,19.1348,-58.5037,8.2480,93.2367,-0.8056,0.6905
16.1700,18.5196,-60.0906,9.5498,112.4017,-0.8056,0.6905
16.1801,18.5196,-60.0906,11.0605,131.9330,-0.8056,0.6905
16.1900,17.8659,-63.6917,12.6480,139.6234,-0.8056,0.6905
16.2000,17.1628,-67.4149,14.1916,137.4872,-0.1795,0.1519
16.2100,16.4157,-72.2366,17.0755,125.2802,-0.1795,0.1519
16.2200,15.0205,-61.5555,17.0755,125.2802,0.2660,-0.2745
16.2300,14.4272,-60.5789,18.4048,117.7728,0.2660,-0.2745
16.2408,13.7570,-69.4290,19.5309,101.4764,0.4709,-0.5508
16.2500,13.7570,-69.4290,21.4535,80.2972,0.4709,-0.5508
16.2602,13.0045,-76.6922,22.3489,87.9266,1.3202,-1.3329
16.2700,13.0045,-76.6922,23.3871,91.2225,1.3202,-1.3329
16.2801,11.5103,-72.6639,24.3979,89.2694,1.3973,-1.4280
16.2900,10.1755,-69.4290,24.3979,89.2694,1.3973,-1.4280
16.3000,9.5548,-65.0345,25.4196,89.6356,1.8659,-1.8855
16.3102,8.9999,-60.1517,26.4468,92.1991,1.8659,-1.8855
16.3200,8.9999,-60.1517,27.5015,97.7533,1.8636,-1.9209
16.3300,8.4506,-61.9217,29.8306,116.9794,1.8636,-1.9209
16.3400,7.8738,-65.3397,31.1270,126.5619,2.4266,-2.4876
16.3500,6.7972,-59.4803,32.4948,138.4027,2.7086,-2.7133
16.3600,6.3248,-55.2689,32.4948,138.4027,2.7086,-2.7133
16.3700,6.3248,-55.2689,33.9230,147.5580,2.7086,-2.7133
16.3800,5.4074,-44.1605,33.9230,147.5580,2.7086,-2.7133
16.3900,5.4074,-44.1605,35.3183,147.2528,2.7331,-2.7505
16.4000,5.4074,-44.1605,38.9547,115.0873,2.7331,-2.7505
16.4100,4.6988,-39.3997,39.9160,94.5795,2.7331,-2.7505
16.4200,4.1330,-39.0945,39.9160,94.5795,2.9427,-2.9670
16.4300,3.8419,-32.9910,39.9160,94.5795,2.9427,-2.9670
16.4400,3.5892,-22.3099,40.7181,4.0033,3.2942,-3.1787
16.4500,3.4354,-12.7884,40.7181,4.0033,3.4526,-3.4489
16.4601,3.4354,-12.7884,38.0209,-159.5099,3.4526,-3.4489
16.4700,3.3640,-4.6707,36.0544,-192.3468,3.4526,-3.4489
16.4800,3.3859,5.2170,33.6264,-235.2545,3.5283,-3.4935
16.4900,3.5068,14.5554,30.5722,-287.3785,3.5283,-3.4935
16.5000,3.9517,27.6779,30.5722,-287.3785,3.4174,-3.3721
16.5100,4.2648,31.5231,27.7377,-240.5646,3.4174,-3.3721
16.5200,4.5779,31.4011,25.8041,-163.5382,2.8802,-2.7993
16.5300,4.5779,31.4011,24.6725,-2.3444,2.8802,-2.7993
16.5400,4.9075,34.0256,24.7384,12.7924,2.6433,-2.5230
16.5500,5.3470,47.9416,24.5077,-21.5704,2.6433,-2.5230
16.5600,5.9732,67.1677,23.8705,-61.6095,2.4811,-2.3784
16.5702,7.4509,75.0412,23.8705,-61.6095,2.4811,-2.3784
16.5800,8.2034,73.9426,23.8705,-61.6095,2.2847,-2.2698
16.5900,8.8626,60.0876,21.9754,-99.6954,2.2847,-2.2698
16.6000,8.8626,60.0876,21.0910,-89.8688,1.8269,-1.8471
16.6100,9.3790,46.7819,21.0910,-89.8688,1.8269,-1.8471
16.6200,9.8184,44.7678,21.0910,-89.8688,1.4434,-1.5049
16.6300,10.4172,59.1721,21.0910,-89.8688,1.2897,-1.3066
16.6400,11.1093,64.7263,19.6682,-64.4171,1.2897,-1.3066
16.6500,12.8397,93.1076,19.6682,-64.4171,1.2897,-1.3066
16.6600,13.8998,105.9860,18.7784,-71.0089,1.2897,-1.3066
16.6700,13.8998,105.9860,14.8892,-64.1730,1.2897,-1.3066
16.6800,15.1138,124.1745,14.1366,-67.4078,0.6552,-0.5819
16.6900,16.4542,134.4284,13.3291,-73.2062,0.6552,-0.5819
16.7000,18.8767,111.7844,12.4722,-77.5397,0.1763,-0.1903
16.7100,19.9313,103.9108,12.4722,-77.5397,0.1763,-0.1903
16.7200,20.9366,98.7839,11.6043,-78.8824,-0.4197,0.4990
16.7300,21.8924,93.5959,10.7144,-80.6525,-0.6613,0.6185
16.7400,21.8924,93.5959,8.8742,-82.4835,-0.6613,0.6185
16.7501,22.7988,88.5300,7.9074,-82.4225,-0.6613,0.6185
16.7602,23.4799,85.7834,6.9131,-83.8263,-0.8930,0.9242
16.7700,24.1391,84.8679,5.9463,-84.3146,-0.8930,0.9242
16.7800,24.9796,83.8303,5.9463,-84.3146,-1.3075,1.3341
16.7900,25.8090,84.3185,5.0400,-84.3756,-1.3075,1.3341
16.8000,27.4515,86.7599,4.1610,-85.0470,-1.3075,1.3341
16.8101,27.4515,86.7599,2.4307,-82.1783,-1.3075,1.3341
16.8201,28.2810,87.7975,1.6397,-76.6241,-1.5510,1.5860
16.8300,29.1214,90.4831,0.9475,-68.6285,-1.5510,1.5860
16.8401,30.0333,98.2956,0.9475,-68.6285,-2.1418,2.2296
16.8500,30.9451,93.4128,0.3323,-61.8536,-2.1418,2.2296
16.8600,32.1152,47.0261,-0.2170,-58.3136,-2.8007,2.8042
16.8700,32.4667,45.6223,-0.7169,-53.9191,-2.8007,2.8042
16.8800,32.4667,45.6223,-1.5683,-43.9703,-2.8209,2.7779
16.8900,32.9776,70.5246,-1.9803,-38.6603,-2.8209,2.7779
16.9000,33.7576,101.1642,-2.2824,-27.1246,-2.3914,2.3235
16.9108,34.7464,110.5026,-2.5626,-25.7208,-2.3914,2.3235
16.9201,36.6415,101.8356,-2.5626,-25.7208,-1.9134,1.8660
16.9300,37.4875,81.2057,-2.8977,-29.1388,-1.9134,1.8660
16.9400,37.9160,27.6779,-3.2382,-28.1012,-1.9406,1.8642
16.9500,37.9160,27.6779,-3.7821,-19.3732,-1.9406,1.8642
16.9600,37.7127,-42.0853,-3.9194,-11.7438,-1.7630,1.7769
16.9700,36.8558,-104.6463,-3.9194,-0.4523,-1.6469,1.6921
16.9800,33.9169,-188.4476,-3.7491,16.7596,-1.6469,1.6921
16.9900,33.9169,-188.4476,-3.7491,16.7596,-1.6469,1.6921
17.0006,28.2700,-278.3524,-3.3426,41.0516,-1.1285,1.1932
17.0100,26.0123,-203.2181,-2.7274,58.5687,-1.1285,1.1932
17.0200,26.0123,-203.2181,-2.0023,64.1229,-0.9419,0.8028
17.0300,25.0125,-64.0579,-0.6729,42.6385,-0.9419,0.8028
17.0400,25.2927,54.5334,-0.2335,31.8353,-0.4399,0.4941
17.0500,25.3696,-45.5643,0.3763,50.0238,-0.4399,0.4941
17.0600,24.3424,-101.2283,0.3763,50.0238,-0.0921,0.0580
17.0701,23.3151,-93.4769,1.2716,64.6112,-0.0921,0.0580
17.0800,22.6450,-62.8372,2.3044,73.4003,0.3605,-0.3623
17.0900,22.6450,-62.8372,3.1613,59.0570,0.5240,-0.5033
17.1005,22.1726,-49.7757,4.3149,37.9999,0.5240,-0.5033
17.1100,21.6068,-47.7615,4.7928,38.7323,0.5240,-0.5033
17.1200,20.4422,-51.0574,5.3586,47.6434,0.5240,-0.5033
17.1301,19.8050,-64.3631,5.3586,47.6434,0.8234,-0.8491
17.1400,19.1733,-60.7010,6.0837,59.6674,0.8234,-0.8491
17.1500,19.1733,-60.7010,7.0010,78.1000,0.8234,-0.8491
17.1600,18.5910,-57.5272,9.2422,97.3260,1.1454,-1.2035
17.1700,18.0032,-58.0154,10.4452,105.2606,1.1454,-1.2035
17.1801,17.4210,-56.6727,11.7416,115.5145,1.1454,-1.2035
17.1900,16.8002,-60.1517,13.0380,116.6132,1.1454,-1.2035
17.2000,15.3555,-70.1004,13.0380,116.6132,1.1454,-1.2035
17.2100,14.6359,-67.7811,14.2795,113.9886,1.1454,-1.2035
17.2200,13.9658,-65.2176,15.4715,109.8383,1.6530,-1.6324
17.2300,13.9658,-65.2176,17.5863,89.2084,1.6530,-1.6324
17.2404,13.3066,-65.8890,18.5531,84.3256,2.2447,-2.2710
17.2504,12.6419,-65.5228,18.5531,84.3256,2.2447,-2.2710
17.2600,11.3236,-63.6917,20.2725,83.0438,2.2847,-2.2479
17.2702,10.6863,-64.0579,20.2725,83.0438,2.2847,-2.2479
17.2800,10.0436,-65.6448,21.1899,79.9921,2.4092,-2.4065
17.2904,9.3955,-66.9266,22.0852,79.2596,2.4092,-2.4065
17.3000,9.3955,-66.9266,23.9145,83.5931,2.6621,-2.6523
17.3100,8.7363,-67.4149,24.8208,80.8466,2.6621,-2.6523
17.3202,8.0936,-66.5604,25.6942,76.9403,3.0136,-3.0006
17.3302,6.9125,-57.5272,26.5127,72.9730,3.0136,-3.0006
17.3400,6.4127,-51.8509,26.5127,72.9730,3.3497,-3.3587
17.3500,5.9403,-50.0809,27.3257,76.9403,3.3497,-3.3587
17.3600,5.5063,-46.9070,28.1827,84.7528,3.5405,-3.4892
17.3701,5.5063,-46.9070,29.9844,98.6688,3.5405,-3.4892
17.3800,5.1437,-40.4984,30.9897,112.0355,3.5358,-3.5539
17.3903,4.8856,-31.7093,32.2476,140.0507,3.5358,-3.5539
17.4000,4.6439,-22.4930,32.2476,140.0507,3.5358,-3.5539
17.4104,4.5230,-8.2718,33.8351,172.2162,3.5358,-3.5539
17.4201,4.7372,20.6589,35.6479,187.7802,2.8562,-2.8670
17.4300,5.0284,30.8517,37.3233,163.1830,2.8562,-2.8670
17.4400,5.0284,30.8517,38.7185,5.8344,2.8562,-2.8670
17.4500,5.3250,28.1662,38.0758,-91.5778,2.8562,-2.8670
17.4600,5.5173,16.3864,36.5707,-170.2521,2.2278,-2.2515
17.4701,5.5557,-0.0320,34.3680,-228.7238,2.2278,-2.2515
17.4800,5.0888,-33.4793,34.3680,-228.7238,1.8542,-1.8904
17.4900,4.7318,-34.7610,31.4181,-291.6510,1.8542,-1.8904
17.5000,4.4626,-23.5306,28.1497,-313.0133,1.7418,-1.6873
17.5103,4.4626,-23.5306,25.4745,-221.8268,1.7418,-1.6873
17.5200,4.3692,-4.1214,23.5519,-27.9181,1.5096,-1.4786
17.5300,4.4571,12.7853,23.3816,-1.0626,1.5096,-1.4786
17.5400,4.6603,22.9172,23.4146,10.9003,0.8686,-0.8473
17.5500,5.4843,49.1623,23.4146,10.9003,0.8686,-0.8473
17.5600,5.9732,49.0402,23.2992,-18.4576,0.2801,-0.2098
17.5700,6.4841,50.6271,22.7609,-60.2667,0.2801,-0.2098
17.5806,6.4841,50.6271,21.0525,-87.6715,0.0766,-0.1318
17.5901,7.0169,51.2375,21.0525,-87.6715,-0.8173,0.9211
17.6002,7.5058,40.0070,19.7561,-58.9850,-0.8173,0.9211
17.6104,7.8793,33.3542,19.1025,-59.1071,-0.8173,0.9211
17.6206,8.2639,34.8801,19.1025,-59.1071,-1.7451,1.7428
17.6301,9.3955,68.3273,18.2126,-72.5348,-1.7451,1.7428
17.6400,10.2908,91.9479,17.4380,-77.5397,-2.1488,2.0929
17.6500,10.2908,91.9479,15.9768,-69.8492,-2.4882,2.5126
17.6600,11.3071,101.1642,15.2627,-69.9713,-2.4882,2.5126
17.6700,12.4112,111.8454,14.5157,-72.5348,-2.4882,2.5126
17.6802,14.8612,123.6252,13.7301,-73.2062,-2.8313,2.8560
17.6900,16.0037,111.0519,13.7301,-73.2062,-2.8313,2.8560
17.7000,16.9870,95.3659,12.9171,-73.5114,-2.9925,2.9609
17.7100,17.8714,87.4313,12.0547,-77.1124,-2.9925,2.9609
17.7200,17.8714,87.4313,11.1978,-81.8732,-2.9925,2.9609
17.7300,18.6899,81.6330,10.3409,-84.0704,-2.9925,2.9609
17.7401,19.3655,75.7736,8.5721,-84.3146,-2.9793,2.8884
17.7501,19.8874,69.4870,7.5888,-86.0236,-2.9793,2.8884
17.7600,20.8817,70.2194,7.5888,-86.0236,-2.8896,2.9164
17.7702,21.4969,73.3932,6.6110,-83.4601,-2.9370,2.8597
17.7805,22.2275,76.8112,5.6991,-79.4318,-2.9370,2.8597
17.7901,22.2275,76.8112,4.0677,-77.4786,-2.9370,2.8597
17.8000,22.9855,80.5344,3.2821,-77.1735,-2.7119,2.7060
17.8100,23.7656,82.6096,2.5021,-75.4645,-2.7119,2.7060
17.8200,25.4300,91.0934,1.7386,-69.7272,-2.6174,2.6151
17.8300,26.3529,95.3659,1.7386,-69.7272,-2.6174,2.6151
17.8400,27.2537,89.9948,1.0190,-62.7692,-2.0412,1.9868
17.8500,28.0283,74.6750,0.3543,-59.9615,-2.0412,1.9868
17.8600,28.0283,74.6750,-0.8048,-49.4025,-1.1891,1.1883
17.8700,28.6655,64.4211,-1.3211,-45.4352,-1.1891,1.1883
17.8800,29.2972,70.3415,-1.7771,-41.1017,-0.9762,0.9687
17.8900,31.1923,126.4938,-1.7771,-41.1017,-0.9062,0.9364
17.9000,32.5217,139.9216,-2.1836,-33.2892,-0.9062,0.9364
17.9100,33.7686,129.8508,-2.1836,-33.2892,-0.9062,0.9364
17.9200,34.8178,107.6950,-2.6999,-10.7672,-0.6068,0.6307
17.9300,34.8178,107.6950,-2.8098,4.0643,-0.6068,0.6307
17.9401,35.5924,78.5202,-2.6560,19.1400,-0.6068,0.6307
17.9502,36.0153,33.7204,-2.6560,19.1400,-0.6068,0.6307
17.9600,35.8011,-37.6297,-2.6560,19.1400,-0.6068,0.6307
17.9700,35.0540,-86.0306,-1.8375,45.8124,-0.6068,0.6307
17.9800,31.9998,-213.8382,-1.2827,49.2303,0.2862,-0.3727
17.9900,29.4565,-265.4739,-0.7279,49.4135,0.2862,-0.3727
18.0001,29.4565,-265.4739,-0.2664,42.2723,0.7948,-0.8400
18.0105,27.0175,-235.0784,0.0906,32.8119,0.7948,-0.8400
18.0200,25.2707,-161.1649,0.3323,18.6517,1.2070,-1.1273
18.0300,24.4632,-56.7947,0.5685,2.1112,1.0707,-1.0901
18.0400,24.8697,24.7482,0.5685,2.1112,1.0707,-1.0901
18.0500,24.5346,-43.3060,0.9091,23.5956,1.0707,-1.0901
18.0608,23.6942,-84.4437,1.5683,50.6952,2.1973,-2.1820
18.0701,23.6942,-84.4437,2.3373,55.2118,2.1973,-2.1820
18.0800,22.8977,-71.2601,3.6776,39.0985,2.6955,-2.7182
18.0901,22.8977,-71.2601,4.2434,33.3002,2.6955,-2.7182
18.1000,21.2497,-39.8270,4.6444,23.3514,3.0127,-2.9640
18.1102,20.5026,-57.0389,4.6444,23.3514,3.0127,-2.9640
18.1200,19.8380,-65.2176,5.1114,26.4032,3.2374,-3.2513
18.1306,19.2172,-60.5789,5.7541,41.9672,3.2374,-3.2513
18.1400,19.2172,-60.5789,7.6437,83.1659,3.5212,-3.5508
18.1500,18.6295,-58.5648,8.7753,94.0912,3.5212,-3.5508
18.1600,18.0527,-57.2830,9.9948,105.3827,3.7638,-3.8314
18.1700,16.9046,-57.0389,11.2747,113.4393,3.7638,-3.8314
18.1800,16.2619,-63.4476,11.2747,113.4393,3.9461,-3.9516
18.1901,15.5313,-71.1990,12.5271,114.1718,3.9461,-3.9516
18.2000,15.5313,-71.1990,13.7191,111.5472,4.2775,-4.2480
18.2100,14.7952,-70.2225,16.0373,106.7865,4.2775,-4.2480
18.2203,14.1251,-62.9593,17.0865,98.5468,4.1830,-4.1572
18.2311,13.5318,-56.6116,17.8335,86.4008,4.1830,-4.1572
18.2400,12.4057,-55.9402,18.4762,78.9545,3.9085,-3.8515
18.2500,11.8509,-54.2923,18.4762,78.9545,3.9085,-3.8515
18.2600,11.3071,-53.7430,19.0970,77.4286,3.5180,-3.4904
18.2700,10.7633,-56.6116,19.7177,79.7479,3.5048,-3.5289
18.2800,10.7633,-56.6116,21.3711,78.3441,3.5048,-3.5289
18.2900,10.1645,-63.0814,21.3711,78.3441,3.5048,-3.5289
18.3000,9.5053,-68.8797,22.9971,77.0624,3.1843,-3.1342
18.3100,8.2144,-62.9593,23.8101,75.7196,3.1843,-3.1342
18.3200,8.2144,-62.9593,23.8101,75.7196,2.7110,-2.8243
18.3300,7.0554,-58.1375,24.5736,68.3344,2.7110,-2.8243
18.3400,6.5390,-53.0716,25.3207,68.8837,2.3157,-2.3125
18.3502,6.5390,-53.0716,26.9137,82.4335,2.3157,-2.3125
18.3600,6.0721,-50.4471,27.7157,85.3021,1.9820,-1.9996
18.3700,5.5942,-49.4705,28.5287,90.6732,1.9820,-1.9996
18.3800,5.5942,-49.4705,29.5175,112.5238,1.7663,-1.7287
18.3901,5.1218,-46.2967,29.5175,112.5238,1.4528,-1.4231
18.4000,4.1385,-30.9158,30.8413,146.9476,1.4528,-1.4231
18.4100,3.8968,-21.1502,32.4728,173.7421,1.4528,-1.4231
18.4200,3.8968,-21.1502,34.1482,169.4696,1.1003,-1.1011
18.4300,3.7650,-9.7977,36.6092,87.0111,1.1003,-1.1011
18.4400,3.7430,0.8835,36.9168,2.6605,0.7393,-0.7076
18.4500,3.8144,10.0998,36.1862,-99.2072,0.7393,-0.7076
18.4600,3.9682,16.3864,36.1862,-99.2072,0.2909,-0.2379
18.4700,4.0671,-4.1214,34.5053,-181.1163,0.2909,-0.2379
18.4800,3.9298,-18.0374,32.1487,-233.9117,0.2909,-0.2379
18.4900,3.9298,-18.0374,26.9357,-254.4806,0.2909,-0.2379
18.5000,3.6276,-34.6390,24.4528,-212.6105,-0.0033,-0.0427
18.5100,3.2211,-40.9866,22.9147,-127.7106,-0.0033,-0.0427
18.5200,2.9135,-25.9109,22.1292,-60.9991,-0.0268,0.0226
18.5300,2.8256,-4.6097,22.1292,-60.9991,-0.0268,0.0226
18.5400,3.0728,17.6682,21.9314,-5.8234,-0.7511,0.7259
18.5505,3.3145,25.8469,21.9095,-7.9596,-0.7511,0.7259
18.5600,3.3145,25.8469,21.3492,-58.4967,-1.0636,1.0272
18.5702,3.5892,28.8376,20.4043,-94.0192,-1.0636,1.0272
18.5801,3.8858,31.8893,19.3771,-99.1461,-1.5463,1.4646
18.5901,4.2044,34.0256,18.5531,-85.8405,-1.9359,1.9331
18.6005,4.9899,42.6926,18.5531,-85.8405,-1.9359,1.9331
18.6100,5.4239,41.4719,17.8885,-68.3234,-1.9359,1.9331
18.6206,5.8743,49.5895,16.6360,-65.5768,-2.2696,2.2497
18.6300,5.8743,49.5895,15.8944,-68.9337,-2.2696,2.2497
18.6401,6.4456,64.4211,15.1309,-73.7555,-2.5591,2.5663
18.6500,7.1652,79.8630,14.3564,-75.6476,-2.8919,2.9731
18.6600,8.0936,94.6335,13.6038,-70.0323,-2.8919,2.9731
18.6700,10.3128,117.3996,13.6038,-70.0323,-2.8919,2.9731
18.6801,11.5323,121.2448,12.8787,-65.6989,-3.3972,3.4154
18.6900,12.7298,117.3386,12.1646,-66.8585,-3.3972,3.4154
18.7001,12.7298,117.3386,10.7638,-67.2247,-3.1556,3.1836
18.7108,13.8449,109.7092,10.0387,-68.9948,-2.8209,2.7474
18.7200,14.8776,100.6760,9.2642,-73.3893,-2.8209,2.7474
18.7302,15.8170,92.1310,8.4842,-71.5582,-2.8209,2.7474
18.7400,17.5253,83.5251,8.4842,-71.5582,-2.4243,2.4046
18.7500,18.3328,81.2668,7.7041,-69.7272,-2.4243,2.4046
18.7600,19.1348,80.7785,6.9131,-69.4830,-2.0849,2.0947
18.7700,19.1348,80.7785,5.3531,-64.0509,-2.0849,2.0947
18.7800,19.9258,79.4968,4.6389,-65.3326,-1.7902,1.8318
18.7906,20.5081,79.1306,3.9139,-68.2623,-1.7902,1.8318
18.8000,22.0297,84.4406,3.1942,-68.9337,-1.6126,1.6061
18.8100,22.8867,89.4455,3.1942,-68.9337,-1.6126,1.6061
18.8201,23.8040,95.1218,2.4966,-67.1637,-1.3795,1.4372
18.8300,24.7763,100.7370,1.8429,-62.2809,-1.3513,1.3804
18.8400,24.7763,100.7370,1.2332,-56.3605,-1.3513,1.3804
18.8500,25.7816,100.7370,0.0631,-50.9283,-1.3513,1.3804
18.8600,26.6769,86.6379,-0.4642,-46.5948,-1.3513,1.3804
18.8700,27.9514,60.3928,-0.9476,-41.8341,-1.2389,1.2115
18.8801,28.5941,75.5905,-0.9476,-41.8341,-1.2389,1.2115
18.8900,29.5059,108.7326,-0.9476,-41.8341,-1.2389,1.2115
18.9000,30.7529,136.1984,-1.7166,-29.9323,-0.9616,0.9675
18.9101,30.7529,136.1984,-2.2934,-17.6031,-0.9616,0.9675
18.9200,32.0767,139.7995,-2.4582,-8.8141,-0.6401,0.5972
18.9300,33.3951,133.0246,-2.4582,-8.8141,-0.6401,0.5972
18.9400,35.6638,97.5632,-2.4527,11.2054,-0.2162,0.1116
18.9500,36.1417,25.7248,-2.4527,11.2054,-0.2162,0.1116
18.9600,35.7791,-55.6351,-2.4527,11.2054,0.4578,-0.4758
18.9700,34.7849,-109.2850,-2.1836,17.0038,0.4578,-0.4758
18.9800,34.7849,-109.2850,-1.9034,25.5487,0.9475,-0.9321
18.9901,33.4226,-135.1028,-1.1179,29.5770,0.9475,-0.9321
19.0000,31.7197,-173.3109,-0.6674,39.2206,1.3320,-1.4006
19.0100,29.2972,-257.0511,-0.3269,29.7601,1.3320,-1.4006
19.0200,24.2490,-196.8094,-0.3269,29.7601,1.9026,-1.7800
19.0301,23.3865,-49.2874,-0.3269,29.7601,1.9026,-1.7800
19.0403,23.8150,66.9235,-0.2115,8.5199,1.9890,-1.9886
19.0500,23.8150,66.9235,0.1785,18.8959,1.9890,-1.9886
19.0600,24.3314,41.5939,0.6674,35.9247,2.3641,-2.3467
19.0701,24.0512,-44.4046,0.6674,35.9247,2.3641,-2.3467
19.0800,22.2110,-82.3074,1.9418,45.3241,3.0658,-3.0280
19.0900,21.5958,-58.1375,1.9418,45.3241,3.1011,-3.0683
19.1000,21.1234,-46.5408,1.9418,45.3241,3.1011,-3.0683
19.1100,20.5795,-41.4749,3.0130,26.2201,3.1011,-3.0683
19.1200,20.5795,-41.4749,3.8644,32.3236,3.2670,-3.2989
19.1300,20.5795,-41.4749,4.4082,41.6010,3.2670,-3.2989
19.1400,18.9865,-76.8143,5.1169,58.3246,3.4766,-3.5825
19.1500,17.7670,-51.9730,6.0342,78.8324,3.4766,-3.5825
19.1600,17.2232,-56.4285,6.0342,78.8324,3.7957,-3.8302
19.1700,16.6299,-59.3582,7.0669,89.9408,3.7957,-3.8302
19.1800,16.0422,-57.7103,8.1656,100.6219,3.9851,-3.9223
19.1900,16.0422,-57.7103,10.5826,113.1952,3.9851,-3.9223
19.2001,15.4215,-59.7855,11.7691,110.8759,3.9851,-3.9223
19.2101,14.7623,-64.6072,11.7691,110.8759,3.9851,-3.9223
19.2200,13.4329,-63.9359,13.9993,100.3778,3.9391,-3.9973
19.2302,12.8122,-60.5789,13.9993,100.3778,3.9391,-3.9973
19.2400,12.8122,-60.5789,15.0375,94.5795,3.5899,-3.6167
19.2500,11.6037,-61.6776,16.0537,91.4667,3.5899,-3.6167
19.2600,11.6037,-61.6776,17.7292,88.4149,3.5899,-3.6167
19.2700,10.9830,-62.2269,18.4707,87.5604,3.2679,-3.2190
19.2802,10.3677,-62.0438,19.3881,86.6449,3.2679,-3.2190
19.2907,9.1208,-65.7059,20.2835,85.5463,3.2679,-3.2190
19.3006,8.4671,-66.8655,20.2835,85.5463,3.0066,-3.0866
19.3105,7.8189,-65.4007,20.2835,85.5463,3.0066,-3.0866
19.3200,7.1927,-63.8748,22.0743,84.2035,2.7236,-2.7871
19.3302,7.1927,-63.8748,23.7826,77.2455,2.7236,-2.7871
19.3400,6.5830,-61.7996,24.6835,85.8514,2.7236,-2.7871
19.3500,6.5830,-61.7996,25.6888,99.2181,2.5512,-2.4845
19.3600,5.5283,-51.5457,26.7654,106.0541,2.5512,-2.4845
19.3700,4.5999,-45.1370,26.7654,106.0541,2.5512,-2.4845
19.3800,4.1769,-41.0477,27.8366,107.9462,2.2612,-2.2607
19.3905,3.8858,-35.9818,30.1767,134.7406,2.2612,-2.2607
19.4000,3.8858,-35.9818,31.7093,161.8402,2.2612,-2.2607
19.4100,3.6661,-22.9202,33.4451,180.5170,2.2067,-2.2131
19.4200,3.5562,-6.6238,35.2359,178.9911,2.2067,-2.2131
19.4300,3.6771,11.8698,36.6861,136.8158,2.2067,-2.2131
19.4400,3.8034,11.6257,36.6861,136.8158,1.9406,-1.9490
19.4500,3.8034,11.6257,37.5924,75.9027,1.9406,-1.9490
19.4600,3.6496,-21.2723,37.8232,0.2802,1.9406,-1.9490
19.4700,3.6496,-21.2723,35.8017,-154.9323,1.6290,-1.6080
19.4800,3.3585,-30.8548,33.7802,-202.9059,1.6290,-1.6080
19.4900,3.0069,-36.1038,31.4511,-218.8361,1.6290,-1.6080
19.5000,2.6498,-35.1273,31.4511,-218.8361,1.3061,-1.2956
19.5105,2.6498,-35.1273,28.8693,-246.3629,1.3132,-1.2926
19.5200,2.6498,-35.1273,26.1337,-244.2267,1.3132,-1.2926
19.5300,2.6498,-35.1273,24.3045,-140.4669,1.3132,-1.2926
19.5404,2.1939,-13.2767,22.7060,-34.1437,0.9311,-0.9059
19.5500,2.3862,19.6213,22.5577,-1.0016,0.8399,-0.8320
19.5600,2.6169,23.3444,22.5357,-1.2457,0.8399,-0.8320
19.5705,3.6826,45.1340,22.1676,-43.9093,0.8399,-0.8320
19.5800,4.1275,46.2936,22.1676,-43.9093,0.2919,-0.2611
19.5901,4.5944,48.3078,21.3876,-83.5211,0.2919,-0.2611
19.6001,4.5944,48.3078,20.4702,-96.3385,-1.3701,1.3268
19.6100,5.0613,46.0495,18.9651,-76.6241,-1.3701,1.3268
19.6200,5.4788,38.7253,18.3389,-66.1261,-1.3701,1.3268
19.6302,5.8688,39.2746,17.6577,-68.1403,-1.3701,1.3268
19.6400,6.8796,63.6887,16.8722,-75.8307,-1.5360,1.6263
19.6503,7.6321,80.9006,16.8722,-75.8307,-1.5360,1.6263
19.6600,8.5880,97.3801,16.0922,-76.1969,-1.8683,1.9136
19.6700,9.6811,110.1974,15.3836,-71.1310,-1.8683,1.9136
19.6800,9.6811,110.1974,13.9608,-68.1403,-2.1296,2.1960
19.6900,10.8896,122.6486,13.2083,-70.5206,-2.1296,2.1960
19.7001,12.1805,129.5456,12.4283,-69.7272,-2.4398,2.4723
19.7100,14.6304,115.1413,11.6317,-70.3375,-2.4398,2.4723
19.7200,15.7126,106.5964,11.6317,-70.3375,-2.7556,2.7566
19.7300,16.7233,99.5773,10.8407,-72.3517,-2.7556,2.7566
19.7400,17.6682,94.0231,10.0552,-75.0372,-3.0230,2.9902
19.7500,17.6682,94.0231,9.2148,-80.2252,-3.0588,3.0219
19.7600,18.5526,87.5534,7.3910,-81.9342,-3.0588,3.0219
19.7710,19.1788,79.6799,6.5451,-77.0514,-3.0588,3.0219
19.7800,20.2664,73.2101,5.7376,-75.7697,-2.7274,2.6828
19.7900,20.9586,71.6232,5.7376,-75.7697,-2.7274,2.6828
19.8000,21.6452,72.0505,4.9136,-77.7838,-2.3439,2.2668
19.8101,22.3593,74.4919,4.0732,-77.8448,-2.3439,2.2668
19.8201,22.3593,74.4919,3.2217,-78.0890,-2.3439,2.2668
19.8300,23.1174,79.8019,2.3922,-77.5397,-2.0210,2.1130
19.8400,23.9468,87.9196,0.9530,-67.2858,-2.0210,2.1130
19.8500,24.8752,97.0749,0.9530,-67.2858,-2.0210,2.1130
19.8600,26.7319,87.6755,0.9530,-67.2858,-1.8730,1.9026
19.8700,27.4185,66.4352,-0.4422,-61.9757,-1.8730,1.9026
19.8800,27.9404,54.3503,-1.0959,-57.3981,-1.8744,1.8855
19.8900,27.9404,54.3503,-2.1506,-45.3741,-1.8744,1.8855
19.9001,27.9404,54.3503,-2.5186,-37.2565,-1.4965,1.5018
19.9100,29.3356,101.1642,-2.8318,-29.0778,-1.4965,1.5018
19.9200,31.8845,140.2878,-3.0899,-20.7159,-1.2883,1.2895
19.9300,33.1863,132.6584,-3.0899,-20.7159,-1.2883,1.2895
19.9400,34.3070,115.0803,-3.2108,-8.1427,-1.3038,1.3085
19.9500,35.2408,91.0934,-3.2273,0.6464,-1.3038,1.3085
19.9600,35.2408,91.0934,-3.1504,5.5902,-0.9936,1.0059
19.9700,35.7846,42.8146,-3.0844,6.8719,-0.9936,1.0059
19.9800,35.7846,42.8146,-3.0844,-3.0768,-0.6871,0.7369
19.9900,34.7958,-99.8245,-3.1174,-7.3492,-0.6871,0.7369
20.0001,33.5269,-129.9759,-3.1174,-7.3492,-0.6871,0.7369
20.0100,31.7746,-187.1048,-3.0625,3.6981,-0.6871,0.7369
20.0200,26.5561,-257.7835,-2.8867,15.0507,-0.3440,0.3392
20.0300,26.5561,-257.7835,-2.2000,38.3661,0.0024,-0.0104
20.0400,26.5561,-257.7835,-1.6068,48.9862,0.0024,-0.0104
20.0500,23.1284,-94.8807,-1.6068,48.9862,0.1452,-0.3178
20.0600,23.1943,34.7580,-0.9091,17.9193,0.1452,-0.3178
20.0700,23.6063,-24.1409,-0.9091,17.9193,0.3915,-0.3727
20.0800,23.6063,-24.1409,-0.6290,23.9618,0.3915,-0.3727
20.0903,21.8320,-91.4017,-0.0302,46.6669,0.3915,-0.3727
20.1000,21.8320,-91.4017,1.4364,48.1317,0.8103,-0.6972
20.1100,21.1014,-67.4149,2.0132,39.5258,0.8103,-0.6972
20.1200,21.1014,-67.4149,2.5406,37.6947,1.0138,-1.0394
20.1300,19.9478,-55.6351,3.0185,40.0751,1.0138,-1.0394
20.1402,19.3930,-55.6351,3.0185,40.0751,1.0138,-1.0394
20.1505,18.6734,-65.5838,3.0185,40.0751,1.0138,-1.0394
20.1600,17.3990,-58.1985,4.3149,58.5687,1.0138,-1.0394
20.1702,17.3990,-58.1985,5.2267,77.3065,1.0138,-1.0394
20.1800,16.8222,-58.6258,5.2267,77.3065,1.8128,-1.7873
20.1900,16.2344,-57.9544,7.4460,101.7816,1.8128,-1.7873
20.2001,15.0864,-57.4051,10.0058,118.3832,2.1662,-2.1051
20.2100,14.4327,-64.9124,10.0058,118.3832,2.2790,-2.1838
20.2202,13.7296,-69.4290,11.2582,115.3925,2.2790,-2.1838
20.2300,13.0374,-67.4149,12.4887,115.5756,2.2790,-2.1838
20.2400,13.0374,-67.4149,14.8727,105.9320,2.2790,-2.1838
20.2500,12.3727,-65.0955,15.9713,98.3636,2.4163,-2.4845
20.2600,11.7136,-64.9124,17.0315,95.0067,2.4163,-2.4845
20.2702,11.7136,-64.9124,17.0315,95.0067,2.7617,-2.7255
20.2800,11.0599,-64.5462,18.0533,91.0394,2.7617,-2.7255
20.2906,9.2032,-64.6683,18.0533,91.0394,2.7617,-2.7627
20.3006,9.2032,-64.6683,19.5858,86.0956,2.7617,-2.7627
20.3100,8.5550,-69.1238,21.5469,87.3773,2.7617,-2.7627
20.3205,8.5550,-69.1238,21.5469,87.3773,2.9568,-3.0250
20.3306,8.5550,-69.1238,21.5469,87.3773,3.4277,-3.4001
20.3400,7.1927,-70.0394,23.7112,100.6219,3.4277,-3.4001
20.3500,6.5335,-63.3865,24.7494,92.9315,3.4277,-3.4001
20.3601,5.9293,-58.9920,25.6668,80.4193,3.6420,-3.6429
20.3700,5.4184,-55.7571,26.5237,80.8466,3.6420,-3.6429
20.3800,5.4184,-55.7571,27.4576,94.7015,3.6420,-3.6429
20.3903,5.4184,-55.7571,29.3911,104.4672,3.6420,-3.6429
20.4000,5.4184,-55.7571,30.4294,119.9091,3.2834,-3.3001
20.4101,5.4184,-55.7571,31.6708,141.3934,3.2834,-3.3001
20.4200,5.4184,-55.7571,31.6708,141.3934,2.7725,-2.7291
20.4300,5.4184,-55.7571,33.0880,154.0277,2.7725,-2.7291
20.4400,5.4184,-55.7571,34.5547,151.3422,2.5747,-2.5248
20.4501,3.8638,-36.3480,35.8401,126.7450,2.5747,-2.5248
20.4600,3.2596,-7.6614,35.8401,126.7450,2.2870,-2.2588
20.4700,3.6221,21.2692,35.8401,126.7450,2.2870,-2.2588
20.4800,3.8254,20.8420,37.0157,6.1395,1.9510,-1.9563
20.4900,4.1769,13.4567,34.9392,-160.0592,1.9510,-1.9563
20.5000,4.2374,2.4704,32.7859,-217.8595,1.9524,-2.0008
20.5102,4.2044,-5.5252,30.2536,-240.9308,1.9524,-2.0008
20.5200,4.2044,-5.5252,24.8044,-256.0065,1.8292,-1.8721
20.5303,4.1769,-1.4359,22.7499,-160.6085,1.8292,-1.8721
20.5400,4.1769,-1.4359,21.5963,-88.6481,1.3169,-1.3664
20.5500,4.5120,27.7390,21.5963,-88.6481,0.9771,-0.9687
20.5601,5.2481,38.7253,21.0470,-32.3737,0.9771,-0.9687
20.5700,5.5557,29.9362,20.9152,2.1112,0.9771,-0.9687
20.5800,5.8579,31.8893,20.8493,-6.3727,0.6448,-0.6173
20.5900,5.8579,31.8893,19.3826,-95.1788,0.6448,-0.6173
20.6001,6.2039,35.9177,18.3828,-93.5919,0.3417,-0.3038
20.6101,6.5610,35.1242,17.6797,-77.8448,0.3417,-0.3038
20.6200,7.2916,34.8801,17.1249,-62.9523,-0.0315,0.1592
20.6300,7.7036,39.5187,17.1249,-62.9523,-0.0315,0.1592
20.6400,7.7036,39.5187,16.5536,-55.2618,-0.3158,0.4142
20.6500,9.1263,93.4738,15.8505,-66.4923,-0.3158,0.4142
20.6600,9.1263,93.4738,14.3234,-70.3375,-0.5772,0.5173
20.6700,10.2634,115.6296,13.6477,-65.5768,-0.5584,0.5758
20.6800,11.5378,130.2780,12.9721,-63.3185,-0.5584,0.5758
20.6900,14.5645,154.8752,12.2360,-67.2247,-0.6058,0.6844
20.7001,16.0202,142.0578,12.2360,-67.2247,-0.6058,0.6844
20.7101,17.3111,124.6017,11.4779,-67.8351,-0.6058,0.6844
20.7200,18.4427,109.8923,10.7254,-66.8585,-0.7948,0.7692
20.7300,18.4427,109.8923,9.1928,-71.2531,-0.7948,0.7692
20.7405,19.4589,99.0280,8.3963,-74.8541,-0.7948,0.7692
20.7500,20.2115,90.7883,7.5723,-79.6759,-0.7948,0.7692
20.7600,21.6672,79.3747,6.7044,-81.0187,-1.3202,1.2328
20.7700,22.4252,76.0788,6.7044,-81.0187,-1.3202,1.2328
20.7801,22.4252,76.0788,6.7044,-81.0187,-1.7428,1.7660
20.7901,23.8809,76.9333,5.0125,-75.1593,-1.7428,1.7660
20.8000,23.8809,76.9333,4.2544,-70.1544,-1.7982,1.7214
20.8100,24.6500,80.7175,2.8482,-67.7130,-1.6991,1.7769
20.8200,25.4739,86.8210,2.0901,-68.2623,-1.6991,1.7769
20.8300,27.3691,104.6432,1.5024,-63.0743,-1.6991,1.7769
20.8406,28.4622,114.7751,1.5024,-63.0743,-2.1770,2.1820
20.8500,29.5279,107.9391,1.0135,-55.6891,-2.1770,2.1820
20.8602,30.3574,83.2199,0.5685,-54.5294,-2.3688,2.3680
20.8700,30.3574,83.2199,-0.3049,-53.0646,-2.3688,2.3680
20.8802,30.3574,83.2199,-0.7993,-47.8766,-2.3688,2.3680
20.8900,31.4780,67.9611,-1.2662,-45.0079,-2.3993,2.3357
20.9000,32.2470,95.8542,-1.6727,-39.2706,-2.3993,2.3357
20.9100,34.2355,107.1457,-1.6727,-39.2706,-2.3993,2.3357
20.9200,35.1474,89.5065,-1.9913,-30.7867,-2.8802,2.8560
20.9300,35.8341,61.0031,-2.2660,-25.8429,-2.8802,2.8560
20.9401,35.8341,61.0031,-2.5571,-11.1334,-3.0386,3.0762
20.9500,36.1636,27.4948,-2.4802,3.0878,-3.0033,3.0146
20.9600,36.0867,-16.8777,-2.2934,11.0223,-3.0033,3.0146
20.9703,34.2136,-115.2664,-2.0462,16.6376,-3.0033,3.0146
20.9801,33.0985,-100.3738,-2.0462,16.6376,-2.4656,2.4784
20.9900,32.2470,-75.8377,-1.7441,21.9476,-2.4656,2.4784
21.0000,31.3956,-92.9276,-1.4420,21.5814,-2.2005,2.1728
21.0101,31.3956,-92.9276,-0.6839,34.5209,-2.2005,2.1728
21.0200,29.6982,-191.0110,-0.0357,49.1693,-1.8448,1.8672
21.0300,27.2867,-239.6561,0.7278,62.4750,-1.8448,1.8672
21.0401,23.7271,-87.1902,1.5463,68.2733,-1.6046,1.6464
21.0500,23.3920,-26.1551,1.5463,68.2733,-1.6046,1.6464
21.0600,22.9031,-55.6961,2.3373,70.6537,-1.2493,1.2743
21.0700,22.1011,-78.6453,3.2492,87.0721,-1.2493,1.2743
21.0801,22.1011,-78.6453,5.2816,86.4618,-1.0232,0.9998
21.0900,21.2991,-72.5418,5.2816,86.4618,-1.0232,0.9998
21.1000,20.6839,-56.6727,6.3583,46.7279,-0.7182,0.7552
21.1101,20.6839,-56.6727,6.8087,49.4135,-0.7182,0.7552
21.1206,19.1843,-49.8978,6.8087,49.4135,-0.1100,0.1684
21.1300,18.6789,-49.3484,7.3965,53.0145,-0.1100,0.1684
21.1400,18.2175,-45.1981,8.1161,61.3763,0.2247,-0.1873
21.1500,18.2175,-45.1981,8.9676,66.8085,0.2247,-0.1873
21.1600,17.7506,-47.0291,9.9124,70.2264,0.7581,-0.7351
21.1700,17.2617,-48.6771,12.1481,113.6835,0.7581,-0.7351
21.1801,16.2180,-53.6209,13.5653,133.7030,1.0472,-1.0474
21.1901,15.6467,-55.1468,13.5653,133.7030,1.0472,-1.0474
21.2000,15.0919,-53.6819,15.0265,139.6844,1.3404,-1.3756
21.2100,14.5535,-53.8651,16.4547,139.5013,1.3404,-1.3756
21.2200,14.5535,-53.8651,18.8553,105.6268,1.6976,-1.6982
21.2302,13.9932,-58.2596,19.8660,91.8939,1.6976,-1.6982
21.2400,13.4000,-62.3489,20.8218,84.5697,1.8377,-1.8721
21.2500,12.1530,-67.3538,21.6348,80.7245,1.8377,-1.8721
21.2600,11.4993,-70.4666,21.6348,80.7245,1.9843,-2.0069
21.2700,10.8292,-72.0535,22.5082,75.3534,1.9843,-2.0069
21.2807,10.1425,-70.1004,23.3432,74.0717,2.2800,-2.2924
21.2901,10.1425,-70.1004,25.1065,86.4618,2.2800,-2.2924
21.3000,9.4779,-63.6917,26.0843,94.9457,2.2800,-2.2924
21.3100,8.9505,-56.0013,27.1060,99.6454,2.2800,-2.2924
21.3200,7.9123,-50.8133,28.1387,103.3075,2.6127,-2.6858
21.3300,7.3850,-50.8743,28.1387,103.3075,2.6127,-2.6858
21.3400,6.8631,-50.0809,29.1549,101.7206,3.5236,-3.5185
21.3500,6.3577,-48.9822,30.1053,97.8143,3.5236,-3.5185
21.3600,6.3577,-48.9822,31.8741,92.1991,3.6077,-3.6521
21.3701,5.8743,-48.3719,31.8741,92.1991,3.6115,-3.6655
21.3800,5.4239,-46.5408,33.4231,90.7343,3.6115,-3.6655
21.3900,4.5779,-44.1605,34.3130,105.3827,3.6115,-3.6655
21.4000,4.1660,-41.2308,34.3130,105.3827,3.4789,-3.4489
21.4100,3.7759,-36.7142,35.4446,127.5995,3.4789,-3.4489
21.4200,3.4903,-31.6483,36.8564,150.2435,3.4597,-3.4477
21.4300,3.4903,-31.6483,38.3450,149.1449,3.2895,-3.2891
21.4400,3.2761,-24.0189,40.1742,41.1127,3.2895,-3.2891
21.4500,3.2761,-24.0189,40.0094,-43.5431,3.2895,-3.2891
21.4600,3.0783,-0.8255,38.9163,-134.1193,2.5545,-2.5156
21.4700,3.2816,14.6774,38.9163,-134.1193,2.6160,-2.5693
21.4800,3.4354,13.7009,36.8948,-218.4088,2.6160,-2.5693
21.4901,3.5452,7.4142,34.1812,-270.9601,2.6160,-2.5693
21.5000,3.5452,7.4142,27.2159,-356.2872,2.3477,-2.3369
21.5100,3.5452,7.4142,24.1177,-262.4762,2.3477,-2.3369
21.5200,3.6276,0.8835,22.4862,-126.0626,2.1568,-2.1374
21.5300,3.7100,8.2687,22.0468,-22.5470,2.1568,-2.1374
21.5401,4.0616,17.6682,22.0468,-22.5470,1.8871,-1.8148
21.5500,4.0616,17.6682,22.0468,-22.5470,1.7747,-1.7733
21.5600,4.4626,26.5793,22.1731,13.1586,1.7747,-1.7733
21.5700,4.4626,26.5793,21.2393,-75.2814,1.7747,-1.7733
21.5805,4.7482,31.5842,20.2231,-98.5358,1.3950,-1.4695
21.5900,5.0778,37.0163,19.1519,-96.0333,1.3950,-1.4695
21.6000,5.8743,41.7770,18.3224,-79.4928,-1.3663,1.3176
21.6101,6.2808,37.3215,18.3224,-79.4928,0.8709,-0.9473
21.6200,6.6873,43.1198,18.3224,-79.4928,0.8709,-0.9473
21.6300,6.6873,43.1198,17.7237,-62.2198,-0.8267,0.8028
21.6401,7.2037,56.1813,15.6692,-73.6334,-0.8267,0.8028
21.6500,7.9508,78.3371,14.8123,-73.6945,-0.8267,0.8028
21.6600,8.9011,96.7087,14.0982,-65.8820,-0.0517,0.0275
21.6701,11.2357,120.3293,13.4445,-62.2198,-0.0517,0.0275
21.6800,11.2357,120.3293,13.4445,-62.2198,-0.4174,0.4343
21.6900,13.8889,136.8698,13.4445,-62.2198,-0.4174,0.4343
21.7000,15.1852,124.8459,13.4445,-62.2198,0.0212,-0.0195
21.7100,15.1852,124.8459,12.0877,-66.6754,0.0212,-0.0195
21.7202,16.2894,106.0471,10.5826,-68.0182,0.4329,-0.4294
21.7300,17.2617,95.6100,9.0500,-69.7882,0.4329,-0.4294
21.7400,19.0854,88.8351,8.2535,-73.9386,0.8944,-0.8089
21.7500,19.9423,85.6003,8.2535,-73.9386,0.8944,-0.8089
21.7604,20.5905,82.0602,7.4295,-74.7931,1.4575,-1.4036
21.7705,21.2772,78.8864,6.6165,-71.9855,1.4575,-1.4036
21.7800,21.2772,78.8864,5.8255,-72.1075,1.4918,-1.5110
21.7900,22.0352,77.4216,5.0839,-72.8400,1.4918,-1.5110
21.8000,22.7768,77.9709,4.3698,-73.6334,2.1700,-2.2924
21.8100,24.2435,79.9850,2.9745,-73.8776,2.1700,-2.2924
21.8201,25.0235,84.0134,2.9745,-73.8776,2.6127,-2.6492
21.8303,25.8310,86.9431,2.3208,-68.7506,2.6127,-2.6492
21.8400,26.6715,89.5676,1.7276,-62.8912,2.7829,-2.8658
21.8500,26.6715,89.5676,0.6674,-53.6749,2.9770,-2.9744
21.8600,26.6715,89.5676,0.1785,-50.9283,2.9770,-2.9744
21.8700,28.0997,62.5900,-0.2939,-47.6935,2.9770,-2.9744
21.8800,28.8632,39.4577,-0.7444,-45.0079,3.4136,-3.4203
21.8903,28.8632,39.4577,-0.7444,-45.0079,3.4136,-3.4203
21.9002,30.0607,94.7556,-1.1563,-38.7213,3.6387,-3.6704
21.9100,31.1429,119.5358,-1.5518,-31.9464,3.6387,-3.6704
21.9200,31.1429,119.5358,-2.2110,-25.9650,3.6387,-3.6704
21.9301,32.3459,126.1276,-2.4582,-14.5514,3.6387,-3.6704
21.9400,33.4775,116.3010,-2.5791,-5.3351,3.6387,-3.6704
21.9501,35.2408,62.1017,-2.5955,3.0267,3.6387,-3.6704
21.9600,35.3012,-10.0418,-2.5955,3.0267,3.7473,-3.7625
21.9701,34.6036,-87.6785,-2.5022,15.7220,3.7473,-3.7625
21.9800,33.3841,-128.6331,-2.3868,15.1727,3.3840,-3.4569
21.9900,33.3841,-128.6331,-2.3044,6.5057,3.3840,-3.4569
22.0001,32.0493,-132.6614,-2.1836,11.9379,3.1142,-3.1464
22.0100,32.0493,-132.6614,-2.0078,14.1962,3.1142,-3.1464
22.0200,28.5776,-215.2420,-2.0078,14.1962,2.7758,-2.7932
22.0301,23.9633,-207.2464,-1.7661,18.6517,2.7758,-2.7932
22.0400,22.7438,-89.5706,-1.4200,29.0277,2.3251,-2.3772
22.0500,22.7988,35.1852,-0.9915,30.9198,2.3251,-2.3772
22.0600,22.7988,35.1852,0.0686,46.5448,1.9726,-2.0100
22.0700,23.1998,40.4343,0.7113,50.3900,1.9726,-2.0100
22.0800,23.1998,40.4343,1.3595,46.7889,1.9016,-1.8977
22.0900,22.1671,-92.0120,2.0627,50.2069,1.9016,-1.8977
22.1000,20.5356,-58.8699,2.0627,50.2069,1.6671,-1.6940
22.1100,20.0852,-47.3953,2.0627,50.2069,1.6671,-1.6940
22.1200,19.5029,-50.3250,3.3316,40.0140,1.1440,-1.0376
22.1300,19.5029,-50.3250,4.2160,36.2299,1.1440,-1.0376
22.1400,18.8492,-54.0482,4.7598,47.9486,1.0114,-0.9809
22.1501,18.0582,-58.7479,5.5453,69.6771,1.0114,-0.9809
22.1600,16.9156,-52.6443,6.5945,95.8002,1.0138,-1.0010
22.1700,16.4157,-49.9588,6.5945,95.8002,1.0138,-1.0010
22.1806,15.8994,-52.7664,7.7041,100.3778,0.3704,-0.3160
22.1900,15.3336,-57.0389,8.8028,99.6454,0.3704,-0.3160
22.2000,15.3336,-57.0389,9.9838,109.5941,-1.0082,0.9595
22.2102,14.7458,-59.1751,11.2253,113.6835,-1.0082,0.9595
22.2200,14.1361,-60.5179,13.6148,104.5892,-1.0082,0.9595
22.2300,13.4549,-64.5462,14.7299,98.9130,-1.0082,0.9595
22.2400,12.0981,-62.4710,14.7299,98.9130,-1.7592,1.7599
22.2501,11.4774,-61.6165,15.7681,91.6498,-1.7592,1.7599
22.2600,11.4774,-61.6165,15.7681,91.6498,-2.2377,2.1972
22.2701,10.8402,-64.3021,18.4872,83.6542,-2.2377,2.1972
22.2800,10.1755,-65.0955,18.4872,83.6542,-2.6870,2.7133
22.2900,9.5328,-62.7762,20.3714,80.8466,-2.6870,2.7133
22.3000,8.2968,-64.0579,21.2668,78.3441,-2.6870,2.7133
22.3100,7.6651,-66.6214,21.2668,78.3441,-2.6870,2.7133
22.3201,7.6651,-66.6214,21.2668,78.3441,-2.6870,2.7133
22.3307,6.3852,-64.9124,23.0410,79.8090,-2.6870,2.7133
22.3400,6.3852,-64.9124,23.9035,78.1610,-3.1307,3.0573
22.3500,5.7974,-60.7010,24.7110,69.7382,-3.1307,3.0573
22.3600,5.2976,-55.5740,26.2710,75.7196,-2.9037,2.8438
22.3700,4.4351,-45.8084,27.1499,87.9266,-2.6409,2.6334
22.3800,4.1055,-39.6439,27.1499,87.9266,-2.6409,2.6334
22.3902,3.8089,-32.1976,28.0783,96.3495,-2.6409,2.6334
22.4000,3.5507,-24.6292,29.0396,105.6879,-2.2386,2.1545
22.4100,3.5507,-24.6292,30.1767,128.8812,-1.9829,2.0331
22.4203,3.3585,-17.2440,33.3572,189.9164,-1.9829,2.0331
22.4306,3.2376,-10.5301,33.3572,189.9164,-1.8791,1.8550
22.4401,3.3420,14.6164,37.0266,178.8690,-1.8791,1.8550
22.4502,3.5727,25.3586,37.0266,178.8690,-1.8791,1.8550
22.4600,3.8803,31.7673,38.3725,121.4960,-1.5383,1.5860
22.4700,4.2154,33.6594,38.8778,23.2904,-1.5228,1.5616
22.4800,4.2154,33.6594,36.9882,-158.2281,-1.5228,1.5616
22.4900,4.4901,24.1379,36.9882,-158.2281,-1.5228,1.5616
22.5005,4.5725,1.8600,32.1762,-257.4713,-1.4424,1.4542
22.5103,4.0451,-41.5359,32.1762,-257.4713,-1.4424,1.4542
22.5205,3.5617,-49.5316,29.4241,-259.5465,-1.4424,1.4542
22.5300,3.0893,-46.2967,26.5017,-277.3688,-1.4424,1.4542
22.5400,3.0893,-46.2967,23.8650,-223.7189,-1.4424,1.4542
22.5500,2.6828,-37.7518,22.0688,-17.2369,-1.4424,1.4542
22.5603,2.4356,-19.9295,22.2281,29.0887,-1.1430,1.1578
22.5701,2.3972,1.9211,22.4807,19.7504,-1.1430,1.1578
22.5805,2.8806,36.1008,22.3214,-34.8151,-1.1430,1.1578
22.5900,3.3090,44.0353,22.3214,-34.8151,-1.1430,1.1578
22.6001,3.7924,49.2844,21.4316,-101.4044,-0.9170,0.9120
22.6100,4.2868,47.1481,20.2066,-123.1329,-0.9170,0.9120
22.6200,4.2868,47.1481,18.4268,-75.4645,-0.9475,0.9242
22.6300,4.2868,47.1481,17.9324,-57.5201,-0.9593,0.9900
22.6400,5.1218,35.8566,17.3611,-52.9425,-0.9593,0.9900
22.6502,5.4843,37.8708,16.5646,-66.1871,-0.9616,0.9107
22.6603,6.7038,75.8957,16.5646,-66.1871,-0.9616,0.9107
22.6700,7.6981,102.0187,15.6198,-76.7462,-0.9616,0.9107
22.6800,7.6981,102.0187,14.8013,-73.6334,-0.6044,0.5954
22.6902,8.8297,113.4323,14.0707,-69.2999,-0.6044,0.5954
22.7000,10.0546,125.1511,13.4060,-69.4220,0.0291,-0.0488
22.7102,11.3785,134.0012,11.8899,-75.7086,0.0291,-0.0488
22.7200,12.6859,127.7756,11.0330,-77.6617,0.7431,-0.7064
22.7300,13.8284,109.7702,11.0330,-77.6617,0.7431,-0.7064
22.7400,14.8117,95.8542,10.2585,-74.1827,1.2826,-1.2420
22.7500,16.5530,84.2575,9.5443,-71.1920,1.2826,-1.2420
22.7600,16.5530,84.2575,7.9733,-78.6383,2.0210,-2.0252
22.7701,17.3496,79.3747,7.1219,-77.1735,2.2043,-2.1747
22.7800,18.1131,76.4450,6.2924,-74.3658,2.2043,-2.1747
22.7900,18.7613,74.4919,5.5124,-72.0465,2.2043,-2.1747
22.8000,20.0028,73.0881,5.5124,-72.0465,2.4139,-2.4034
22.8102,20.7224,75.6516,4.7653,-70.1544,2.5060,-2.5632
22.8200,21.4914,80.7785,4.0017,-69.3610,2.5060,-2.5632
22.8300,21.4914,80.7785,2.5296,-63.8678,2.5060,-2.5632
22.8400,21.4914,80.7785,1.8924,-59.4122,2.5060,-2.5632
22.8500,23.1833,91.4597,1.2607,-58.1305,2.6884,-2.6291
22.8600,24.1171,96.5256,0.6234,-58.0695,2.6884,-2.6291
22.8700,25.9134,81.4499,0.6234,-58.0695,2.6884,-2.6291
22.8800,26.5945,64.6042,-0.0302,-56.7877,2.9295,-2.9347
22.8900,27.1713,56.5475,-0.6729,-54.4684,2.9295,-2.9347
22.9000,27.1713,56.5475,-1.3101,-51.1725,3.2919,-3.3660
22.9100,27.7536,61.0641,-1.9309,-50.0128,3.2919,-3.3660
22.9200,28.5117,85.5392,-2.9746,-41.5900,3.6256,-3.6887
22.9301,31.0660,151.7624,-3.3536,-33.5333,3.6256,-3.6887
22.9400,32.5052,143.2785,-3.3536,-33.5333,3.5086,-3.4203
22.9501,33.7741,126.1276,-3.6722,-22.8522,3.5086,-3.4203
22.9601,34.9002,112.3337,-3.8700,-11.1945,3.0315,-2.9902
22.9700,34.9002,112.3337,-3.8700,9.0692,3.0315,-2.9902
22.9801,35.7791,79.8630,-3.6942,18.6517,2.5075,-2.5583
22.9900,36.0153,5.5832,-3.4470,23.5956,2.5075,-2.5583
23.0001,35.4935,-67.6590,-3.2108,20.2997,2.1474,-2.1283
23.0100,32.9886,-138.7039,-3.2108,20.2997,2.1474,-2.1283
23.0200,31.5274,-144.0140,-3.0240,16.3324,1.9937,-1.9965
23.0300,31.5274,-144.0140,-2.9087,9.7406,1.9937,-1.9965
23.0400,29.8685,-175.8133,-2.6670,14.0741,1.4941,-1.5464
23.0501,27.5668,-238.0081,-2.3319,32.0795,1.4941,-1.5464
23.0600,25.2048,-225.3738,-1.8869,37.6337,1.4941,-1.5030
23.0700,23.1613,12.2971,-1.3651,41.5399,1.4941,-1.5030
23.0805,23.8699,82.1823,-1.3651,41.5399,1.4767,-1.5250
23.0901,24.2490,23.1003,-0.7169,55.0287,1.4767,-1.5250
23.1000,23.7711,-63.2645,0.0741,68.0902,1.2164,-1.1962
23.1101,23.7711,-63.2645,1.8704,67.0526,1.2164,-1.1962
23.1200,22.7493,-104.4022,2.5625,43.9203,1.2164,-1.1962
23.1300,21.8594,-78.5233,3.0240,23.4125,1.2164,-1.1962
23.1404,20.8267,-46.9681,3.3810,19.0179,0.5631,-0.5142
23.1503,20.1785,-39.5828,3.3810,19.0179,0.5631,-0.5142
23.1602,19.5358,-43.2449,3.7600,25.5487,0.0009,0.0506
23.1700,18.8876,-58.8089,4.3313,49.2914,0.0009,0.0506
23.1802,18.8876,-58.8089,6.5341,111.9745,-0.3215,0.4362
23.1900,18.2669,-61.2503,7.8799,122.1063,-0.3215,0.4362
23.2000,17.7176,-52.8885,9.2642,128.9423,-0.7252,0.7046
23.2102,16.5805,-63.3255,10.7144,135.1068,-0.7252,0.7046
23.2200,15.9103,-67.4759,10.7144,135.1068,-0.9879,1.0474
23.2300,15.2237,-64.7293,12.1536,132.7875,-0.9879,1.0474
23.2401,14.5316,-66.1942,13.4884,121.8011,-1.3715,1.3725
23.2500,14.5316,-66.1942,14.7189,112.0966,-1.3715,1.3725
23.2601,13.8065,-69.7952,16.9162,94.5184,-1.3715,1.3725
23.2701,13.0924,-66.1331,17.8665,87.1942,-1.3715,1.3725
23.2800,11.8564,-60.7620,18.7289,80.3583,-1.5938,1.6616
23.2900,11.2027,-66.7435,18.7289,80.3583,-1.5938,1.6616
23.3006,10.5051,-70.1004,19.3112,72.7289,-2.0163,2.0667
23.3100,9.7965,-71.7484,20.0857,71.9965,-2.0163,2.0667
23.3203,9.7965,-71.7484,21.8271,88.9642,-2.3571,2.3339
23.3301,9.0878,-71.3821,22.7444,87.4994,-2.3571,2.3339
23.3400,9.0878,-71.3821,23.5904,77.6117,-2.4445,2.4126
23.3504,7.6651,-72.7249,24.3759,69.0057,-2.4445,2.4126
23.3600,6.3687,-61.9827,24.3759,69.0057,-2.7627,2.6889
23.3700,5.8688,-51.9119,25.1120,63.8177,-2.8195,2.8115
23.3800,5.8688,-51.9119,25.7931,59.1180,-2.8195,2.8115
23.3900,5.4898,-40.9256,27.1389,70.5927,-3.0837,3.1238
23.4000,5.2371,-30.4886,27.8915,83.5321,-3.0837,3.1238
23.4101,5.1108,-18.9529,28.8254,108.6176,-3.0837,3.1238
23.4200,4.9075,-7.7225,30.1492,154.1498,-3.3450,3.2940
23.4305,4.8361,-6.3797,30.1492,154.1498,-3.3450,3.2940
23.4400,4.7922,-3.7552,32.0004,198.6444,-3.3450,3.2940
23.4500,4.7537,-4.0604,34.0878,211.2787,-3.3450,3.2940
23.4600,4.7537,-4.0604,37.1859,110.3265,-3.3450,3.2940
23.4700,4.6933,-6.9290,37.7353,31.2250,-3.3450,3.2940
23.4801,4.5834,-12.5443,37.3672,-63.8068,-2.8600,2.7798
23.4908,4.3967,-20.2957,36.1752,-139.0021,-2.8600,2.7798
23.5000,3.8419,-29.7562,36.1752,-139.0021,-2.3618,2.4278
23.5100,3.5397,-31.0379,34.2087,-209.9249,-2.3618,2.4278
23.5200,3.2211,-33.1741,31.6818,-248.2550,-2.3618,2.4278
23.5300,3.2211,-33.1741,27.1554,-186.2433,-2.4539,2.3821
23.5400,2.9080,-30.6107,25.0790,-197.1075,-2.4539,2.3821
23.5503,2.6883,-19.7464,23.1619,-158.7775,-2.4539,2.3821
23.5600,2.6279,-1.0696,22.0797,-72.2906,-1.9900,1.9520
23.5700,2.9904,21.2692,22.0797,-72.2906,-1.9900,1.9520
23.5800,3.2486,28.1052,22.0797,-72.2906,-1.8081,1.8105
23.5900,3.6386,43.5471,21.4096,-9.7296,-1.8081,1.8105
23.6000,3.6386,43.5471,20.6515,-61.6095,-1.6069,1.5567
23.6100,4.1440,53.4348,19.7452,-97.7423,-1.6069,1.5567
23.6200,4.7098,58.4396,18.6026,-111.1090,-1.3371,1.3115
23.6300,5.7205,43.4250,17.7456,-91.0284,-1.3371,1.3115
23.6400,6.0886,34.5139,17.7456,-91.0284,-1.1430,1.1346
23.6500,6.3687,29.1428,17.1853,-61.9147,-1.1430,1.1346
23.6600,6.7477,40.0070,16.7019,-52.7594,-1.0161,0.9211
23.6700,6.7477,40.0070,16.1142,-59.9615,-1.0161,0.9211
23.6800,7.2586,50.9933,15.3561,-67.4078,-0.7736,0.7046
23.6901,7.9178,68.6935,13.9828,-62.6471,-0.7736,0.7046
23.7000,8.7802,88.8351,13.9828,-62.6471,-0.2909,0.2452
23.7100,10.9226,118.2541,13.3841,-56.4825,-0.2909,0.2452
23.7203,12.2134,131.1325,12.7633,-58.5577,-0.0517,0.0336
23.7301,13.4824,123.6252,12.0767,-63.1354,0.0555,-0.0427
23.7400,13.4824,123.6252,10.6320,-66.7975,0.0555,-0.0427
23.7501,14.5975,107.6950,9.9289,-68.1403,0.0555,-0.0427
23.7601,15.5862,96.2814,9.1269,-72.7789,0.4803,-0.3727
23.7700,17.3825,86.7599,8.2699,-76.3190,0.4803,-0.3727
23.7802,18.2175,81.9992,8.2699,-76.3190,0.7050,-0.6802
23.7900,18.2175,81.9992,7.4020,-75.9528,1.1097,-1.1547
23.8001,19.4040,76.4450,6.5671,-71.4362,1.1097,-1.1547
23.8100,19.4040,76.4450,4.9246,-72.9010,1.1097,-1.1547
23.8200,19.9588,75.7126,4.1281,-76.4410,1.6610,-1.7458
23.8300,20.6784,74.5529,3.4085,-73.9996,1.6610,-1.7458
23.8402,21.4035,77.9099,2.6889,-74.4269,2.1911,-2.2344
23.8500,22.8812,79.0695,2.6889,-74.4269,2.1911,-2.2344
23.8600,23.6173,79.1306,1.9473,-77.6617,2.3867,-2.4681
23.8700,24.3478,78.7643,1.2332,-74.6710,2.3867,-2.4681
23.8801,24.3478,78.7643,0.0412,-59.1071,2.7523,-2.7670
23.8909,25.0180,69.6091,-0.5301,-58.3136,2.8835,-2.9487
23.9000,25.5289,49.8947,-1.0959,-57.5201,2.8835,-2.9487
23.9100,25.8310,30.4245,-1.6233,-53.2477,2.8835,-2.9487
23.9200,26.4462,54.7775,-1.6233,-53.2477,3.1236,-3.1177
23.9300,27.2592,101.6525,-2.0627,-43.8483,3.1236,-3.1177
23.9400,28.5172,140.2267,-2.3868,-35.6085,3.3878,-3.3495
23.9502,28.5172,140.2267,-2.9581,-17.1759,3.3807,-3.3202
23.9602,29.8630,138.7619,-3.0515,-4.9689,3.3807,-3.3202
23.9703,31.0715,123.5641,-3.0020,7.4823,3.3807,-3.3202
23.9800,33.5324,105.5588,-2.8592,14.9896,3.5048,-3.4831
23.9907,34.1202,39.6408,-2.8592,14.9896,3.5048,-3.4831
24.0000,33.8181,-53.3768,-2.8592,14.9896,3.0870,-3.0945
24.0100,32.7524,-114.2899,-2.5186,15.8441,3.0870,-3.0945
24.0201,32.7524,-114.2899,-2.2385,14.4403,2.9662,-2.9945
24.0300,31.4340,-127.2293,-2.0792,18.1024,2.9662,-2.9945
24.0400,31.4340,-127.2293,-1.7935,29.1498,2.4708,-2.4998
24.0505,27.9459,-128.2059,-1.4145,35.3754,2.3867,-2.3339
24.0600,26.0233,-208.2840,-1.4145,35.3754,2.3867,-2.3339
24.0701,23.8754,-205.4764,-1.0465,28.2953,2.3867,-2.3339
24.0800,22.3538,-123.8113,-0.7224,20.1776,2.1418,-2.1637
24.0901,22.3538,-123.8113,-0.0357,28.7225,2.1418,-2.1637
24.1000,22.0847,4.7897,0.6125,57.7142,1.8683,-1.9441
24.1100,22.2549,15.7761,1.4474,71.6302,1.8683,-1.9239
24.1201,22.0407,-29.6341,2.2824,70.1654,1.8683,-1.9239
24.1301,20.4422,-84.1385,2.2824,70.1654,1.8683,-1.9239
24.1400,19.6182,-81.0257,3.0954,65.7709,1.4814,-1.4585
24.1500,18.9206,-68.4525,3.8809,61.1932,1.4814,-1.4585
24.1601,18.9206,-68.4525,4.9576,34.0326,1.4814,-1.4585
24.1701,18.2449,-55.1468,5.2926,29.8212,1.4814,-1.4585
24.1806,17.6956,-42.0242,5.7321,37.6337,1.4814,-1.4585
24.1900,17.2891,-40.9866,6.3473,52.8314,1.4814,-1.4585
24.2000,16.2344,-56.6727,6.3473,52.8314,1.3108,-1.2542
24.2100,15.6632,-57.0999,6.3473,52.8314,1.3108,-1.2542
24.2207,15.0644,-61.3724,9.2752,97.2650,1.1167,-1.1395
24.2301,15.0644,-61.3724,10.5002,112.7679,1.1167,-1.1395
24.2400,15.0644,-61.3724,11.8515,125.5853,1.1167,-1.1395
24.2501,13.7845,-63.7527,13.2248,125.8295,0.8954,-0.8168
24.2600,12.4387,-66.8045,13.2248,125.8295,0.8954,-0.8168
24.2701,11.7520,-67.5369,14.4992,118.5052,0.8954,-0.8168
24.2804,11.0983,-64.6072,15.6912,109.6552,0.1763,-0.1269
24.2902,10.4721,-62.7762,16.7788,98.3636,0.1763,-0.1269
24.3000,10.4721,-62.7762,18.6520,82.1283,-0.3074,0.3837
24.3100,9.8349,-66.2552,19.4320,78.8934,-0.5264,0.5954
24.3204,9.1702,-69.8563,20.1901,76.5741,-0.5264,0.5954
24.3300,7.8189,-71.0159,21.0580,78.2220,-0.5264,0.5954
24.3404,7.1707,-67.2928,21.0580,78.2220,-0.6613,0.6692
24.3500,6.5775,-60.7620,21.9534,83.7152,-0.6613,0.6692
24.3601,5.9622,-58.9310,22.8653,87.6825,-1.0505,1.0565
24.3700,5.9622,-58.9310,24.5352,72.1185,-1.0505,1.0565
24.3800,5.3580,-58.3817,25.2548,64.0619,-1.6422,1.6244
24.3900,4.8471,-53.6819,25.8975,56.9818,-1.6422,1.6244
24.4000,4.3967,-47.8836,26.4853,55.5170,-1.9674,1.9349
24.4101,3.9517,-41.5970,26.4853,55.5170,-1.9674,1.9349
24.4200,3.3090,-30.4276,27.0675,62.0477,-1.9712,1.9197
24.4300,3.0728,-27.0706,27.6498,67.7240,-1.9712,1.9197
24.4402,3.0728,-27.0706,28.9737,96.3495,-2.0163,1.8843
24.4502,2.8970,-21.3943,30.1053,136.6327,-2.0163,1.8843
24.4603,2.8146,-12.5443,31.7202,179.7235,-2.0755,2.0130
24.4700,2.8476,-2.1072,33.6429,196.6913,-2.0755,2.0130
24.4800,2.8751,5.0339,33.6429,196.6913,-2.6090,2.5888
24.4900,2.9300,-0.4593,35.4995,177.5873,-2.6090,2.5888
24.5000,2.8366,-11.2625,36.9607,129.0033,-3.0113,3.0085
24.5100,2.8366,-11.2625,37.7737,-30.7257,-3.0113,3.0085
24.5201,2.6553,-18.5867,36.7575,-125.5743,-3.0113,3.0085
24.5301,2.6553,-18.5867,34.7140,-218.1647,-3.0113,3.0085
24.5402,2.4301,-23.8358,31.9235,-274.4391,-3.0151,2.9884
24.5500,1.6226,-26.0941,31.9235,-274.4391,-3.0151,2.9884
24.5600,1.3699,-27.4979,29.0396,-264.6124,-2.7688,2.7609
24.5702,1.1777,-19.0750,26.4688,-239.2218,-2.7688,2.7609
24.5802,1.1777,-19.0750,21.8545,-147.7911,-1.9890,1.9978
24.5901,1.1392,-1.3138,20.9427,-59.7174,-1.9890,1.9978
24.6000,1.2656,13.0905,20.7065,-3.8092,-1.9890,1.9978
24.6100,1.4523,17.3019,20.7174,11.8768,-1.9890,1.9978
24.6200,1.7545,15.7761,20.7174,11.8768,-1.2305,1.2670
24.6300,1.7545,15.7761,20.6900,-5.2130,-1.2305,1.2670
24.6400,2.2818,36.4670,20.1956,-64.2950,-0.7323,0.6753
24.6500,2.2818,36.4670,17.9489,-124.4147,-0.7323,0.6753
24.6601,2.6059,32.4997,17.9489,-124.4147,-0.1396,0.0659
24.6700,2.8586,27.9221,17.9489,-124.4147,-0.1396,0.0659
24.6800,3.1497,34.4528,17.9489,-124.4147,0.2294,-0.2794
24.6901,3.8858,38.9694,15.5978,-62.5250,0.2294,-0.2794
24.7003,4.3527,54.7775,15.5978,-62.5250,0.8117,-0.6710
24.7100,4.3527,54.7775,14.2904,-68.6896,0.8117,-0.6710
24.7203,5.0888,83.8303,13.4610,-77.1735,1.0730,-1.1175
24.7300,6.0446,96.9528,12.6645,-75.0983,1.0730,-1.1175
24.7400,6.0446,96.9528,11.2802,-64.1119,1.2352,-1.1730
24.7503,7.0554,100.9811,10.5661,-68.6285,1.2906,-1.3097
24.7600,10.6259,124.4186,10.5661,-68.6285,1.2906,-1.3097
24.7700,10.6259,124.4186,9.7915,-71.5582,1.2906,-1.3097
24.7806,12.8067,100.2487,9.0170,-69.9713,1.9510,-1.9441
24.7901,12.8067,100.2487,7.4514,-70.8258,2.3500,-2.3589
24.8000,12.8067,100.2487,6.6275,-72.5348,2.3500,-2.3589
24.8100,12.8067,100.2487,5.7705,-72.4738,2.3500,-2.3589
24.8202,15.6412,92.2531,4.9081,-71.0089,2.4233,-2.3528
24.8306,15.6412,92.2531,4.9081,-71.0089,2.4966,-2.5797
24.8405,16.5146,85.7834,4.0951,-70.3375,2.4966,-2.5797
24.8505,16.5146,85.7834,3.3096,-69.6661,2.4966,-2.5797
24.8602,17.2342,79.9240,2.4801,-75.8307,3.4136,-3.4740
24.8700,19.0909,84.3796,0.8322,-77.7228,3.5001,-3.5380
24.8800,19.0909,84.3796,0.1071,-72.8400,3.5001,-3.5380
24.8900,20.8487,91.9479,-0.5521,-66.2482,3.5001,-3.5380
24.9000,21.7716,94.1452,-0.5521,-66.2482,3.7177,-3.7796
24.9100,22.7164,97.4411,-1.1783,-61.9147,3.7177,-3.7796
24.9200,23.6667,95.4269,-1.7935,-59.1681,3.7981,-3.8253
24.9301,23.6667,95.4269,-2.9142,-48.6700,3.7981,-3.8253
24.9400,23.6667,95.4269,-3.3481,-41.8951,3.7981,-3.8253
24.9501,25.6937,54.7165,-3.3481,-41.8951,3.7981,-3.8253
24.9600,26.2924,70.2194,-3.9524,-24.8053,3.6528,-3.6936
24.9703,28.3304,127.2873,-3.9524,-24.8053,3.6528,-3.6936
24.9800,29.5773,128.3249,-4.1281,-10.2789,3.5142,-3.4782
24.9900,29.5773,128.3249,-4.2105,-0.3302,3.5142,-3.4782
25.0000,30.7309,117.5827,-4.2655,-0.2081,3.5142,-3.4782
25.0101,31.9119,121.7331,-4.3314,-6.3727,3.5142,-3.4782
25.0201,33.1534,122.8928,-4.4028,-7.1051,3.3177,-3.3080
25.0300,34.3729,8.0246,-4.4687,-2.1613,3.3177,-3.3080
25.0400,33.7631,-76.9974,-4.4687,-2.1613,2.9272,-2.9085
25.0502,32.5052,-131.0745,-4.5786,-12.7814,2.9272,-2.9085
25.0600,32.5052,-131.0745,-4.7214,-14.8566,2.6955,-2.6828
25.0700,31.0825,-135.4691,-4.8038,-1.2457,2.6955,-2.6828
25.0800,29.6378,-147.8592,-4.8038,-1.2457,2.3439,-2.3174
25.0900,27.4680,-238.1912,-4.4797,21.5814,2.3439,-2.3174
25.1000,22.3428,-213.6551,-4.2105,25.2435,2.0163,-2.0453
25.1100,22.3428,-213.6551,-4.2105,25.2435,2.0163,-2.0453
25.1200,22.3428,-213.6551,-3.9249,18.8348,1.8067,-1.8105
25.1300,22.3428,-213.6551,-3.7052,9.0692,1.8067,-1.8105
25.1400,21.4420,-40.6815,-2.4527,60.3998,1.3795,-1.4079
25.1501,22.5076,-45.6863,-1.5518,70.5927,1.3795,-1.4079
25.1600,21.5628,-102.2659,-0.6784,66.0760,1.2291,-1.2206
25.1700,19.7665,-72.6639,-0.6784,66.0760,1.2291,-1.2206
25.1800,19.1348,-63.5696,0.0961,57.0428,0.4672,-0.4514
25.1900,18.5581,-55.6961,0.7443,47.6434,0.4672,-0.4514
25.2000,18.0911,-43.8553,1.2881,40.1971,0.2082,-0.1208
25.2105,18.0911,-43.8553,1.7001,36.2299,0.2082,-0.1208
25.2204,17.6132,-50.6912,2.2000,45.1410,-0.0710,0.0689
25.2300,17.6132,-50.6912,3.7106,78.5272,-0.0710,0.0689
25.2400,15.7620,-58.8699,4.7873,98.0585,-0.9287,0.9748
25.2500,15.7620,-58.8699,4.7873,98.0585,-0.9287,0.9748
25.2600,14.5700,-56.9168,4.7873,98.0585,-0.9287,0.9748
25.2702,13.9932,-56.5506,7.1548,117.8339,-0.9287,0.9748
25.2800,13.9932,-56.5506,8.4567,127.4164,-1.3466,1.3530
25.2900,13.3725,-61.7996,9.7696,126.6229,-1.3466,1.3530
25.3000,12.7188,-62.7762,12.0602,102.0258,-1.6577,1.6891
25.3100,11.4993,-60.1517,13.1314,97.1429,-1.7949,1.8440
25.3201,10.9171,-57.2830,13.1314,97.1429,-1.7949,1.8440
25.3300,10.3513,-55.9402,14.2080,95.2509,-1.7949,1.8440
25.3404,9.7745,-58.5648,15.2298,90.5511,-1.7949,1.8440
25.3500,9.7745,-58.5648,16.1801,84.1425,-1.8932,1.9008
25.3600,9.1702,-61.9217,17.7511,76.5131,-1.8932,1.9008
25.3700,8.5330,-65.7059,18.6410,77.4896,-1.8932,1.9008
25.3802,7.1213,-74.7391,19.5309,77.6117,-1.8932,1.9008
25.3900,6.3907,-73.7625,19.5309,77.6117,-1.8932,1.9008
25.4000,5.7315,-68.2693,20.4153,75.8417,-2.2870,2.3003
25.4100,5.1547,-60.8841,21.2668,72.1796,-2.2870,2.3003
25.4205,5.1547,-60.8841,22.8982,64.2450,-2.5028,2.4723
25.4300,5.1547,-60.8841,23.3816,63.8788,-2.6658,2.6779
25.4400,4.1550,-52.2781,24.1671,75.1093,-2.6658,2.6779
25.4502,4.1550,-52.2781,25.0186,87.6825,-2.6658,2.6779
25.4600,3.7375,-46.2357,25.0186,87.6825,-3.0447,2.9439
25.4705,2.9300,-28.8406,25.8755,93.2977,-3.0447,2.9439
25.4806,2.9300,-28.8406,27.8860,128.6981,-2.9934,2.9420
25.4900,2.7213,-24.7513,27.8860,128.6981,-2.9934,2.9420
25.5007,2.5180,-18.4036,29.3527,162.0844,-2.9934,2.9420
25.5100,2.5180,-18.4036,33.0826,193.9447,-2.9934,2.9420
25.5200,2.4081,2.7145,34.7140,155.3705,-2.4008,2.3034
25.5300,2.4081,2.7145,34.7140,155.3705,-2.4008,2.3034
25.5401,2.5729,8.9401,35.8401,96.7767,-2.4008,2.3034
25.5500,2.6224,3.3249,36.1477,1.8060,-2.4008,2.3034
25.5606,2.6224,3.3249,33.7198,-184.6564,-2.2104,2.2607
25.5701,2.6224,3.3249,31.3083,-239.1608,-2.2104,2.2607
25.5800,2.6224,3.3249,31.3083,-239.1608,-1.8744,1.9673
25.5900,2.0291,-20.2957,25.9689,-251.9781,-1.8744,1.9673
25.6000,1.8533,-18.2205,25.9689,-251.9781,-1.5440,1.5494
25.6100,1.7545,-9.7977,23.1949,-262.4152,-1.5440,1.5494
25.6200,1.7545,-9.7977,21.1349,-161.9513,-1.4152,1.4463
25.6301,1.8973,16.6916,20.2176,-69.5441,-1.4152,1.4463
25.6400,2.1664,28.5934,20.0088,19.1400,-1.3273,1.3146
25.6500,2.5015,34.3307,20.0088,19.1400,-1.3273,1.3146
25.6600,2.9025,43.1808,19.8001,-42.9327,-1.1510,1.2005
25.6706,3.3749,49.1013,19.8001,-42.9327,-1.1510,1.2005
25.6803,4.1605,35.1852,19.8001,-42.9327,-0.7844,0.7735
25.6900,4.4406,27.7390,19.8001,-42.9327,-0.7844,0.7735
25.7000,4.4406,27.7390,16.3723,-75.7697,-0.2327,0.2196
25.7100,4.7043,24.9924,15.8560,-52.3932,-0.2327,0.2196
25.7201,4.9570,28.7155,15.2957,-51.5387,-0.0555,0.0537
25.7302,5.2866,35.7346,14.6805,-68.4454,-0.0555,0.0537
25.7400,6.4731,80.5954,14.6805,-68.4454,0.4023,-0.4728
25.7500,6.4731,80.5954,13.8730,-76.8683,0.4023,-0.4728
25.7600,8.4287,104.9484,13.1479,-72.4127,0.8281,-0.7277
25.7701,8.4287,104.9484,11.7636,-66.1261,0.8281,-0.7277
25.7800,9.5877,119.3527,11.0385,-68.9337,0.9983,-0.9888
25.7900,9.5877,119.3527,11.0385,-68.9337,0.9983,-0.9888
25.8002,12.2189,129.2404,9.4894,-73.7555,1.8269,-1.8337
25.8102,14.3832,96.6476,9.4894,-73.7555,1.8269,-1.8337
25.8200,15.2841,89.3845,9.4894,-73.7555,2.2988,-2.2448
25.8302,16.1301,84.5016,7.9568,-74.2438,2.2988,-2.2448
25.8400,16.1301,84.5016,7.1328,-77.7228,2.5427,-2.4693
25.8500,16.9321,80.2902,5.4025,-78.5773,2.5427,-2.4693
25.8600,17.7011,76.9943,4.5785,-76.1359,2.5427,-2.4693
25.8700,18.8657,71.7453,3.7875,-74.4879,2.5427,-2.4693
25.8800,19.5633,72.9050,3.7875,-74.4879,2.7570,-2.7505
25.8902,19.5633,72.9050,2.9965,-75.6476,2.7570,-2.7505
25.9000,21.0574,80.2902,2.1670,-77.2955,2.7570,-2.7505
25.9105,21.0574,80.2902,2.1670,-77.2955,2.7570,-2.7505
25.9200,21.8979,87.9807,1.3485,-75.9528,2.8388,-2.9713
25.9300,22.7988,93.4128,-0.6784,-60.5109,2.8388,-2.9713
25.9400,24.7049,97.8073,-1.2992,-57.4591,3.1781,-3.1513
25.9500,25.5563,82.0602,-1.2992,-57.4591,3.1781,-3.1513
25.9600,26.1716,57.7072,-1.9748,-57.3370,3.4573,-3.4984
25.9707,26.5945,42.8757,-2.6065,-55.2618,3.4573,-3.4984
25.9800,26.5945,42.8757,-3.3975,-34.2657,3.4620,-3.4721
25.9901,27.0670,55.8762,-3.6832,-31.6412,3.4620,-3.4721
26.0000,27.8195,93.6569,-3.9359,-24.6222,3.4385,-3.3983
26.0104,30.1761,127.0432,-4.0952,-9.4855,3.4385,-3.3983
26.0200,31.2473,109.5261,-4.0952,-9.4855,3.2162,-3.1372
26.0303,32.2415,105.0705,-4.1117,4.0643,3.2162,-3.1372
26.0400,33.2962,104.7653,-4.0348,11.2054,3.2162,-3.1372
26.0500,33.2962,104.7653,-3.9249,0.4633,3.2162,-3.1372
26.0604,34.0762,65.5197,-3.9414,-2.5275,2.9286,-2.8438
26.0700,34.2355,-1.3138,-3.9469,-2.7106,2.9286,-2.8438
26.0807,33.6917,-65.5838,-3.8590,13.7079,2.9286,-2.8438
26.0900,32.6975,-104.8294,-3.8590,13.7079,2.6057,-2.5986
26.1003,29.9783,-156.2820,-3.6557,28.2343,2.6057,-2.5986
26.1106,27.8799,-227.5711,-3.5404,13.4027,2.3462,-2.3143
26.1200,27.8799,-227.5711,-3.3481,18.5297,2.3462,-2.3143
26.1300,25.4410,-238.4964,-3.0954,25.4877,2.3594,-2.3247
26.1400,23.3151,-192.0486,-3.0954,25.4877,2.3594,-2.3247
26.1500,22.3813,53.4958,-3.0954,25.4877,2.2988,-2.3235
26.1600,23.1174,73.5153,-2.3813,33.3612,2.2988,-2.3235
26.1700,23.2327,-6.7459,-1.9144,39.1595,2.2988,-2.3235
26.1802,22.5406,-83.4061,-1.3156,49.0472,1.9688,-1.9453
26.1900,22.5406,-83.4061,-0.5850,56.1884,1.9688,-1.9453
26.2001,22.5406,-83.4061,0.1950,56.4325,1.8292,-1.7952
26.2100,20.8102,-64.3631,1.6177,44.6527,1.4636,-1.5091
26.2202,20.3323,-46.7850,2.1945,35.3143,1.4636,-1.5091
26.2300,19.2227,-45.6863,2.1945,35.3143,1.4636,-1.5091
26.2400,18.5361,-52.0950,2.6504,31.9574,0.9405,-0.9583
26.2500,17.8439,-63.2034,3.1338,34.8871,0.9405,-0.9583
26.2606,17.8439,-63.2034,4.5950,76.8793,0.4329,-0.4484
26.2702,17.8439,-63.2034,5.5838,92.3212,0.4329,-0.4484
26.2800,16.7123,-50.0198,6.6769,101.9647,-0.2425,0.3020
26.2900,15.6192,-58.9920,7.8909,115.2094,-0.2425,0.3020
26.3000,15.0205,-60.3348,7.8909,115.2094,-0.6956,0.6893
26.3100,14.3668,-61.3113,9.1928,123.3881,-0.6956,0.6893
26.3202,13.7076,-64.1190,9.1928,123.3881,-1.0697,1.1023
26.3300,13.7076,-64.1190,12.8787,107.0306,-1.0697,1.1023
26.3400,13.0484,-62.8372,13.9444,99.9506,-1.3583,1.4067
26.3501,12.4222,-59.7855,14.9441,93.9691,-1.3583,1.4067
26.3600,11.1643,-62.8983,15.8835,88.9642,-1.8208,1.8672
26.3701,10.5106,-64.7903,15.8835,88.9642,-1.8208,1.8672
26.3805,9.8514,-64.7293,16.6800,85.1801,-2.1272,2.1808
26.3900,9.1922,-65.0345,17.3611,85.3021,-2.1272,2.1808
26.4000,9.1922,-65.0345,19.0146,80.1752,-2.4116,2.4583
26.4101,9.1922,-65.0345,19.8275,78.6493,-2.4116,2.4583
26.4200,8.5330,-65.5838,20.6625,80.4803,-2.4116,2.4583
26.4300,6.4786,-69.9173,21.4975,79.0765,-2.4116,2.4583
26.4404,5.8084,-67.7811,21.4975,79.0765,-2.6696,2.7072
26.4500,5.8084,-67.7811,22.3160,75.1093,-2.6696,2.7072
26.4600,4.6329,-58.7479,23.0960,69.0668,-2.6696,2.7072
26.4700,4.6329,-58.7479,24.5352,65.5267,-2.6696,2.7072
26.4800,4.6329,-58.7479,25.3042,74.4379,-2.9901,2.9640
26.4900,3.7430,-44.9539,26.1007,79.9921,-2.9901,2.9640
26.5000,3.1827,-32.5027,26.9137,87.1332,-3.2045,3.1574
26.5100,2.9630,-33.5403,26.9137,87.1332,-3.2045,3.1574
26.5200,2.9630,-33.5403,27.8421,103.5516,-3.1875,3.1525
26.5301,2.1335,-43.3060,29.0451,132.9706,-3.1875,3.1525
26.5400,2.1335,-43.3060,32.3245,178.3197,-2.9098,2.8701
26.5500,2.1335,-43.3060,33.9889,164.1595,-2.7603,2.7859
26.5602,1.3754,-33.7234,35.2743,117.1014,-2.7603,2.7859
26.5701,1.0733,-27.5589,35.9555,46.2396,-2.7603,2.7859
26.5800,0.8591,-18.5867,35.9555,46.2396,-2.4656,2.4004
26.5901,0.6668,-4.3655,35.8181,-41.2238,-2.1700,2.2174
26.6000,0.6668,-4.3655,34.8019,-122.5836,-2.1700,2.2174
26.6100,0.6668,-4.3655,32.9507,-197.4738,-2.1700,2.2174
26.6200,0.6668,-4.3655,30.4898,-239.5880,-2.1700,2.2174
26.6302,0.6668,-4.3655,27.9739,-228.5406,-2.1700,2.2174
26.6400,0.6668,-4.3045,23.2663,-212.8546,-1.9251,1.8642
26.6502,0.6668,-4.3045,23.2663,-212.8546,-1.9251,1.8642
26.6600,0.7822,10.8322,21.6952,-119.5929,-1.6859,1.6769
26.6701,0.7822,10.8322,20.8767,-65.5157,-1.6859,1.6769
26.6800,0.7822,10.8322,20.4648,-28.2843,-1.6267,1.7001
26.6900,1.2106,21.8185,20.1077,-17.9083,-1.6267,1.7001
26.7001,1.5128,32.5607,19.5199,-63.4406,-1.4885,1.4664
26.7102,1.9412,48.5519,18.6245,-95.3009,-1.4885,1.4664
26.7204,2.9739,55.5099,18.6245,-95.3009,-1.3583,1.3371
26.7302,2.9739,55.5099,18.6245,-95.3009,-1.2944,1.2639
26.7400,3.9737,51.9089,16.8503,-84.2535,-1.2944,1.2639
26.7500,3.9737,51.9089,16.1801,-69.4220,-1.2944,1.2639
26.7604,4.4516,47.6974,14.6805,-72.8400,-0.7384,0.7387
26.7700,4.9185,51.7868,13.7356,-82.4835,-0.7384,0.7387
26.7800,5.4678,63.5056,12.9007,-81.8732,-0.7384,0.7387
26.7905,7.0389,86.7599,12.9007,-81.8732,-0.7384,0.7387
26.8005,8.0167,100.1877,12.1371,-70.0934,-0.0898,0.0702
26.8100,8.0167,100.1877,11.4615,-62.0367,-0.0898,0.0702
26.8201,8.0167,100.1877,11.4615,-62.0367,0.4352,-0.3788
26.8300,10.2194,114.1647,10.7748,-63.1964,0.4352,-0.3788
26.8400,11.3950,117.2165,8.5666,-70.8868,0.8281,-0.8137
26.8500,13.5867,103.1784,7.7426,-74.5490,0.8281,-0.8137
26.8600,14.5755,97.5632,7.7426,-74.5490,0.8686,-0.8491
26.8706,15.5368,95.6711,6.9076,-75.5255,0.8686,-0.8491
26.8800,15.5368,95.6711,6.9076,-75.5255,1.4279,-1.4420
26.8900,16.4706,92.5583,6.0782,-76.1969,1.4279,-1.4420
26.9005,17.3660,88.7741,3.4140,-82.6056,2.0990,-2.1374
26.9102,18.0417,83.1589,2.4966,-83.7653,2.0990,-2.1374
26.9200,19.5139,76.6281,1.6177,-84.5587,2.5451,-2.4681
26.9301,20.2554,75.5905,1.6177,-84.5587,2.5451,-2.4681
26.9403,20.9915,74.9191,0.7443,-85.0470,2.8148,-2.8103
26.9501,20.9915,74.9191,-0.1401,-85.9625,2.8148,-2.8103
26.9600,21.7166,74.3088,-1.8100,-77.5397,3.2552,-3.3019
26.9700,22.4637,77.6047,-2.5296,-70.7648,3.2552,-3.3019
26.9800,23.2602,83.0368,-3.2053,-67.0416,3.5165,-3.5154
26.9900,24.0952,86.3327,-3.2053,-67.0416,3.5165,-3.5154
27.0000,25.8859,92.0700,-3.9249,-63.9288,3.6162,-3.6582
27.0102,26.6824,77.7267,-4.6060,-57.8253,3.6162,-3.6582
27.0200,26.6824,77.7267,-5.1883,-52.7594,3.6538,-3.6118
27.0300,26.6824,77.7267,-5.6223,-43.2990,3.6538,-3.6118
27.0404,27.7701,54.1672,-6.2870,-20.8990,3.2186,-3.2788
27.0500,28.4073,78.0319,-6.4353,-6.0065,3.2186,-3.2788
27.0607,30.4782,118.0099,-6.4188,5.3461,3.2186,-3.2788
27.0700,31.5219,110.0143,-6.4188,5.3461,2.9770,-2.9683
27.0801,32.4612,101.1032,-6.3089,10.7172,2.9770,-2.9683
27.0900,32.4612,101.1032,-6.2430,5.1630,2.9770,-2.9683
27.1000,33.3676,91.7648,-6.5396,-16.3824,2.7486,-2.7365
27.1100,33.9169,44.4626,-6.8637,-27.2467,2.7486,-2.7365
27.1200,33.8510,-24.8734,-7.1549,-26.3312,2.5333,-2.5156
27.1300,33.1094,-91.3406,-7.2538,-6.6779,2.5333,-2.5156
27.1400,29.5609,-244.3558,-7.2538,-6.6779,2.3016,-2.3497
27.1501,26.6989,-288.7283,-7.0835,20.3607,2.3016,-2.3497
27.1600,26.6989,-288.7283,-6.7099,38.4882,2.0196,-2.0209
27.1700,23.9633,-257.6004,-5.5014,60.0946,2.0196,-2.0209
27.1800,22.1341,-154.0237,-4.8203,57.1039,1.7818,-1.7983
27.1902,21.5848,-21.3943,-4.8203,57.1039,1.7522,-1.7580
27.2001,21.9473,47.3923,-3.6722,40.3192,1.7522,-1.7580
27.2100,21.7056,-59.7244,-3.6722,40.3192,1.7522,-1.7580
27.2200,20.7553,-88.7161,-2.9801,60.1556,1.4565,-1.4896
27.2300,20.7553,-88.7161,-2.9801,60.1556,1.4565,-1.4896
27.2400,20.7553,-88.7161,-0.3214,62.5360,0.9560,-0.9242
27.2500,19.3710,-58.0765,0.3817,50.5121,0.9560,-0.9242
27.2600,19.3710,-58.0765,0.9311,40.9296,0.5029,-0.4776
27.2701,18.1021,-59.6024,1.3870,36.7792,0.5029,-0.4776
27.2800,17.3825,-65.5228,1.3870,36.7792,0.3229,-0.2763
27.2900,15.9488,-67.9642,1.9253,44.5917,0.1772,-0.0854
27.3003,15.9488,-67.9642,2.6065,59.1180,0.1772,-0.0854
27.3101,15.3226,-61.7386,3.4524,77.3676,0.1772,-0.0854
27.3200,14.7073,-61.1282,3.4524,77.3676,-0.2059,0.2623
27.3300,14.1251,-56.3675,3.4524,77.3676,-0.2059,0.2623
27.3405,13.5648,-54.4144,5.4574,105.0775,-0.2059,0.2623
27.3500,12.2849,-65.0955,7.7755,121.4349,-0.2059,0.2623
27.3600,11.5927,-65.8890,9.0719,122.1674,-0.7346,0.8046
27.3701,11.5927,-65.8890,10.3079,116.6742,-0.7346,0.8046
27.3800,11.5927,-65.8890,12.6754,107.0306,-0.7346,0.8046
27.3900,10.3018,-62.1048,13.7851,100.1947,-0.7346,0.8046
27.4000,10.3018,-62.1048,14.8617,98.9130,-1.0989,1.1560
27.4100,9.0164,-63.8138,15.8999,95.7391,-1.0989,1.1560
27.4204,8.3682,-64.1190,15.8999,95.7391,-1.0989,1.1560
27.4306,6.9949,-73.8846,16.8173,90.1849,-1.0989,1.1560
27.4400,6.9949,-73.8846,17.6962,87.1332,-1.7202,1.7922
27.4500,6.9949,-73.8846,17.6962,87.1332,-1.7202,1.7922
27.4601,5.4459,-79.2557,18.6740,88.5980,-1.7202,1.7922
27.4700,4.6549,-77.3636,21.5963,86.5839,-1.7202,1.7922
27.4801,3.9188,-70.5887,22.5357,86.2177,-1.7202,1.7922
27.4902,3.3365,-61.1893,22.5357,86.2177,-1.7202,1.7922
27.5000,2.8531,-52.9495,23.4640,83.8373,-2.1949,2.2283
27.5100,2.4191,-50.3250,24.3484,76.2689,-2.1949,2.2283
27.5200,2.4191,-50.3250,26.0898,84.8749,-2.4600,2.3833
27.5301,2.4191,-50.3250,27.0346,97.9364,-2.4600,2.3833
27.5403,2.4191,-50.3250,28.0398,109.6552,-2.9770,2.9500
27.5506,0.8041,-41.7801,28.0398,109.6552,-3.1048,3.0836
27.5600,0.8041,-41.7801,29.1330,123.2660,-3.1048,3.0836
27.5701,0.1560,-23.4085,30.4458,147.6801,-3.1048,3.0836
27.5800,0.1560,-23.4085,32.0334,172.7655,-2.8849,2.8152
27.5900,0.1560,-23.4085,33.7857,181.6156,-2.8849,2.8152
27.6000,0.0076,-11.5677,36.4389,89.5135,-2.3712,2.3680
27.6102,0.0076,-11.5677,36.6861,-2.3444,-2.3712,2.3680
27.6203,-0.0363,3.3249,35.9829,-98.0475,-2.0313,2.0728
27.6300,0.1120,8.2687,35.9829,-98.0475,-2.0313,2.0728
27.6400,0.1724,6.3156,34.4009,-176.4166,-1.9604,1.8843
27.6500,0.1724,6.3156,32.1267,-231.2872,-1.9604,1.8843
27.6600,0.2219,4.5456,25.9579,-323.8165,-1.9604,1.8843
27.6700,0.1285,-8.5159,22.6840,-287.5006,-1.9604,1.8843
27.6802,0.1285,-8.5159,20.5087,-172.4493,-1.7653,1.8398
27.6900,-0.0143,-5.0980,20.5087,-172.4493,-1.7653,1.8398
27.7000,0.4855,38.7253,20.5087,-172.4493,-1.7240,1.7446
27.7105,0.4855,38.7253,19.0805,-16.0773,-1.7240,1.7446
27.7201,0.4855,38.7253,19.1574,24.3890,-1.5651,1.5586
27.7300,0.4855,38.7253,18.8717,-53.7360,-1.5571,1.5665
27.7400,1.6831,46.9650,17.7896,-111.4752,-1.5571,1.5665
27.7500,2.1500,51.4816,16.5976,-117.5177,-1.5571,1.5665
27.7602,3.1168,49.3454,15.6473,-96.3995,-1.5571,1.5665
27.7700,3.1168,49.3454,15.6473,-96.3995,-1.5571,1.5665
27.7803,3.1168,49.3454,14.8617,-81.9342,-1.2634,1.2712
27.7900,3.1168,49.3454,14.8617,-81.9342,-1.2634,1.2712
27.8000,3.1168,49.3454,12.5821,-76.6852,-0.8648,0.8522
27.8100,5.4623,85.7834,11.6977,-85.9015,-0.8648,0.8522
27.8204,6.4621,109.6481,10.8188,-84.4366,-0.6838,0.6600
27.8300,8.9011,126.5549,10.8188,-84.4366,-0.6838,0.6600
27.8409,10.2908,142.0578,10.0058,-78.5162,-0.1998,0.1519
27.8500,11.7465,144.3771,9.2367,-74.6710,-0.1998,0.1519
27.8600,11.7465,144.3771,8.4237,-76.3190,0.5100,-0.4606
27.8700,13.0869,129.4235,6.7099,-76.8683,0.5100,-0.4606
27.8802,14.2624,113.0051,5.9079,-75.7697,0.7595,-0.7601
27.8901,15.3226,103.7277,5.1169,-78.0890,0.7595,-0.7601
27.9002,17.3221,97.4411,4.2984,-81.0187,1.0176,-1.0132
27.9100,18.1790,92.5583,4.2984,-81.0187,1.0176,-1.0132
27.9200,18.1790,92.5583,3.4634,-81.6290,1.7028,-1.5909
27.9300,18.9700,87.3093,2.6339,-80.1642,1.7028,-1.5909
27.9400,19.7995,82.6096,0.9640,-84.5587,2.2729,-2.2100
27.9500,20.5795,79.6799,0.1126,-84.9249,2.2729,-2.2100
27.9600,21.3486,78.8254,-0.7389,-83.5822,2.2729,-2.2100
27.9700,22.1176,80.1071,-0.7389,-83.5822,2.2729,-2.2100
27.9801,23.7051,84.4406,-1.6178,-85.1691,2.6353,-2.5949
27.9900,24.5621,89.9948,-2.4967,-82.7887,2.6353,-2.5949
28.0000,24.5621,89.9948,-3.3426,-78.0280,2.7284,-2.7737
28.0100,24.5621,89.9948,-5.0455,-80.2252,2.7284,-2.7737
28.0200,26.4023,94.1452,-5.0455,-80.2252,3.2303,-3.2513
28.0302,27.2153,79.0085,-6.7484,-75.0372,3.2303,-3.2513
28.0400,27.8195,58.4396,-7.4790,-65.1495,3.4799,-3.5136
28.0500,28.2700,46.2326,-7.4790,-65.1495,3.4799,-3.5136
28.0602,29.3631,81.3278,-8.1931,-61.6705,3.6467,-3.6582
28.0701,29.3631,81.3278,-8.8742,-57.2760,3.6467,-3.6582
28.0801,29.3631,81.3278,-9.8355,-45.4962,3.5687,-3.5984
28.0900,31.6812,135.6491,-10.3134,-46.4117,3.5687,-3.5984
28.1000,31.6812,135.6491,-10.8188,-44.0314,3.0324,-3.0177
28.1100,34.1861,127.8976,-11.2418,-37.1344,3.0324,-3.0177
28.1201,35.3891,119.3527,-11.2418,-37.1344,2.6033,-2.6736
28.1300,36.2735,-15.5960,-11.5934,-31.2750,2.6033,-2.6736
28.1400,36.2735,-15.5960,-11.9229,-30.0543,2.6033,-2.6736
28.1500,36.2735,-15.5960,-12.6700,-37.1344,2.3618,-2.3528
28.1600,34.1861,-142.8543,-13.0161,-28.4064,2.3618,-2.3528
28.1700,32.4997,-194.3069,-13.0161,-28.4064,2.3618,-2.3528
28.1801,26.8417,-283.6014,-13.1259,10.6561,2.2837,-2.2881
28.1900,24.5236,-215.0589,-13.1259,10.6561,2.2837,-2.2881
28.2000,23.2547,-100.9232,-12.8733,32.3236,2.2837,-2.2881
28.2100,23.2547,-100.9232,-12.2086,71.2030,2.2837,-2.2881
28.2200,23.1723,18.9499,-9.5005,132.9095,2.2837,-2.2881
28.2306,23.9523,98.6008,-8.4018,85.1190,2.2837,-2.2881
28.2406,24.6335,54.8996,-7.5559,71.9354,1.6032,-1.5787
28.2500,23.0679,-125.7034,-6.4463,98.6688,1.4528,-1.5018
28.2600,21.8704,-108.5526,-6.4463,98.6688,1.4528,-1.5018
28.2700,21.0684,-70.8328,-5.3641,77.3065,1.2483,-1.2224
28.2800,21.0684,-70.8328,-4.3753,66.3202,1.2483,-1.2224
28.2901,20.4697,-58.3206,-2.6010,56.7377,1.1158,-1.1529
28.3008,19.8599,-50.1419,-1.7771,59.1791,1.1158,-1.1529
28.3102,19.3381,-51.4236,-0.9751,65.5878,1.1158,-1.1529
28.3202,18.7448,-61.3113,-0.0797,77.3065,0.8554,-0.8918
28.3300,17.3990,-63.3865,-0.0797,77.3065,0.8554,-0.8918
28.3400,16.7838,-61.3724,0.9750,96.4716,0.4756,-0.5539
28.3501,16.7838,-61.3724,2.1835,116.8573,0.4756,-0.5539
28.3600,16.1411,-64.3021,4.9905,128.4540,0.1833,-0.0964
28.3701,16.1411,-64.3021,4.9905,128.4540,0.1833,-0.0964
28.3800,14.7678,-68.8187,8.0832,144.2010,-0.2059,0.2257
28.3900,14.0372,-69.5511,9.5938,137.6093,-0.2059,0.2257
28.4000,13.3231,-69.6121,9.5938,137.6093,-0.2059,0.2257
28.4100,11.9717,-64.5462,11.0220,131.5057,-0.2059,0.2257
28.4200,11.9717,-64.5462,12.3788,125.4022,-0.5372,0.5697
28.4306,11.3455,-61.7996,14.8288,110.4486,-0.5372,0.5697
28.4400,11.3455,-61.7996,15.9549,105.1385,-0.5006,0.5185
28.4504,10.0711,-66.4383,16.9436,100.7440,-0.6364,0.6814
28.4602,9.3955,-69.3069,17.7951,96.5936,-0.6364,0.6814
28.4701,8.0057,-71.3821,17.7951,96.5936,-0.6364,0.6814
28.4801,7.3190,-68.8797,18.8058,92.0770,-1.0176,0.9717
28.4901,7.3190,-68.8797,19.7946,91.2225,-1.0176,0.9717
28.5000,6.6818,-64.0579,21.6513,82.4335,-1.0176,0.9717
28.5100,6.0666,-62.8372,22.4862,73.0951,-1.0176,0.9717
28.5200,5.4788,-62.5320,23.2773,67.7850,-1.2305,1.3249
28.5300,4.3253,-63.3255,23.2773,67.7850,-1.2305,1.3249
28.5401,3.7430,-64.5462,24.0848,69.8602,-1.5237,1.5634
28.5501,3.7430,-64.5462,24.8977,71.0809,-1.5237,1.5634
28.5600,3.7430,-64.5462,25.6942,72.9120,-2.0732,2.1008
28.5700,3.7430,-64.5462,26.4578,75.4755,-2.0732,2.1008
28.5801,2.1005,-55.7571,28.1442,105.9930,-2.6433,2.6291
28.5900,1.6995,-47.4564,29.3197,137.3041,-3.0813,3.0146
28.6000,1.6995,-47.4564,30.9347,179.3573,-3.0813,3.0146
28.6101,1.3095,-35.5545,30.9347,179.3573,-3.0813,3.0146
28.6200,1.0898,-17.3660,32.8738,204.9921,-3.3614,3.3215
28.6300,1.2216,19.6213,34.8623,202.0624,-3.3614,3.3215
28.6400,1.5073,30.9128,37.6803,93.6029,-3.2670,3.1958
28.6500,1.8369,32.5607,37.9385,-2.7106,-3.2670,3.1958
28.6600,2.0895,22.3068,37.2134,-101.4044,-3.2092,3.1464
28.6700,2.2159,9.0622,35.5874,-181.7267,-3.2092,3.1464
28.6800,2.0401,-18.4647,35.5874,-181.7267,-2.5178,2.5724
28.6900,2.0401,-18.4647,32.9123,-286.4020,-2.5178,2.5724
28.7000,2.0401,-18.4647,28.6441,-432.8864,-2.0812,2.0026
28.7100,1.7435,-6.0745,21.9534,-212.4274,-2.0812,2.0026
28.7201,1.7764,4.1794,21.0470,-42.4445,-2.0102,1.9886
28.7302,1.7764,4.1794,21.2558,36.9012,-2.0102,1.9886
28.7401,2.0126,28.6545,21.5744,27.0746,-1.6163,1.6324
28.7502,2.4905,54.8386,21.5744,27.0746,-1.4185,1.2956
28.7600,2.4905,54.8386,21.2723,-40.3693,-1.4185,1.2956
28.7706,3.1552,73.0881,20.4263,-85.5963,-1.4185,1.2956
28.7801,3.9298,80.9616,18.6850,-86.3287,-0.9203,0.8723
28.7900,4.6933,77.6047,17.8665,-86.6949,-0.9203,0.8723
28.8000,5.3854,67.5339,17.0315,-84.1925,-0.5654,0.5203
28.8101,6.5555,61.3083,16.2295,-77.1124,-0.5654,0.5203
28.8200,7.2092,68.0832,16.2295,-77.1124,-0.1490,0.1671
28.8300,7.9617,77.6047,15.4330,-75.2814,0.0080,-0.0842
28.8400,7.9617,77.6047,14.6200,-77.2955,0.0080,-0.0842
28.8505,7.9617,77.6047,13.0215,-67.3468,0.0080,-0.0842
28.8601,9.8349,100.7980,12.2909,-68.5065,0.6505,-0.5386
28.8700,10.9610,116.9113,11.5164,-75.1593,0.6505,-0.5386
28.8802,12.2739,134.6115,10.6924,-79.3097,0.6505,-0.5386
28.8907,14.8721,120.0851,10.6924,-79.3097,0.6505,-0.5386
28.9004,15.9818,110.1364,9.8575,-80.4694,0.9818,-0.8845
28.9100,15.9818,110.1364,9.0115,-81.3239,0.9818,-0.8845
28.9201,15.9818,110.1364,8.1271,-83.6432,1.4293,-1.4097
28.9300,18.1076,103.7888,7.1988,-87.1222,1.4293,-1.4097
28.9400,19.1019,97.8683,5.3146,-86.7560,1.6991,-1.7690
28.9500,19.9533,93.2907,4.3368,-86.5118,1.6991,-1.7690
28.9600,20.6784,90.9714,4.3368,-86.5118,1.6991,-1.7690
28.9701,21.3815,91.2155,3.3810,-84.0094,1.6991,-1.7690
28.9806,22.2989,92.4362,2.5076,-80.5914,2.0835,-2.0655
28.9902,22.2989,92.4362,0.9421,-79.6149,2.0835,-2.0655
29.0000,24.0897,90.5441,0.1455,-76.3800,2.2457,-2.2357
29.0100,24.9521,89.3845,-0.6729,-77.7838,2.2457,-2.2357
29.0200,26.6440,88.7131,-1.4475,-75.4034,2.2457,-2.2357
29.0300,27.5394,94.1452,-1.4475,-75.4034,2.2457,-2.2357
29.0407,28.4073,85.7224,-2.0957,-64.6002,2.2457,-2.2357
29.0500,28.4073,85.7224,-2.6670,-57.3370,2.2457,-2.2357
29.0600,29.0500,60.1486,-3.7821,-50.0739,2.4445,-2.5443
29.0700,29.4400,36.8942,-3.7821,-50.0739,2.4445,-2.5443
29.0800,29.7916,40.5563,-4.8532,-43.9093,2.8195,-2.8688
29.0903,30.4233,76.0178,-5.3202,-35.7916,3.0127,-3.0714
29.1000,32.7689,134.6725,-5.3202,-35.7916,3.0127,-3.0714
29.1101,34.0323,122.4655,-5.6278,-22.4860,3.0127,-3.0714
29.1206,34.0323,122.4655,-5.7651,-5.1520,3.1772,-3.1940
29.1306,35.1804,117.5827,-5.8420,-1.6119,3.1772,-3.1940
29.1400,36.0538,77.4826,-5.9299,-6.9830,3.4705,-3.4276
29.1500,36.2955,11.0153,-6.0453,-10.2789,3.4705,-3.4276
29.1605,35.8725,-53.7430,-6.1881,-15.7111,3.6716,-3.7039
29.1705,35.8725,-53.7430,-6.1881,-15.7111,3.6716,-3.7039
29.1800,35.8725,-53.7430,-6.3089,-13.8190,3.9771,-4.0175
29.1901,33.7137,-118.9896,-6.3199,-1.0626,3.9771,-4.0175
29.2000,31.0660,-144.7464,-6.0178,18.4076,3.9771,-4.0175
29.2100,28.9456,-234.7733,-5.6882,31.5302,3.7370,-3.7808
29.2206,26.2210,-271.3943,-5.0730,51.9159,3.7370,-3.7808
29.2300,22.7933,-72.2977,-5.0730,51.9159,3.7370,-3.7808
29.2400,23.0350,48.7350,-5.0730,51.9159,3.7370,-3.7808
29.2500,23.4634,34.5749,-3.3811,77.9779,3.7370,-3.7808
29.2600,23.4634,34.5749,-2.5406,68.7006,3.7370,-3.7808
29.2700,23.2712,-34.5779,-0.5301,87.8046,3.7370,-3.7808
29.2800,22.4252,-94.8196,0.5410,84.6918,3.6904,-3.7350
29.2900,21.3321,-108.5526,1.3211,59.3622,3.6904,-3.7350
29.3000,19.7995,-62.2879,1.8319,36.9623,3.1702,-3.1159
29.3100,19.2227,-55.8792,1.8319,36.9623,3.1702,-3.1159
29.3200,18.7064,-49.5926,2.2604,29.6381,2.9878,-3.0653
29.3300,18.7064,-49.5926,2.7273,31.7133,3.0348,-3.0439
29.3401,18.7064,-49.5926,4.0677,60.5829,3.0348,-3.0439
29.3500,17.7011,-56.3065,5.0839,86.4008,3.0348,-3.0439
29.3601,17.0584,-66.4993,6.3089,107.2748,2.8031,-2.7798
29.3701,16.3937,-65.7669,7.7481,136.3275,2.8031,-2.7798
29.3802,15.2182,-54.4144,7.7481,136.3275,2.4078,-2.4492
29.3900,14.6030,-58.5648,9.3136,149.6942,2.4078,-2.4492
29.4000,14.6030,-58.5648,10.8352,147.2528,2.0943,-2.0069
29.4100,13.9108,-68.6966,13.7082,128.5760,2.0943,-2.0069
29.4200,13.1912,-72.4808,15.0869,124.1205,1.5158,-1.4451
29.4300,12.4716,-73.0301,15.0869,124.1205,1.5158,-1.4451
29.4402,11.7795,-69.1849,17.6193,107.4579,1.1618,-1.1303
29.4505,11.1203,-68.6966,17.6193,107.4579,1.1618,-1.1303
29.4603,11.1203,-68.6966,18.6960,94.1522,1.1205,-1.1364
29.4700,11.1203,-68.6966,19.5858,88.6591,1.1205,-1.1364
29.4800,10.4172,-76.6312,21.4975,94.5795,0.7948,-0.7290
29.4907,10.4172,-76.6312,22.4862,94.8236,0.7948,-0.7290
29.5000,7.3135,-71.6873,23.4366,92.5043,0.3666,-0.4203
29.5100,7.3135,-71.6873,24.3484,89.2694,0.3666,-0.4203
29.5200,7.3135,-71.6873,24.3484,89.2694,-0.6354,0.5789
29.5301,7.3135,-71.6873,25.2438,87.9877,-0.6354,0.5789
29.5406,7.3135,-71.6873,26.1117,86.0956,-0.9762,0.9242
29.5500,5.9787,-61.1893,27.5839,64.7333,-0.9762,0.9242
29.5600,3.9847,-46.9070,28.0673,48.5590,-2.1319,2.1545
29.5700,3.5123,-50.9964,28.4189,39.9530,-2.1319,2.1545
29.5805,3.5123,-50.9964,28.4189,39.9530,-2.6019,2.6657
29.5900,3.5123,-50.9964,28.7430,45.1410,-2.6019,2.6657
29.6000,3.5123,-50.9964,29.2593,73.6444,-3.1593,3.2342
29.6100,3.5123,-50.9964,30.2920,131.9330,-3.3746,3.3294
29.6202,2.4521,-52.4002,32.0773,205.5414,-3.3746,3.3294
29.6300,1.2875,-30.7938,37.0157,248.3270,-3.4611,3.4123
29.6401,1.0184,-24.2630,38.9657,174.5355,-3.4611,3.4123
29.6500,1.0184,-24.2630,40.0644,81.3348,-3.4611,3.4123
29.6606,1.0184,-24.2630,40.0644,81.3348,-3.3605,3.3751
29.6700,0.7877,-21.0281,40.1138,-34.2047,-3.3605,3.3751
29.6800,0.7877,-21.0281,39.1690,-122.4005,-3.0550,3.0421
29.6900,0.7877,-21.0281,37.5595,-178.1866,-3.0550,3.0421
29.7003,0.7877,-21.0281,35.2853,-236.7194,-2.2245,2.2296
29.7100,-0.1187,-24.3240,29.1220,-319.1779,-2.2245,2.2296
29.7201,-0.7614,-18.7698,29.1220,-319.1779,-2.0929,2.0252
29.7300,-0.7614,-18.7698,29.1220,-319.1779,-2.0929,2.0252
29.7400,-0.8163,6.9260,22.3489,-234.7052,-1.7865,1.7751
29.7500,-0.8163,6.9260,21.1020,-84.4977,-1.7865,1.7751
29.7602,-0.8163,6.9260,21.4645,47.7655,-1.4598,1.4128
29.7703,-0.5472,29.7531,21.6623,17.3700,-1.4598,1.4128
29.7800,-0.5472,29.7531,21.2668,-55.6891,-1.0660,1.0315
29.7900,0.3757,39.3356,21.2668,-55.6891,-1.0660,1.0315
29.8003,1.9687,57.4020,20.1846,-120.8746,-0.4611,0.4465
29.8104,2.9245,49.2844,18.8278,-133.0206,-0.4611,0.4465
29.8204,2.9245,49.2844,17.7237,-107.0197,-0.2472,0.2257
29.8304,3.3310,44.8898,16.3998,-55.5670,-0.2472,0.2257
29.8404,3.7375,44.0964,15.8670,-56.6656,-0.0259,0.0488
29.8500,4.1879,54.5944,15.1474,-77.6007,-0.0259,0.0488
29.8600,4.7647,67.1066,14.2740,-89.8077,0.8023,-0.8076
29.8702,6.5280,109.2819,14.2740,-89.8077,0.8023,-0.8076
29.8800,7.6871,117.3386,13.4005,-82.1783,1.1783,-1.1560
29.8900,7.6871,117.3386,12.6700,-70.8868,1.1783,-1.1560
29.9000,8.9340,127.6535,11.9613,-69.4220,1.5627,-1.5525
29.9104,10.3073,139.5554,10.3738,-79.1876,1.5627,-1.5525
29.9200,11.6916,136.6867,9.5279,-79.4928,1.9157,-1.9270
29.9301,14.0482,106.2912,8.6764,-78.6993,1.9157,-1.9270
29.9400,15.0644,101.1032,8.6764,-78.6993,2.2386,-2.2192
29.9500,16.0696,100.4318,7.8195,-79.2487,2.2386,-2.2192
29.9600,16.0696,100.4318,6.9406,-82.4835,2.9309,-2.8853
29.9700,17.0639,99.3942,5.1663,-84.1315,2.9309,-2.8853
29.9800,18.0252,94.6335,4.3039,-84.4977,3.1866,-3.2068
29.9900,18.0252,94.6335,4.3039,-84.4977,3.2327,-3.2190
30.0000,20.3763,75.4074,3.4359,-87.7325,3.2327,-3.2190
30.0100,21.0904,73.8205,2.5680,-89.3805,3.2327,-3.2190
30.0202,21.0904,73.8205,1.7001,-88.5260,3.5095,-3.5350
30.0300,21.8100,74.7360,0.8432,-88.0988,3.5095,-3.5350
30.0400,21.8100,74.7360,-0.8377,-82.1783,3.7473,-3.7332
30.0506,23.3206,81.1447,-1.6178,-76.5021,3.7473,-3.7332
30.0603,23.3206,81.1447,-2.3703,-71.7413,3.7473,-3.7332
30.0700,25.9628,91.7038,-2.3703,-71.7413,3.7473,-3.7332
30.0804,26.7209,72.3557,-3.1174,-69.6051,4.0068,-4.0541
30.0900,27.2098,45.3171,-3.8315,-66.3092,4.0068,-4.0541
30.1000,27.2098,45.3171,-4.4742,-59.7174,4.3875,-4.3676
30.1100,27.4899,27.9831,-5.5673,-53.0035,4.3875,-4.3676
30.1200,27.7701,37.3215,-5.5673,-53.0035,4.6206,-4.6134
30.1302,28.3743,79.6188,-6.4682,-38.7213,4.6206,-4.6134
30.1400,30.8847,146.6354,-6.4682,-38.7213,4.6789,-4.7196
30.1501,32.2470,140.9592,-6.7044,-19.3732,4.6789,-4.7196
30.1600,33.5819,139.4333,-6.7923,-5.2130,4.1910,-4.2602
30.1700,33.5819,139.4333,-6.8418,-1.9781,4.1910,-4.2602
30.1801,34.7299,108.3664,-7.1933,-25.4767,3.4813,-3.4965
30.1900,35.2737,41.2888,-7.4350,-18.3356,3.4813,-3.4965
30.2000,35.1364,-30.7327,-7.4350,-18.3356,3.1664,-3.1714
30.2100,33.4390,-102.4490,-7.4350,-18.3356,3.1664,-3.1714
30.2201,32.2195,-127.7786,-8.0008,-33.7164,2.6292,-2.5724
30.2301,30.2585,-217.1341,-8.4458,-39.2706,2.6292,-2.5724
30.2401,30.2585,-217.1341,-8.5556,0.6464,1.9143,-1.9300
30.2500,27.5174,-282.9910,-7.2592,89.5135,1.9143,-1.9300
30.2600,24.8422,-256.7459,-6.1991,100.5609,1.5181,-1.5860
30.2700,23.0350,-151.3992,-5.1883,89.0863,1.5181,-1.5860
30.2809,23.4470,83.2809,-4.3314,65.5267,0.5452,-0.5667
30.2900,23.9029,29.3259,-4.3314,65.5267,0.5452,-0.5667
30.3000,23.9029,29.3259,-3.7162,46.3617,0.0329,0.0061
30.3100,23.5074,-58.5037,-3.7162,46.3617,0.0329,0.0061
30.3202,22.5076,-105.4398,-1.1454,58.5687,-0.5889,0.6002
30.3300,21.5738,-85.0540,-0.4148,48.6810,-0.5889,0.6002
30.3400,20.9476,-57.8323,0.1071,35.7416,-1.1642,1.1883
30.3504,19.7940,-59.1141,0.1071,35.7416,-1.1642,1.1883
30.3600,19.2392,-53.6209,0.5136,28.7225,-1.1642,1.1883
30.3700,18.6404,-55.3909,0.9146,35.5585,-1.1642,1.1883
30.3803,18.6404,-55.3909,1.4694,51.2445,-1.7263,1.7904
30.3900,18.0856,-54.2313,1.4694,51.2445,-1.7263,1.7904
30.4000,17.5748,-50.4471,2.2055,71.0809,-2.0102,2.0069
30.4101,17.5748,-50.4471,4.2874,101.5985,-2.0102,2.0069
30.4200,17.0090,-58.9920,5.5618,109.1669,-2.0102,2.0069
30.4301,15.1688,-54.5975,5.5618,109.1669,-2.0102,2.0069
30.4400,14.5700,-60.6400,5.5618,109.1669,-2.0102,2.0069
30.4500,14.5700,-60.6400,9.5169,121.1908,-2.2057,2.2607
30.4600,13.8944,-67.5369,12.1151,117.2235,-2.2057,2.2607
30.4704,13.2022,-67.2928,12.1151,117.2235,-2.2057,2.2607
30.4800,12.5485,-64.0579,14.4882,105.6268,-2.5653,2.5888
30.4900,11.2796,-63.8748,14.4882,105.6268,-2.6231,2.6029
30.5000,11.2796,-63.8748,15.5594,97.8754,-2.6231,2.6029
30.5100,9.8514,-74.4949,16.5811,93.1146,-2.9497,2.9640
30.5201,9.8514,-74.4949,17.4820,90.8563,-2.9497,2.9640
30.5304,9.0933,-73.9456,19.3057,87.0721,-2.9497,2.9640
30.5400,9.0933,-73.9456,20.1901,79.6869,-3.2811,3.2788
30.5500,7.5992,-73.8846,21.0360,73.4003,-3.2811,3.2788
30.5600,6.8192,-77.1805,21.0360,73.4003,-3.2975,3.2849
30.5703,5.3635,-67.3538,21.8765,74.6820,-3.2975,3.2849
30.5805,4.7153,-64.0579,22.7389,77.5507,-3.2162,3.1360
30.5900,4.7153,-64.0579,23.5904,75.2313,-3.2162,3.1360
30.6000,4.1055,-60.6400,25.0406,66.5643,-2.9403,2.7962
30.6100,4.1055,-60.6400,25.7876,78.2220,-2.7547,2.7444
30.6200,3.0838,-47.8836,26.6281,92.1381,-2.7547,2.7444
30.6300,3.0838,-47.8836,26.6281,92.1381,-2.7547,2.7444
30.6400,2.6663,-42.8177,27.6114,110.0824,-2.5060,2.4248
30.6500,2.3587,-35.8597,28.8583,140.8441,-2.5060,2.4248
30.6603,1.9028,-10.0418,30.5118,185.7660,-2.1498,2.1069
30.6700,1.9028,-10.0418,34.2581,187.7802,-2.1498,2.1069
30.6803,1.8973,3.2028,35.7852,142.0648,-2.1216,2.0838
30.6901,2.0181,4.0573,36.7355,79.9310,-2.1216,2.0838
30.7000,2.0181,4.0573,36.7355,79.9310,-1.9994,2.0362
30.7100,1.9632,-8.8821,37.0376,9.9847,-1.7724,1.7336
30.7202,1.0568,-37.2635,36.4663,-81.7511,-1.7724,1.7336
30.7305,1.0568,-37.2635,34.9173,-172.5104,-1.7724,1.7336
30.7401,0.6833,-36.1038,29.6933,-266.4435,-1.3809,1.3591
30.7502,0.3317,-35.6155,26.7434,-275.8429,-1.3809,1.3591
30.7606,0.0021,-32.9910,23.8760,-250.9406,-1.3809,1.3591
30.7700,-0.2286,-21.3333,23.8760,-250.9406,-1.3809,1.3591
30.7801,-0.2945,-3.5110,22.1512,-127.8937,-0.7346,0.7033
30.7900,-0.1517,18.5837,21.4206,-54.8346,-0.7346,0.7033
30.8003,-0.1517,18.5837,21.2173,-6.4948,-0.3229,0.3282
30.8101,-0.1517,18.5837,21.4261,18.1635,-0.2411,0.2178
30.8200,-0.1517,18.5837,21.1514,-42.6886,-0.2411,0.2178
30.8304,1.3260,51.0544,20.2560,-98.0475,-0.2411,0.2178
30.8402,1.8533,58.8058,20.2560,-98.0475,0.4174,-0.5063
30.8500,2.8091,45.3781,20.2560,-98.0475,0.4174,-0.5063
30.8600,3.1552,37.7487,20.2560,-98.0475,0.9677,-1.0163
30.8700,3.1552,37.7487,20.2560,-98.0475,0.9677,-1.0163
30.8800,3.4903,34.9411,17.2348,-48.9142,1.5430,-1.5079
30.8900,3.8309,42.7536,15.7406,-79.9811,1.5430,-1.5079
30.9001,4.2923,54.0451,14.8892,-81.5680,1.9510,-2.0825
30.9106,4.9295,68.9377,14.8892,-81.5680,1.9510,-2.0825
30.9200,4.9295,68.9377,14.2245,-69.4220,2.5794,-2.5693
30.9300,6.6654,103.1784,13.6368,-62.0367,2.5794,-2.5693
30.9400,7.7255,106.7184,13.0325,-61.8536,2.7725,-2.7426
30.9504,8.8297,111.9675,12.4008,-61.7926,2.7725,-2.7426
30.9606,8.8297,111.9675,11.0660,-61.4874,3.2905,-3.2495
30.9700,11.1862,113.2492,10.3738,-63.8068,3.2905,-3.2495
30.9801,12.2025,97.6242,10.3738,-63.8068,3.2905,-3.2495
30.9905,13.1253,92.0090,9.6487,-64.7223,3.2905,-3.2495
31.0000,14.9930,92.9245,8.9126,-65.5768,3.5899,-3.5581
31.0103,14.9930,92.9245,8.1051,-68.0182,3.5899,-3.5581
31.0200,15.9378,94.6335,7.3086,-68.6896,4.1144,-4.0156
31.0300,15.9378,94.6335,5.6112,-73.3893,4.1144,-4.0156
31.0400,17.8330,93.5349,5.6112,-73.3893,4.1628,-4.1389
31.0500,19.3601,89.4455,4.7213,-78.2721,4.1628,-4.1389
31.0601,20.2390,88.3469,3.8809,-78.8214,4.0444,-3.9992
31.0706,21.0904,85.8444,3.0459,-79.6149,4.0444,-3.9992
31.0803,21.0904,85.8444,2.1615,-83.8263,3.6016,-3.5691
31.0900,21.9089,81.6940,0.4806,-72.4127,3.6016,-3.5691
31.1001,22.7109,80.4733,-0.2555,-67.1027,3.0324,-3.0744
31.1100,23.5019,80.7785,-0.9476,-63.0743,3.0324,-3.0744
31.1200,25.0510,74.7971,-0.9476,-63.0743,2.7110,-2.6797
31.1301,25.6882,61.3693,-1.6123,-57.7643,2.7110,-2.6797
31.1400,26.1716,47.4533,-2.3593,-62.0978,1.7808,-1.8489
31.1507,26.1716,47.4533,-3.1833,-70.8258,1.7808,-1.8489
31.1600,26.6110,49.2233,-4.4467,-46.1676,1.4659,-1.5140
31.1700,27.3251,86.8820,-4.9246,-36.2189,1.4659,-1.5140
31.1801,28.6490,152.1896,-5.3586,-34.3878,1.4659,-1.5140
31.1900,32.2580,176.1765,-5.3586,-34.3878,1.4659,-1.5140
31.2001,33.8510,153.3493,-5.6662,-21.9977,1.3334,-1.3774
31.2100,35.2737,136.0153,-5.8090,-8.2037,1.3334,-1.3774
31.2205,35.2737,136.0153,-5.8695,-2.7106,0.3337,-0.3916
31.2301,36.4218,105.7419,-6.2375,-25.3546,0.3337,-0.3916
31.2400,37.0590,45.9885,-6.6605,-43.4210,0.0343,0.0348
31.2500,37.0371,-17.3050,-7.1329,-46.7780,-0.1274,0.1055
31.2600,36.4658,-67.5980,-7.1329,-46.7780,-0.1274,0.1055
31.2700,34.3124,-121.7972,-7.5504,-40.1862,-0.1274,0.1055
31.2800,34.3124,-121.7972,-7.9404,-37.6837,-0.5570,0.4837
31.2900,32.5217,-189.9734,-8.3304,-36.7682,-0.5570,0.4837
31.3000,29.8081,-276.7654,-8.5611,7.9095,-0.7581,0.7369
31.3100,26.9022,-281.6483,-8.0777,47.1552,-1.0777,1.0596
31.3201,26.9022,-281.6483,-7.2757,70.5927,-1.0777,1.0596
31.3301,23.3536,-97.3831,-7.2757,70.5927,-1.0777,1.0596
31.3401,24.0292,95.6711,-6.4188,67.2968,-1.5120,1.5018
31.3500,24.0292,95.6711,-5.5234,72.8510,-1.5120,1.5018
31.3600,24.0292,95.6711,-4.7763,51.5497,-1.6483,1.6464
31.3700,24.7928,-27.1927,-4.1446,60.5219,-1.6483,1.6464
31.3800,23.8480,-105.2567,-3.0570,34.8871,-2.0849,2.0161
31.3900,23.8480,-105.2567,-2.4802,42.2723,-2.0849,2.0161
31.4000,21.3815,-52.9495,-2.4802,42.2723,-2.2184,2.2942
31.4100,20.9311,-46.3577,-1.9254,47.5214,-2.2184,2.2942
31.4200,20.3873,-57.5882,-1.4475,44.8358,-2.4233,2.4339
31.4300,20.3873,-57.5882,-1.4475,44.8358,-2.4045,2.4229
31.4400,19.6347,-66.7435,-0.2005,63.1464,-2.4045,2.4229
31.4500,18.9865,-63.1424,1.7166,101.9037,-2.4045,2.4229
31.4600,18.4042,-57.1609,2.9525,114.0497,-2.6433,2.6395
31.4701,17.1848,-62.1658,2.9525,114.0497,-2.6433,2.6395
31.4801,16.5750,-60.5179,4.2489,116.3080,-2.6433,2.6395
31.4900,15.9598,-62.1658,5.5783,121.4349,-2.6433,2.6395
31.5000,15.9598,-62.1658,6.9955,128.6371,-3.2999,3.3093
31.5105,15.2896,-63.7527,8.4402,130.1019,-3.2999,3.3093
31.5201,14.6030,-65.7059,11.1044,116.3080,-3.6575,3.6271
31.5301,14.6030,-65.7059,12.3459,112.2186,-3.6575,3.6271
31.5405,12.6749,-58.3817,12.3459,112.2186,-3.6575,3.6271
31.5500,12.0541,-61.1893,13.5489,108.8617,-3.6599,3.6027
31.5600,12.0541,-61.1893,14.6695,101.6595,-3.6599,3.6027
31.5702,12.0541,-61.1893,15.7242,95.0067,-3.4019,3.3800
31.5803,12.0541,-61.1893,17.4765,84.1425,-3.4019,3.3800
31.5900,10.0766,-68.8797,18.3224,82.6166,-3.3370,3.3324
31.6001,9.3405,-75.0443,19.2782,82.9828,-3.3370,3.3324
31.6101,9.3405,-75.0443,19.2782,82.9828,-3.3370,3.3324
31.6200,7.0169,-78.0960,20.2231,81.3348,-2.9239,2.9622
31.6300,6.2424,-77.4246,20.2231,81.3348,-2.9239,2.9622
31.6401,6.2424,-77.4246,22.0578,74.3158,-2.9239,2.9622
31.6500,5.5118,-73.5184,22.9312,72.9120,-2.9239,2.9622
31.6600,5.5118,-73.5184,23.7991,74.6210,-2.9239,2.9622
31.6700,5.5118,-73.5184,23.7991,74.6210,-2.9239,2.9622
31.6800,5.5118,-73.5184,24.6286,75.8417,-2.4163,2.4876
31.6904,4.8471,-67.6590,26.2326,86.0956,-2.4163,2.4876
31.7000,2.8751,-40.3763,26.2326,86.0956,-2.4163,2.4876
31.7100,2.5070,-35.4324,28.1881,123.3270,-2.4163,2.4876
31.7202,2.1884,-30.6107,31.6269,204.5648,-2.3735,2.2515
31.7300,1.8973,-28.5965,31.6269,204.5648,-2.3735,2.2515
31.7400,1.6116,-28.3524,35.5545,177.8925,-2.0008,2.0118
31.7501,1.3095,-30.3055,35.5545,177.8925,-2.0008,2.0118
31.7603,0.7602,-23.4695,36.8399,115.2094,-1.8339,1.7861
31.7700,0.5295,-23.1644,37.5100,49.4745,-1.8339,1.7861
31.7800,0.5295,-23.1644,37.5815,-34.9371,-1.4612,1.4957
31.7901,0.5295,-23.1644,35.1425,-183.4357,-1.4612,1.4957
31.8000,0.5295,-23.1644,32.6431,-259.5465,-1.2516,1.3298
31.8101,0.0681,-20.1736,32.6431,-259.5465,-1.2516,1.3298
31.8200,-0.1901,-3.2669,29.4076,-325.2203,-0.9029,0.8815
31.8300,-0.1901,-3.2669,29.4076,-325.2203,-0.9029,0.8815
31.8400,-0.0583,14.6164,29.4076,-325.2203,-0.9691,0.9290
31.8500,-0.0583,14.6164,20.5032,-141.3214,-0.9691,0.9290
31.8600,0.1779,25.2365,20.1352,38.1830,-0.6364,0.6015
31.8704,0.1779,25.2365,20.4593,42.8827,-0.6364,0.6015
31.8801,0.4471,26.8845,20.4593,-7.0441,-0.1640,0.0720
31.8900,0.8536,21.2082,20.4593,-7.0441,-0.1640,0.0720
31.9000,1.6721,56.0593,19.7616,-83.7653,0.0282,-0.0671
31.9100,2.2324,57.6462,19.7616,-83.7653,0.0282,-0.0671
31.9203,2.2324,57.6462,17.3776,-120.7526,0.4648,-0.5033
31.9300,2.2324,57.6462,15.7406,-74.2438,0.4648,-0.5033
31.9403,3.2047,47.5143,15.1748,-61.1212,1.1844,-1.0504
31.9500,3.6935,50.0168,14.4552,-66.9806,1.1844,-1.0504
31.9600,4.2099,57.7072,14.4552,-66.9806,1.8410,-1.7922
31.9700,4.8142,68.5104,13.6972,-80.1642,1.8410,-1.7922
31.9800,6.4291,97.5632,13.6972,-80.1642,2.1747,-2.2021
31.9906,6.4291,97.5632,12.0877,-72.8400,2.1747,-2.2021
32.0001,6.4291,97.5632,11.3791,-67.2858,2.1747,-2.2021
32.0100,6.4291,97.5632,10.0497,-68.6896,2.1747,-2.2021
32.0200,6.4291,97.5632,9.3356,-69.9713,2.4670,-2.5705
32.0301,7.4619,103.8498,9.3356,-69.9713,2.4670,-2.5705
32.0401,11.9113,111.6623,8.6050,-69.5441,3.0893,-3.0805
32.0501,13.8559,93.5959,7.8744,-67.7130,3.1358,-3.0915
32.0600,13.8559,93.5959,7.1548,-68.0792,3.1358,-3.0915
32.0705,14.7842,93.2297,5.6772,-73.5724,3.1358,-3.0915
32.0802,15.6796,89.1403,4.8971,-75.0983,3.3144,-3.2910
32.0900,16.5256,83.7082,4.1006,-73.3893,3.6467,-3.5996
32.1000,17.8879,81.3278,4.1006,-73.3893,3.6467,-3.5996
32.1100,18.5306,83.1589,4.1006,-73.3893,3.6467,-3.5996
32.1200,19.1623,83.8303,2.5680,-72.9620,3.8563,-3.8424
32.1300,19.1623,83.8303,1.8319,-75.5255,3.8563,-3.8424
32.1403,19.9973,84.6237,1.1178,-75.4034,4.0965,-4.0315
32.1501,20.8487,87.6755,0.3817,-72.5348,4.0965,-4.0315
32.1600,21.7331,90.1169,-0.8707,-60.2667,4.0965,-4.0315
32.1700,23.5788,96.1594,-0.8707,-60.2667,4.0965,-4.0315
32.1800,24.4907,89.7507,-1.4035,-56.4215,4.0458,-4.0821
32.1900,25.2158,67.0456,-2.0188,-57.0929,4.0458,-4.0821
32.2000,25.2158,67.0456,-2.6670,-57.8253,4.0396,-4.0480
32.2101,25.6607,39.1525,-3.3261,-53.4918,4.0396,-4.0480
32.2201,25.9024,23.8327,-3.9633,-53.3087,3.8300,-3.8192
32.2300,25.9024,23.8327,-4.8752,-36.1578,3.8300,-3.8192
32.2400,26.8308,80.0461,-4.8752,-36.1578,3.8728,-3.7826
32.2500,26.8308,80.0461,-4.8752,-36.1578,3.8728,-3.7826
32.2601,27.8854,118.3151,-4.8752,-36.1578,3.0494,-3.0543
32.2702,30.1706,110.6247,-5.7102,-14.6735,3.0494,-3.0543
32.2802,31.1594,108.6716,-5.7596,-3.6261,3.0324,-2.9652
32.2900,32.1536,100.7980,-5.7047,4.8578,3.0324,-2.9652
32.3000,32.8183,57.9514,-5.6278,-4.1754,2.7796,-2.7566
32.3100,32.3569,-68.8187,-5.6278,-4.1754,2.7796,-2.7566
32.3200,31.2912,-112.8860,-5.6827,-11.4996,2.2861,-2.2637
32.3300,29.9838,-133.0887,-5.6717,4.6136,2.2861,-2.2637
32.3402,29.9838,-133.0887,-5.5234,22.6190,1.9759,-1.9471
32.3500,28.4512,-161.2869,-5.5234,22.6190,1.9759,-1.9471
32.3600,26.2100,-243.9285,-5.4465,11.6937,1.9486,-1.9703
32.3700,23.5349,-265.1688,-4.6006,47.8876,1.9486,-1.9703
32.3800,20.5026,-44.8929,-4.6006,47.8876,1.3193,-1.3329
32.3900,20.9860,69.4870,-4.0018,50.9393,1.3193,-1.3329
32.4000,21.4255,30.2414,-3.4140,46.1176,0.9179,-0.9565
32.4100,21.4255,30.2414,-2.8977,48.6200,0.9179,-0.9565
32.4200,21.1398,-44.2215,-1.4804,60.0336,0.0103,0.0427
32.4300,20.2005,-91.5237,-1.4804,60.0336,0.0103,0.0427
32.4401,19.2667,-89.8148,-0.1456,40.1361,-0.8343,0.7582
32.4504,17.9318,-61.9827,-0.1456,40.1361,-0.8343,0.7582
32.4600,17.2177,-59.2972,0.2939,27.9291,-0.8343,0.7582
32.4701,16.5036,-50.2029,0.6619,25.9760,-0.8343,0.7582
32.4803,16.5036,-50.2029,0.9860,27.8070,-1.5111,1.5250
32.4900,15.9158,-52.4002,1.3321,32.2626,-1.5111,1.5250
32.5000,15.3500,-57.8934,1.8539,45.8734,-1.7794,1.7721
32.5100,14.7458,-61.1893,3.5843,83.3490,-2.0483,2.0795
32.5200,13.4769,-62.4710,3.5843,83.3490,-2.0483,2.0795
32.5300,12.8616,-57.8934,4.6774,93.7250,-2.0483,2.0795
32.5400,12.2574,-61.0062,4.6774,93.7250,-2.3618,2.4016
32.5500,12.2574,-61.0062,6.9571,102.9413,-2.3618,2.4016
32.5600,11.5927,-67.4149,9.5059,114.5380,-2.7664,2.7706
32.5700,10.8896,-69.7952,10.6650,105.6879,-2.7805,2.7456
32.5800,10.1810,-70.4666,11.7801,101.1713,-2.7805,2.7456
32.5905,8.8022,-67.2928,11.7801,101.1713,-3.1297,3.0634
32.6006,8.8022,-67.2928,12.8787,99.1571,-3.1297,3.0634
32.6104,7.4838,-68.2083,13.9224,94.3353,-3.0917,3.1665
32.6200,7.4838,-68.2083,14.9112,89.7577,-3.0917,3.1665
32.6301,6.8027,-70.5887,16.4987,86.3397,-3.0917,3.1665
32.6400,6.8027,-70.5887,17.4655,87.2552,-3.2787,3.2293
32.6500,6.8027,-70.5887,18.4213,86.5228,-3.2787,3.2293
32.6601,3.7430,-76.9363,18.4213,86.5228,-3.2787,3.2293
32.6701,3.0563,-69.6121,18.4213,86.5228,-3.2787,3.2293
32.6805,2.4356,-63.2034,20.3329,87.0721,-3.1640,3.1958
32.6900,2.4356,-63.2034,21.2723,85.1801,-3.1640,3.1958
32.7000,2.4356,-63.2034,22.9861,78.0389,-2.8731,2.8194
32.7100,1.3425,-55.3299,23.8925,89.0863,-2.8731,2.8194
32.7202,0.8261,-55.8182,24.8977,100.8661,-2.4684,2.4187
32.7300,-0.1462,-50.7523,24.8977,100.8661,-2.4684,2.4187
32.7400,-0.5142,-41.0477,25.9195,104.6503,-2.2471,2.2326
32.7500,-0.7394,-27.6810,26.9742,113.5614,-2.2471,2.2326
32.7602,-0.7394,-27.6810,28.1772,132.1771,-2.0873,2.0868
32.7700,-0.9262,-13.3377,31.2863,178.1366,-2.0873,2.0868
32.7801,-0.9262,-13.3377,32.9287,166.9061,-1.8316,1.9056
32.7900,-0.8768,11.6257,34.2251,121.9843,-1.8316,1.9056
32.8000,-0.7614,-0.0931,34.2251,121.9843,-1.8316,1.9056
32.8100,-0.7614,-0.0931,35.0107,61.8036,-1.8316,1.9056
32.8200,-1.2942,-43.4280,35.1205,-13.6969,-1.5938,1.6555
32.8300,-1.2942,-43.4280,34.3240,-104.9445,-1.5938,1.6555
32.8401,-1.8600,-58.4427,30.2261,-236.4142,-1.5073,1.5738
32.8501,-1.8600,-58.4427,27.4191,-271.4484,-1.3809,1.4048
32.8600,-3.0026,-50.1419,24.2715,-303.9801,-1.3809,1.4048
32.8705,-3.3816,-33.2352,24.2715,-303.9801,-1.3809,1.4048
32.8800,-3.5959,4.3625,21.5689,-223.1696,-1.1820,1.1425
32.8900,-3.5959,4.3625,19.9319,-124.2316,-1.0035,1.0059
32.9001,-3.5959,4.3625,19.1244,-61.2433,-1.0035,1.0059
32.9100,-2.8433,50.2609,19.1848,44.1034,-1.0035,1.0059
32.9201,-2.3874,42.1432,19.4430,13.8910,-0.8883,0.8290
32.9300,-2.0633,32.4997,18.9761,-62.8912,-0.6838,0.7015
32.9401,-1.7502,35.9177,18.9761,-62.8912,-0.6838,0.7015
32.9500,-0.9262,52.1530,18.0807,-93.7140,-0.6838,0.7015
32.9600,-0.4263,55.7541,17.1853,-87.4274,-0.0306,-0.0506
32.9700,-0.4263,55.7541,17.1853,-87.4274,-0.0306,-0.0506
32.9800,0.0681,54.1672,15.2353,-55.0787,0.8244,-0.7430
32.9900,0.6119,56.5475,14.5376,-61.2433,0.8244,-0.7430
33.0000,1.2106,67.2897,13.7741,-77.1124,1.0552,-1.0486
33.0100,2.9300,103.4225,13.7741,-77.1124,1.0552,-1.0486
33.0200,4.0396,114.2258,13.7741,-77.1124,1.4814,-1.4969
33.0301,5.2097,118.4982,13.7741,-77.1124,1.4814,-1.4969
33.0400,5.2097,118.4982,13.7741,-77.1124,1.7691,-1.8105
33.0500,5.2097,118.4982,12.8567,-81.2018,1.7691,-1.8105
33.0600,7.7091,123.8693,12.0712,-74.0607,2.3547,-2.3662
33.0700,8.8901,115.8737,10.7089,-64.2950,2.3547,-2.3662
33.0800,10.9775,95.6711,8.5336,-64.8444,2.3547,-2.3662
33.0900,11.8619,85.6613,7.7865,-68.3844,2.3547,-2.3662
33.1000,12.6968,82.6096,7.7865,-68.3844,2.6268,-2.6200
33.1102,12.6968,82.6096,6.2210,-68.6285,2.6268,-2.6200
33.1202,13.5098,80.9006,5.4629,-69.2389,2.8125,-2.7578
33.1301,14.3283,81.6330,3.7765,-77.1735,2.8125,-2.7578
33.1400,15.1633,83.4030,3.7765,-77.1735,3.1546,-3.0897
33.1500,16.6739,83.0978,2.8976,-78.0890,3.1546,-3.0897
33.1600,17.5034,83.4641,2.0627,-74.9152,3.3638,-3.3739
33.1700,18.3273,83.7082,2.0627,-74.9152,3.3638,-3.3739
33.1800,18.3273,83.7082,0.4422,-78.7604,4.0848,-4.1016
33.1900,19.1623,84.1354,-0.3928,-79.8590,4.0848,-4.1016
33.2000,20.0028,86.3937,-1.8924,-68.8116,4.1214,-4.2249
33.2100,20.8872,90.7883,-1.8924,-68.8116,4.1214,-4.2249
33.2200,22.7823,98.7228,-1.8924,-68.8116,4.1675,-4.1834
33.2301,23.7326,95.3049,-3.2437,-63.8068,4.1675,-4.1834
33.2400,24.5511,79.1916,-3.8645,-60.2057,3.9320,-3.8778
33.2500,24.5511,79.1916,-4.4138,-54.8956,3.9320,-3.8778
33.2600,25.1608,58.3176,-5.2927,-42.1393,3.5476,-3.4648
33.2702,25.6003,44.4626,-5.6607,-42.2003,3.5476,-3.4648
33.2801,26.0288,49.0402,-5.9848,-38.7213,3.3972,-3.3849
33.2901,27.5888,105.4367,-5.9848,-38.7213,3.2632,-3.1909
33.3000,28.7863,124.7849,-6.3364,-28.8336,3.2632,-3.1909
33.3101,30.0552,133.3298,-6.6385,-25.7208,3.2632,-3.1909
33.3200,30.0552,133.3298,-6.9297,-22.6080,2.9981,-3.0067
33.3300,31.3791,137.0529,-7.1933,-17.9083,2.9981,-3.0067
33.3400,32.5601,110.6247,-7.5833,-16.6266,2.9981,-3.0067
33.3501,32.5601,110.6247,-7.6383,-1.9171,2.9981,-3.0067
33.3600,32.8293,-87.6785,-7.6383,-1.9171,2.7011,-2.7444
33.3701,31.5878,-133.1497,-7.5943,10.3510,2.7011,-2.7444
33.3801,30.0388,-161.3480,-7.5943,10.3510,2.7011,-2.7444
33.3900,30.0388,-161.3480,-7.9404,-23.2184,2.4468,-2.4955
33.4000,30.0388,-161.3480,-8.2315,3.5150,2.4468,-2.4955
33.4104,25.6168,-255.7693,-8.0338,23.9618,2.4468,-2.4955
33.4201,23.3701,-211.3358,-7.6877,36.0468,2.2551,-2.3021
33.4300,20.7828,-72.7859,-7.6877,36.0468,2.2790,-2.2619
33.4400,20.5960,0.0290,-7.2263,44.2255,2.2790,-2.2619
33.4500,20.9915,51.5427,-6.6330,52.2821,2.2790,-2.2619
33.4600,20.9915,51.5427,-5.9189,56.7377,1.6953,-1.7641
33.4700,21.2607,12.9074,-4.4138,53.6859,1.3865,-1.3127
33.4800,20.7169,-73.4573,-4.4138,53.6859,1.3865,-1.3127
33.4900,19.6182,-114.5340,-4.4138,53.6859,1.3865,-1.3127
33.5000,17.9648,-60.2737,-2.8153,61.4374,0.8601,-0.8625
33.5100,17.9648,-60.2737,-2.0298,55.8832,0.8601,-0.8625
33.5200,16.8552,-56.8558,-2.0298,55.8832,0.2825,-0.1964
33.5300,16.8552,-56.8558,-2.0298,55.8832,0.2294,-0.2501
33.5400,16.2729,-57.9544,0.3927,46.4227,0.2294,-0.2501
33.5500,16.2729,-57.9544,0.3927,46.4227,0.2294,-0.2501
33.5601,14.9435,-65.6448,0.3927,46.4227,-0.7158,0.7125
33.5700,13.7790,-51.1795,0.3927,46.4227,-0.7158,0.7125
33.5800,13.7790,-51.1795,1.0354,60.2777,-1.1407,1.1285
33.5900,12.6199,-61.8607,3.0075,104.1620,-1.1407,1.1285
33.6000,12.6199,-61.8607,5.5618,126.8671,-1.0660,1.0980
33.6104,11.9388,-64.6683,5.5618,126.8671,-1.0660,1.0980
33.6205,11.9388,-64.6683,7.0065,136.3885,-1.4434,1.4420
33.6301,10.4996,-70.0394,11.0879,113.8666,-1.4434,1.4420
33.6400,9.1318,-64.7903,11.0879,113.8666,-1.7512,1.7385
33.6501,8.4671,-66.1942,12.3019,107.3969,-2.1832,2.1899
33.6600,7.7914,-66.7435,13.4390,99.0350,-2.1832,2.1899
33.6700,7.7914,-66.7435,14.4937,92.1991,-2.8327,2.8762
33.6800,7.1597,-63.6917,16.4108,85.9735,-2.8327,2.8762
33.6900,6.5445,-63.2645,17.1359,80.3583,-2.8327,2.8762
33.7000,5.8908,-68.0862,18.0148,75.5975,-3.4503,3.4691
33.7100,4.4791,-74.3729,18.0148,75.5975,-3.3417,3.3568
33.7200,3.7759,-72.7249,18.8827,74.9261,-3.3417,3.3568
33.7302,3.1223,-69.0628,19.7671,77.4286,-3.3417,3.3568
33.7400,3.1223,-69.0628,20.6460,77.0013,-3.1382,3.1238
33.7500,2.5235,-65.2176,22.2995,68.7006,-3.1382,3.1238
33.7600,1.9632,-62.1658,23.0795,66.3202,-2.8139,2.7627
33.7700,1.4523,-56.8558,23.0795,66.3202,-2.8139,2.7627
33.7800,0.9525,-52.7664,23.0795,66.3202,-2.2908,2.3418
33.7900,0.0790,-44.0384,24.5297,70.6537,-2.2908,2.3418
33.8001,0.0790,-44.0384,25.2383,74.0106,-2.2128,2.1820
33.8100,-0.2615,-37.6297,25.9799,85.1190,-2.2128,2.1820
33.8200,-0.6076,-33.2962,26.8973,112.0355,-1.8979,2.0161
33.8306,-0.9262,-30.3665,29.9624,195.2264,-1.8979,2.0161
33.8400,-0.9262,-30.3665,32.0608,217.8094,-1.5961,1.7092
33.8501,-1.1954,-25.4837,32.0608,217.8094,-1.5961,1.7092
33.8600,-1.7667,-17.9764,34.1372,200.0482,-1.3108,1.3469
33.8700,-1.9589,-18.3426,35.7193,140.8441,-1.3108,1.3469
33.8800,-1.9589,-18.3426,36.5378,57.8973,-1.1534,1.0565
33.8900,-2.1677,-21.0281,35.4007,-120.6305,-1.1534,1.0565
33.9000,-2.4094,-24.0799,33.6703,-182.8253,-0.8577,0.8595
33.9103,-2.4094,-24.0799,31.2918,-236.1700,-0.8577,0.8595
33.9200,-2.8928,-22.3099,31.2918,-236.1700,-0.4742,0.5051
33.9303,-3.1070,-2.9007,28.1881,-299.0973,-0.4742,0.5051
33.9401,-3.1070,-2.9007,24.4803,-350.1837,0.2139,-0.2715
33.9504,-3.1070,-2.9007,21.3876,-248.2550,0.2139,-0.2715
33.9600,-2.9532,12.1750,19.4375,-20.3497,0.8413,-0.7814
33.9701,-2.9532,12.1750,19.4375,-20.3497,0.8413,-0.7814
33.9800,-2.9532,12.1750,19.6463,10.9003,1.3179,-1.3865
33.9905,-2.7664,20.3537,19.6463,10.9003,1.3179,-1.3865
34.0001,-2.5192,25.3586,19.4320,-33.0450,1.3179,-1.3865
34.0100,-1.0910,52.7634,19.4320,-33.0450,1.3179,-1.3865
34.0200,-1.0910,52.7634,17.7292,-101.7706,1.6553,-1.6202
34.0301,-1.0910,52.7634,16.7349,-93.5919,1.6553,-1.6202
34.0400,-0.0693,52.0309,16.7349,-93.5919,1.9416,-1.9148
34.0500,0.4086,49.8947,15.2902,-71.8634,1.9416,-1.9148
34.0600,1.4139,53.0075,14.5981,-68.6285,2.3477,-2.4693
34.0700,1.9522,59.7214,13.6807,-73.2672,2.3477,-2.4693
34.0800,2.5949,73.3932,12.8402,-79.4318,2.8139,-2.8274
34.0900,2.5949,73.3932,12.8402,-79.4318,2.8139,-2.8274
34.1000,3.4628,95.1828,11.3022,-69.1779,3.0033,-3.0207
34.1100,4.5120,106.2302,10.5990,-67.9572,3.0033,-3.0207
34.1200,5.6381,114.8972,9.1708,-69.1168,3.1664,-3.1744
34.1300,8.0331,117.7048,9.1708,-69.1168,3.1664,-3.1744
34.1400,9.1757,113.1882,9.1708,-69.1168,3.4634,-3.4740
34.1500,10.2799,109.0988,9.1708,-69.1168,3.4634,-3.4740
34.1600,10.2799,109.0988,9.1708,-69.1168,3.7027,-3.6106
34.1700,11.3181,101.3474,5.2871,-70.8868,3.7027,-3.6106
34.1800,12.3013,97.6852,4.4851,-72.2296,3.7417,-3.6905
34.1900,12.3013,97.6852,4.4851,-72.2296,3.7417,-3.6905
34.2003,15.0754,87.0651,4.4851,-72.2296,3.7417,-3.6905
34.2101,15.9268,85.0510,4.4851,-72.2296,3.7417,-3.6905
34.2203,16.6904,83.0368,4.4851,-72.2296,3.7417,-3.6905
34.2300,16.6904,83.0368,1.2442,-72.8400,3.7417,-3.6905
34.2401,17.4320,82.3654,-0.3598,-77.2955,3.7191,-3.6997
34.2500,17.4320,82.3654,-0.3598,-77.2955,3.7191,-3.6997
34.2603,19.0579,81.4499,-0.3598,-77.2955,3.4066,-3.4630
34.2700,20.6949,84.6848,-1.8979,-73.2672,3.4066,-3.4630
34.2800,21.5518,87.3093,-2.5626,-67.4689,3.0799,-3.0512
34.2900,22.4362,91.0934,-3.2053,-63.4406,3.0799,-3.0512
34.3000,22.4362,91.0934,-3.8480,-61.4874,2.7260,-2.7749
34.3100,23.3371,90.7883,-4.4522,-59.1681,2.7429,-2.8194
34.3200,24.1446,77.7878,-4.4522,-59.1681,2.7429,-2.8194
34.3300,24.1446,77.7878,-5.3751,-42.4445,2.7429,-2.8194
34.3404,25.8255,65.7028,-5.7321,-40.2472,2.5122,-2.5785
34.3500,26.6824,99.2111,-5.7321,-40.2472,2.5122,-2.5785
34.3602,27.9569,142.5461,-6.3419,-30.9088,2.3439,-2.2960
34.3707,27.9569,142.5461,-6.5341,-11.5607,2.3439,-2.2960
34.3800,29.5554,167.8757,-6.7649,-10.7062,2.0172,-2.0008
34.3900,31.1099,154.2038,-6.9077,-12.9034,2.0172,-2.0008
34.4000,32.4173,126.8600,-7.0450,-15.8331,1.5284,-1.5909
34.4100,33.9224,46.7209,-7.0450,-15.8331,1.5284,-1.5909
34.4202,33.8455,-27.4368,-7.1659,-13.0865,1.5284,-1.5909
34.4300,32.9666,-105.7449,-7.2043,-4.6637,1.5284,-1.5909
34.4402,32.9666,-105.7449,-7.2098,-1.4899,1.2516,-1.3390
34.4500,31.3571,-177.3392,-7.1823,3.5760,1.2314,-1.3097
34.4600,29.0445,-258.0276,-7.0450,17.7362,1.2314,-1.3097
34.4703,26.1551,-287.4466,-6.7484,34.1547,1.2314,-1.3097
34.4801,23.5568,-243.1351,-6.3748,37.0233,1.2314,-1.3097
34.4902,21.3046,-36.6531,-6.3748,37.0233,1.2314,-1.3097
34.5001,21.3651,17.6071,-6.3748,37.0233,0.6589,-0.6680
34.5101,21.3651,17.6071,-5.0125,52.0990,0.6589,-0.6680
34.5200,21.7496,43.4860,-3.6283,47.7045,-0.0343,0.1043
34.5300,21.9693,10.4050,-3.1394,36.6571,-0.0343,0.1043
34.5404,21.5079,-64.1190,-2.5131,43.0658,-0.4366,0.4172
34.5500,19.5358,-90.7913,-2.5131,43.0658,-0.4366,0.4172
34.5600,18.8382,-62.3489,-1.7990,46.3617,-0.7783,0.7924
34.5700,18.3933,-39.4608,-1.1289,44.2255,-0.8197,0.7491
34.5800,18.3933,-39.4608,-0.5191,43.7372,-0.8197,0.7491
34.5904,18.0362,-35.9818,-0.0138,42.8217,-0.8197,0.7491
34.6000,17.5748,-50.0809,0.4806,47.5214,-1.3560,1.3914
34.6100,16.9705,-63.2034,2.0736,94.3964,-1.3560,1.3914
34.6200,15.7675,-54.1702,2.0736,94.3964,-1.8621,1.9288
34.6304,15.2402,-52.3392,3.2492,111.5472,-1.8621,1.9288
34.6400,14.6909,-56.1234,4.5511,120.2753,-2.4896,2.5321
34.6502,14.6909,-56.1234,4.5511,120.2753,-2.4896,2.5321
34.6600,14.0756,-62.8372,8.7643,134.4354,-2.5342,2.5108
34.6700,13.4000,-67.9031,10.1101,125.8905,-2.5342,2.5108
34.6801,12.6749,-67.5369,11.3571,116.0638,-3.0089,2.9884
34.6901,11.2796,-66.3773,11.3571,116.0638,-3.0409,3.0116
34.7001,11.2796,-66.3773,12.5436,108.1903,-3.0409,3.0116
34.7100,9.9338,-64.9124,13.6807,102.3309,-3.0409,3.0116
34.7201,9.9338,-64.9124,14.7464,95.2509,-3.0447,3.0854
34.7302,9.2471,-68.7576,15.7351,88.7201,-3.2092,3.2617
34.7401,8.5440,-70.4056,17.4051,83.2880,-3.2092,3.2617
34.7500,8.5440,-70.4056,18.3224,84.3866,-3.2092,3.2617
34.7600,6.5280,-67.5369,18.3224,84.3866,-3.0964,3.0988
34.7700,6.5280,-67.5369,19.2563,86.5839,-3.0964,3.0988
34.7806,5.1877,-70.2225,20.1791,85.3632,-2.6574,2.5400
34.7902,5.1877,-70.2225,21.0855,81.7010,-2.6574,2.5400
34.8000,4.5010,-68.3914,22.8323,77.4286,-2.3712,2.3369
34.8100,3.8748,-58.7479,23.6728,75.0482,-2.3712,2.3369
34.8201,3.3530,-48.3109,24.4803,74.5599,-2.0586,2.0148
34.8303,2.9080,-41.0477,24.4803,74.5599,-2.1037,2.0380
34.8401,2.9080,-41.0477,25.2493,78.7103,-2.1037,2.0380
34.8500,2.9080,-41.0477,25.9469,77.3065,-2.1037,2.0380
34.8604,2.5290,-19.2581,26.6391,77.5507,-1.7841,1.7995
34.8700,2.1115,-43.1229,28.8638,140.1117,-1.7841,1.7995
34.8800,2.1115,-43.1229,30.6601,188.6346,-1.5595,1.5159
34.8902,1.2326,-66.7435,32.8079,217.3822,-1.5595,1.5159
34.9000,0.5240,-71.5652,32.8079,217.3822,-1.2883,1.2670
34.9106,0.5240,-71.5652,32.8079,217.3822,-1.2883,1.2670
34.9200,-0.1297,-62.1048,36.6202,154.0887,-0.9583,0.9858
34.9300,-0.9592,-29.1458,37.6968,87.8656,-0.9583,0.9858
34.9400,-0.9592,-29.1458,37.5430,-76.4410,-0.7830,0.7875
34.9500,-1.2503,-8.9432,36.3235,-141.0162,-0.7830,0.7875
34.9600,-1.2503,-8.9432,34.3405,-211.3287,-0.7830,0.7875
34.9700,-1.2942,0.1511,34.3405,-211.3287,-0.7830,0.7875
34.9800,-1.2942,0.1511,31.6433,-280.5426,-0.3041,0.2684
34.9904,-1.2942,0.1511,28.0563,-346.8268,0.0686,-0.2672
35.0000,-1.2723,1.3718,24.3045,-330.9576,0.0686,-0.2672
35.0101,-1.2173,-0.2151,21.9644,-176.9049,0.0686,-0.2672
35.0207,-1.2173,-0.2151,21.0635,-63.5626,0.9015,-0.9028
35.0300,-1.2173,-0.2151,20.8767,-7.8986,0.9015,-0.9028
35.0400,-1.2064,0.6393,20.8548,7.2382,1.1774,-1.2163
35.0500,-0.6900,23.9548,20.8658,8.2758,1.1774,-1.2163
35.0604,0.3812,54.6555,20.6350,-32.3126,1.4185,-1.3865
35.0703,0.3812,54.6555,19.8330,-91.4557,1.4185,-1.3865
35.0804,0.8865,56.2424,17.6632,-95.8502,1.6741,-1.6586
35.0902,1.4194,58.6838,16.9162,-71.9244,1.6741,-1.6586
35.1000,1.4194,58.6838,16.9162,-71.9244,2.0835,-2.0301
35.1100,2.8641,48.3078,16.3614,-57.0929,2.3331,-2.3217
35.1200,3.3475,51.7258,15.7681,-53.9801,2.3331,-2.3217
35.1301,3.3475,51.7258,15.1474,-69.7272,2.3331,-2.3217
35.1400,3.9902,71.1349,15.1474,-69.7272,2.7251,-2.6999
35.1500,4.8691,93.4738,12.8183,-70.6427,2.7086,-2.7029
35.1600,4.8691,93.4738,12.8183,-70.6427,2.7086,-2.7029
35.1700,6.9949,111.3571,11.5384,-64.7833,2.7086,-2.7029
35.1800,9.4394,125.7614,11.5384,-64.7833,2.7086,-2.7029
35.1900,9.4394,125.7614,10.8407,-66.4313,2.7086,-2.7029
35.2002,9.4394,125.7614,10.1211,-64.9054,2.9333,-2.9683
35.2100,11.7795,107.1457,9.4125,-65.1495,2.9333,-2.9683
35.2204,11.7795,107.1457,7.8579,-73.1451,3.1650,-3.1909
35.2300,13.6801,90.7272,7.8579,-73.1451,3.1650,-3.1909
35.2403,13.6801,90.7272,7.8579,-73.1451,3.3191,-3.2928
35.2500,16.3608,88.2248,7.8579,-73.1451,3.3191,-3.2928
35.2600,17.0639,85.2951,5.3586,-77.2955,3.3191,-3.2928
35.2701,17.0639,85.2951,4.5620,-77.6007,3.3191,-3.2928
35.2804,17.7011,80.0461,3.7326,-82.0563,3.9602,-3.9052
35.2901,18.4647,76.5060,2.0517,-83.0939,3.9602,-3.9052
35.3000,19.2227,77.7878,1.2277,-81.2018,3.9640,-3.8881
35.3101,20.0028,79.9240,0.4092,-81.1407,3.9640,-3.8881
35.3200,20.7938,80.1682,0.4092,-81.1407,3.5725,-3.5783
35.3312,21.5848,81.6940,-0.3488,-77.2955,3.4080,-3.5167
35.3400,23.3206,92.3752,-1.0190,-68.8116,3.4080,-3.5167
35.3502,23.3206,92.3752,-1.6892,-65.5768,3.4080,-3.5167
35.3600,24.2380,94.6335,-2.9581,-64.4171,3.1579,-3.2190
35.3702,25.1224,88.3469,-3.4799,-56.9098,2.8021,-2.8902
35.3803,25.8695,74.5529,-3.9249,-50.7452,2.8021,-2.8902
35.3900,26.4682,60.8810,-3.9249,-50.7452,2.8021,-2.8902
35.4001,27.7261,87.7365,-4.3534,-45.3741,2.7284,-2.7670
35.4100,28.8962,134.0012,-4.7104,-28.2843,2.7284,-2.7670
35.4200,28.8962,134.0012,-4.9686,-16.4435,2.2518,-2.2064
35.4300,30.4288,164.4577,-5.2378,-21.3263,2.1357,-2.1911
35.4401,32.0493,164.0915,-5.6443,-11.8658,2.1357,-2.1911
35.4501,33.5599,150.1144,-5.7267,-5.7013,2.1357,-2.1911
35.4600,35.6473,64.2380,-5.7267,-5.7013,1.7240,-1.7306
35.4700,35.7297,-10.0418,-5.8255,-13.2697,1.4246,-1.3298
35.4800,34.9826,-96.0403,-5.8255,-13.2697,1.4246,-1.3298
35.4901,34.9826,-96.0403,-6.1606,-15.2228,1.4246,-1.3298
35.5001,33.6038,-160.5545,-6.4792,-12.8424,1.2634,-1.3530
35.5100,31.3901,-237.4588,-6.5012,1.7450,0.9926,-0.9839
35.5200,28.5336,-288.1180,-6.2430,30.1874,0.9926,-0.9839
35.5300,25.7047,-271.1502,-6.2430,30.1874,0.9926,-0.9839
35.5401,23.5239,-197.3587,-5.6717,57.0428,0.1678,-0.1165
35.5500,22.2165,1.3718,-4.8258,78.2220,0.1678,-0.1165
35.5600,22.2165,1.3718,-4.8258,78.2220,-0.2411,0.2898
35.5700,22.5681,43.1808,-2.8867,57.9584,-0.3751,0.3806
35.5800,22.8427,20.3537,-1.3541,64.9774,-0.3751,0.3806
35.5902,22.5571,-43.6111,-0.6839,47.7655,-0.3751,0.3806
35.6000,20.7333,-97.6273,-0.6839,47.7655,-0.5889,0.6015
35.6100,19.8819,-80.5374,-0.6839,47.7655,-0.8234,0.8705
35.6200,19.1568,-70.1614,-0.6839,47.7655,-0.8234,0.8705
35.6300,19.1568,-70.1614,-0.6839,47.7655,-0.8234,0.8705
35.6400,18.5196,-60.8231,-0.0907,38.8544,-1.2469,1.2298
35.6500,17.9428,-57.4051,2.5296,43.3099,-1.2469,1.2298
35.6601,17.3605,-58.0154,3.1064,54.2963,-1.9181,1.9239
35.6700,16.1795,-53.0716,3.1064,54.2963,-1.9181,1.9239
35.6800,15.6082,-51.4236,3.8424,70.0433,-2.1404,2.1899
35.6900,15.0809,-52.7054,3.8424,70.0433,-2.3110,2.3247
35.7000,15.0809,-52.7054,5.9134,102.3920,-2.3110,2.3247
35.7100,14.5535,-50.0198,8.2095,111.3641,-2.3110,2.3247
35.7200,14.5535,-50.0198,9.4729,123.1439,-2.5286,2.5413
35.7300,14.5535,-50.0198,9.4729,123.1439,-2.5286,2.5413
35.7402,12.2629,-65.7059,10.8352,128.6981,-2.9286,2.9237
35.7500,11.5982,-65.5838,10.8352,128.6981,-2.9286,2.9237
35.7600,10.9500,-63.4476,13.3951,116.9183,-3.0658,3.0665
35.7700,10.9500,-63.4476,14.5596,109.4720,-3.0658,3.0665
35.7801,10.3128,-63.6307,16.6140,92.2601,-3.4503,3.5600
35.7901,9.6646,-65.4007,17.5039,83.7762,-3.4503,3.5600
35.8000,9.0054,-65.8890,18.1466,78.8324,-3.5109,3.5093
35.8101,9.0054,-65.8890,18.1466,78.8324,-3.6044,3.5508
35.8200,8.3408,-66.5604,18.1466,78.8324,-3.6044,3.5508
35.8302,6.2369,-70.5276,19.6792,76.5741,-3.6044,3.5508
35.8400,6.2369,-70.5276,19.6792,76.5741,-3.4446,3.3751
35.8500,6.2369,-70.5276,22.0523,69.4940,-3.3760,3.3215
35.8604,4.8416,-68.0252,22.8323,69.0668,-3.3760,3.3215
35.8700,4.1934,-65.0955,23.5849,67.7850,-2.9309,2.8103
35.8800,4.1934,-65.0955,23.5849,67.7850,-2.9309,2.8103
35.8901,3.5892,-61.5555,24.3319,72.0575,-2.9309,2.8103
35.9000,2.1939,-45.7474,25.1285,83.0438,-2.9309,2.8103
35.9100,2.1939,-45.7474,26.0568,101.7206,-2.9309,2.8103
35.9201,1.8643,-41.4749,28.5837,153.6615,-2.4717,2.4522
35.9302,1.4853,-34.0286,28.5837,153.6615,-2.4717,2.4522
35.9400,1.2051,-24.5071,32.0553,192.6630,-2.4717,2.4522
35.9501,1.0074,-16.6336,32.0553,192.6630,-2.4717,2.4522
35.9600,0.8591,-13.5208,33.8351,179.1132,-2.4022,2.5352
35.9701,0.7327,-10.8963,35.2139,125.5243,-2.4022,2.5352
35.9801,0.6174,-9.7977,35.9610,55.7611,-2.1902,2.2546
35.9901,0.4800,-12.1780,35.5655,-72.4738,-2.1902,2.2546
36.0000,0.4800,-12.1780,35.5655,-72.4738,-1.8753,1.9038
36.0100,0.4800,-12.1780,32.8738,-177.5763,-1.8753,1.9038
36.0204,-0.3000,-35.0662,32.8738,-177.5763,-1.6046,1.6232
36.0300,-0.9701,-24.6292,30.6106,-221.8268,-1.4246,1.3743
36.0401,-0.9701,-24.6292,27.6333,-286.7682,-1.4246,1.3743
36.0507,-1.0525,-2.5955,24.1726,-311.5485,-1.4246,1.3743
36.0600,-0.8823,22.6120,20.2670,-86.3287,-1.1393,1.0962
36.0702,-0.4867,43.7912,19.8825,-8.0817,-1.1393,1.0962
36.0800,0.0131,50.2609,19.8221,7.4823,-0.9442,0.9717
36.0901,0.4855,45.8664,19.8221,7.4823,-0.9442,0.9717
36.1000,0.9305,47.3312,19.7012,-12.2931,-0.9442,0.9717
36.1100,2.1225,67.9611,19.2013,-58.0084,-0.9442,0.9717
36.1200,2.1225,67.9611,18.2730,-101.9537,-0.4023,0.4130
36.1301,2.7377,63.3224,16.2625,-96.8878,-0.4023,0.4130
36.1400,2.7377,63.3224,15.6747,-71.9855,-0.1669,0.1238
36.1500,3.7155,45.1340,15.0760,-69.4220,-0.1669,0.1238
36.1600,4.0891,39.5187,15.0760,-69.4220,-0.1170,0.0580
36.1701,4.8526,46.1105,14.3509,-72.2296,-0.1170,0.0580
36.1800,5.3415,59.1110,13.4939,-77.0514,0.3346,-0.4789
36.1900,5.3415,59.1110,12.6974,-72.6569,0.3346,-0.4789
36.2001,5.3415,59.1110,11.4120,-60.3888,0.7821,-0.8247
36.2100,5.3415,59.1110,10.7913,-63.3185,0.7821,-0.8247
36.2204,5.3415,59.1110,10.1596,-65.6378,1.4683,-1.4463
36.2300,10.2359,128.8132,10.1596,-65.6378,1.4683,-1.4463
36.2400,10.2359,128.8132,10.1596,-65.6378,2.1888,-2.2222
36.2500,10.2359,128.8132,8.8302,-70.2155,2.1888,-2.2222
36.2600,12.5485,105.3146,8.1216,-72.1686,2.6503,-2.6383
36.2700,12.5485,105.3146,6.6769,-70.5206,2.6503,-2.6383
36.2800,14.5096,96.3425,5.9024,-69.4220,3.0564,-3.0470
36.2900,15.4324,91.5817,5.1333,-69.2389,3.0564,-3.0470
36.3000,17.0474,82.1823,5.1333,-69.2389,3.0917,-3.0653
36.3100,17.8604,81.6330,4.3588,-70.0934,3.0917,-3.0653
36.3201,18.5800,81.2057,4.3588,-70.0934,3.0917,-3.0653
36.3300,18.5800,81.2057,2.7054,-76.6241,3.0917,-3.0653
36.3400,19.3820,81.0226,1.1178,-75.5865,3.4954,-3.5472
36.3506,20.1895,82.4265,0.3982,-72.0465,3.4954,-3.5472
36.3601,21.0245,84.5016,-0.3159,-69.1168,3.4954,-3.5472
36.3700,21.8869,87.9807,-0.3159,-69.1168,3.4954,-3.5472
36.3800,23.7051,95.4880,-1.0245,-67.4078,3.8032,-3.8534
36.3900,24.7214,104.5822,-1.7331,-62.8302,3.8032,-3.8534
36.4000,24.7214,104.5822,-1.7331,-62.8302,3.9438,-3.9607
36.4100,25.7596,102.7512,-3.5074,-50.6232,3.9438,-3.9607
36.4200,26.6385,83.0368,-4.0293,-48.7921,3.8112,-3.8119
36.4300,27.2757,60.9421,-4.0293,-48.7921,3.5485,-3.5258
36.4400,28.7534,102.6901,-4.3643,-37.5006,3.5485,-3.5258
36.4500,30.0003,138.5178,-4.3643,-37.5006,3.4456,-3.4075
36.4600,31.4121,143.9499,-4.9411,-21.4484,3.4456,-3.4075
36.4701,31.4121,143.9499,-5.0894,-13.6359,3.4456,-3.4075
36.4805,32.6810,127.0432,-5.2597,-9.7296,2.8444,-2.8011
36.4900,32.6810,127.0432,-5.3311,-9.1193,2.8444,-2.8011
36.5000,34.4003,63.4445,-5.3311,-9.1193,2.2884,-2.3021
36.5101,34.6365,-26.5823,-5.3916,-10.2789,2.2884,-2.3021
36.5200,33.9389,-80.7205,-5.4959,-12.7814,2.1239,-2.1039
36.5300,32.8458,-115.4495,-5.6113,-10.4010,2.1239,-2.1039
36.5400,32.8458,-115.4495,-5.6827,-7.6544,1.7902,-1.7861
36.5500,31.0825,-198.3353,-5.4080,20.6049,1.7902,-1.7861
36.5600,31.0825,-198.3353,-4.8697,47.0331,1.5430,-1.5201
36.5700,31.0825,-198.3353,-4.1941,51.6107,1.5430,-1.5201
36.5800,22.0023,-50.0198,-4.1941,51.6107,1.4598,-1.5049
36.5902,22.0023,-50.0198,-3.7216,17.6141,1.2389,-1.2438
36.6000,22.2275,36.5280,-3.3371,29.6381,1.2389,-1.2438
36.6101,22.4582,13.7619,-2.8098,44.5917,0.8281,-0.8211
36.6200,22.0956,-52.1561,-1.2552,68.2123,0.8281,-0.8211
36.6300,21.2222,-92.1951,-0.3598,67.6019,0.8281,-0.8211
36.6400,20.4257,-72.8470,0.3488,51.2445,0.8281,-0.8211
36.6503,19.1293,-65.5838,0.3488,51.2445,0.8281,-0.8211
36.6600,18.3987,-73.8846,0.7773,29.9432,0.8281,-0.8211
36.6700,17.6297,-66.3773,1.0959,27.0135,0.8281,-0.8211
36.6802,17.6297,-66.3773,1.4145,32.6288,0.4221,-0.3697
36.6901,16.9815,-66.0110,2.5461,57.5922,0.4221,-0.3697
36.7000,16.3059,-66.8045,3.4195,73.0951,0.4221,-0.3697
36.7101,15.6686,-62.8983,4.4851,90.1849,0.3455,-0.3593
36.7200,14.4217,-63.3255,4.4851,90.1849,0.3455,-0.3593
36.7301,13.7955,-61.5555,5.6717,100.4999,0.3455,-0.3593
36.7403,13.1967,-61.1893,6.9571,111.7303,-0.1086,0.1470
36.7501,13.1967,-61.1893,6.9571,111.7303,-0.1086,0.1470
36.7600,13.1967,-61.1893,11.0550,122.4115,-0.1086,0.1470
36.7700,11.9058,-67.7811,12.2360,109.4720,-0.1086,0.1470
36.7804,11.2082,-70.2225,12.2360,109.4720,-0.4540,0.5496
36.7900,10.4831,-72.7859,12.2360,109.4720,-0.4540,0.5496
36.8000,9.0549,-69.6121,14.4607,97.8143,-1.0768,1.0626
36.8100,8.3627,-70.5887,14.4607,97.8143,-1.0768,1.0626
36.8204,8.3627,-70.5887,16.2900,82.3114,-1.0768,1.0626
36.8305,7.6486,-74.5560,17.0315,79.6869,-1.0768,1.0626
36.8400,6.9290,-74.1287,17.8061,82.7997,-1.4255,1.3573
36.8500,6.2479,-68.3304,19.8221,91.8329,-1.5924,1.6446
36.8604,5.5612,-65.1566,19.8221,91.8329,-1.5924,1.6446
36.8700,4.2978,-62.2269,20.7779,86.5228,-1.5924,1.6446
36.8800,3.7320,-57.2830,21.6897,81.7010,-1.9594,2.0069
36.8902,3.7320,-57.2830,22.5357,75.7806,-1.9594,2.0069
36.9000,3.1882,-50.0809,23.6563,74.6210,-1.9594,2.0069
36.9100,2.7103,-43.9163,24.4198,78.4662,-1.9594,2.0069
36.9200,2.3422,-41.1087,25.1230,74.6210,-2.2137,2.2466
36.9302,2.0017,-40.1321,25.1230,74.6210,-2.2137,2.2466
36.9403,1.3040,-40.0101,25.7492,73.8275,-2.3984,2.3784
36.9502,0.9140,-36.5311,25.7492,73.8275,-2.3984,2.3784
36.9600,0.9140,-36.5311,27.4191,117.5897,-2.5404,2.5998
36.9700,0.9140,-36.5311,30.5392,186.3763,-2.5404,2.5998
36.9801,0.5954,-28.4134,32.3300,178.9911,-2.5662,2.4894
36.9900,0.2548,-9.0652,32.3300,178.9911,-2.5662,2.4894
37.0000,0.3537,15.8371,32.3300,178.9911,-2.9652,2.9902
37.0101,0.3537,15.8371,33.8571,141.0883,-2.9652,2.9902
37.0200,0.5734,24.5651,34.7360,-46.7169,-2.9652,2.9902
37.0300,0.8426,28.4714,33.3462,-161.7682,-2.9652,2.9902
37.0403,0.8426,28.4714,31.0446,-226.4044,-3.3426,3.4062
37.0500,1.1227,26.6403,25.7547,-232.6910,-3.3426,3.4062
37.0604,1.1227,26.6403,23.0520,-259.4855,-3.5391,3.5520
37.0700,1.3315,16.5695,23.0520,-259.4855,-3.5391,3.5520
37.0802,1.5402,18.7057,20.4098,-226.0382,-3.5391,3.5520
37.0900,1.8039,32.9880,18.8058,-123.7433,-3.5391,3.5520
37.1000,1.8039,32.9880,18.2126,-29.1388,-3.5391,3.5520
37.1100,1.8039,32.9880,18.3664,13.7079,-3.4493,3.4611
37.1202,2.5290,35.2463,18.0203,-34.8761,-3.4493,3.4611
37.1304,3.1827,42.6926,17.1963,-79.3707,-3.4493,3.4611
37.1401,3.1827,42.6926,17.1963,-79.3707,-3.4493,3.4611
37.1500,3.9298,39.9460,16.2680,-98.5358,-3.3911,3.5215
37.1600,3.9298,39.9460,15.4550,-91.8219,-3.3911,3.5215
37.1700,4.3143,43.9743,15.4550,-91.8219,-3.3911,3.5215
37.1800,4.7098,44.4626,14.7848,-72.1686,-3.3911,3.5215
37.1906,4.7098,44.4626,12.9776,-64.0509,-3.3911,3.5215
37.2000,5.2097,55.1437,12.9776,-64.0509,-3.1274,3.0622
37.2100,5.9457,81.2057,12.2744,-73.3282,-3.1274,3.0622
37.2202,8.0277,112.3947,11.5109,-71.8024,-2.4008,2.3912
37.2300,10.6699,141.4474,11.5109,-71.8024,-2.3237,2.3540
37.2400,10.6699,141.4474,10.8023,-65.8209,-2.3237,2.3540
37.2504,12.0706,138.3957,8.6654,-65.9430,-2.3415,2.3894
37.2602,13.3890,129.2404,8.6654,-65.9430,-2.3415,2.3894
37.2701,13.3890,129.2404,7.1493,-74.3658,-2.1582,2.1960
37.2801,16.8497,106.9016,7.1493,-74.3658,-2.1582,2.1960
37.2900,17.8494,97.8073,7.1493,-74.3658,-2.1582,2.1960
37.3000,18.5800,89.2014,5.5233,-83.8263,-1.6765,1.6921
37.3100,18.5800,89.2014,4.6554,-85.3522,-1.3226,1.3725
37.3200,19.4205,83.7082,2.8647,-81.3239,-1.3226,1.3725
37.3300,20.2170,79.6188,2.0627,-76.3800,-1.3226,1.3725
37.3403,20.9970,79.4968,1.2936,-75.8917,-1.0401,1.0779
37.3504,22.6010,83.8303,1.2936,-75.8917,-1.0401,1.0779
37.3600,23.4580,88.7741,0.4806,-77.2345,-1.0044,1.0699
37.3703,24.3698,95.9152,0.4806,-77.2345,-1.0044,1.0699
37.3800,24.3698,95.9152,-1.0080,-77.8448,-1.0044,1.0699
37.3900,25.3641,103.9108,-1.6617,-72.7789,-0.6481,0.6460
37.4001,26.3858,104.8264,-2.3703,-69.4220,-0.6481,0.6460
37.4101,26.3858,104.8264,-3.7821,-67.1027,-0.6481,0.6460
37.4200,28.2590,31.3400,-3.7821,-67.1027,0.1076,-0.1854
37.4301,28.5281,34.4528,-4.2984,-59.5953,0.1076,-0.1854
37.4400,29.1049,74.3698,-4.7269,-52.5763,0.4023,-0.4362
37.4500,29.1049,74.3698,-5.1169,-48.3649,0.4188,-0.3666
37.4601,30.1102,119.2307,-5.8750,-37.5616,0.4188,-0.3666
37.4700,31.3681,129.6066,-5.8750,-37.5616,0.4188,-0.3666
37.4800,32.5217,113.4323,-6.4463,-26.6974,0.5100,-0.5649
37.4906,34.4443,83.8303,-6.4463,-26.6974,0.5100,-0.5649
37.5000,34.6695,6.7429,-6.6275,-21.2653,1.5703,-1.6415
37.5100,34.0433,-80.0491,-6.7594,-18.5187,1.7794,-1.7599
37.5200,34.0433,-80.0491,-6.8418,-13.2697,1.7794,-1.7599
37.5301,32.7359,-135.5911,-6.6605,13.8300,1.7794,-1.7599
37.5400,31.3187,-134.5535,-6.6605,13.8300,1.9453,-1.9593
37.5500,30.1102,-111.9095,-6.1826,23.7177,2.1404,-2.1283
37.5600,28.2810,-94.5145,-6.1826,23.7177,2.1404,-2.1283
37.5700,26.9461,-155.8548,-5.7102,46.5448,2.1404,-2.1283
37.5800,24.8752,-217.6834,-4.8862,80.4193,2.1404,-2.1283
37.5901,24.8752,-217.6834,-3.9304,81.8231,2.1404,-2.1283
37.6000,24.8752,-217.6834,-2.0298,75.2924,2.6621,-2.7011
37.6102,22.3703,-31.2210,-1.1399,77.4896,2.6621,-2.7011
37.6200,22.6120,35.9177,-0.2445,86.5228,3.1476,-3.2141
37.6300,21.8100,-90.2420,-0.2445,86.5228,3.1476,-3.2141
37.6404,20.7663,-101.5945,0.7113,89.0863,3.4315,-3.4904
37.6500,19.8709,-83.5892,1.6122,80.6024,3.4315,-3.4904
37.6602,19.8709,-83.5892,2.2604,58.0804,3.6289,-3.6301
37.6700,19.1678,-66.1331,2.7054,41.3568,3.6289,-3.6301
37.6800,19.1678,-66.1331,3.0624,42.2723,4.0147,-4.0266
37.6900,18.1406,-36.7142,4.3588,71.9354,4.0147,-4.0266
37.7000,17.4155,-40.0711,4.3588,71.9354,3.6810,-3.7332
37.7103,16.9595,-47.1512,5.3201,85.9125,3.6810,-3.7332
37.7204,16.4761,-48.0667,6.4297,96.0443,3.6810,-3.7332
37.7300,16.4761,-48.0667,6.4297,96.0443,3.5071,-3.3678
37.7400,15.9872,-48.9822,10.6430,147.6190,3.5071,-3.3678
37.7500,15.9872,-48.9822,12.2140,147.0697,3.5071,-3.3678
37.7601,15.4434,-56.5506,13.6038,128.5760,3.0527,-2.9622
37.7701,13.5922,-59.4803,13.6038,128.5760,2.8764,-2.8914
37.7801,12.9605,-62.4710,13.6038,128.5760,2.8764,-2.8914
37.7901,12.9605,-62.4710,15.9274,98.7299,2.8764,-2.8914
37.8001,12.3178,-65.3397,16.9436,89.4525,2.8764,-2.8914
37.8105,11.6586,-68.0862,18.5971,77.8558,2.5310,-2.5230
37.8200,10.9775,-71.3211,19.4925,79.9310,2.5310,-2.5230
37.8302,10.9775,-71.3211,20.3494,78.1000,2.5310,-2.5230
37.8400,10.2853,-71.8704,20.3494,78.1000,2.5310,-2.5230
37.8503,8.2474,-69.2459,21.1624,76.6351,2.5310,-2.5230
37.8600,7.5882,-63.3865,21.9644,77.9169,2.5310,-2.5230
37.8704,7.5882,-63.3865,22.7939,81.5179,2.5310,-2.5230
37.8801,6.9620,-60.5789,23.6563,84.5697,2.2302,-2.2558
37.8900,6.4182,-59.2972,24.5627,88.9032,2.2302,-2.2558
37.9000,6.4182,-59.2972,26.4523,93.9691,2.2743,-2.2436
37.9100,4.7977,-52.2781,26.4523,93.9691,2.2743,-2.2436
37.9200,4.2374,-54.7806,26.4523,93.9691,2.2743,-2.2436
37.9300,4.2374,-54.7806,28.1936,89.6356,2.2743,-2.2436
37.9401,3.7045,-56.1844,29.0286,91.1005,2.1122,-2.0990
37.9501,3.7045,-56.1844,30.9457,115.3314,2.1122,-2.0990
37.9600,3.7045,-56.1844,32.3245,148.4735,1.4302,-1.5030
37.9700,2.1884,-53.5599,33.9724,170.5072,1.4302,-1.5030
37.9800,1.7654,-47.5784,33.9724,170.5072,1.4302,-1.5030
37.9900,1.7654,-47.5784,35.6698,166.4789,1.4302,-1.5030
38.0000,1.0953,-39.0335,37.0541,128.5150,0.7478,-0.8089
38.0100,0.7602,-29.0237,37.9605,77.8558,0.7478,-0.8089
38.0200,0.7602,-29.0237,38.4219,31.1029,0.3925,-0.3916
38.0301,0.7602,-29.0237,37.4112,-111.5363,0.3925,-0.3916
38.0400,0.7602,-29.0237,35.5710,-196.4972,0.3652,-0.4130
38.0500,-0.0308,-20.9671,35.5710,-196.4972,0.3652,-0.4130
38.0600,-0.2451,-19.6243,35.5710,-196.4972,-0.0259,0.1336
38.0705,-0.2451,-19.6243,30.3305,-246.3019,-0.0259,0.1336
38.0800,-0.2451,-19.6243,27.8146,-235.1935,-0.3144,0.3373
38.0900,-0.2451,-19.6243,22.8268,-209.6198,-0.5523,0.5679
38.1005,-0.4044,4.6066,21.0690,-157.6788,-0.5523,0.5679
38.1100,-0.4648,-5.9525,20.0528,-76.9904,-0.5523,0.5679
38.1200,-0.4648,-5.9525,20.0528,-76.9904,-0.6162,0.6082
38.1300,-0.4648,-5.9525,19.8440,16.0883,-0.6162,0.6082
38.1401,-0.4648,-5.9525,19.8440,16.0883,-0.5748,0.5325
38.1503,-0.4648,-5.9525,20.5142,23.6566,-0.5748,0.5325
38.1600,0.0241,46.7209,18.6740,-129.0533,-0.7924,0.8723
38.1702,1.0129,63.9938,17.3556,-121.1798,-0.7924,0.8723
38.1800,1.6885,75.4074,16.4877,-76.5631,-1.2967,1.2682
38.1900,2.4686,82.4265,16.4877,-76.5631,-1.2967,1.2682
38.2000,4.3527,111.2961,15.9164,-52.5763,-1.2967,1.2682
38.2100,5.5777,127.6535,15.4330,-44.2755,-1.2967,1.2682
38.2200,5.5777,127.6535,14.9496,-47.8156,-1.6976,1.7226
38.2300,7.0004,147.5510,13.5653,-77.1735,-1.6976,1.7226
38.2400,8.5935,161.7722,13.5653,-77.1735,-1.6976,1.7226
38.2500,10.2194,161.4670,12.1975,-64.7223,-1.6976,1.7226
38.2604,13.4110,159.6359,12.1975,-64.7223,-1.8894,1.8751
38.2700,14.9655,152.8000,11.5823,-59.1681,-1.8894,1.8751
38.2805,16.4102,141.0812,10.9286,-62.8302,-2.3665,2.4077
38.2903,16.4102,141.0812,10.9286,-62.8302,-2.3665,2.4077
38.3000,16.4102,141.0812,8.7808,-64.7223,-3.2778,3.2635
38.3101,17.7066,125.8224,8.0777,-63.9899,-3.2778,3.2635
38.3201,19.9808,108.6716,7.3855,-65.8209,-3.1203,3.0915
38.3300,20.9311,103.6667,7.3855,-65.8209,-3.1203,3.0915
38.3400,21.7276,97.5632,6.6824,-67.7130,-2.5737,2.5632
38.3504,23.5239,86.1496,5.9628,-68.9337,-2.5737,2.5632
38.3600,23.5239,86.1496,5.2377,-71.8634,-2.1145,2.2192
38.3700,24.3588,83.6472,3.8589,-71.3751,-2.1145,2.2192
38.3801,25.1773,81.8161,3.1503,-71.3141,-1.7179,1.7367
38.3900,25.9848,81.0837,3.1503,-71.3141,-1.7179,1.7367
38.4001,25.9848,81.0837,2.4746,-69.9713,-1.3179,1.3127
38.4105,28.5831,98.1735,1.8704,-66.3702,-1.3179,1.3127
38.4200,28.5831,98.1735,1.2771,-63.9899,-1.2093,1.2298
38.4300,29.6103,107.3288,0.6399,-63.4406,-1.2093,1.2298
38.4401,29.6103,107.3288,-0.0247,-65.0275,-1.2070,1.1529
38.4501,31.4175,78.3371,-0.6784,-64.4781,-1.2070,1.1529
38.4600,31.9064,46.9650,-1.6672,-57.2760,-0.8516,0.8564
38.4701,32.1481,25.6027,-1.6672,-57.2760,-0.8516,0.8564
38.4800,33.0875,82.3654,-2.1561,-59.1681,-0.8140,0.7662
38.4905,34.0433,107.3898,-2.6285,-58.8019,-0.8140,0.7662
38.5000,34.0433,107.3898,-3.1449,-50.8063,-0.8140,0.7662
38.5100,34.0433,107.3898,-3.8480,-33.3502,-0.8140,0.7662
38.5202,36.0098,96.4035,-4.1281,-31.4581,-0.4460,0.3593
38.5301,36.8723,88.2248,-4.3753,-30.5426,-0.1476,0.0506
38.5400,37.5699,-1.6190,-4.3753,-30.5426,-0.1476,0.0506
38.5500,36.7514,-95.7962,-4.5566,-27.7960,-0.1476,0.0506
38.5600,36.7514,-95.7962,-4.6775,-21.2653,0.6862,-0.6619
38.5700,35.2902,-143.8919,-4.7708,-16.4435,0.7844,-0.8259
38.5803,33.8181,-138.8260,-4.9246,-7.1051,0.7844,-0.8259
38.5900,32.5052,-124.5438,-4.7763,14.3182,0.9593,-1.0089
38.6000,31.4121,-104.5853,-4.2929,47.5824,0.9593,-1.0089
38.6100,29.0335,-148.7137,-4.2929,47.5824,0.9593,-1.0089
38.6200,26.9791,-228.7918,-3.3261,95.9833,1.4128,-1.4756
38.6300,24.4028,-255.2811,-1.9858,122.9608,1.6483,-1.6830
38.6400,24.4028,-255.2811,-0.6455,119.1766,1.6483,-1.6830
38.6500,22.5131,-152.4368,1.3650,55.2728,1.6483,-1.6830
38.6606,22.0572,-6.9901,1.8319,33.7274,1.8979,-1.9075
38.6700,22.3264,37.1994,2.5845,78.6493,1.8979,-1.9075
38.6805,22.3154,-5.6473,2.5845,78.6493,2.5192,-2.5108
38.6901,20.7883,-93.4769,3.6667,104.1010,2.5192,-2.5108
38.7003,20.7883,-93.4769,4.5291,72.4237,2.9441,-3.0116
38.7100,19.8819,-88.2889,5.0509,39.3427,2.9441,-3.0116
38.7200,19.0744,-79.3167,6.0562,38.9154,3.1570,-3.2678
38.7300,18.3823,-64.9734,6.7538,46.9720,3.1570,-3.2678
38.7401,17.8989,-41.3528,7.5668,66.3812,3.6350,-3.5984
38.7506,17.1848,-41.2308,7.5668,66.3812,3.6350,-3.5984
38.7600,16.6464,-56.0013,8.6160,99.7064,3.6514,-3.6228
38.7700,15.9653,-58.8699,9.9508,128.3319,3.6514,-3.6228
38.7800,15.9653,-58.8699,11.4230,140.7220,3.9273,-3.8576
38.7900,15.3940,-49.1653,14.5376,147.0697,3.9273,-3.8576
38.8000,15.3940,-49.1653,15.8944,127.5385,3.8940,-3.8070
38.8103,14.4327,-51.6068,17.0535,107.8241,3.8940,-3.8070
38.8200,13.2571,-64.0579,17.0535,107.8241,3.7910,-3.7796
38.8306,12.6090,-67.3538,18.0862,94.3964,3.7910,-3.7796
38.8400,12.6090,-67.3538,19.0530,84.8138,3.6350,-3.6826
38.8500,11.9443,-69.0628,19.8166,72.7899,3.3831,-3.3263
38.8603,11.9443,-69.0628,20.6570,72.4847,3.3831,-3.3263
38.8700,11.2796,-66.4993,22.0248,55.2728,3.3831,-3.3263
38.8801,11.2796,-66.4993,22.6785,61.6205,3.0550,-3.0006
38.8900,10.1151,-56.1844,22.6785,61.6205,3.0550,-3.0006
38.9000,9.5877,-55.2689,23.4366,75.7806,2.4045,-2.3943
38.9100,8.0441,-55.9402,24.3264,91.2225,2.4045,-2.3943
38.9201,8.0441,-55.9402,25.3207,101.9647,1.7451,-1.7690
38.9305,7.4783,-58.6258,27.4301,109.1669,1.7451,-1.7690
38.9400,6.9235,-56.0623,28.4573,106.7865,1.1477,-1.1749
38.9501,6.3797,-55.6351,29.4461,103.6127,1.1477,-1.1749
38.9604,6.3797,-55.6351,29.4461,103.6127,0.4484,-0.3654
38.9700,5.8304,-56.2454,30.3470,94.8236,0.4484,-0.3654
38.9801,4.4516,-40.8035,31.1050,83.7152,-0.1692,0.2794
38.9901,4.4516,-40.8035,31.8411,86.7059,-0.1692,0.2794
39.0000,4.4516,-40.8035,33.6813,109.0448,-0.8117,0.7802
39.0100,4.4516,-40.8035,34.6591,97.2650,-0.8117,0.7802
39.0210,3.1058,-49.2264,35.3952,67.3578,-1.3371,1.3865
39.0300,2.5894,-49.7147,35.3952,67.3578,-1.3371,1.3865
39.0401,2.0786,-49.1653,35.8017,29.9432,-1.9181,1.9038
39.0501,2.0786,-49.1653,35.8786,-3.5040,-1.9181,1.9038
39.0600,2.0786,-49.1653,35.6039,-40.8575,-1.9181,1.9038
39.0706,1.6226,-47.8836,33.3682,-147.5470,-1.9181,1.9038
39.0800,0.4361,-32.5638,31.4236,-189.8444,-2.2245,2.3052
39.0900,0.4361,-32.5638,29.2923,-198.8776,-2.2245,2.3052
39.1000,-0.1627,-13.8870,29.2923,-198.8776,-2.4210,2.4711
39.1100,-0.1627,-13.8870,27.4576,-162.5006,-2.4210,2.4711
39.1200,-0.1627,-13.8870,26.1612,-115.0153,-2.4210,2.4711
39.1301,-0.3055,-3.9993,25.0461,-109.4000,-2.4210,2.4711
39.1400,-0.2560,7.3532,21.8380,-149.8053,-3.1213,3.1574
39.1500,-0.2560,7.3532,20.5856,-91.8219,-3.1213,3.1574
39.1600,-0.2560,7.3532,20.1242,-15.5280,-3.1213,3.0762
39.1700,-0.2560,7.3532,20.1242,-15.5280,-2.7298,2.7060
39.1800,-0.2560,7.3532,20.4208,45.3241,-2.7298,2.7060
39.1900,0.4141,46.1105,20.7559,19.7504,-2.7298,2.7060
39.2000,2.1280,35.8566,20.1956,-78.5162,-2.4031,2.3436
39.2100,2.1280,35.8566,17.6248,-121.6681,-2.4031,2.3436
39.2203,2.5070,41.5939,16.8448,-70.3986,-2.0280,2.0179
39.2303,3.2211,33.3542,16.4493,-38.4161,-2.0280,2.0179
39.2400,3.5507,36.0397,16.4493,-38.4161,-1.7122,1.6738
39.2500,4.4406,54.7165,16.0592,-42.8107,-1.7122,1.6738
39.2600,5.0449,66.9846,15.4275,-65.7599,-1.1712,1.1334
39.2700,5.0449,66.9846,15.4275,-65.7599,-1.1712,1.1334
39.2802,5.7700,79.4968,13.0215,-75.9528,-0.4329,0.3758
39.2900,6.6489,92.2531,12.2415,-73.2062,-0.4329,0.3758
39.3000,6.6489,92.2531,12.2415,-73.2062,-0.4329,0.3758
39.3100,7.6212,99.9435,12.2415,-73.2062,-0.4329,0.3758
39.3207,10.7852,109.2819,10.7144,-70.2765,-0.4329,0.3758
39.3300,11.8674,106.6574,9.9344,-74.6100,-0.3252,0.3453
39.3400,11.8674,106.6574,9.1269,-77.1124,-0.3252,0.3453
39.3500,12.9001,102.0798,7.4624,-74.7321,-0.3252,0.3453
39.3600,13.8779,95.9763,6.6934,-71.3141,-0.1983,0.2391
39.3704,13.8779,95.9763,5.9573,-72.4738,-0.1983,0.2391
39.3801,16.5476,87.2482,5.9573,-72.4738,1.1750,-1.1236
39.3905,17.3935,84.1965,5.1828,-77.1124,1.1750,-1.1236
39.4000,18.1241,81.3889,4.3753,-79.0656,1.1750,-1.1236
39.4107,18.1241,81.3889,3.5788,-78.2111,1.1750,-1.1236
39.4201,18.8272,78.7643,2.8372,-77.2955,1.1548,-1.1529
39.4300,19.5798,75.7126,1.5738,-70.1544,1.1548,-1.1529
39.4400,20.3049,73.8815,0.9915,-67.8961,2.1723,-2.0545
39.4500,21.7386,75.4074,0.9915,-67.8961,2.1723,-2.0545
39.4600,22.4912,77.9099,0.3763,-66.5533,2.4149,-2.3753
39.4700,23.2932,83.7692,-0.2280,-63.7457,2.4149,-2.3753
39.4800,23.2932,83.7692,-0.2280,-63.7457,3.2280,-3.3111
39.4900,23.2932,83.7692,-1.9199,-53.6749,3.2280,-3.3111
39.5000,24.8477,69.9753,-2.5077,-52.5153,3.6016,-3.6429
39.5100,25.3696,48.3078,-3.0570,-49.2194,3.6016,-3.6429
39.5200,25.7156,34.2697,-3.0570,-49.2194,3.9414,-3.9113
39.5300,26.0562,40.6784,-3.5459,-43.8483,3.9414,-3.9113
39.5400,27.5888,112.4557,-4.0018,-42.2614,3.9438,-3.9388
39.5500,27.5888,112.4557,-4.4083,-38.8434,3.9438,-3.9388
39.5600,28.8248,133.9401,-4.7983,-19.9225,3.7699,-3.8101
39.5703,30.0662,129.9118,-5.0016,-17.7863,3.7699,-3.8101
39.5801,31.1539,110.1974,-5.1499,-12.5983,3.8752,-3.8149
39.5901,31.1539,110.1974,-5.1499,-12.5983,3.8752,-3.8149
39.6003,32.1042,99.0891,-5.1663,-1.8561,3.8752,-3.8149
39.6100,32.5491,-56.4285,-5.0620,8.3368,3.8752,-3.8149
39.6201,32.5491,-56.4285,-4.9082,16.2714,3.7793,-3.7381
39.6306,31.6263,-103.3646,-4.7434,18.8959,3.7793,-3.7381
39.6400,30.3464,-132.1732,-4.5291,21.6425,3.0978,-3.1238
39.6500,28.9017,-144.0750,-3.5129,69.8602,3.0978,-3.1238
39.6601,28.9017,-144.0750,-3.5129,69.8602,2.5535,-2.5278
39.6700,28.9017,-144.0750,-2.7988,71.5082,2.2776,-2.3003
39.6800,24.7708,-242.3416,-2.1231,61.9867,2.2776,-2.3003
39.6901,20.8377,-129.6097,-1.4694,54.2352,2.2776,-2.3003
39.7000,20.8048,36.2228,-0.2390,55.0287,1.7028,-1.6708
39.7102,21.5244,71.3791,0.2939,40.1971,1.7028,-1.6708
39.7200,21.6892,2.8976,0.2939,40.1971,1.2873,-1.3146
39.7300,21.0849,-64.0579,0.8102,32.4457,1.2873,-1.3146
39.7400,19.6237,-62.8983,1.3431,34.4598,0.9973,-0.9748
39.7501,19.0250,-60.1517,1.8210,33.7274,0.9973,-0.9748
39.7600,19.0250,-60.1517,2.3153,38.3051,0.4507,-0.4142
39.7702,18.3603,-52.5833,3.4195,57.7142,0.4507,-0.4142
39.7800,17.9428,-38.0569,4.1006,68.2733,0.0804,-0.0000
39.7900,17.5913,-35.3104,4.9301,78.9545,0.0804,-0.0000
39.8000,16.6025,-50.3250,4.9301,78.9545,-0.3252,0.4343
39.8101,16.0587,-55.9402,5.8914,87.2552,-0.3252,0.4343
39.8201,15.4654,-59.3582,6.9406,93.0536,-0.5739,0.5496
39.8300,15.4654,-59.3582,8.0282,94.2743,-0.5739,0.5496
39.8400,14.8721,-59.3582,10.4617,111.7914,-1.4744,1.5982
39.8500,14.2404,-62.5320,11.7416,114.7821,-1.4744,1.5982
39.8600,13.5483,-67.2928,12.9501,110.5096,-2.4976,2.5431
39.8700,12.1310,-65.7669,12.9501,110.5096,-2.4976,2.5431
39.8800,11.4774,-62.4100,12.9501,110.5096,-2.4976,2.5431
39.8900,10.8402,-62.8983,15.0979,94.7015,-2.4976,2.5431
39.9000,10.8402,-62.8983,15.9549,87.0721,-2.7984,2.7474
39.9100,10.1975,-63.3865,17.2842,74.5599,-2.7984,2.7474
39.9200,9.5438,-65.2786,18.0642,69.9823,-3.3168,3.3355
39.9302,8.8571,-69.9173,18.0642,69.9823,-3.3168,3.3355
39.9400,8.1375,-73.7015,18.8608,72.4237,-3.4667,3.3495
39.9500,6.6708,-72.6028,19.7012,77.6727,-3.2280,3.1818
39.9600,5.9897,-65.8890,20.5252,75.0482,-3.2280,3.1818
39.9701,5.9897,-65.8890,21.2832,69.9823,-3.2280,3.1818
39.9800,5.3799,-58.5648,22.6455,62.1698,-2.7523,2.6688
39.9904,4.8361,-50.7523,23.1839,54.4794,-2.7523,2.6688
40.0000,4.3802,-43.4891,23.6233,42.5165,-2.3453,2.2960
40.0100,3.5288,-46.6019,23.6233,42.5165,-2.3453,2.2960
40.0200,3.5288,-46.6019,24.1067,48.0707,-2.2316,2.1484
40.0300,3.5288,-46.6019,24.6890,60.1556,-2.0563,2.1069
40.0400,2.3807,-62.0438,25.4086,78.8324,-2.0563,2.1069
40.0504,1.7764,-57.7103,27.9300,163.3661,-2.0563,2.1069
40.0600,1.3480,-42.2684,29.8526,204.3207,-1.8621,1.8501
40.0700,1.3480,-42.2684,31.9949,215.5511,-1.8621,1.8501
40.0800,0.8810,-14.0701,31.9949,215.5511,-1.5914,1.5647
40.0900,0.8810,-14.0701,33.8791,175.5121,-1.5914,1.5647
40.1000,0.8810,-14.0701,35.1864,113.2562,-1.1477,1.2005
40.1106,0.8810,-14.0701,35.8731,46.1176,-1.1477,1.2005
40.1200,0.6558,-10.1639,34.5108,-135.3400,-1.1868,1.1011
40.1300,0.2823,-15.2908,32.5168,-204.3097,-1.1868,1.1011
40.1401,0.0845,-21.0892,30.0338,-235.8649,-1.1868,1.1011
40.1504,-0.1791,-27.4979,30.0338,-235.8649,-1.1868,1.1011
40.1600,-0.1791,-27.4979,27.5509,-224.3903,0.0508,-0.2147
40.1702,-0.7504,-26.5823,25.1669,-219.0192,0.0508,-0.2147
40.1800,-0.9756,-20.9671,22.7060,-225.3058,0.8648,-0.7967
40.1901,-0.9756,-20.9671,19.8770,-60.3278,1.1830,-1.0870
40.2006,-1.1349,-0.7645,19.7836,18.5907,1.1830,-1.0870
40.2106,-1.0416,12.7853,20.2450,59.7894,1.1830,-1.0870
40.2200,-0.7944,28.3493,20.2450,59.7894,1.1830,-1.0870
40.2304,-0.4208,40.5563,20.6296,32.1405,1.1830,-1.0870
40.2400,0.4855,48.9182,20.6296,32.1405,1.1665,-1.1560
40.2500,0.4855,48.9182,19.4595,-108.4235,1.3522,-1.3341
40.2600,0.8920,40.4953,17.3666,-95.3009,1.3522,-1.3341
40.2704,1.2161,33.5373,16.7514,-62.7081,1.3522,-1.3341
40.2801,1.5402,33.1100,16.3229,-48.2428,1.8730,-1.8873
40.2900,2.2873,45.2560,16.3229,-48.2428,1.8730,-1.8873
40.3000,2.8256,63.7497,15.7791,-52.8204,2.0492,-2.0240
40.3100,3.6276,90.3000,15.2023,-66.1261,2.1169,-2.1588
40.3200,3.6276,90.3000,14.4882,-75.2814,2.1169,-2.1588
40.3305,3.6276,90.3000,13.7082,-74.1217,2.1169,-2.1588
40.3400,3.6276,90.3000,13.0545,-69.1779,2.7819,-2.7011
40.3500,5.7095,109.2819,11.7526,-67.5299,2.7819,-2.7011
40.3600,9.3021,114.7751,11.7526,-67.5299,3.0597,-3.0470
40.3700,10.3677,104.2160,10.9890,-73.6945,3.0597,-3.0470
40.3800,11.3565,97.9904,10.9890,-73.6945,3.0597,-3.0470
40.3900,11.3565,97.9904,9.5224,-71.4972,3.0597,-3.0470
40.4000,12.3013,93.5959,8.0172,-70.7648,3.1819,-3.1604
40.4101,13.1967,88.8962,7.2537,-71.6193,3.1819,-3.1604
40.4200,14.0756,88.9572,6.4297,-74.3658,3.2731,-3.3416
40.4300,15.8279,86.3937,6.4297,-74.3658,3.5142,-3.5551
40.4401,16.5915,85.1120,5.5453,-78.3942,3.5142,-3.5551
40.4500,17.3550,86.5158,4.6774,-80.4694,3.5142,-3.5551
40.4600,17.3550,86.5158,4.6774,-80.4694,3.8197,-3.8942
40.4700,18.2120,86.9431,2.1945,-78.4552,3.8197,-3.8942
40.4800,18.2120,86.9431,2.1945,-78.4552,3.8634,-3.8253
40.4901,19.9533,89.5065,1.4090,-73.8776,3.8634,-3.8253
40.5000,20.8542,91.0934,0.7004,-66.5533,3.9922,-3.9437
40.5100,21.7661,92.3141,0.0412,-64.4171,3.9922,-3.9437
40.5200,23.5349,83.3420,-0.6015,-64.4171,3.7807,-3.8729
40.5302,23.5349,83.3420,-1.7935,-59.5953,3.7948,-3.7796
40.5400,24.2270,64.2380,-2.3703,-59.5953,3.7948,-3.7796
40.5501,24.6774,39.3967,-2.9142,-55.0787,3.7948,-3.7796
40.5603,24.9466,26.5182,-3.3811,-47.1442,3.3403,-3.2958
40.5700,26.0178,90.8493,-3.3811,-47.1442,3.3403,-3.2958
40.5800,26.0178,90.8493,-3.7821,-44.2755,2.8242,-2.7304
40.5905,28.7698,153.4714,-4.1062,-37.9279,2.4125,-2.2924
40.6000,28.7698,153.4714,-4.4248,-21.9366,2.4125,-2.2924
40.6100,30.2255,144.8654,-4.9137,-21.2042,2.4125,-2.2924
40.6200,31.5933,133.8181,-5.1389,-21.2653,1.8377,-1.9502
40.6300,32.7744,111.6013,-5.3092,-16.7487,1.8377,-1.9502
40.6400,33.5654,68.9377,-5.3092,-16.7487,1.4128,-1.4298
40.6500,33.9224,24.9313,-5.4850,-16.3824,1.4128,-1.4298
40.6601,32.9117,-84.4437,-5.7816,-29.3219,1.1891,-1.2176
40.6700,32.9117,-84.4437,-6.2265,-45.1300,1.1891,-1.2176
40.6800,31.8460,-109.0408,-7.0395,-28.4674,0.7332,-0.6832
40.6900,30.6210,-121.7361,-7.1494,-6.4948,0.7332,-0.6832
40.7000,29.2532,-138.7039,-6.9626,23.2294,0.3337,-0.3343
40.7101,24.9851,-227.7542,-6.9626,23.2294,0.3337,-0.3343
40.7201,23.0405,-177.5223,-6.4737,52.2211,0.3337,-0.3343
40.7300,22.0627,-71.0159,-5.7706,69.1888,0.3337,-0.3343
40.7400,22.0627,-71.0159,-4.8477,85.0580,-0.0400,-0.0092
40.7501,22.2275,42.9367,-3.1009,73.6444,-0.0400,-0.0092
40.7606,22.9855,78.7643,-2.2385,75.1703,-0.3737,0.3867
40.7702,23.2877,16.6306,-1.5079,53.3807,-0.4413,0.3898
40.7800,21.7001,-102.8152,-1.5079,53.3807,-0.4413,0.3898
40.7900,20.8432,-76.0208,-0.7224,58.6908,-0.4944,0.5801
40.8000,20.3378,-46.8460,0.1291,64.9774,-0.4944,0.5801
40.8100,20.3378,-46.8460,0.1291,64.9774,-0.4944,0.5801
40.8200,19.9258,-41.3528,2.3428,61.5594,-1.0044,1.0638
40.8300,19.4919,-44.7708,3.0295,60.5219,-1.0044,1.0638
40.8402,19.0030,-49.2874,3.7051,57.9584,-1.1477,1.1578
40.8501,18.4866,-51.6678,3.7051,57.9584,-1.1477,1.1578
40.8605,17.8494,-51.1185,4.4687,66.1371,-1.6187,1.5677
40.8700,16.8936,-48.7991,5.3476,83.1049,-1.6187,1.5677
40.8800,16.8936,-48.7991,6.3803,101.3544,-1.8955,1.9117
40.8901,16.3663,-53.0716,7.5448,109.2279,-1.8955,1.9117
40.9002,15.8115,-56.4896,7.5448,109.2279,-2.2353,2.2296
40.9100,15.2292,-57.7713,10.0717,126.6229,-2.2353,2.2296
40.9200,13.8889,-64.3631,11.3736,125.9515,-2.5248,2.5156
40.9300,13.2462,-63.3865,12.6205,116.3690,-2.5248,2.5156
40.9400,12.6199,-60.1517,13.8400,111.8524,-2.6221,2.6474
40.9500,12.6199,-60.1517,15.0320,110.0824,-2.6221,2.6474
40.9600,12.6199,-60.1517,17.2018,94.6405,-2.6870,2.7706
40.9700,11.3126,-64.0579,18.1851,91.1005,-2.6870,2.7706
40.9800,10.6534,-63.6917,18.9377,87.9266,-3.0550,3.0573
40.9901,10.0162,-62.0438,18.9377,87.9266,-3.0550,3.0573
41.0000,10.0162,-62.0438,19.8385,82.5555,-3.1570,3.1391
41.0100,8.7528,-64.5462,20.7010,79.4427,-3.1570,3.1391
41.0203,8.1046,-65.5838,21.5414,77.1234,-3.1405,3.1110
41.0307,7.4564,-64.7903,23.1454,69.7382,-3.1405,3.1110
41.0400,7.4564,-64.7903,23.8925,64.5502,-2.7119,2.6968
41.0504,6.2589,-59.7855,23.8925,64.5502,-2.7119,2.6968
41.0605,5.7040,-56.5506,24.5956,59.5453,-2.1949,2.1588
41.0702,5.1767,-49.8978,25.2548,56.0663,-2.1902,2.1930
41.0800,4.7812,-43.3670,25.8590,51.9159,-2.1902,2.1930
41.0905,4.4846,-33.8455,26.3479,44.4696,-2.1902,2.1930
41.1001,4.3308,-17.9764,27.0236,38.8544,-1.9134,1.9117
41.1100,4.3253,-6.3187,27.4081,51.7938,-1.9134,1.9117
41.1203,4.3033,-0.8255,28.1112,84.4476,-1.6803,1.5939
41.1300,4.3033,-0.8255,28.1112,84.4476,-1.6803,1.5939
41.1401,4.2868,-2.1683,28.1112,84.4476,-1.3997,1.4219
41.1500,3.9902,-36.4090,31.2918,206.2738,-1.3997,1.4219
41.1600,3.5947,-47.1512,33.5220,223.8519,-1.2836,1.2560
41.1704,3.2047,-42.2684,36.6861,102.8192,-1.2836,1.2560
41.1800,3.2047,-42.2684,37.1475,21.7645,-1.2836,1.2560
41.1901,2.5565,-27.4368,36.7795,-62.6471,-1.2836,1.2560
41.2001,2.2928,-25.7278,36.7795,-62.6471,-0.9170,0.9071
41.2105,1.8973,-14.9857,36.7795,-62.6471,-0.9170,0.9071
41.2200,1.8478,-1.9241,33.7472,-188.6847,-0.9170,0.9071
41.2300,1.8478,-1.9241,31.4346,-225.6720,-0.9170,0.9071
41.2400,1.9247,8.9401,26.0568,-267.2980,-0.6566,0.6741
41.2502,2.0456,11.1984,22.7664,-307.6422,-0.6566,0.6741
41.2600,2.0456,11.1984,20.2121,-198.3893,-0.1570,0.0720
41.2701,2.1555,8.6349,20.2121,-198.3893,-0.1570,0.0720
41.2800,2.1994,1.0056,19.3112,-45.9235,0.4803,-0.5569
41.2907,2.2763,11.0764,19.4485,38.8544,0.4803,-0.5569
41.3000,2.2763,11.0764,19.7342,33.8495,1.1938,-1.1285
41.3108,2.4960,27.8610,19.7397,-8.1427,1.1938,-1.1285
41.3200,2.8915,44.7678,19.1903,-73.2062,1.3038,-1.3268
41.3302,3.3695,51.2375,16.7514,-122.2174,1.3038,-1.3268
41.3400,4.1879,36.5891,16.7514,-122.2174,2.1639,-2.1747
41.3500,4.4956,30.9738,15.8230,-87.3663,2.1639,-2.1747
41.3600,4.8251,37.9318,15.8230,-87.3663,2.5168,-2.5413
41.3700,4.8251,37.9318,15.2353,-60.3278,2.5168,-2.5413
41.3800,5.2152,44.2795,13.9828,-65.4547,2.7984,-2.8225
41.3900,5.6546,45.5612,13.9828,-65.4547,2.7984,-2.8225
41.4000,6.1929,57.0358,12.5161,-70.5817,2.7984,-2.8225
41.4100,6.9180,77.9709,11.8680,-64.6613,2.7984,-2.8225
41.4201,7.8464,95.1218,11.2143,-63.0743,2.9060,-2.8963
41.4301,10.0436,121.3058,11.2143,-63.0743,2.9060,-2.8963
41.4402,10.0436,121.3058,11.2143,-63.0743,3.0621,-3.0360
41.4500,11.3455,131.1325,11.2143,-63.0743,3.0621,-3.0360
41.4600,12.6254,125.8224,11.2143,-63.0743,3.0301,-3.0036
41.4700,13.7955,113.2492,11.2143,-63.0743,3.0301,-3.0036
41.4800,15.8115,96.1594,9.9234,-60.4498,3.1650,-3.1744
41.4900,16.7453,92.9245,6.2759,-65.3937,3.1650,-3.1744
41.5000,17.6297,87.3703,5.5563,-66.7365,3.5852,-3.6088
41.5100,17.6297,87.3703,4.8257,-68.6896,3.5852,-3.6088
41.5200,18.3713,81.5109,3.3096,-74.1217,3.3972,-3.3879
41.5301,19.0579,76.8723,2.5241,-78.3942,3.4160,-3.3373
41.5404,19.7940,74.8581,1.7276,-81.0187,3.4160,-3.3373
41.5503,21.2387,74.0036,1.7276,-81.0187,3.4160,-3.3373
41.5600,21.2387,74.0036,0.9640,-78.5773,2.6917,-2.6322
41.5703,22.6450,73.0270,0.2554,-73.5724,2.6917,-2.6322
41.5805,22.6450,73.0270,-0.4203,-70.5817,2.3133,-2.3711
41.5900,23.3371,72.4167,-1.7111,-62.5861,2.3133,-2.3711
41.6000,24.0402,74.1867,-1.7111,-62.5861,2.1192,-2.1557
41.6100,24.7543,74.5529,-2.9471,-56.3605,1.9876,-2.0209
41.6203,25.9244,49.6506,-2.9471,-56.3605,1.9876,-2.0209
41.6300,26.2375,31.1569,-3.4745,-51.5997,1.9876,-2.0209
41.6403,26.5231,35.9787,-3.8315,-34.4489,1.8767,-1.9612
41.6500,26.5231,35.9787,-4.0952,-26.4532,1.8767,-1.9612
41.6601,27.0889,70.7687,-4.6610,-25.4156,1.7700,-1.7611
41.6702,28.1381,120.6955,-4.7763,-5.2740,1.7700,-1.7611
41.6801,29.6268,161.4059,-4.7269,11.4496,1.2305,-1.2096
41.6900,32.9611,163.6032,-4.7269,11.4496,1.2305,-1.2096
41.7000,34.4223,141.8137,-4.7104,5.8344,1.0317,-0.9839
41.7101,35.5869,105.1315,-4.9082,-17.1149,1.0317,-0.9839
41.7201,35.5869,105.1315,-5.2323,-28.2843,0.6326,-0.6429
41.7304,36.1636,38.0539,-5.5289,-24.5001,0.6326,-0.6429
41.7400,35.9604,-44.0994,-5.7871,-21.9366,0.2576,-0.2745
41.7500,34.9936,-112.5198,-6.0343,-20.8990,0.2576,-0.2745
41.7604,31.5219,-208.1619,-6.1881,-7.7765,-0.0329,0.0781
41.7700,28.8358,-287.2635,-6.1881,-7.7765,-0.0329,0.0781
41.7804,25.8035,-295.0150,-5.9079,28.6615,-0.7605,0.7064
41.7900,25.8035,-295.0150,-5.4630,46.9110,-0.7605,0.7064
41.8000,23.4140,-208.1009,-4.2929,51.3666,-0.9771,0.9443
41.8101,22.5186,-49.9588,-3.6118,56.6156,-0.9771,0.9443
41.8200,22.9416,68.2663,-3.0240,44.3475,-1.5712,1.5817
41.8303,22.9416,68.2663,-3.0240,44.3475,-1.5712,1.5817
41.8401,24.0128,4.1794,-2.3758,60.4608,-1.7296,1.7001
41.8500,22.1561,-114.6561,-1.6947,52.1600,-1.7296,1.7001
41.8600,22.1561,-114.6561,-0.9641,58.1415,-2.0741,2.0545
41.8700,21.2003,-86.8851,0.5465,57.5922,-2.0741,2.0545
41.8800,20.5576,-59.1141,0.5465,57.5922,-2.2005,2.2515
41.8900,19.9973,-45.2591,1.8814,52.9535,-2.2005,2.2515
41.9000,19.0360,-52.4002,1.8814,52.9535,-2.5972,2.6413
41.9100,18.3493,-63.8748,2.4307,50.5731,-2.5972,2.6413
41.9200,18.3493,-63.8748,2.4307,50.5731,-2.9403,2.9731
41.9300,17.7066,-62.7762,3.8260,69.1278,-2.9403,2.9731
41.9400,17.1463,-54.3533,4.7763,85.1801,-2.9403,2.9731
41.9501,16.6135,-53.4988,5.8804,97.2040,-2.9403,2.9731
41.9600,16.0422,-58.6868,8.3029,112.4017,-3.2632,3.2354
41.9700,14.7513,-65.4007,8.3029,112.4017,-3.2632,3.2354
41.9800,14.0427,-68.3304,9.6212,120.3973,-3.1875,3.1653
41.9901,13.3231,-68.1473,10.9671,122.5946,-3.1875,3.1653
42.0000,13.3231,-68.1473,12.2909,121.3129,-3.0066,2.9835
42.0101,12.6419,-63.1424,14.6969,107.3358,-3.0066,2.9835
42.0201,11.9937,-60.3348,15.7516,98.7909,-2.4421,2.4894
42.0306,11.9937,-60.3348,16.7404,90.2460,-2.4421,2.4894
42.0402,11.3236,-63.9359,16.7404,90.2460,-2.2908,2.2759
42.0500,9.3076,-58.3817,17.4984,88.0487,-2.2908,2.2759
42.0603,8.7198,-56.7337,18.2895,85.9125,-2.1465,2.0795
42.0700,8.7198,-56.7337,19.0915,73.8885,-2.1465,2.0795
42.0801,8.7198,-56.7337,19.8385,63.9398,-1.9087,1.9410
42.0900,8.7198,-56.7337,21.3876,69.3719,-1.9087,1.9410
42.1002,8.7198,-56.7337,22.1731,69.9213,-1.6351,1.5829
42.1100,8.1046,-61.9217,22.1731,69.9213,-1.6351,1.5829
42.1201,5.4788,-60.0296,22.9202,63.9398,-1.2803,1.2194
42.1306,4.9680,-47.6395,23.5959,57.5922,-1.2803,1.2194
42.1401,4.5670,-38.1180,24.2331,57.3480,-1.2803,1.2194
42.1500,4.1879,-38.5452,25.3427,40.9906,-1.2803,1.2194
42.1600,3.7210,-49.4095,25.7712,39.1595,-1.0885,1.1224
42.1705,3.1717,-55.7571,25.7712,39.1595,-1.0885,1.1224
42.1805,2.2214,-57.7713,25.7712,39.1595,-0.5288,0.5417
42.1900,1.6831,-52.2781,27.0895,87.1332,-0.5288,0.5417
42.2001,1.6831,-52.2781,28.3200,136.5717,0.0033,-0.0378
42.2100,1.2161,-44.7098,30.2261,206.5179,0.0033,-0.0378
42.2200,0.8206,-37.7518,35.1974,251.4398,0.5100,-0.5972
42.2301,0.8206,-37.7518,37.3178,198.7665,0.5100,-0.5972
42.2400,0.8206,-37.7518,38.7790,126.8671,1.1360,-1.1163
42.2500,0.1230,-13.0325,38.7790,126.8671,1.1360,-1.1163
42.2602,-0.2176,-20.8450,38.7790,126.8671,1.3545,-1.3591
42.2700,-0.2176,-20.8450,39.0976,-68.4454,1.3545,-1.3591
42.2800,-0.2176,-20.8450,37.7353,-154.6881,1.3545,-1.3591
42.2900,-0.4648,-24.4461,35.5600,-225.6720,1.3545,-1.3591
42.3000,-0.4648,-24.4461,32.4948,-306.4215,1.7320,-1.7385
42.3100,-0.8823,-2.5955,24.5132,-336.7560,1.7320,-1.7385
42.3200,-0.8603,2.3483,24.5132,-336.7560,2.0656,-2.0929
42.3300,-0.8603,2.3483,22.1402,-173.6700,2.3166,-2.3278
42.3400,-0.7394,6.6818,21.4316,-31.3361,2.3166,-2.3278
42.3501,-0.6406,10.3439,21.6733,38.5492,2.3853,-2.4571
42.3601,-0.6406,10.3439,22.3379,11.2665,2.3853,-2.4571
42.3706,-0.3824,12.3581,21.9369,-58.0695,2.3853,-2.4571
42.3800,-0.2011,24.8703,20.9427,-107.7521,2.7453,-2.7566
42.3900,0.1340,39.8849,20.9427,-107.7521,2.7453,-2.7566
42.4000,0.5350,46.3547,19.7342,-112.7570,2.9131,-2.9518
42.4100,1.3974,39.7629,18.7124,-90.9064,3.1579,-3.2312
42.4200,1.3974,39.7629,17.9928,-68.2623,3.1579,-3.2312
42.4300,1.7929,42.1432,16.8832,-54.9567,3.1579,-3.2312
42.4401,2.2543,52.4582,16.2570,-71.6193,3.5687,-3.6197
42.4500,2.8256,62.5900,15.5209,-80.1642,3.5687,-3.6197
42.4600,3.5892,82.1213,15.5209,-80.1642,3.7793,-3.7350
42.4702,5.7260,117.2775,14.7464,-70.9479,3.7793,-3.7350
42.4801,6.9785,127.2263,14.1311,-60.3278,3.8822,-3.8149
42.4900,6.9785,127.2263,13.5379,-59.9005,3.8822,-3.8149
42.5000,6.9785,127.2263,12.2030,-65.5768,3.8338,-3.8009
42.5105,9.6481,133.1467,11.4779,-66.3092,3.8338,-3.8009
42.5201,10.9116,123.4421,10.7309,-66.8585,3.8230,-3.7655
42.5300,12.0432,109.8312,10.7309,-66.8585,3.6232,-3.5508
42.5401,14.0591,98.8449,9.9618,-68.5675,3.6232,-3.5508
42.5501,15.0369,97.1359,9.9618,-68.5675,3.6232,-3.5508
42.5602,15.0369,97.1359,7.5943,-77.7228,3.6232,-3.5508
42.5700,15.9763,93.1686,6.7538,-79.9811,3.6232,-3.5508
42.5800,16.8057,89.5676,5.8749,-81.5680,2.8952,-2.8438
42.5900,16.8057,89.5676,4.9740,-82.1173,2.8952,-2.8438
42.6001,18.3164,81.8771,4.9740,-82.1173,2.6682,-2.6523
42.6105,19.9808,85.9665,4.0786,-83.0939,2.6682,-2.6523
42.6204,20.8267,85.3561,3.1942,-81.5680,2.4313,-2.4266
42.6300,20.8267,85.3561,2.2989,-81.6290,2.4313,-2.4266
42.6400,21.6507,82.8537,0.5026,-83.8873,1.7592,-1.8087
42.6500,21.6507,82.8537,-0.3049,-76.3800,1.7592,-1.8087
42.6600,23.2547,81.0837,-1.0190,-66.1871,1.5548,-1.5445
42.6700,24.8258,80.7785,-1.0190,-66.1871,1.5548,-1.5445
42.6800,24.8258,80.7785,-1.6837,-63.1964,1.2540,-1.3249
42.6902,26.2540,64.2990,-2.3264,-65.0885,1.2540,-1.3249
42.7000,26.2540,64.2990,-2.9361,-62.5250,1.2540,-1.3249
42.7100,26.7374,45.0119,-3.9414,-52.3932,1.2540,-1.3249
42.7200,27.1109,38.5422,-4.3589,-47.5104,0.9475,-0.9858
42.7302,27.1109,38.5422,-4.7873,-34.0216,0.9052,-0.8979
42.7400,30.2585,174.2233,-4.7873,-34.0216,0.9052,-0.8979
42.7500,32.0822,184.5993,-5.1114,-24.5612,0.9052,-0.8979
42.7604,33.7082,158.6594,-5.3916,-22.1808,0.4921,-0.4697
42.7700,33.7082,158.6594,-5.6662,-24.5001,0.2745,-0.2330
42.7802,35.0540,129.9118,-6.2320,-25.5988,0.2745,-0.2330
42.7900,36.1911,109.7092,-6.5122,-26.3922,0.2745,-0.2330
42.8000,36.1911,109.7092,-6.8418,-31.7633,-0.2778,0.2745
42.8100,36.1966,-94.4534,-6.8418,-31.7633,-0.2778,0.2745
42.8200,34.8673,-144.7464,-7.2538,-37.5006,-0.3845,0.3453
42.8300,32.9996,-214.5706,-7.6602,-36.0968,-0.5076,0.4728
42.8407,32.9996,-214.5706,-7.9074,-19.1901,-0.5076,0.4728
42.8506,30.1321,-298.1888,-7.9019,5.6512,-0.5076,0.4728
42.8602,26.9956,-303.4378,-7.6438,28.1122,-0.9701,0.9138
42.8702,24.4907,-226.3504,-6.1991,87.8656,-1.0481,1.0413
42.8800,22.8427,-10.1028,-6.1991,87.8656,-1.0481,1.0413
42.8900,23.1448,43.6691,-6.1991,87.8656,-1.0481,1.0413
42.9000,23.1448,43.6691,-5.2707,80.5414,-1.3842,1.3530
42.9100,23.7436,65.5807,-3.6008,64.1229,-1.3842,1.3530
42.9201,23.9853,8.4518,-2.2330,51.3666,-1.6991,1.6183
42.9300,23.4470,-69.6121,-1.6397,43.0658,-1.6991,1.6183
42.9401,23.4470,-69.6121,-0.8982,55.2118,-1.8847,1.9361
42.9501,20.4971,-80.4153,-0.8982,55.2118,-1.8847,1.9361
42.9600,19.8380,-61.6165,-0.8982,55.2118,-2.0708,2.0380
42.9700,19.8380,-61.6165,0.4477,46.7889,-2.2988,2.2607
42.9800,19.2227,-53.3768,1.0519,48.8641,-2.2988,2.2607
42.9905,18.6679,-56.3065,2.4691,73.0951,-2.2988,2.2607
43.0000,18.6679,-56.3065,2.4691,73.0951,-2.2706,2.2851
43.0100,18.6679,-56.3065,2.4691,73.0951,-2.2706,2.2851
43.0200,16.2894,-50.2640,2.4691,73.0951,-2.5319,2.6261
43.0300,15.8005,-49.2874,3.3481,82.3114,-2.5319,2.6261
43.0400,15.2786,-52.5223,6.9406,119.1766,-2.9793,3.0897
43.0502,15.2786,-52.5223,8.3358,132.1161,-2.9793,3.0897
43.0600,14.7018,-59.5413,9.7915,137.3041,-3.1843,3.2312
43.0700,14.0262,-64.9734,12.5436,124.4867,-3.1843,3.2312
43.0800,13.3341,-66.0110,13.7576,112.7679,-3.0790,3.0512
43.0900,12.0487,-57.8934,13.7576,112.7679,-3.0790,3.0512
43.1000,11.4389,-58.8699,14.8892,105.4437,-3.0790,3.0512
43.1100,10.8127,-61.6165,15.9604,98.9740,-3.0790,3.0512
43.1200,10.8127,-61.6165,16.9656,91.8939,-2.6550,2.5986
43.1300,10.1865,-62.1658,18.5916,81.8231,-2.6550,2.5986
43.1400,9.5822,-59.9075,19.4430,84.6307,-1.8753,1.8520
43.1500,9.0164,-56.4896,20.2121,72.1185,-1.8753,1.8520
43.1600,8.4616,-57.5882,20.2121,72.1185,-1.6788,1.6708
43.1706,7.8903,-61.1893,20.9152,65.0995,-1.6788,1.6708
43.1800,6.7148,-64.3631,21.6623,70.2875,-1.6788,1.6708
43.1900,6.7148,-64.3631,22.4643,74.8041,-1.6788,1.6708
43.2000,6.7148,-64.3631,23.9804,63.8788,-1.4720,1.3945
43.2100,5.6381,-54.9637,24.6396,56.6156,-1.3926,1.3591
43.2201,5.2152,-49.0433,25.2273,50.4510,-1.3926,1.3591
43.2300,4.2264,-50.7523,25.2273,50.4510,-1.3926,1.3591
43.2400,3.7540,-51.8509,25.8041,55.8221,-1.1040,1.0346
43.2500,3.7540,-51.8509,26.5127,75.2313,-1.1040,1.0346
43.2600,3.3420,-51.2405,27.4081,99.7064,-0.8375,0.7936
43.2700,2.9520,-48.3719,30.2041,178.2587,-0.8375,0.7936
43.2800,2.4960,-45.0150,32.3849,228.8568,-0.5640,0.5600
43.2904,2.0621,-42.8177,34.7854,239.5990,-0.5640,0.5600
43.3000,1.3480,-30.0003,34.7854,239.5990,-0.1335,0.1409
43.3104,1.1063,-22.1268,36.9058,201.8793,-0.1335,0.1409
43.3205,0.9305,-16.3284,38.4329,135.7782,-0.1335,0.1409
43.3302,0.9305,-16.3284,39.2404,59.0570,-0.0898,0.0952
43.3400,0.7712,-15.1688,38.3835,-107.0197,-0.0898,0.0952
43.3500,0.5734,-21.6995,38.3835,-107.0197,-0.0898,0.0952
43.3603,0.5734,-21.6995,38.3835,-107.0197,0.1250,-0.1976
43.3705,-0.0583,-32.9910,34.5932,-230.4327,0.1250,-0.1976
43.3800,-0.3604,-28.4134,31.6873,-288.2330,0.6091,-0.5478
43.3900,-0.7394,-11.9339,28.1662,-342.7374,0.7558,-0.7613
43.4003,-0.7394,-11.9339,24.8648,-281.3361,0.7558,-0.7613
43.4106,-0.7394,-11.9339,22.9202,-149.2560,0.7558,-0.7613
43.4201,-0.6351,16.2643,22.9202,-149.2560,1.3442,-1.3975
43.4300,-0.3604,31.2790,22.5247,31.6522,1.4659,-1.5079
43.4400,0.3592,33.8425,22.7389,25.9149,1.4659,-1.5079
43.4500,0.3592,33.8425,22.7389,25.9149,1.5167,-1.5079
43.4600,1.0788,42.6926,22.4313,-50.5011,1.5167,-1.5079
43.4700,1.0788,42.6926,21.5194,-96.3385,1.5167,-1.5079
43.4800,1.5073,43.9133,20.3769,-109.4000,1.9604,-1.9673
43.4900,1.8643,34.9411,19.3496,-97.1930,1.9604,-1.9673
43.5002,2.1774,33.1711,19.3496,-97.1930,2.2527,-2.2960
43.5102,2.9794,43.4250,18.1302,-54.5905,2.5690,-2.5968
43.5204,3.4464,51.2375,18.1302,-54.5905,2.5690,-2.5968
43.5300,4.0012,61.9186,18.1302,-54.5905,2.6386,-2.6151
43.5400,4.0012,61.9186,18.1302,-54.5905,2.6386,-2.6151
43.5500,4.6549,71.8063,17.5094,-57.3370,2.6386,-2.6151
43.5600,5.4733,90.3000,13.9663,-65.6378,3.1142,-3.1311
43.5700,6.5006,107.2067,13.2852,-65.6378,3.1984,-3.1494
43.5804,6.5006,107.2067,13.2852,-65.6378,3.1984,-3.1494
43.5900,7.5772,107.2678,12.5601,-65.3937,3.1344,-3.1189
43.6001,11.1478,118.5593,11.8020,-68.2623,3.1344,-3.1189
43.6100,11.1478,118.5593,10.9890,-73.2672,3.1344,-3.1189
43.6203,11.1478,118.5593,9.2587,-76.1969,3.1344,-3.1189
43.6300,13.2407,100.4318,8.4182,-74.3048,3.1344,-3.1189
43.6400,14.2185,96.6476,7.5778,-75.9528,3.2515,-3.2141
43.6505,15.1468,92.3752,7.5778,-75.9528,3.2515,-3.2141
43.6600,16.0532,90.7272,6.7154,-77.6617,3.2515,-3.2141
43.6700,17.7121,84.8679,5.8090,-81.0187,3.2515,-3.2141
43.6800,17.7121,84.8679,4.9026,-82.8497,3.7497,-3.8119
43.6900,17.7121,84.8679,3.1503,-86.7560,3.7497,-3.8119
43.7003,17.7121,84.8679,2.2549,-88.3429,3.9673,-3.9546
43.7100,17.7121,84.8679,1.3925,-85.3522,3.9673,-3.9546
43.7200,21.7496,83.7692,1.3925,-85.3522,4.0491,-3.9790
43.7300,22.5845,85.1120,0.6344,-77.4786,4.0491,-3.9790
43.7400,23.4470,88.3469,-0.0247,-67.8351,4.0279,-3.9546
43.7500,23.4470,88.3469,-0.6400,-64.4781,4.0279,-3.9546
43.7600,24.3369,90.9714,-1.8869,-65.3937,3.5095,-3.5752
43.7701,25.2103,88.1027,-2.4472,-59.8395,3.5095,-3.5752
43.7800,25.9573,71.4401,-2.9361,-52.5153,3.0423,-3.0665
43.7900,26.8143,37.1994,-2.9361,-52.5153,3.0423,-3.0665
43.8001,27.2098,48.6740,-3.3701,-48.7921,2.7439,-2.7932
43.8103,27.8470,79.3747,-3.7656,-45.0079,2.7439,-2.7932
43.8200,27.8470,79.3747,-4.1172,-40.3693,2.7392,-2.6907
43.8300,27.8470,79.3747,-4.7873,-26.3312,2.6814,-2.6706
43.8400,30.1047,131.8039,-5.0345,-21.6315,2.6814,-2.6706
43.8500,31.3516,129.8508,-5.1828,-11.8658,2.6814,-2.6706
43.8600,33.4885,97.1359,-5.1828,-11.8658,2.4943,-2.3985
43.8700,33.4885,97.1359,-5.1828,-11.8658,2.4943,-2.3985
43.8800,34.4278,5.6442,-5.2268,1.0736,2.4943,-2.3985
43.8900,34.4278,5.6442,-5.2268,1.0736,2.4482,-2.3278
43.9000,33.9829,-63.1424,-6.1277,-39.5758,2.4482,-2.3278
43.9100,32.9776,-112.0316,-6.4353,5.0409,2.4482,-2.3278
43.9200,31.3846,-177.3392,-6.2815,21.4594,2.1615,-2.1466
43.9300,28.7753,-280.4276,-6.2815,21.4594,2.1615,-2.1466
43.9406,23.3096,-218.2327,-5.9738,35.3754,1.9533,-1.9361
43.9500,22.0737,-94.6976,-5.4904,49.2914,1.9533,-1.9361
43.9600,22.0737,-94.6976,-4.8862,54.7845,1.4589,-1.3817
43.9705,21.9034,6.1325,-3.2712,60.2777,1.4589,-1.3817
43.9801,22.3538,54.7165,-2.4527,68.5785,0.6270,-0.6448
43.9900,22.6230,13.0905,-1.5464,75.2313,0.6270,-0.6448
44.0000,21.1014,-106.2943,-1.5464,75.2313,0.2388,-0.2532
44.0100,20.1895,-82.4295,-0.6949,61.3763,0.2388,-0.2532
44.0200,19.5908,-53.9261,0.1400,59.5453,-0.0945,0.1458
44.0303,19.5908,-53.9261,0.1400,59.5453,-0.3361,0.3312
44.0400,19.0799,-51.9119,2.1560,41.1127,-0.3361,0.3312
44.0504,18.4976,-59.9075,2.7438,42.8827,-0.3361,0.3312
44.0601,17.8824,-61.3724,3.3645,48.9862,-0.6909,0.7155
44.0702,16.6519,-55.7571,3.3645,48.9862,-0.6909,0.7155
44.0800,16.1411,-49.9588,4.0622,57.7753,-0.8437,0.8595
44.0904,15.6247,-52.2171,4.9026,74.4379,-0.8437,0.8595
44.1000,15.6247,-52.2171,5.9189,91.4056,-1.1275,1.2115
44.1100,15.0479,-59.4193,8.2699,116.8573,-1.1275,1.2115
44.1202,14.4382,-59.9686,8.2699,116.8573,-1.2032,1.2194
44.1300,13.8559,-55.7571,10.8627,123.9374,-1.2032,1.2194
44.1401,13.2791,-55.4520,10.8627,123.9374,-1.8730,1.8794
44.1500,11.9937,-66.8655,12.0932,119.2987,-1.8730,1.8794
44.1600,11.3290,-65.5838,13.2303,106.3593,-2.2020,2.2881
44.1700,11.3290,-65.5838,14.3509,103.6127,-2.2020,2.2881
44.1800,10.6534,-66.3773,16.5481,94.8846,-2.5784,2.5858
44.1900,10.6534,-66.3773,17.5259,87.8656,-2.5784,2.5858
44.2000,9.2362,-68.0862,18.4652,83.9594,-3.1415,3.1080
44.2100,7.7860,-72.9080,18.4652,83.9594,-3.1415,3.1080
44.2200,7.0334,-72.1756,19.3002,83.7762,-3.4893,3.4648
44.2302,7.0334,-72.1756,19.3002,83.7762,-3.4893,3.4648
44.2400,6.3138,-68.1473,21.1349,84.8749,-3.4893,3.4648
44.2501,5.6326,-65.1566,22.9147,78.8324,-3.6016,3.5228
44.2600,4.9899,-63.1424,23.7826,78.8324,-3.6016,3.5228
44.2701,4.9899,-63.1424,24.6670,81.2738,-3.6016,3.5228
44.2800,3.2321,-62.8372,24.6670,81.2738,-3.6754,3.6014
44.2901,2.6773,-59.6024,25.5789,84.0204,-3.6754,3.6014
44.3000,2.6773,-59.6024,26.5182,89.3304,-3.4183,3.4233
44.3100,2.1994,-51.8509,27.5180,98.9130,-3.4183,3.4233
44.3201,1.8149,-45.1370,29.5559,102.2089,-2.6908,2.6718
44.3300,1.8149,-45.1370,29.5559,102.2089,-2.6908,2.6718
44.3400,1.2711,-21.5775,31.6763,120.2753,-2.4266,2.4370
44.3500,0.9195,-14.8636,31.6763,120.2753,-2.4266,2.4370
44.3600,0.8206,-6.7459,33.0386,145.9100,-2.2161,2.1588
44.3700,0.7932,-0.0931,34.5877,160.2533,-2.2161,2.1588
44.3800,0.7932,-0.0931,34.5877,160.2533,-2.2161,2.1588
44.3900,0.8096,1.7990,36.0873,148.7787,-2.2161,2.1588
44.4000,0.7932,-3.0228,37.7572,-27.3077,-2.2161,2.1588
44.4101,0.6558,-16.8777,36.9992,-94.0192,-2.2161,2.1588
44.4200,0.6558,-16.8777,36.9992,-94.0192,-1.9651,1.9685
44.4300,0.3372,-36.5921,36.9992,-94.0192,-1.7428,1.6970
44.4402,-1.2009,-50.3250,33.3407,-239.5270,-1.7428,1.6970
44.4500,-1.2009,-50.3250,30.0448,-340.5402,-1.7428,1.6970
44.4600,-1.2009,-50.3250,26.5402,-310.5109,-1.1844,1.1883
44.4703,-1.2009,-50.3250,26.5402,-310.5109,-1.1844,1.1883
44.4805,-1.9260,5.1559,22.9312,-92.1881,-1.1844,1.1883
44.4900,-1.6458,36.5280,22.5906,-10.0958,-1.1844,1.1883
44.5000,-0.5746,53.8620,22.5906,-10.0958,-1.1844,1.1883
44.5100,-0.0583,53.3737,22.8158,13.3417,-1.1844,1.1883
44.5200,-0.0583,53.3737,22.4753,-38.5992,-0.8601,0.8137
44.5300,0.5075,61.2473,20.7284,-95.7892,-0.8601,0.8137
44.5401,1.0843,59.8434,19.7726,-97.3761,-0.8601,0.8137
44.5500,1.6116,55.5099,18.9981,-81.0187,-0.8601,0.8137
44.5600,2.6114,57.2800,18.9981,-81.0187,-0.8103,0.7832
44.5700,3.1662,61.3693,18.3774,-64.7223,-0.8103,0.7832
44.5800,3.7155,62.4680,17.7347,-66.0040,-0.6011,0.5972
44.5900,3.7155,62.4680,16.9601,-80.0421,-0.6011,0.5972
44.6001,4.3253,71.8674,15.3396,-75.0983,-0.6011,0.5972
44.6100,5.1328,92.0700,14.5871,-67.1637,-0.6011,0.5972
44.6200,6.1215,101.7136,13.9004,-63.3795,-0.6011,0.5972
44.6300,7.1872,108.6716,13.9004,-63.3795,-0.6011,0.5972
44.6403,9.5602,122.7097,13.9004,-63.3795,-0.0587,-0.0061
44.6500,10.7797,120.4514,13.9004,-63.3795,-0.0587,-0.0061
44.6600,10.7797,120.4514,11.8844,-66.1871,-0.0587,-0.0061
44.6700,11.9003,109.2209,11.1538,-72.3517,-0.0587,-0.0061
44.6800,12.9385,102.0798,11.1538,-72.3517,0.4117,-0.4807
44.6900,13.9328,98.1125,11.1538,-72.3517,0.4117,-0.4807
44.7000,14.9216,98.0515,8.5611,-80.4083,1.1158,-1.0980
44.7100,16.8771,96.6476,8.5611,-80.4083,1.1158,-1.0980
44.7200,17.6682,94.6335,6.7813,-83.1549,1.1158,-1.0980
44.7300,17.6682,94.6335,5.8639,-83.8263,1.1158,-1.0980
44.7402,17.6682,94.6335,4.0237,-88.1598,1.5407,-1.5140
44.7501,19.4260,91.0934,3.1723,-87.4274,1.5407,-1.5140
44.7602,20.3159,89.8117,2.3648,-84.9860,1.8278,-1.7385
44.7700,21.1893,87.6755,2.3648,-84.9860,1.8278,-1.7385
44.7800,22.0242,84.6848,1.5463,-85.2911,1.8278,-1.7385
44.7902,23.6173,83.8303,0.7498,-83.5211,1.8278,-1.7385
44.8000,23.6173,83.8303,0.7498,-83.5211,1.8278,-1.7385
44.8100,24.4357,86.3327,-1.3541,-69.7272,1.8278,-1.7385
44.8200,25.2707,87.7365,-2.1561,-69.0558,1.7489,-1.7507
44.8301,26.1002,85.9665,-2.8647,-65.3937,1.7489,-1.7507
44.8400,26.8417,74.2477,-2.8647,-65.3937,2.1700,-2.2082
44.8500,27.4185,56.8527,-3.5294,-58.0084,2.1700,-2.2082
44.8600,28.4018,62.6511,-4.0787,-48.6090,2.4896,-2.3851
44.8700,28.4018,62.6511,-4.5017,-45.0690,2.4670,-2.4156
44.8800,29.1654,92.9245,-5.1938,-30.5426,2.4670,-2.4156
44.8900,30.2310,116.9724,-5.5454,-28.4674,2.4670,-2.4156
44.9000,31.3736,120.8176,-5.8695,-29.1388,2.8068,-2.8841
44.9100,33.2028,85.7224,-5.8695,-29.1388,2.8068,-2.8841
44.9200,33.8290,58.9279,-6.0892,-19.0680,3.2529,-3.3617
44.9304,33.8290,58.9279,-6.1661,-3.3820,3.5180,-3.5856
44.9401,34.0103,7.7194,-6.1716,0.8295,3.5180,-3.5856
44.9500,33.6093,-55.0247,-6.1991,-5.1520,3.5180,-3.5856
44.9600,32.6755,-102.2049,-6.0398,19.9945,3.8065,-3.7838
44.9700,31.4175,-131.9901,-5.7102,38.0609,3.8065,-3.7838
44.9801,26.7923,-280.6717,-5.7102,38.0609,4.0693,-4.1297
44.9900,24.1776,-246.7972,-5.3147,42.8827,4.0693,-4.1297
45.0000,22.3648,-157.8690,-5.3147,42.8827,4.0693,-4.1297
45.0102,22.3648,-157.8690,-4.8752,43.2489,4.0693,-4.1297
45.0200,21.7331,-32.6859,-2.8318,52.7094,4.1097,-4.1108
45.0300,21.8759,21.8185,-2.1616,54.6014,4.1097,-4.1108
45.0400,21.8210,-13.4598,-1.4420,56.2494,3.8789,-3.8839
45.0500,20.2390,-89.6927,-1.4420,56.2494,3.8789,-3.8839
45.0606,19.4809,-68.6356,-1.4420,56.2494,3.1843,-3.1927
45.0700,18.9536,-49.5316,0.4037,75.2313,3.1711,-3.1452
45.0803,18.9536,-49.5316,1.3650,72.1796,3.1711,-3.1452
45.0900,18.4427,-53.1937,3.1009,56.9818,3.1711,-3.1452
45.1000,17.7286,-62.4710,3.8809,51.4886,2.9356,-2.9256
45.1100,17.7286,-62.4710,3.8809,51.4886,2.9356,-2.9256
45.1200,15.6467,-59.9075,4.6389,55.4559,2.4515,-2.4004
45.1300,15.6467,-59.9075,5.4245,61.8036,2.3533,-2.3741
45.1400,15.0644,-58.4427,6.3089,72.0575,2.3533,-2.3741
45.1500,14.4602,-60.2737,7.3416,87.0721,2.3533,-2.3741
45.1603,14.4602,-60.2737,9.7806,117.1625,2.3533,-2.3741
45.1700,14.4602,-60.2737,11.1429,125.5853,2.3533,-2.3741
45.1801,12.7023,-59.1141,12.5107,126.6229,1.9994,-2.0411
45.1900,11.4774,-64.4241,12.5107,126.6229,1.9994,-2.0411
45.2001,10.8676,-61.7996,12.5107,126.6229,1.6647,-1.6464
45.2103,10.2634,-62.5931,12.5107,126.6229,1.6647,-1.6464
45.2200,10.2634,-62.5931,12.5107,126.6229,1.2709,-1.1822
45.2303,9.6207,-67.6590,18.3279,101.5985,1.2709,-1.1822
45.2406,8.9505,-70.8328,19.3222,100.0726,1.2709,-1.1822
45.2500,8.2858,-70.2225,20.3769,96.7767,1.2709,-1.1822
45.2604,6.9894,-68.8797,20.3769,96.7767,0.6871,-0.6399
45.2704,6.3467,-69.1849,21.3821,93.2977,0.6871,-0.6399
45.2800,6.3467,-69.1849,22.3709,92.7484,0.4056,-0.4172
45.2900,5.6931,-68.6356,23.3377,92.6874,0.2552,-0.2269
45.3000,5.0723,-64.4852,24.2935,92.3212,0.2552,-0.2269
45.3101,4.5010,-60.4568,25.2438,91.9550,0.2552,-0.2269
45.3200,3.9407,-60.5789,26.2271,95.4950,0.2552,-0.2269
45.3301,2.7927,-55.3299,26.2271,95.4950,0.2552,-0.2269
45.3400,2.2379,-52.2781,28.3859,111.1200,-0.7215,0.5679
45.3501,2.2379,-52.2781,29.5285,112.1576,-0.7215,0.5679
45.3602,1.7050,-49.5316,30.4953,92.6874,-1.0942,1.0504
45.3700,1.2106,-46.4798,31.7587,53.9911,-1.0942,1.0504
45.3800,0.7382,-43.7332,32.1762,48.9862,-1.2671,1.1651
45.3900,0.2988,-41.0477,32.7090,68.3954,-1.2671,1.1651
45.4000,-0.3604,-28.4134,32.7090,68.3954,-1.6657,1.6080
45.4101,-0.5691,-20.7230,33.6099,110.9369,-1.6657,1.6080
45.4200,-0.7449,-13.3987,35.0601,167.3944,-1.7771,1.7983
45.4304,-0.7449,-13.3987,36.8893,195.3485,-1.7771,1.7983
45.4400,-0.7504,-9.0042,38.6856,180.5780,-1.9547,1.9258
45.4501,-0.8054,-10.0418,40.6302,36.4130,-1.9547,1.9258
45.4606,-0.9592,-14.8026,40.6302,36.4130,-2.7711,2.8042
45.4700,-1.5305,-34.3338,40.2896,-55.5060,-2.7711,2.8042
45.4800,-1.9205,-38.7894,39.2788,-114.7711,-2.7711,2.8042
45.4900,-2.2940,-36.6531,37.7682,-156.3361,-2.9450,2.9146
45.5000,-2.2940,-36.6531,35.7632,-204.6759,-2.9450,2.9146
45.5100,-2.5906,-27.0706,28.8638,-380.7013,-2.9450,2.9146
45.5200,-2.7335,-11.2625,25.7327,-248.4381,-2.9450,2.9146
45.5301,-2.7005,7.0480,24.1891,-100.0616,-2.9450,2.9146
45.5400,-2.5082,20.6589,24.1891,-100.0616,-3.1640,3.1848
45.5500,-1.8545,41.6550,23.7661,-15.9552,-3.1640,3.1848
45.5600,-1.2613,62.5290,23.6068,-16.5656,-3.1640,3.1848
45.5700,-1.2613,62.5290,23.2058,-44.2755,-3.1640,3.1848
45.5801,-0.5472,72.8439,21.4480,-100.5499,-3.1640,3.1848
45.5900,0.2054,78.0930,20.5307,-93.1647,-3.1640,3.1848
45.6000,0.9799,80.2292,19.8715,-73.9386,-3.5452,3.4996
45.6103,1.6995,73.0270,19.8715,-73.9386,-3.5452,3.4996
45.6200,2.9849,65.2756,19.1519,-81.5680,-3.5509,3.6027
45.6300,2.9849,65.2756,18.2840,-85.8405,-3.3995,3.4136
45.6401,3.6057,66.1911,17.4106,-79.4928,-3.3995,3.4136
45.6500,4.2593,70.8298,15.7901,-68.3234,-3.3995,3.4136
45.6600,4.9899,78.9474,14.9936,-61.1823,-3.2435,3.2617
45.6700,5.8908,97.8683,14.2410,-54.2853,-3.2435,3.2617
45.6800,8.2694,131.9870,14.2410,-54.2853,-2.5192,2.4754
45.6900,9.7525,151.7014,13.4610,-61.1212,-2.5192,2.4754
45.7000,11.2851,151.0910,12.6590,-68.8727,-2.1761,2.1423
45.7102,11.2851,151.0910,11.0879,-80.5914,-2.1761,2.1423
45.7200,12.6914,137.1750,10.2255,-84.4977,-2.1761,2.1423
45.7300,12.6914,137.1750,9.2752,-90.8453,-2.1761,2.1423
45.7400,15.1523,114.7141,8.3194,-91.6388,-1.8137,1.8148
45.7501,17.3386,106.2912,8.3194,-91.6388,-1.6539,1.6537
45.7602,18.3713,102.0187,8.3194,-91.6388,-1.6539,1.6537
45.7700,19.2777,98.6008,6.5506,-84.2535,-1.6539,1.6537
45.7800,19.2777,98.6008,5.6936,-82.7887,-1.3428,1.3402
45.7900,20.2335,95.9152,4.0127,-85.7794,-1.2149,1.2993
45.8000,21.1563,93.0466,3.1833,-86.2677,-1.2149,1.2993
45.8100,22.0572,92.4973,2.4197,-86.2677,-1.1134,1.1364
45.8201,22.9636,93.9011,2.4197,-86.2677,-1.1134,1.1364
45.8300,23.8974,97.5632,2.4197,-86.2677,-1.1134,1.1364
45.8400,25.9189,109.5871,2.4197,-86.2677,-1.1134,1.1364
45.8500,25.9189,109.5871,0.0906,-82.9718,-1.1134,1.1364
45.8600,27.0065,115.2634,-1.2937,-70.7648,-1.1134,1.1364
45.8700,28.1271,117.3996,-1.2937,-70.7648,-1.1134,1.1364
45.8800,29.1654,104.8874,-2.7439,-67.5909,-1.0401,1.0809
45.8901,29.9674,78.9474,-2.7439,-67.5909,-1.0401,1.0809
45.9002,31.0495,57.4631,-2.7439,-67.5909,-0.8046,0.8674
45.9100,31.7362,81.6330,-4.0348,-67.1027,-0.8046,0.8674
45.9200,31.7362,81.6330,-4.6006,-61.0602,-0.4827,0.5264
45.9300,32.7084,110.9909,-5.5289,-51.1725,-0.4827,0.5264
45.9400,33.9060,126.2497,-5.9574,-43.4821,-0.1053,0.0732
45.9500,35.0375,114.5309,-6.3694,-37.3785,-0.1053,0.0732
45.9600,36.4328,53.1296,-6.3694,-37.3785,1.2610,-1.3329
45.9700,36.4768,-6.3187,-6.3694,-37.3785,1.2610,-1.3329
45.9800,35.9000,-64.1190,-6.8198,-15.4669,2.3486,-2.3143
45.9900,35.9000,-64.1190,-6.8198,-3.7482,2.3486,-2.3143
46.0002,34.8453,-108.0643,-6.8912,-13.0255,2.6517,-2.6303
46.0101,33.5928,-120.3934,-6.8912,-13.0255,2.6517,-2.6303
46.0200,32.3843,-116.5482,-6.9736,-8.8751,2.6931,-2.7505
46.0303,31.0056,-150.1785,-6.9406,4.1864,2.6931,-2.7505
46.0402,28.8467,-234.0408,-6.9406,4.1864,3.0005,-3.0915
46.0500,24.0128,-210.7254,-6.3529,35.6805,3.0005,-3.0915
46.0602,24.0128,-210.7254,-5.7981,51.9159,3.0005,-3.0915
46.0700,24.0128,-210.7254,-4.1007,72.9120,3.0005,-3.0915
46.0800,23.3481,59.0500,-3.2108,75.5975,3.1626,-3.1635
46.0900,23.7546,32.6828,-2.2769,70.7147,3.1626,-3.1635
46.1000,23.3810,-51.7899,-2.2769,70.7147,3.2515,-3.2910
46.1100,22.3703,-107.2708,-1.3156,71.7523,3.4940,-3.4892
46.1200,20.5411,-69.7342,-0.4148,67.2357,3.4940,-3.4892
46.1300,20.5411,-69.7342,0.4312,61.6205,3.4940,-3.4892
46.1400,19.9753,-55.0247,2.1615,67.1136,3.6434,-3.6856
46.1504,19.3985,-44.8929,2.9141,61.6205,3.8314,-3.8930
46.1601,18.9920,-39.7659,3.5623,56.6156,3.8314,-3.8930
46.1700,18.5526,-45.5032,3.5623,56.6156,3.8314,-3.8930
46.1800,17.3496,-63.5086,4.2929,61.4374,3.1946,-3.1665
46.1906,16.7398,-58.8699,5.2102,78.6493,3.1946,-3.1665
46.2007,16.7398,-58.8699,7.6162,115.2704,2.8421,-2.7657
46.2100,16.1740,-56.4285,8.9731,127.6605,2.8421,-2.7657
46.2200,15.5753,-58.1375,10.4123,132.9095,2.5911,-2.5522
46.2301,14.9381,-61.6776,10.4123,132.9095,2.5911,-2.5522
46.2400,13.5867,-69.5511,11.8460,131.5057,2.2457,-2.3082
46.2505,12.8836,-70.1004,13.2467,126.1346,2.2457,-2.3082
46.2600,12.2574,-60.9451,14.5981,120.8246,2.0718,-2.0514
46.2704,12.2574,-60.9451,15.9384,123.9374,1.7249,-1.6354
46.2800,11.6916,-56.7947,15.9384,123.9374,1.7249,-1.6354
46.2900,11.0764,-64.8514,18.3224,104.5282,1.7249,-1.6354
46.3000,11.0764,-64.8514,20.2505,99.0961,1.6422,-1.6153
46.3100,8.9835,-71.6873,20.2505,99.0961,1.6422,-1.6153
46.3200,8.3133,-69.7342,20.2505,99.0961,1.0364,-1.0303
46.3300,7.6871,-65.2176,22.3489,96.5326,1.0364,-1.0303
46.3400,7.6871,-65.2176,23.3267,91.1615,1.0364,-1.0303
46.3500,7.0938,-63.8138,25.2438,91.2225,1.0364,-1.0303
46.3600,7.0938,-63.8138,26.2655,97.8143,0.8803,-0.8937
46.3705,5.9457,-61.7386,26.2655,97.8143,0.8803,-0.8937
46.3800,4.7647,-58.5037,27.3642,106.2372,0.5349,-0.5679
46.3902,4.1769,-57.1609,28.5287,113.9276,0.5349,-0.5679
46.4000,4.1769,-57.1609,29.6823,112.6459,0.5349,-0.5679
46.4100,3.6386,-56.6727,30.7480,102.8192,0.5349,-0.5679
46.4202,3.1332,-58.1985,32.4563,77.4896,0.1701,-0.0921
46.4300,3.1332,-58.1985,32.4563,77.4896,-0.1593,0.1641
46.4400,2.1939,-50.1419,33.9010,80.7245,-0.1593,0.1641
46.4500,1.3809,-44.1605,33.9010,80.7245,-0.4268,0.4868
46.4600,1.3809,-44.1605,34.8129,104.7723,-0.4268,0.4868
46.4700,1.3809,-44.1605,36.0818,140.8441,-0.4268,0.4868
46.4801,1.3809,-44.1605,37.6034,158.3612,-0.9123,0.9351
46.4901,1.3809,-44.1605,38.9877,133.0927,-0.8695,0.8815
46.5000,-0.5911,-48.3109,40.2896,20.6049,-0.8695,0.8815
46.5100,-0.5911,-48.3109,40.0039,-47.3883,-0.8695,0.8815
46.5201,-1.4041,-37.6297,40.0039,-47.3883,-1.5026,1.4927
46.5300,-1.7447,-28.1693,39.0976,-103.0524,-1.5026,1.4927
46.5400,-2.1127,-10.3470,39.0976,-103.0524,-1.6685,1.6873
46.5500,-2.1127,-10.3470,37.7517,-137.8424,-1.6685,1.6873
46.5600,-2.1127,-10.3470,36.0214,-172.2052,-2.0210,2.0148
46.5703,-2.2391,-1.7410,33.9834,-192.0416,-2.1249,2.1423
46.5800,-2.2391,2.5314,32.0224,-172.0831,-2.1249,2.1423
46.5900,-2.1841,7.5974,28.3529,-197.5348,-2.1249,2.1423
46.6000,-2.0908,10.9543,26.1392,-196.0089,-2.5286,2.5382
46.6103,-1.9754,13.7619,24.6121,-115.9308,-2.5286,2.5382
46.6200,-1.9754,13.7619,24.0738,-21.8756,-2.7157,2.8255
46.6302,-1.9754,13.7619,23.8321,-24.5612,-2.9215,3.0360
46.6400,-0.7394,71.5622,23.1399,-77.4786,-2.9215,3.0360
46.6506,0.1065,88.7131,23.1399,-77.4786,-2.9215,3.0360
46.6600,0.9909,89.0793,21.9973,-116.1749,-3.0884,3.0439
46.6705,2.7432,87.1872,20.7174,-112.8180,-3.0884,3.0439
46.6800,2.7432,87.1872,19.8440,-84.0704,-3.2468,3.2232
46.6907,3.5892,84.8679,18.8388,-50.8063,-3.2468,3.2232
46.7005,4.4132,83.8913,18.8388,-50.8063,-3.2468,3.2232
46.7104,5.2261,87.1262,18.1247,-65.5157,-3.3934,3.3678
46.7202,6.1380,94.6335,16.2130,-82.5446,-3.3934,3.3678
46.7300,7.1652,112.4557,16.2130,-82.5446,-3.3934,3.3678
46.7406,9.6976,130.4611,15.4110,-76.2579,-3.2989,3.1714
46.7500,9.6976,130.4611,14.6805,-69.2999,-3.2989,3.1714
46.7600,11.0709,139.1281,14.0048,-66.2482,-3.2989,3.1714
46.7702,12.4826,140.8981,13.3346,-68.5065,-3.2989,3.1714
46.7800,13.8449,133.8181,11.7691,-76.0138,-3.0480,3.0634
46.7900,13.8449,133.8181,10.9286,-76.2579,-3.0480,3.0634
46.8001,16.2509,112.7609,10.9286,-76.2579,-2.4045,2.3985
46.8100,18.4152,105.0095,10.1486,-76.3190,-2.4045,2.3985
46.8200,18.4152,105.0095,9.4125,-77.6007,-1.9557,2.0087
46.8300,19.4370,101.3474,8.6160,-80.7135,-1.9073,1.9624
46.8400,20.4202,97.4411,7.7426,-84.3146,-1.9073,1.9624
46.8501,21.2827,94.7556,6.8692,-82.2394,-1.6685,1.6830
46.8600,22.1231,94.5114,5.3805,-74.7931,-1.6685,1.6830
46.8702,23.0679,95.7321,5.3805,-74.7931,-1.6685,1.6830
46.8804,24.0018,94.7556,4.6884,-74.5490,-1.1665,1.3085
46.8900,24.9027,91.2766,4.6884,-74.5490,-1.1665,1.3085
46.9005,25.7761,89.6896,3.4030,-67.8351,-0.5203,0.4911
46.9100,26.6440,90.4221,2.2879,-63.5626,-0.5203,0.4911
46.9200,27.5009,90.2390,1.6726,-64.8444,0.1499,-0.2916
46.9305,29.1434,86.6989,1.1453,-57.5812,0.1499,-0.2916
46.9400,29.1434,86.6989,1.1453,-57.5812,0.8211,-0.7723
46.9500,30.5112,61.9186,0.6564,-56.4825,0.8211,-0.7723
46.9600,30.5112,61.9186,0.1455,-57.5201,1.3545,-1.4646
46.9704,30.8243,30.4855,-0.3763,-57.9474,1.5167,-1.4481
46.9800,30.9232,15.7150,-1.3596,-48.5480,1.5167,-1.4481
46.9900,31.1154,32.1945,-1.3596,-48.5480,1.5167,-1.4481
47.0000,31.5823,60.8200,-2.3593,-50.8673,1.5726,-1.5567
47.0100,32.3898,94.3893,-2.3593,-50.8673,1.5726,-1.5567
47.0200,33.4610,114.8972,-2.8372,-46.1676,2.4022,-2.4199
47.0300,35.4331,84.0744,-3.1394,-34.0216,2.4022,-2.4199
47.0400,35.4331,84.0744,-3.3646,-22.6691,3.2219,-3.2098
47.0500,35.4331,84.0744,-3.8260,-19.0680,3.2219,-3.2098
47.0600,36.2241,13.5788,-4.0402,-17.9083,3.7224,-3.6917
47.0700,35.8560,-45.9305,-4.2325,-15.6500,3.7224,-3.6917
47.0805,34.0378,-105.1956,-4.2325,-15.6500,3.8836,-3.8210
47.0900,32.7249,-143.4036,-4.3918,-13.6359,3.8836,-3.8210
47.1001,30.5441,-238.7405,-4.4413,-0.7574,3.7248,-3.6875
47.1100,30.5441,-238.7405,-4.2984,17.8583,3.7248,-3.6875
47.1202,27.6328,-291.9022,-3.2987,62.8412,2.9450,-2.9457
47.1300,24.6719,-287.8738,-2.4582,75.7196,2.9450,-2.9457
47.1400,22.4197,-194.6732,-1.4914,86.8280,2.3331,-2.3973
47.1502,21.8045,-16.9998,-1.4914,86.8280,2.3331,-2.3973
47.1601,22.3813,72.2336,-0.5356,81.0297,2.1028,-2.0886
47.1700,22.8317,32.8049,0.1510,54.1132,2.1028,-2.0886
47.1800,22.8317,32.8049,0.5740,32.8729,1.7865,-1.7690
47.1900,21.5848,-96.1014,1.7331,45.5072,1.7865,-1.7690
47.2002,21.5848,-96.1014,1.7331,45.5072,1.5181,-1.5494
47.2101,21.5848,-96.1014,3.0734,47.3383,1.5181,-1.5494
47.2202,18.9316,-57.7713,3.0734,47.3383,1.1962,-1.2066
47.2301,18.3493,-56.0623,3.0734,47.3383,1.1962,-1.2066
47.2404,18.3493,-56.0623,4.4247,53.2587,0.8657,-0.8119
47.2500,18.3493,-56.0623,4.4247,53.2587,0.8657,-0.8119
47.2601,18.3493,-56.0623,6.3418,67.5409,0.8657,-0.8119
47.2700,17.7725,-57.3441,7.2317,79.0765,0.8657,-0.8119
47.2800,16.5805,-52.4002,7.2317,79.0765,0.1795,-0.1519
47.2901,15.5972,-49.3484,8.2864,94.2743,-0.0790,0.1531
47.3000,15.0919,-49.7757,8.2864,94.2743,-0.0790,0.1531
47.3100,14.5810,-52.7054,10.6100,111.3641,-0.0790,0.1531
47.3200,14.5810,-52.7054,11.8734,120.3363,-0.6980,0.7570
47.3300,14.5810,-52.7054,13.1479,121.8011,-0.6980,0.7570
47.3400,12.8232,-61.0672,15.6143,120.5804,-1.3654,1.4128
47.3500,12.2409,-59.2361,16.8118,117.5287,-1.4683,1.4585
47.3600,11.0104,-65.8890,16.8118,117.5287,-1.4683,1.4585
47.3700,11.0104,-65.8890,17.9379,108.5565,-1.4683,1.4585
47.3802,10.3238,-70.1614,18.8827,100.1947,-1.8354,1.7660
47.3900,9.6536,-64.9124,19.6902,96.0443,-1.8354,1.7660
47.4000,9.0604,-56.8558,20.4648,94.7626,-2.2861,2.2771
47.4101,8.5001,-56.3065,21.2118,90.8563,-2.2861,2.2771
47.4201,7.9178,-58.6258,22.9147,88.0487,-2.8491,2.8762
47.4300,6.8027,-52.2781,22.9147,88.0487,-2.8491,2.8762
47.4400,6.8027,-52.2781,23.8485,90.3070,-3.2623,3.3324
47.4500,6.8027,-52.2781,24.7714,89.5135,-3.3238,3.2928
47.4600,6.2643,-53.4378,24.7714,89.5135,-3.3238,3.2928
47.4700,6.2643,-53.4378,27.1280,66.8695,-3.3238,3.2928
47.4800,5.7205,-53.1937,27.7652,59.2401,-3.5913,3.5411
47.4907,4.2044,-50.3860,28.3420,55.8832,-3.5913,3.5411
47.5000,3.7485,-46.9070,28.3420,55.8832,-3.7816,3.7930
47.5100,2.8531,-50.9964,28.3420,55.8832,-3.7816,3.7930
47.5200,2.8531,-50.9964,29.3966,59.1180,-3.8446,3.8253
47.5300,2.8531,-50.9964,30.1108,81.7010,-3.8446,3.8253
47.5400,2.3752,-52.2781,32.8958,182.4091,-3.8916,3.8979
47.5500,2.3752,-52.2781,34.9502,215.3680,-3.8916,3.8979
47.5600,1.8863,-50.7523,36.9388,195.2875,-3.5922,3.6136
47.5700,1.4249,-43.8553,36.9388,195.2875,-3.5922,3.6136
47.5800,0.9305,8.8791,38.3944,130.0409,-3.0884,3.0219
47.5900,0.9305,8.8791,39.0701,41.0516,-3.0884,3.0219
47.6000,0.9305,8.8791,38.8778,-48.4259,-2.5498,2.4845
47.6100,0.9305,8.8791,36.3839,-166.5900,-2.5498,2.4845
47.6200,0.9305,8.8791,36.3839,-166.5900,-1.8598,1.8227
47.6300,0.9305,8.8791,31.2588,-297.8156,-1.8598,1.8227
47.6403,1.0898,4.9118,31.2588,-297.8156,-1.3099,1.2804
47.6500,0.4746,-24.0799,31.2588,-297.8156,-1.3099,1.2804
47.6600,0.2658,-19.0140,24.5242,-239.2218,-0.6138,0.5984
47.6700,0.1724,-6.6238,23.1454,-95.7892,-0.6138,0.5984
47.6801,0.1944,4.3625,23.1180,20.4218,-0.2388,0.1824
47.6900,0.3043,11.5036,23.1729,4.3695,-0.2388,0.1824
47.7001,0.3043,11.5036,22.8927,-36.6461,0.3892,-0.5094
47.7101,0.6613,23.4055,22.8927,-36.6461,0.3892,-0.5094
47.7200,0.9580,32.1335,22.1292,-85.0470,1.0895,-1.0626
47.7304,1.2656,32.8659,21.0415,-106.4703,1.0895,-1.0626
47.7400,1.5018,24.2599,20.1077,-93.5919,1.0895,-1.0626
47.7501,1.6831,22.2458,18.7838,-70.6427,1.0895,-1.0626
47.7600,1.9193,27.0676,18.0862,-74.9152,1.4518,-1.4109
47.7700,2.2543,33.3542,17.0920,-84.4977,1.4518,-1.4109
47.7805,3.3090,67.8391,17.0920,-84.4977,1.9308,-1.9136
47.7900,4.0396,79.5578,16.1691,-88.8922,1.9308,-1.9136
47.8000,4.0396,79.5578,15.3232,-82.9718,2.7523,-2.7981
47.8104,4.9350,96.0373,14.6255,-73.7555,2.7523,-2.7981
47.8200,6.0007,113.3102,13.9389,-69.7882,2.7523,-2.7981
47.8300,7.1597,114.5920,12.4173,-75.0983,2.7523,-2.7981
47.8400,8.2968,113.8596,11.6317,-74.4269,3.4620,-3.4398
47.8500,10.6369,115.3244,11.6317,-74.4269,3.4620,-3.4398
47.8600,11.7246,106.5353,10.8462,-73.8776,3.4620,-3.4398
47.8700,11.7246,106.5353,10.0058,-78.0280,3.4620,-3.4398
47.8805,12.7573,103.1174,9.1104,-79.5538,3.9936,-3.9803
47.8900,12.7573,103.1174,7.4295,-74.3658,3.9936,-3.9803
47.9000,14.7678,99.5163,6.5451,-77.1124,4.1473,-4.1077
47.9100,15.7456,97.5632,6.5451,-77.1124,4.1473,-4.1077
47.9200,16.6959,95.1218,6.5451,-77.1124,4.2018,-4.1309
47.9304,17.5473,92.8024,4.6609,-84.6808,4.2018,-4.1309
47.9400,18.3713,91.0324,3.8095,-83.8873,4.2018,-4.1309
47.9501,18.3713,91.0324,3.8095,-83.8873,4.2018,-4.1309
47.9600,19.2612,89.5065,2.9306,-88.2819,4.0904,-4.0882
47.9700,20.9970,88.1638,1.9967,-93.1036,4.0904,-4.0882
47.9800,21.8814,89.7507,0.2499,-83.0328,3.8907,-3.8930
47.9900,22.7878,92.1310,-0.5905,-76.0748,3.8907,-3.8930
48.0000,23.7381,96.4035,-1.4035,-73.3282,3.3793,-3.4367
48.0100,24.7214,98.9670,-2.1561,-71.2531,3.3793,-3.4367
48.0200,25.7156,100.9201,-2.8263,-62.8912,3.0230,-3.0207
48.0300,26.6715,94.1452,-3.9194,-52.3932,3.0230,-3.0207
48.0401,27.4625,77.6047,-4.3534,-47.3883,2.4708,-2.4998
48.0506,28.6545,70.6467,-4.3534,-47.3883,2.1545,-2.1747
48.0600,28.6545,70.6467,-4.6500,-31.8243,2.1545,-2.1747
48.0700,30.8627,147.5510,-4.8862,-27.3077,2.1545,-2.1747
48.0800,30.8627,147.5510,-5.2158,-40.8575,1.9688,-2.0057
48.0900,30.8627,147.5510,-5.6607,-52.6984,1.9688,-2.0057
48.1000,30.8627,147.5510,-6.2320,-48.8531,1.5750,-1.6019
48.1105,34.9332,125.3952,-6.2320,-48.8531,1.5750,-1.6019
48.1200,35.9549,101.5915,-6.2320,-48.8531,1.5750,-1.6019
48.1302,36.3174,-42.7567,-7.1109,-34.3878,1.5750,-1.6019
48.1400,35.4495,-103.0594,-8.0063,-39.6979,1.5750,-1.6019
48.1500,35.4495,-103.0594,-8.5282,-46.9611,1.6234,-1.5939
48.1604,34.0323,-158.7845,-8.5282,-46.9611,1.6234,-1.5939
48.1700,31.9009,-228.8528,-9.1544,-15.1007,1.6234,-1.5939
48.1804,29.2862,-263.7650,-9.2972,-9.4855,0.9442,-0.9705
48.1901,26.7099,-249.4827,-9.3137,4.9799,0.9442,-0.9705
48.2001,23.9688,-56.0013,-8.9676,43.0658,0.5038,-0.5588
48.2100,24.1226,35.8566,-8.1491,86.2177,0.5038,-0.5588
48.2203,24.1226,35.8566,-8.1491,86.2177,0.2378,-0.2086
48.2300,24.7763,76.3840,-8.1491,86.2177,0.2378,-0.2086
48.2400,25.1608,24.8703,-8.1491,86.2177,-0.1593,0.1305
48.2500,24.6280,-71.2601,-8.1491,86.2177,-0.1593,0.1305
48.2600,23.5074,-115.2664,-5.9958,83.2880,-0.5443,0.5478
48.2700,21.6397,-71.4432,-3.4360,41.2347,-0.8093,0.7387
48.2801,21.1398,-44.2825,-3.4360,41.2347,-0.8093,0.7387
48.2901,21.1398,-44.2825,-2.7164,46.9720,-0.8093,0.7387
48.3001,20.8157,-32.9910,-1.9858,51.0614,-1.1167,1.0901
48.3104,20.3378,-55.3299,0.4751,73.5223,-1.3818,1.4219
48.3201,19.6182,-75.8987,1.3485,82.4335,-1.3818,1.4219
48.3300,18.8986,-70.2835,1.3485,82.4335,-1.3818,1.4219
48.3400,17.8055,-49.8367,2.2824,89.7577,-1.3818,1.4219
48.3500,17.3111,-50.5692,3.2986,101.2933,-1.3818,1.4219
48.3600,17.3111,-50.5692,4.3368,104.4061,-1.9392,1.9764
48.3703,16.7508,-58.2596,5.4464,105.8099,-1.9392,1.9764
48.3800,16.0806,-66.9876,8.0063,124.0594,-2.2377,2.2710
48.3900,15.3775,-66.3773,9.3081,123.6932,-2.5286,2.5968
48.4000,14.7293,-61.4334,10.5496,119.6649,-2.5286,2.5968
48.4100,14.1361,-56.7337,10.5496,119.6649,-2.5286,2.5968
48.4200,12.9880,-57.4661,11.7636,116.9183,-2.6720,2.7102
48.4300,12.9880,-57.4661,11.7636,116.9183,-2.6720,2.7102
48.4400,12.3837,-59.7855,14.0378,108.8617,-2.6720,2.7102
48.4500,11.7465,-63.2034,15.1144,105.6879,-2.6550,2.6535
48.4601,11.0819,-66.3773,16.1801,103.6737,-2.6550,2.6535
48.4701,10.4172,-65.7669,17.2403,103.3685,-2.6550,2.6535
48.4800,9.0988,-67.5980,17.2403,103.3685,-2.6550,2.6535
48.4902,8.4122,-69.0628,19.0310,99.9506,-2.7984,2.7810
48.5000,8.4122,-69.0628,19.9539,97.5092,-2.7984,2.7810
48.5102,7.7585,-65.2786,21.9754,95.4340,-2.7984,2.7810
48.5200,7.1378,-62.8983,22.9477,89.3304,-3.1260,3.0409
48.5300,6.5280,-62.3489,23.8650,83.3490,-3.1260,3.0409
48.5402,5.9512,-60.3348,23.8650,83.3490,-3.6693,3.8040
48.5502,4.8966,-50.5081,24.7659,82.9218,-3.6693,3.8040
48.5600,4.4186,-46.6019,25.6064,77.9779,-3.8423,3.8839
48.5700,4.4186,-46.6019,26.3534,71.0809,-3.8423,3.8839
48.5803,4.0396,-43.9774,27.0126,63.2684,-3.8267,3.8180
48.5900,3.7210,-38.1790,28.3859,83.5321,-3.8267,3.8180
48.6005,3.4354,-30.6107,28.3859,83.5321,-3.4080,3.3385
48.6100,3.1992,-19.6243,31.2698,193.6395,-3.4080,3.3385
48.6200,3.1113,2.6535,31.2698,193.6395,-2.9676,2.9176
48.6300,3.1497,3.7521,31.2698,193.6395,-2.9676,2.9176
48.6400,3.1497,3.7521,35.5325,216.3446,-2.9723,2.9579
48.6500,3.1387,-3.2669,37.4167,178.3807,-2.9723,2.9579
48.6600,3.0014,-17.7322,38.7680,119.1156,-2.3627,2.3064
48.6700,2.7213,-30.1224,39.2953,26.0980,-2.3627,2.3064
48.6800,2.3917,-33.5403,38.8339,-74.2438,-2.0671,2.0533
48.6905,2.0676,-32.0755,38.8339,-74.2438,-2.0671,2.0533
48.7000,1.7490,-32.9300,35.6863,-206.3849,-1.7522,1.7568
48.7103,1.3699,-40.9256,32.7749,-300.0739,-1.7099,1.7165
48.7206,0.9085,-48.4940,32.7749,-300.0739,-1.7099,1.7165
48.7302,0.4526,-44.7708,25.5789,-288.7213,-1.7099,1.7165
48.7400,0.4526,-44.7708,25.5789,-288.7213,-1.7099,1.7165
48.7500,0.4526,-44.7708,23.7167,-3.8702,-1.7099,1.7165
48.7600,0.4526,-44.7708,23.7552,8.0316,-1.1369,1.0285
48.7702,0.1175,-30.0613,23.6508,-11.3776,-1.1369,1.0285
48.7800,-0.0034,13.0295,23.2278,-47.3883,-0.3252,0.3099
48.7901,0.2164,25.2975,23.2278,-47.3883,-0.3252,0.3099
48.8000,0.5075,32.1945,21.5854,-91.3947,1.1736,-1.1529
48.8100,0.8151,31.7673,20.7669,-83.1549,1.1736,-1.1529
48.8200,1.1008,29.9362,19.3167,-82.9718,1.4152,-1.5189
48.8301,1.4029,31.9504,19.3167,-82.9718,1.4152,-1.5189
48.8400,2.2434,50.5051,18.4927,-84.6198,1.4152,-1.5189
48.8500,2.2434,50.5051,17.6193,-85.5353,1.4152,-1.5189
48.8601,2.8146,61.7355,16.7624,-84.3756,2.0859,-2.0758
48.8700,3.4958,73.8205,15.1693,-78.4552,2.0859,-2.0758
48.8805,4.3527,91.4597,14.3673,-77.7838,2.0859,-2.0758
48.8900,5.3470,102.2629,14.3673,-77.7838,2.0859,-2.0758
48.9000,7.4399,106.4133,13.5653,-78.0280,2.4078,-2.4126
48.9101,8.5660,114.2258,12.7578,-78.8214,2.4078,-2.4126
48.9200,8.5660,114.2258,11.9229,-80.6525,2.7063,-2.7029
48.9301,9.7031,113.1882,11.0550,-83.9484,2.7063,-2.7029
48.9400,10.7523,102.5070,9.2917,-86.0846,2.7063,-2.7029
48.9500,11.6971,93.8400,8.4292,-83.0328,2.7063,-2.7029
48.9601,12.6144,93.5959,7.5888,-80.4083,2.8882,-2.9457
48.9701,14.4437,90.6662,7.5888,-80.4083,2.9535,-2.9012
48.9800,15.3226,88.5300,6.7154,-80.4694,2.9535,-2.9012
48.9903,15.3226,88.5300,5.8200,-81.8121,2.9535,-2.9012
49.0004,16.1905,87.7975,4.9191,-81.3239,2.9535,-2.9012
49.0101,16.9046,88.6520,3.1668,-84.0704,2.9535,-2.9012
49.0200,17.7945,91.1545,3.1668,-84.0704,2.9535,-2.9012
49.0300,18.7174,94.2062,1.5298,-78.9435,2.9535,-2.9012
49.0400,19.6622,96.8307,1.5298,-78.9435,3.1875,-3.1775
49.0500,20.6455,99.8215,0.6949,-79.5538,3.1875,-3.1775
49.0600,21.6562,102.4460,-0.1291,-77.6617,3.4056,-3.3922
49.0700,22.7109,106.9626,-0.8927,-72.2296,3.4695,-3.3861
49.0800,23.8095,110.5637,-1.6178,-68.6285,3.4695,-3.3861
49.0900,24.9081,108.2443,-2.3648,-68.8116,3.4695,-3.3861
49.1000,25.8585,90.1779,-3.7216,-60.0226,3.6966,-3.7100
49.1100,27.0615,49.2233,-3.7216,-60.0226,3.6966,-3.7100
49.1200,27.5284,52.6413,-4.2819,-55.7501,3.8643,-3.8729
49.1306,27.5284,52.6413,-4.7599,-47.8766,3.8643,-3.8729
49.1408,28.1546,73.4543,-5.1993,-41.8951,3.6966,-3.8149
49.1500,29.0225,101.6525,-5.9519,-27.0026,3.6966,-3.8149
49.1600,30.1376,119.0475,-6.1991,-20.0446,3.7544,-3.6887
49.1700,31.2308,113.4933,-6.1991,-20.0446,3.7544,-3.6887
49.1800,33.3072,111.4792,-6.4133,-18.5187,3.6420,-3.5795
49.1900,34.1641,81.4499,-6.5726,-14.4904,3.6265,-3.6350
49.2002,34.1641,81.4499,-6.6605,-8.0206,3.6265,-3.6350
49.2100,34.6036,32.9880,-6.7154,-7.8375,3.6265,-3.6350
49.2200,34.3839,-38.5452,-6.7813,-2.7106,3.6265,-3.6350
49.2300,33.5269,-98.6649,-6.6880,9.3134,3.6265,-3.6350
49.2400,32.2360,-134.6756,-6.6880,9.3134,2.7829,-2.8780
49.2500,32.2360,-134.6756,-6.4188,31.3470,2.7843,-2.7627
49.2601,24.3533,-278.9627,-6.0562,41.8451,2.7843,-2.7627
49.2700,24.3533,-278.9627,-5.7486,32.7509,2.7157,-2.7535
49.2801,22.4802,-150.2396,-5.4300,28.7836,2.7157,-2.7535
49.2900,22.4033,33.8425,-4.3534,47.7045,2.7157,-2.7535
49.3000,23.1064,72.3557,-3.6997,62.7802,2.3820,-2.4510
49.3100,23.2327,-4.1214,-3.6997,62.7802,2.3820,-2.4510
49.3200,21.4749,-93.2938,-2.9801,61.4374,2.1794,-2.2052
49.3301,20.7883,-59.6634,-2.2055,61.4374,2.1794,-2.2052
49.3400,20.7883,-59.6634,-1.4200,59.1180,1.8979,-1.9148
49.3500,20.3268,-45.3812,-1.4200,59.1180,1.8979,-1.9148
49.3602,19.8270,-52.0340,0.4971,35.6805,1.8979,-1.9148
49.3701,19.0360,-54.5975,0.9475,33.8495,1.8198,-1.8367
49.3800,18.3383,-62.9593,0.9475,33.8495,1.8198,-1.8367
49.3900,16.9046,-67.3538,1.5628,48.3148,1.8198,-1.8367
49.4000,16.2949,-59.7244,2.4142,73.1561,1.8198,-1.8367
49.4100,16.2949,-59.7244,3.4030,92.4432,1.8198,-1.8367
49.4200,15.6851,-61.3724,4.4796,101.7206,1.2305,-1.1791
49.4300,15.0424,-65.0955,7.0120,125.2802,1.2305,-1.1791
49.4400,14.3503,-67.7200,8.4018,130.6512,0.9146,-0.9229
49.4501,13.6362,-69.7952,8.4018,130.6512,0.9146,-0.9229
49.4601,12.2189,-67.6590,9.7641,129.0033,0.0686,-0.0214
49.4705,11.5378,-67.3538,9.7641,129.0033,0.0686,-0.0214
49.4800,11.5378,-67.3538,9.7641,129.0033,0.0686,-0.0214
49.4901,10.8621,-66.7435,13.5049,113.3783,-0.2754,0.3190
49.5000,10.2139,-65.5228,14.6914,109.4720,-0.2754,0.3190
49.5104,9.5712,-66.8655,15.8285,104.5892,-0.2754,0.3190
49.5200,8.9121,-68.8797,17.8280,101.6595,-0.6387,0.5728
49.5301,7.5772,-66.9876,17.8280,101.6595,-0.6387,0.5728
49.5400,6.8686,-70.2835,18.6905,100.3778,-0.6387,0.5728
49.5500,6.8686,-70.2835,19.7287,98.1805,-0.6387,0.5728
49.5601,6.1380,-71.8094,20.7779,97.9364,-0.4780,0.5203
49.5700,5.4459,-70.8328,21.8326,98.4247,-0.4780,0.5203
49.5800,4.8306,-66.9876,24.0353,105.5658,-0.9950,1.0303
49.5902,4.2758,-60.2737,24.9856,100.3168,-1.1261,1.1578
49.6000,3.4079,-45.7474,24.9856,100.3168,-1.1261,1.1578
49.6100,3.0618,-41.9022,25.6668,84.9969,-1.1261,1.1578
49.6200,3.0618,-41.9022,26.1557,68.7006,-1.6803,1.7074
49.6301,2.7487,-40.0711,26.6556,61.9867,-1.6803,1.7074
49.6406,2.7487,-40.0711,27.7322,59.5453,-2.0882,2.1021
49.6500,2.0786,-46.4188,28.3969,83.2880,-2.0882,2.1021
49.6605,2.0786,-46.4188,28.3969,83.2880,-2.1131,2.0575
49.6700,1.6995,-46.6019,28.3969,83.2880,-2.1131,2.0575
49.6801,0.9140,-41.5970,31.0666,178.6249,-2.2222,2.2222
49.6900,0.4746,-42.7567,32.9562,201.0858,-2.2222,2.2222
49.7002,0.0241,-44.7098,34.8184,188.2684,-2.4656,2.3821
49.7100,0.0241,-44.7098,36.3290,140.2338,-2.4656,2.3821
49.7200,-0.7889,-42.9398,37.1914,63.6957,-2.9770,2.9933
49.7300,-1.1679,-34.4559,36.2466,-127.5885,-2.9770,2.9933
49.7400,-1.5579,-10.2249,36.2466,-127.5885,-3.0503,2.9872
49.7500,-1.5579,2.5925,34.2471,-214.3195,-3.0503,2.9872
49.7600,-1.5579,2.5925,31.5005,-268.7018,-3.3887,3.4032
49.7700,-1.5579,2.5925,28.6715,-256.4948,-3.3887,3.4032
49.7801,-1.2613,16.5085,24.6451,-176.5997,-3.4644,3.4801
49.7907,-1.0471,19.6213,22.9147,-150.4767,-3.4644,3.4801
49.8004,-0.7779,26.0910,21.6952,-102.3199,-3.3690,3.3202
49.8101,-0.1736,31.6452,21.6952,-102.3199,-3.3690,3.3202
49.8200,0.2109,40.3122,21.0470,-42.6886,-3.1438,3.1744
49.8300,0.2109,40.3122,20.9317,-4.4806,-3.1438,3.1744
49.8400,0.6503,46.8430,20.7394,-26.6364,-2.6658,2.6474
49.8500,1.1557,53.8620,19.1299,-92.7985,-2.6658,2.6474
49.8602,1.6556,50.9933,19.1299,-92.7985,-2.4708,2.4815
49.8700,2.0676,40.6784,18.3609,-75.2814,-2.4708,2.4815
49.8800,2.8311,40.0070,17.7566,-59.1681,-2.3072,2.2991
49.8900,3.2980,54.5334,17.7566,-59.1681,-2.3072,2.2991
49.9000,3.2980,54.5334,16.7184,-54.5294,-2.1131,2.0868
49.9100,3.9847,77.1164,15.8725,-66.9196,-2.1131,2.0868
49.9200,4.9295,101.0422,14.9936,-80.0421,-1.6140,1.6122
49.9300,6.0721,116.2399,13.5379,-68.6896,-1.6140,1.6122
49.9404,7.3300,128.5690,13.5379,-68.6896,-1.3748,1.3957
49.9500,10.1206,137.1140,12.8677,-68.6285,-1.3748,1.3957
49.9602,11.3840,122.0993,12.1097,-74.0607,-1.1017,1.1255
49.9703,11.3840,122.0993,11.3022,-76.9904,-1.1017,1.1255
49.9803,12.5046,108.1223,10.5002,-74.6710,-0.4921,0.5142
49.9900,13.5153,98.7228,9.7201,-72.5958,-0.0696,0.0933
50.0000,14.4876,97.1359,8.9346,-75.7086,-0.0696,0.0933
50.0100,15.4434,94.9997,7.2372,-85.4742,-0.0696,0.0933
50.0202,17.0200,83.8303,7.2372,-85.4742,0.5311,-0.4636
50.0306,17.6846,84.3185,7.2372,-85.4742,0.5311,-0.4636
50.0400,17.6846,84.3185,5.5179,-80.0421,1.1750,-1.1608
50.0500,18.3603,86.8210,4.6994,-76.8073,1.1750,-1.1608
50.0600,19.1513,90.7883,3.8974,-75.6476,1.4354,-1.5433
50.0703,20.0577,93.2297,3.1228,-76.3190,1.4354,-1.5433
50.0800,20.0577,93.2297,2.3813,-76.9293,2.1512,-2.1686
50.0900,21.9034,95.9763,2.3813,-76.9293,2.1512,-2.1686
50.1000,23.7491,97.0139,1.6836,-72.9010,2.4313,-2.5583
50.1102,23.7491,97.0139,0.3543,-70.5817,2.4313,-2.5583
50.1203,24.6664,95.7321,-0.3049,-70.1544,2.8576,-2.8731
50.1300,25.5179,87.4924,-1.6397,-69.7882,2.8576,-2.8731
50.1404,26.2100,67.3508,-2.3374,-70.6427,3.1640,-3.1604
50.1500,26.6330,40.1291,-2.3374,-70.6427,3.1640,-3.1604
50.1601,26.8472,21.9406,-3.0020,-65.3326,3.4860,-3.4630
50.1700,27.6218,68.8766,-3.6008,-59.9615,3.4860,-3.4630
50.1800,27.6218,68.8766,-4.2215,-56.2994,3.7581,-3.7320
50.1901,28.6490,117.9489,-4.8148,-53.5529,3.7581,-3.7320
50.2000,29.9289,134.7336,-5.3147,-48.3649,3.8399,-3.8302
50.2106,31.0825,116.2399,-6.1277,-39.8810,3.8399,-3.8302
50.2200,32.0877,103.6667,-6.1277,-39.8810,4.0632,-4.1108
50.2300,33.1259,107.7560,-6.5341,-36.1578,4.0632,-4.1108
50.2401,34.2300,20.5978,-6.8253,-24.5001,4.0740,-4.0711
50.2500,34.2300,20.5978,-6.9956,-11.1945,4.0740,-4.0711
50.2601,33.9774,-35.7376,-7.1439,-10.7672,3.5039,-3.4801
50.2700,33.2413,-80.2322,-7.5174,-13.6969,3.5039,-3.4801
50.2800,32.2800,-96.4066,-7.5888,0.5243,3.5039,-3.4801
50.2901,31.3022,-96.5897,-7.5888,0.5243,3.5039,-3.4801
50.3001,29.2258,-121.7361,-7.5174,14.6844,3.4230,-3.4154
50.3106,27.2098,-222.2610,-7.3142,24.5721,3.4230,-3.4154
50.3200,27.2098,-222.2610,-6.9681,41.4178,3.0362,-3.0238
50.3304,24.8258,-224.9466,-6.4792,55.7611,3.0362,-3.0238
50.3400,23.0515,-156.1600,-5.9024,60.1556,2.5888,-2.6303
50.3502,22.4692,-21.8826,-5.2487,58.6908,2.5888,-2.6303
50.3601,22.9251,61.6745,-4.6445,51.0004,2.1747,-2.2314
50.3705,23.1723,-32.5027,-4.6445,51.0004,2.1747,-2.2314
50.3805,22.3373,-91.5848,-3.5569,39.7089,1.8706,-1.9471
50.3903,22.3373,-91.5848,-3.5569,39.7089,1.8706,-1.9471
50.4000,21.3815,-90.4861,-2.8702,47.4603,1.3202,-1.2975
50.4100,20.7169,-58.5648,-0.8542,46.1176,1.3202,-1.2975
50.4200,20.7169,-58.5648,-0.2060,45.5682,1.3202,-1.2975
50.4300,19.9643,-28.9627,-0.2060,45.5682,0.8328,-0.7997
50.4401,19.0689,-56.9168,0.3982,43.0048,0.8328,-0.7997
50.4501,18.3548,-65.9500,1.0025,48.1927,0.8328,-0.7997
50.4605,18.3548,-65.9500,1.6891,59.1180,0.8328,-0.7997
50.4700,17.7506,-57.7103,2.5351,77.1844,0.8032,-0.8473
50.4800,17.2397,-50.1419,4.5895,97.5092,0.8032,-0.8473
50.4902,16.7233,-52.5833,5.7156,107.7631,0.4742,-0.3916
50.5000,16.1466,-58.6258,5.7156,107.7631,0.4742,-0.3916
50.5101,14.8337,-66.0110,6.9351,119.2377,0.4742,-0.3916
50.5200,14.0976,-67.8421,8.1765,119.9091,0.0390,0.0781
50.5303,14.0976,-67.8421,9.3960,116.6132,0.0390,0.0781
50.5403,14.0976,-67.8421,10.5880,113.5004,-0.4127,0.4972
50.5502,12.7188,-63.4476,12.8073,102.3309,-0.4127,0.4972
50.5604,12.0157,-67.4149,13.8620,100.9271,-0.9156,0.8796
50.5703,11.2961,-69.0018,13.8620,100.9271,-0.9156,0.8796
50.5800,9.9173,-65.0345,14.9167,103.1854,-1.1087,1.2346
50.5900,9.2581,-64.6683,15.9384,101.1102,-1.1087,1.2346
50.6002,9.2581,-64.6683,16.7404,96.7157,-2.2908,2.2759
50.6100,8.5989,-64.7903,17.7072,96.2885,-2.2908,2.2759
50.6201,7.9453,-64.7903,19.6573,94.9457,-2.6033,2.6047
50.6300,7.2806,-66.6824,19.6573,94.9457,-2.6033,2.6047
50.6400,7.2806,-66.6824,20.6076,89.8187,-3.0005,3.0219
50.6500,5.3580,-58.4427,20.6076,89.8187,-3.0230,2.9731
50.6600,4.8416,-53.9261,22.4313,82.9218,-3.0230,2.9731
50.6701,4.8416,-53.9261,23.2937,78.2831,-3.0230,2.9731
50.6806,4.8416,-53.9261,24.0902,69.7382,-3.3473,3.2971
50.6900,4.8416,-53.9261,25.5130,65.4047,-3.3840,3.3324
50.7000,3.4354,-44.2215,26.1722,65.7098,-3.3840,3.3324
50.7100,3.1332,-35.4324,26.1722,65.7098,-3.3840,3.3324
50.7200,2.9135,-27.7420,26.8368,72.1796,-3.3356,3.2958
50.7302,2.6169,-13.0325,27.6718,96.4716,-3.3356,3.2958
50.7402,2.6169,-13.0325,28.9627,145.4828,-3.4291,3.3971
50.7501,2.5180,-8.8821,30.7589,189.9774,-3.4291,3.3971
50.7600,2.4191,-9.8587,34.7580,195.2264,-3.2731,3.2544
50.7700,2.4191,-9.8587,36.4004,155.9198,-3.2731,3.2544
50.7800,2.1005,-19.0750,37.4441,86.7059,-2.5629,2.4906
50.7908,1.6776,-21.6995,37.4441,86.7059,-2.5629,2.4906
50.8000,1.6776,-21.6995,37.6529,-6.1285,-2.2424,2.2113
50.8106,1.4304,-24.7513,37.0321,-86.2067,-1.9298,1.9026
50.8200,1.1447,-30.2444,35.6588,-155.1764,-1.9298,1.9026
50.8300,1.1447,-30.2444,33.5330,-217.7374,-1.9298,1.9026
50.8400,0.7712,-39.7049,28.3529,-228.4796,-1.6126,1.6891
50.8500,-0.1407,-46.8460,25.9085,-229.4562,-1.6126,1.6891
50.8600,-0.8658,-30.4276,25.9085,-229.4562,-1.3973,1.3451
50.8700,-1.0635,-16.8167,23.6453,-192.3468,-1.3973,1.3451
50.8803,-1.0635,-16.8167,22.4093,-97.4982,-1.3973,1.3451
50.8905,-1.0690,3.5080,22.4093,-97.4982,-1.3973,1.3451
50.9000,-0.9042,18.4006,21.6568,12.3041,-0.8601,0.8815
50.9102,-0.6900,20.9030,21.6348,-10.0348,-0.8601,0.8815
50.9200,-0.4538,24.8093,21.0635,-71.3141,-0.4672,0.4575
50.9304,0.1340,29.9973,21.0635,-71.3141,-0.4672,0.4575
50.9401,0.3757,24.8093,21.0635,-71.3141,-0.4672,0.4575
50.9500,0.3757,24.8093,21.0635,-71.3141,-0.4672,0.4575
50.9606,0.5844,22.7951,18.4982,-72.1075,-0.2768,0.2855
50.9700,0.8151,26.7624,17.3391,-58.3746,-0.2768,0.2855
50.9803,1.1557,34.0866,17.3391,-58.3746,0.7074,-0.6722
50.9900,1.1557,34.0866,17.3391,-58.3746,0.7074,-0.6722
51.0007,2.8146,76.2009,15.7791,-85.4132,1.0552,-1.1303
51.0100,3.6496,89.6286,15.7791,-85.4132,1.0552,-1.1303
51.0203,3.6496,89.6286,14.1971,-75.4645,1.0552,-1.1303
51.0300,4.5889,99.3332,13.5489,-68.2623,1.0552,-1.1303
51.0402,5.6216,106.4743,13.5489,-68.2623,2.2978,-2.2558
51.0500,6.6763,104.4601,12.8842,-65.8820,2.6611,-2.6968
51.0600,7.7145,103.8498,11.5054,-65.9430,2.6611,-2.6968
51.0700,9.8019,102.0187,11.5054,-65.9430,2.6611,-2.6968
51.0800,10.7523,92.1921,11.5054,-65.9430,3.2731,-3.2739
51.0900,10.7523,92.1921,9.2697,-72.4127,3.2731,-3.2739
51.1005,11.6477,89.4455,8.4897,-72.5348,3.5001,-3.4123
51.1100,12.5760,93.7180,7.7206,-71.4362,3.5001,-3.4123
51.1200,13.5153,93.5959,6.9461,-70.2765,3.6919,-3.6563
51.1305,14.3997,87.8586,6.1551,-73.1451,3.6919,-3.6563
51.1400,15.1029,83.5251,6.1551,-73.1451,3.8423,-3.8223
51.1500,16.5091,80.4733,4.4906,-80.1031,3.8423,-3.8223
51.1602,16.5091,80.4733,3.6612,-79.3097,3.8423,-3.8223
51.1704,17.2727,78.0319,2.0462,-80.4083,3.8423,-3.8223
51.1804,18.0252,78.0930,1.2826,-76.1969,3.8869,-3.8820
51.1900,18.7888,79.0695,0.5026,-71.9244,4.0232,-4.0217
51.2000,19.5633,79.4968,0.5026,-71.9244,4.0232,-4.0217
51.2100,21.1783,84.8679,-0.3488,-71.8024,4.0232,-4.0217
51.2200,22.0572,89.2014,-1.1838,-73.2062,4.0138,-3.9071
51.2300,22.0572,89.2014,-1.9638,-72.4738,3.8361,-3.9113
51.2400,22.8977,84.0744,-2.6285,-65.6989,3.8361,-3.9113
51.2500,23.5953,69.0598,-3.6942,-42.8107,3.8361,-3.9113
51.2600,24.1446,53.4958,-4.1886,-43.4821,3.3060,-3.3080
51.2700,24.6115,49.2844,-4.1886,-43.4821,3.3060,-3.3080
51.2800,25.9079,86.2106,-4.8587,-58.3746,2.7331,-2.6858
51.2901,27.0450,127.8366,-5.3751,-45.9845,2.7331,-2.6858
51.3006,27.0450,127.8366,-5.6937,-20.3497,2.4186,-2.4217
51.3100,28.5556,158.4152,-5.9024,-14.3683,2.2861,-2.1820
51.3202,30.1321,158.2932,-6.0068,-20.4108,2.2861,-2.1820
51.3306,31.6538,148.0392,-6.2375,-25.4156,2.2861,-2.1820
51.3402,32.9996,132.9636,-6.5616,-25.1715,1.5665,-1.4451
51.3505,34.7409,54.6555,-6.8637,-23.5236,1.5665,-1.4451
51.3600,34.9716,11.3205,-7.1659,-26.0260,0.9513,-0.9040
51.3700,34.9716,11.3205,-7.5504,-33.5333,0.6044,-0.6234
51.3802,34.6915,-42.2684,-7.5504,-33.5333,0.6044,-0.6234
51.3901,33.9499,-83.5892,-8.5996,-48.7921,0.6044,-0.6234
51.4007,32.9501,-115.5106,-9.0830,-41.7731,0.3168,-0.4050
51.4100,31.4340,-163.2401,-9.4345,-29.5050,0.3713,-0.3916
51.4201,26.5836,-250.8865,-9.6488,-14.7345,0.3713,-0.3916
51.4300,24.5236,-187.7151,-9.7037,2.5995,0.3713,-0.3916
51.4400,24.5236,-187.7151,-9.5334,23.7177,0.3713,-0.3916
51.4504,23.4964,-77.9129,-9.5334,23.7177,0.3713,-0.3916
51.4600,23.4744,20.7809,-7.2977,76.8793,0.3713,-0.3916
51.4700,24.1995,91.1545,-7.2977,76.8793,0.0686,0.0427
51.4800,24.9356,64.7263,-6.4792,64.4891,0.0686,0.0427
51.4900,24.7928,-37.2025,-5.9024,38.8544,0.0686,0.0427
51.5000,22.7109,-102.5711,-5.3366,46.6058,-0.7558,0.6875
51.5100,22.7109,-102.5711,-4.8258,30.3705,-0.7558,0.6875
51.5202,21.9803,-63.3255,-4.3314,31.8353,-1.1900,1.2761
51.5300,21.5683,-36.3480,-3.0515,54.5404,-1.1900,1.2761
51.5402,21.2497,-34.0897,-2.1945,69.0057,-1.8527,1.8440
51.5501,20.7993,-49.3484,-2.1945,69.0057,-1.8527,1.8440
51.5600,19.4205,-69.0628,-1.3266,71.7523,-2.3702,2.3589
51.5704,18.7668,-64.4241,-0.5191,68.5175,-2.3702,2.3589
51.5800,18.7668,-64.4241,0.3048,70.5927,-2.6362,2.6413
51.5900,18.1680,-58.1375,1.1947,78.7714,-2.6362,2.6413
51.6000,18.1680,-58.1375,2.2000,91.7719,-3.0503,3.0238
51.6100,17.0145,-60.5179,3.2492,96.2885,-3.0503,3.0238
51.6200,16.3608,-64.4241,4.3753,103.4906,-3.3342,3.3721
51.6300,15.0424,-63.2034,5.6003,116.0028,-3.3342,3.3721
51.6401,14.3723,-64.3631,5.6003,116.0028,-3.4705,3.4892
51.6500,14.3723,-64.3631,8.0941,115.6976,-3.5358,3.5844
51.6600,13.7186,-61.6165,8.0941,115.6976,-3.5358,3.5844
51.6701,13.1088,-58.1375,10.4452,107.3969,-3.5358,3.5844
51.6804,12.5046,-59.3582,12.6535,102.5751,-3.4893,3.4367
51.6900,11.8674,-62.2879,12.6535,102.5751,-3.4893,3.4367
51.7000,10.5985,-61.9217,13.7191,100.8051,-3.4893,3.4367
51.7106,9.9338,-65.1566,14.7519,97.8754,-3.4893,3.4367
51.7201,9.9338,-65.1566,15.7681,96.1053,-3.4799,3.5154
51.7305,9.2691,-64.2410,16.5921,94.1522,-3.4799,3.5154
51.7400,8.6209,-62.6541,17.5808,93.4808,-3.2872,3.3141
51.7500,7.9398,-67.4149,19.4650,81.7010,-3.2872,3.3141
51.7600,7.2311,-69.4290,19.4650,81.7010,-2.5418,2.4986
51.7701,6.5665,-64.9124,20.3824,80.4193,-2.5418,2.4986
51.7800,5.9457,-61.7996,21.2997,80.4803,-2.1676,2.0886
51.7900,5.9457,-61.7996,22.2171,82.8607,-2.1676,2.0886
51.8000,5.3360,-61.9827,23.1344,88.3539,-1.9214,1.9300
51.8101,4.2648,-53.0716,24.0133,88.1097,-1.9214,1.9300
51.8202,3.7705,-53.3768,25.6942,84.9969,-1.9214,1.9300
51.8300,3.2871,-53.9261,25.6942,84.9969,-1.9214,1.9300
51.8400,2.8366,-51.3626,26.6336,94.6405,-1.6882,1.6647
51.8500,2.1664,-38.5452,27.7871,119.6649,-1.6882,1.6647
51.8600,2.1664,-38.5452,29.2758,156.1029,-1.4612,1.4231
51.8700,1.8533,-28.4134,31.0885,184.6674,-1.4612,1.4231
51.8801,1.6226,-21.3943,34.7470,168.2489,-1.1712,1.1499
51.8900,1.3919,-23.7747,34.7470,168.2489,-1.1712,1.1499
51.9000,1.3919,-23.7747,36.0544,120.0311,-0.9287,0.9778
51.9100,0.8096,-30.8548,36.0544,120.0311,-0.5546,0.5569
51.9201,0.0681,-40.4373,36.9607,-12.2931,-0.5546,0.5569
51.9306,0.0681,-40.4373,36.9607,-12.2931,-0.5546,0.5569
51.9405,0.0681,-40.4373,35.2304,-135.6451,-0.4897,0.4758
51.9505,0.0681,-40.4373,33.5550,-184.5953,-0.4897,0.4758
51.9600,-1.1459,-33.3572,31.2423,-250.8185,0.1593,-0.1562
51.9701,-1.4096,-24.6292,27.9574,-312.5861,0.1593,-0.1562
51.9800,-1.7337,-10.0418,25.0296,-253.0768,0.1593,-0.1562
51.9900,-1.7392,2.7756,23.3267,-127.4054,0.1593,-0.1562
52.0000,-1.7392,2.7756,22.8103,-24.9884,0.7431,-0.7692
52.0100,-1.5964,18.4006,22.8268,12.4261,0.7431,-0.7692
52.0203,-1.3217,30.4855,22.8488,5.3461,1.0660,-1.1053
52.0303,-0.9756,34.2697,22.6400,-24.3781,1.0660,-1.1053
52.0400,-0.6680,28.2883,22.6400,-24.3781,1.0660,-1.1053
52.0500,-0.1846,30.1193,21.3546,-72.1686,1.0660,-1.1053
52.0600,0.1889,42.5095,20.4538,-85.4132,1.3973,-1.4018
52.0701,0.1889,42.5095,19.6023,-86.6339,1.3973,-1.4018
52.0800,0.6339,47.5754,18.8827,-78.7604,1.4387,-1.4280
52.0900,1.1173,51.4816,17.5589,-74.9762,1.6657,-1.6708
52.1001,1.6721,57.9514,17.5589,-74.9762,1.6657,-1.6708
52.1101,2.2983,62.7731,16.7184,-84.9860,1.6657,-1.6708
52.1200,3.6276,72.4167,15.8505,-83.9484,2.3726,-2.3662
52.1304,4.3747,78.6423,15.8505,-83.9484,2.4233,-2.4046
52.1403,4.3747,78.6423,14.4717,-65.0885,2.4233,-2.4046
52.1502,5.2426,92.1921,13.8125,-63.5016,2.4233,-2.4046
52.1600,6.2039,99.2111,12.3898,-64.2340,2.7866,-2.7767
52.1700,7.1542,92.8024,11.7251,-64.1119,2.8350,-2.7871
52.1804,7.1542,92.8024,11.7251,-64.1119,2.8350,-2.7871
52.1906,10.2304,107.0847,11.7251,-64.1119,2.8350,-2.7871
52.2000,11.2357,98.2346,11.7251,-64.1119,2.9995,-3.0378
52.2100,11.2357,98.2346,9.3631,-74.5490,2.9995,-3.0378
52.2200,12.1805,94.8166,8.5666,-70.1544,2.9995,-3.0378
52.2300,13.1528,97.6852,7.0010,-69.5441,2.9995,-3.0378
52.2405,14.1306,97.1359,6.1715,-72.9620,3.3224,-3.2513
52.2500,15.0919,95.9763,6.1715,-72.9620,3.3224,-3.2513
52.2600,16.9486,95.7321,5.3311,-74.3048,3.3177,-3.2708
52.2705,17.7451,95.4880,4.4687,-78.9435,3.3177,-3.2708
52.2804,17.7451,95.4880,3.6007,-83.1549,3.8446,-3.8302
52.2900,18.7009,95.7932,2.7768,-83.2770,3.8446,-3.8302
52.3001,19.6512,95.1828,1.2112,-80.0421,3.8563,-3.8747
52.3100,20.5740,92.7414,0.4092,-79.1876,3.8563,-3.8747
52.3200,21.4694,90.9103,0.4092,-79.1876,3.9428,-3.9132
52.3300,23.2987,95.4269,-0.3653,-74.7321,3.9428,-3.9132
52.3400,24.2435,98.0515,-1.0959,-71.3141,3.7083,-3.7454
52.3501,24.2435,98.0515,-1.8210,-70.7648,3.7083,-3.7454
52.3606,25.1773,94.7556,-2.5131,-68.0182,3.4042,-3.3879
52.3700,25.9628,76.5671,-3.1559,-64.6613,3.4042,-3.3879
52.3801,26.5122,54.3503,-4.2380,-52.6373,3.4042,-3.3879
52.3904,26.8857,39.5798,-4.2380,-52.6373,3.2388,-3.3233
52.4000,27.7866,69.1208,-4.6555,-47.5714,3.2388,-3.3233
52.4101,27.7866,69.1208,-5.0290,-43.0548,3.2388,-3.3233
52.4201,28.6215,94.4504,-5.3696,-43.2990,2.9784,-3.0927
52.4301,29.5609,105.9250,-5.3696,-43.2990,2.9784,-3.0927
52.4406,30.5881,110.9909,-6.2155,-18.0304,2.9784,-3.0927
52.4501,31.7087,118.8644,-6.2155,-18.0304,2.9784,-3.0927
52.4600,32.7689,103.1784,-6.5561,-37.9279,2.7946,-2.8182
52.4700,34.4443,64.7873,-7.0230,-42.8107,2.7946,-2.8182
52.4800,34.4443,64.7873,-7.0230,-42.8107,2.6908,-2.7962
52.4900,34.7189,12.6022,-7.6053,-15.8942,2.6908,-2.7962
52.5000,34.7189,12.6022,-7.8086,-15.5890,2.5371,-2.5248
52.5101,33.2742,-125.0931,-8.0338,2.5385,2.5371,-2.5248
52.5200,31.0660,-243.6234,-8.0338,2.5385,2.0530,-2.0886
52.5300,27.9404,-314.7903,-7.2812,49.4135,2.0530,-2.0886
52.5400,22.8702,-182.2220,-7.2812,49.4135,1.5773,-1.5799
52.5500,22.1945,-38.3011,-6.5287,73.3392,1.5773,-1.5799
52.5600,22.1945,-38.3011,-5.6992,74.0717,0.9273,-0.8979
52.5700,22.6999,73.1491,-4.8972,69.0668,0.4578,-0.4484
52.5800,23.4689,71.6843,-4.1172,59.2401,0.4578,-0.4484
52.5900,23.5184,-11.2015,-2.7933,48.9252,0.4578,-0.4484
52.6000,22.6999,-94.3314,-2.7933,48.9252,-0.2552,0.2483
52.6100,20.6894,-76.8753,-2.2330,25.5487,-0.2552,0.2483
52.6201,20.6894,-76.8753,-1.7057,27.5018,-0.7821,0.7387
52.6301,20.1621,-49.8367,-1.1948,33.4222,-0.7821,0.7387
52.6400,19.7006,-46.5408,-0.6839,35.9247,-0.7821,0.7387
52.6501,19.1788,-52.8885,0.5740,67.0526,-0.7821,0.7387
52.6600,19.1788,-52.8885,1.3870,81.8842,-0.5570,0.6265
52.6700,17.8494,-67.5369,1.3870,81.8842,-0.5570,0.6265
52.6800,16.6354,-57.3441,2.3318,94.6405,-0.9771,1.0150
52.6900,16.0477,-59.2361,3.4250,104.3451,-0.9771,1.0150
52.7001,16.0477,-59.2361,4.6170,110.0824,-1.1736,1.2761
52.7100,15.4269,-63.1424,5.8365,114.6600,-1.1736,1.2761
52.7201,14.7458,-64.9124,8.4018,124.6698,-1.9524,1.9898
52.7300,14.0701,-65.7059,9.7256,127.4164,-1.9524,1.9898
52.7400,13.3670,-69.1849,9.7256,127.4164,-2.3641,2.3662
52.7500,12.6419,-69.9173,11.0000,124.1815,-2.3641,2.3662
52.7600,11.3016,-64.6683,12.2085,118.3832,-2.5512,2.5986
52.7700,11.3016,-64.6683,12.2085,118.3832,-2.9309,2.9640
52.7801,10.6314,-68.2083,12.2085,118.3832,-2.9309,2.9640
52.7900,9.9118,-70.4666,16.6031,100.4999,-2.9309,2.9640
52.8000,9.1977,-70.1004,17.4875,98.8519,-3.1062,3.1067
52.8101,8.5001,-68.3914,17.4875,98.8519,-3.1062,3.1067
52.8200,8.5001,-68.3914,18.5421,96.8988,-3.2825,3.2446
52.8300,8.5001,-68.3914,18.5421,96.8988,-3.2825,3.2446
52.8400,7.1323,-70.7108,20.6186,94.1522,-3.2848,3.2757
52.8502,5.6601,-73.8846,21.6678,95.8002,-3.2848,3.2757
52.8600,4.9570,-71.1380,23.7442,95.1288,-3.0799,3.0348
52.8701,4.3033,-65.7669,24.7439,92.8094,-3.0799,3.0348
52.8802,3.6826,-64.3021,24.7439,92.8094,-2.7674,2.7444
52.8901,3.0838,-61.7386,25.7107,89.3915,-2.7674,2.7444
52.9003,2.5070,-60.2737,26.6226,85.5463,-2.4858,2.5059
52.9101,2.5070,-60.2737,27.4850,81.7010,-2.3688,2.4248
52.9201,1.3535,-63.3255,28.2760,77.6117,-2.3688,2.4248
52.9300,1.3535,-63.3255,29.0176,81.5179,-2.3688,2.4248
52.9400,1.3535,-63.3255,30.6326,104.6503,-2.0624,2.0655
52.9505,1.3535,-63.3255,30.6326,104.6503,-2.0624,2.0655
52.9600,-1.2228,-59.9075,31.9015,140.4169,-1.8006,1.7446
52.9700,-1.2228,-59.9075,33.5550,174.7797,-1.8006,1.7446
52.9800,-1.2228,-59.9075,35.4611,194.5551,-1.5947,1.6354
52.9900,-1.2228,-59.9075,37.2738,175.5121,-1.6022,1.6092
53.0000,-2.7115,-45.9305,39.6359,75.5975,-1.6022,1.6092
53.0101,-3.1345,-40.9866,39.6359,75.5975,-1.6022,1.6092
53.0200,-3.1345,-40.9866,39.8831,-0.6964,-1.3592,1.3743
53.0301,-4.1617,-58.1985,39.8831,-0.6964,-1.3592,1.3743
53.0400,-4.8318,-69.4901,39.8831,-0.6964,-0.8516,0.8662
53.0502,-4.8318,-69.4901,36.1862,-191.0651,-0.8516,0.8662
53.0600,-4.8318,-69.4901,34.0109,-203.9435,-0.0094,-0.0994
53.0700,-5.5624,-73.6404,29.2209,-252.6495,-0.0094,-0.0994
53.0800,-6.2381,-63.5696,26.9687,-192.4078,0.5226,-0.4587
53.0904,-6.2381,-63.5696,26.9687,-192.4078,0.6495,-0.6429
53.1000,-6.9247,-15.5960,25.6888,-105.1276,0.6495,-0.6429
53.1100,-6.2381,37.3825,25.2713,-22.8522,0.6495,-0.6429
53.1201,-6.2381,37.3825,25.4416,30.5536,0.9250,-0.9998
53.1302,-6.2381,37.3825,25.4416,30.5536,0.9250,-0.9998
53.1401,-5.4471,35.8566,24.4308,-90.8453,1.1228,-1.0870
53.1500,-5.4471,35.8566,23.4421,-98.7189,1.1228,-1.0870
53.1600,-4.8154,25.9079,23.4421,-98.7189,1.6187,-1.6616
53.1701,-4.2770,35.8566,22.6016,-86.6949,1.6187,-1.6616
53.1801,-4.2770,35.8566,21.9314,-75.2814,2.1239,-2.0978
53.1900,-3.8266,51.9089,21.2668,-77.0514,2.1239,-2.0978
53.2000,-3.2114,66.4352,21.2668,-77.0514,2.4882,-2.3973
53.2100,-2.4972,76.0788,18.1521,-96.6437,2.6386,-2.5907
53.2203,-1.6513,88.5300,17.2513,-90.2960,2.6386,-2.5907
53.2300,-0.7339,95.4880,17.2513,-90.2960,2.6386,-2.5907
53.2401,1.3315,116.8503,16.4218,-85.7794,3.1236,-3.0390
53.2500,2.5345,119.5969,16.4218,-85.7794,3.1236,-3.0390
53.2600,2.5345,119.5969,16.4218,-85.7794,3.2444,-3.2849
53.2700,3.6771,112.6389,13.8290,-81.3239,3.6171,-3.6905
53.2803,4.8471,119.0475,12.0547,-86.5729,3.6171,-3.6905
53.2902,6.0721,122.1603,11.1978,-88.0377,3.6171,-3.6905
53.3000,7.2421,115.5685,11.1978,-88.0377,4.0599,-3.9388
53.3105,9.4009,107.6340,10.3409,-86.9391,4.1191,-4.0315
53.3200,10.4776,108.1223,9.4510,-85.7184,4.1191,-4.0315
53.3303,10.4776,108.1223,8.5226,-85.2301,4.1200,-4.0821
53.3400,11.5543,107.7560,7.5448,-87.1832,4.1200,-4.0821
53.3506,12.6254,108.0002,5.5838,-90.2960,4.1200,-4.0821
53.3600,13.6966,107.0847,4.5840,-93.7750,4.1557,-4.1145
53.3700,14.7513,105.7419,4.5840,-93.7750,4.1557,-4.1145
53.3803,16.6135,107.0847,4.5840,-93.7750,4.1557,-4.1145
53.3906,17.6901,108.7936,2.5131,-99.8785,4.1557,-4.1145
53.4000,17.6901,108.7936,1.5848,-90.1740,3.7130,-3.6795
53.4100,18.7888,110.8688,0.7278,-82.6666,3.7130,-3.6795
53.4201,19.8929,110.7468,-0.9696,-81.5070,3.5805,-3.4874
53.4301,20.9915,110.3195,-1.7496,-75.2814,3.5805,-3.4874
53.4400,22.0902,111.2350,-1.7496,-75.2814,3.1452,-3.1220
53.4500,23.1943,110.3195,-2.4692,-68.3844,2.9723,-2.9872
53.4605,25.0729,79.8019,-3.1723,-64.9664,2.9723,-2.9872
53.4700,25.0729,79.8019,-3.8645,-65.8209,2.9723,-2.9872
53.4801,25.0729,79.8019,-4.5072,-62.5861,2.7617,-2.7840
53.4901,26.2650,65.5197,-5.5509,-35.7916,2.7617,-2.7840
53.5001,26.2650,65.5197,-5.9189,-21.6315,2.3618,-2.3570
53.5100,28.4787,153.8986,-5.9189,-21.6315,2.0234,-2.0282
53.5202,28.4787,153.8986,-6.3529,-39.7589,2.0234,-2.0282
53.5300,30.1431,174.7116,-6.8802,-61.1212,2.0234,-2.0282
53.5401,33.2028,148.2834,-7.5009,-51.2946,1.8847,-1.9008
53.5502,33.2028,148.2834,-7.9239,-32.6178,1.8847,-1.9008
53.5602,35.8341,125.7004,-8.7039,-37.9889,1.4199,-1.4664
53.5700,36.7404,77.7267,-9.2478,-47.0831,1.4199,-1.4664
53.5800,36.9492,0.5173,-9.2478,-47.0831,0.9677,-1.0687
53.5900,35.5649,-104.5242,-9.8795,-58.7408,0.9677,-1.0687
53.6000,34.1531,-169.5877,-10.5442,-63.8068,0.8648,-0.8888
53.6100,34.1531,-169.5877,-11.1594,-58.8629,0.8648,-0.8888
53.6200,31.6592,-263.5818,-11.6648,-47.5714,0.5132,-0.4331
53.6300,28.7204,-284.9442,-12.0053,3.2098,0.2529,-0.2440
53.6400,26.2045,-232.8201,-11.6263,41.7841,0.2529,-0.2440
53.6500,26.2045,-232.8201,-11.6263,41.7841,-0.1607,0.2257
53.6600,24.3478,-11.3235,-10.8353,77.7948,-0.1607,0.2257
53.6700,24.8532,70.7687,-9.5938,117.8949,-0.1607,0.2257
53.6802,25.6827,85.9055,-8.1876,120.9467,-1.0768,0.9748
53.6901,25.8585,-3.4500,-6.6275,39.1595,-1.0768,0.9748
53.7000,25.8585,-3.4500,-5.8695,65.3436,-1.2305,1.2255
53.7111,23.9908,-106.5384,-5.0235,62.1698,-1.2305,1.2255
53.7209,23.1613,-72.7859,-5.0235,62.1698,-1.7155,1.6476
53.7300,22.6175,-49.5316,-4.2435,52.3431,-1.8565,1.7983
53.7401,22.2220,-38.3011,-3.4470,56.8597,-1.8565,1.7983
53.7500,21.7990,-45.6253,-2.6230,63.8177,-1.8565,1.7983
53.7600,21.1948,-65.4617,-1.7386,67.4188,-2.0600,2.1039
53.7700,21.1948,-65.4617,0.0357,75.0482,-2.0600,2.1039
53.7800,19.5358,-73.8235,0.9860,83.1659,-2.5925,2.5663
53.7900,18.9096,-59.6634,0.9860,83.1659,-2.5925,2.5663
53.8003,17.6737,-67.1707,0.9860,83.1659,-2.9544,2.9317
53.8101,16.9321,-75.6546,3.0679,96.7157,-3.2280,3.2263
53.8201,16.9321,-75.6546,3.0679,96.7157,-3.2280,3.2263
53.8300,16.9321,-75.6546,5.6057,123.5101,-3.2280,3.2263
53.8400,16.9321,-75.6546,8.2095,122.7167,-3.4658,3.4874
53.8500,14.7293,-68.3914,8.2095,122.7167,-3.4658,3.4874
53.8606,14.0042,-70.2835,9.4894,118.6884,-3.4658,3.4874
53.8701,12.6199,-66.4383,10.7419,116.6742,-3.4658,3.4874
53.8800,11.9388,-68.5135,11.9668,115.2704,-3.4150,3.4215
53.8902,11.9388,-68.5135,13.1534,110.2655,-3.3036,3.3306
53.9000,11.9388,-68.5135,14.3014,107.1527,-3.3036,3.3306
53.9100,11.9388,-68.5135,16.5591,106.1151,-3.3036,3.3306
53.9205,9.8953,-66.3773,17.4820,102.8802,-3.0527,3.1110
53.9300,9.2252,-67.2928,17.4820,102.8802,-3.0527,3.1110
53.9400,8.5550,-67.9031,18.5476,98.7909,-2.6893,2.6505
53.9500,7.2257,-64.9734,19.5749,94.4574,-2.6893,2.6505
53.9602,7.2257,-64.9734,20.5856,100.1337,-2.4553,2.5413
53.9700,6.6324,-57.8323,21.5524,93.9691,-2.4553,2.5413
53.9806,6.0886,-56.0013,23.2882,74.6820,-2.1263,2.1112
53.9901,5.5447,-58.0765,24.1671,75.7806,-2.1263,2.1112
54.0001,4.9570,-60.8841,24.1671,75.7806,-1.9298,1.9917
54.0100,4.3582,-59.2361,24.1671,75.7806,-1.9298,1.9917
54.0200,3.8309,-54.5364,26.0898,93.7250,-1.4669,1.3987
54.0300,3.8309,-54.5364,27.0840,91.0394,-1.4669,1.3987
54.0400,3.8309,-54.5364,28.0453,90.9174,-1.1962,1.2639
54.0500,3.8309,-54.5364,30.4403,144.7504,-1.1962,1.2639
54.0602,3.0728,-30.4276,32.1487,184.2401,-0.8437,0.9382
54.0707,2.7213,-25.1175,32.1487,184.2401,-0.8437,0.9382
54.0800,2.7213,-25.1175,34.0933,200.6586,-0.5856,0.5710
54.0900,2.5290,-27.3148,35.9994,187.4139,-0.5856,0.5710
54.1000,2.5290,-27.3148,37.5979,149.8163,-0.1936,0.2288
54.1100,2.5290,-27.3148,38.7076,97.6923,-0.1476,0.1226
54.1200,0.5515,-67.5369,39.2129,-32.4347,-0.1476,0.1226
54.1302,-0.1187,-65.0955,38.4494,-106.1041,-0.1476,0.1226
54.1400,-0.6845,-52.2171,38.4494,-106.1041,0.4733,-0.5264
54.1500,-1.4041,-26.7044,36.7190,-192.5299,0.4733,-0.5264
54.1600,-1.7337,-10.1639,33.8571,-295.9845,1.1477,-1.2194
54.1700,-1.7337,-10.1639,30.2810,-337.7936,1.1477,-1.2194
54.1800,-1.7996,-5.5862,26.9247,-295.6793,1.8574,-1.8593
54.1900,-1.7996,1.9821,23.2992,-87.6105,1.8574,-1.8593
54.2000,-1.7062,10.6491,23.1234,4.3085,1.8574,-1.8593
54.2100,-1.7062,10.6491,23.1234,4.3085,1.8574,-1.8593
54.2200,-1.3492,20.9030,23.3706,30.4926,2.1592,-2.2100
54.2300,-1.1679,16.5085,23.4091,2.9047,2.1592,-2.2100
54.2400,-1.0306,13.7619,22.9587,-53.1866,2.5333,-2.5260
54.2500,-0.8438,23.1613,22.1347,-81.2018,2.5333,-2.5260
54.2602,-0.8438,23.1613,20.3109,-84.4977,2.8632,-2.8731
54.2700,-0.2396,39.8239,19.4430,-79.4928,2.8632,-2.8731
54.2800,0.1999,49.2233,19.4430,-79.4928,3.0517,-3.0421
54.2900,1.1777,50.8713,18.7619,-70.3986,3.0517,-3.0421
54.3000,1.1777,50.8713,18.7619,-70.3986,3.3441,-3.3538
54.3100,1.7490,61.8576,17.3886,-79.9811,3.4658,-3.4136
54.3200,2.4301,75.0412,16.4712,-93.5919,3.4658,-3.4136
54.3300,2.4301,75.0412,15.5044,-90.2960,3.4658,-3.4136
54.3401,2.4301,75.0412,14.1147,-68.5675,3.8869,-3.8851
54.3500,2.4301,75.0412,14.1147,-68.5675,3.8869,-3.8851
54.3600,3.2156,85.4782,13.4390,-67.4078,4.0077,-4.0266
54.3700,7.8189,122.7097,13.4390,-67.4078,4.0077,-4.0266
54.3801,9.0604,123.3200,11.9723,-67.1027,3.6397,-3.6210
54.3905,10.2249,113.4323,11.2253,-68.6285,3.6397,-3.6210
54.4001,11.2851,103.5446,9.6872,-71.6193,3.6397,-3.6210
54.4105,11.2851,103.5446,8.8687,-73.8776,3.6397,-3.6210
54.4200,12.2794,98.7839,8.8687,-73.8776,3.3215,-3.2354
54.4300,15.1578,94.8776,8.0447,-75.7697,3.1297,-3.0695
54.4407,16.0806,91.7038,7.1933,-77.9669,3.1297,-3.0695
54.4506,16.0806,91.7038,6.2924,-79.1876,3.1297,-3.0695
54.4600,16.0806,91.7038,5.3586,-79.1266,3.0799,-3.0055
54.4701,16.0806,91.7038,3.5678,-79.5538,3.0799,-3.0055
54.4800,16.0806,91.7038,2.7054,-81.4459,3.0799,-3.0055
54.4900,16.9870,90.2390,2.7054,-81.4459,3.0799,-3.0055
54.5001,20.3708,89.8727,1.8484,-83.7042,2.9084,-2.9103
54.5100,22.0847,88.1638,1.0135,-78.3942,2.9084,-2.9103
54.5202,22.0847,88.1638,0.1895,-68.5675,2.3331,-2.2668
54.5300,22.0847,88.1638,-0.6949,-73.3893,2.3331,-2.2668
54.5400,23.8370,88.6520,-2.5022,-75.5865,2.0031,-2.0026
54.5502,24.7269,88.9572,-3.2053,-57.9474,1.5806,-1.6214
54.5600,25.6058,87.0041,-3.2053,-57.9474,1.5806,-1.6214
54.5706,26.4352,82.3044,-3.7546,-50.0128,1.5806,-1.6214
54.5801,27.1988,76.6281,-4.2545,-49.1583,1.4293,-1.4756
54.5900,27.9514,80.1682,-4.6610,-40.4913,1.4293,-1.4756
54.6006,28.9237,110.4416,-4.9466,-30.9088,0.9818,-0.9290
54.6100,30.3409,157.1335,-5.4135,-26.4532,0.7666,-0.7216
54.6200,32.0767,181.0593,-5.7706,-31.2750,0.7666,-0.7216
54.6300,33.7631,167.5095,-5.7706,-31.2750,0.7666,-0.7216
54.6400,35.2902,149.9313,-6.1496,-33.4723,0.3878,-0.3020
54.6500,36.5537,118.1320,-6.5232,-32.8009,0.2942,-0.3343
54.6606,37.3557,73.5153,-6.8912,-35.3644,0.2942,-0.3343
54.6700,37.6907,10.7712,-7.2867,-40.4913,0.2942,-0.3343
54.6800,37.1304,-76.6312,-8.2205,-44.2145,0.2355,-0.2702
54.6900,35.7846,-152.7420,-8.6875,-43.6652,0.2355,-0.2702
54.7002,33.7906,-226.4725,-8.6875,-43.6652,-0.0461,0.0750
54.7102,28.4018,-260.6522,-9.0720,-34.3878,-0.0461,0.0750
54.7201,26.1935,-199.9832,-9.2038,-9.1193,-0.7431,0.7613
54.7300,26.1935,-199.9832,-8.9676,25.2435,-0.7431,0.7613
54.7400,24.9191,-105.0735,-8.2975,65.2826,-0.7605,0.7784
54.7500,24.5731,-15.5960,-6.2375,82.7386,-0.7605,0.7784
54.7601,24.8642,41.8381,-5.3971,61.6815,-1.5571,1.4927
54.7700,25.4410,64.1769,-5.3971,61.6815,-1.7865,1.8245
54.7805,24.9905,-76.5091,-4.8642,27.9291,-1.7865,1.8245
54.7900,23.9523,-102.6932,-4.8642,27.9291,-1.9994,1.9673
54.8000,23.9523,-102.6932,-4.8642,27.9291,-1.9994,1.9673
54.8101,23.0679,-79.9881,-4.1666,19.7504,-1.9994,1.9673
54.8200,22.5186,-47.5784,-3.1449,41.3568,-2.3547,2.3095
54.8301,22.2659,-21.3943,-2.3593,60.3387,-2.3547,2.3095
54.8401,21.9858,-33.6624,-1.5244,65.3436,-2.7368,2.7322
54.8501,20.4916,-82.3685,-0.7663,62.1088,-2.7368,2.7322
54.8600,19.7446,-70.4056,-0.0083,66.8085,-3.0682,3.0378
54.8700,19.7446,-70.4056,0.8212,77.0624,-3.0682,3.0378
54.8802,19.7446,-70.4056,0.8212,77.0624,-3.2233,3.3324
54.8900,18.5196,-59.7244,3.9962,103.9789,-3.2233,3.3324
54.9000,17.8934,-63.5086,3.9962,103.9789,-3.3511,3.3276
54.9100,17.2122,-68.6966,5.1938,112.0355,-3.3511,3.3276
54.9200,15.7456,-68.3304,5.1938,112.0355,-4.1543,4.1938
54.9301,15.0205,-68.7576,6.4792,119.4208,-4.1543,4.1938
54.9400,15.0205,-68.7576,9.0335,118.5052,-4.1543,4.1938
54.9505,14.2954,-68.5135,10.2365,114.2328,-4.1543,4.1938
54.9600,13.5758,-68.0252,12.5161,105.1996,-4.0965,4.0510
54.9700,12.8561,-69.4290,13.6203,103.0023,-4.0965,4.0510
54.9800,12.1146,-71.3211,13.6203,103.0023,-3.7534,3.7302
54.9901,11.3620,-73.0911,13.6203,103.0023,-3.7534,3.7302
55.0001,9.8898,-69.0628,15.7956,101.1713,-3.4869,3.5307
55.0100,9.8898,-69.0628,16.6964,100.1947,-3.4869,3.5307
55.0200,9.8898,-69.0628,17.5479,97.6923,-3.4103,3.4032
55.0300,8.5605,-64.1800,19.5529,90.9784,-3.4103,3.4032
55.0401,7.9343,-61.7386,20.4812,84.6307,-3.2848,3.2647
55.0500,7.3410,-58.7479,20.4812,84.6307,-3.2848,3.2647
55.0601,6.2259,-56.8558,21.3766,79.4427,-3.2848,3.2647
55.0700,5.6766,-57.8323,22.2610,76.8182,-3.2848,3.2647
55.0801,5.6766,-57.8323,23.1564,78.2831,-2.9474,2.9115
55.0900,5.1712,-52.5223,23.1564,78.2831,-2.9474,2.9115
55.1000,5.1712,-52.5223,24.0957,90.0018,-2.7796,2.7456
55.1100,4.3802,-43.9163,25.9250,87.6825,-2.5591,2.4864
55.1200,3.9517,-41.5970,26.8973,95.9222,-2.5591,2.4864
55.1300,3.5837,-34.7000,26.8973,95.9222,-2.5591,2.4864
55.1400,3.2761,-29.9393,26.8973,95.9222,-2.1662,2.1838
55.1500,2.9794,-27.5589,26.8973,95.9222,-2.1662,2.1838
55.1600,2.9794,-27.5589,32.7914,184.3011,-2.1662,2.1838
55.1700,2.9794,-27.5589,34.5547,176.1835,-2.1662,2.1838
55.1800,2.9794,-27.5589,37.2244,99.0350,-1.8386,1.8337
55.1900,2.5125,-18.5867,37.2244,99.0350,-1.8386,1.8337
55.2000,1.3095,-46.7239,37.8122,41.2958,-1.8137,1.7934
55.2100,0.8810,-41.1087,37.7847,-25.5988,-1.8137,1.7934
55.2200,0.8810,-41.1087,37.3068,-89.8077,-1.3950,1.3158
55.2300,0.5734,-27.6199,35.9555,-154.3829,-1.3950,1.3158
55.2404,0.3757,-17.8543,33.5275,-259.5465,-0.3408,0.3636
55.2504,0.2219,-15.7791,30.0613,-336.0236,-0.3408,0.3636
55.2600,0.2219,-15.7791,26.7270,-290.0031,0.0804,-0.1336
55.2700,-0.0857,-14.4974,24.5187,-175.6842,0.0804,-0.1336
55.2800,-0.1956,-9.9197,23.5135,-66.5533,0.7971,-0.7479
55.2901,-0.2231,-0.7034,23.4256,9.3134,0.7971,-0.7479
55.3004,-0.2231,-0.7034,23.4915,11.2054,0.7985,-0.7985
55.3100,-0.1791,3.8132,22.8323,-58.9240,0.7985,-0.7985
55.3200,-0.1791,3.8132,22.0688,-72.9620,1.9430,-1.9563
55.3300,-0.1791,3.8132,22.0688,-72.9620,1.9430,-1.9563
55.3401,0.9964,42.3874,21.2173,-73.6945,2.3025,-2.2881
55.3500,1.4084,43.0588,20.4153,-77.9669,2.3025,-2.2881
55.3600,1.4084,43.0588,19.7232,-71.1920,2.6814,-2.7194
55.3700,1.8149,41.9601,19.1409,-66.9806,2.6814,-2.7194
55.3800,2.2543,43.6081,17.3282,-84.3756,2.8289,-2.8408
55.3900,2.7322,48.4299,16.3229,-88.5260,3.1913,-3.1360
55.4005,3.8638,65.2756,16.3229,-88.5260,3.1913,-3.1360
55.4100,3.8638,65.2756,15.4989,-81.6901,3.1913,-3.1360
55.4200,5.4898,95.1218,14.7848,-71.8024,3.1913,-3.1360
55.4302,5.4898,95.1218,14.0762,-67.8961,3.1913,-3.1360
55.4400,6.4896,104.7043,13.3621,-66.8585,3.7995,-3.8223
55.4504,7.5497,105.8640,12.6315,-67.1027,4.0373,-3.9870
55.4600,8.6868,117.1555,11.8789,-68.5065,4.0373,-3.9870
55.4700,9.8953,120.4514,11.1154,-71.3141,4.0373,-3.9870
55.4806,12.0377,101.1642,10.3299,-73.3893,4.3259,-4.3231
55.4900,13.0374,99.5773,10.3299,-73.3893,4.3259,-4.3231
55.5001,13.0374,99.5773,8.6380,-76.7462,4.5369,-4.4073
55.5100,14.0097,96.8307,7.7755,-77.3566,4.5369,-4.4073
55.5203,14.9600,95.6100,6.0946,-78.8214,4.4387,-4.3585
55.5300,15.9103,95.2438,5.1883,-81.0797,4.4387,-4.3585
55.5401,16.8442,93.1076,5.1883,-81.0797,4.2493,-4.2249
55.5500,18.5745,90.4221,4.2874,-83.6432,4.2493,-4.2249
55.5602,19.4534,89.2014,3.4140,-84.3756,4.2493,-4.2249
55.5700,19.4534,89.2014,3.4140,-84.3756,4.2493,-4.2249
55.5800,20.3159,87.5534,1.7331,-85.2911,3.9236,-3.9851
55.5900,21.1453,84.3796,0.1565,-80.9576,3.6693,-3.7222
55.6001,21.9418,81.8771,-0.6455,-78.3942,3.6693,-3.7222
55.6103,22.7219,80.4733,-0.6455,-78.3942,3.5476,-3.5539
55.6200,24.3369,84.8679,-1.4694,-75.7697,3.5476,-3.5539
55.6300,25.2158,91.0324,-2.2550,-73.8165,3.5476,-3.5539
55.6400,25.2158,91.0324,-2.9196,-63.8068,3.0813,-3.1110
55.6504,26.1221,93.4738,-3.4690,-54.6515,3.0813,-3.1110
55.6600,26.9791,88.8351,-4.2984,-36.9513,2.9450,-2.8810
55.6700,27.7261,76.3229,-4.7104,-28.2843,2.9450,-2.8810
55.6802,28.4293,75.4684,-4.7104,-28.2843,2.6978,-2.7212
55.6902,30.3684,120.3903,-5.1883,-46.2897,2.6978,-2.7212
55.7001,31.6702,133.9401,-5.7047,-55.1398,2.3984,-2.4553
55.7100,31.6702,133.9401,-6.0892,-31.3361,2.3984,-2.4553
55.7200,33.1094,147.6120,-6.2924,-13.5748,2.1310,-2.1606
55.7304,34.5432,146.5134,-6.7209,-32.9840,2.0290,-1.9856
55.7400,35.7077,110.8688,-7.0560,-37.0123,2.0290,-1.9856
55.7502,36.3449,53.4958,-7.0560,-37.0123,2.0290,-1.9856
55.7600,35.6088,-109.4681,-7.0560,-37.0123,1.4636,-1.5281
55.7700,34.0872,-173.0057,-7.8800,-39.2096,1.4636,-1.5281
55.7800,34.0872,-173.0057,-8.2041,-31.3361,0.4803,-0.4776
55.7900,34.0872,-173.0057,-8.3853,-13.8190,0.4803,-0.4776
55.8000,29.7641,-229.6463,-8.3579,8.9471,0.4244,-0.4160
55.8100,27.4295,-228.7308,-8.0503,31.5302,0.4244,-0.4160
55.8200,25.5948,-167.0853,-8.0503,31.5302,-0.0212,0.0165
55.8300,24.6884,-67.0486,-7.4405,57.3480,-0.4507,0.4789
55.8400,25.1883,51.9699,-6.7539,54.9677,-0.4507,0.4789
55.8500,25.1883,51.9699,-6.0672,51.7328,-0.7703,0.6155
55.8600,25.1883,51.9699,-5.4575,33.8495,-0.7703,0.6155
55.8700,24.5895,-76.8753,-4.5236,43.1268,-0.7703,0.6155
55.8800,23.6063,-96.3455,-3.8809,45.9955,-0.7703,0.6155
55.8900,22.7823,-75.2274,-3.8809,45.9955,-0.7703,0.6155
55.9001,21.7166,-37.7518,-3.1339,54.7845,-1.1581,1.1334
55.9100,21.2662,-49.9588,-2.3648,58.8739,-1.1581,1.1334
55.9200,21.2662,-49.9588,-1.6233,59.9115,-1.6530,1.6537
55.9303,20.5576,-77.7298,-0.8927,56.7377,-1.6530,1.6537
55.9402,19.6787,-87.6785,0.5905,66.6254,-1.9110,1.9075
55.9500,18.9261,-70.7718,1.4419,74.8651,-1.9110,1.9075
55.9601,18.3164,-59.0530,1.4419,74.8651,-2.1662,2.1557
55.9700,17.0969,-64.6683,2.4087,89.0863,-2.1662,2.1557
55.9800,16.4212,-67.4759,3.4140,94.6405,-2.3180,2.3558
55.9900,16.4212,-67.4759,4.4412,97.3260,-2.4196,2.4400
56.0002,15.7291,-68.6356,5.5838,108.4955,-2.4196,2.4400
56.0100,15.0150,-69.8563,8.0337,118.7494,-2.4196,2.4400
56.0201,14.3063,-68.3914,9.2587,118.2611,-2.9380,2.9469
56.0300,13.6252,-66.4383,9.2587,118.2611,-3.0635,3.1098
56.0400,12.2739,-66.0721,10.4452,112.8900,-3.0635,3.1098
56.0500,11.5817,-68.3304,11.5878,108.1903,-3.0635,3.1098
56.0600,11.5817,-68.3304,11.5878,108.1903,-3.4019,3.3818
56.0700,11.5817,-68.3304,13.8730,105.1385,-3.4019,3.3818
56.0800,10.2194,-65.9500,14.9936,103.0023,-3.6434,3.6582
56.0900,9.5712,-65.4617,16.8503,99.9506,-3.6434,3.6582
56.1000,8.9395,-63.6307,16.8503,99.9506,-3.6218,3.6240
56.1101,8.3188,-63.2034,16.8503,99.9506,-3.6218,3.6240
56.1200,7.6761,-65.5838,18.8662,95.8612,-3.5523,3.4862
56.1300,7.0224,-66.2552,19.8715,92.3212,-3.5523,3.4862
56.1402,6.3742,-64.9734,19.8715,92.3212,-3.5523,3.4862
56.1500,6.3742,-64.9734,20.8603,91.2836,-3.5523,3.4862
56.1600,6.3742,-64.9734,23.7716,90.6732,-3.3676,3.4154
56.1701,5.7535,-62.4710,23.7716,90.6732,-3.3676,3.4154
56.1800,3.6166,-55.1468,24.7384,88.9032,-2.7415,2.7517
56.1900,3.1717,-51.0574,25.7052,89.3915,-2.7415,2.7517
56.2000,3.1717,-51.0574,26.7050,95.1898,-2.2269,2.2558
56.2101,3.1717,-51.0574,27.7212,97.5092,-2.2269,2.2558
56.2200,3.1717,-51.0574,29.8306,109.5331,-2.0436,2.0130
56.2301,2.2214,-19.3192,31.0501,125.5243,-1.9618,1.9746
56.2400,2.1719,-0.0931,31.0501,125.5243,-1.9618,1.9746
56.2500,2.1719,-0.0931,32.4728,148.5956,-1.9618,1.9746
56.2600,2.1719,-0.0931,34.0823,159.5819,-1.8114,1.8184
56.2700,2.1719,-0.0931,35.6094,152.7460,-1.7108,1.7153
56.2800,2.1719,-0.0931,36.8948,122.4115,-1.7108,1.7153
56.2900,2.2708,13.3957,37.5540,-24.9274,-1.7108,1.7153
56.3002,2.2708,13.3957,36.7300,-115.0763,-1.6069,1.5537
56.3100,2.2708,13.3957,36.7300,-115.0763,-1.6069,1.5537
56.3200,2.2708,13.3957,34.5822,-237.3297,-1.6069,1.5537
56.3302,2.2708,13.3957,31.2314,-334.8029,-1.6069,1.5537
56.3405,2.6883,23.3444,27.6059,-335.3522,-1.6069,1.5537
56.3500,2.4411,-36.4090,24.6505,-257.8986,-1.2920,1.2096
56.3600,0.9634,-48.3719,23.0246,-119.1046,-1.2920,1.2096
56.3700,0.3153,-2.5955,22.8103,-3.6261,-0.8563,0.8857
56.3801,0.3867,8.9401,23.1289,25.7928,-0.8563,0.8857
56.3900,0.3867,8.9401,23.0081,-20.2887,-0.5903,0.5374
56.4000,0.5240,17.6682,22.4478,-49.5245,-0.5903,0.5374
56.4100,0.9415,27.1896,21.7392,-61.1823,-0.3995,0.4294
56.4200,1.2051,33.4152,21.0745,-54.7125,-0.3995,0.4294
56.4300,1.5842,45.9274,20.3879,-60.5109,-0.3995,0.4294
56.4400,2.0401,49.9557,19.1189,-60.2667,0.0188,-0.0183
56.4500,2.5015,47.6974,19.1189,-60.2667,0.0141,-0.0226
56.4605,3.4024,54.5944,18.5971,-68.3844,0.0141,-0.0226
56.4700,4.0891,74.4919,18.5971,-68.3844,0.0141,-0.0226
56.4800,4.0891,74.4919,16.8557,-89.6857,0.6528,-0.6326
56.4900,4.9570,89.8727,15.9878,-82.8497,0.6528,-0.6326
56.5004,5.9567,102.8732,14.5486,-72.1075,1.6220,-1.6122
56.5100,7.0883,114.2868,13.8345,-71.8024,1.6220,-1.6122
56.5200,8.2419,115.0192,13.8345,-71.8024,2.4374,-2.4357
56.5306,10.4996,113.0661,13.1259,-69.4220,2.5817,-2.4431
56.5402,11.5488,101.5305,12.4337,-66.3702,2.5817,-2.4431
56.5501,11.5488,101.5305,11.7196,-67.3468,2.5925,-2.6273
56.5600,12.4387,85.2341,10.9671,-70.5817,2.5925,-2.6273
56.5700,13.2297,78.9474,9.3850,-75.5255,2.5925,-2.6273
56.5800,14.0262,80.2292,8.5116,-82.0563,2.5925,-2.6273
56.5900,14.8172,79.4968,8.5116,-82.0563,2.5925,-2.6273
56.6000,16.3498,81.6330,7.5943,-86.2677,3.0362,-3.0622
56.6105,17.0914,82.6706,6.6989,-82.8497,3.0362,-3.0622
56.6205,17.0914,82.6706,6.6989,-82.8497,3.0362,-3.0622
56.6300,17.9044,82.7316,3.9853,-89.8688,3.0362,-3.0622
56.6402,18.7228,83.6472,3.0569,-88.8312,3.2313,-3.2049
56.6500,18.7228,83.6472,2.1780,-85.6573,3.2313,-3.2049
56.6602,20.4312,89.6286,2.1780,-85.6573,3.2313,-3.2049
56.6700,22.1835,89.6896,1.3101,-85.7794,3.2313,-3.2049
56.6800,23.0515,89.8117,0.4367,-86.3898,3.3403,-3.3294
56.6901,23.0515,89.8117,-0.3763,-81.8732,3.3403,-3.3294
56.7000,23.9468,93.5959,-1.1399,-75.5865,3.2632,-3.2891
56.7100,24.8807,96.9528,-2.7054,-71.8634,3.2632,-3.2891
56.7200,25.8090,94.3283,-3.4140,-69.7272,3.9428,-3.9406
56.7301,26.6275,80.7785,-3.4140,-69.7272,3.9428,-3.9406
56.7400,27.8525,58.5007,-4.0018,-57.4591,4.2004,-4.2798
56.7500,28.4403,66.1911,-4.5017,-50.8063,4.2004,-4.2798
56.7600,28.4403,66.1911,-4.9851,-50.8063,4.2361,-4.3078
56.7700,29.1983,89.6286,-5.4355,-49.7076,4.2361,-4.3078
56.7800,30.2365,113.4323,-5.8969,-44.2145,3.8183,-3.8210
56.7900,31.3461,118.9255,-6.2815,-31.9464,3.8183,-3.8210
56.8001,32.3569,106.1691,-6.5341,-20.2887,3.3784,-3.3910
56.8100,34.0048,79.8019,-6.7264,-15.4669,3.3784,-3.3910
56.8201,34.0048,79.8019,-6.8912,-14.0021,3.3215,-3.2971
56.8302,34.4608,37.7487,-6.8912,-14.0021,3.3215,-3.2971
56.8401,34.4498,-9.9197,-7.2098,-19.3732,3.1875,-3.1909
56.8500,34.0433,-49.0433,-7.4680,-12.4152,3.1875,-3.1909
56.8600,33.4280,-64.3631,-7.5943,-12.4762,3.0339,-3.0836
56.8700,32.4338,-115.3885,-7.5943,-12.4762,3.0339,-3.0836
56.8800,27.1219,-297.7005,-7.5614,11.2665,3.0339,-3.0836
56.8900,24.4907,-248.2010,-7.2263,41.6010,2.9948,-3.0348
56.9000,24.4907,-248.2010,-6.6825,53.7469,2.9948,-3.0348
56.9100,22.9251,-123.1400,-6.0617,53.1976,2.9948,-3.0348
56.9205,22.7438,8.3908,-5.2817,70.0433,2.6814,-2.6431
56.9300,23.1009,37.1994,-4.5731,55.2118,2.6814,-2.6431
56.9402,23.1668,-4.0604,-4.1391,36.9623,2.6814,-2.6431
56.9500,22.6614,-57.3441,-3.5019,60.0336,2.6814,-2.6431
56.9601,21.9638,-67.4149,-3.5019,60.0336,2.1714,-2.1637
56.9700,21.3706,-56.0013,-1.5299,78.2831,2.1714,-2.1637
56.9800,20.7993,-60.0296,-0.5631,68.7006,1.5994,-1.5433
56.9902,20.1236,-69.1849,0.1785,45.9955,1.5994,-1.5433
57.0000,19.3985,-71.6873,0.7058,27.8070,1.0528,-1.0333
57.0101,18.6404,-74.9222,1.1837,23.6566,0.8907,-0.8784
57.0201,17.1793,-70.1004,1.1837,23.6566,0.8907,-0.8784
57.0301,16.4597,-66.9266,1.6946,24.1449,0.4564,-0.4404
57.0400,16.4597,-66.9266,3.0075,53.1366,0.4564,-0.4404
57.0500,15.7840,-65.4617,3.9029,69.6771,0.4564,-0.4404
57.0600,15.1193,-65.4617,6.1496,106.4813,-0.1109,0.1409
57.0700,14.4766,-63.0203,7.3800,116.6742,-0.1109,0.1409
57.0800,13.8724,-60.2737,7.3800,116.6742,-0.1109,0.1409
57.0900,12.6364,-63.7527,7.3800,116.6742,-0.1109,0.1409
57.1000,12.0047,-61.9827,9.7751,111.3031,-0.4423,0.5588
57.1100,12.0047,-61.9827,10.9012,106.9696,-0.4423,0.5588
57.1207,11.3675,-62.8372,13.1039,101.7816,-0.9052,0.8949
57.1302,10.7468,-60.8841,13.1039,101.7816,-1.0044,1.0809
57.1401,10.1700,-57.0389,14.1476,97.3260,-1.0044,1.0809
57.1500,9.5987,-57.3441,15.1639,96.3495,-1.0044,1.0809
57.1600,8.4067,-61.9217,16.1636,95.5560,-1.0044,1.0809
57.1700,7.7640,-65.8890,17.0370,92.3822,-1.0044,1.0809
57.1800,7.7640,-65.8890,17.9654,90.1849,-1.0044,1.0809
57.1900,7.0938,-68.3914,18.8937,88.5370,-1.1806,1.1932
57.2000,6.4291,-69.1849,20.8108,92.2601,-1.1806,1.1932
57.2100,5.7535,-70.8328,21.8545,99.3402,-1.1806,1.1932
57.2200,5.0833,-69.5511,21.8545,99.3402,-1.2305,1.2389
57.2300,3.8858,-60.3958,22.9477,105.8099,-1.2305,1.2389
57.2401,3.3420,-57.5882,24.0518,108.1293,-1.7193,1.7013
57.2500,3.3420,-57.5882,25.1285,105.0775,-1.7193,1.7013
57.2600,2.8531,-52.5223,26.1776,103.7347,-1.9040,1.8398
57.2700,2.4411,-46.2357,28.2596,102.5751,-1.9040,1.8398
57.2800,2.4411,-46.2357,29.2758,100.8051,-2.3571,2.3924
57.2904,1.8698,-31.4041,29.2758,100.8051,-2.3571,2.3924
57.3000,1.5732,-7.8445,30.2701,98.8519,-2.3571,2.3924
57.3107,1.5567,0.7614,31.2533,99.5844,-2.3571,2.3924
57.3200,1.5567,0.7614,32.2806,105.6879,-3.0292,3.0958
57.3300,1.5952,5.5222,33.3682,107.1527,-3.0292,3.0958
57.3401,1.5952,5.5222,34.3130,89.4525,-3.3911,3.3385
57.3500,1.6776,0.0900,35.1205,6.6278,-3.3911,3.3385
57.3604,1.6116,-8.0887,35.1205,6.6278,-3.3911,3.3385
57.3705,1.2875,-19.6243,34.8678,-49.5856,-3.3911,3.3385
57.3802,1.0953,-18.5867,33.8626,-115.6866,-3.4399,3.4136
57.3902,1.0953,-18.5867,31.9949,-204.3097,-3.3614,3.3446
57.4000,1.0953,-18.5867,29.1989,-285.3644,-3.3614,3.3446
57.4100,0.9250,-2.9617,24.0188,-194.6661,-3.3614,3.3446
57.4200,1.0184,10.9543,22.6675,-116.2970,-3.2186,3.1909
57.4303,1.6226,39.7018,22.6675,-116.2970,-3.2186,3.1909
57.4402,1.6226,39.7018,22.6675,-116.2970,-2.7547,2.7505
57.4500,1.6226,39.7018,21.2283,-39.2096,-2.7547,2.7505
57.4600,2.3752,31.4011,21.0415,-1.0016,-2.6198,2.5858
57.4705,2.5455,17.6071,20.8493,-19.3121,-2.6198,2.5858
57.4800,2.6993,23.6496,19.5694,-69.7272,-2.5521,2.5321
57.4907,3.0289,42.9367,19.5694,-69.7272,-2.5521,2.5321
57.5000,3.5013,53.1906,18.8608,-65.5157,-2.5521,2.5321
57.5100,4.3912,40.4343,18.8608,-65.5157,-2.5521,2.5321
57.5200,4.3912,40.4343,17.8940,-52.5153,-2.2551,2.2680
57.5300,4.7592,37.1994,17.2183,-68.7506,-2.2551,2.2680
57.5401,5.1547,41.3498,16.3614,-86.0846,-1.9157,1.9148
57.5500,5.1547,41.3498,15.5209,-79.7980,-1.9157,1.9148
57.5600,6.3742,75.9567,14.3179,-59.7784,-1.8175,1.8196
57.5700,6.3742,75.9567,14.3179,-59.7784,-1.8175,1.8196
57.5802,6.3742,75.9567,14.3179,-59.7784,-1.4175,1.3542
57.5901,6.3742,75.9567,14.3179,-59.7784,-1.4175,1.3542
57.6002,7.2971,94.3893,14.3179,-59.7784,-1.2469,1.2993
57.6100,12.0761,122.4655,12.9336,-63.0743,-1.2469,1.2993
57.6201,13.2077,108.7326,12.2744,-59.6564,-0.8281,0.8625
57.6300,14.2514,103.0563,9.0939,-83.6432,-0.8281,0.8625
57.6402,15.2512,98.6008,9.0939,-83.6432,-0.5273,0.5222
57.6500,16.9046,84.3796,8.1656,-88.5870,-0.5273,0.5222
57.6600,17.6956,79.1306,8.1656,-88.5870,0.9499,-0.9809
57.6700,17.6956,79.1306,6.3144,-83.0328,1.1891,-1.1175
57.6802,18.4592,77.2385,6.3144,-83.0328,1.1891,-1.1175
57.6900,19.2282,79.3747,4.5895,-78.6383,1.1891,-1.1175
57.7000,20.0192,82.8537,3.0240,-80.4083,1.5237,-1.5464
57.7101,20.0192,82.8537,3.0240,-80.4083,1.5524,-1.5695
57.7200,20.8212,83.4641,2.3044,-79.6759,1.5524,-1.5695
57.7300,23.0789,79.9240,1.5957,-78.3331,1.5524,-1.5695
57.7400,23.0789,79.9240,0.8651,-75.5255,1.6882,-1.7660
57.7500,23.0789,79.9240,0.1510,-72.4127,1.6882,-1.7660
57.7601,24.5786,83.5251,-1.1289,-66.6144,2.7359,-2.7901
57.7700,25.3201,79.9240,-1.7331,-60.9991,2.7359,-2.7901
57.7800,25.9793,69.9142,-1.7331,-60.9991,3.2068,-3.1897
57.7902,26.5176,55.9982,-2.2879,-55.0787,3.2609,-3.2910
57.8000,26.9571,47.6364,-2.8427,-51.9659,3.2609,-3.2910
57.8100,27.4185,53.2516,-3.4415,-53.1256,3.2609,-3.2910
57.8200,28.0447,74.7971,-4.0183,-49.8297,3.5532,-3.5276
57.8302,28.9456,96.8918,-4.7928,-39.1486,3.5532,-3.5276
57.8400,29.9344,104.7653,-5.1114,-34.9982,3.8103,-3.8210
57.8501,30.8737,97.3190,-5.1114,-34.9982,3.9508,-3.9912
57.8600,32.5052,74.7971,-5.4465,-31.7633,3.9508,-3.9912
57.8700,33.0161,43.9743,-5.7816,-27.6129,3.9508,-3.9912
57.8800,33.0161,43.9743,-6.0068,-16.7487,4.1543,-4.1065
57.8901,33.1094,0.5173,-6.1002,-2.8937,4.1543,-4.1065
57.9000,32.8952,-27.2537,-6.1057,6.5057,4.1543,-4.1065
57.9100,32.4448,-50.0809,-5.9299,19.8114,4.1543,-4.1065
57.9200,31.8515,-59.1141,-5.9299,19.8114,4.1543,-4.1065
57.9300,30.3244,-102.9984,-5.7102,30.3705,4.1543,-4.1065
57.9400,28.5666,-190.2786,-5.4190,38.1830,4.1901,-4.1956
57.9500,28.5666,-190.2786,-5.0620,42.3944,4.1792,-4.1864
57.9600,26.5067,-200.9598,-4.6170,47.5824,4.1792,-4.1864
57.9704,24.7159,-175.3250,-4.0622,54.1132,4.0147,-3.9516
57.9804,23.3810,-121.6141,-3.4360,54.6014,4.0147,-3.9516
57.9900,22.8427,-32.0145,-2.7878,54.1742,4.0147,-3.9516
58.0000,22.6175,-19.8074,-2.1561,52.5262,4.0147,-3.9516
58.0100,22.0517,-58.1985,-1.5958,44.4086,4.0147,-3.9516
58.0200,22.0517,-58.1985,-0.9970,46.3617,3.7628,-3.7686
58.0300,21.2167,-70.1614,-0.3434,48.6200,3.7628,-3.7686
58.0400,20.5905,-57.7713,1.1288,60.3387,3.4597,-3.4813
58.0500,20.0687,-53.3768,1.7660,53.3197,3.4597,-3.4813
58.0603,19.5413,-54.4754,1.7660,53.3197,3.4597,-3.4813
58.0701,18.3658,-59.0530,2.2934,42.8827,3.3262,-3.3050
58.0800,17.6956,-66.2552,2.7658,33.9716,3.3262,-3.3050
58.0900,17.6956,-66.2552,3.3206,41.5399,3.3262,-3.3050
58.1000,17.0804,-58.6258,3.9633,53.7469,3.1119,-3.1141
58.1100,16.5311,-54.7195,5.3750,70.2264,3.1119,-3.1141
58.1200,15.9213,-60.2737,6.2924,82.4945,2.8412,-2.8780
58.1301,15.3061,-61.4944,6.2924,82.4945,2.8412,-2.8780
58.1401,14.0646,-61.8607,7.3526,99.8895,2.3430,-2.2771
58.1500,13.4384,-61.3113,8.5171,113.7445,2.3430,-2.2771
58.1600,13.4384,-61.3113,8.5171,113.7445,2.3430,-2.2771
58.1701,12.8177,-62.4100,9.7256,118.3832,2.0943,-2.0441
58.1800,12.1420,-67.6590,10.9726,121.8011,2.0943,-2.0441
58.1902,11.4499,-67.9031,12.2470,125.1581,1.6149,-1.5921
58.2000,10.7742,-65.5838,14.7244,118.5663,1.6149,-1.5921
58.2100,9.4614,-64.7903,14.7244,118.5663,1.5049,-1.5030
58.2200,8.7857,-68.2083,16.9876,107.7631,1.5049,-1.5030
58.2300,8.7857,-68.2083,16.9876,107.7631,1.5049,-1.5030
58.2400,8.7857,-68.2083,18.9761,105.5048,1.3832,-1.3957
58.2502,7.3410,-74.0677,20.0802,108.6786,1.3832,-1.3957
58.2600,6.5884,-73.1522,22.2830,107.7020,1.4232,-1.3280
58.2700,5.8579,-72.1756,22.2830,107.7020,1.4232,-1.3280
58.2800,4.4846,-67.1707,22.2830,107.7020,1.2164,-1.2407
58.2900,3.8583,-64.3021,24.3979,104.3451,1.2164,-1.2407
58.3003,3.8583,-64.3021,24.3979,104.3451,0.0611,-0.1055
58.3100,3.8583,-64.3021,25.5075,109.3500,0.0611,-0.1055
58.3200,2.5784,-64.0579,27.9355,122.3505,-0.0837,0.0781
58.3308,2.5784,-64.0579,29.2648,129.4916,-0.0837,0.0781
58.3400,2.5784,-64.0579,30.5777,124.6088,-0.7050,0.6539
58.3500,0.5295,-43.0618,31.7642,112.0966,-0.7050,0.6539
58.3600,0.5295,-43.0618,32.8189,100.1947,-0.7370,0.7875
58.3701,0.5295,-43.0618,33.7307,89.5135,-1.0082,0.9809
58.3800,-0.1297,-29.6341,34.5547,84.2035,-1.0082,0.9809
58.3900,-0.1297,-29.6341,36.3180,96.7157,-1.0082,0.9809
58.4002,-0.7175,-27.3758,37.3233,100.6830,-1.6116,1.6122
58.4100,-1.0141,-28.8406,37.3233,100.6830,-1.6116,1.6122
58.4200,-1.3437,-32.3807,38.2077,83.8983,-1.7738,1.7092
58.4300,-1.7062,-36.1038,38.7240,39.5258,-1.7738,1.7092
58.4400,-1.7062,-36.1038,38.7021,-17.8473,-2.3970,2.3357
58.4500,-2.5027,-38.2401,38.1527,-68.2623,-2.3688,2.3357
58.4601,-2.5027,-38.2401,38.1527,-68.2623,-2.3688,2.3357
58.4702,-3.0191,-12.9715,37.1585,-108.7897,-2.3688,2.3357
58.4800,-3.0466,1.6769,33.7417,-204.4318,-2.3688,2.3357
58.4903,-2.9312,14.9216,30.7919,-302.0880,-2.3688,2.3357
58.5000,-2.9312,14.9216,27.4960,-308.8019,-2.4872,2.5535
58.5100,-2.3544,34.4528,27.4960,-308.8019,-2.8835,2.8749
58.5201,-1.9754,36.1008,27.4960,-308.8019,-2.8835,2.8749
58.5305,-1.6293,31.8893,23.2882,29.5160,-2.8835,2.8749
58.5401,-1.3876,20.2927,23.3487,-3.5040,-3.2397,3.2788
58.5504,-1.3382,2.2873,23.3487,-3.5040,-3.0635,2.9945
58.5600,-1.3547,4.3625,22.7005,-74.8541,-3.0635,2.9945
58.5701,-0.7559,48.4299,22.7005,-74.8541,-3.0635,2.9945
58.5800,-0.7559,48.4299,20.4098,-104.0289,-2.7359,2.7456
58.5900,-0.2725,50.3220,20.4098,-104.0289,-2.7359,2.7456
58.6004,0.1834,47.9416,19.0640,-60.9991,-2.7359,2.7456
58.6103,0.7053,53.1296,19.0640,-60.9991,-2.7359,2.7456
58.6200,1.3150,67.8391,19.0640,-60.9991,-2.2128,2.2680
58.6300,3.2596,115.8127,18.4872,-64.5392,-2.2128,2.2680
58.6400,4.5340,130.8273,15.5484,-88.2819,-2.0092,1.9978
58.6500,4.5340,130.8273,14.7793,-73.6945,-2.0092,1.9978
58.6600,5.9512,144.6823,14.0487,-71.1920,-2.0092,1.9978
58.6700,7.4728,153.3493,12.3568,-77.7838,-2.0092,1.9978
58.6800,7.4728,153.3493,11.5109,-76.9904,-1.8471,1.8148
58.6900,10.5216,149.8093,11.5109,-76.9904,-1.8471,1.8148
58.7000,13.2462,127.0432,10.7089,-78.3331,-1.3771,1.3499
58.7103,14.4492,118.3151,9.8904,-83.0328,-0.9583,0.8564
58.7200,14.4492,118.3151,9.0280,-85.6573,-0.9583,0.8564
58.7300,14.4492,118.3151,8.1381,-86.8170,-0.9583,0.8564
58.7400,15.5423,106.7795,6.4572,-80.8966,-0.5100,0.5142
58.7502,17.2836,96.4645,5.6112,-80.6525,-0.5100,0.5142
58.7600,18.0747,96.2814,5.6112,-80.6525,-0.3027,0.3453
58.7700,19.7995,96.2814,4.7543,-82.5446,-0.3027,0.3453
58.7800,20.7553,97.5021,3.9578,-81.3239,-0.1772,0.1751
58.7900,20.7553,97.5021,3.9578,-81.3239,-0.1772,0.1751
58.8003,21.7221,99.2722,3.9578,-81.3239,-0.1772,0.1751
58.8101,22.6999,99.8825,3.2327,-76.6241,-0.1772,0.1751
58.8201,23.6832,101.7136,0.6180,-65.5157,0.4991,-0.4111
58.8306,24.7159,107.5119,0.6180,-65.5157,0.7238,-0.7094
58.8400,25.7980,113.7375,0.0961,-61.6705,0.7238,-0.7094
58.8500,26.9241,116.1789,-0.4312,-60.4498,0.7238,-0.7094
58.8600,27.9678,104.9484,-0.9751,-59.2902,1.0674,-1.0394
58.8700,28.7918,80.5954,-1.5134,-57.8864,1.0674,-1.0394
58.8802,29.3686,55.8762,-2.5461,-52.3932,1.3639,-1.4219
58.8900,29.7806,43.9133,-3.0130,-49.6466,1.3639,-1.4219
58.9000,30.2365,54.2892,-3.0130,-49.6466,2.4008,-2.4449
58.9100,31.7416,94.1452,-3.5349,-47.2052,2.4008,-2.4449
58.9200,32.6590,96.6476,-4.0018,-43.5431,2.9760,-2.9207
58.9302,32.6590,96.6476,-4.0018,-43.5431,2.9760,-2.9207
58.9400,33.5873,101.0422,-4.7214,-37.0734,3.4573,-3.4862
58.9503,33.5873,101.0422,-4.9686,-29.6881,3.4681,-3.5136
58.9600,35.1804,63.6276,-5.1663,-14.6124,3.4681,-3.5136
58.9700,35.4440,22.0627,-5.2433,-3.5651,3.4681,-3.5136
58.9800,34.3234,-84.6878,-5.2433,-3.5651,3.4681,-3.5136
58.9900,33.3182,-103.4866,-5.2268,9.5575,3.4681,-3.5136
59.0000,33.3182,-103.4866,-5.1114,16.4545,3.7901,-3.8119
59.0100,32.2141,-113.6795,-4.8972,26.0980,3.7901,-3.8119
59.0202,31.0770,-116.6702,-4.1941,39.1595,4.0044,-4.0095
59.0306,29.7861,-144.1360,-4.1941,39.1595,4.0044,-4.0095
59.0400,27.7371,-227.2049,-3.8370,33.5443,4.0716,-4.0852
59.0503,25.3256,-235.6277,-3.8370,33.5443,4.0552,-4.0632
59.0600,22.6614,-32.2586,-2.8977,48.4979,4.0552,-4.0632
59.0700,22.6614,-32.2586,-2.2220,55.3949,4.0161,-4.0345
59.0800,22.6614,-32.2586,-1.5628,50.3900,4.0161,-4.0345
59.0900,22.9910,-0.9476,-0.8597,54.4794,4.0161,-4.0345
59.1004,22.4747,-60.5179,0.7498,68.7616,3.7107,-3.6594
59.1106,21.5408,-90.0589,0.7498,68.7616,3.7107,-3.6594
59.1200,19.9918,-63.5086,1.5573,67.6019,3.3295,-3.2415
59.1301,19.3655,-53.9261,1.5573,67.6019,2.9793,-2.9701
59.1400,19.3655,-53.9261,2.5131,32.4457,2.9793,-2.9701
59.1503,18.8217,-54.5364,2.8866,38.0609,2.9793,-2.9701
59.1600,18.0856,-51.8509,4.1281,67.2357,2.5394,-2.5156
59.1700,17.3715,-55.3909,5.0180,78.1000,2.5394,-2.5156
59.1801,16.6135,-64.2410,5.0180,78.1000,2.0976,-2.0917
59.1906,15.3665,-58.8089,6.0782,93.9691,2.0976,-2.0917
59.2000,14.7788,-58.7479,7.2152,106.1761,1.8386,-1.8013
59.2105,14.7788,-58.7479,8.4237,116.4911,1.8386,-1.8013
59.2201,14.1800,-59.2361,11.2802,144.2621,1.8386,-1.8013
59.2304,13.5812,-60.2737,11.2802,144.2621,1.8386,-1.8013
59.2403,12.9276,-65.6448,12.7139,137.6703,1.6375,-1.6183
59.2500,12.2134,-71.1380,14.0378,127.5995,1.6375,-1.6183
59.2600,10.8511,-65.5838,14.0378,127.5995,1.1407,-1.1486
59.2700,10.1865,-68.3304,15.2847,118.9325,1.1407,-1.1486
59.2800,10.1865,-68.3304,16.4657,111.0590,0.4117,-0.4221
59.2900,9.4888,-71.1380,18.5861,95.0677,0.4117,-0.4221
59.3001,8.7912,-69.8563,19.5694,92.6874,0.4117,-0.4221
59.3100,8.1320,-64.6683,21.2723,88.9032,0.4117,-0.4221
59.3207,7.5113,-61.1282,21.2723,88.9032,0.4117,-0.4221
59.3300,6.8851,-63.0814,21.2723,88.9032,0.4117,-0.4221
59.3400,5.5777,-66.8655,22.9861,77.6727,-0.0461,0.0397
59.3500,5.5777,-66.8655,23.8925,82.9828,-0.0461,0.0397
59.3600,4.9130,-69.0018,24.8977,93.7250,-0.4719,0.4203
59.3700,4.2319,-70.8939,26.9906,94.8846,-0.7285,0.6753
59.3801,3.5507,-71.9925,26.9906,94.8846,-0.7285,0.6753
59.3900,2.8861,-69.5511,27.9190,86.0956,-0.7285,0.6753
59.4000,2.2928,-63.0203,28.7759,82.6166,-1.7653,1.7226
59.4104,1.2930,-53.9261,28.7759,82.6166,-1.7653,1.7226
59.4200,1.2930,-53.9261,30.7480,108.1293,-2.2527,2.3125
59.4300,0.8591,-49.7757,31.8631,115.1483,-2.2527,2.3125
59.4400,0.8591,-49.7757,33.1650,139.2572,-2.7650,2.7962
59.4500,0.0626,-46.6019,33.1650,139.2572,-2.7650,2.7962
59.4600,-0.2670,-40.3763,33.1650,139.2572,-2.7650,2.7962
59.4700,-0.8658,-29.1458,38.2187,164.4037,-2.7650,2.7962
59.4800,-1.1514,-26.8265,39.5700,125.8905,-3.0315,3.0988
59.4900,-1.1514,-26.8265,39.5700,125.8905,-3.0315,3.0988
59.5002,-1.1514,-26.8265,39.5700,125.8905,-3.1546,3.1958
59.5100,-1.6678,-26.5213,40.1083,-59.9005,-3.1546,3.1958
59.5201,-1.9589,-28.7796,37.7462,-140.7111,-3.1673,3.1744
59.5300,-1.9589,-28.7796,37.7462,-140.7111,-3.1673,3.1744
59.5401,-2.4533,-19.6854,36.0489,-175.7452,-2.3016,2.3436
59.5503,-2.5906,-10.5301,33.9670,-218.0426,-2.3063,2.2588
59.5600,-2.5906,-10.5301,33.9670,-218.0426,-2.3063,2.2588
59.5700,-2.5906,-10.5301,28.4683,-253.3209,-2.3063,2.2588
59.5801,-2.5906,-10.5301,25.0021,-111.4752,-2.3063,2.2588
59.5900,-2.5082,15.0436,25.0021,-111.4752,-2.3063,2.2588
59.6000,-2.2391,30.2414,24.2441,-44.2145,-2.3063,2.2588
59.6100,-1.8491,40.0070,24.2001,19.9335,-2.1249,2.1021
59.6202,-1.8491,40.0070,24.2825,0.6464,-2.1249,2.1021
59.6300,-1.0965,35.7346,23.7552,-69.7272,-2.1249,2.1021
59.6400,-0.8054,31.2790,22.6950,-114.3439,-2.0755,2.1051
59.6502,-0.5142,33.6594,21.5414,-115.0153,-2.0755,2.1051
59.6600,-0.1627,39.5798,19.8990,-70.1544,-1.8767,1.8642
59.6700,0.2054,40.4953,19.8990,-70.1544,-1.8767,1.8642
59.6800,1.1667,59.2331,19.3167,-57.5812,-1.5463,1.5494
59.6900,1.1667,59.2331,18.5641,-66.1871,-1.5463,1.5494
59.7002,1.8424,74.6750,17.7292,-88.4039,-1.1571,1.1053
59.7106,2.6663,90.7272,17.7292,-88.4039,-1.1571,1.1053
59.7200,3.6716,109.0378,15.2298,-75.1593,-0.9593,0.9919
59.7302,4.8636,127.2873,14.4937,-70.5206,-0.9593,0.9919
59.7400,6.1710,132.5974,14.4937,-70.5206,-0.9076,0.8625
59.7500,6.1710,132.5974,13.7741,-68.6285,-0.9076,0.8625
59.7600,7.4783,129.7897,13.0215,-71.0089,-0.1156,0.1592
59.7700,10.0491,124.7238,12.2195,-73.6334,-0.1156,0.1592
59.7801,11.1862,110.3195,12.2195,-73.6334,0.3502,-0.4130
59.7905,12.2080,99.3942,9.7915,-72.5348,0.3502,-0.4130
59.8002,13.1638,95.2438,8.9785,-73.4503,0.3502,-0.4130
59.8100,14.1031,94.2673,8.9785,-73.4503,0.3502,-0.4130
59.8200,15.9378,92.7414,8.1216,-78.0280,0.9879,-0.9394
59.8303,16.8662,93.7790,7.2372,-79.5538,0.9879,-0.9394
59.8401,16.8662,93.7790,6.3528,-80.5304,0.9654,-0.9839
59.8500,17.7011,92.0700,5.4794,-82.7277,0.9654,-0.9839
59.8600,18.5965,90.6662,3.6667,-90.1129,0.9583,-0.9534
59.8701,19.4919,90.9714,2.7218,-91.5167,0.9583,-0.9534
59.8801,20.4038,93.5959,2.7218,-91.5167,1.2977,-1.3530
59.8901,22.3209,99.1501,1.8374,-86.8170,1.6600,-1.7062
59.9000,23.3096,101.4084,1.8374,-86.8170,1.6600,-1.7062
59.9102,23.3096,101.4084,0.2115,-82.4835,2.1474,-2.2143
59.9201,24.3094,102.9953,-0.6235,-83.2159,2.1474,-2.2143
59.9302,25.3146,103.7277,-2.2824,-80.7745,2.1474,-2.2143
59.9400,26.2814,99.7604,-3.0789,-75.4034,2.5498,-2.5797
59.9501,27.1603,87.4313,-3.0789,-75.4034,2.5498,-2.5797
59.9600,28.3743,51.9089,-3.8480,-71.2531,2.5498,-2.5797
59.9700,28.8577,54.5334,-3.8480,-71.2531,2.5498,-2.5797
59.9800,28.8577,54.5334,-5.3311,-69.7272,2.8576,-2.7901
59.9900,29.5554,84.1354,-5.9134,-61.2433,3.0470,-3.0268
60.0000,30.5881,119.1086,-7.0670,-47.9987,3.0470,-3.0268
60.0100,31.8350,131.2546,-7.5998,-46.3507,3.0470,-3.0268
60.0200,33.0051,124.0524,-7.5998,-46.3507,3.3511,-3.4355
60.0302,34.8892,87.3093,-8.0942,-43.5431,3.3511,-3.4355
60.0407,35.5154,58.4396,-8.5172,-38.1720,3.3511,-3.4355
60.0501,35.5154,58.4396,-8.8962,-34.9982,3.3511,-3.4355
60.0601,35.6198,-3.6331,-9.3137,-38.9655,3.6148,-3.6533
60.0701,35.1035,-68.1473,-9.8300,-52.2101,3.6148,-3.6533
60.0800,34.1367,-104.6463,-10.3519,-48.6700,3.6148,-3.6533
60.0900,33.0216,-113.5574,-10.6925,-25.2936,3.6895,-3.7222
60.1000,28.9786,-268.2816,-10.6925,-25.2936,3.6895,-3.7222
60.1100,26.3693,-243.7454,-11.0330,-8.1427,3.6895,-3.7222
60.1201,26.3693,-243.7454,-11.0330,-8.1427,3.6895,-3.7222
60.1306,24.5895,-155.8548,-9.3741,91.5277,3.7760,-3.7838
60.1401,23.8754,-43.0008,-8.3908,82.1893,3.7760,-3.7838
60.1500,24.0512,37.0773,-7.5174,74.9261,3.7760,-3.7838
60.1603,24.2545,11.8698,-7.5174,74.9261,3.7520,-3.7899
60.1700,22.9086,-90.9744,-7.5174,74.9261,3.8004,-3.8424
60.1802,22.0187,-83.8943,-7.5174,74.9261,3.8004,-3.8424
60.1900,22.0187,-83.8943,-4.2874,86.7059,3.8004,-3.8424
60.2002,21.3431,-63.7527,-4.2874,86.7059,3.4103,-3.4044
60.2101,20.7773,-57.5272,-3.3646,70.8978,3.4103,-3.4044
60.2200,19.9368,-64.6683,-1.4804,68.3344,3.4103,-3.4044
60.2302,19.1403,-68.8187,-0.5136,70.4706,3.4103,-3.4044
60.2401,17.5693,-72.1146,0.3103,67.2357,2.9051,-2.9146
60.2500,16.8826,-68.2083,1.0025,53.4418,2.9051,-2.9146
60.2605,16.8826,-68.2083,1.7605,57.6532,2.7406,-2.7487
60.2700,16.1740,-71.0159,2.6834,78.3441,2.7406,-2.7487
60.2801,15.5039,-65.1566,4.7268,102.8802,2.3251,-2.3479
60.2905,14.8886,-60.8841,4.7268,102.8802,2.1310,-2.1576
60.3000,14.2459,-66.3773,5.9683,116.7963,2.1310,-2.1576
60.3101,12.8122,-72.1146,7.3800,136.3275,2.1310,-2.1576
60.3200,12.1201,-67.9642,8.8467,141.3934,2.1310,-2.1576
60.3300,12.1201,-67.9642,10.2145,128.7592,2.1310,-2.1576
60.3405,11.4499,-66.5604,10.2145,128.7592,2.0172,-1.9746
60.3500,10.7742,-67.4759,12.7414,116.9183,2.0172,-1.9746
60.3600,10.0986,-66.1331,13.9718,113.6835,1.5750,-1.5756
60.3700,9.4449,-64.1190,15.1309,105.8099,1.5750,-1.5756
60.3800,8.1210,-68.3914,16.2240,99.7675,1.0613,-0.9809
60.3901,7.4234,-71.3821,17.3062,99.5233,1.0613,-0.9809
60.4000,7.4234,-71.3821,18.4103,102.6361,0.7985,-0.7582
60.4105,7.4234,-71.3821,19.3332,104.1010,0.7985,-0.7582
60.4200,5.9952,-71.0159,21.4206,107.2748,0.5311,-0.4404
60.4300,5.3360,-67.1097,22.5357,112.5848,0.5311,-0.4404
60.4402,4.6768,-65.4617,22.5357,112.5848,-0.1669,0.1257
60.4500,3.3914,-61.4944,22.5357,112.5848,-0.1669,0.1257
60.4600,2.7982,-57.0389,24.9197,124.4257,-0.1669,0.1257
60.4700,2.7982,-57.0389,26.1667,125.6464,-1.2685,1.0858
60.4802,2.7982,-57.0389,27.4026,123.4491,-1.2685,1.0858
60.4900,1.7709,-43.7943,29.8086,116.1249,-1.2685,1.0858
60.5000,1.3754,-36.1649,30.9073,105.3217,-1.7348,1.7641
60.5100,1.1557,-30.0613,30.9073,105.3217,-1.7348,1.7641
60.5201,1.1557,-30.0613,31.8521,90.0018,-1.7348,1.7641
60.5300,0.6284,-10.4080,32.6431,77.8558,-1.8814,1.8215
60.5400,0.6284,-10.4080,33.4012,80.4193,-1.8814,1.8215
60.5500,0.6284,-10.4080,34.3185,101.9647,-1.8814,1.8215
60.5602,0.6284,-10.4080,36.6971,121.8622,-2.4280,2.3943
60.5701,0.5185,-3.8162,37.7462,98.1805,-2.6978,2.7352
60.5807,0.4086,-13.2156,37.7462,98.1805,-2.6978,2.7352
60.5900,0.2054,-22.4319,38.4164,53.4418,-2.6978,2.7352
60.6000,-0.3659,-31.1600,38.5702,-0.5743,-3.1274,3.1665
60.6101,-0.3659,-31.1600,38.1418,-57.8253,-3.1274,3.1665
60.6200,-0.3659,-31.1600,38.1418,-57.8253,-3.1579,3.0695
60.6300,-0.9866,-29.7562,37.0871,-117.0294,-3.1579,3.0695
60.6400,-1.2448,-25.1175,35.0766,-218.1036,-3.6326,3.6301
60.6500,-1.2448,-25.1175,28.2760,-327.2345,-3.6326,3.6301
60.6600,-1.3766,6.3156,25.4745,-245.0812,-3.9001,3.8637
60.6700,-1.3766,6.3156,23.6508,-142.7863,-3.9001,3.8637
60.6800,-1.3766,6.3156,22.9477,-33.2281,-3.8455,3.8253
60.6900,-1.1899,21.4523,22.9477,11.2054,-3.8455,3.8253
60.7000,-0.1022,53.8010,22.2830,-63.5016,-3.6148,3.5319
60.7109,0.5295,68.8766,22.2830,-63.5016,-3.3661,3.3276
60.7200,0.5295,68.8766,21.4590,-82.7277,-3.3661,3.3276
60.7300,2.8037,68.0222,20.6131,-83.4601,-3.3661,3.3276
60.7400,3.3914,55.5710,19.8715,-87.7325,-3.2421,3.1909
60.7509,3.3914,55.5710,19.0695,-86.6339,-2.9878,3.0189
60.7600,3.8748,46.3547,18.2455,-84.9249,-2.9878,3.0189
60.7702,4.2758,42.2653,16.5866,-77.1735,-2.6564,2.6474
60.7800,4.2758,42.2653,15.8285,-70.3375,-2.6564,2.6474
60.7900,4.7263,50.5051,15.8285,-70.3375,-2.6564,2.6474
60.8000,6.2424,90.2390,15.0485,-72.9620,-2.4633,2.4510
60.8103,6.2424,90.2390,14.2685,-73.3282,-2.2184,2.2003
60.8200,8.3408,116.0568,14.2685,-73.3282,-2.2184,2.2003
60.8300,9.6536,134.9167,13.5324,-69.3610,-2.2184,2.2003
60.8400,10.9885,132.0480,11.0769,-83.0939,-2.2184,2.2003
60.8507,12.2299,121.6721,10.1541,-83.0328,-2.2184,2.2003
60.8600,12.2299,121.6721,10.1541,-83.0328,-2.0351,1.9746
60.8703,15.4709,98.0515,10.1541,-83.0328,-2.0351,1.9746
60.8802,16.3992,91.0324,8.3578,-83.6432,-2.0351,1.9746
60.8904,16.3992,91.0324,7.4460,-84.2535,-2.0351,1.9746
60.9000,17.2727,86.8210,6.4956,-85.1691,-1.1651,1.1438
60.9102,17.9868,84.9289,4.6829,-78.5162,-0.5466,0.5173
60.9200,18.7613,84.8068,4.6829,-78.5162,-0.5466,0.5173
60.9300,19.6127,85.7834,3.8754,-78.0280,-0.5466,0.5173
60.9400,21.3156,85.9665,3.0514,-80.8966,0.1678,-0.2379
60.9500,22.1561,85.8444,2.2000,-83.3380,0.1678,-0.2379
60.9601,22.1561,85.8444,1.3595,-81.9952,0.9146,-0.8827
60.9705,23.0020,87.4313,0.5575,-79.7980,0.9146,-0.8827
60.9800,23.8919,91.6428,-0.2280,-76.9904,1.4744,-1.4231
60.9900,24.8258,97.0139,-1.8979,-80.1031,1.4744,-1.4231
61.0001,24.8258,97.0139,-1.8979,-80.1031,1.4744,-1.4231
61.0100,27.9294,105.0705,-2.7219,-77.9669,1.4744,-1.4231
61.0203,28.8138,87.7365,-3.4580,-71.0089,1.6483,-1.6183
61.0301,28.8138,87.7365,-4.1446,-70.7037,1.6483,-1.6183
61.0400,29.4840,66.2521,-4.8423,-70.8868,2.0976,-2.0978
61.0501,30.0168,56.7917,-6.3364,-77.3566,2.2245,-2.2527
61.0601,30.5991,66.7404,-7.0890,-77.4786,2.2245,-2.2527
61.0700,31.3242,83.2809,-7.0890,-77.4786,2.2598,-2.2863
61.0800,32.9172,79.9240,-7.7317,-64.3561,2.2598,-2.2863
61.0902,33.5983,74.0036,-7.7317,-64.3561,2.2598,-2.2863
61.1005,33.5983,74.0036,-8.8797,-55.1398,2.2598,-2.2863
61.1104,34.2081,64.4821,-9.4345,-53.7360,2.2598,-2.2863
61.1200,34.6420,45.9885,-10.0608,-20.2887,2.8336,-2.7767
61.1302,34.8947,24.5041,-10.3134,-24.8663,2.8336,-2.7767
61.1405,34.7464,-21.2723,-10.3134,-24.8663,3.1462,-3.1177
61.1501,33.3511,-86.2137,-10.3134,-24.8663,3.1462,-3.1177
61.1604,32.2525,-118.1961,-11.0166,-37.8668,3.1532,-3.1299
61.1700,32.2525,-118.1961,-11.4121,-35.7306,3.1532,-3.1299
61.1802,30.3464,-224.8856,-11.7197,-24.5001,3.1532,-3.1299
61.1900,27.4954,-286.1038,-11.7197,-24.5001,3.1532,-3.1299
61.2001,24.8312,-252.9007,-11.8735,-10.0958,3.1532,-3.1299
61.2100,22.9636,-159.1507,-11.3681,45.5072,3.1532,-3.1299
61.2205,22.5351,-2.5955,-10.7364,60.7660,3.3816,-3.4123
61.2301,23.1009,66.6183,-9.9454,75.5365,3.3816,-3.4123
61.2402,23.3920,15.1657,-9.1104,71.0809,3.6919,-3.6765
61.2506,22.9251,-61.4944,-8.3524,71.0199,3.6919,-3.6765
61.2600,21.9913,-96.2845,-6.3034,92.1991,3.8220,-3.8284
61.2700,21.1179,-81.5750,-5.2158,90.1239,3.8220,-3.8284
61.2802,20.4422,-65.7059,-5.2158,90.1239,3.4103,-3.4923
61.2900,19.0579,-56.7337,-5.2158,90.1239,3.4103,-3.4923
61.3000,18.3548,-59.7855,-3.0185,79.6259,3.2881,-3.2385
61.3100,18.3548,-59.7855,-2.0737,66.5643,2.8021,-2.7810
61.3200,17.4814,-70.9549,-1.1728,64.3060,2.8021,-2.7810
61.3301,16.6684,-73.5794,0.6674,81.2128,2.8021,-2.7810
61.3400,15.9763,-67.4759,1.6836,92.8094,2.8021,-2.7810
61.3500,15.3171,-65.5228,1.6836,92.8094,2.8021,-2.7810
61.3602,14.0317,-62.7762,2.8976,106.2982,2.5404,-2.4571
61.3700,13.4110,-60.4568,2.8976,106.2982,2.5404,-2.4571
61.3803,13.4110,-60.4568,2.8976,106.2982,2.2005,-2.1777
61.3900,12.7957,-60.7010,2.8976,106.2982,2.2005,-2.1777
61.4001,12.1585,-64.1190,4.2434,123.4491,2.2668,-2.2100
61.4100,11.4938,-67.1097,5.7541,146.7035,2.2668,-2.2100
61.4200,10.8456,-65.3397,11.9339,130.3461,1.7226,-1.6873
61.4300,9.6042,-63.9969,11.9339,130.3461,1.7226,-1.6873
61.4400,8.9670,-66.2552,11.9339,130.3461,1.7226,-1.6873
61.4501,8.9670,-66.2552,14.8013,127.0502,1.3263,-1.3024
61.4601,8.3243,-66.6214,17.4490,114.2328,1.3263,-1.3024
61.4701,7.6651,-67.2928,18.6795,109.7162,1.3263,-1.3024
61.4802,6.9840,-66.6214,20.8273,103.6737,1.1285,-1.0992
61.4900,6.3248,-63.2034,20.8273,103.6737,1.1285,-1.0992
61.5000,5.0943,-61.6165,20.8273,103.6737,1.1205,-1.1011
61.5100,5.0943,-61.6165,23.0301,102.6971,1.0058,-0.9644
61.5200,4.5010,-62.6541,24.1452,107.8241,1.0058,-0.9644
61.5300,3.8968,-66.1331,25.3097,114.6600,0.7144,-0.7338
61.5400,3.8968,-66.1331,27.8970,133.8861,0.7144,-0.7338
61.5502,2.6498,-65.7669,29.3197,143.8959,0.7144,-0.7338
61.5600,2.0786,-55.8182,29.3197,143.8959,-0.5085,0.5173
61.5700,1.0623,-44.4656,30.8468,155.2484,-0.5085,0.5173
61.5800,1.0623,-44.4656,30.8468,155.2484,-0.9015,0.9199
61.5900,0.6613,-41.3528,33.6923,132.2992,-1.1181,1.1285
61.6000,0.6613,-41.3528,34.8349,115.5145,-1.1181,1.1285
61.6100,0.0626,-34.4559,35.8236,104.5892,-1.1181,1.1285
61.6205,-0.1681,-29.8172,36.7575,102.2089,-1.0697,1.1053
61.6300,-0.3549,-26.3382,37.7462,105.9930,-1.2587,1.3481
61.6404,-0.5362,-27.2537,37.7462,105.9930,-1.2587,1.3481
61.6505,-0.9921,-34.5169,39.7183,93.1757,-1.2587,1.3481
61.6604,-0.9921,-34.5169,40.3885,60.2167,-2.7002,2.6596
61.6700,-1.3821,-38.6063,40.6302,11.9379,-2.7002,2.6596
61.6800,-1.8106,-41.4749,40.4214,-32.3737,-3.0198,2.9872
61.6900,-2.2171,-38.1790,39.8556,-64.4171,-3.0198,2.9872
61.7000,-2.5632,-31.7093,38.9987,-86.8170,-3.0221,3.0409
61.7103,-2.8378,-25.2396,38.9987,-86.8170,-3.0221,3.0409
61.7200,-2.8378,-25.2396,36.4993,-131.9830,-3.1142,3.0915
61.7300,-3.1454,-6.3187,36.4993,-131.9830,-3.1142,3.0915
61.7400,-3.1454,-6.3187,34.2965,-221.7657,-3.8634,3.8314
61.7500,-2.9257,21.0861,27.6773,-282.8619,-3.8634,3.8314
61.7602,-2.9257,21.0861,27.6773,-282.8619,-3.8079,3.8345
61.7707,-2.2720,37.1994,24.5132,-51.2946,-3.8079,3.8345
61.7800,-1.8710,40.9836,24.5132,-51.2946,-3.8079,3.8345
61.7901,-0.6131,75.6516,24.4967,1.8671,-3.8079,3.8345
61.8000,-0.6131,75.6516,24.4967,1.8671,-3.7393,3.7039
61.8104,0.1889,81.0226,23.2113,-92.7374,-3.7393,3.7039
61.8200,1.0184,84.8679,22.1347,-108.7897,-3.2834,3.2635
61.8304,1.8588,84.1354,20.5911,-73.3893,-3.2834,3.2635
61.8403,2.6114,73.3322,20.5911,-73.3893,-2.9652,2.9994
61.8500,3.8419,57.2189,19.8770,-73.0231,-2.9652,2.9994
61.8601,4.4296,60.9421,18.9322,-82.1783,-2.8365,2.8212
61.8700,4.4296,60.9421,18.0258,-89.4415,-2.8365,2.8212
61.8800,5.0723,66.9235,17.1304,-84.8029,-2.3430,2.3278
61.8900,5.8249,80.3513,16.3614,-73.0841,-2.3430,2.3278
61.9000,6.7642,98.1735,15.6692,-65.8820,-1.6304,1.5677
61.9100,6.7642,98.1735,14.9496,-67.6520,-1.6304,1.5677
61.9200,7.8629,111.2350,14.2190,-70.2155,-1.2469,1.2407
61.9300,10.4831,139.9826,13.4829,-72.7179,-1.2469,1.2407
61.9406,10.4831,139.9826,12.7194,-76.9904,-0.9015,0.9290
61.9502,11.8344,132.8415,11.8954,-80.9576,-0.9015,0.9290
61.9601,14.2459,116.7282,10.1596,-83.3990,-0.4540,0.4587
61.9700,15.3940,114.4699,9.2697,-84.7418,-0.4540,0.4587
61.9800,16.5091,110.7468,9.2697,-84.7418,-0.0071,0.0244
61.9901,16.5091,110.7468,8.3798,-85.7794,-0.0071,0.0244
62.0000,17.5803,106.4743,7.4624,-88.4650,0.5132,-0.4233
62.0101,19.4370,98.9670,6.5341,-90.5402,0.5132,-0.4233
62.0200,20.3873,95.9763,5.6222,-91.0284,1.0707,-1.0504
62.0301,21.3156,94.3893,3.8809,-91.6388,1.0707,-1.0504
62.0400,22.2220,92.1921,3.0569,-92.4323,1.4434,-1.5049
62.0500,23.1009,90.4221,3.0569,-92.4323,1.4434,-1.5049
62.0600,24.8258,90.4221,2.2989,-87.7936,1.4434,-1.5049
62.0700,25.6607,89.1403,1.5518,-86.5118,1.4434,-1.5049
62.0800,25.6607,89.1403,0.7992,-85.2301,1.4434,-1.5049
62.0900,26.4902,89.3845,0.0577,-81.5680,1.4434,-1.5049
62.1001,27.3416,92.6804,-1.4365,-76.5021,1.8814,-1.8367
62.1100,28.2040,91.5207,-2.2000,-75.1593,2.1075,-2.1496
62.1200,28.9841,79.0085,-2.2000,-75.1593,2.1075,-2.1496
62.1300,29.5938,61.4304,-2.9361,-72.4127,2.1075,-2.1496
62.1407,30.1212,57.6462,-3.6118,-68.9337,2.4506,-2.4967
62.1500,30.8078,80.2902,-4.1776,-62.1588,2.4506,-2.4967
62.1600,31.7746,112.0285,-4.5951,-49.0363,3.2078,-3.1574
62.1701,32.9941,130.0949,-5.2048,-38.3551,3.2078,-3.1574
62.1800,34.1641,121.5500,-5.2048,-38.3551,3.7567,-3.7869
62.1900,35.1474,101.7136,-5.5728,-29.6271,3.7567,-3.7869
62.2000,36.0263,8.5739,-5.9299,-29.6271,4.0881,-4.1206
62.2100,35.7462,-30.7327,-6.3089,-39.3927,4.0881,-4.1206
62.2201,35.7462,-30.7327,-6.6330,-33.8995,4.3381,-4.3524
62.2301,35.1035,-69.4901,-6.8198,-17.9694,4.3381,-4.3524
62.2401,34.3124,-78.0960,-7.3142,-29.9933,4.2634,-4.2602
62.2501,33.4555,-85.2371,-7.5284,-16.9928,4.2634,-4.2602
62.2601,32.3129,-125.3372,-7.5284,-16.9928,4.2634,-4.2602
62.2700,27.4295,-274.4461,-7.5229,2.3553,3.8705,-3.9022
62.2800,24.7324,-257.8445,-7.2373,30.1874,3.8705,-3.9022
62.2900,24.7324,-257.8445,-6.6056,66.6864,3.8705,-3.9022
62.3000,22.8647,-157.3807,-5.9024,71.6913,3.4291,-3.3111
62.3100,22.4692,-2.5345,-4.6829,48.7421,3.4291,-3.3111
62.3200,23.1284,78.6423,-4.6829,48.7421,3.2552,-3.1958
62.3301,23.6667,43.0588,-4.1117,43.6761,3.2092,-3.2251
62.3400,22.3428,-109.9564,-3.2657,78.7714,3.2092,-3.2251
62.3501,21.2607,-101.4725,-2.3044,79.4427,3.2092,-3.2251
62.3600,21.2607,-101.4725,-2.3044,79.4427,2.9168,-2.8945
62.3700,20.5026,-68.8797,-0.4972,67.1747,2.9168,-2.8945
62.3801,19.9808,-49.8367,1.0739,54.1132,2.1272,-2.2113
62.3900,19.4040,-49.6536,1.7001,48.5590,2.1272,-2.2113
62.4006,18.8217,-60.8841,1.7001,48.5590,1.6102,-1.5476
62.4102,17.1188,-79.8050,2.3098,45.2631,1.6102,-1.5476
62.4200,16.4157,-66.0721,2.9635,49.3524,0.7276,-0.7259
62.4300,16.4157,-66.0721,3.7655,65.5267,0.7276,-0.7259
62.4404,15.8389,-55.5130,5.7211,88.4760,0.0602,-0.0275
62.4500,15.2731,-57.0389,6.8472,101.1713,-0.2270,0.3209
62.4601,14.6854,-58.7479,6.8472,101.1713,-0.2270,0.3209
62.4700,14.1031,-59.1141,8.1216,119.0546,-0.2270,0.3209
62.4800,12.9166,-59.7244,9.4949,130.7733,-1.2079,1.1639
62.4900,12.3508,-57.9544,10.8572,131.5057,-1.1877,1.1700
62.5000,12.3508,-57.9544,12.1206,122.1674,-1.1877,1.1700
62.5101,11.7740,-58.6868,13.2907,112.1576,-1.0989,1.1316
62.5200,11.1917,-59.2972,15.5429,102.9413,-1.0989,1.1316
62.5301,10.5985,-59.7244,16.5811,94.4574,-1.0989,1.1316
62.5400,9.9942,-62.2879,16.5811,94.4574,-1.0989,1.1316
62.5500,8.7528,-63.7527,17.5149,91.7108,-1.0989,1.1316
62.5611,8.1430,-62.9593,18.4433,92.1381,-1.3936,1.3207
62.5700,8.1430,-62.9593,19.4595,93.2367,-1.5581,1.6494
62.5805,7.5168,-64.1800,20.4483,91.8329,-1.5581,1.6494
62.5900,6.8851,-64.6683,22.4093,93.9081,-1.5581,1.6494
62.6000,6.2534,-65.0955,23.4366,98.5468,-2.0624,2.0252
62.6100,6.2534,-65.0955,23.4366,98.5468,-2.0624,2.0252
62.6200,5.0064,-61.1282,24.5022,104.2841,-2.0624,2.0252
62.6301,3.9517,-50.9964,25.6064,110.1434,-2.0624,2.0252
62.6400,3.9517,-50.9964,25.6064,110.1434,-2.4849,2.5492
62.6503,3.4628,-51.3626,28.7045,91.3446,-3.0324,3.0482
62.6600,3.4628,-51.3626,29.6054,85.3021,-3.0324,3.0482
62.6700,2.5015,-52.1561,30.4788,85.4242,-3.0823,3.0006
62.6802,2.0346,-48.2498,30.4788,85.4242,-3.0823,3.0006
62.6900,1.3919,-34.3948,31.3577,90.2460,-3.3911,3.4044
62.7000,1.1722,-29.5731,32.3025,100.6830,-3.3911,3.4044
62.7100,1.1722,-29.5731,33.3847,116.9794,-3.3911,3.4044
62.7200,0.8975,-25.6668,34.6481,133.1537,-3.6810,3.6612
62.7300,0.6778,-19.3802,36.0434,146.6425,-3.6810,3.6612
62.7400,0.5295,-12.1170,37.4222,137.0599,-3.4977,3.4489
62.7501,0.4471,-6.3797,38.5153,103.3685,-3.4977,3.4489
62.7600,0.3867,0.0290,39.1690,53.2587,-3.0743,3.1269
62.7700,0.3592,-1.7410,39.1964,-13.8190,-3.0743,3.1269
62.7800,0.3592,-1.7410,38.4933,-83.5211,-2.8670,2.9042
62.7900,0.2768,-8.7601,37.1750,-135.7062,-2.8670,2.9042
62.8000,0.1175,-17.1219,32.9342,-238.9166,-2.6658,2.7102
62.8100,-0.1022,-21.9437,29.5120,-329.9811,-2.6658,2.7102
62.8200,-0.3110,-20.6009,29.5120,-329.9811,-2.4694,2.4522
62.8306,-0.5472,-4.7318,26.1227,-288.6603,-2.4694,2.4522
62.8400,-0.5032,9.0012,24.1507,-143.5797,-2.1145,2.0069
62.8500,-0.5032,9.0012,23.5025,-27.0636,-2.1145,2.0069
62.8600,-0.3220,22.0016,23.5574,24.4501,-1.7038,1.6738
62.8700,-0.0363,32.3166,23.7552,20.0555,-1.7038,1.6738
62.8801,0.3812,46.4157,22.9806,-72.5958,-1.7418,1.7538
62.8901,0.9250,58.5007,22.9806,-72.5958,-1.7418,1.7538
62.9002,2.0456,55.8762,21.9754,-102.1979,-1.2211,1.1901
62.9100,2.5510,50.6271,21.0086,-98.3527,-1.2211,1.1901
62.9200,2.5510,50.6271,21.0086,-98.3527,-0.9273,0.9412
62.9300,3.0014,46.9650,19.7781,-64.5392,-0.6745,0.5972
62.9401,3.4738,47.0261,18.2400,-81.0797,-0.6745,0.5972
62.9500,3.9298,48.8571,17.3227,-82.9718,-0.6745,0.5972
62.9600,4.3967,51.2985,17.3227,-82.9718,0.6885,-0.7399
62.9700,5.0119,70.2194,17.3227,-82.9718,0.6885,-0.7399
62.9803,6.7203,91.8259,17.3227,-82.9718,0.6885,-0.7399
62.9904,6.7203,91.8259,15.8175,-71.0699,0.6885,-0.7399
63.0000,7.6981,100.3098,14.4168,-67.7130,1.0387,-1.0687
63.0102,8.7912,111.9675,12.8897,-75.5255,1.0387,-1.0687
63.0202,9.9667,118.4372,12.0822,-77.6617,1.9087,-1.9056
63.0302,11.1368,115.0192,12.0822,-77.6617,1.9087,-1.9056
63.0402,13.1583,95.9152,11.2692,-76.9293,2.4482,-2.4711
63.0500,14.0921,92.7414,10.4562,-76.3190,2.4482,-2.4711
63.0600,14.0921,92.7414,10.4562,-76.3190,2.8242,-2.8084
63.0700,14.9820,87.7975,8.8412,-73.3893,3.2388,-3.1586
63.0801,15.8170,83.0978,7.2647,-73.3893,3.2388,-3.1586
63.0900,15.8170,83.0978,6.4462,-76.5021,3.2388,-3.1586
63.1000,17.1683,77.1164,6.4462,-76.5021,3.5687,-3.5246
63.1101,18.6075,77.7267,6.4462,-76.5021,3.5687,-3.5246
63.1201,19.3985,80.9616,4.7928,-75.9528,4.2596,-4.1968
63.1301,19.3985,80.9616,4.0127,-75.2814,4.2916,-4.2157
63.1400,20.2225,83.8303,3.2437,-74.0607,4.2916,-4.2157
63.1500,21.0739,87.1262,1.8100,-67.6520,4.2916,-4.2157
63.1600,21.9748,92.8024,1.1673,-62.2809,4.4124,-4.3371
63.1700,22.9471,100.7370,1.1673,-62.2809,4.4124,-4.3371
63.1802,23.9963,106.7184,0.4971,-61.7316,4.4124,-4.3371
63.1900,25.8365,82.2433,-0.2445,-62.2809,4.4124,-4.3371
63.2000,25.8365,82.2433,-0.2445,-62.2809,4.3898,-4.3627
63.2105,26.5836,75.4684,-1.6288,-61.7926,4.3898,-4.3627
63.2205,27.3746,85.1730,-2.7713,-56.1163,4.3898,-4.3627
63.2300,28.3688,111.2961,-2.7713,-56.1163,4.3898,-4.3627
63.2402,29.6433,134.9167,-3.2877,-51.9049,4.1760,-4.2157
63.2502,32.3294,125.3342,-3.8864,-49.2804,4.1760,-4.2157
63.2600,33.4116,104.1550,-4.4083,-43.4821,3.9212,-3.8790
63.2700,33.4116,104.1550,-4.7983,-35.2423,3.4291,-3.3971
63.2803,34.2355,79.4968,-4.7983,-35.2423,3.4291,-3.3971
63.2900,34.2355,79.4968,-5.0400,-21.4484,3.4291,-3.3971
63.3000,34.2355,79.4968,-5.4080,-19.2511,3.4291,-3.3971
63.3103,34.2355,79.4968,-5.4080,-19.2511,3.4291,-3.3971
63.3200,33.2413,-94.2703,-5.5344,-15.5890,2.9676,-2.7920
63.3300,32.1372,-113.7405,-5.5344,-15.5890,2.5404,-2.5632
63.3400,32.1372,-113.7405,-5.5893,-3.8702,2.5404,-2.5632
63.3500,32.1372,-113.7405,-5.5728,-1.3068,2.2800,-2.2893
63.3605,30.5002,-187.8372,-5.4190,12.5482,2.2800,-2.2893
63.3700,25.8585,-217.2562,-5.0290,34.0326,2.2800,-2.2893
63.3802,24.1336,-153.7186,-4.3973,53.2587,2.0492,-2.0947
63.3900,23.3151,34.2697,-4.3973,53.2587,2.0492,-2.0947
63.4000,23.8809,58.6227,-2.8427,49.7797,1.5252,-1.5384
63.4100,23.8809,58.6227,-2.2550,42.3334,1.5252,-1.5384
63.4203,23.9029,-15.7181,-1.6617,42.8217,1.0660,-1.0748
63.4300,23.1229,-91.5848,-0.3488,45.0800,1.0660,-1.0748
63.4400,21.9913,-111.9095,0.3817,49.4745,0.5809,-0.6204
63.4503,21.0794,-81.6971,0.3817,49.4745,0.5809,-0.6204
63.4600,20.5191,-50.0198,1.0849,48.6200,0.0827,-0.1025
63.4701,19.6237,-51.9119,1.7550,48.3148,0.0827,-0.1025
63.4806,19.6237,-51.9119,2.3648,51.3055,-0.0978,0.1287
63.4900,19.0140,-63.3865,2.9525,55.0897,-0.1725,0.1074
63.5002,19.0140,-63.3865,4.5566,82.7997,-0.1725,0.1074
63.5100,17.6077,-64.0579,5.5618,91.1005,-0.1725,0.1074
63.5202,17.6077,-64.0579,5.5618,91.1005,-0.7605,0.7723
63.5300,17.6077,-64.0579,5.5618,91.1005,-0.7605,0.7723
63.5401,17.6077,-64.0579,6.6440,96.5326,-1.3997,1.4311
63.5503,17.0035,-59.7244,9.0445,120.8856,-1.3997,1.4311
63.5600,15.8554,-57.0999,10.3903,128.0267,-1.6436,1.6263
63.5700,13.9493,-64.3631,12.8952,119.4208,-1.6436,1.6263
63.5800,13.2901,-64.1800,14.0542,113.0121,-2.3439,2.3631
63.5900,12.6474,-61.7996,14.0542,113.0121,-2.7190,2.6980
63.6000,11.3400,-64.8514,15.1419,104.5892,-2.7190,2.6980
63.6107,10.6754,-63.6917,16.1746,97.6923,-3.0160,3.0280
63.6200,10.6754,-63.6917,16.1746,97.6923,-3.0160,3.0280
63.6300,10.0382,-62.3489,18.0368,87.4384,-3.0160,3.0280
63.6406,9.3900,-65.0955,18.8608,83.4100,-3.7248,3.7546
63.6500,8.7033,-69.3680,19.7616,80.6024,-3.8399,3.8131
63.6601,7.2971,-70.7718,20.6790,82.5555,-3.8399,3.8131
63.6700,6.6049,-68.6966,20.6790,82.5555,-3.9710,4.0327
63.6803,6.6049,-68.6966,22.6071,89.8798,-3.9710,4.0327
63.6900,5.9567,-64.7293,23.5739,89.8187,-3.9710,4.0327
63.7000,5.3470,-62.1048,24.5022,86.3397,-4.0288,4.0205
63.7100,4.7482,-62.7151,25.3921,82.4335,-4.0288,4.0205
63.7200,4.1550,-62.4100,27.1335,84.0204,-3.9842,3.9424
63.7301,3.6002,-59.4803,27.1335,84.0204,-3.9842,3.9424
63.7400,3.0838,-57.3441,28.0014,85.4852,-3.9179,3.9040
63.7500,2.1060,-49.8367,28.0014,85.4852,-3.4789,3.4428
63.7600,2.1060,-49.8367,29.7098,92.2601,-3.4789,3.4428
63.7705,1.6446,-43.8553,30.7425,115.6366,-3.4789,3.4428
63.7805,1.2271,-39.5218,30.7425,115.6366,-3.1772,3.0744
63.7900,1.2271,-39.5218,32.0773,147.6801,-3.1772,3.0744
63.8000,0.8646,-33.3572,35.3732,170.3851,-2.6696,2.6474
63.8100,0.2933,-24.3851,35.3732,170.3851,-2.6696,2.6474
63.8200,0.0681,-20.3568,36.7849,136.6937,-2.1958,2.1466
63.8300,-0.1022,-14.1312,37.9879,9.4354,-2.1958,2.1466
63.8401,-0.2176,-9.4315,37.6419,-51.5387,-1.9994,1.9642
63.8507,-0.3165,-8.8821,36.8124,-95.7281,-1.9308,1.9734
63.8600,-0.3165,-8.8821,35.3402,-160.4254,-1.9308,1.9734
63.8700,-0.6021,-16.4505,33.2034,-210.2301,-1.9308,1.9734
63.8800,-1.0416,-20.6009,30.5502,-253.1378,-1.5181,1.5433
63.8900,-1.0416,-20.6009,30.5502,-253.1378,-1.5181,1.5433
63.9000,-1.1734,-8.8211,24.8044,-206.0797,-1.3545,1.3499
63.9106,-1.1294,9.1843,22.9367,-20.4718,-1.3545,1.3499
63.9200,-0.9372,22.6730,23.0081,25.7318,-1.2563,1.2468
63.9300,-0.6735,28.8376,23.2992,40.9296,-1.2563,1.2468
63.9400,-0.3439,36.1618,23.2992,40.9296,-0.6176,0.5850
63.9500,0.0900,49.4675,23.3926,2.2943,-0.6176,0.5850
63.9602,0.6393,59.4162,22.8268,-65.2106,-0.1100,0.0964
63.9700,1.1832,54.9606,22.8268,-65.2106,-0.1100,0.0964
63.9800,1.6171,43.2419,21.8161,-103.2355,-0.1100,0.0964
63.9900,1.9632,36.3449,20.2011,-68.6896,-0.1100,0.0964
64.0000,2.3148,37.1384,19.7781,-50.0128,0.4719,-0.4496
64.0101,2.7322,46.2936,19.3441,-48.8531,0.5203,-0.5124
64.0200,3.7540,62.5290,18.7674,-63.3185,0.5203,-0.5124
64.0306,3.7540,62.5290,18.0478,-75.0372,0.5203,-0.5124
64.0400,4.4956,82.3044,17.2677,-74.9762,0.8244,-0.9260
64.0500,5.4239,98.7228,17.2677,-74.9762,0.8244,-0.9260
64.0602,6.4291,100.7980,15.3671,-62.7081,1.3842,-1.3402
64.0701,7.5223,112.5168,14.6914,-67.8351,1.3842,-1.3402
64.0800,8.7198,120.5734,14.6914,-67.8351,1.7249,-1.6970
64.0900,10.9116,100.4929,13.9828,-70.6427,1.7249,-1.6970
64.1000,11.8234,89.8117,13.2742,-70.3986,1.7249,-1.6970
64.1100,11.8234,89.8117,12.5766,-69.9713,1.7249,-1.6970
64.1200,12.6859,86.2717,11.8734,-70.2765,2.2184,-2.2113
64.1300,13.5153,82.0602,10.3299,-71.6803,2.2184,-2.2113
64.1400,14.2899,77.6047,9.5169,-69.3610,2.6113,-2.5998
64.1502,14.9106,76.3229,9.5169,-69.3610,2.6113,-2.5998
64.1600,16.4102,81.5109,8.6654,-72.0465,2.6113,-2.5998
64.1700,17.0749,82.3654,7.8085,-74.6100,2.6113,-2.5998
64.1802,17.0749,82.3654,7.8085,-74.6100,3.2787,-3.2696
64.1900,17.8934,83.5861,6.2320,-73.9386,3.2787,-3.2696
64.2000,18.7338,86.6989,4.6719,-75.2814,3.7544,-3.7777
64.2101,19.6018,88.5300,3.8589,-73.3893,3.7544,-3.7777
64.2200,20.4862,90.2390,3.8589,-73.3893,4.0171,-3.9943
64.2300,22.3758,99.2722,3.0954,-69.5441,4.0171,-3.9943
64.2400,23.3371,95.2438,2.4032,-64.0509,3.9320,-3.9870
64.2500,23.3371,95.2438,1.7166,-61.8536,3.9320,-3.9870
64.2600,24.1721,80.2902,1.0025,-63.3795,4.0716,-4.1401
64.2702,24.8203,62.8952,-0.3763,-61.1823,4.0716,-4.1401
64.2800,25.3861,58.6227,-0.9751,-55.5060,4.0716,-4.1401
64.2900,26.0452,73.2712,-0.9751,-55.5060,4.0716,-4.1401
64.3001,28.1326,122.0383,-0.9751,-55.5060,4.0364,-4.0541
64.3100,28.1326,122.0383,-1.9748,-49.2804,4.0364,-4.0541
64.3201,29.3576,122.4045,-2.3978,-41.1017,3.7121,-3.6887
64.3300,30.4837,108.7936,-2.8098,-35.4865,3.7121,-3.6887
64.3400,31.4999,104.0329,-3.4909,-29.7491,3.0409,-3.0543
64.3500,32.4722,95.9763,-3.7326,-24.4391,3.0409,-3.0543
64.3600,33.2138,68.1442,-3.7326,-24.4391,2.9690,-2.9933
64.3700,33.4720,-15.2298,-3.9194,-17.7863,2.9690,-2.9933
64.3800,33.4720,-15.2298,-4.0622,-14.1852,2.4849,-2.4955
64.3900,32.8787,-66.0110,-4.1446,-10.3400,2.4849,-2.4955
64.4000,31.8515,-103.1204,-4.1062,5.4681,2.2424,-2.2759
64.4100,30.5936,-124.9100,-3.9524,18.4076,2.2424,-2.2759
64.4207,29.2038,-137.0560,-3.5184,21.9476,1.5167,-1.5677
64.4300,27.5064,-179.8416,-3.5184,21.9476,1.5167,-1.5677
64.4400,25.3641,-216.5237,-3.2382,25.6708,1.1914,-1.2035
64.4501,21.7770,-125.0320,-2.9142,27.0746,1.1914,-1.2035
64.4600,21.7770,-125.0320,-2.4747,35.0092,1.1914,-1.2035
64.4700,21.4420,-0.7645,-1.8869,41.6620,1.1914,-1.2035
64.4800,22.0627,78.0319,-0.8652,29.3329,1.1914,-1.2035
64.4900,22.5351,36.0397,-0.3543,31.2860,0.9273,-0.9644
64.5000,22.2110,-50.2029,-0.3543,31.2860,0.9273,-0.9644
64.5100,20.1291,-98.5428,0.3213,48.3759,0.9273,-0.9644
64.5200,19.4534,-58.4427,1.0409,53.1976,0.5889,-0.5588
64.5300,19.4534,-58.4427,1.7166,49.8407,0.4813,-0.5295
64.5403,19.0524,-37.9959,2.9306,43.1268,0.4813,-0.5295
64.5501,18.5635,-40.4984,3.4634,45.0800,0.4813,-0.5295
64.5600,17.9593,-52.5833,3.4634,45.0800,0.2576,-0.1812
64.5700,17.3276,-66.0721,4.0402,49.3524,-0.1372,0.1732
64.5804,15.9488,-57.8934,4.7708,67.0526,-0.1372,0.1732
64.5900,15.4050,-54.2923,5.7376,88.7201,-0.1372,0.1732
64.6000,15.4050,-54.2923,6.8802,104.8334,-0.6354,0.5862
64.6100,14.8447,-56.6116,8.0612,108.6786,-0.6354,0.5862
64.6200,14.2514,-60.3958,10.5771,121.2518,-0.6354,0.5862
64.6300,13.5867,-63.9359,10.5771,121.2518,-0.6354,0.5862
64.6402,12.9056,-65.6448,10.5771,121.2518,-1.0932,1.1486
64.6501,11.5433,-64.2410,13.0710,112.2797,-1.0932,1.1486
64.6600,10.9061,-62.0438,13.0710,112.2797,-1.5914,1.6738
64.6700,10.9061,-62.0438,14.2135,107.0306,-1.5914,1.6738
64.6805,10.2689,-63.2645,16.3998,100.1337,-1.5914,1.6738
64.6902,9.6152,-65.6448,18.2181,90.1239,-1.5914,1.6738
64.7000,9.6152,-65.6448,19.1684,88.5980,-1.9890,2.0886
64.7100,8.3133,-65.5838,19.1684,88.5980,-1.9890,2.0886
64.7200,7.0828,-62.7151,20.1187,90.5511,-1.9890,2.0886
64.7300,6.4401,-67.1097,21.0910,92.2601,-1.9890,2.0886
64.7400,6.4401,-67.1097,22.0523,90.9174,-1.9890,2.0886
64.7500,6.4401,-67.1097,23.0026,89.3915,-1.9890,2.0886
64.7606,5.1437,-64.6072,24.9032,90.9784,-1.9890,2.0886
64.7701,4.5450,-62.0438,25.8590,89.2694,-1.9890,2.0886
64.7801,3.9737,-59.9686,25.8590,89.2694,-2.8529,2.8640
64.7900,3.4079,-56.9168,26.7434,83.5321,-2.8529,2.8640
64.8000,2.8421,-55.4520,26.7434,83.5321,-3.3746,3.3788
64.8100,2.2983,-56.7337,26.7434,83.5321,-3.3746,3.3788
64.8201,1.7984,-55.6351,29.0451,71.9354,-3.3318,3.3385
64.8300,1.3425,-50.9964,30.6491,105.8710,-3.3318,3.3385
64.8400,0.9415,-46.5408,31.9235,143.8959,-3.5523,3.5539
64.8500,0.6119,-39.3387,31.9235,143.8959,-3.5523,3.5539
64.8600,0.6119,-39.3387,33.5440,175.6952,-3.6232,3.6905
64.8700,0.6119,-39.3387,33.5440,175.6952,-3.6232,3.6905
64.8802,0.2823,-29.5731,37.2354,183.6908,-3.2975,3.2696
64.8900,0.0516,-18.7698,38.7460,137.1210,-3.2515,3.2385
64.9000,0.0516,-18.7698,39.5370,51.6107,-3.2515,3.2385
64.9100,-0.0967,1.3107,39.4821,-32.1295,-3.2515,3.2385
64.9200,0.0790,3.5690,38.7295,-94.5685,-3.2515,3.2385
64.9302,0.0571,-3.3890,37.1750,-166.1017,-3.2515,3.2385
64.9400,0.0571,-3.3890,34.8843,-223.2306,-2.8397,2.8530
64.9500,-0.2725,-23.5306,34.8843,-223.2306,-2.8397,2.8530
64.9605,-0.5362,-27.4979,34.8843,-223.2306,-2.5958,2.6291
64.9700,-0.7889,-25.8499,32.3465,-230.3107,-2.5958,2.6291
64.9800,-0.9811,-18.1595,24.2880,-170.6793,-2.5958,2.6291
64.9902,-1.0690,-5.8304,24.2880,-170.6793,-2.5958,2.6291
65.0001,-0.7944,24.3820,24.2880,-170.6793,-2.4731,2.5108
65.0100,-0.4648,35.2463,24.2880,-170.6793,-2.4731,2.5108
65.0200,-0.4648,35.2463,24.2880,-170.6793,-2.4731,2.5108
65.0303,-0.4648,35.2463,24.2880,-170.6793,-2.4731,2.5108
65.0400,0.4965,53.3737,23.1125,-85.6573,-2.2504,2.2314
65.0500,0.4965,53.3737,22.7609,-54.7125,-2.2504,2.2314
65.0606,1.3809,38.9084,20.6405,-108.2404,-2.2682,2.2710
65.0700,1.6831,29.6921,19.7287,-92.3102,-2.2682,2.2710
65.0805,1.9138,25.4196,19.7287,-92.3102,-2.2682,2.2710
65.0900,2.2708,39.7629,19.7287,-92.3102,-2.2682,2.2710
65.1000,2.7268,50.8102,18.0917,-54.6515,-2.2682,2.2710
65.1102,3.2706,60.4538,17.4215,-69.4830,-2.1808,2.1332
65.1204,4.0067,80.9616,16.6855,-75.7086,-2.1808,2.1332
65.1300,4.9515,101.2253,15.9109,-74.3658,-2.1808,2.1332
65.1400,6.0281,110.8078,15.2188,-70.2155,-2.1808,2.1332
65.1500,6.0281,110.8078,14.4992,-68.8116,-2.1808,2.1332
65.1600,8.4341,128.3859,13.7796,-69.2389,-2.1808,2.1332
65.1701,9.7525,130.8273,13.0325,-69.7882,-2.1808,2.1332
65.1800,9.7525,130.8273,11.5823,-70.0934,-1.8184,1.8257
65.1900,12.0487,106.4133,10.8627,-71.5582,-1.8184,1.8257
65.2000,13.0814,102.9343,10.8627,-71.5582,-1.8184,1.8257
65.2100,14.0811,99.2722,10.1211,-75.2814,-1.8184,1.8257
65.2202,15.0314,94.6335,9.3576,-77.2345,-1.8184,1.8257
65.2300,15.9433,91.2155,8.6160,-75.5255,-1.4932,1.5323
65.2400,15.9433,91.2155,7.8909,-74.3658,-1.4932,1.5323
65.2500,17.4869,88.8962,6.4792,-76.1359,-1.4932,1.5323
65.2600,18.3548,88.6520,5.7760,-76.5021,-0.6293,0.5710
65.2701,19.2337,90.4831,5.7760,-76.5021,-0.4493,0.4374
65.2801,21.0684,95.9152,5.0894,-74.0607,-0.4493,0.4374
65.2900,21.0684,95.9152,4.4412,-68.8116,-0.4493,0.4374
65.3000,22.0133,97.8073,3.8369,-65.4547,-0.4493,0.4374
65.3100,22.9855,100.4318,3.2107,-62.8302,-0.0827,0.0720
65.3200,22.9855,100.4318,1.8979,-61.3654,-0.0827,0.0720
65.3301,25.0345,107.0847,1.3705,-55.2008,-0.0423,-0.0214
65.3400,26.0342,100.9811,1.3705,-55.2008,-0.0423,-0.0214
65.3500,27.5943,68.7546,0.8706,-52.7594,-0.0423,-0.0214
65.3600,27.5943,68.7546,0.3433,-53.4308,0.1739,-0.0872
65.3702,28.1436,55.8762,-0.1511,-51.8439,0.1593,-0.1336
65.3800,28.6929,62.1628,-0.5960,-48.3649,0.1593,-0.1336
65.3906,29.4620,88.2858,-1.4859,-48.7311,0.1593,-0.1336
65.4000,30.4233,102.6901,-1.4859,-48.7311,0.8719,-0.8937
65.4100,31.3242,88.6520,-1.8650,-43.0548,0.9701,-0.9583
65.4200,32.1207,82.2433,-2.1616,-36.4630,0.9701,-0.9583
65.4300,32.9117,82.6706,-2.1616,-36.4630,0.9701,-0.9583
65.4400,33.5214,57.8903,-2.7164,-27.1246,1.1924,-1.2670
65.4500,33.7027,13.3347,-2.8592,-17.7863,1.1924,-1.2670
65.4600,33.4940,-25.3616,-2.8318,-1.5509,1.1924,-1.2670
65.4700,32.8842,-65.4007,-2.5406,12.9144,1.3654,-1.2792
65.4801,32.0108,-88.1058,-2.5406,12.9144,1.3654,-1.2792
65.4900,30.0278,-90.3030,-2.4308,10.1068,1.3654,-1.2792
65.5000,29.1379,-90.4251,-2.2550,18.1635,1.3654,-1.2792
65.5101,29.1379,-90.4251,-1.9144,34.8260,1.3654,-1.2792
65.5200,27.8799,-149.9344,-1.3871,51.5497,1.3654,-1.2792
65.5300,25.6772,-238.9236,-0.6839,62.9022,1.3654,-1.2792
65.5401,23.3591,-218.0496,0.7168,51.6107,1.5877,-1.6427
65.5500,23.3591,-218.0496,0.7168,51.6107,1.5877,-1.6427
65.5606,21.4255,-8.6990,1.3925,49.9017,2.0031,-2.0960
65.5700,21.5353,17.7902,2.0352,50.0848,2.0031,-2.0960
65.5800,21.4365,-15.4739,2.6889,54.7235,2.0031,-2.0960
65.5901,20.9146,-58.0765,3.4305,61.0101,2.0031,-2.0960
65.6001,20.9146,-58.0765,3.4305,61.0101,2.3345,-2.3680
65.6101,20.0906,-84.6268,5.1993,37.6947,2.3345,-2.3680
65.6201,18.6020,-58.0765,5.1993,37.6947,2.6752,-2.7224
65.6302,18.1296,-45.5032,5.5563,37.9388,2.6752,-2.7224
65.6400,18.1296,-45.5032,5.9958,38.2440,2.6752,-2.7224
65.6500,17.1518,-52.7054,6.6165,49.4745,3.0254,-2.9945
65.6602,16.5476,-61.9827,7.5174,74.9261,3.0254,-2.9945
65.6700,15.9323,-59.9686,9.8794,106.0541,3.3248,-3.3818
65.6800,15.4105,-49.5926,9.8794,106.0541,3.3248,-3.3818
65.6900,14.9271,-48.2498,11.1978,125.7074,3.6585,-3.6350
65.7000,13.8614,-56.2454,12.7194,146.1542,3.6585,-3.6350
65.7102,13.2956,-57.7103,14.3124,150.1825,3.6585,-3.6350
65.7204,13.2956,-57.7103,14.3124,150.1825,3.7238,-3.7088
65.7300,13.2956,-57.7103,15.8230,143.7738,3.7238,-3.7088
65.7401,12.1036,-61.1893,15.8230,143.7738,3.7971,-3.8070
65.7500,11.4829,-62.7762,17.1908,129.7357,3.7971,-3.8070
65.7600,10.8347,-66.2552,19.5694,106.4813,3.3793,-3.3434
65.7700,10.1480,-70.6497,20.6460,99.7064,3.3793,-3.3434
65.7807,9.4394,-71.9925,20.6460,99.7064,2.6776,-2.5413
65.7900,8.7418,-69.5511,23.4366,87.0111,2.6776,-2.5413
65.8000,8.0606,-69.5511,24.3649,86.9501,2.5295,-2.4864
65.8100,7.3465,-75.0443,26.3205,99.8285,2.5295,-2.4864
65.8200,6.6049,-75.5936,27.4081,107.7631,2.5295,-2.4864
65.8301,5.8743,-71.9925,27.4081,107.7631,2.3702,-2.3851
65.8402,4.4241,-72.7859,28.5617,115.2704,2.3702,-2.3851
65.8500,4.4241,-72.7859,29.7647,120.3363,2.3702,-2.3851
65.8600,3.7375,-69.1849,31.0171,125.4022,2.2814,-2.2607
65.8700,3.7375,-69.1849,32.3080,130.9564,2.2814,-2.2607
65.8800,3.0508,-65.7059,33.5989,132.2382,1.8979,-1.8318
65.8900,3.0508,-65.7059,36.0983,123.5712,1.8979,-1.8318
65.9001,3.0508,-65.7059,36.0983,123.5712,1.4918,-1.5415
65.9101,2.3697,-66.4993,37.2958,120.2753,1.4918,-1.5415
65.9200,1.1832,-65.8279,38.4988,122.8998,1.2375,-1.3127
65.9301,0.0790,-66.3773,39.8117,135.3510,1.2375,-1.3127
65.9401,-0.4263,-61.4944,41.2069,139.5624,1.2375,-1.3127
65.9502,-0.4263,-61.4944,42.4869,121.4960,1.2530,-1.3066
65.9600,-1.0086,-55.2078,43.3273,67.9071,1.2530,-1.3066
65.9700,-1.0086,-55.2078,43.5415,6.9940,1.2530,-1.3066
65.9800,-1.4206,-52.3392,43.5415,6.9940,1.2530,-1.3066
65.9901,-1.4206,-52.3392,43.2229,-45.1910,1.2530,-1.3066
66.0000,-1.4206,-52.3392,41.0916,-136.9879,1.2530,-1.3066
66.0100,-1.4206,-52.3392,39.4491,-165.0031,1.1487,-1.1364
66.0200,-3.4091,-39.5218,35.9555,-168.2990,1.1487,-1.1364
66.0300,-4.0518,-24.3240,33.5714,-247.4005,1.1487,-1.1364
66.0400,-4.0518,-24.3240,33.5714,-247.4005,1.1487,-1.1364
66.0501,-4.5352,17.3019,30.7095,-263.2086,0.9762,-0.9321
66.0600,-4.5352,17.3019,28.5837,-178.4918,0.9762,-0.9321
66.0700,-4.5352,17.3019,28.5837,-178.4918,0.9762,-0.9321
66.0800,-4.1122,31.3400,27.0071,-9.4855,0.3088,-0.2959
66.0901,-4.1122,31.3400,27.0071,-9.4855,-0.1015,0.1336
66.1000,-4.1122,31.3400,26.4743,-42.5665,-0.1015,0.1336
66.1101,-4.1122,31.3400,25.5954,-87.4884,-0.1015,0.1336
66.1201,-4.1122,31.3400,24.3704,-113.9777,-0.1015,0.1336
66.1300,-3.7991,39.2746,23.1234,-112.7570,-0.1015,0.1336
66.1400,-0.1462,102.5070,22.1566,-92.6764,-0.9926,0.9900
66.1500,0.8756,106.1691,21.5304,-68.1403,-0.9926,0.9900
66.1600,1.9028,104.5212,20.2725,-72.4127,-1.2399,1.2865
66.1700,2.9025,104.5822,19.3936,-90.0519,-1.2399,1.2865
66.1807,3.9737,113.5544,19.3936,-90.0519,-1.2563,1.2865
66.1901,5.1932,126.9821,18.4268,-89.2584,-1.2563,1.2865
66.2000,6.5060,135.7712,17.5424,-78.1500,-1.2563,1.2865
66.2101,7.8738,136.9308,16.8173,-67.2247,-1.2563,1.2865
66.2200,7.8738,136.9308,16.1581,-63.4406,-1.2563,1.2865
66.2300,10.8951,162.6266,14.5541,-80.0421,-1.2563,1.2865
66.2402,12.5211,160.8566,14.5541,-80.0421,-1.5440,1.5445
66.2500,12.5211,160.8566,13.6752,-79.6149,-1.5440,1.5445
66.2606,15.5753,146.4523,13.6752,-79.6149,-1.5440,1.5445
66.2700,16.9431,133.7570,11.9504,-80.8966,-1.5440,1.5445
66.2801,16.9431,133.7570,11.0440,-84.6808,-2.4755,2.4967
66.2901,19.4754,123.3200,10.1541,-79.8590,-2.4755,2.4967
66.3000,20.6564,115.9348,8.4402,-79.7369,-2.4755,2.4967
66.3100,20.6564,115.9348,8.4402,-79.7369,-2.4755,2.4967
66.3202,21.6782,109.0988,7.6053,-80.8356,-2.4755,2.4967
66.3300,24.6555,98.1125,7.6053,-80.8356,-2.4755,2.4967
66.3401,24.6555,98.1125,5.9408,-83.3990,-2.8092,2.8084
66.3500,25.6003,92.9855,5.9408,-83.3990,-2.8092,2.8084
66.3602,26.5122,90.4831,4.4412,-71.9244,-3.1579,3.1805
66.3700,27.3966,87.5534,3.7491,-63.1964,-3.1579,3.1805
66.3800,28.2700,88.0417,2.6010,-58.7408,-3.1796,3.1836
66.3907,29.1983,95.4269,2.6010,-58.7408,-3.1796,3.1836
66.4000,29.1983,95.4269,2.6010,-58.7408,-3.3473,3.3446
66.4103,31.3681,118.5593,2.0627,-57.9474,-3.3473,3.3446
66.4200,32.5986,127.8366,0.8102,-57.0319,-3.3473,3.3446
66.4302,33.9114,137.0529,0.2005,-51.6608,-3.3473,3.3446
66.4400,35.3671,154.8141,-0.9861,-49.8907,-3.4338,3.4233
66.4501,36.9876,166.8381,-1.5134,-46.5338,-3.4338,3.4233
66.4600,38.4982,146.4523,-1.5134,-46.5338,-3.4836,3.5539
66.4701,39.6903,111.8454,-1.5134,-46.5338,-3.2482,3.2696
66.4800,40.4977,73.0270,-2.4912,-51.1725,-3.2482,3.2696
66.4902,40.8823,30.0583,-3.1449,-61.4264,-3.2482,3.2696
66.5000,40.8218,-14.6805,-3.8535,-65.6378,-2.9474,2.8914
66.5104,40.3714,-53.5599,-4.9576,-50.1349,-2.9474,2.8914
66.5200,39.6683,-75.3494,-5.3037,-43.5431,-2.5427,2.5321
66.5301,38.8608,-89.5706,-5.3037,-43.5431,-2.5427,2.5321
66.5400,36.5976,-134.9197,-5.4850,-33.2892,-2.4990,2.5291
66.5500,36.5976,-134.9197,-5.5673,-18.0304,-2.4990,2.5291
66.5600,34.7189,-192.2928,-5.5179,-9.3024,-2.4990,2.5291
66.5700,32.3514,-238.3133,-5.3696,3.2098,-2.4990,2.5291
66.5800,29.8355,-247.9568,-5.0730,20.4828,-2.4990,2.5291
66.5901,27.6218,-210.4813,-4.5731,35.1923,-2.4990,2.5291
66.6006,26.1112,-131.6849,-3.8755,49.5355,-2.3284,2.3692
66.6104,26.1606,57.7072,-2.9416,71.8744,-2.3284,2.3692
66.6200,26.1606,57.7072,-1.8045,89.5746,-2.1404,2.1271
66.6300,26.4407,19.7433,-0.6400,94.4574,-2.1404,2.1271
66.6400,26.0507,-55.4520,0.5246,96.1053,-2.1404,2.1271
66.6508,25.0125,-108.8577,1.7166,95.5560,-2.1404,2.1271
66.6600,23.8040,-116.8533,3.9633,87.0111,-2.1723,2.1008
66.6700,22.7823,-96.7728,3.9633,87.0111,-2.1723,2.1008
66.6800,21.5079,-52.4002,4.8312,72.4847,-1.8457,1.7891
66.6900,21.5079,-52.4002,5.5288,54.2963,-1.3560,1.3682
66.7000,20.9641,-53.9871,6.0562,47.1552,-1.3560,1.3682
66.7100,20.4477,-49.4095,6.7154,66.8085,-1.3560,1.3682
66.7201,19.8654,-49.7757,8.7918,112.8900,-0.9428,0.9333
66.7301,19.8654,-49.7757,10.1761,127.2943,-0.9428,0.9333
66.7404,18.5416,-72.7249,10.1761,127.2943,-0.5913,0.5124
66.7501,17.2617,-57.0999,11.6263,132.9095,-0.5913,0.5124
66.7600,17.2617,-57.0999,13.1424,138.0975,0.1194,-0.0476
66.7700,16.6519,-59.2361,14.6805,140.2338,0.1194,-0.0476
66.7800,15.9653,-66.4993,16.2240,143.8348,0.1194,-0.0476
66.7900,15.2182,-71.3211,19.2453,138.7079,0.2068,-0.3282
66.8000,14.4547,-72.2366,20.6350,128.8812,0.2068,-0.3282
66.8102,13.7296,-71.9925,20.6350,128.8812,0.2068,-0.3282
66.8200,12.2354,-74.4949,21.9040,116.4911,1.1360,-1.1761
66.8300,12.2354,-74.4949,23.1180,112.7069,1.1360,-1.1761
66.8400,11.4609,-74.3729,24.2605,105.4437,1.6257,-1.6232
66.8500,11.4609,-74.3729,25.3097,97.8143,1.6257,-1.6232
66.8600,11.4609,-74.3729,26.3095,94.7015,1.6257,-1.6232
66.8700,9.3131,-73.0911,28.2760,95.2509,1.6257,-1.6232
66.8800,8.5989,-74.4949,28.2760,95.2509,1.6008,-1.5829
66.8900,7.8684,-78.5233,29.2923,98.4857,1.6328,-1.5951
66.9000,7.1048,-81.3309,30.3140,100.5609,1.6328,-1.5951
66.9100,6.3577,-80.7816,31.3467,101.6595,1.6328,-1.5951
66.9200,5.6107,-83.1009,32.3684,100.5609,1.9726,-1.8947
66.9303,5.6107,-83.1009,34.6646,122.2894,1.9726,-1.8947
66.9400,4.0286,-82.3685,35.9884,132.2992,2.2743,-2.2387
66.9500,4.0286,-82.3685,35.9884,132.2992,2.2743,-2.2387
66.9601,1.7545,-66.9876,35.9884,132.2992,2.2743,-2.2387
66.9700,1.7545,-66.9876,38.8449,146.5204,2.2743,-2.2387
66.9803,1.1008,-65.4617,40.2841,140.3558,2.5690,-2.6364
66.9905,1.1008,-65.4617,41.6189,128.1488,2.5690,-2.6364
67.0000,1.1008,-65.4617,43.7503,80.9686,3.1180,-3.2617
67.0100,-1.0251,-64.4852,43.7503,80.9686,3.3121,-3.3587
67.0200,-1.5799,-49.7757,44.2007,32.1405,3.3121,-3.3587
67.0304,-1.9864,-34.3948,44.0359,-30.6647,3.3121,-3.3587
67.0400,-2.2610,-21.6995,43.1955,-97.3151,3.6218,-3.6179
67.0503,-2.2610,-21.6995,41.7947,-150.2936,3.6608,-3.6441
67.0600,-2.4313,-13.0325,39.9270,-191.5533,3.6608,-3.6441
67.0700,-2.6181,-4.0604,37.7462,-214.1974,3.6608,-3.6441
67.0801,-2.6730,-2.1683,33.1045,-221.7657,3.6350,-3.6612
67.0900,-2.7005,1.6769,33.1045,-221.7657,3.6350,-3.6612
67.1001,-2.5961,12.1750,30.7974,-205.7745,3.4620,-3.5124
67.1105,-2.5961,12.1750,30.7974,-205.7745,3.4620,-3.5124
67.1207,-2.3764,28.5324,29.0396,-147.9742,3.4620,-3.5124
67.1300,-1.9699,47.2092,27.7542,-25.2936,3.4620,-3.5124
67.1400,-1.4590,54.1672,28.1167,41.8451,3.2068,-3.2141
67.1500,-0.9921,45.6833,27.8695,-32.4957,3.2068,-3.2141
67.1601,-0.5417,47.6974,27.8695,-32.4957,2.9074,-2.8993
67.1700,0.8481,84.3185,26.7654,-117.3956,2.9074,-2.8993
67.1801,0.8481,84.3185,25.1010,-164.0265,2.9074,-2.8993
67.1900,0.8481,84.3185,23.3926,-164.0875,2.9074,-2.8993
67.2000,2.6059,87.1262,22.1402,-119.1656,2.9074,-2.8993
67.2100,3.4189,79.7409,21.4700,-76.0748,2.9074,-2.8993
67.2200,4.1330,66.1911,20.4208,-65.3937,2.9074,-2.8993
67.2300,4.1330,66.1911,20.4208,-65.3937,2.9074,-2.8993
67.2400,6.1325,89.0793,19.5804,-92.1881,2.5394,-2.5199
67.2500,6.1325,89.0793,18.5861,-100.8551,2.4459,-2.4199
67.2600,7.1433,105.2536,17.7237,-78.0890,2.4459,-2.4199
67.2700,7.1433,105.2536,17.0535,-55.5670,2.4459,-2.4199
67.2800,9.5493,133.2077,15.7296,-55.5670,1.7935,-1.7965
67.2900,10.9830,145.9641,15.7296,-55.5670,1.7935,-1.7965
67.3001,12.4881,150.7858,15.0100,-64.1119,1.6685,-1.5970
67.3100,15.2951,132.2311,14.2410,-71.0089,1.6685,-1.5970
67.3200,15.2951,132.2311,13.4390,-72.6569,1.1524,-1.1669
67.3300,16.5695,125.5173,12.6535,-69.8492,1.1524,-1.1669
67.3400,17.7890,120.2682,11.9119,-68.2013,0.9654,-0.9766
67.3500,18.9371,112.0895,10.3134,-78.4552,0.9654,-0.9766
67.3600,19.9973,104.1550,9.4180,-81.4459,0.4235,-0.3697
67.3701,19.9973,104.1550,9.4180,-81.4459,0.1490,-0.1318
67.3805,21.0025,99.0280,8.4897,-83.4601,0.1490,-0.1318
67.3900,22.6395,86.5158,7.5723,-84.9249,0.1490,-0.1318
67.4005,23.4799,83.5251,6.6989,-83.7653,-0.5809,0.6905
67.4101,23.4799,83.5251,5.8694,-80.5304,-0.5809,0.6905
67.4200,23.4799,83.5251,4.3039,-72.4738,-0.8023,0.8552
67.4300,23.4799,83.5251,3.7106,-55.9943,-0.9889,1.1730
67.4400,24.3204,83.8913,3.7106,-55.9943,-0.9889,1.1730
67.4500,27.5504,87.6755,3.7106,-55.9943,-2.2222,2.2576
67.4600,28.4622,94.6335,2.7383,-58.1915,-2.2222,2.2576
67.4701,29.4180,98.7839,2.7383,-58.1915,-2.2222,2.2576
67.4800,30.3848,100.3098,2.7383,-58.1915,-2.5075,2.4034
67.4901,31.3681,104.3381,1.8045,-49.4635,-2.5075,2.4034
67.5000,32.4118,111.4182,0.5685,-36.2189,-2.7406,2.7596
67.5100,33.5654,123.8083,0.5685,-36.2189,-2.7406,2.7596
67.5205,36.1801,132.4142,0.1730,-40.4913,-3.0597,3.0823
67.5300,36.1801,132.4142,0.1730,-40.4913,-3.0597,3.0823
67.5402,37.3941,117.9489,-0.5136,-39.4537,-3.6491,3.6301
67.5503,38.3994,90.7272,-0.5136,-39.4537,-3.5781,3.5752
67.5602,38.9816,47.0871,-1.4914,-32.9230,-3.5781,3.5752
67.5705,39.1684,9.8557,-1.7935,-40.7965,-3.5781,3.5752
67.5800,39.0036,-22.3099,-1.7935,-40.7965,-3.5781,3.5752
67.5900,37.6578,-109.4070,-2.1616,-42.3224,-3.5781,3.5752
67.6002,37.6578,-109.4070,-2.5626,-46.2897,-3.5062,3.4520
67.6104,35.9164,-188.3255,-2.5626,-46.2897,-3.0456,2.9994
67.6205,33.4061,-256.5018,-2.5516,19.7504,-3.0456,2.9994
67.6300,30.5277,-281.0989,-1.9968,46.7279,-3.0456,2.9994
67.6400,27.6987,-271.8826,-1.9968,46.7279,-2.7213,2.6828
67.6500,25.3201,-216.8289,-1.2058,67.9071,-2.7213,2.6828
67.6600,24.1281,41.1057,-0.2445,78.1000,-2.5107,2.4986
67.6700,24.1281,41.1057,-0.2445,78.1000,-2.5107,2.4986
67.6800,24.6115,43.7912,1.8704,75.4755,-2.0826,2.0270
67.6900,24.3094,-52.0950,2.8042,72.9730,-2.0530,2.0270
67.7002,24.3094,-52.0950,2.8042,72.9730,-2.0530,2.0270
67.7100,21.6672,-145.4178,3.6886,63.0853,-2.0530,2.0270
67.7200,20.4642,-107.1487,5.4574,60.5829,-2.0530,2.0270
67.7300,18.9426,-60.5789,5.4574,60.5829,-2.0530,2.0270
67.7400,18.9426,-60.5789,6.8857,52.7094,-2.0530,2.0270
67.7506,18.9426,-60.5789,7.4130,49.0472,-2.0530,2.0270
67.7601,17.8604,-54.0482,8.0941,69.4940,-2.0530,2.0270
67.7700,17.3276,-52.2171,10.2694,115.6976,-2.0530,2.0270
67.7801,16.7893,-46.0526,11.4285,111.4252,-1.9853,1.9551
67.7900,16.3498,-43.6722,11.4285,111.4252,-1.9853,1.9551
67.8000,15.4160,-48.3719,12.6150,111.7914,-1.9853,1.9551
67.8100,15.4160,-48.3719,13.8949,122.2894,-1.9853,1.9551
67.8200,14.8721,-55.3299,15.2792,133.4589,-0.4968,0.4435
67.8300,14.2294,-66.2552,16.6910,135.9613,-0.4968,0.4435
67.8401,13.5428,-68.9407,19.2563,116.6742,-0.4968,0.4435
67.8500,12.8561,-70.1614,19.2563,116.6742,-0.4968,0.4435
67.8600,12.1475,-73.1522,20.3824,106.4203,0.4554,-0.5063
67.8701,10.7413,-71.0770,20.3824,106.4203,0.4554,-0.5063
67.8802,10.7413,-71.0770,21.4480,99.2181,1.7099,-1.5464
67.8900,10.0436,-72.3587,23.1454,82.0062,1.7099,-1.5464
67.9000,9.3240,-76.5091,23.9529,71.8744,2.2222,-2.2113
67.9102,8.5056,-83.4671,24.7055,66.8085,2.2457,-2.1557
67.9200,7.6926,-86.7020,25.4635,68.3954,2.2457,-2.1557
67.9300,6.9016,-84.0164,26.2546,72.1796,2.1973,-2.2100
67.9400,6.1490,-81.0867,27.0950,77.0013,2.1973,-2.2100
67.9500,5.4623,-74.0677,28.0014,85.4852,2.1973,-2.2100
67.9602,5.4623,-74.0677,28.0014,85.4852,2.8397,-2.8408
67.9700,4.4516,-52.0340,30.0119,99.4623,2.8397,-2.8408
67.9800,4.0671,-47.4564,31.0281,99.5844,3.3473,-3.3294
67.9900,3.6990,-47.6395,32.0498,102.8192,3.3473,-3.3294
68.0000,3.3090,-50.7523,33.0771,104.2230,3.2491,-3.2574
68.0101,2.2708,-61.0062,34.1043,104.2230,3.2491,-3.2574
68.0201,2.2708,-61.0062,35.1205,100.2557,2.7331,-2.6858
68.0300,2.2708,-61.0062,35.1205,100.2557,2.7331,-2.6858
68.0403,1.0513,-56.6727,37.6529,147.8632,2.3843,-2.4065
68.0500,1.0513,-56.6727,40.7345,151.0980,2.3773,-2.4601
68.0600,1.0513,-56.6727,41.8277,96.7157,2.3773,-2.4601
68.0703,1.0513,-56.6727,41.8277,96.7157,2.3773,-2.4601
68.0800,-0.3165,-18.2816,42.2781,30.6146,2.2941,-2.3217
68.0900,-0.3165,-18.2816,42.0144,-45.0690,2.2941,-2.3217
68.1001,-0.3165,-18.2816,42.0144,-45.0690,2.2941,-2.3217
68.1102,-0.5307,-2.2293,39.2404,-198.0841,2.2941,-2.3217
68.1200,-0.5307,4.4235,36.6531,-266.1383,1.9735,-1.9593
68.1300,-0.5307,4.4235,29.9350,-321.1310,1.9735,-1.9593
68.1400,-0.3220,17.6682,29.9350,-321.1310,1.1571,-1.0486
68.1504,-0.0693,29.5090,29.9350,-321.1310,0.4780,-0.5124
68.1600,0.3427,46.2326,25.1339,-140.5890,0.4780,-0.5124
68.1700,0.9195,60.2097,25.1339,-140.5890,0.4780,-0.5124
68.1804,1.5128,58.2565,24.4308,22.3138,0.4780,-0.5124
68.1900,1.5128,58.2565,23.8156,-71.9244,0.4780,-0.5124
68.2000,2.6389,60.8810,22.6620,-115.4425,0.4780,-0.5124
68.2100,3.2211,59.2941,22.6620,-115.4425,0.4780,-0.5124
68.2200,3.8419,66.4963,21.4645,-114.8322,0.2435,-0.1903
68.2300,4.5175,69.7311,20.5636,-91.0895,0.2435,-0.1903
68.2400,5.1712,62.3459,19.8825,-75.3424,-0.0423,0.0921
68.2500,5.7040,53.2516,19.8825,-75.3424,-0.5349,0.5374
68.2600,5.7040,53.2516,17.6468,-80.1642,-0.5349,0.5374
68.2701,6.8521,69.9142,16.8173,-78.3942,-0.5349,0.5374
68.2800,7.7145,92.1310,16.8173,-78.3942,-1.9914,1.9856
68.2901,10.1041,132.9025,16.8173,-78.3942,-1.9914,1.9856
68.3000,10.1041,132.9025,15.2792,-71.0699,-2.4802,2.5846
68.3100,11.5598,149.1379,14.5486,-70.6427,-2.4802,2.5846
68.3204,13.1088,155.3635,13.7246,-77.2345,-2.4802,2.5846
68.3300,14.6140,147.9782,12.8293,-82.9108,-2.7048,2.6657
68.3400,16.0037,135.4660,10.8572,-92.0050,-2.7048,2.6657
68.3501,17.2946,126.4938,10.8572,-92.0050,-2.7048,2.6657
68.3605,19.6841,116.0568,9.9508,-86.9391,-2.7048,2.6657
68.3700,19.6841,116.0568,9.1598,-78.0280,-2.7048,2.6657
68.3800,20.8048,109.5871,8.4732,-69.9713,-3.0113,3.0543
68.3904,21.6452,99.1501,7.7810,-72.4738,-3.0931,3.1330
68.4001,22.5516,88.2858,6.2924,-76.3190,-3.0931,3.1330
68.4101,23.3646,80.9006,5.6003,-65.8209,-3.0931,3.1330
68.4200,24.1556,79.5578,5.6003,-65.8209,-3.4869,3.4782
68.4301,25.7596,82.2433,4.9026,-64.2340,-3.4869,3.4782
68.4400,25.7596,82.2433,4.1391,-67.9572,-3.8526,3.9266
68.4500,26.5836,83.7082,3.4414,-63.4406,-3.8526,3.9266
68.4601,27.4295,87.1872,2.8811,-53.3087,-3.8526,3.9266
68.4700,28.3139,92.5583,1.9253,-52.0270,-3.8526,3.9266
68.4800,28.3139,92.5583,1.3046,-55.6891,-4.0928,4.1681
68.4901,30.2860,107.0847,1.3046,-55.6891,-4.0928,4.1681
68.5001,32.1921,90.3000,1.3046,-55.6891,-4.1120,4.1511
68.5110,32.1921,90.3000,0.0302,-60.3888,-4.1637,4.1620
68.5200,32.9446,78.7033,-0.5246,-54.6515,-4.1637,4.1620
68.5300,32.9446,78.7033,-0.9531,-43.0548,-4.1637,4.1620
68.5402,33.7082,86.8210,-1.3980,-47.2662,-3.7013,3.6332
68.5500,35.9988,139.7385,-1.9254,-55.3839,-3.7013,3.6332
68.5600,37.1195,120.5734,-2.4143,-50.8673,-3.2162,3.1433
68.5700,38.7454,77.2995,-2.7384,-41.8341,-3.2162,3.1433
68.5800,38.7454,77.2995,-2.9965,-37.0123,-2.7923,2.6980
68.5900,39.1299,36.0397,-3.2163,-35.1813,-2.7923,2.6980
68.6003,39.1299,-4.2435,-3.4635,-32.5568,-1.6765,1.7074
68.6100,38.5202,-75.8377,-3.6667,-22.8522,-1.6765,1.7074
68.6200,37.2897,-129.7318,-3.5733,5.0409,-1.6765,1.7074
68.6300,35.8615,-141.9388,-3.5733,5.0409,-1.6765,1.7074
68.6401,32.9941,-159.4559,-3.3646,15.6000,-1.5454,1.5665
68.6500,32.9941,-159.4559,-3.0405,27.9291,-1.5454,1.5665
68.6600,30.9451,-217.5613,-2.6175,35.4974,-1.0895,1.0565
68.6700,28.4952,-250.5814,-2.0682,45.4462,-1.0895,1.0565
68.6802,25.8859,-256.3797,-0.3214,82.0673,0.0874,-0.2745
68.6900,24.1885,-127.9007,0.6289,80.1141,0.0874,-0.2745
68.7000,24.1391,24.9924,0.6289,80.1141,1.4401,-1.4451
68.7102,24.0732,-51.9119,1.4749,72.6068,1.4401,-1.4451
68.7200,24.0732,-51.9119,2.4142,76.6351,2.2668,-2.3204
68.7300,23.0460,-102.0218,3.4964,90.7343,2.2668,-2.3204
68.7402,21.9748,-99.5193,4.5840,91.6498,2.8656,-2.8993
68.7500,21.0684,-84.9930,6.3144,67.2357,2.8656,-2.8993
68.7600,20.2774,-78.4622,6.9516,61.5594,3.6787,-3.6521
68.7703,19.5578,-61.1893,6.9516,61.5594,4.1698,-4.1004
68.7800,18.7448,-30.4886,7.5338,63.1464,4.1698,-4.1004
68.7900,18.7448,-30.4886,8.1711,69.1888,4.1698,-4.1004
68.8000,18.4317,-33.2962,8.1711,69.1888,4.2845,-4.2383
68.8100,18.0197,-43.0618,10.0662,105.7489,4.2845,-4.2383
68.8202,17.5363,-48.7381,12.5381,122.7777,4.2220,-4.1065
68.8303,17.0584,-47.1512,13.9389,139.9896,4.2220,-4.1065
68.8402,16.5476,-52.8885,13.9389,139.9896,4.0895,-3.9821
68.8501,15.3226,-63.1424,15.4001,140.1117,4.0895,-3.9821
68.8600,15.3226,-63.1424,16.8228,138.5858,3.8573,-3.8424
68.8700,14.7073,-60.2127,18.2455,138.1586,3.3614,-3.3800
68.8800,14.1196,-58.4427,19.5474,125.7074,3.3614,-3.3800
68.8902,13.5208,-60.4568,20.7065,109.4720,3.3614,-3.3800
68.9000,12.9166,-62.1658,20.7065,109.4720,2.9239,-2.8103
68.9100,12.9166,-62.1658,22.7170,95.9833,2.4421,-2.3278
68.9200,11.7465,-61.4944,23.6123,92.3212,2.4421,-2.3278
68.9300,11.1368,-63.9969,23.6123,92.3212,2.4421,-2.3278
68.9400,10.5325,-61.9217,25.4965,88.5980,1.3263,-1.4201
68.9500,10.5325,-61.9217,26.4029,88.1708,0.9099,-0.9211
68.9600,9.3900,-58.9920,28.3090,98.8519,0.9099,-0.9211
68.9701,8.8187,-60.0296,29.3692,108.0072,0.9099,-0.9211
68.9800,8.2419,-60.0906,29.3692,108.0072,0.9099,-0.9211
68.9900,7.1652,-53.7430,30.5337,117.4066,0.9099,-0.9211
69.0000,7.1652,-53.7430,30.5337,117.4066,0.3690,-0.3977
69.0101,6.6269,-51.6678,33.0496,129.3695,0.3690,-0.3977
69.0200,6.1215,-48.0057,33.0496,129.3695,-0.0743,0.1549
69.0300,6.1215,-48.0057,36.4224,89.2694,-0.0743,0.1549
69.0401,5.6491,-44.8929,36.4224,89.2694,-0.7511,0.6246
69.0501,5.6491,-44.8929,37.1145,68.0292,-0.9630,0.9717
69.0600,4.2264,-49.9588,37.6968,62.5970,-0.9630,0.9717
69.0700,3.7045,-50.0198,38.3780,76.8182,-0.9630,0.9717
69.0800,3.1937,-48.5550,39.2404,94.2133,-1.2352,1.3786
69.0900,2.7103,-45.6863,40.2127,100.7440,-1.6765,1.7355
69.1003,2.7103,-45.6863,41.7782,57.7753,-1.6765,1.7355
69.1101,1.9083,-41.7801,41.7782,57.7753,-1.6765,1.7355
69.1200,1.5457,-38.6673,41.7782,57.7753,-2.2504,2.3156
69.1300,1.5457,-38.6673,41.7013,-35.9137,-2.2504,2.3156
69.1400,1.1887,-32.0145,41.7013,-35.9137,-2.6658,2.6413
69.1500,0.6998,-18.9529,39.8227,-131.5558,-2.6658,2.6413
69.1603,0.6998,-18.9529,38.0374,-181.6046,-3.0301,3.0280
69.1700,0.4855,-3.8773,32.8683,-288.5992,-3.4789,3.4923
69.1801,0.4855,-3.8773,29.7921,-277.1857,-3.4789,3.4923
69.1900,0.7987,26.7624,29.7921,-277.1857,-3.4789,3.4923
69.2000,1.7215,52.8854,27.6169,-182.0319,-3.4789,3.4923
69.2100,1.7215,52.8854,27.6169,-182.0319,-3.4789,3.4923
69.2201,2.2763,53.8620,27.6169,-182.0319,-3.4789,3.4923
69.2302,2.8146,52.9465,26.0952,0.3412,-3.4789,3.4923
69.2400,3.3914,58.6227,25.4361,-53.1866,-3.9001,3.8961
69.2500,4.0176,61.7355,24.6066,-79.9200,-3.9001,3.8961
69.2600,4.5999,57.0358,24.6066,-79.9200,-4.0561,4.0175
69.2700,5.5338,38.2980,23.7442,-92.4323,-4.0561,4.0175
69.2800,5.5338,38.2980,22.9532,-87.4274,-4.0561,4.0175
69.2901,5.8688,31.1569,22.2720,-74.3658,-4.0561,4.0175
69.3000,6.1820,31.0959,21.6623,-62.2198,-3.9771,4.0480
69.3100,6.5060,35.6125,20.3329,-66.8585,-3.9771,4.0480
69.3202,6.5060,35.6125,19.5639,-71.2531,-3.9344,3.9406
69.3300,7.5003,62.4680,19.5639,-71.2531,-3.9344,3.9406
69.3400,7.5003,62.4680,18.8608,-66.3702,-3.5842,3.5795
69.3501,8.2199,79.3137,18.2510,-61.1823,-3.5842,3.5795
69.3600,9.1153,95.3049,17.5918,-63.9899,-3.2952,3.2190
69.3700,11.4554,129.3015,16.8612,-69.7272,-3.2952,3.2190
69.3800,12.7792,130.9494,15.2847,-74.9762,-3.2952,3.2190
69.3900,14.0152,120.9396,14.4772,-76.6852,-3.2952,3.2190
69.4004,16.2784,110.6247,14.4772,-76.6852,-3.0480,3.0207
69.4100,17.3605,107.2678,13.6422,-80.3473,-3.0480,3.0207
69.4200,17.3605,107.2678,12.7633,-83.0939,-2.4022,2.4229
69.4304,18.3768,100.7980,11.9009,-83.1549,-2.4022,2.4229
69.4404,19.2557,94.6335,10.9945,-80.5304,-1.9477,1.8886
69.4501,20.1456,88.6520,9.1928,-83.3380,-1.9477,1.8886
69.4606,20.9970,86.2106,8.2699,-86.0236,-1.3310,1.4140
69.4700,21.8485,86.5768,8.2699,-86.0236,-1.3428,1.4280
69.4800,23.6282,94.2062,7.3526,-87.0001,-1.3428,1.4280
69.4906,23.6282,94.2062,6.4792,-85.9015,-1.3428,1.4280
69.5000,24.6005,100.3098,6.4792,-85.9015,-1.0472,1.1011
69.5100,24.6005,100.3098,4.8367,-84.9860,-1.0472,1.1011
69.5200,26.6605,108.9767,4.0457,-83.0939,-1.0472,1.1011
69.5300,27.7206,111.5402,3.2876,-78.9435,-1.0472,1.1011
69.5401,28.7808,111.3571,2.5406,-76.9904,-0.1692,0.1397
69.5500,30.7803,99.9435,1.8429,-71.0699,0.0531,-0.1440
69.5601,30.7803,99.9435,1.2057,-67.7740,0.0531,-0.1440
69.5700,31.5988,83.6472,0.6070,-66.2482,0.0531,-0.1440
69.5800,32.2525,67.6559,0.0302,-63.6847,0.0531,-0.1440
69.5900,32.8183,62.4069,-1.0959,-63.0743,0.2115,-0.2361
69.6001,33.4555,72.9660,-1.6178,-58.5577,0.2115,-0.2361
69.6100,34.1806,82.4875,-1.6178,-58.5577,0.2115,-0.2361
69.6200,35.7352,78.1540,-2.1561,-50.3790,0.8507,-0.9242
69.6302,35.7352,78.1540,-2.6010,-47.6935,0.8507,-0.9242
69.6405,36.2570,51.4206,-2.9691,-47.0221,1.7249,-1.7385
69.6502,36.5921,35.7956,-3.2657,-39.6979,1.7249,-1.7385
69.6605,36.5921,35.7956,-3.5953,-30.7867,1.8208,-1.8166
69.6700,36.5921,35.7956,-3.5953,-30.7867,1.8208,-1.8166
69.6800,35.9110,-55.0858,-4.0677,-22.1808,2.0069,-2.0331
69.6902,35.1199,-83.1619,-4.0952,-5.7623,2.0069,-2.0331
69.7000,33.8455,-143.8309,-3.9633,11.5106,2.0069,-2.0331
69.7100,31.5988,-243.3792,-3.6887,28.8446,2.0069,-2.0331
69.7201,28.8687,-273.2254,-3.2822,44.7748,3.0033,-3.0543
69.7300,26.4352,-234.1019,-2.0023,68.1512,3.0033,-3.0543
69.7400,24.8807,-128.5721,-1.0684,87.2552,3.4244,-3.4398
69.7500,24.5621,-5.7693,-1.0684,87.2552,3.4244,-3.4398
69.7600,24.3918,-30.3055,-0.1786,73.9496,3.5734,-3.5569
69.7700,24.3918,-30.3055,0.5520,68.5175,3.5734,-3.5569
69.7800,24.3918,-30.3055,1.3156,69.1888,3.7746,-3.7930
69.7900,22.5955,-89.9368,2.1890,73.7665,3.7746,-3.7930
69.8000,21.8759,-64.9124,3.9798,67.1747,3.8479,-3.8393
69.8100,21.3321,-56.3675,4.7159,59.0570,3.8479,-3.8393
69.8200,21.3321,-56.3675,4.7159,59.0570,3.8742,-3.8717
69.8300,20.6784,-57.0389,5.3586,52.2821,3.8742,-3.8717
69.8401,19.1403,-60.2737,5.9189,45.1410,3.8742,-3.8717
69.8504,19.1403,-60.2737,6.5945,58.6298,3.8742,-3.8717
69.8600,19.1403,-60.2737,7.4075,76.4520,3.8836,-3.9485
69.8700,17.7670,-66.8045,9.3191,96.3495,3.8836,-3.9485
69.8800,17.7670,-66.8045,10.4617,109.5331,3.4587,-3.4398
69.8900,17.7670,-66.8045,10.4617,109.5331,3.4587,-3.4398
69.9000,15.1852,-61.3724,11.6702,119.3597,3.4587,-3.4398
69.9104,14.5480,-64.8514,12.9501,123.9374,2.9544,-2.8164
69.9201,14.5480,-64.8514,14.2795,127.9657,2.9544,-2.8164
69.9303,13.1638,-72.1756,15.6418,133.1537,2.9544,-2.8164
69.9400,12.4716,-69.0018,16.9986,134.4965,2.0788,-2.0191
69.9501,11.8289,-62.8372,19.4815,117.4677,2.0788,-2.0191
69.9600,11.1972,-63.3865,19.4815,117.4677,2.0788,-2.0191
69.9700,10.5380,-67.8421,20.6241,112.0355,2.0788,-2.0191
69.9800,10.5380,-67.8421,21.7556,110.0214,1.9547,-1.9685
69.9900,10.5380,-67.8421,22.7884,108.1293,1.9547,-1.9685
70.0000,9.2252,-65.2176,23.8760,105.3827,1.1191,-0.9534
70.0100,8.5770,-65.4617,25.9689,103.4296,1.1191,-0.9534
70.0200,7.2476,-64.4852,27.0071,104.3451,0.1748,-0.1684
70.0303,6.5775,-66.9876,27.0071,104.3451,0.1748,-0.1684
70.0400,5.8688,-69.9783,28.0728,108.4344,0.1748,-0.1684
70.0500,5.2426,-67.8421,29.1989,113.3783,0.1748,-0.1684
70.0601,4.6713,-60.9451,30.3909,120.2142,-0.6730,0.5094
70.0707,4.6713,-60.9451,31.6488,125.1581,-0.6730,0.5094
70.0803,4.6713,-60.9451,32.9013,121.9232,-1.2953,1.2975
70.0900,4.6713,-60.9451,35.2633,114.2328,-1.2953,1.2975
70.1000,4.6713,-60.9451,35.2633,114.2328,-1.2953,1.2975
70.1100,4.1769,-54.9637,36.3785,107.7020,-1.2953,1.2975
70.1200,2.3422,-48.3719,37.3837,98.3636,-1.8231,1.7782
70.1304,1.6061,-41.1087,38.2736,88.5980,-1.8231,1.7782
70.1400,1.1997,-44.4046,39.0646,80.2972,-2.2800,2.2942
70.1500,0.7163,-48.6160,40.8389,99.9506,-2.2800,2.2942
70.1600,0.2548,-49.3484,41.8936,106.6034,-2.8679,2.8225
70.1704,-0.1187,-43.5501,41.8936,106.6034,-2.8679,2.8225
70.1804,-0.6845,-20.9671,42.7780,82.0062,-2.7993,2.7962
70.1904,-0.6845,-20.9671,43.2229,31.2250,-2.7993,2.7962
70.2003,-0.8218,-10.4080,43.0307,-35.3033,-2.7993,2.7962
70.2100,-0.8218,-10.4080,42.0584,-115.3815,-2.7993,2.7962
70.2200,-0.7944,7.8415,40.0754,-216.4557,-2.8976,2.9146
70.2300,-0.6296,18.5226,34.3954,-293.9703,-3.1805,3.1696
70.2400,-0.3549,28.4714,34.3954,-293.9703,-3.1805,3.1696
70.2500,0.3043,27.0676,31.4236,-284.0826,-3.1805,3.1696
70.2601,0.3043,27.0676,29.0451,-200.7697,-3.2045,3.2544
70.2700,0.4746,11.9919,27.8750,-68.0792,-3.5133,3.5185
70.2800,0.5624,7.7805,27.7267,7.1771,-3.5133,3.5185
70.2900,0.7327,19.6213,27.6443,-15.4059,-3.5133,3.5185
70.3000,1.0458,35.0021,27.1554,-57.5201,-3.5133,3.5185
70.3100,1.0458,35.0021,26.4633,-70.1544,-3.5133,3.5185
70.3200,1.8973,50.2609,26.4633,-70.1544,-3.8032,3.8149
70.3300,2.3862,48.7961,25.0131,-79.4928,-3.8032,3.8149
70.3400,2.8366,45.6833,24.0078,-85.2301,-3.8089,3.8314
70.3503,3.3530,51.1154,23.0520,-87.0001,-3.8089,3.8314
70.3602,3.3530,51.1154,21.2613,-83.2159,-2.8505,2.8579
70.3700,4.5120,67.0456,20.5197,-72.4738,-2.8505,2.8579
70.3803,5.2976,84.0744,20.5197,-72.4738,-2.8139,2.7840
70.3900,5.2976,84.0744,19.8111,-70.2765,-2.8139,2.7840
70.4002,7.3190,107.0847,19.0146,-77.1124,-2.8139,2.7840
70.4100,8.4671,116.7892,18.2126,-75.8917,-2.8139,2.7840
70.4200,8.4671,116.7892,17.4545,-73.3282,-2.1474,2.1021
70.4302,10.9940,126.9211,15.8066,-84.6808,-2.1474,2.1021
70.4400,12.1970,117.7658,15.8066,-84.6808,-1.4518,1.4219
70.4501,13.3011,108.7936,14.9057,-91.1505,-0.9640,0.9553
70.4600,14.3558,105.8029,14.0213,-92.3102,-0.9640,0.9553
70.4700,15.4105,105.5588,13.0764,-93.2257,-0.8686,0.8644
70.4800,16.4432,103.5446,12.1206,-93.7140,-0.8686,0.8644
70.4900,17.4594,101.4694,11.1593,-92.1271,-0.8686,0.8644
70.5001,18.3109,100.9201,9.1763,-91.0284,-0.7689,0.8473
70.5100,18.3109,100.9201,8.2480,-92.4323,-0.7689,0.8473
70.5200,18.3109,100.9201,8.2480,-92.4323,-0.2942,0.2959
70.5301,19.2172,100.0046,7.3251,-93.8971,-0.2942,0.2959
70.5400,20.2005,99.0280,6.4077,-94.2023,0.1748,-0.0488
70.5500,23.1009,98.9059,5.4959,-93.3478,0.5217,-0.4667
70.5600,24.0567,98.4177,5.4959,-93.3478,0.5217,-0.4667
70.5700,25.0015,98.9059,3.0075,-81.9952,0.6895,-0.6783
70.5800,25.9628,100.8591,2.2220,-79.4318,0.6895,-0.6783
70.5901,26.9296,101.8967,2.2220,-79.4318,0.6895,-0.6783
70.6000,28.7973,91.2766,1.4364,-76.5021,0.6895,-0.6783
70.6100,28.7973,91.2766,0.6949,-70.3986,0.6895,-0.6783
70.6200,29.5664,76.5671,0.6949,-70.3986,0.6895,-0.6783
70.6303,30.2420,69.9753,-0.6235,-64.1119,0.6895,-0.6783
70.6400,30.9671,78.0930,-1.2223,-60.8160,1.4669,-1.4646
70.6500,31.8845,101.7136,-1.2223,-60.8160,1.4669,-1.4646
70.6600,33.0161,121.3058,-1.7496,-54.7125,1.4669,-1.4646
70.6700,35.3177,112.2726,-2.5791,-38.4772,1.7428,-1.6860
70.6802,35.3177,112.2726,-2.9416,-30.6036,1.7428,-1.6860
70.6900,36.1197,81.5109,-3.1668,-18.0304,1.7428,-1.6860
70.7000,36.6635,57.2189,-3.2657,-2.4054,2.6292,-2.5583
70.7102,36.8448,14.8605,-3.3371,0.0360,2.6292,-2.5583
70.7200,36.5646,-37.0804,-3.3371,0.0360,2.6292,-2.5583
70.7300,35.7517,-92.1951,-3.3371,0.0360,2.8609,-2.8945
70.7400,32.0108,-244.7220,-3.0625,23.1683,2.8609,-2.8945
70.7500,32.0108,-244.7220,-2.6999,35.6805,2.8609,-2.8945
70.7600,29.3466,-260.9573,-2.3044,37.3285,2.8609,-2.8945
70.7700,27.0065,-223.3597,-1.9144,37.6947,2.8609,-2.8945
70.7803,25.4245,-135.1639,-0.9531,40.9296,3.1062,-3.0268
70.7900,25.0290,-8.5770,-0.5741,27.3798,3.1062,-3.0268
70.8000,25.3037,31.6452,-0.5741,27.3798,3.1062,-3.0268
70.8101,24.4742,-73.8235,-0.2390,30.3094,3.1062,-3.0268
70.8201,24.4742,-73.8235,0.3543,50.3290,3.2125,-3.2464
70.8300,23.5349,-78.5843,1.2112,68.8837,3.2125,-3.2464
70.8400,22.8922,-58.9920,2.1835,73.1561,3.7638,-3.7930
70.8500,22.3923,-49.8978,3.8919,53.8690,3.7638,-3.7930
70.8603,21.9309,-46.4188,3.8919,53.8690,3.7638,-3.7930
70.8701,21.1069,-65.2786,4.4796,34.4598,3.7638,-3.7930
70.8802,19.3655,-78.7064,5.0180,30.1874,3.9818,-3.9638
70.8901,19.3655,-78.7064,5.6442,42.2113,3.9969,-4.0681
70.9000,19.3655,-78.7064,6.4242,61.6815,3.9969,-4.0681
70.9100,19.3655,-78.7064,7.3800,80.9076,3.9969,-4.0681
70.9200,17.2946,-71.9315,9.6377,111.3641,3.9475,-3.9620
70.9300,16.5421,-76.0208,11.0000,127.5995,3.9475,-3.9620
70.9400,15.7565,-78.5233,11.0000,127.5995,3.1711,-3.1622
70.9500,14.1251,-77.1805,12.3953,130.1019,3.0292,-3.0836
70.9600,14.1251,-77.1805,13.7246,126.0736,3.0292,-3.0836
70.9700,13.3560,-74.6170,15.0265,125.4022,3.0292,-3.0836
70.9801,12.6090,-73.9456,16.2954,121.0077,2.7664,-2.7505
70.9900,11.8454,-77.7298,18.7948,117.2235,2.7664,-2.7505
71.0000,11.0654,-78.6453,19.9594,116.2469,2.7166,-2.7395
71.0101,10.3677,-69.2459,19.9594,116.2469,2.7166,-2.7395
71.0200,9.1208,-68.0862,21.1349,108.3124,2.4802,-2.4742
71.0301,9.1208,-68.0862,22.1951,96.7767,2.4802,-2.4742
71.0400,8.4836,-69.3680,23.2004,93.1757,2.1878,-2.2265
71.0500,7.8519,-68.6356,24.2111,95.4340,2.1878,-2.2265
71.0600,7.8519,-68.6356,25.2658,100.2557,1.7808,-1.7092
71.0700,6.6214,-68.2083,27.4740,107.0917,1.7808,-1.7092
71.0800,6.0281,-67.3538,27.4740,107.0917,1.5463,-1.4494
71.0900,5.4459,-67.0486,28.6606,113.9886,1.5463,-1.4494
71.1000,4.8801,-65.8279,29.8965,119.5428,0.9297,-0.9425
71.1100,4.3417,-61.2503,31.1490,121.9232,0.7017,-0.7351
71.1200,3.8858,-52.6443,32.4124,123.0829,0.7017,-0.7351
71.1300,3.4958,-47.2733,34.7580,109.7772,0.7017,-0.7351
71.1404,3.1332,-45.5032,35.7797,100.4388,0.7017,-0.7351
71.1500,2.7817,-43.9163,35.7797,100.4388,0.7017,-0.7351
71.1602,1.9632,-34.7000,36.6806,90.1239,0.6035,-0.6387
71.1700,1.9632,-34.7000,37.5320,88.9642,0.6035,-0.6387
71.1803,1.9632,-34.7000,38.4988,104.7723,0.6035,-0.6387
71.1903,1.6007,-18.7698,39.6634,123.8763,0.2317,-0.2147
71.2000,1.6007,-18.7698,40.8993,121.3739,0.2317,-0.2147
71.2102,1.3919,-14.3143,41.8496,87.3773,0.1476,-0.0659
71.2200,1.1502,-23.7747,42.3385,36.1688,0.1476,-0.0659
71.2302,0.8041,-33.8455,42.2012,-32.1906,0.1476,-0.0659
71.2406,0.4196,-35.6766,42.2012,-32.1906,0.1476,-0.0659
71.2500,0.0736,-30.7327,39.7897,-158.2892,0.1476,-0.0659
71.2601,0.0736,-30.7327,37.8781,-193.6285,-0.8610,0.7936
71.2706,-0.4318,-16.0843,32.4124,-298.0597,-0.8610,0.7936
71.2800,-0.5582,-6.9901,32.4124,-298.0597,-1.2046,1.2731
71.2900,-0.5582,-6.9901,32.4124,-298.0597,-1.2046,1.2731
71.3000,-0.5197,12.7853,27.6443,-131.4948,-1.6657,1.8117
71.3101,-0.2011,40.0681,26.9192,-31.5192,-2.0337,2.0502
71.3200,1.0404,68.3273,26.9192,-31.5192,-2.0337,2.0502
71.3300,1.6556,64.2990,26.7764,-10.6451,-2.0337,2.0502
71.3401,2.3752,79.0085,25.4251,-89.2584,-2.0337,2.0502
71.3500,3.2706,94.6335,25.4251,-89.2584,-2.1131,2.1618
71.3601,4.2319,98.1125,24.5132,-82.7277,-2.1131,2.1618
71.3700,5.1877,94.8166,23.9309,-54.4684,-2.5272,2.6139
71.3801,6.0776,90.9714,23.9309,-54.4684,-2.5272,2.6139
71.3900,6.9620,88.9572,23.6508,-34.9982,-2.5272,2.6139
71.4000,7.9398,101.1642,22.5741,-57.5812,-2.5272,2.6139
71.4104,9.0384,117.6437,20.9207,-69.4830,-2.7674,2.8164
71.4200,10.2908,126.4938,20.9207,-69.4830,-2.7674,2.8164
71.4300,11.6202,134.8557,20.3109,-54.6515,-2.9370,2.9012
71.4401,14.6195,154.2648,19.8056,-48.7921,-2.9370,2.9012
71.4500,14.6195,154.2648,19.2453,-53.5529,-3.0005,3.0348
71.4600,16.1191,147.4899,18.5971,-58.4967,-3.0005,3.0348
71.4700,16.1191,147.4899,18.5971,-58.4967,-3.3107,3.3154
71.4800,18.7723,123.7473,16.5426,-64.2340,-3.3107,3.3154
71.4900,19.9698,117.8879,16.5426,-64.2340,-3.3107,3.3154
71.5000,21.1179,113.9816,15.8120,-68.7506,-3.6561,3.6319
71.5100,23.3151,107.6950,15.0650,-71.3751,-3.7581,3.7289
71.5200,23.3151,107.6950,14.2959,-74.3658,-3.7581,3.7289
71.5300,23.3151,107.6950,13.4445,-78.0890,-3.7487,3.7594
71.5401,25.2268,101.9577,12.5766,-76.8073,-3.7487,3.7594
71.5500,26.2430,102.2629,10.8243,-77.8448,-3.8065,3.7948
71.5601,27.2647,102.4460,10.8243,-77.8448,-3.8065,3.7948
71.5700,28.2864,102.4460,9.9234,-80.1031,-3.8065,3.7948
71.5801,30.2640,97.9294,9.0445,-79.5538,-3.8065,3.7948
71.5901,30.2640,97.9294,8.2040,-78.0890,-3.8065,3.7948
71.6001,31.2143,96.7697,7.3581,-78.3331,-3.8065,3.7948
71.6106,32.1646,97.8683,6.5011,-80.8356,-3.8065,3.7948
71.6203,33.1369,101.4694,4.9960,-72.2296,-3.7285,3.7088
71.6301,33.1369,101.4694,4.9960,-72.2296,-3.5640,3.6057
71.6400,33.1369,101.4694,4.3149,-72.4127,-3.5640,3.6057
71.6500,37.4051,108.6105,4.3149,-72.4127,-3.5640,3.6057
71.6600,37.4051,108.6105,2.9416,-69.6051,-3.5701,3.5307
71.6700,37.4051,108.6105,2.2769,-68.1403,-3.5701,3.5307
71.6800,39.3991,98.1735,2.2769,-68.1403,-3.5701,3.5307
71.6902,39.3991,98.1735,0.8926,-63.2574,-3.5701,3.5307
71.7000,41.2558,91.1545,0.8926,-63.2574,-3.5701,3.5307
71.7107,42.1457,88.7741,-0.4038,-57.7032,-3.4752,3.4367
71.7200,43.4915,47.8806,-0.4038,-57.7032,-3.4752,3.4367
71.7300,43.4915,47.8806,-1.0684,-60.6329,-3.4752,3.4367
71.7401,43.6838,10.7712,-2.2055,-48.0597,-2.9013,2.8975
71.7501,43.5410,-20.3568,-3.1778,-48.9142,-2.9013,2.8975
71.7604,43.1235,-48.0057,-3.7052,-52.3322,-2.4398,2.3882
71.7704,42.3709,-83.0399,-3.7052,-52.3322,-2.2706,2.3863
71.7800,42.3709,-83.0399,-3.7052,-52.3322,-2.2706,2.3863
71.7900,35.7187,-294.5267,-3.7052,-52.3322,-2.2706,2.3863
71.8000,35.7187,-294.5267,-4.5401,-20.5328,-2.1982,2.2174
71.8100,33.0106,-257.1732,-4.5182,-1.3068,-2.0671,2.1161
71.8205,30.8737,-197.7859,-4.2050,26.0370,-2.0671,2.1161
71.8301,29.4894,-120.1492,-2.8153,53.6249,-2.0671,2.1161
71.8404,29.0555,-7.5394,-2.8153,53.6249,-1.8137,1.8105
71.8500,29.6872,82.2433,-2.8153,53.6249,-1.7061,1.5677
71.8600,29.1489,-98.0545,-1.0959,72.9730,-1.7061,1.5677
71.8700,29.1489,-98.0545,-0.1676,75.4144,-1.7061,1.5677
71.8803,27.7591,-134.4925,-0.1676,75.4144,-1.1628,1.2206
71.8900,26.5341,-107.8201,1.9143,84.2035,-1.1628,1.2206
71.9006,26.5341,-107.8201,3.9743,85.5463,-1.1628,1.2206
71.9101,25.3531,-40.2542,3.9743,85.5463,-1.1628,1.2206
71.9200,25.3531,-40.2542,4.9411,82.3114,-0.5617,0.5600
71.9300,23.2492,-72.1756,5.8255,77.4286,-0.0884,0.0732
71.9402,23.2492,-72.1756,6.5616,63.3905,-0.0884,0.0732
71.9501,22.5241,-70.1614,7.2098,53.4418,-0.0884,0.0732
71.9600,21.8375,-67.1097,7.8689,48.8641,-0.0884,0.0732
71.9701,21.1783,-63.3865,9.7366,90.4901,-0.0884,0.0732
71.9800,20.5356,-61.5555,9.7366,90.4901,0.4944,-0.5344
71.9901,19.9258,-56.6727,9.7366,90.4901,0.4944,-0.5344
72.0001,18.7943,-54.4754,12.3898,137.1210,0.8281,-0.8150
72.0100,18.7943,-54.4754,12.3898,137.1210,1.0082,-1.0272
72.0200,18.1680,-61.0672,15.3781,142.9803,1.0082,-1.0272
72.0300,17.4979,-64.3631,16.8612,140.9052,1.0082,-1.0272
72.0400,16.8167,-64.3631,19.6682,130.3461,1.4471,-1.4939
72.0506,16.1411,-63.2645,19.6682,130.3461,1.4471,-1.4939
72.0600,15.4599,-65.4007,19.6682,130.3461,1.9096,-1.7733
72.0701,14.0921,-65.2176,21.0086,127.1722,2.0102,-1.9868
72.0800,14.0921,-65.2176,23.5574,117.8949,2.0102,-1.9868
72.0900,13.4384,-65.0345,24.6451,110.7538,2.0102,-1.9868
72.1003,12.7737,-66.8045,25.7602,103.3685,2.7556,-2.7304
72.1100,12.1256,-64.9734,27.8311,95.9222,2.7556,-2.7304
72.1200,11.5048,-64.7903,27.8311,95.9222,2.7556,-2.7304
72.1300,10.8676,-68.1473,28.8254,95.8002,2.8670,-2.8719
72.1400,9.5163,-74.8001,29.8086,96.7767,2.8670,-2.8719
72.1500,9.5163,-74.8001,30.8194,101.5985,3.1297,-3.1622
72.1602,8.8187,-75.6546,31.9070,111.4862,3.1297,-3.1622
72.1701,8.8187,-75.6546,33.0935,123.2050,3.1297,-3.1622
72.1800,7.5662,-63.5696,35.5984,126.5009,3.5983,-3.5612
72.1901,7.0609,-57.0999,35.5984,126.5009,3.5983,-3.5612
72.2001,6.6269,-52.0340,36.8838,129.3695,3.8493,-3.8820
72.2100,5.7645,-40.8646,38.2351,133.1537,3.8493,-3.8820
72.2200,5.7645,-40.8646,39.6139,134.9847,3.8056,-3.8302
72.2300,5.4129,-32.7469,41.0202,138.8910,3.8056,-3.8302
72.2400,5.4129,-32.7469,42.4099,136.3885,3.7356,-3.7424
72.2504,5.1547,-23.8968,45.0796,126.9281,3.7356,-3.7424
72.2600,5.1547,-23.8968,45.0796,126.9281,2.9342,-2.9713
72.2700,3.8803,-60.2737,46.1398,96.0443,2.9342,-2.9713
72.2801,2.5510,-66.3162,46.7386,44.7137,2.5371,-2.6169
72.2900,2.5510,-66.3162,46.7386,44.7137,2.5371,-2.6169
72.3000,2.5510,-66.3162,45.8157,-106.9586,2.5371,-2.6169
72.3100,1.9193,-59.1751,45.8157,-106.9586,2.5371,-2.6169
72.3200,1.3919,-48.3719,42.0749,-221.6437,2.2316,-2.2235
72.3300,1.3919,-48.3719,39.5315,-255.7623,2.2316,-2.2235
72.3400,0.4526,-11.5677,36.8179,-260.3400,2.2316,-2.2235
72.3501,0.4361,5.5222,36.8179,-260.3400,2.2316,-2.2235
72.3600,0.5570,17.6682,32.0114,-200.2814,1.8720,-1.8520
72.3700,0.7657,24.9313,30.3085,-148.4015,1.6375,-1.6555
72.3801,1.0184,28.8986,29.3637,-73.5724,1.6375,-1.6555
72.3901,1.0184,28.8986,29.1440,-8.3868,1.4932,-1.4646
72.4001,1.5237,29.6310,29.2868,28.9056,1.4932,-1.4646
72.4102,1.5237,29.6310,29.1549,-18.5187,1.4932,-1.4646
72.4200,2.3752,52.3361,28.1772,-103.5406,0.9912,-0.9644
72.4300,2.3752,52.3361,26.8368,-131.0065,0.9912,-0.9644
72.4400,2.3752,52.3361,26.8368,-131.0065,0.9395,-0.8723
72.4501,2.3752,52.3361,24.3759,-87.3053,0.6378,-0.6295
72.4604,5.3525,83.6472,23.2278,-53.7970,0.6378,-0.6295
72.4700,6.1600,77.2995,22.7334,-64.3561,0.6378,-0.6295
72.4800,6.9125,77.9709,22.7334,-64.3561,-0.4517,0.3715
72.4900,7.7420,85.6003,21.8271,-90.3571,-0.9240,0.8857
72.5005,8.6923,96.7697,20.8218,-97.6813,-0.9240,0.8857
72.5104,9.8404,119.9020,19.9869,-72.8400,-0.9240,0.8857
72.5200,11.1752,134.6725,19.3936,-50.5621,-0.9240,0.8857
72.5301,12.5705,140.7761,18.2565,-50.5011,-0.9240,0.8857
72.5400,14.0811,154.2648,18.2565,-50.5011,-1.8955,1.8751
72.5500,14.0811,154.2648,17.6413,-52.8204,-2.0257,2.0331
72.5600,18.4317,126.9821,17.0205,-52.9425,-2.0257,2.0331
72.5700,18.4317,126.9821,16.3943,-53.4918,-2.0257,2.0331
72.5800,19.6512,120.3293,15.7351,-53.6139,-2.6503,2.6523
72.5904,20.8267,115.5075,15.0430,-57.2150,-2.6503,2.6523
72.6007,21.9803,114.5920,13.5818,-72.2296,-2.7650,2.7444
72.6100,23.1339,114.2868,13.5818,-72.2296,-2.7650,2.7444
72.6206,25.2707,108.6105,12.7469,-76.3190,-2.7650,2.7444
72.6300,26.3199,103.8498,11.8625,-76.9904,-2.7650,2.7444
72.6400,26.3199,103.8498,10.9561,-77.6617,-2.8336,2.8194
72.6500,27.3361,100.4929,10.9561,-77.6617,-2.8336,2.8194
72.6600,28.3029,96.3425,9.2312,-78.2721,-3.5306,3.5289
72.6700,29.2368,92.7414,7.6162,-80.1031,-3.5306,3.5289
72.6800,30.1212,88.7741,7.6162,-80.1031,-3.5306,3.5289
72.6905,31.0001,88.8962,7.6162,-80.1031,-3.5306,3.5289
72.7004,31.8680,88.8962,5.9958,-76.9904,-3.5306,3.5289
72.7100,32.7744,94.0231,5.2102,-74.2438,-3.5306,3.5289
72.7204,33.7466,103.1174,4.4796,-71.8634,-3.7605,3.8393
72.7300,34.7904,111.8454,3.7710,-70.8868,-3.7605,3.8393
72.7400,35.8890,118.0710,2.4582,-64.7223,-3.9438,4.1236
72.7500,36.9821,115.5685,2.4582,-64.7223,-3.9499,3.9528
72.7605,38.0368,112.6999,2.4582,-64.7223,-3.9499,3.9528
72.7700,40.4154,130.5222,1.1837,-66.7975,-3.7699,3.7100
72.7802,40.4154,130.5222,0.5410,-66.3092,-3.7699,3.7100
72.7901,41.6623,123.8083,-0.0852,-61.4874,-3.7699,3.7100
72.8000,42.7664,103.3005,-1.4530,-73.8776,-3.1866,3.0823
72.8100,43.5959,75.4074,-1.4530,-73.8776,-3.1866,3.0823
72.8202,44.0848,37.3825,-1.4530,-73.8776,-3.1358,3.0036
72.8300,44.1397,-7.1732,-2.7219,-64.7223,-3.1358,3.0036
72.8400,43.8211,-39.7659,-2.7219,-64.7223,-2.9854,2.9994
72.8500,43.1619,-71.4432,-3.1504,-57.8864,-2.9854,2.9994
72.8600,43.1619,-71.4432,-4.2545,-75.6476,-2.9854,2.9994
72.8700,40.8933,-127.4124,-4.8423,-60.5719,-2.8764,2.8963
72.8800,39.3332,-165.9256,-5.3531,-24.5612,-2.8764,2.8963
72.8900,37.0371,-241.7313,-5.3531,-24.5612,-2.6541,2.7718
72.9003,34.3179,-265.4739,-5.3531,-24.5612,-2.6541,2.7718
72.9100,29.5828,-197.1756,-5.3531,-24.5612,-2.6541,2.7718
72.9201,29.5828,-197.1756,-4.6170,49.3524,-1.9486,1.9392
72.9306,28.1931,-109.4070,-3.7162,75.4144,-1.9486,1.9392
72.9400,28.0228,20.5368,-3.7162,75.4144,-1.9486,1.9392
72.9500,28.4622,43.8522,-3.7162,75.4144,-1.9486,1.9392
72.9601,28.4622,43.8522,-2.6944,84.5087,-1.9486,1.9392
72.9700,28.4622,43.8522,-0.1676,70.7758,-1.9486,1.9392
72.9800,28.4622,43.8522,0.7113,67.6630,-1.7108,1.7013
72.9900,28.2810,-34.5779,1.6562,68.3344,-1.7108,1.7013
73.0000,24.9081,-108.6746,1.6562,68.3344,-1.7108,1.7013
73.0106,23.4580,-51.4847,3.6447,78.2831,-1.6046,1.5677
73.0202,22.8867,-48.6771,5.4629,78.1610,-1.6046,1.5677
73.0301,22.1176,-55.9402,5.4629,78.1610,-1.6046,1.5677
73.0400,21.5353,-57.5882,6.2539,72.3627,-0.6815,0.5697
73.0500,20.8707,-58.5037,7.0230,68.3344,-0.6815,0.5697
73.0600,20.2884,-56.1844,7.9074,77.7948,-0.5006,0.4929
73.0701,19.7446,-51.4236,8.9785,99.4623,-0.5006,0.4929
73.0800,19.2282,-49.2874,10.2200,116.3690,-0.5006,0.4929
73.0904,19.2282,-49.2874,13.1643,145.6049,-0.5006,0.4929
73.1000,18.0252,-62.6541,13.1643,145.6049,0.0531,-0.1165
73.1100,17.3441,-66.0110,14.7958,155.1263,0.0531,-0.1165
73.1200,16.0861,-60.0906,16.4273,157.8119,0.8281,-0.9010
73.1300,16.0861,-60.0906,16.4273,157.8119,0.8281,-0.9010
73.1400,15.4764,-60.6400,19.3661,136.8768,1.1797,-1.1993
73.1500,14.8612,-61.4334,20.7119,131.9330,1.6944,-1.6659
73.1600,14.2514,-62.1658,22.0578,131.9330,1.6944,-1.6659
73.1701,13.6197,-65.2176,23.3871,127.5385,1.6944,-1.6659
73.1800,12.9605,-69.2459,24.5627,120.4584,2.3284,-2.3235
73.1900,12.3013,-68.8797,25.7547,112.2186,2.3284,-2.3235
73.2001,11.6531,-70.2835,25.7547,112.2186,2.3782,-2.3082
73.2101,10.9885,-72.6639,27.9464,104.0399,2.3782,-2.3082
73.2200,10.3348,-71.9315,28.9956,102.6971,2.3782,-2.3082
73.2302,9.7031,-70.4666,30.0119,99.8285,2.3782,-2.3082
73.2400,9.0988,-69.5511,31.0281,100.6219,2.6611,-2.7194
73.2500,9.0988,-69.5511,31.0281,100.6219,3.1523,-3.0531
73.2602,7.4838,-52.4002,32.1212,110.6317,3.1523,-3.0531
73.2700,7.4838,-52.4002,32.1212,110.6317,3.1523,-3.0531
73.2800,7.4838,-52.4002,35.4501,111.9745,3.6101,-3.5057
73.2900,7.4838,-52.4002,36.4608,99.1571,3.6101,-3.5057
73.3000,6.0501,-51.6678,38.4439,109.4110,3.6101,-3.5057
73.3104,6.0501,-51.6678,38.4439,109.4110,3.6101,-3.5057
73.3200,5.1602,-46.6019,38.4439,109.4110,3.6195,-3.6502
73.3300,4.4461,-40.9866,41.0751,141.3934,3.6195,-3.6502
73.3400,4.4461,-40.9866,42.4814,141.4545,3.7177,-3.7070
73.3500,4.4461,-40.9866,43.8107,131.6888,3.7177,-3.7070
73.3600,4.4461,-40.9866,44.9862,113.6835,3.7177,-3.7070
73.3700,3.3475,-38.2401,45.8981,85.7904,3.7177,-3.7070
73.3800,2.9959,-38.9114,46.2716,22.4969,2.6376,-2.5693
73.3900,2.7213,-36.7142,46.2716,22.4969,2.6376,-2.5693
73.4000,2.3477,-36.5311,44.7555,-138.4528,2.0826,-2.1271
73.4100,2.3477,-36.5311,42.7450,-216.5778,2.0826,-2.1271
73.4200,1.6776,-26.4603,40.1303,-267.1759,1.3677,-1.3743
73.4300,1.5128,-11.9339,37.2574,-281.2750,0.6801,-0.6527
73.4402,1.5128,-11.9339,32.6596,-184.2291,0.6801,-0.6527
73.4500,1.5128,-11.9339,32.6596,-184.2291,0.6801,-0.6527
73.4602,1.5128,-11.9339,31.2698,-122.7667,0.6801,-0.6527
73.4700,1.5237,7.4753,30.5612,-43.6652,0.6801,-0.6527
73.4800,3.1882,45.1340,30.3744,3.8202,-0.0992,0.1074
73.4900,3.1882,45.1340,30.0119,-39.0875,-0.0992,0.1074
73.5001,3.8309,32.5607,29.1330,-91.2115,-0.6354,0.6307
73.5101,4.2429,46.1105,27.4081,-65.3326,-0.6354,0.6307
73.5200,4.2429,46.1105,27.4081,-65.3326,-0.8328,0.8369
73.5300,5.4294,66.5573,26.7105,-55.2008,-0.8328,0.8369
73.5404,6.9949,83.6472,26.7105,-55.2008,-1.1299,1.1590
73.5500,6.9949,83.6472,25.6833,-48.1207,-1.1299,1.1590
73.5600,7.8574,86.6989,25.0570,-64.8444,-1.4161,1.3786
73.5700,8.7857,98.6618,24.1671,-83.4601,-1.4161,1.3786
73.5804,9.8349,107.6340,22.5247,-59.2291,-1.6779,1.6555
73.5901,10.9830,116.4230,22.5247,-59.2291,-1.6779,1.6555
73.6000,12.2244,126.0056,21.8930,-62.8912,-2.1155,2.1082
73.6100,15.0369,147.9782,21.8930,-62.8912,-2.1155,2.1082
73.6205,15.0369,147.9782,21.8930,-62.8912,-2.1155,2.1082
73.6300,16.5366,149.2599,19.6353,-76.9904,-2.2861,2.3082
73.6400,17.9977,145.2927,18.8333,-78.0890,-2.2861,2.3082
73.6500,19.3710,134.6725,17.2348,-82.3615,-2.2861,2.3082
73.6601,20.6455,126.4938,17.2348,-82.3615,-2.4731,2.4864
73.6700,21.8759,122.5266,16.3614,-88.4039,-2.4731,2.4864
73.6800,23.0624,117.6437,15.4715,-88.2208,-2.7913,2.8853
73.6901,24.1831,110.6247,14.6145,-87.3663,-2.7913,2.8853
73.7000,25.0455,103.7888,13.6642,-88.2819,-3.3168,3.3141
73.7100,26.0288,97.5021,12.7084,-86.8781,-3.3168,3.3141
73.7200,26.0288,97.5021,10.9726,-84.0094,-3.4681,3.5276
73.7300,27.8909,93.4128,10.9726,-84.0094,-3.4681,3.5276
73.7401,28.8083,92.3141,10.0937,-86.5118,-3.7309,3.8192
73.7500,30.6540,94.7556,10.0937,-86.5118,-3.7309,3.8192
73.7601,30.6540,94.7556,8.3084,-84.7418,-3.3342,3.3739
73.7700,31.6098,97.7463,7.5064,-79.7980,-3.3342,3.3739
73.7803,32.6096,103.4225,5.9683,-78.2721,-2.5404,2.4510
73.7904,33.7027,114.9582,5.2212,-75.9528,-2.5404,2.4510
73.8000,34.8618,120.6345,5.2212,-75.9528,-1.9392,1.8550
73.8104,34.8618,120.6345,4.5126,-71.8634,-1.9392,1.8550
73.8200,37.1469,117.3996,4.5126,-71.8634,-1.9392,1.8550
73.8300,38.1632,106.8405,3.1668,-69.7272,-1.9392,1.8550
73.8401,39.1025,102.2629,2.5625,-69.6661,-1.2610,1.1761
73.8500,40.0693,106.9626,2.0077,-64.9664,-1.2610,1.1761
73.8600,41.0031,100.6149,0.8761,-65.2716,-0.4127,0.3361
73.8700,41.6403,64.6652,0.8761,-65.2716,-0.4127,0.3361
73.8800,41.8601,23.1613,0.2005,-69.4220,-0.0968,0.0689
73.8900,41.0745,-62.5320,-0.2994,-62.0367,-0.0968,0.0689
73.9001,41.0745,-62.5320,-0.6565,-47.0221,0.3309,-0.3916
73.9105,40.2341,-82.6736,-1.0959,-43.9093,0.3309,-0.3916
73.9200,39.2893,-90.3641,-1.6123,-50.3790,0.3309,-0.3916
73.9300,39.2893,-90.3641,-2.4033,-25.5377,0.3309,-0.3916
73.9403,37.6413,-60.7620,-2.4033,-25.5377,0.7572,-0.7613
73.9500,37.0425,-69.1849,-2.4033,-0.2692,1.4232,-1.4250
73.9601,33.0930,-264.4974,-2.2550,11.7548,1.4232,-1.4250
73.9700,33.0930,-264.4974,-2.0462,18.0414,1.4232,-1.4250
73.9800,30.3079,-277.1317,-1.7111,29.2719,3.1509,-3.1744
73.9902,28.2095,-173.5550,-1.7111,29.2719,3.1509,-3.1744
74.0001,27.6767,-21.4554,-1.7111,29.2719,3.6336,-3.6106
74.0100,27.5998,-16.8167,-1.7111,29.2719,3.6336,-3.6106
74.0201,27.1329,-52.4002,-1.1948,42.1503,4.2399,-4.3182
74.0300,25.3201,-82.9178,0.2719,67.4799,4.2399,-4.3182
74.0406,25.3201,-82.9178,3.0514,85.3632,4.2906,-4.1755
74.0507,24.6335,-57.8934,4.1006,81.7621,4.2906,-4.1755
74.0605,24.2325,-36.7752,5.0345,76.5741,3.9687,-4.0126
74.0700,23.8754,-36.9583,6.5066,59.1791,4.0787,-3.9699
74.0802,23.4415,-41.5359,6.5066,59.1791,4.0787,-3.9699
74.0900,22.9910,-43.1839,7.1988,62.5970,3.8813,-3.8485
74.1001,21.9968,-54.5364,7.9348,70.2875,3.8813,-3.8485
74.1100,21.9968,-54.5364,8.7423,76.9403,3.3074,-3.2464
74.1201,21.3925,-61.4944,9.7201,90.6732,3.3074,-3.2464
74.1300,21.3925,-61.4944,10.8462,102.5751,3.3074,-3.2464
74.1400,20.0906,-59.9075,13.3017,122.7167,3.2007,-3.2110
74.1500,19.5303,-53.8651,13.3017,122.7167,2.6174,-2.6657
74.1600,18.9755,-56.0623,13.3017,122.7167,2.6174,-2.6657
74.1700,17.6352,-69.4901,14.5871,124.4867,2.6174,-2.6657
74.1800,17.6352,-69.4901,17.0370,119.6649,2.6174,-2.6657
74.1900,16.9540,-67.4759,18.2840,119.4818,2.3523,-2.3528
74.2007,16.3059,-63.9969,19.5144,116.8573,2.3523,-2.3528
74.2100,15.6522,-63.9969,21.8930,108.3734,2.3523,-2.3528
74.2200,14.9985,-62.1048,21.8930,108.3734,2.3453,-2.3601
74.2301,14.3832,-59.5413,21.8930,108.3734,2.2471,-2.1698
74.2400,13.0814,-66.6824,23.8815,91.8939,2.2471,-2.1698
74.2500,13.0814,-66.6824,24.8208,86.0956,2.2471,-2.1698
74.2600,13.0814,-66.6824,25.7547,87.0111,1.7099,-1.6799
74.2700,11.7136,-68.6966,26.7160,89.1473,1.7099,-1.6799
74.2802,11.0379,-68.3914,27.6883,90.9174,0.8610,-0.8198
74.2900,10.3842,-66.8655,27.6883,90.9174,0.8610,-0.8198
74.3000,9.7470,-65.9500,29.6823,93.2977,-0.2674,0.2574
74.3100,9.1318,-65.0955,30.6820,93.4198,-0.6044,0.5374
74.3202,9.1318,-65.0955,31.6818,93.2977,-0.6044,0.5374
74.3305,9.1318,-65.0955,32.6816,95.5560,-1.0791,0.8949
74.3400,7.2202,-61.9827,33.7033,99.5233,-1.0791,0.8949
74.3502,7.2202,-61.9827,35.5600,88.4760,-1.0744,1.1547
74.3600,6.2039,-51.3016,35.5600,88.4760,-1.0744,1.1547
74.3700,5.7755,-46.7850,36.3785,85.8514,-1.0744,1.1547
74.3801,5.4129,-41.0477,37.2134,91.8329,-1.0744,1.1547
74.3900,5.1218,-34.6390,38.1582,105.2606,-1.0744,1.1547
74.4000,4.8801,-31.7703,39.2514,118.9325,-1.5501,1.4341
74.4102,4.6603,-30.8548,40.4049,121.1908,-1.9463,1.9380
74.4200,4.6603,-30.8548,42.2287,70.1044,-1.9463,1.9380
74.4300,4.1769,-21.7606,42.2287,70.1044,-1.9463,1.9380
74.4401,4.0067,-13.6429,42.2287,70.1044,-2.0313,1.9209
74.4500,3.9517,-1.5579,42.2177,-48.1818,-2.1394,2.2283
74.4600,4.0176,9.1232,41.1850,-124.1705,-2.1394,2.2283
74.4700,4.1495,13.6398,39.2294,-219.1412,-2.3002,2.2649
74.4802,4.1495,13.6398,36.1368,-325.8307,-2.3002,2.2649
74.4900,4.3143,16.5695,29.3307,-293.1158,-2.3002,2.2649
74.5001,4.3143,16.5695,29.3307,-293.1158,-2.3002,2.2649
74.5101,5.7974,44.5847,26.9632,-200.4034,-2.3002,2.2649
74.5200,5.7974,44.5847,25.7657,-76.2579,-2.8708,2.9024
74.5302,6.1874,37.1384,25.6833,17.3700,-3.0423,3.0622
74.5400,6.5115,31.2180,25.8865,16.6376,-3.0423,3.0622
74.5500,6.7807,28.6545,25.5954,-41.3458,-3.0423,3.0622
74.5600,7.0664,31.4011,23.9529,-80.3473,-3.2115,3.1866
74.5701,7.4069,38.2980,23.9529,-80.3473,-3.2115,3.1866
74.5800,7.7969,40.6174,23.9529,-80.3473,-3.6218,3.6490
74.5903,8.5715,42.1432,22.5577,-65.6989,-3.6218,3.6490
74.6006,8.5715,42.1432,21.8545,-60.0836,-3.9461,3.9607
74.6105,8.5715,42.1432,21.1239,-62.8912,-3.9461,3.9607
74.6201,10.0601,97.0749,20.3769,-72.2296,-3.7027,3.7210
74.6300,11.2137,119.1696,18.8717,-63.4406,-3.7027,3.7210
74.6400,12.5156,132.1091,18.8717,-63.4406,-3.5010,3.4874
74.6500,13.9108,141.0202,18.2126,-63.8068,-3.5010,3.4874
74.6600,16.8057,141.2033,17.5644,-68.7506,-3.1213,3.1311
74.6700,16.8057,141.2033,16.8118,-73.4503,-3.1213,3.1311
74.6801,18.1186,127.5925,15.9659,-80.1031,-2.9887,2.9457
74.6900,18.1186,127.5925,15.9659,-80.1031,-2.9887,2.9457
74.7000,20.3433,101.8356,13.5434,-77.9669,-2.9887,2.9457
74.7100,21.2387,96.0373,13.5434,-77.9669,-2.9887,2.9457
74.7201,22.1780,93.8400,12.6974,-85.4132,-2.4943,2.5187
74.7300,23.9304,83.6472,11.7636,-91.0895,-2.4943,2.5187
74.7401,23.9304,83.6472,10.8572,-88.7091,-1.6944,1.7538
74.7504,24.7214,79.1306,10.0442,-81.6901,-1.6944,1.7538
74.7600,25.4794,77.6657,9.2697,-77.2955,-1.5407,1.6000
74.7700,26.2485,79.6799,8.4787,-77.0514,-1.5407,1.6000
74.7806,27.0560,84.1354,7.6767,-76.6852,-1.3701,1.3652
74.7900,27.9129,89.6286,7.6767,-76.6852,-1.3701,1.3652
74.8006,28.8138,94.0231,6.2430,-69.1168,-0.6458,0.6094
74.8101,29.7257,96.2814,5.5893,-67.8351,-0.6458,0.6094
74.8201,30.6540,97.9294,4.9740,-65.2716,-0.6458,0.6094
74.8302,30.6540,97.9294,3.7436,-64.1119,-0.6458,0.6094
74.8400,32.5052,96.2814,3.7436,-64.1119,0.8484,-0.8430
74.8500,33.3017,79.6799,3.7436,-64.1119,0.8484,-0.8430
74.8602,33.9005,59.0500,2.5790,-60.9991,1.2859,-1.4481
74.8700,34.8343,53.1906,2.0077,-60.7550,1.2859,-1.4481
74.8800,34.8343,53.1906,2.0077,-60.7550,1.2859,-1.4481
74.8901,35.4221,68.3273,0.9860,-54.0411,1.2859,-1.4481
74.9000,36.1581,84.5016,0.9860,-54.0411,2.0290,-2.1222
74.9102,36.9437,81.6940,0.3872,-33.4723,2.0290,-2.1222
74.9200,37.5754,66.2521,0.3872,-33.4723,2.0290,-2.1222
74.9303,38.0368,51.2375,-0.2445,-40.7965,2.2767,-2.2448
74.9400,38.5037,6.8649,-0.2445,-40.7965,2.2767,-2.2448
74.9500,38.5037,6.8649,-0.7444,-18.3356,2.2767,-2.2448
74.9600,38.2840,-25.7278,-0.7993,-4.2365,2.8115,-2.8396
74.9706,37.7731,-55.0858,-0.7773,6.7499,2.8115,-2.8396
74.9800,37.0645,-75.2274,-0.7773,6.7499,2.8115,-2.8396
74.9900,36.1581,-100.0687,-0.6400,14.6844,2.8115,-2.8396
75.0000,34.5157,-191.1942,-0.6400,14.6844,3.2707,-3.1757
75.0100,29.0884,-271.8826,-0.6400,14.6844,3.2707,-3.1757
75.0200,29.0884,-271.8826,0.6125,59.6674,3.3224,-3.3507
75.0300,26.7264,-210.4202,0.6125,59.6674,3.3224,-3.3507
75.0400,25.7211,-61.0672,2.2824,82.8607,4.0848,-4.1218
75.0500,25.8749,34.5749,3.0899,73.1561,4.2986,-4.2987
75.0601,26.0123,11.1984,3.8589,68.0292,4.2986,-4.2987
75.0700,25.5618,-52.5223,4.6499,66.3202,4.2986,-4.2987
75.0800,23.6227,-86.7630,5.4190,60.4608,4.2986,-4.2987
75.0900,23.6227,-86.7630,6.0837,49.4745,4.2986,-4.2987
75.1005,23.6227,-86.7630,6.6714,42.8827,4.3452,-4.3816
75.1101,22.4582,-51.9730,7.1768,31.1639,4.3452,-4.3816
75.1200,21.9418,-50.9354,8.1381,38.7323,4.3452,-4.3816
75.1300,21.4804,-44.9539,8.1381,38.7323,4.3452,-4.3816
75.1400,20.8981,-51.9119,8.5611,41.6620,4.1910,-4.1803
75.1500,19.5248,-73.5184,9.1653,60.2777,4.1910,-4.1803
75.1600,19.5248,-73.5184,10.0717,78.8324,4.1910,-4.1803
75.1700,18.8437,-65.8890,11.2143,105.2606,4.1910,-4.1803
75.1801,18.2779,-54.5975,12.4502,118.6884,4.0505,-3.9961
75.1900,17.7176,-58.2596,14.9386,120.3973,4.0505,-3.9961
75.2001,17.0310,-71.5652,14.9386,120.3973,3.3948,-3.3983
75.2105,16.2399,-76.0818,16.2570,125.0360,3.3948,-3.3983
75.2200,14.8337,-64.5462,17.5369,125.2802,3.4113,-3.4276
75.2300,14.8337,-64.5462,18.7564,118.5663,3.4113,-3.4276
75.2400,14.1415,-67.9031,19.8715,106.7255,3.0423,-3.0378
75.2500,13.4329,-70.7108,20.9482,103.7347,3.0423,-3.0378
75.2600,12.7243,-71.0159,21.8600,105.8710,2.9840,-2.9085
75.2700,12.0267,-70.7108,22.8543,105.0165,2.9840,-2.9085
75.2800,11.3455,-69.5511,23.8925,100.7440,2.2565,-2.1716
75.2900,10.0107,-72.8470,24.9032,98.3636,2.2565,-2.1716
75.3000,10.0107,-72.8470,24.9032,98.3636,2.2565,-2.1716
75.3100,9.3350,-72.2366,25.9359,102.0258,2.2565,-2.1716
75.3200,8.7088,-66.6824,28.1881,113.0121,2.2565,-2.1716
75.3300,8.7088,-66.6824,30.5118,112.5848,2.2565,-2.1716
75.3400,7.5607,-61.2503,30.5118,112.5848,2.2565,-2.1716
75.3500,7.0444,-55.0247,31.6269,108.3734,2.2565,-2.1716
75.3600,6.6049,-47.5784,32.7145,107.0917,1.6850,-1.6909
75.3700,6.2039,-46.2357,33.8516,113.3783,1.6850,-1.6909
75.3805,5.7040,-50.3250,35.0052,113.0731,0.6660,-0.6326
75.3900,5.7040,-50.3250,36.0489,100.2557,0.6660,-0.6326
75.4000,4.6219,-55.6351,37.8561,96.7767,-0.0790,0.1177
75.4100,4.6219,-55.6351,37.8561,96.7767,-0.0790,0.1177
75.4200,3.6112,-50.5692,38.8888,114.7821,-0.6354,0.4776
75.4302,3.6112,-50.5692,40.0918,131.0785,-0.6354,0.4776
75.4400,3.1827,-44.2215,40.0918,131.0785,-1.0552,0.9919
75.4501,2.8037,-39.7659,42.8329,146.2152,-1.0552,0.9919
75.4600,2.8037,-39.7659,44.0963,122.4725,-1.7569,1.7660
75.4700,2.1335,-34.3338,44.9972,-3.8702,-1.7569,1.7660
75.4800,1.9138,-26.2161,44.9972,-3.8702,-2.0671,2.1759
75.4900,1.9138,-26.2161,44.4479,-70.5817,-2.0671,2.1759
75.5005,1.7325,-14.8026,44.4479,-70.5817,-2.8943,2.8688
75.5100,1.6995,6.6208,41.8936,-152.8571,-2.8943,2.8688
75.5200,1.7984,10.7101,39.4931,-262.2931,-3.5579,3.5154
75.5300,1.9302,13.0295,35.7193,-378.6871,-3.5579,3.5154
75.5400,2.0786,13.8840,29.9405,-187.0978,-3.7511,3.7161
75.5501,2.2379,16.1423,29.9405,-187.0978,-3.7511,3.7161
75.5600,2.4027,15.5319,29.9405,-187.0978,-3.8112,3.8101
75.5703,2.5674,15.4709,28.7155,-3.7482,-3.7981,3.8223
75.5800,2.7872,24.8093,28.7484,-4.3585,-3.7981,3.8223
75.5905,3.1772,42.9977,28.7484,-4.3585,-3.7981,3.8223
75.6003,3.6496,48.4299,26.9796,-74.9762,-3.8159,3.7979
75.6100,3.6496,48.4299,26.9796,-74.9762,-3.8159,3.7979
75.6201,4.6768,56.1203,26.2326,-79.7369,-3.5913,3.5045
75.6301,5.2152,51.5427,25.4251,-88.5260,-3.1875,3.1714
75.6400,6.0886,44.8288,24.6451,-84.2535,-3.1875,3.1714
75.6500,6.0886,44.8288,23.8211,-83.0328,-3.1875,3.1714
75.6602,6.0886,44.8288,22.9532,-82.3004,-2.3331,2.3034
75.6701,6.0886,44.8288,22.1347,-77.6007,-2.3331,2.3034
75.6801,7.1542,64.3600,21.4041,-70.0934,-2.1216,2.1130
75.6900,8.8901,102.4460,20.6845,-71.8634,-2.0055,1.9795
75.7000,9.9942,112.8220,19.9264,-77.1735,-2.0055,1.9795
75.7102,11.1972,122.1603,19.0750,-80.7135,-2.0055,1.9795
75.7205,12.4387,124.2355,18.2235,-82.1173,-1.6530,1.6708
75.7300,13.6581,120.2682,17.3282,-84.5587,-1.6530,1.6708
75.7402,14.8172,114.3478,16.4438,-87.1832,-1.2732,1.3066
75.7500,15.9433,111.9064,14.5871,-90.8453,-1.2732,1.3066
75.7603,15.9433,111.9064,14.5871,-90.8453,-0.8921,0.9382
75.7700,17.0474,110.0754,13.6697,-89.8077,-0.8921,0.9382
75.7801,20.1950,102.4460,12.7469,-87.1832,0.1109,-0.1318
75.7900,20.1950,102.4460,11.8020,-85.6573,0.1109,-0.1318
75.8000,21.0519,101.9577,10.8572,-84.5587,0.8516,-0.9010
75.8100,21.9803,101.7746,9.9673,-82.1173,0.8516,-0.9010
75.8200,22.9800,100.7370,8.3029,-84.6808,1.0246,-1.0870
75.8300,23.9688,100.2487,8.3029,-84.6808,1.0246,-1.0870
75.8407,25.9134,97.9904,7.5009,-83.0939,1.0246,-1.0870
75.8500,26.8692,97.6852,6.7099,-81.5680,1.0246,-1.0870
75.8601,26.8692,97.6852,6.7099,-81.5680,1.0246,-1.0870
75.8700,26.8692,97.6852,6.7099,-81.5680,1.0246,-1.0870
75.8800,28.8413,103.3615,4.3863,-72.3517,1.0246,-1.0870
75.8904,29.8850,108.1833,3.7161,-66.1261,1.0246,-1.0870
75.9000,30.9561,109.5261,3.0679,-64.4781,1.2516,-1.3329
75.9102,31.9614,99.5163,3.0679,-64.4781,1.2516,-1.3329
75.9200,33.5379,72.8439,1.7770,-59.4122,1.5961,-1.6446
75.9300,33.5379,72.8439,1.2387,-55.9943,1.5961,-1.6446
75.9402,33.5379,72.8439,1.2387,-55.9943,1.5961,-1.6446
75.9500,35.1694,99.9435,0.3378,-45.9235,1.5961,-1.6446
75.9601,36.2241,112.1506,-0.2994,-32.3737,2.2814,-2.2588
75.9704,37.2458,108.1833,-0.2994,-32.3737,2.2814,-2.2588
75.9800,38.0148,79.7409,-0.6125,-27.1857,2.2814,-2.2588
75.9900,39.2069,59.9045,-0.6125,-27.1857,2.2814,-2.2588
76.0000,39.2069,59.9045,-1.0849,-15.0397,2.6198,-2.5199
76.0100,39.4760,25.9689,-1.1948,-6.4337,2.6198,-2.5199
76.0201,39.4760,25.9689,-1.1948,-6.4337,2.7063,-2.7224
76.0300,38.4763,-88.7772,-0.6839,25.1215,2.7063,-2.7224
76.0400,37.0480,-157.6859,-0.6839,25.1215,3.0837,-3.1433
76.0500,34.4882,-275.6668,-0.6839,25.1215,3.0837,-3.1433
76.0602,28.7259,-250.5814,-0.1456,26.8915,3.7177,-3.7747
76.0704,28.7259,-250.5814,0.2005,30.9808,3.7177,-3.7747
76.0800,27.1219,-136.0794,0.6509,40.1361,3.7177,-3.7747
76.0900,27.1219,-136.0794,1.1947,41.9672,3.7177,-3.7747
76.1000,27.2922,40.0070,2.3263,55.2728,3.8596,-3.8961
76.1100,27.2922,40.0070,2.3263,55.2728,3.8596,-3.8961
76.1201,27.2922,40.0070,3.1119,71.9965,3.8596,-3.8961
76.1300,27.1878,-20.8450,3.1119,71.9965,3.8596,-3.8961
76.1400,24.9081,-49.0433,4.8367,68.6395,3.9626,-3.9254
76.1501,24.5346,-37.9959,5.6332,58.6908,3.9626,-3.9254
76.1607,23.9743,-45.6863,6.3913,53.9911,3.9156,-3.9455
76.1704,23.2767,-59.2361,6.9955,46.9110,3.9156,-3.9455
76.1804,22.4692,-70.3445,7.4899,39.5868,3.7736,-3.7960
76.1900,21.7441,-72.0535,8.0996,45.2631,3.7736,-3.7960
76.2000,21.0465,-68.4525,8.9676,70.0433,3.7736,-3.7960
76.2100,20.3928,-64.7903,10.0332,90.8563,3.7736,-3.7960
76.2200,19.7720,-61.3724,11.2143,106.1761,3.7995,-3.7857
76.2300,19.1348,-64.6683,12.5271,121.8622,3.7995,-3.7857
76.2401,19.1348,-64.6683,12.5271,121.8622,3.7995,-3.7857
76.2500,17.6682,-74.8001,13.9059,126.1957,3.7995,-3.7857
76.2600,16.9211,-70.8328,16.6800,133.3368,3.5570,-3.5490
76.2702,15.4544,-73.8846,18.0368,129.2474,3.5570,-3.5490
76.2801,15.4544,-73.8846,18.0368,129.2474,3.0931,-3.1494
76.2900,15.4544,-73.8846,18.0368,129.2474,3.0931,-3.1494
76.3000,13.9548,-68.8187,21.7502,111.6083,2.9380,-2.8731
76.3100,13.2956,-64.7293,23.7661,99.9506,2.9380,-2.8731
76.3200,12.6419,-66.8655,23.7661,99.9506,2.9380,-2.8731
76.3300,11.9882,-68.6966,24.8263,98.3636,2.7284,-2.6413
76.3400,10.6369,-69.9173,25.9030,100.6830,2.7284,-2.6413
76.3500,10.6369,-69.9173,26.9796,100.8661,2.7284,-2.6413
76.3603,9.9118,-70.8939,28.0398,99.4012,2.7284,-2.6413
76.3704,9.2526,-68.3914,29.0506,94.8846,2.7284,-2.6413
76.3801,9.2526,-68.3914,30.0229,93.2977,2.7284,-2.6413
76.3900,7.9782,-67.7200,31.0391,99.2181,2.2645,-2.2003
76.4003,7.3465,-67.0486,31.0391,99.2181,2.2645,-2.2003
76.4100,6.7532,-62.0438,33.2638,110.0214,2.2645,-2.2003
76.4201,6.1600,-56.9168,34.4394,115.0873,1.6140,-1.5860
76.4300,5.5832,-56.5506,35.5710,108.4955,1.6140,-1.5860
76.4400,4.9954,-57.2830,36.5652,97.0209,1.5938,-1.6202
76.4501,4.9954,-57.2830,37.4771,93.5419,1.5938,-1.6202
76.4600,4.0286,-49.5926,38.4054,99.6454,1.0223,-1.1011
76.4701,3.6716,-42.6956,39.4436,114.2938,1.0223,-1.1011
76.4801,3.3695,-38.5452,40.7071,138.4027,0.8709,-0.8662
76.4900,2.9904,-35.6766,42.1957,155.3094,0.5179,-0.5740
76.5002,2.9904,-35.6766,42.1957,155.3094,0.5179,-0.5740
76.5100,2.9904,-35.6766,44.8764,105.5048,0.2825,-0.2440
76.5201,2.7762,-31.9534,45.1510,-52.3932,0.2825,-0.2440
76.5300,2.7762,-31.9534,45.1510,-52.3932,0.2825,-0.2440
76.5401,2.5510,-26.3992,44.0414,-127.7716,-0.2886,0.2776
76.5500,2.3148,-20.7230,42.3440,-175.5621,-0.2886,0.2776
76.5600,1.3590,-17.4881,42.3440,-175.5621,-0.9513,0.9919
76.5701,1.3590,-17.4881,40.1962,-215.4181,-0.9513,0.9919
76.5800,1.3590,-17.4881,33.8022,-331.0187,-1.3226,1.3835
76.5900,1.3590,-17.4881,29.2154,-110.4376,-1.3226,1.3835
76.6000,1.3590,-17.4881,29.2154,-110.4376,-1.3226,1.3835
76.6100,1.5183,33.5373,28.6935,-15.7721,-1.3226,1.3835
76.6200,2.5235,61.1862,28.6111,-2.1002,-2.1592,2.1960
76.6300,2.5235,61.1862,28.3694,-34.8761,-2.2104,2.1728
76.6400,3.2706,79.1916,27.7212,-74.0607,-2.2104,2.1728
76.6500,3.2706,79.1916,27.7212,-74.0607,-2.2104,2.1728
76.6604,3.2706,79.1916,26.8039,-93.9581,-2.2457,2.2082
76.6700,5.6326,70.4025,25.3482,-68.3234,-2.4896,2.4784
76.6800,6.2863,63.0173,24.7220,-65.3326,-2.4896,2.4784
76.6900,7.3959,61.7966,23.8266,-77.1124,-2.4896,2.4784
76.7001,7.3959,61.7966,23.0191,-85.2911,-2.4896,2.4784
76.7101,8.0716,75.5295,22.2006,-79.5538,-2.4896,2.4784
76.7200,8.9230,90.8493,21.4810,-67.0416,-2.6837,2.6706
76.7300,8.9230,90.8493,20.2176,-58.0695,-2.6837,2.6706
76.7400,8.9230,90.8493,20.2176,-58.0695,-3.0005,3.0006
76.7502,8.9230,90.8493,19.6353,-59.7784,-3.2515,3.3202
76.7600,14.8941,125.1511,19.0201,-62.5250,-3.2515,3.3202
76.7700,14.8941,125.1511,18.3114,-66.9806,-3.2515,3.3202
76.7800,16.1081,120.5734,17.5314,-69.4220,-3.1330,3.0884
76.7900,16.1081,120.5734,16.7733,-67.1637,-3.1330,3.0884
76.8000,17.3166,119.6579,16.0867,-69.1168,-3.1330,3.0884
76.8103,17.3166,119.6579,15.3451,-76.3800,-2.8802,2.8640
76.8200,20.7388,108.9767,14.5102,-85.7794,-2.8802,2.8640
76.8300,22.6944,98.6618,13.5598,-88.4650,-2.8802,2.8640
76.8401,22.6944,98.6618,12.6535,-81.6901,-2.3641,2.4510
76.8500,23.6502,95.1828,11.8240,-78.9435,-2.2114,2.1637
76.8601,24.5841,94.0842,10.9451,-81.0187,-2.2114,2.1637
76.8700,25.5124,94.0231,9.1159,-87.1222,-2.2114,2.1637
76.8800,26.4462,95.4880,9.1159,-87.1222,-1.5877,1.5171
76.8901,26.4462,95.4880,8.1985,-86.8781,-1.5877,1.5171
76.9000,29.4180,106.2302,7.2976,-84.5587,-0.9109,0.9809
76.9100,29.4180,106.2302,6.4242,-80.7135,-0.8563,0.9998
76.9200,30.5222,113.5544,5.5893,-77.9059,-0.8563,0.9998
76.9300,31.6922,120.5124,4.8037,-76.8683,-0.8563,0.9998
76.9402,32.9007,124.7849,3.4250,-65.6989,-0.5146,0.5283
76.9500,34.0707,117.9489,3.4250,-65.6989,-0.5146,0.5283
76.9600,35.0980,102.9343,2.7768,-65.6378,-0.2153,0.1470
76.9700,36.8668,95.1218,2.1396,-62.2198,-0.2153,0.1470
76.9800,36.8668,95.1218,1.6122,-47.6935,0.1133,-0.1592
76.9900,37.9160,115.9958,1.1892,-40.0641,0.1133,-0.1592
77.0000,39.1025,126.1887,0.7553,-42.6886,0.2576,-0.2745
77.0108,40.2451,114.8361,-0.0247,-38.2330,0.2576,-0.2745
77.0201,41.1459,86.7599,-0.0247,-38.2330,0.2576,-0.2745
77.0304,41.9260,27.4338,-0.3488,-33.1061,0.2576,-0.2745
77.0400,41.7392,-26.7654,-0.3488,-33.1061,1.2765,-1.2731
77.0500,41.7392,-26.7654,-0.7279,-23.4625,1.2765,-1.2731
77.0603,41.0086,-78.8284,-0.7279,-23.4625,1.2765,-1.2731
77.0700,39.9539,-107.6981,-0.9091,-12.4762,1.2765,-1.2731
77.0800,38.7729,-119.2947,-1.3980,-31.5192,1.4067,-1.4390
77.0900,37.3612,-150.5447,-1.3980,-31.5192,1.4067,-1.4390
77.1000,35.3561,-217.9276,-1.5299,-11.9879,1.7146,-1.7660
77.1100,30.6320,-218.7210,-1.5299,-11.9879,1.7132,-1.7538
77.1200,30.6320,-218.7210,-1.1893,19.8114,1.7132,-1.7538
77.1300,28.9841,-143.5257,-0.7334,38.1830,1.7132,-1.7538
77.1400,28.4403,-23.6526,-0.0852,51.1835,1.7132,-1.7538
77.1501,28.5666,23.5886,1.7001,82.9218,1.7132,-1.7538
77.1600,28.4567,-16.6946,1.7001,82.9218,2.0802,-2.0838
77.1700,27.7481,-73.4573,2.6669,80.6024,2.0802,-2.0838
77.1800,26.6879,-96.0403,3.6282,80.7245,2.9131,-2.9420
77.1900,25.8090,-82.2464,4.5401,76.6351,2.9131,-2.9420
77.2000,25.1224,-66.6214,5.4025,70.2264,3.2078,-3.2483
77.2100,24.6060,-50.2029,6.9571,59.8505,3.2078,-3.2483
77.2200,23.8864,-50.4471,7.5998,49.2303,3.5382,-3.6057
77.2302,23.0515,-65.3397,7.5998,49.2303,3.5382,-3.6057
77.2400,22.1890,-77.3636,8.1875,43.1268,3.7309,-3.7332
77.2500,21.4420,-72.0535,8.8247,48.9252,3.6044,-3.6210
77.2601,20.7718,-64.9734,9.6322,65.4047,3.6044,-3.6210
77.2700,20.7718,-64.9734,10.6430,87.6215,3.6044,-3.6210
77.2800,19.4699,-65.0955,11.7801,98.2416,3.3948,-3.3263
77.2906,18.8272,-61.3113,13.0984,126.1346,3.3948,-3.3263
77.3000,18.2394,-55.2689,14.5816,144.8724,2.7829,-2.7981
77.3101,17.6791,-55.3299,15.9878,137.0599,2.6668,-2.6553
77.3200,17.0804,-59.0530,17.2897,126.4398,2.6668,-2.6553
77.3300,16.4597,-60.2737,18.5312,118.3832,2.6668,-2.6553
77.3400,15.8334,-60.0296,19.7177,113.5004,2.6668,-2.6553
77.3500,15.1962,-63.3865,20.8712,108.0072,2.6668,-2.6553
77.3600,14.5096,-69.7952,21.9809,102.7582,2.4999,-2.5089
77.3700,14.5096,-69.7952,23.0850,101.6595,2.4999,-2.5089
77.3806,13.0978,-66.9876,23.9639,100.7440,2.4999,-2.5089
77.3906,12.4661,-61.1893,24.9911,96.4716,2.3486,-2.3143
77.4000,11.8399,-63.1424,25.9359,89.2694,2.3486,-2.3143
77.4102,11.1697,-68.8187,25.9359,89.2694,2.3486,-2.3143
77.4204,10.4776,-69.7952,27.7762,90.6122,2.3486,-2.3143
77.4300,10.4776,-69.7952,28.7979,99.8285,2.3486,-2.3143
77.4400,9.2197,-63.2645,28.7979,99.8285,1.8231,-1.7983
77.4501,7.9398,-63.3255,30.9952,109.8993,1.8231,-1.7983
77.4600,7.3904,-57.4661,32.1212,111.2421,1.6539,-1.6366
77.4700,7.3904,-57.4661,33.2748,116.0028,1.6539,-1.6366
77.4801,7.3904,-57.4661,33.2748,116.0028,1.6539,-1.6366
77.4900,6.3138,-55.1468,34.4888,123.6932,1.6812,-1.6891
77.5000,6.3138,-55.1468,35.6863,118.9325,1.6812,-1.6891
77.5101,5.3635,-52.5223,36.7575,106.3593,1.6812,-1.6891
77.5200,5.3635,-52.5223,38.6252,95.8002,1.0552,-1.0687
77.5300,4.5834,-41.5359,38.6252,95.8002,1.0552,-1.0687
77.5401,4.2923,-35.4324,38.6252,95.8002,1.0552,-1.0687
77.5500,4.2923,-35.4324,41.8661,123.3881,1.0552,-1.0687
77.5601,4.2923,-35.4324,42.9648,100.7440,-0.0541,0.0763
77.5706,4.2923,-35.4324,43.6184,50.6952,-0.0541,0.0763
77.5805,3.1937,-22.6761,43.7008,-10.4620,-0.9499,0.9260
77.5901,3.1937,-22.6761,43.1570,-72.5958,-0.9499,0.9260
77.6000,2.4905,-19.0750,42.0254,-126.7950,-1.3155,1.3652
77.6102,2.4905,-19.0750,40.4379,-164.0265,-1.3155,1.3652
77.6200,2.3532,-11.9949,38.5483,-183.8629,-1.5533,1.5415
77.6300,2.3532,-11.9949,38.5483,-183.8629,-1.5533,1.5415
77.6400,2.3422,5.4611,30.8963,-251.1237,-2.2198,2.2052
77.6501,2.3422,5.4611,30.8963,-251.1237,-2.2198,2.2052
77.6600,2.4905,17.1188,29.2209,-119.7150,-2.2198,2.2052
77.6700,3.0344,30.3635,29.2209,-119.7150,-2.2198,2.2052
77.6800,3.3365,30.3024,28.2266,-27.1246,-2.5911,2.5815
77.6900,3.7045,40.6174,27.6883,-54.7125,-2.5911,2.5815
77.7001,4.2209,55.8151,27.0071,-67.5909,-2.7603,2.7993
77.7100,4.8251,62.2238,25.2438,-93.5919,-2.7603,2.7993
77.7200,5.4459,63.9938,25.2438,-93.5919,-2.7603,2.7993
77.7300,6.0391,60.6979,24.3704,-91.1505,-3.1166,3.1110
77.7400,7.0554,47.9416,23.7497,-72.3517,-3.1166,3.1110
77.7500,7.0554,47.9416,23.2004,-67.4689,-3.1828,3.1372
77.7600,7.4509,43.0588,22.5137,-75.1593,-3.1828,3.1372
77.7700,7.8409,46.1716,21.7007,-82.6666,-3.1828,3.1372
77.7800,7.8409,46.1716,20.1571,-69.1779,-3.5842,3.5642
77.7900,9.0494,82.2433,20.1571,-69.1779,-3.5842,3.5642
77.8001,10.0162,102.0798,19.5529,-56.4215,-3.8291,3.8668
77.8100,10.0162,102.0798,18.9486,-53.3698,-3.8291,3.8668
77.8200,12.3892,132.2311,18.3279,-56.0553,-3.9283,3.9327
77.8300,13.8229,145.3537,17.6797,-56.9098,-3.9283,3.9327
77.8400,15.2457,140.4099,16.9876,-59.1071,-3.9118,3.8912
77.8500,16.5805,130.3391,15.5319,-64.6002,-3.9118,3.8912
77.8600,17.8220,122.0993,15.5319,-64.6002,-3.4150,3.3910
77.8701,20.2060,116.8503,14.7848,-69.5441,-3.4150,3.3910
77.8800,21.3596,114.7141,14.0158,-75.2203,-2.6207,2.5815
77.8900,21.3596,114.7141,13.1918,-74.2438,-2.6207,2.5815
77.9001,22.4857,111.2961,12.2909,-71.7413,-2.3829,2.4156
77.9101,23.4799,106.5964,10.4892,-78.5773,-2.3829,2.4156
77.9200,24.4357,104.2160,9.6487,-81.1407,-2.2743,2.2973
77.9300,25.4575,101.7746,9.6487,-81.1407,-2.2743,2.2973
77.9400,26.4572,99.5163,8.7863,-83.8263,-2.0812,2.1374
77.9500,28.4128,96.9528,7.8909,-84.9249,-2.0812,2.1374
77.9600,28.4128,96.9528,7.0175,-82.7277,-1.7935,1.7952
77.9700,29.3796,97.7463,6.2100,-78.5162,-1.7616,1.7965
77.9800,30.3684,101.0422,5.5014,-72.3517,-1.7616,1.7965
77.9902,31.4066,106.1081,4.0841,-71.0089,-1.7616,1.7965
78.0000,31.4066,106.1081,4.0841,-71.0089,-1.5604,1.5445
78.0100,33.5489,111.1740,3.2712,-72.9010,-1.5604,1.5445
78.0200,34.5981,106.8405,2.5735,-68.9948,-0.6730,0.6497
78.0307,35.5264,93.2297,1.9528,-61.5485,-0.2909,0.3312
78.0400,36.3010,81.3889,1.9528,-61.5485,-0.2909,0.3312
78.0500,37.0590,85.2341,1.4145,-55.2008,-0.2909,0.3312
78.0601,37.9709,105.9860,0.4916,-52.6373,-0.2909,0.3312
78.0700,39.0256,117.3386,0.0412,-52.4542,-0.2909,0.3312
78.0800,40.0638,114.2868,-0.3324,-45.5573,0.0056,-0.0580
78.0902,41.7008,71.9284,-0.6345,-41.3458,0.0056,-0.0580
78.1000,41.7008,71.9284,-0.8927,-40.0641,0.5960,-0.5911
78.1100,42.1622,48.9182,-0.8927,-40.0641,0.7370,-0.6368
78.1200,42.1677,-8.0276,-1.1234,-32.0685,0.7370,-0.6368
78.1300,41.5524,-73.2742,-1.6947,-24.8053,0.7370,-0.6368
78.1400,40.4154,-121.2479,-1.6947,-24.8053,0.9950,-1.0211
78.1501,37.7402,-132.0511,-1.7771,-14.0021,0.9950,-1.0211
78.1600,36.0043,-185.8841,-1.7441,-0.1471,1.5947,-1.6263
78.1703,36.0043,-185.8841,-1.6288,9.6185,1.5947,-1.6263
78.1800,33.5599,-251.0086,-1.6288,9.6185,1.8325,-1.8410
78.1901,30.9396,-258.0887,-1.1289,28.1732,1.8325,-1.8410
78.2000,28.6765,-212.0682,-0.6510,42.4554,2.3627,-2.3863
78.2102,27.5888,-72.3587,0.0247,52.2821,2.3627,-2.3863
78.2201,27.6602,23.7106,0.0247,52.2821,2.8679,-2.8487
78.2301,27.6877,-4.3045,1.5957,71.1420,2.8679,-2.8487
78.2400,27.0944,-65.4617,2.4746,70.2875,2.8679,-2.8487
78.2500,26.0233,-103.5477,3.4030,71.9354,2.8679,-2.8487
78.2600,24.9521,-100.2518,4.3094,72.3016,3.2162,-3.2483
78.2701,24.1446,-77.3026,5.8420,60.3998,3.2162,-3.2483
78.2800,23.6118,-50.8743,5.8420,60.3998,3.7262,-3.7088
78.2900,23.2767,-33.1131,6.4847,55.4559,3.7262,-3.7088
78.3000,22.9031,-41.7801,7.0010,45.1410,3.8065,-3.8119
78.3101,22.2989,-65.1566,7.5284,39.4037,3.8065,-3.8119
78.3200,22.2989,-65.1566,8.1930,49.7186,3.7924,-3.7796
78.3300,20.8377,-68.2693,8.1930,49.7186,3.7924,-3.7796
78.3400,20.2115,-60.1517,11.3681,114.8431,3.7924,-3.7796
78.3500,19.6622,-52.7054,11.3681,114.8431,3.7924,-3.7796
78.3600,19.1184,-50.8133,12.6480,127.9047,3.1969,-3.1299
78.3703,18.5361,-58.1375,13.9334,127.9657,3.1969,-3.1299
78.3800,17.8934,-64.3631,15.2572,126.3177,2.7819,-2.7749
78.3900,17.2672,-61.1282,16.5811,126.5619,2.7819,-2.7749
78.4000,16.6959,-55.8792,17.8665,124.9750,2.3143,-2.2741
78.4100,16.1466,-55.2689,20.2121,107.8851,2.3143,-2.2741
78.4200,15.5588,-61.6165,20.2121,107.8851,1.7841,-1.7416
78.4300,14.8996,-68.8187,21.3711,110.0214,1.7841,-1.7416
78.4400,13.4934,-69.9783,22.4643,112.7679,1.3348,-1.3146
78.4500,13.4934,-69.9783,23.5190,109.5331,1.2399,-1.1560
78.4602,12.8397,-66.6824,23.5190,109.5331,1.2399,-1.1560
78.4700,12.8397,-66.6824,25.5734,96.5936,0.9452,-0.8845
78.4801,11.5872,-63.0203,26.5732,98.0585,0.9452,-0.8845
78.4901,11.0324,-55.9402,27.6059,101.8427,0.9452,-0.8845
78.5000,10.5380,-50.3250,28.6880,107.7631,0.9452,-0.8845
78.5100,9.5657,-50.9354,28.6880,107.7631,0.9452,-0.8845
78.5200,9.5657,-50.9354,29.7867,109.5941,0.8023,-0.8888
78.5300,9.0164,-56.3065,31.8576,97.7533,0.6091,-0.5862
78.5400,8.4506,-58.3817,31.8576,97.7533,0.6091,-0.5862
78.5501,7.9013,-56.6727,33.7692,92.9315,0.6091,-0.5862
78.5603,7.3740,-54.2313,34.6646,85.3632,0.6091,-0.5862
78.5700,6.8741,-51.6678,35.4721,79.1986,0.6091,-0.5862
78.5806,6.4072,-49.0433,36.2466,80.6024,-0.5382,0.4679
78.5905,5.9732,-46.7850,37.1035,93.0536,-0.9795,0.9138
78.6000,5.5228,-43.9163,37.1035,93.0536,-0.9795,0.9138
78.6100,5.0998,-41.5970,39.3338,128.7592,-0.9795,0.9138
78.6200,4.7757,-37.9349,40.8004,152.3187,-1.3287,1.3573
78.6300,4.7757,-37.9349,42.3440,148.9008,-1.3287,1.3573
78.6400,4.2264,-25.7278,43.5635,111.2421,-2.1155,2.1405
78.6500,3.8144,-17.9153,44.2227,42.9437,-2.3274,2.3601
78.6601,3.8144,-17.9153,43.9920,-49.8907,-2.3274,2.3601
78.6701,3.6386,-18.2816,43.0581,-109.9493,-2.3274,2.3601
78.6800,3.4409,-20.4788,41.5860,-160.1813,-3.2966,3.2483
78.6900,3.2541,-19.5023,36.8619,-258.8141,-3.4940,3.5228
78.7000,3.0838,-17.9764,36.8619,-258.8141,-3.4940,3.5228
78.7100,2.9520,-14.4363,33.4616,-331.9342,-3.4940,3.5228
78.7200,2.9520,-14.4363,33.4616,-331.9342,-3.6904,3.7442
78.7305,2.8861,-7.7835,28.6496,-126.3068,-3.6904,3.7442
78.7400,3.0948,16.5085,28.6496,-126.3068,-3.8775,3.8778
78.7500,3.3090,21.0861,27.9300,-10.8282,-3.8775,3.8778
78.7602,3.5562,23.0392,27.1994,-56.5436,-3.6707,3.6368
78.7701,3.8034,23.5886,27.1994,-56.5436,-3.6707,3.6368
78.7800,4.0506,26.6403,26.3974,-86.3898,-3.3760,3.3568
78.7903,4.6549,37.4435,26.3974,-86.3898,-3.3760,3.3568
78.8000,4.6549,37.4435,24.4253,-90.1740,-3.1297,3.1970
78.8100,5.0229,37.3215,23.6892,-78.5773,-2.8858,2.8932
78.8204,5.3854,37.3825,23.1125,-67.8351,-2.8858,2.8932
78.8300,5.8414,50.8713,21.2558,-84.9860,-2.7674,2.7657
78.8400,6.3742,59.9655,21.2558,-84.9860,-2.7674,2.7657
78.8502,6.9840,68.9377,20.3549,-89.6857,-2.7674,2.7657
78.8602,7.6761,78.7033,19.5858,-78.6993,-2.5521,2.5169
78.8702,8.5770,94.7556,18.9102,-70.0323,-2.5521,2.5169
78.8801,9.5767,101.3474,18.1741,-73.2672,-2.0859,2.0472
78.8906,10.5985,102.8122,17.4160,-75.8307,-2.0859,2.0472
78.9006,11.6641,108.0002,16.6855,-71.6193,-2.0859,2.0472
78.9105,12.7737,111.1740,15.9549,-69.2999,-2.0859,2.0472
78.9200,13.8339,102.9343,15.9549,-69.2999,-2.0859,2.0472
78.9300,15.7236,91.7648,14.3069,-79.8590,-2.0859,2.0472
78.9400,15.7236,91.7648,13.4555,-78.6993,-1.5900,1.5677
78.9500,16.6464,93.2297,12.6150,-78.1500,-1.5900,1.5677
78.9600,17.5803,93.0466,11.7581,-77.5397,-0.9677,1.0272
78.9700,18.4757,89.3845,9.9948,-78.9435,-0.9677,1.0272
78.9800,19.2777,87.6144,9.9948,-78.9435,-0.3215,0.4142
78.9901,19.9973,88.7741,9.9948,-78.9435,-0.0508,0.1208
79.0000,20.7388,91.7648,9.0884,-78.4552,-0.0508,0.1208
79.0100,21.6892,96.2814,7.2867,-84.8639,-0.0508,0.1208
79.0200,22.6779,100.2487,6.5011,-79.8590,0.8563,-0.7369
79.0301,23.6777,101.2863,5.7431,-76.7462,1.1853,-1.2084
79.0400,24.6939,102.7512,4.9576,-77.6007,1.1853,-1.2084
79.0500,25.7156,103.6667,4.1446,-78.5162,1.1853,-1.2084
79.0606,26.7429,103.8498,3.3426,-77.3566,1.6563,-1.7733
79.0700,28.8358,107.2067,2.5625,-72.9620,1.6563,-1.7733
79.0800,28.8358,107.2067,1.8100,-71.0699,2.2161,-2.3278
79.0900,29.8410,99.5773,1.0739,-71.0089,2.2161,-2.3278
79.1000,30.6979,83.3420,0.3872,-65.5768,2.6550,-2.8579
79.1100,31.4121,71.1349,-0.7663,-52.2711,2.9911,-3.0097
79.1200,32.0987,74.6750,-0.7663,-52.2711,2.9911,-3.0097
79.1306,32.9282,93.6569,-1.3211,-51.5387,2.9911,-3.0097
79.1401,34.8233,96.0373,-1.6892,-39.5758,3.2054,-3.2635
79.1500,34.8233,96.0373,-1.6892,-39.5758,3.2054,-3.2635
79.1600,35.5649,79.3747,-2.0517,-19.9835,3.6491,-3.5905
79.1700,36.3174,87.8586,-2.3209,-33.4723,3.6491,-3.5905
79.1800,37.1304,85.1730,-3.0899,-29.8102,3.6491,-3.5905
79.1900,37.7622,60.8200,-3.0899,-29.8102,3.6491,-3.5905
79.2000,38.0753,20.7199,-3.3481,-16.1383,3.5001,-3.5661
79.2100,37.4930,-66.0721,-3.4745,-3.3820,3.5001,-3.5661
79.2205,37.4930,-66.0721,-3.4470,12.1210,3.7995,-3.8595
79.2300,36.1417,-166.8411,-3.2492,30.4926,3.7995,-3.8595
79.2400,33.6972,-274.9954,-2.8537,48.2538,3.8126,-3.8284
79.2500,30.8353,-275.9720,-1.5958,72.9120,3.8126,-3.8284
79.2600,28.5941,-207.2464,-1.5958,72.9120,3.8126,-3.8284
79.2702,27.1988,-117.0975,-0.6949,87.6215,3.8126,-3.8284
79.2800,27.4460,50.9323,0.1346,72.8510,3.8126,-3.8284
79.2900,27.4460,50.9323,0.6894,41.2347,3.7567,-3.7887
79.3000,27.4789,-10.8353,0.9750,10.2899,3.7567,-3.7887
79.3101,26.8143,-73.7625,1.5793,35.8636,3.7567,-3.7887
79.3205,26.0013,-76.0208,2.1560,36.4130,3.3356,-3.3215
79.3300,25.4080,-55.5740,2.1560,36.4130,3.3356,-3.3215
79.3400,24.9191,-48.4329,2.8317,42.3944,2.9098,-2.8640
79.3501,24.4687,-44.5267,3.5733,48.5590,2.6588,-2.6108
79.3600,23.8370,-54.9026,4.2929,49.4745,2.6588,-2.6108
79.3700,23.0570,-73.6404,5.0015,47.0941,2.6588,-2.6108
79.3800,22.2824,-75.6546,6.6659,69.3109,2.0290,-1.9593
79.3904,21.5848,-68.1473,6.6659,69.3109,2.0290,-1.9593
79.4000,20.9201,-65.7669,7.6767,84.2645,1.6304,-1.6769
79.4100,20.2664,-65.3397,7.6767,84.2645,1.6304,-1.6769
79.4200,18.9700,-63.9969,9.9893,108.9227,1.1891,-1.1913
79.4300,18.9700,-63.9969,11.1758,113.9276,1.1891,-1.1913
79.4403,18.2559,-69.3069,11.1758,113.9276,0.8164,-0.7552
79.4500,17.4979,-74.2508,13.5598,118.9325,0.7511,-0.7320
79.4600,16.7123,-76.0818,14.7793,120.0922,0.7511,-0.7320
79.4701,15.9598,-74.1898,15.9933,119.8480,0.7511,-0.7320
79.4800,15.2347,-71.5652,17.2293,122.3505,0.5617,-0.5295
79.4900,13.8449,-61.4944,18.4598,122.1674,0.5617,-0.5295
79.5003,13.8449,-61.4944,19.6078,115.0873,0.0968,-0.0378
79.5106,13.1857,-61.6165,19.6078,115.0873,0.0968,-0.0378
79.5200,12.5211,-62.4710,22.5357,108.0072,-0.4244,0.5984
79.5300,11.8729,-61.6776,23.5135,109.5331,-0.4244,0.5984
79.5403,11.2137,-63.3255,23.5135,109.5331,-0.5913,0.5667
79.5500,10.5270,-66.1331,24.5791,107.8241,-0.5913,0.5667
79.5600,9.1647,-65.9500,25.6119,102.6971,-0.5913,0.5667
79.5700,9.1647,-65.9500,26.6226,100.4999,-0.5913,0.5667
79.5800,8.4891,-66.4993,27.6443,100.8661,-0.7332,0.7460
79.5902,7.8409,-63.6917,28.6715,100.2557,-0.7332,0.7460
79.6001,7.2257,-61.4334,30.6601,94.7626,-1.5891,1.5665
79.6100,6.6159,-62.0438,30.6601,94.7626,-1.5891,1.5665
79.6200,6.0117,-62.1658,31.7038,99.8895,-2.3947,2.2832
79.6300,4.9020,-55.6351,32.7585,101.7206,-2.3947,2.2832
79.6402,4.9020,-55.6351,32.7585,101.7206,-2.9074,2.8719
79.6500,4.4022,-51.9119,34.8349,105.8710,-3.2848,3.3648
79.6600,3.9572,-47.0291,35.9005,111.1200,-3.2848,3.3648
79.6700,3.5727,-41.4139,38.2846,134.3744,-3.2848,3.3648
79.6800,3.2486,-37.6297,38.2846,134.3744,-3.6919,3.6411
79.6903,2.9300,-33.6014,38.2846,134.3744,-3.6919,3.6411
79.7002,2.9300,-33.6014,41.3662,167.1503,-3.3887,3.3215
79.7100,2.6059,-30.7938,42.9098,152.7460,-3.3887,3.3215
79.7200,2.0511,-23.8358,44.0963,108.3734,-2.9746,2.9579
79.7300,1.8039,-23.9578,44.6292,31.1639,-2.7260,2.6413
79.7400,1.5347,-27.2537,43.0691,-136.8658,-2.7260,2.6413
79.7500,1.2491,-28.4744,43.0691,-136.8658,-2.7260,2.6413
79.7600,0.9470,-29.8172,41.1465,-221.7047,-2.2598,2.2357
79.7700,0.6339,-31.6483,37.9989,-322.7179,-2.2598,2.2357
79.7800,0.2933,-34.4559,34.3130,-346.8878,-1.9665,1.9349
79.7901,-0.0528,-34.3338,31.2533,-259.7296,-1.9665,1.9349
79.8000,-0.3384,-26.5823,29.5230,-136.1945,-1.8941,1.9258
79.8100,-0.5032,-12.9105,28.9517,12.9144,-1.6459,1.6385
79.8200,-0.5252,1.7990,28.9517,12.9144,-1.6459,1.6385
79.8300,-0.5252,1.7990,29.1824,29.5160,-1.6459,1.6385
79.8400,0.0571,28.2883,29.1440,-15.6500,-1.6459,1.6385
79.8500,0.0571,28.2883,28.5067,-71.4972,-1.6459,1.6385
79.8603,0.3427,32.5607,27.5674,-92.3712,-1.6459,1.6385
79.8702,0.6284,29.8752,26.6336,-88.9532,-1.6459,1.6385
79.8800,0.8865,29.0817,25.2493,-72.7179,-0.9724,0.8876
79.8900,1.1612,29.5090,25.2493,-72.7179,-0.9724,0.8876
79.9000,1.4743,33.4152,24.5791,-78.2721,-0.9724,0.8876
79.9101,2.5345,67.2897,23.7826,-85.5963,-0.6091,0.5728
79.9200,2.5345,67.2897,22.6730,-93.8971,-0.6091,0.5728
79.9301,3.3090,84.5627,21.7007,-95.4230,-0.6091,0.5728
79.9400,4.2099,97.5021,20.8273,-85.7794,-0.2745,0.2349
79.9500,5.2591,110.1364,20.0802,-75.6476,-0.2745,0.2349
79.9602,6.3852,112.8220,19.3167,-76.2579,0.0447,-0.0610
79.9700,7.5113,112.4557,18.5037,-79.6759,0.0447,-0.0610
79.9801,9.7470,110.2585,17.6797,-79.3097,0.5156,-0.3867
79.9900,9.7470,110.2585,17.6797,-79.3097,0.5156,-0.3867
80.0000,10.8017,103.7888,15.9878,-81.8121,0.8343,-0.8400
80.0100,11.8070,99.3942,15.1364,-80.6525,0.8343,-0.8400
80.0200,12.7737,95.9763,13.4720,-81.9952,1.2610,-1.2285
80.0300,13.7351,96.8918,13.4720,-81.9952,1.2610,-1.2285
80.0400,14.6909,96.1594,12.6095,-81.5680,1.7724,-1.7519
80.0500,15.6137,92.8635,11.7251,-82.9108,1.7724,-1.7519
80.0600,16.5146,90.4221,10.8243,-85.4132,2.1145,-2.1362
80.0700,17.2342,87.9807,9.9289,-85.7184,2.1145,-2.1362
80.0800,18.0032,86.5158,9.0555,-86.8170,2.1145,-2.1362
80.0906,18.8492,86.5158,7.2537,-89.8077,2.1145,-2.1362
80.1001,19.7061,87.7975,7.2537,-89.8077,2.1145,-2.1362
80.1101,20.5905,91.1545,6.3858,-83.7042,2.1145,-2.1362
80.1200,22.5296,102.2629,5.5563,-77.8448,2.4172,-2.5156
80.1303,22.5296,102.2629,5.5563,-77.8448,2.6621,-2.6291
80.1400,23.6118,110.5637,3.8589,-78.8824,2.6621,-2.6291
80.1500,24.7708,117.2165,3.0185,-76.3190,2.6621,-2.6291
80.1600,25.9628,119.7189,1.5353,-68.0182,2.6621,-2.6291
80.1701,27.0999,111.6013,1.5353,-68.0182,2.6621,-2.6291
80.1800,28.0612,92.3141,1.5353,-68.0182,2.8388,-2.7779
80.1900,29.4235,62.1628,0.3323,-54.2853,2.8388,-2.7779
80.2006,29.4235,62.1628,-0.2500,-51.1725,2.8266,-2.7962
80.2101,30.0882,73.0270,-0.8432,-51.7218,2.8266,-2.7962
80.2205,30.9726,99.2722,-1.7386,-38.4772,3.1913,-3.2098
80.2300,32.0987,116.6061,-1.9419,-25.8429,3.1913,-3.2098
80.2400,33.2083,111.0519,-1.9419,-25.8429,3.5250,-3.5258
80.2500,34.1971,101.7136,-2.1945,-21.8756,3.5250,-3.5258
80.2601,36.1252,93.7180,-2.5077,-26.5753,4.0918,-4.0266
80.2700,36.1252,93.7180,-2.8977,-33.2281,3.7948,-3.8839
80.2801,36.8613,70.4636,-3.2712,-32.7399,3.7948,-3.8839
80.2900,37.2733,31.1569,-3.5349,-24.9884,3.7971,-3.8345
80.3000,37.1579,-25.3006,-3.6447,-10.6451,3.7971,-3.8345
80.3100,36.5372,-72.5418,-3.6118,4.0643,3.7971,-3.8345
80.3201,35.5539,-104.0970,-3.5019,11.9989,3.4550,-3.5612
80.3301,32.4503,-214.8758,-3.3536,17.4921,3.2350,-3.1403
80.3405,32.4503,-214.8758,-3.1613,22.8021,3.2350,-3.1403
80.3505,29.7531,-270.3568,-2.8922,27.7460,3.2350,-3.1403
80.3600,27.3581,-221.8948,-2.4198,46.7279,3.2350,-3.1403
80.3700,25.8585,-120.5154,-0.8432,65.2216,3.2350,-3.1403
80.3800,25.7211,23.5275,-0.8432,65.2216,2.8623,-2.8975
80.3902,26.9132,18.9499,-0.3214,42.0282,2.8623,-2.8975
80.4001,26.3034,-78.5843,0.0027,18.0414,2.8491,-2.9225
80.4101,26.3034,-78.5843,0.0027,18.0414,2.8694,-2.9085
80.4200,25.1498,-116.0599,0.9201,38.6713,2.8694,-2.9085
80.4300,24.1336,-92.4393,2.1341,39.4037,2.8694,-2.9085
80.4400,23.4305,-65.0345,2.7438,45.0189,2.8694,-2.9085
80.4505,22.9196,-49.7147,2.7438,45.0189,2.8694,-2.9085
80.4600,22.3428,-45.8694,3.4305,53.8690,2.6127,-2.5876
80.4700,21.1838,-64.9734,4.1061,60.3387,2.6127,-2.5876
80.4800,21.1838,-64.9734,4.1061,60.3387,2.0092,-2.0746
80.4900,20.5026,-67.9031,5.5508,77.9169,2.0092,-2.0746
80.5001,19.8489,-65.2176,6.5011,91.8939,2.0092,-2.0746
80.5100,19.1678,-68.6966,7.6272,105.3217,2.0092,-2.0746
80.5202,18.4537,-72.2977,8.8687,116.3690,1.8424,-1.8703
80.5306,17.6956,-74.2508,8.8687,116.3690,1.8424,-1.8703
80.5403,16.9486,-71.5652,11.5219,129.2474,1.3240,-1.2926
80.5500,16.2399,-68.1473,12.8238,128.8202,1.3240,-1.2926
80.5601,15.5533,-66.4993,14.0707,122.7777,0.3097,-0.2593
80.5700,14.8557,-69.9783,15.3012,121.4349,0.3097,-0.2593
80.5801,14.1251,-73.0301,17.8940,124.4867,0.0827,-0.0256
80.5900,13.4110,-69.7952,17.8940,124.4867,0.0827,-0.0256
80.6000,12.7188,-69.4901,19.1464,118.9325,-0.2425,0.2855
80.6100,11.3126,-68.3914,20.3384,114.4159,-0.2425,0.2855
80.6201,11.3126,-68.3914,21.4041,111.6083,-0.6162,0.5527
80.6302,10.6369,-66.0110,22.3489,109.5941,-0.6162,0.5527
80.6401,9.9503,-66.8045,23.4366,105.6879,-0.6698,0.7387
80.6500,9.2636,-66.6824,25.5020,97.4481,-0.6698,0.7387
80.6600,8.6044,-63.7527,25.5020,97.4481,-0.9513,0.9382
80.6701,7.9672,-61.1282,26.5237,97.2040,-0.9513,0.9382
80.6800,6.7697,-58.0765,26.5237,97.2040,-1.3654,1.2883
80.6902,6.7697,-58.0765,28.5727,96.0443,-1.3654,1.2883
80.7000,6.1710,-60.2737,29.5834,94.1522,-1.5064,1.4311
80.7100,5.5832,-59.8465,29.5834,94.1522,-1.5064,1.4311
80.7200,5.0394,-56.3675,32.7255,107.3969,-2.3430,2.3436
80.7300,4.5395,-53.9871,32.7255,107.3969,-2.3430,2.3436
80.7400,4.0781,-51.1185,32.7255,107.3969,-2.2941,2.3741
80.7501,3.4134,-33.3572,35.1205,128.6981,-2.6527,2.6767
80.7600,3.4134,-33.3572,36.4608,142.9803,-2.6527,2.6767
80.7700,3.2431,-23.5306,37.9825,163.4882,-2.6527,2.6767
80.7800,3.1168,-15.7181,39.7018,181.3104,-3.6218,3.5844
80.7900,3.1168,-15.7181,43.2504,167.0892,-3.6218,3.5844
80.8001,3.1168,-15.7181,43.2504,167.0892,-3.4860,3.4550
80.8100,2.7377,-15.9012,43.2504,167.0892,-3.4860,3.4550
80.8200,2.5455,-19.3802,45.0796,35.9857,-3.4860,3.4550
80.8306,2.3148,-23.7137,44.7555,-58.9850,-3.4860,3.4550
80.8400,2.0236,-28.9017,43.4482,-156.2140,-3.1702,3.2446
80.8500,1.7050,-31.2210,41.0147,-265.3448,-3.1702,3.2446
80.8600,1.3974,-29.3900,33.7912,-343.9581,-2.6564,2.5858
80.8700,1.1447,-23.5306,33.7912,-343.9581,-2.3900,2.4431
80.8800,0.9744,-16.6336,30.9182,-243.7384,-2.3900,2.4431
80.8900,0.9744,-16.6336,29.3692,-125.8185,-2.3900,2.4431
80.9000,0.8810,-7.6614,28.8308,-33.2892,-2.3900,2.4431
80.9100,0.9195,6.5598,28.8638,21.9476,-2.3900,2.4431
80.9200,1.0568,4.0573,29.0231,16.8207,-2.2612,2.2235
80.9300,1.0568,4.0573,27.7487,-88.8312,-2.2612,2.2235
80.9401,1.3370,25.1144,27.7487,-88.8312,-1.9947,1.9935
80.9503,2.0731,44.8898,26.8698,-84.1315,-1.9947,1.9935
80.9601,2.5070,47.4533,26.8698,-84.1315,-1.9947,1.9935
80.9704,2.5070,47.4533,26.8698,-84.1315,-1.9947,1.9935
80.9800,3.0179,56.9138,24.4088,-75.2203,-1.7714,1.7257
80.9901,3.6386,64.6652,23.7057,-77.4176,-1.7714,1.7257
81.0004,4.3033,69.4870,21.7556,-91.5167,-1.7714,1.7257
81.0100,5.0394,76.1398,21.7556,-91.5167,-1.7099,1.7226
81.0201,5.8579,89.8727,20.8877,-85.0470,-1.7099,1.7226
81.0300,7.9178,106.0471,20.0363,-83.0939,-1.3249,1.3621
81.0402,7.9178,106.0471,19.2123,-83.1549,-1.3249,1.3621
81.0500,8.9945,109.1599,18.4707,-77.1124,-1.1238,1.1639
81.0600,10.1755,121.3669,17.7511,-71.5582,-1.1238,1.1639
81.0700,11.4334,125.3342,16.1032,-85.7184,-1.1238,1.1639
81.0800,12.5980,112.9440,16.1032,-85.7184,-0.7985,0.8168
81.0901,13.6472,102.8732,16.1032,-85.7184,-0.7985,0.8168
81.1001,14.6414,99.3942,14.3014,-85.2301,-0.3845,0.2959
81.1100,15.6632,103.7277,13.3786,-87.2443,-0.3845,0.2959
81.1205,16.7123,105.1926,12.4392,-88.0988,0.1156,-0.2147
81.1300,17.7341,101.5305,11.4560,-89.5636,0.1156,-0.2147
81.1400,18.7393,100.7980,10.4672,-90.0519,0.1156,-0.2147
81.1500,19.7556,102.8732,9.5004,-88.4039,0.1156,-0.2147
81.1600,20.7883,103.8498,8.5391,-89.3195,0.7393,-0.6631
81.1704,22.6614,102.8732,7.5778,-91.9440,0.8117,-0.8583
81.1801,22.6614,102.8732,6.6330,-93.4698,0.8117,-0.8583
81.1904,23.6722,101.8967,6.6330,-93.4698,0.8117,-0.8583
81.2000,24.6719,101.1642,4.7928,-89.5636,1.5143,-1.4677
81.2100,25.6552,100.2487,3.9029,-86.6339,1.5143,-1.4677
81.2202,26.6385,100.1877,3.0514,-83.0939,1.6516,-1.6263
81.2300,27.6273,101.1032,2.2165,-79.4928,1.6516,-1.6263
81.2400,29.6817,107.6950,1.3705,-78.2111,2.0125,-1.9965
81.2500,29.6817,107.6950,1.3705,-78.2111,2.0125,-1.9965
81.2600,30.7089,102.3849,-0.2994,-76.8683,2.7547,-2.7194
81.2701,31.6043,86.6989,-1.0355,-70.0323,2.7547,-2.7194
81.2800,32.3679,77.3605,-2.3264,-61.3654,2.9521,-3.0854
81.2900,33.1644,87.1872,-2.3264,-61.3654,2.9521,-3.0854
81.3000,34.1971,115.7516,-2.9251,-55.0787,3.1843,-3.1482
81.3100,36.5482,115.3854,-3.3206,-44.7028,3.1843,-3.1482
81.3202,36.5482,115.3854,-3.5843,-33.5944,3.5579,-3.5490
81.3300,37.3996,87.4313,-3.9194,-30.1154,3.5579,-3.5490
81.3400,38.1632,86.4548,-4.2819,-30.6036,3.7050,-3.7192
81.3500,38.9267,79.0695,-5.1279,-36.3409,3.7050,-3.7192
81.3600,39.4156,44.8898,-5.1279,-36.3409,3.7050,-3.7192
81.3700,39.4870,-4.3045,-5.5619,-37.1954,3.7050,-3.7192
81.3803,38.0643,-119.9661,-5.9299,-29.8712,3.8361,-3.8595
81.3900,38.0643,-119.9661,-6.1606,-15.7111,3.8183,-3.8467
81.4002,38.0643,-119.9661,-6.2650,-2.3444,3.8183,-3.8467
81.4100,32.9117,-313.9969,-6.1991,17.8583,3.8183,-3.8467
81.4200,29.9564,-279.2679,-5.2707,71.0199,3.8183,-3.8467
81.4302,27.9459,-175.6912,-5.2707,71.0199,3.8183,-3.8467
81.4400,27.2043,-40.9866,-4.3918,87.3773,3.5109,-3.4892
81.4500,28.5227,69.6701,-3.4360,86.0345,3.4197,-3.4416
81.4600,28.5227,69.6701,-2.5296,70.9589,3.4197,-3.4416
81.4700,28.4348,-32.5027,-1.8979,46.7279,3.4197,-3.4416
81.4803,27.4460,-110.3836,-1.1948,60.6439,2.9295,-2.9054
81.4900,26.2814,-109.2850,-0.5027,44.3475,2.4647,-2.4876
81.5003,25.4135,-78.5843,0.2609,50.3290,2.4647,-2.4876
81.5100,24.8587,-49.3484,1.1288,60.3387,2.4647,-2.4876
81.5200,23.8040,-58.6868,1.9967,60.2167,2.1958,-2.2235
81.5300,23.8040,-58.6868,2.7878,52.0380,1.7653,-1.8056
81.5400,22.9636,-89.4485,3.6062,56.3104,1.7653,-1.8056
81.5500,22.0572,-86.7020,4.5071,68.0902,1.7653,-1.8056
81.5600,21.3541,-65.4007,6.5176,90.0629,1.2540,-1.2792
81.5700,20.7498,-60.3958,6.5176,90.0629,1.1238,-1.1395
81.5800,20.1071,-65.3397,6.5176,90.0629,1.1238,-1.1395
81.5904,18.6899,-71.4432,8.8083,109.1669,1.1238,-1.1395
81.6001,18.6899,-71.4432,10.0607,118.2001,0.7901,-0.7893
81.6105,17.9099,-75.0443,11.3406,121.6791,0.7901,-0.7893
81.6200,17.0914,-79.8050,12.6480,125.6464,0.1951,-0.1976
81.6301,16.2619,-78.4012,15.3177,127.6605,-0.1039,0.1946
81.6400,15.5039,-70.7718,15.3177,127.6605,-0.1039,0.1946
81.6501,14.7842,-71.0770,16.5976,122.5336,-0.1584,0.2037
81.6601,13.2901,-75.1053,17.8445,119.0546,-0.1584,0.2037
81.6706,13.2901,-75.1053,19.0530,113.5614,-0.1584,0.2037
81.6800,12.5211,-76.2039,20.1187,109.4110,-0.1584,0.2037
81.6903,11.7850,-73.5184,21.0580,106.7865,-0.1584,0.2037
81.7000,11.0599,-71.5652,22.0468,103.2465,-0.5739,0.5740
81.7101,10.3513,-69.2459,22.0468,103.2465,-0.5739,0.5740
81.7202,9.6591,-67.0486,24.1287,95.9222,-0.5739,0.5740
81.7301,8.4012,-63.2645,25.1285,95.9222,-0.5739,0.5740
81.7400,8.4012,-63.2645,26.1612,99.2181,-0.7158,0.7753
81.7505,7.8134,-61.1893,27.2268,102.8192,-0.8657,0.8119
81.7604,7.8134,-61.1893,28.3310,107.9462,-0.8657,0.8119
81.7700,6.6379,-57.8323,30.6051,111.7914,-0.8657,0.8119
81.7800,6.0611,-55.5130,30.6051,111.7914,-0.8657,0.8119
81.7900,5.5832,-51.9119,31.7367,111.0590,-0.8366,0.7924
81.8000,4.7098,-48.0057,32.8024,104.0399,-0.8366,0.7924
81.8100,4.7098,-48.0057,33.8296,103.3075,-0.8366,0.7924
81.8200,4.3088,-44.4656,34.9008,111.2421,-0.8366,0.7924
81.8302,3.9682,-39.2166,36.0434,118.9325,-0.9724,1.0364
81.8400,3.6716,-35.6766,38.4604,131.2006,-0.9724,1.0364
81.8502,3.3969,-33.9676,38.4604,131.2006,-0.9724,1.0364
81.8600,3.3969,-33.9676,39.8446,141.5155,-1.6149,1.6171
81.8704,3.1552,-31.0989,41.2179,137.7313,-1.6149,1.6171
81.8801,2.6114,-22.6151,42.3550,108.3124,-2.2541,2.1362
81.8901,2.4301,-15.2908,43.1296,64.9164,-2.3970,2.3296
81.9000,2.4301,-15.2908,42.8988,-61.8536,-2.3970,2.3296
81.9100,2.4301,-15.2908,42.8988,-61.8536,-2.3970,2.3296
81.9200,2.4081,10.7101,41.8551,-120.2032,-2.3970,2.3296
81.9300,2.5620,15.6540,40.0149,-200.8307,-2.3970,2.3296
81.9400,2.8751,13.7009,36.7795,-340.9064,-2.4825,2.4339
81.9500,2.8751,13.7009,32.9287,-360.6207,-2.4825,2.4339
81.9601,2.8751,13.7009,29.9569,-258.1427,-2.7913,2.8164
81.9700,2.8751,13.7009,28.1936,-138.6969,-2.7913,2.8164
81.9803,3.3145,13.1516,27.2323,-14.2462,-3.3177,3.3202
81.9900,3.3145,13.1516,27.2323,-14.2462,-3.3177,3.3202
82.0000,3.8199,39.5187,26.9796,-28.3453,-3.6561,3.6746
82.0100,5.0998,77.9709,26.4578,-52.8815,-3.6561,3.6746
82.0200,5.0998,77.9709,26.4578,-52.8815,-3.9095,3.8808
82.0300,5.8963,82.9147,24.8758,-84.2535,-3.9095,3.8808
82.0400,6.6269,74.0036,23.1509,-92.8595,-3.8347,3.8302
82.0500,7.2751,64.0549,22.2665,-87.3053,-3.8347,3.8302
82.0603,7.8024,53.7399,22.2665,-87.3053,-3.7948,3.7637
82.0701,8.7582,58.0124,21.4425,-77.4786,-3.7948,3.7637
82.0800,9.4009,69.3649,20.6350,-76.0748,-3.3168,3.3184
82.0903,9.4009,69.3649,19.8166,-82.0563,-3.3168,3.3184
82.1000,10.2139,87.1262,19.0201,-82.8497,-3.3168,3.3184
82.1101,11.1807,99.3332,18.2126,-80.3473,-3.3168,3.3184
82.1200,12.2354,108.3054,16.5042,-82.4225,-3.1570,3.2293
82.1300,12.2354,108.3054,16.5042,-82.4225,-3.1048,3.1622
82.1402,16.1026,129.5456,16.5042,-82.4225,-3.1048,3.1622
82.1500,17.3441,121.9162,14.8452,-84.6198,-3.1048,3.1622
82.1600,17.3441,121.9162,13.9938,-86.0236,-2.9535,2.8945
82.1705,18.5196,116.7892,13.0984,-88.1598,-2.9535,2.8945
82.1801,19.6787,115.4465,12.1481,-89.5636,-2.6644,2.6877
82.1905,20.8267,114.2258,10.2804,-84.4977,-2.6644,2.6877
82.2002,21.8649,111.1130,10.2804,-84.4977,-2.3110,2.3479
82.2103,22.8757,108.7326,9.3960,-81.7511,-2.3110,2.3479
82.2200,24.9686,102.3849,8.4732,-83.5211,-1.2140,1.2255
82.2301,24.9686,102.3849,7.5284,-87.4274,-1.2140,1.2255
82.2402,25.9793,101.0422,6.6494,-86.5118,-1.2140,1.2255
82.2500,26.9791,100.9811,5.8365,-83.5822,-1.2140,1.2255
82.2603,27.9733,99.5773,4.2050,-86.3287,-0.2848,0.3160
82.2701,28.9182,94.6335,4.2050,-86.3287,-0.2848,0.3160
82.2800,29.7916,88.1638,4.2050,-86.3287,0.0221,-0.1055
82.2900,31.3901,82.2433,2.6394,-76.8073,0.0221,-0.1055
82.3000,31.3901,82.2433,1.9198,-72.9010,0.4244,-0.3916
82.3100,32.2141,86.8820,1.2167,-71.2531,0.7628,-0.7765
82.3200,33.0820,91.0934,0.5136,-70.3375,0.7628,-0.7765
82.3300,33.9719,92.4362,-0.8267,-64.1730,0.7821,-0.7735
82.3400,34.8013,83.4641,-0.8267,-64.1730,0.7821,-0.7735
82.3500,35.4990,71.5012,-1.4530,-63.7457,0.7821,-0.7735
82.3602,35.4990,71.5012,-1.4530,-63.7457,1.3085,-1.2511
82.3703,36.8723,86.5768,-2.5846,-55.7501,1.3179,-1.3219
82.3800,37.7347,101.2863,-3.1339,-55.1398,1.3179,-1.3219
82.3901,38.6411,100.0656,-3.7162,-54.7125,1.3179,-1.3219
82.4000,39.3771,76.5060,-4.6170,-44.5197,1.3179,-1.3219
82.4101,39.9539,64.7263,-4.6170,-44.5197,1.3179,-1.3219
82.4204,40.3110,34.1476,-4.6170,-44.5197,1.8401,-1.8166
82.4300,39.4650,-79.9881,-5.2872,-28.9557,2.1380,-2.0191
82.4400,39.4650,-79.9881,-5.4685,-14.0631,2.1380,-2.0191
82.4500,38.3444,-123.9944,-5.5564,-6.3116,2.1380,-2.0191
82.4600,36.6745,-185.1517,-5.5783,-0.3912,3.1260,-3.1080
82.4700,34.3619,-243.5013,-5.1828,35.8636,3.1260,-3.1080
82.4800,31.8021,-259.3094,-5.1828,35.8636,3.1260,-3.1080
82.4900,29.5059,-221.8948,-4.7049,51.4276,3.1260,-3.1080
82.5005,27.8580,11.5036,-4.0567,64.0619,3.1260,-3.1080
82.5100,27.8580,11.5036,-3.2108,80.7855,3.1260,-3.1080
82.5200,28.1821,31.3400,-2.1891,93.7860,3.1260,-3.1080
82.5301,27.9898,-28.7186,-1.3596,64.7333,3.1260,-3.1080
82.5400,27.1988,-87.6175,-0.1456,54.7845,3.1260,-3.1080
82.5500,27.1988,-87.6175,-0.1456,54.7845,3.1260,-3.1080
82.5602,25.5783,-54.4144,0.6399,56.7987,3.1260,-3.1080
82.5700,25.5783,-54.4144,1.5738,66.3202,3.1260,-3.1080
82.5800,24.6060,-46.6629,2.5241,70.2875,3.1260,-3.1080
82.5900,24.0073,-64.0579,3.3041,56.1273,3.1260,-3.1080
82.6000,23.2327,-78.7674,3.9193,40.2582,3.5828,-3.6271
82.6100,22.4252,-79.4388,4.9740,36.2909,3.5828,-3.6271
82.6200,21.6837,-71.6873,4.9740,36.2909,3.5828,-3.6271
82.6300,21.6837,-71.6873,5.5893,51.3666,3.5828,-3.6271
82.6400,20.3159,-68.2083,5.5893,51.3666,3.5828,-3.6271
82.6500,19.5908,-71.6873,7.5284,93.3588,3.5828,-3.6271
82.6603,18.8272,-71.0770,8.7588,112.7069,3.8220,-3.8021
82.6702,18.1186,-68.5135,10.0937,125.6464,3.8220,-3.8021
82.6800,17.3990,-69.1238,10.0937,125.6464,3.7948,-3.8271
82.6900,16.6629,-72.8470,12.7304,123.3270,3.7948,-3.8271
82.7000,15.8829,-75.7156,14.0432,125.2191,3.7558,-3.6978
82.7100,14.3723,-72.4808,15.3836,128.8202,3.7558,-3.6978
82.7203,14.3723,-72.4808,16.7184,128.2709,3.4587,-3.4569
82.7302,13.6417,-69.6121,17.9928,122.9608,3.4587,-3.4569
82.7401,12.9166,-71.9925,19.1409,117.4677,2.9887,-3.0067
82.7500,12.9166,-71.9925,21.6073,123.5712,2.9887,-3.0067
82.7600,11.5213,-64.9734,21.6073,123.5712,2.7960,-2.8688
82.7700,10.8951,-63.5086,22.8213,119.0546,2.7960,-2.8688
82.7802,9.4559,-74.0067,23.9804,113.8055,2.6184,-2.6078
82.7900,9.4559,-74.0067,25.0955,109.8993,2.6184,-2.6078
82.8000,8.7582,-74.6780,26.2271,113.8666,2.5060,-2.4662
82.8101,8.7582,-74.6780,28.6715,125.6464,2.5060,-2.4662
82.8201,7.4289,-68.7576,29.9460,126.9891,2.1535,-2.1344
82.8300,6.8411,-64.6683,29.9460,126.9891,2.1535,-2.1344
82.8400,6.3083,-59.2972,31.2259,127.8436,2.1535,-2.1344
82.8500,5.8579,-51.4847,32.5223,128.7592,2.1535,-2.1344
82.8602,5.4733,-46.1136,33.8681,134.1913,1.7310,-1.5982
82.8700,5.4733,-46.1136,35.2359,134.0692,1.7310,-1.5982
82.8800,5.4733,-46.1136,36.5323,125.4633,1.7310,-1.5982
82.8900,5.4733,-46.1136,38.8284,111.1810,1.7310,-1.5982
82.9005,5.4733,-46.1136,38.8284,111.1810,1.6069,-1.6263
82.9100,3.0563,-52.8275,39.9160,112.7679,1.6069,-1.6263
82.9200,2.6663,-45.1981,41.0751,119.9091,0.9842,-0.9656
82.9300,2.6663,-45.1981,42.3330,128.3319,0.9842,-0.9656
82.9400,2.3367,-39.2776,43.6294,125.2802,0.1476,-0.0824
82.9500,1.7270,-38.1180,44.6347,92.5043,0.1476,-0.0824
82.9607,1.7270,-38.1180,45.1400,-15.2838,-0.8554,0.8564
82.9701,1.0623,-26.2161,45.1400,-15.2838,-0.8554,0.8564
82.9802,0.8591,-16.4505,44.5907,-68.5675,-1.6563,1.6293
82.9902,0.7437,-8.0887,44.5907,-68.5675,-1.6563,1.6293
83.0000,0.6998,-1.0086,41.6684,-204.5538,-2.0163,1.9734
83.0100,0.6998,-1.0086,38.7954,-293.4210,-2.0163,1.9734
83.0201,0.7987,10.0998,35.4666,-315.0275,-2.2790,2.2607
83.0301,0.9415,15.8981,30.1327,-204.7369,-2.3462,2.3296
83.0400,0.9415,15.8981,30.1327,-204.7369,-2.3462,2.3296
83.0501,0.9415,15.8981,28.7100,-117.2125,-2.3462,2.3296
83.0602,0.9415,15.8981,28.1772,-20.1056,-2.3462,2.3296
83.0702,0.9415,15.8981,28.3749,34.3988,-2.3462,2.3296
83.0800,1.4853,33.4152,28.3914,-7.1051,-2.6231,2.5876
83.0900,2.7982,34.6359,27.8640,-55.6281,-2.8576,2.8853
83.1000,3.1497,39.8849,26.0843,-87.9767,-2.8576,2.8853
83.1100,3.6112,52.2141,26.0843,-87.9767,-2.9098,2.9195
83.1200,4.1605,58.1955,26.0843,-87.9767,-2.9098,2.9195
83.1300,4.7372,56.7307,24.6176,-66.1261,-2.9098,2.9195
83.1400,5.2536,54.0451,24.0957,-62.7081,-3.1875,3.2403
83.1502,5.7755,58.3176,23.3761,-80.4083,-3.2186,3.1775
83.1605,6.4346,73.6374,22.3434,-94.2023,-3.2186,3.1775
83.1700,7.3740,100.6149,20.6790,-74.1827,-3.2186,3.1775
83.1800,8.5495,121.0007,20.6790,-74.1827,-3.4597,3.4874
83.1900,9.8624,133.0246,20.0198,-65.8820,-3.4597,3.4874
83.2000,11.2576,141.5085,19.3716,-64.4781,-3.6162,3.6136
83.2101,12.7243,147.8561,18.7069,-63.9288,-3.6162,3.6136
83.2200,14.1745,142.5461,18.0148,-63.8678,-3.3441,3.3739
83.2300,15.5093,130.2170,17.2787,-66.4313,-3.3036,3.2708
83.2400,16.7673,124.7849,15.7516,-69.9713,-3.3036,3.2708
83.2501,18.0032,122.4655,15.7516,-69.9713,-3.3036,3.2708
83.2601,19.2172,120.0851,14.8892,-78.0890,-3.0470,3.0665
83.2700,20.4147,119.2307,14.0487,-83.5822,-3.0470,3.0665
83.2800,21.5903,117.1555,13.2138,-84.1925,-2.7580,2.7444
83.2902,22.7274,112.6389,12.3074,-86.2677,-2.5568,2.5968
83.3000,23.7216,107.6340,11.3900,-85.1080,-2.5568,2.5968
83.3100,24.7818,106.1691,9.6158,-79.3097,-2.5568,2.5968
83.3200,25.8365,106.0471,9.6158,-79.3097,-2.3782,2.4095
83.3300,26.8912,105.8029,8.7478,-82.1173,-2.3782,2.4095
83.3404,27.9294,105.3146,7.9019,-83.6432,-2.2551,2.3204
83.3500,28.9621,104.5822,7.0999,-82.0563,-2.2551,2.3204
83.3600,29.9619,101.5915,6.3089,-81.2018,-1.7785,1.8044
83.3700,30.9287,98.8449,4.7378,-78.3942,-1.7785,1.8044
83.3802,31.8735,98.4787,3.9962,-74.6100,-1.5322,1.4927
83.3902,32.8403,101.9577,3.9962,-74.6100,-1.5322,1.4927
83.4000,33.8510,106.6574,3.2876,-71.1920,-0.4437,0.3501
83.4100,35.9000,103.4836,2.5351,-70.3986,-0.0268,-0.0317
83.4200,35.9000,103.4836,1.7660,-73.4503,-0.0268,-0.0317
83.4300,36.8173,93.7180,1.0409,-74.5490,-0.0268,-0.0317
83.4405,37.7017,93.0466,0.3433,-71.9244,-0.0268,-0.0317
83.4501,37.7017,93.0466,-0.9201,-65.5157,-0.0268,-0.0317
83.4604,39.7617,120.2072,-0.9201,-65.5157,-0.0268,-0.0317
83.4700,39.7617,120.2072,-1.5409,-63.6847,-0.0268,-0.0317
83.4800,42.4423,52.8854,-2.1396,-62.2198,0.9381,-0.8552
83.4901,42.4423,52.8854,-2.6670,-59.3512,1.2342,-1.2542
83.5000,42.7499,30.7907,-3.1504,-55.5060,1.2342,-1.2542
83.5100,42.7829,-2.4124,-3.6173,-56.2994,1.2342,-1.2542
83.5201,42.4863,-32.8079,-4.4742,-43.8483,1.5501,-1.6110
83.5300,42.0029,-49.5316,-4.4742,-43.8483,1.5501,-1.6110
83.5400,41.4755,-53.3157,-4.7928,-31.0919,2.3571,-2.3985
83.5500,40.0363,-102.2659,-5.0565,-27.1857,2.3571,-2.3985
83.5600,40.0363,-102.2659,-5.2487,-18.5797,2.7345,-2.8194
83.5701,38.2510,-199.3729,-5.2323,2.0502,2.7345,-2.8194
83.5800,35.8176,-248.5062,-4.9796,25.4877,2.7345,-2.8194
83.5900,33.2907,-251.0086,-4.0238,52.0380,2.7345,-2.8194
83.6000,31.1044,-205.6595,-4.0238,52.0380,3.2078,-3.2049
83.6102,29.8026,-99.8245,-3.3701,63.6346,3.2942,-3.2739
83.6201,30.4343,76.4450,-2.5461,74.9872,3.2942,-3.2739
83.6301,30.4343,76.4450,-1.7276,70.8978,3.2942,-3.2739
83.6400,30.7254,16.5695,-0.8377,83.5931,3.7746,-3.8119
83.6502,30.0937,-79.3167,0.0577,75.4755,3.7746,-3.8119
83.6600,28.6929,-136.8118,0.9091,64.6112,3.9945,-3.9973
83.6702,27.3142,-127.7176,1.7276,63.8788,3.9945,-3.9973
83.6800,26.3474,-88.4109,2.5680,69.0057,4.2563,-4.2767
83.6902,25.4794,-37.3245,3.3975,70.5927,4.2563,-4.2767
83.7000,25.4794,-37.3245,4.1665,66.0760,4.2883,-4.2895
83.7102,25.0015,-50.6302,4.8752,58.9960,4.2620,-4.2987
83.7200,25.0015,-50.6302,6.3199,60.8270,4.2620,-4.2987
83.7300,23.4525,-81.5140,7.1328,69.6161,4.2620,-4.2987
83.7400,22.6889,-72.8470,7.1328,69.6161,4.3188,-4.3048
83.7500,22.0627,-60.0906,8.0447,82.9218,4.3188,-4.3048
83.7600,21.4969,-55.8182,9.0884,96.1664,4.2197,-4.1834
83.7700,20.8872,-61.6776,10.2530,109.7772,4.2197,-4.1834
83.7800,20.2390,-63.0203,11.5658,124.7919,3.5734,-3.5045
83.7900,19.6237,-60.8231,12.9941,136.3275,3.5734,-3.5045
83.8002,19.0030,-62.5931,14.4058,134.8016,3.5734,-3.5045
83.8100,18.3438,-64.9734,15.7296,126.9891,3.5734,-3.5045
83.8201,17.6572,-66.5604,17.0150,123.3270,2.5958,-2.5431
83.8300,16.2564,-68.5135,18.2895,122.3505,2.5958,-2.5431
83.8400,16.2564,-68.5135,19.5529,120.5804,2.4835,-2.5260
83.8500,15.5588,-67.5980,20.7889,118.5663,2.4835,-2.5260
83.8600,15.5588,-67.5980,21.9864,114.7211,2.4835,-2.5260
83.8700,14.1800,-70.1614,24.1067,110.9979,2.4835,-2.5260
83.8800,13.4439,-73.5794,24.1067,110.9979,2.2682,-2.1637
83.8903,12.6968,-73.2132,25.2658,112.6459,2.2682,-2.1637
83.9000,11.2576,-67.0486,26.4413,115.2094,1.6149,-1.5695
83.9100,11.2576,-67.0486,27.6333,116.9183,1.6149,-1.5695
83.9200,10.5875,-65.6448,28.8034,114.7211,0.8507,-0.7967
83.9303,10.5875,-65.6448,31.0611,110.3265,0.8507,-0.7967
83.9405,9.2087,-68.5135,32.2256,115.3314,0.2942,-0.3758
83.9500,8.5605,-62.8372,32.2256,115.3314,0.2942,-0.3758
83.9600,7.9672,-58.9920,32.2256,115.3314,-0.0696,0.0506
83.9700,6.8906,-51.7288,32.2256,115.3314,-0.0696,0.0506
83.9801,6.8906,-51.7288,36.0379,119.3597,-0.0696,0.0506
83.9900,6.4072,-50.6912,37.0541,101.7206,-0.1786,0.1763
84.0000,6.4072,-50.6912,37.9220,91.1615,-0.1786,0.1763
84.0101,6.4072,-50.6912,39.6689,102.2089,-0.1786,0.1763
84.0200,4.9680,-51.3016,39.6689,102.2089,-0.7924,0.7003
84.0303,4.9680,-51.3016,40.8774,132.6654,-0.7924,0.7003
84.0400,4.9680,-51.3016,42.4759,168.0048,-1.4377,1.4744
84.0500,4.1110,-46.0526,44.1952,165.9296,-1.4377,1.4744
84.0600,3.4189,-26.5213,45.5630,123.5712,-2.0577,2.0057
84.0700,3.2321,-16.0233,46.3760,61.0101,-2.0577,2.0057
84.0801,3.1497,-6.1356,45.8706,-81.9952,-2.4633,2.4168
84.0902,3.1497,-6.1356,45.8706,-81.9952,-2.4633,2.4168
84.1000,3.1387,-2.5345,44.6017,-141.8097,-3.4301,3.4923
84.1100,2.9355,-15.6570,42.7176,-212.2443,-3.4301,3.4923
84.1201,2.9355,-15.6570,39.5535,-333.3380,-3.4301,3.4923
84.1300,2.9355,-15.6570,35.4831,-385.3400,-3.4301,3.4923
84.1405,2.7817,-16.5115,30.0998,-162.1954,-3.5805,3.4923
84.1500,2.5345,-8.6380,29.3747,-41.7120,-3.5805,3.4923
84.1600,2.5345,2.2873,29.3747,-41.7120,-3.6030,3.5783
84.1701,2.5345,2.2873,29.3747,-41.7120,-3.6030,3.5783
84.1804,2.6334,11.6257,29.6878,24.6332,-3.6030,3.5783
84.1900,2.9849,17.1799,29.6878,24.6332,-3.6030,3.5783
84.2000,3.1772,20.5978,28.9682,-67.2247,-2.7556,2.6828
84.2101,3.4793,36.2839,28.1717,-80.9576,-2.7556,2.6828
84.2200,3.8858,44.9509,27.2104,-96.3995,-2.2527,2.2344
84.2300,4.3362,48.6740,26.3040,-88.5260,-2.2527,2.2344
84.2402,4.7702,45.2560,25.6833,-67.2858,-1.9867,2.0100
84.2500,5.7755,55.3879,25.0351,-63.6237,-1.9867,2.0100
84.2600,5.7755,55.3879,24.1122,-78.9435,-1.9547,2.0069
84.2700,6.3028,57.9514,24.1122,-78.9435,-1.9547,2.0069
84.2801,6.9125,71.3181,22.2555,-82.1783,-1.6422,1.5634
84.2900,7.7860,94.2673,20.8108,-69.5441,-1.6422,1.5634
84.3003,8.8242,106.7184,20.8108,-69.5441,-0.8733,0.8211
84.3105,8.8242,106.7184,20.8108,-69.5441,-0.8733,0.8211
84.3205,11.0928,117.6437,19.3441,-71.8634,-0.5085,0.4740
84.3300,12.3178,123.6252,18.5696,-74.7931,-0.5085,0.4740
84.3400,13.5318,119.1086,18.5696,-74.7931,-0.0898,-0.0183
84.3504,14.6469,109.2209,16.9052,-82.3004,-0.0898,-0.0183
84.3600,15.7071,105.4367,15.1968,-83.5211,0.6293,-0.5893
84.3700,16.7618,105.9250,15.1968,-83.5211,0.6293,-0.5893
84.3800,17.8330,107.8781,15.1968,-83.5211,0.6293,-0.5893
84.3900,19.9423,102.5681,15.1968,-83.5211,0.6293,-0.5893
84.4002,19.9423,102.5681,15.1968,-83.5211,0.8140,-0.8290
84.4100,20.9476,100.6760,11.6922,-84.4977,0.8140,-0.8290
84.4200,21.7716,99.3332,10.7803,-85.5353,1.4011,-1.2956
84.4300,22.5790,99.0891,9.8629,-86.9391,1.4011,-1.2956
84.4403,23.5568,98.2346,8.9676,-88.0377,1.5252,-1.5555
84.4500,24.5236,97.2580,8.0832,-89.4415,1.5252,-1.5555
84.4600,26.3968,93.5959,7.2098,-88.3429,1.5252,-1.5555
84.4700,26.3968,93.5959,6.3638,-85.5353,1.5252,-1.5555
84.4800,27.3032,92.6193,6.3638,-85.5353,2.6861,-2.7828
84.4900,28.2095,92.6193,4.7763,-76.3190,2.6861,-2.7828
84.5001,29.1104,91.4597,3.2492,-66.8585,3.1189,-3.0714
84.5102,29.9948,90.2390,3.2492,-66.8585,3.1189,-3.0714
84.5200,30.8682,88.2248,2.5296,-61.7926,3.3285,-3.3477
84.5303,32.2525,55.4489,1.8264,-62.7692,3.3285,-3.3477
84.5400,32.2525,55.4489,1.1947,-56.7877,3.5889,-3.5472
84.5504,32.6535,38.7863,0.7058,-42.6886,3.5889,-3.5472
84.5600,33.0710,49.8947,0.3323,-35.9747,3.8667,-3.8454
84.5700,33.7851,84.6237,-0.3379,-36.7682,3.8667,-3.8454
84.5805,34.7684,109.8923,-0.3379,-36.7682,4.2042,-4.2249
84.5900,35.8505,116.8503,-0.3379,-36.7682,4.2042,-4.2249
84.6000,38.0698,118.2541,-0.7279,3.1488,4.2323,-4.2676
84.6104,38.0698,118.2541,-0.9201,-16.4435,4.2323,-4.2676
84.6200,39.1794,109.1599,-1.1563,-33.9606,4.2291,-4.2322
84.6300,40.0583,79.9850,-1.4145,-17.8473,4.2291,-4.2322
84.6404,40.5582,36.0397,-1.5409,-0.2692,3.5438,-3.4874
84.6500,40.4923,-25.0565,-1.5409,-0.2692,3.4150,-3.4709
84.6600,39.5035,-128.1448,-1.6672,-8.0817,3.4150,-3.4709
84.6700,37.2348,-251.8021,-1.8430,-11.4996,3.4150,-3.4709
84.6800,34.1586,-311.8607,-1.9364,-1.6730,2.5639,-2.4681
84.6900,31.0111,-305.8792,-1.7716,24.4501,2.5639,-2.4681
84.7004,28.5721,-217.6224,-0.7279,56.6766,2.5639,-2.4681
84.7101,27.4789,-74.2508,-0.1786,44.6527,2.0929,-2.1008
84.7200,27.6328,41.0446,-0.1786,44.6527,2.0929,-2.1008
84.7307,28.4293,91.2155,0.2664,26.5253,2.0929,-2.1008
84.7402,28.9786,38.6032,0.5740,7.9095,2.0929,-2.1008
84.7500,28.5996,-57.7713,0.7223,-2.2223,2.0929,-2.1008
84.7600,27.6383,-100.7401,0.8212,-11.6827,0.5936,-0.5588
84.7700,27.6383,-100.7401,1.3101,-1.3068,0.5936,-0.5588
84.7800,26.2705,-36.6531,1.3101,-1.3068,-0.3511,0.3453
84.7901,26.0233,-23.9578,1.7990,19.2621,-0.3511,0.3453
84.8000,25.6442,-43.7943,2.3922,33.8495,-1.1454,1.1041
84.8102,25.0400,-65.0345,2.9855,42.8827,-1.1454,1.1041
84.8201,25.0400,-65.0345,3.6557,56.4935,-1.1454,1.1041
84.8300,23.6887,-60.2127,4.4467,67.4799,-1.2375,1.1041
84.8400,23.1558,-51.9119,5.3256,86.8280,-1.2375,1.1041
84.8500,22.6395,-51.9730,7.4020,101.1102,-1.2375,1.1041
84.8600,22.0737,-58.5648,7.4020,101.1102,-1.3997,1.3371
84.8700,21.4255,-66.1331,8.5666,110.5707,-1.3997,1.3371
84.8800,20.7114,-67.2928,9.8080,117.8949,-2.0765,2.1344
84.8905,19.9753,-65.0955,10.9945,114.2328,-2.0765,2.1344
84.9001,19.9753,-65.0955,12.1151,109.7772,-2.5201,2.5474
84.9106,18.4757,-69.9783,14.3454,109.7772,-2.5201,2.5474
84.9201,17.6737,-73.8846,15.4605,109.5331,-2.9699,2.9975
84.9300,16.9156,-75.1053,15.4605,109.5331,-2.9699,2.9975
84.9402,16.1740,-73.0911,16.5756,109.7162,-3.3271,3.3599
84.9500,15.4489,-72.8470,17.6687,109.7162,-3.3271,3.3599
84.9600,14.7018,-74.9222,18.7564,109.3500,-3.3271,3.3599
84.9704,13.9163,-72.7249,19.7506,109.7162,-3.3271,3.3599
84.9800,13.1802,-68.6356,20.6460,108.6176,-3.7816,3.7838
84.9900,12.4551,-69.0018,21.7062,105.6879,-3.7816,3.7838
85.0000,11.7191,-71.2601,22.7444,100.9271,-3.8860,3.8820
85.0100,10.9830,-70.4056,23.7607,97.4481,-3.8860,3.8820
85.0200,10.2908,-66.1942,23.7607,97.4481,-3.8540,3.8747
85.0305,9.6262,-65.2176,25.7602,92.3212,-3.8540,3.8747
85.0402,8.9670,-64.5462,26.7160,87.3773,-3.9555,4.0297
85.0500,8.3518,-60.2737,27.6443,86.1566,-3.9992,3.9485
85.0600,7.7914,-55.4520,29.4790,82.9828,-3.9992,3.9485
85.0703,7.2531,-54.4754,29.4790,82.9828,-3.9992,3.9485
85.0802,6.7203,-55.5740,30.3360,79.1376,-3.6942,3.7735
85.0900,6.2149,-51.8509,31.1764,82.2504,-3.6942,3.7735
85.1000,5.7700,-47.8226,32.0498,89.9408,-3.5358,3.4233
85.1101,5.3470,-47.7615,33.1210,113.0121,-3.5358,3.4233
85.1200,4.9570,-45.1370,34.5273,144.6283,-2.8148,2.8499
85.1300,4.5779,-40.4984,37.9660,182.0428,-2.8148,2.8499
85.1406,4.2154,-40.8646,37.9660,182.0428,-2.4717,2.4803
85.1500,3.8254,-43.8553,39.5425,158.3002,-2.4717,2.4803
85.1600,3.3859,-42.3904,39.5425,158.3002,-2.0586,2.1271
85.1701,2.9739,-39.2166,41.5420,70.5316,-2.0586,2.1271
85.1800,2.5729,-39.5218,41.8826,-3.3820,-1.7959,1.7074
85.1900,2.5729,-39.5218,41.4102,-87.7936,-1.7959,1.7074
85.2000,1.7435,-40.6204,37.1365,-283.4113,-1.7959,1.7074
85.2100,1.3644,-35.9818,37.1365,-283.4113,-1.5891,1.4707
85.2200,1.0239,-32.5638,33.9340,-311.4874,-1.5891,1.4707
85.2302,0.7272,-27.5589,31.1984,-242.0294,-1.5891,1.4707
85.2407,0.5185,-18.3426,29.4076,-146.2653,-1.1985,1.2206
85.2502,0.4471,-3.7552,28.5397,-60.8160,-0.6354,0.6832
85.2605,0.5624,14.5554,28.3584,2.4164,-0.6354,0.6832
85.2700,0.7877,21.9406,28.6606,-3.0157,-0.6354,0.6832
85.2802,0.9525,12.1750,28.6606,-3.0157,-0.6354,0.6832
85.2900,0.9580,-3.7552,28.1827,-51.1115,-0.6354,0.6832
85.3000,1.1118,24.0158,27.3697,-79.9200,0.0047,-0.0610
85.3101,1.5292,45.6223,26.5896,-83.3990,0.3713,-0.4081
85.3206,1.9467,44.1574,25.8920,-77.2345,0.3713,-0.4081
85.3306,2.3477,42.9977,24.4693,-70.2765,0.3713,-0.4081
85.3400,2.7322,40.4343,24.4693,-70.2765,0.7652,-0.6814
85.3505,3.0838,34.3307,23.6123,-80.4694,0.7652,-0.6814
85.3605,3.4409,40.4343,22.7719,-83.0939,1.2897,-1.3268
85.3701,4.0067,62.6511,21.9809,-76.1359,1.2897,-1.3268
85.3800,4.7372,77.2995,21.2558,-72.4738,1.6398,-1.7001
85.3900,5.5173,83.0978,20.5746,-70.5817,1.6398,-1.7001
85.4000,6.3852,92.5583,19.8880,-69.8492,1.6398,-1.7001
85.4100,7.3685,97.6852,19.1519,-72.1686,1.6398,-1.7001
85.4201,8.3353,95.0607,18.3774,-78.0890,2.0633,-2.0655
85.4301,9.2636,92.3141,17.6248,-80.3473,2.0633,-2.0655
85.4404,10.1810,92.2531,16.8887,-78.3331,2.0633,-2.0655
85.4500,11.1093,93.1076,16.8887,-78.3331,2.3702,-2.3833
85.4600,12.0596,95.1218,15.1748,-87.3663,2.3702,-2.3833
85.4703,13.0154,95.3049,14.3234,-85.1691,2.3702,-2.3833
85.4803,13.9768,96.2204,13.5269,-77.6007,2.3702,-2.3833
85.4907,14.9875,102.5070,12.6590,-79.6149,2.3702,-2.3833
85.5000,16.0477,106.7184,11.7196,-84.7418,2.7039,-2.6383
85.5104,17.1133,106.4743,10.8133,-84.1315,2.7039,-2.6383
85.5200,18.0142,104.7653,9.9508,-81.3849,3.0207,-3.0378
85.5301,18.9096,105.5588,9.0609,-82.7277,3.0207,-3.0378
85.5403,19.7995,106.1691,8.1546,-85.6573,3.0696,-3.0146
85.5505,20.8377,104.7043,6.3254,-89.7467,3.0696,-3.0146
85.5600,21.8594,103.1174,6.3254,-89.7467,3.0696,-3.0146
85.5703,22.8702,102.5070,5.3970,-87.5494,3.0696,-3.0146
85.5806,23.8754,101.7136,5.3970,-87.5494,3.2350,-3.1372
85.5900,24.8587,99.9435,3.5952,-83.4601,3.4907,-3.4459
85.6004,25.8255,98.9059,3.5952,-83.4601,3.4907,-3.4459
85.6103,26.7868,97.8683,1.9363,-71.6803,3.4907,-3.4459
85.6200,27.7097,92.6193,0.4532,-71.9244,3.5983,-3.6704
85.6300,28.5062,77.1774,0.4532,-71.9244,3.5983,-3.6704
85.6400,29.1104,58.5007,0.4532,-71.9244,4.1807,-4.1877
85.6500,29.5828,48.2468,-0.6290,-51.1725,4.1807,-4.1877
85.6610,30.0992,61.0031,-1.1563,-56.9098,4.4678,-4.4091
85.6700,30.9012,96.8307,-1.6617,-56.2384,4.4678,-4.4091
85.6802,32.0218,128.2028,-2.2330,-33.0450,3.7107,-3.7546
85.6902,33.2138,131.2546,-2.4637,-26.4532,3.5781,-3.5228
85.7000,33.2138,131.2546,-2.4637,-26.4532,3.5781,-3.5228
85.7100,35.0650,104.4601,-2.6999,-24.9884,3.5781,-3.5228
85.7200,35.8725,89.4455,-2.9856,-28.2233,3.1297,-3.1220
85.7300,36.4163,50.0778,-3.3152,-34.4489,3.1297,-3.1220
85.7400,36.4163,50.0778,-3.5843,-23.9508,3.0470,-3.0714
85.7502,35.7077,-79.8660,-3.6997,-3.9313,3.0470,-3.0714
85.7600,34.4003,-150.4837,-3.9469,-7.8375,2.7331,-2.7426
85.7702,32.1756,-238.8016,-3.9469,-7.8375,2.7331,-2.7426
85.7800,29.4620,-272.6761,-3.9084,13.6469,2.2565,-2.3021
85.7902,26.9736,-243.9285,-3.4854,50.8783,2.2565,-2.3021
85.8000,25.2158,-155.1834,-2.6450,87.6825,1.8551,-1.8349
85.8103,24.8258,0.3342,-2.6450,87.6825,1.8551,-1.8349
85.8200,25.5399,83.6472,-0.5411,83.7762,1.5914,-1.5848
85.8301,25.9518,23.7106,0.0961,6.9940,1.5914,-1.5848
85.8400,25.3970,-74.8001,0.0961,6.9940,1.0401,-1.1273
85.8500,24.2050,-108.3084,0.5026,37.7557,1.0401,-1.1273
85.8600,23.3426,-76.5701,1.2002,41.4178,0.3572,-0.3605
85.8701,22.7548,-57.7713,2.0022,43.6151,0.3572,-0.3605
85.8801,22.2495,-47.4564,2.7987,44.7748,-0.1241,0.2318
85.8904,21.7496,-50.3250,4.2050,51.0614,-0.1241,0.2318
85.9001,20.9256,-76.6312,4.2050,51.0614,-0.9085,0.9303
85.9100,20.0577,-86.6409,4.9576,63.2684,-0.9085,0.9303
85.9200,19.2831,-73.7625,5.8035,77.4896,-1.3762,1.4189
85.9303,18.6185,-65.0955,6.7758,95.1898,-1.3762,1.4189
85.9404,17.9868,-63.1424,7.8744,108.6176,-1.7841,1.8825
85.9500,17.3550,-62.8983,9.0664,117.9559,-1.7841,1.8825
85.9601,17.3550,-62.8983,9.0664,117.9559,-2.2433,2.2344
85.9700,15.9213,-76.0208,12.7524,117.6508,-2.2433,2.2344
85.9800,15.1029,-81.2698,12.7524,117.6508,-2.6033,2.6181
85.9900,14.2679,-79.6219,14.0158,119.2987,-2.6033,2.6181
86.0000,13.4988,-72.7859,14.0158,119.2987,-2.8148,2.8719
86.0100,12.7957,-66.1331,16.4822,114.6600,-2.8148,2.8719
86.0201,12.1530,-61.7996,16.4822,114.6600,-2.8148,2.8719
86.0301,11.5213,-62.4100,18.6905,104.0399,-2.8148,2.8719
86.0401,10.8786,-64.1190,20.6241,98.9130,-3.4658,3.4355
86.0500,10.2634,-60.5179,20.6241,98.9130,-3.4658,3.4355
86.0600,9.7031,-57.6492,20.6241,98.9130,-3.8634,3.8759
86.0700,9.1373,-60.5179,22.6565,96.6547,-3.9330,3.8576
86.0800,8.5165,-64.4852,23.6892,99.0350,-3.9330,3.8576
86.0906,7.8629,-64.4241,24.7439,102.9413,-3.9330,3.8576
86.1000,7.2202,-63.7527,25.8041,103.0634,-3.8620,3.7826
86.1104,7.2202,-63.7527,26.8368,99.8285,-3.8620,3.7826
86.1200,6.1270,-51.7899,27.8311,94.1522,-3.3544,3.3050
86.1300,5.6491,-46.6019,28.7924,92.0160,-3.3544,3.3050
86.1403,5.2646,-45.8694,29.7757,96.1664,-2.9403,2.8871
86.1500,4.8032,-45.1981,30.7974,101.2933,-2.9403,2.8871
86.1600,4.3582,-44.0994,31.7752,93.6029,-2.8115,2.7798
86.1700,4.3582,-44.0994,32.6101,82.1893,-2.8115,2.7798
86.1800,3.7705,-32.9300,34.1812,97.9364,-2.5201,2.4925
86.1900,3.5288,-28.2303,34.1812,97.9364,-2.5418,2.4107
86.2000,3.2376,-29.3900,35.3897,141.0272,-2.5418,2.4107
86.2103,2.9904,-29.2068,35.3897,141.0272,-2.5418,2.4107
86.2202,2.9904,-29.2068,39.2019,226.9647,-2.1676,2.2235
86.2300,2.7048,-22.4930,39.2019,226.9647,-1.9580,1.9825
86.2400,2.7048,-22.4930,43.1460,169.0424,-1.9580,1.9825
86.2500,2.3203,-16.6946,44.2556,88.6591,-1.9580,1.9825
86.2600,2.3203,-16.6946,44.3765,-20.2277,-1.9453,1.9532
86.2700,1.9962,-16.6946,43.4042,-125.0250,-1.9453,1.9532
86.2806,1.8643,-11.3846,43.4042,-125.0250,-1.9453,1.9532
86.2900,1.8259,-2.2293,38.8614,-281.7023,-1.9453,1.9532
86.3000,1.8533,2.5314,35.3238,-350.0006,-1.6196,1.5769
86.3101,1.8533,2.5314,31.7312,-349.1461,-1.3616,1.3743
86.3200,1.8533,2.5314,28.8968,-244.8981,-1.3616,1.3743
86.3300,1.7545,-11.9339,27.5949,-83.3990,-1.3616,1.3743
86.3400,1.5677,-22.3099,27.6333,36.8402,-1.3616,1.3743
86.3500,1.3315,-23.3475,28.1222,46.0565,-1.3616,1.3743
86.3600,1.2436,-3.0228,27.9410,-41.1017,-1.2648,1.2133
86.3704,1.3919,20.9641,27.1499,-86.9391,-1.2648,1.2133
86.3801,1.7105,37.4435,26.2546,-88.8922,-0.7431,0.7784
86.3900,2.1390,46.5378,24.8868,-64.9664,-0.4423,0.3867
86.4000,2.6169,49.7726,24.8868,-64.9664,-0.4423,0.3867
86.4100,3.1223,49.5285,24.2935,-63.3795,-0.4423,0.3867
86.4201,3.6606,58.1345,24.2935,-63.3795,-0.0907,0.0244
86.4300,4.2813,68.1442,23.3981,-73.0841,-0.0907,0.0244
86.4400,5.0394,84.6237,21.6842,-80.2863,0.3478,-0.3898
86.4502,5.0394,84.6237,20.9646,-69.2999,0.3478,-0.3898
86.4600,7.2202,118.4372,19.5364,-74.3658,0.3478,-0.3898
86.4701,8.4232,119.7800,19.5364,-74.3658,0.3478,-0.3898
86.4800,9.6646,125.8224,18.7674,-74.2438,0.3478,-0.3898
86.4900,10.9775,131.9870,17.9818,-76.4410,0.3478,-0.3898
86.5000,12.2409,123.8693,17.1524,-81.7511,1.1853,-1.0980
86.5101,13.3780,110.3806,16.3064,-86.3898,1.1830,-1.1499
86.5200,14.4107,102.0798,15.4385,-91.0895,1.1830,-1.1499
86.5304,15.4269,102.6291,13.5708,-93.7750,1.1830,-1.1499
86.5403,16.4706,104.8874,13.5708,-93.7750,1.7475,-1.7611
86.5500,17.5034,103.3005,12.6315,-92.8595,1.7475,-1.7611
86.5600,18.5086,100.7980,11.6592,-91.6388,2.1737,-2.1789
86.5700,19.3216,99.3332,10.7144,-89.3805,2.1737,-2.1789
86.5800,20.1126,98.1125,9.7915,-87.9156,2.5700,-2.5217
86.5900,20.9750,96.8307,8.8742,-88.8922,2.4755,-2.4845
86.6000,20.9750,96.8307,7.9733,-86.8170,2.4755,-2.4845
86.6100,22.8372,95.0607,7.1109,-84.3756,2.4755,-2.4845
86.6206,24.7324,98.7228,6.2649,-83.5822,2.9981,-2.9237
86.6300,24.7324,98.7228,5.4080,-81.9342,2.9981,-2.9237
86.6402,25.7156,101.6525,5.4080,-81.9342,2.9295,-2.9378
86.6502,26.7374,104.8264,3.6502,-79.7369,2.9295,-2.9378
86.6600,27.7921,107.3288,2.7878,-76.3800,3.1702,-3.1653
86.6700,28.8687,109.5871,2.0022,-69.8492,3.2928,-3.3184
86.6800,29.9124,102.9343,1.2771,-64.2950,3.2928,-3.3184
86.6901,30.8078,86.0275,0.5850,-62.1588,3.2928,-3.3184
86.7000,31.5164,69.1208,-0.0687,-60.7550,3.4268,-3.4740
86.7105,32.1317,65.1535,-0.6235,-53.7970,3.4268,-3.4740
86.7200,32.8897,87.6755,-1.1069,-40.8575,3.8277,-3.8930
86.7303,33.9499,117.7048,-1.4310,-32.1906,3.8277,-3.8930
86.7400,35.0925,121.7331,-1.8320,-15.8942,3.9593,-3.8900
86.7500,36.0648,100.3708,-1.8320,-15.8942,3.9593,-3.8900
86.7601,36.0648,100.3708,-2.0243,-14.3073,3.9579,-3.9223
86.7704,37.7512,85.7834,-2.2385,-16.8707,3.6007,-3.6319
86.7801,38.2950,48.8571,-2.4692,-18.9459,3.6007,-3.6319
86.7906,38.3334,-12.8494,-2.7384,-23.0353,3.6007,-3.6319
86.8000,37.7676,-72.9691,-3.0515,-26.4532,3.3591,-3.4075
86.8100,36.7844,-112.9471,-3.5184,-11.0114,3.3591,-3.4075
86.8200,35.1199,-204.3777,-3.5184,-11.0114,3.3591,-3.4075
86.8300,32.3184,-291.0477,-3.5184,-11.0114,3.3591,-3.4075
86.8401,29.3082,-294.4046,-2.9691,49.7797,3.3591,-3.4075
86.8501,26.9241,-216.1575,-2.9691,49.7797,3.0790,-3.0762
86.8606,25.9244,-60.3958,-1.9254,53.8080,3.0790,-3.0762
86.8701,26.5067,89.8117,-1.9254,53.8080,3.0790,-3.0762
86.8800,27.4954,89.6896,-0.0852,39.2816,2.8350,-2.8518
86.8900,27.5613,-19.6243,-0.0852,39.2816,2.8350,-2.8518
86.9000,26.6110,-108.3694,0.4477,52.2211,2.8350,-2.8518
86.9101,25.3311,-109.7122,0.4477,52.2211,2.8350,-2.8518
86.9200,24.5346,-68.6356,1.9638,58.0804,2.5060,-2.5827
86.9301,24.5346,-68.6356,2.8207,58.0194,2.5060,-2.5827
86.9401,23.5788,-34.9442,3.6612,56.6766,2.5060,-2.5827
86.9500,23.5788,-34.9442,4.4742,56.1273,2.5060,-2.5827
86.9600,22.3978,-75.5325,5.2102,55.2118,1.7559,-1.8105
86.9700,20.8542,-66.7435,5.9298,56.4325,1.7559,-1.8105
86.9800,20.8542,-66.7435,6.7373,68.3954,1.1642,-1.1730
86.9901,20.2609,-58.7479,7.6712,84.5087,1.1642,-1.1730
87.0000,19.6512,-61.9217,8.7149,94.7015,0.6566,-0.6619
87.0101,18.9865,-67.3538,8.7149,94.7015,0.6566,-0.6619
87.0205,18.2559,-71.0770,12.3733,124.8529,0.6566,-0.6619
87.0301,17.5034,-71.7484,12.3733,124.8529,0.6566,-0.6619
87.0400,16.7508,-72.1756,13.6642,124.8529,0.6566,-0.6619
87.0500,15.9982,-72.9080,14.9331,123.1439,0.5513,-0.5710
87.0604,15.2676,-69.7952,16.2021,123.8153,0.5513,-0.5710
87.0700,14.5645,-67.2928,17.4380,120.0922,0.5513,-0.5710
87.0800,14.5645,-67.2928,18.6026,112.0966,0.2435,-0.2227
87.0900,13.2077,-66.0721,19.6023,104.7113,0.2435,-0.2227
87.1001,12.5595,-64.1800,20.4812,102.3920,0.2435,-0.2227
87.1100,11.9333,-63.6307,21.3601,103.2465,0.2435,-0.2227
87.1200,11.2906,-67.7200,22.4313,103.1244,-0.0921,0.1025
87.1300,11.2906,-67.7200,23.5025,103.7347,-0.0921,0.1025
87.1402,9.8184,-75.1663,24.5901,106.9086,-0.7393,0.8552
87.1505,9.0714,-71.8094,25.6997,108.8007,-0.7393,0.8552
87.1600,8.3737,-67.2928,27.8531,102.2089,-0.9691,1.0547
87.1702,7.7200,-63.0203,27.8531,102.2089,-0.9691,1.0547
87.1801,7.1817,-57.7103,28.8803,99.3402,-1.2446,1.2346
87.1900,6.6928,-54.2313,28.8803,99.3402,-1.2446,1.2346
87.2001,6.2094,-54.1092,30.9457,100.2557,-1.2446,1.2346
87.2106,5.7425,-50.9964,30.9457,100.2557,-1.2446,1.2346
87.2204,5.3250,-46.9681,32.9397,88.4760,-1.2657,1.2853
87.2300,4.9295,-46.1746,34.3734,65.5267,-1.2530,1.2468
87.2400,4.5340,-46.2967,34.3734,65.5267,-1.2530,1.2468
87.2501,4.1605,-44.4046,34.3734,65.5267,-1.2530,1.2468
87.2600,3.8254,-40.5594,35.8896,101.5985,-1.3762,1.4390
87.2700,3.5562,-34.5169,37.1255,139.2572,-1.3762,1.4390
87.2800,3.3804,-24.3240,38.7130,170.2020,-1.7663,1.6385
87.2900,3.2816,-11.3846,40.4818,183.1415,-1.7663,1.6385
87.3001,3.2816,-11.3846,42.1628,165.8075,-2.0530,2.0453
87.3100,3.3035,8.9401,43.4042,105.9930,-2.0530,2.0453
87.3200,3.4409,14.6774,43.6899,-4.9689,-2.2706,2.2607
87.3301,3.5892,14.7995,42.9428,-100.3058,-2.2706,2.2607
87.3402,3.5892,14.7995,42.9428,-100.3058,-2.5371,2.5352
87.3500,3.5892,14.7995,39.5645,-209.5587,-2.5371,2.5352
87.3600,3.7759,-6.3187,36.7245,-295.0690,-2.5371,2.5352
87.3700,3.6496,-16.5726,32.8958,-387.3541,-2.5371,2.5352
87.3803,3.5013,-16.0843,29.2264,-324.9152,-3.1119,3.0988
87.3900,3.4738,0.0290,29.2264,-324.9152,-3.1119,3.0988
87.4000,3.5947,14.5554,26.9577,-186.4874,-3.1391,3.1342
87.4101,3.7924,21.0251,25.7876,7.2382,-3.2411,3.2232
87.4201,4.1055,36.2839,25.9689,24.0839,-3.2411,3.2232
87.4301,4.5944,51.7258,25.9689,24.0839,-3.2411,3.2232
87.4400,4.5944,51.7258,24.2715,-87.1222,-3.4399,3.4862
87.4500,5.7370,59.9045,24.2715,-87.1222,-3.4399,3.4862
87.4600,6.2424,49.2233,23.3761,-87.7325,-3.4517,3.5093
87.4702,6.6873,41.1057,22.6510,-78.0890,-3.4517,3.5093
87.4800,7.0169,34.0866,22.0633,-69.2389,-2.9450,2.9518
87.4900,7.4014,47.4533,21.4316,-70.3375,-2.9450,2.9518
87.5000,8.0222,69.9142,20.6405,-78.6993,-2.8656,2.8914
87.5102,8.0222,69.9142,19.0420,-73.9996,-2.8656,2.8914
87.5200,9.8349,99.1501,19.0420,-73.9996,-2.8656,2.8914
87.5300,10.9006,109.0378,18.3609,-71.2531,-2.8656,2.8914
87.5400,12.1256,126.6159,17.6687,-73.2062,-2.7133,2.6242
87.5500,13.4879,137.8464,16.8887,-75.5865,-2.7133,2.6242
87.5600,14.8337,131.9260,16.1252,-73.3893,-2.2870,2.2344
87.5702,16.0312,116.4230,15.3616,-74.1827,-2.2870,2.2344
87.5800,17.1079,105.9860,14.5816,-76.6852,-1.7559,1.7306
87.5904,17.1079,105.9860,13.7356,-82.9718,-1.7559,1.7306
87.6000,19.1293,99.5773,12.8018,-90.3571,-1.0326,1.0626
87.6100,20.1181,98.9670,11.8734,-89.0143,-1.0326,1.0626
87.6200,20.1181,98.9670,10.9726,-87.1832,-0.7088,0.7387
87.6300,21.8979,96.5256,10.0717,-89.0753,-0.7088,0.7387
87.6400,22.8153,92.2531,8.2150,-90.1740,-0.3229,0.4221
87.6501,23.6942,88.7741,7.2812,-89.3195,-0.3229,0.4221
87.6600,24.5566,87.7365,7.2812,-89.3195,-0.3229,0.4221
87.6700,25.4025,86.8820,6.3583,-88.0377,-0.0047,-0.0287
87.6800,26.2485,88.4079,5.4904,-85.9015,-0.0047,-0.0287
87.6902,26.2485,88.4079,4.6609,-81.5680,-0.0047,-0.0287
87.7000,28.0173,92.6193,4.6609,-81.5680,-0.0047,-0.0287
87.7100,28.9182,93.8400,2.9361,-83.2159,-0.0047,-0.0287
87.7200,29.8520,97.0139,1.2387,-77.3566,0.5429,-0.4221
87.7302,30.8353,102.5681,1.2387,-77.3566,0.6058,-0.5203
87.7400,31.8680,106.2912,0.4532,-72.5348,0.6058,-0.5203
87.7500,32.8677,100.3098,-0.3598,-69.7272,0.6058,-0.5203
87.7600,33.7192,85.4782,-1.1563,-69.6661,1.3052,-1.2285
87.7701,34.4498,75.8957,-1.7990,-62.2809,1.3052,-1.2285
87.7800,35.2023,83.4641,-2.3044,-51.7828,1.9359,-2.0148
87.7900,36.1197,103.6057,-3.3426,-48.8531,1.9359,-2.0148
87.8000,37.1634,107.1457,-3.3426,-48.8531,2.9629,-3.0116
87.8100,37.1634,107.1457,-3.7381,-44.7638,2.9629,-3.0116
87.8202,38.0478,92.0090,-4.0842,-40.1251,3.2256,-3.3404
87.8300,38.0478,92.0090,-4.4303,-43.2990,3.2256,-3.3404
87.8400,38.0478,92.0090,-4.8587,-46.4728,3.3074,-3.2574
87.8502,38.0478,92.0090,-5.3256,-44.7638,3.3074,-3.2574
87.8601,39.7287,-3.1448,-5.7431,-38.4161,3.3074,-3.2574
87.8705,38.8004,-67.7200,-6.1222,-34.0216,3.3074,-3.2574
87.8800,38.8004,-67.7200,-6.4792,-31.5802,3.3074,-3.2574
87.8900,38.0698,-80.5984,-6.4792,-31.5802,3.3074,-3.2574
87.9000,35.1914,-204.4388,-6.4792,-31.5802,3.7224,-3.6936
87.9101,35.1914,-204.4388,-6.8582,-1.3068,3.7224,-3.6936
87.9200,35.1914,-204.4388,-6.8582,-1.3068,3.8408,-3.8515
87.9304,32.7744,-244.7220,-6.7649,17.6141,3.8408,-3.8515
87.9400,32.7744,-244.7220,-6.7649,17.6141,3.5024,-3.5185
87.9500,32.7744,-244.7220,-5.9134,60.2167,3.5024,-3.5185
87.9600,28.6270,-152.3758,-2.4308,100.1947,3.5024,-3.5185
87.9701,27.8140,-63.2034,-1.5958,61.5594,3.5024,-3.5185
87.9803,27.8140,-63.2034,-1.5958,61.5594,3.5024,-3.5185
87.9901,26.0397,-70.7718,-0.7224,76.3910,3.5024,-3.5185
88.0001,25.5344,-44.7098,1.9748,61.0712,3.1828,-3.1238
88.0100,25.0620,-49.4705,1.9748,61.0712,3.1828,-3.1238
88.0200,24.5291,-53.3157,2.6724,52.0380,2.9370,-2.9701
88.0305,24.0018,-52.7054,3.3151,49.1083,2.9370,-2.9701
88.0400,23.3206,-62.5931,3.9413,51.7938,2.8576,-2.8762
88.0506,23.3206,-62.5931,4.6060,54.2963,2.8576,-2.8762
88.0600,21.9034,-70.2835,4.6060,54.2963,2.8365,-2.8182
88.0700,21.9034,-70.2835,7.5723,106.5424,2.8365,-2.8182
88.0806,20.5960,-58.5037,7.5723,106.5424,2.8365,-2.8182
88.0900,20.5960,-58.5037,8.6874,106.2982,2.8365,-2.8182
88.1000,20.5960,-58.5037,9.9344,120.2142,2.7702,-2.7657
88.1101,20.5960,-58.5037,11.3351,135.1068,2.7702,-2.7657
88.1201,19.2172,-72.2977,12.7414,137.4261,2.4008,-2.4046
88.1300,17.0474,-66.2552,14.0817,133.7640,2.4008,-2.4046
88.1401,16.3608,-66.3162,16.5921,124.8529,1.8636,-1.8471
88.1500,15.6796,-66.7435,16.5921,124.8529,1.8636,-1.8471
88.1600,14.9985,-68.1473,17.8500,126.0126,1.3715,-1.3420
88.1700,14.3118,-67.2318,19.1299,127.9047,1.2540,-1.2468
88.1800,13.6527,-63.2034,20.3988,125.8295,1.2540,-1.2468
88.1900,13.0209,-62.2879,21.5579,123.4491,1.2540,-1.2468
88.2000,12.3782,-64.9734,22.7005,122.5946,1.0448,-1.0608
88.2100,11.7026,-68.8187,23.9035,120.3973,1.0448,-1.0608
88.2200,11.0104,-71.6873,23.9035,120.3973,1.1097,-1.0687
88.2301,10.3073,-72.4197,26.2985,120.5804,1.1097,-1.0687
88.2406,9.6262,-70.7108,27.5235,122.8998,1.1097,-1.0687
88.2500,9.6262,-70.7108,28.7594,123.4491,1.1369,-1.0687
88.2601,9.6262,-70.7108,28.7594,123.4491,1.1369,-1.0687
88.2700,8.2694,-67.2928,28.7594,123.4491,1.1369,-1.0687
88.2800,7.1213,-60.5789,33.6319,113.3173,0.4484,-0.4941
88.2900,6.6159,-57.5882,33.6319,113.3173,0.4484,-0.4941
88.3000,6.6159,-57.5882,34.7909,110.2655,0.4484,-0.4941
88.3100,5.7590,-46.1746,34.7909,110.2655,0.4484,-0.4941
88.3200,5.7590,-46.1746,35.9115,104.9554,-0.0531,0.1592
88.3300,5.1657,-34.9442,37.8232,87.0721,-0.0531,0.1592
88.3400,5.1657,-34.9442,38.6636,84.7528,-0.0531,0.1592
88.3500,4.6878,-33.0521,40.6247,112.6459,-0.0531,0.1592
88.3601,4.6878,-33.0521,40.6247,112.6459,-0.1349,0.1470
88.3700,4.6878,-33.0521,41.8277,126.1346,-0.1349,0.1470
88.3800,4.0122,-27.1927,43.0856,129.3085,-0.9099,0.9028
88.3904,4.0122,-27.1927,44.1733,105.5048,-0.9099,0.9028
88.4000,3.7540,-25.3006,44.7885,48.9252,-1.8175,1.7922
88.4101,3.3200,-17.2440,44.6621,-29.9933,-2.0539,2.0441
88.4202,3.1882,-12.3001,41.8387,-200.5865,-2.0539,2.0441
88.4300,3.1003,-8.3939,41.8387,-200.5865,-2.0539,2.0441
88.4400,3.1003,-8.3939,39.2294,-271.8756,-2.1498,2.1051
88.4504,3.0838,-0.3983,36.0873,-323.0841,-2.2005,2.2344
88.4601,3.0838,-0.3983,36.0873,-323.0841,-2.2005,2.2344
88.4700,3.4354,25.3586,29.6548,-273.6456,-2.3759,2.4229
88.4801,4.1879,35.3683,27.7707,-143.7018,-2.3759,2.4229
88.4901,4.5230,30.8517,27.5674,41.4178,-2.3759,2.4229
88.5000,4.7702,23.0392,27.5674,41.4178,-2.8811,2.7718
88.5106,5.0009,26.2741,27.4685,-26.3922,-2.8811,2.7718
88.5200,5.3140,37.3825,26.6556,-89.6857,-3.2656,3.1958
88.5300,5.7700,53.1906,25.5514,-103.0524,-3.2656,3.1958
88.5400,5.7700,53.1906,24.5572,-85.7184,-3.5485,3.5783
88.5502,6.9510,61.0641,23.3871,-51.8439,-3.5485,3.5783
88.5602,7.4783,56.6086,22.8763,-58.6798,-3.8300,3.8271
88.5700,7.4783,56.6086,22.8763,-58.6798,-3.8300,3.8271
88.5800,8.9340,86.8210,22.0962,-82.4225,-3.8300,3.8271
88.5900,9.9173,101.5305,21.1514,-95.4840,-3.8300,3.8271
88.6000,11.0324,114.3478,20.3384,-83.0939,-3.8244,3.8546
88.6102,12.2849,129.0573,19.6078,-73.3893,-3.8244,3.8546
88.6201,13.6527,138.1516,18.8443,-76.5631,-3.8244,3.8546
88.6300,15.0479,139.3723,17.3337,-77.4176,-3.8244,3.8546
88.6401,16.3937,131.9260,17.3337,-77.4176,-3.6778,3.6301
88.6500,17.6517,124.0524,16.5536,-76.0748,-3.5133,3.4630
88.6600,17.6517,124.0524,15.6857,-83.0328,-3.5133,3.4630
88.6700,19.9039,106.3522,14.7574,-89.1974,-3.5133,3.4630
88.6800,20.8542,101.5305,14.7574,-89.1974,-2.9295,3.0006
88.6900,21.6837,99.5163,13.0050,-88.3429,-2.9295,3.0006
88.7000,21.6837,99.5163,11.0879,-95.4230,-2.7993,2.7779
88.7109,22.4966,99.5163,11.0879,-95.4230,-2.7993,2.7779
88.7202,23.4799,98.5397,10.1486,-90.1740,-2.7993,2.7779
88.7306,25.4300,98.9670,9.2642,-83.3990,-2.7993,2.7779
88.7400,26.4133,99.5773,8.4292,-79.1876,-2.7993,2.7779
88.7500,26.4133,99.5773,7.6162,-79.3707,-2.7993,2.7779
88.7603,27.4020,100.6760,6.8087,-79.6149,-2.5394,2.5156
88.7700,27.4020,100.6760,6.0287,-77.4176,-2.5394,2.5156
88.7800,30.3409,98.6008,5.3036,-74.2438,-2.5394,2.5156
88.7901,32.1646,92.7414,5.3036,-74.2438,-2.5394,2.5156
88.8000,32.1646,92.7414,3.9029,-73.7555,-2.0102,1.9935
88.8100,32.1646,92.7414,3.1338,-77.8448,-1.8574,1.8629
88.8200,32.1646,92.7414,2.3428,-78.7604,-1.8574,1.8629
88.8300,32.1646,92.7414,1.6012,-73.2672,-1.7761,1.7641
88.8406,32.1646,92.7414,0.2774,-62.5861,-1.7761,1.7641
88.8501,32.1646,92.7414,0.2774,-62.5861,-1.4871,1.4969
88.8600,35.3287,66.8015,0.2774,-62.5861,-1.4871,1.4969
88.8700,35.8890,56.7307,-0.4203,-65.1495,-1.4871,1.4969
88.8800,36.4658,62.9562,-1.5903,-59.2291,-1.0989,1.1133
88.8900,38.2675,114.1037,-2.0627,-53.4918,-0.7252,0.7491
88.9001,39.3607,112.2116,-2.5626,-54.1022,-0.7252,0.7491
88.9100,39.3607,112.2116,-3.3866,-42.0782,-0.7252,0.7491
88.9200,41.3217,50.8102,-3.3866,-42.0782,0.8803,-0.8320
88.9300,41.4096,3.9963,-3.7052,-32.1906,0.8803,-0.8320
88.9405,40.9592,-52.7054,-3.9579,-25.9650,1.1383,-1.1590
88.9502,40.0803,-91.8900,-4.1666,-24.2560,1.1383,-1.1590
88.9601,40.0803,-91.8900,-4.3039,-15.8331,1.1383,-1.1590
88.9700,40.0803,-91.8900,-4.2984,3.7592,1.1383,-1.1590
88.9800,37.2678,-94.0872,-4.2160,9.4354,1.7000,-1.7568
88.9902,36.0922,-135.7132,-4.1666,2.9657,1.7000,-1.7568
89.0001,34.0762,-222.2000,-4.0073,18.4076,1.7677,-1.8532
89.0100,31.6098,-248.0179,-3.6228,41.1737,2.0187,-2.0685
89.0200,31.6098,-248.0179,-3.1064,48.8031,2.0187,-2.0685
89.0300,29.3301,-210.2982,-2.4527,60.1556,2.1512,-2.1301
89.0400,28.4952,29.8752,-1.6727,60.7660,2.1512,-2.1301
89.0504,28.4018,-17.4881,-0.7169,84.2645,2.1512,-2.1301
89.0600,28.4018,-17.4881,0.4147,91.7108,2.6400,-2.6980
89.0700,28.4018,-17.4881,0.4147,91.7108,2.6400,-2.6980
89.0800,27.6547,-80.1712,0.4147,91.7108,3.1556,-3.2049
89.0900,24.8642,-62.5931,2.9745,54.3573,3.3511,-3.2678
89.1000,24.8642,-62.5931,3.6392,53.8080,3.3511,-3.2678
89.1100,23.6447,-49.5316,4.3203,53.8080,3.3511,-3.2678
89.1201,23.1613,-47.7005,4.3203,53.8080,3.3652,-3.3788
89.1300,22.6230,-56.3675,4.9905,51.8549,3.3652,-3.3788
89.1400,21.9309,-71.6873,6.4077,59.6674,3.4597,-3.4843
89.1502,21.2003,-70.8328,7.3910,87.3163,3.4597,-3.4843
89.1600,20.5850,-58.1985,7.3910,87.3163,3.4597,-3.4843
89.1700,20.0302,-56.0623,9.6432,107.3358,3.4597,-3.4843
89.1805,19.3985,-64.6072,10.8627,115.0873,3.4597,-3.4843
89.1900,18.7119,-66.8655,12.2360,128.5150,3.4597,-3.4843
89.2001,18.0472,-63.8138,13.6093,129.4305,3.6608,-3.7289
89.2100,16.7343,-63.4476,14.8617,120.2142,3.6608,-3.7289
89.2200,16.7343,-63.4476,15.9988,108.4344,3.8916,-3.9284
89.2307,16.7343,-63.4476,17.1194,108.2513,3.8916,-3.9284
89.2401,15.3665,-66.3162,17.1194,108.2513,3.8502,-3.8040
89.2505,14.6689,-69.3069,19.4046,107.3969,3.8502,-3.8040
89.2600,13.9603,-70.4056,21.4865,107.4579,3.5993,-3.6045
89.2700,13.2791,-68.6966,21.4865,107.4579,3.5993,-3.6045
89.2802,11.9223,-72.5418,21.4865,107.4579,2.9131,-2.8810
89.2901,11.9223,-72.5418,22.5137,107.3358,2.9131,-2.8810
89.3001,11.9223,-72.5418,24.7275,105.6879,2.5216,-2.4644
89.3100,10.5545,-68.6356,25.8645,108.6786,2.5216,-2.4644
89.3200,9.9558,-61.6776,25.8645,108.6786,2.3392,-2.3095
89.3303,9.9558,-61.6776,29.5504,117.8949,2.3392,-2.3095
89.3400,9.9558,-61.6776,29.5504,117.8949,1.2944,-1.2450
89.3502,8.3188,-53.8040,29.5504,117.8949,1.2944,-1.2450
89.3600,7.8244,-51.4847,29.5504,117.8949,0.8563,-0.9168
89.3700,7.3410,-49.0433,29.5504,117.8949,0.8563,-0.9168
89.3801,6.8686,-47.0901,30.7315,111.9745,-0.1974,0.2532
89.3902,6.8686,-47.0901,34.5547,74.9872,-0.1974,0.2532
89.4000,6.8686,-47.0901,35.8511,74.0717,-0.9287,0.8876
89.4100,5.4019,-51.3016,35.8511,74.0717,-0.9287,0.8876
89.4200,5.4019,-51.3016,36.7355,104.6503,-1.9994,1.9825
89.4301,5.4019,-51.3016,38.0868,153.9056,-1.9994,1.9825
89.4401,4.8801,-52.4612,38.0868,153.9056,-1.8941,1.9673
89.4500,3.8748,-49.1043,38.0868,153.9056,-1.8941,1.9673
89.4600,3.1113,-34.8831,43.6349,167.6385,-1.9796,1.9441
89.4702,3.1113,-34.8831,45.0796,-5.2130,-1.9796,1.9441
89.4800,3.1113,-34.8831,45.0796,-5.2130,-2.5700,2.5413
89.4901,3.1113,-34.8831,44.4424,-86.6339,-2.5700,2.5413
89.5005,3.1113,-34.8831,43.2065,-136.8048,-2.5700,2.5413
89.5100,2.6498,-13.3987,41.4212,-186.2433,-2.5700,2.5413
89.5200,2.8751,10.0388,41.4212,-186.2433,-3.2242,3.2989
89.5300,2.8751,10.0388,35.7797,-328.9435,-3.2242,3.2989
89.5401,2.8531,-10.1028,29.3252,-217.6154,-3.6834,3.6472
89.5500,2.8531,-10.1028,29.3252,-217.6154,-3.6265,3.6057
89.5600,2.8531,-10.1028,28.0893,-86.9391,-3.6265,3.6057
89.5700,2.7597,-10.4691,27.8695,-1.0626,-3.6289,3.5844
89.5800,2.7707,7.3532,27.8695,-1.0626,-3.6289,3.5844
89.5900,2.9575,23.4665,28.0288,24.8773,-3.6289,3.5844
89.6000,3.3420,44.4016,28.0288,24.8773,-3.0564,3.0470
89.6100,3.3420,44.4016,27.6553,-51.2946,-2.9051,2.8438
89.6200,3.3420,44.4016,25.8151,-97.9254,-2.9051,2.8438
89.6300,4.8801,46.6599,24.9252,-89.0753,-2.9051,2.8438
89.6404,5.2536,39.7629,24.2276,-73.0841,-2.9051,2.8438
89.6500,5.6491,43.1808,23.6288,-64.4781,-2.9051,2.8438
89.6601,6.0996,49.8337,22.7170,-74.1217,-2.9051,2.8438
89.6700,6.5720,53.8010,21.7831,-87.7325,-2.4365,2.4388
89.6802,7.1652,63.6887,20.1352,-79.9200,-2.4365,2.4388
89.6903,7.9398,83.4030,20.1352,-79.9200,-2.4365,2.4388
89.7000,8.8901,97.5021,19.4320,-71.9855,-2.0873,2.0728
89.7101,9.9173,104.3381,18.7674,-66.5533,-2.0873,2.0728
89.7200,11.0489,116.9724,18.0917,-64.2950,-1.8659,1.8471
89.7307,12.2958,125.8835,17.3666,-67.2247,-1.8659,1.8471
89.7401,13.5263,121.3058,16.6140,-71.1310,-1.6290,1.5756
89.7500,14.6689,112.0285,15.8175,-75.0372,-1.5454,1.5189
89.7600,15.7565,108.3664,15.0046,-76.9904,-1.5454,1.5189
89.7702,16.8552,109.7092,14.2080,-75.2814,-1.5454,1.5189
89.7804,17.9703,111.1740,13.3896,-75.7697,-1.5454,1.5189
89.7900,19.0909,111.8454,12.5271,-75.4645,-1.4504,1.3682
89.8001,19.0909,111.8454,11.6647,-76.0748,-1.4504,1.3682
89.8100,21.2277,110.3806,10.7583,-82.3615,-1.4504,1.3682
89.8202,22.2220,108.4274,8.9236,-91.3947,-1.1238,1.1084
89.8300,22.2220,108.4274,8.9236,-91.3947,-0.6636,0.5954
89.8400,24.2709,100.1266,8.0447,-91.5778,-0.6636,0.5954
89.8500,25.2213,95.8542,7.1438,-92.9816,-0.3525,0.2501
89.8600,26.1386,93.5349,6.2100,-94.2633,-0.3525,0.2501
89.8700,27.0450,92.9855,5.3036,-90.6622,-0.3525,0.2501
89.8800,27.9678,95.6711,4.4247,-86.9391,-0.0874,0.1995
89.8900,28.9456,101.4694,2.7383,-81.2018,-0.0874,0.1995
89.9000,29.9674,106.2302,2.7383,-81.2018,0.0212,-0.0256
89.9101,29.9674,106.2302,1.8979,-79.9200,0.0212,-0.0256
89.9200,32.0767,108.3664,1.0904,-76.9293,0.6105,-0.5636
89.9300,33.0655,99.6384,0.3598,-70.3986,0.6105,-0.5636
89.9400,33.9224,85.6003,-0.3049,-67.4078,0.8944,-0.7845
89.9500,34.6530,74.9191,-0.3049,-67.4078,0.8944,-0.7845
89.9600,35.3781,80.2902,-2.1341,-59.8395,1.1510,-1.1718
89.9700,36.2405,97.5632,-2.1341,-59.8395,1.5759,-1.5982
89.9800,37.2183,105.9860,-2.1341,-59.8395,1.5759,-1.5982
89.9900,38.0478,87.6144,-2.1341,-59.8395,1.5759,-1.5982
90.0007,38.6795,73.6374,-2.1341,-59.8395,1.7038,-1.7660
90.0100,39.3167,72.4777,-2.1341,-59.8395,1.8104,-1.7568
90.0202,39.3167,72.4777,-2.1341,-59.8395,1.8104,-1.7568
90.0300,39.3167,72.4777,-2.1341,-59.8395,1.8104,-1.7568
90.0400,39.9265,6.3156,-2.1341,-59.8395,1.8067,-1.7446
90.0500,38.9652,-75.3494,-2.1341,-59.8395,1.8067,-1.7446
90.0600,38.1082,-88.1668,-2.1341,-59.8395,1.8067,-1.7446
90.0701,38.1082,-88.1668,-2.1341,-59.8395,1.8067,-1.7446
90.0800,37.1579,-97.2610,-2.1341,-59.8395,2.0633,-2.0441
90.0904,32.9117,-255.4031,-2.7219,-60.3888,2.0633,-2.0441
90.1006,30.2969,-255.0369,-4.3204,-32.9230,2.9356,-2.9457
90.1101,30.2969,-255.0369,-5.3861,-3.4430,2.9356,-2.9457
90.1200,27.3746,-50.0198,-4.0567,69.2499,2.9356,-2.9457
90.1300,27.6437,41.2888,-2.5461,70.7758,2.9356,-2.9457
90.1400,27.8635,17.9123,-1.7496,53.8080,3.8719,-3.9144
90.1500,27.4020,-55.0247,-1.0025,57.0428,3.8719,-3.9144
90.1606,27.4020,-55.0247,-0.0797,74.9872,4.0575,-4.0437
90.1701,25.2872,-97.5052,1.4859,53.9911,4.0575,-4.0437
90.1800,24.5291,-72.7249,1.4859,53.9911,4.1995,-4.2096
90.1900,23.9798,-54.1702,2.0956,44.4696,4.1995,-4.2096
90.2000,23.4580,-54.4144,2.7548,43.2489,4.2056,-4.2371
90.2100,22.8153,-64.7293,2.7548,43.2489,4.2056,-4.2371
90.2200,21.8704,-75.9598,4.3643,57.7142,3.8042,-3.8070
90.2300,21.0904,-76.8753,5.0894,60.0336,3.8042,-3.8070
90.2400,20.3983,-67.4149,6.6165,70.2264,3.2266,-3.2354
90.2506,19.7446,-64.6683,6.6165,70.2264,3.2266,-3.2354
90.2607,18.4152,-65.2176,6.6165,70.2264,2.6720,-2.6736
90.2700,18.4152,-65.2176,8.7918,102.7582,2.6720,-2.6736
90.2800,17.7286,-65.8890,10.0223,113.6224,2.6720,-2.6736
90.2900,17.0310,-68.6966,11.3351,123.2050,2.6720,-2.6736
90.3000,16.3004,-73.0301,12.6205,121.4349,2.3618,-2.3357
90.3100,16.3004,-73.0301,15.0375,115.6366,2.0243,-2.0057
90.3200,15.5808,-70.7108,15.0375,115.6366,2.0243,-2.0057
90.3301,14.8996,-66.2552,16.1801,110.0824,2.0243,-2.0057
90.3401,13.5263,-71.1990,17.2622,104.2230,1.6220,-1.6354
90.3500,12.7792,-76.0208,18.3499,103.9789,1.6220,-1.6354
90.3600,12.0157,-78.4012,19.4760,107.7020,1.4138,-1.3634
90.3700,12.0157,-78.4012,20.5252,107.4579,1.4138,-1.3634
90.3800,10.5930,-69.8563,22.6895,102.8192,1.4138,-1.3634
90.3900,9.9228,-67.6590,22.6895,102.8192,1.3536,-1.3390
90.4003,9.2801,-64.5462,22.6895,102.8192,1.3536,-1.3390
90.4101,8.6978,-59.7855,23.7497,103.9789,1.3536,-1.3390
90.4205,8.6978,-59.7855,23.7497,103.9789,1.2540,-1.2285
90.4300,8.6978,-59.7855,26.9632,103.1854,0.3215,-0.3849
90.4400,7.0773,-60.3348,28.0124,101.4764,0.3215,-0.3849
90.4500,6.5335,-59.1141,29.0671,102.1478,0.3215,-0.3849
90.4600,6.5335,-59.1141,30.0009,102.5140,0.3215,-0.3849
90.4700,5.5008,-53.0716,30.7864,101.2933,0.3215,-0.3849
90.4801,5.0449,-46.5408,31.6433,96.5936,0.0658,-0.0305
90.4911,4.6439,-41.9632,31.6433,96.5936,0.0658,-0.0305
90.5001,4.2374,-43.4891,33.3078,81.1517,-0.4244,0.4203
90.5100,4.2374,-43.4891,34.1208,88.4149,-0.4244,0.4203
90.5200,4.2374,-43.4891,36.4059,138.9520,-1.3287,1.3634
90.5300,4.2374,-43.4891,36.4059,138.9520,-1.6563,1.6385
90.5400,3.3420,-46.9070,37.9275,161.8402,-1.6563,1.6385
90.5500,2.2379,-30.3665,39.5865,170.5072,-1.6563,1.6385
90.5600,1.9797,-25.3616,39.5865,170.5072,-2.2005,2.2064
90.5700,1.7545,-20.0516,39.5865,170.5072,-2.2005,2.2064
90.5804,1.6007,-12.7274,42.6352,12.9144,-2.6325,2.6645
90.5901,1.6007,-12.7274,41.1905,-119.1656,-2.6325,2.6645
90.6000,1.6007,-12.7274,41.1905,-119.1656,-3.0080,3.0238
90.6100,1.5292,-5.0980,39.4876,-183.8629,-2.9958,2.9500
90.6204,1.8478,23.1613,36.9717,-259.6686,-2.9958,2.9500
90.6301,2.1225,28.1052,33.5055,-344.2633,-2.9958,2.9500
90.6400,2.3972,26.5793,30.1272,-296.5948,-3.0776,3.0500
90.6500,2.3972,26.5793,28.0014,-170.5573,-3.4324,3.3983
90.6600,2.3972,26.5793,26.7325,-10.7672,-3.4324,3.3983
90.6700,2.3972,26.5793,26.7325,-10.7672,-3.4324,3.3983
90.6801,3.6276,25.2975,26.7599,11.5106,-3.4324,3.3983
90.6900,3.6276,25.2975,26.7325,-7.8986,-3.6608,3.6088
90.7001,3.6276,25.2975,26.2710,-49.7687,-3.6608,3.6088
90.7100,3.6276,25.2975,25.4086,-85.8405,-3.6608,3.6088
90.7200,4.6933,35.3683,25.4086,-85.8405,-3.5476,3.5764
90.7304,5.0064,34.3918,25.4086,-85.8405,-3.4573,3.4325
90.7400,5.3690,39.4577,25.4086,-85.8405,-3.4573,3.4325
90.7502,5.7755,45.8054,23.6618,-80.4083,-3.3737,3.3568
90.7607,6.2204,52.5192,21.3931,-80.4083,-3.3737,3.3568
90.7705,6.2204,52.5192,20.4867,-84.1315,-3.4136,3.3690
90.7801,7.6486,86.6379,19.6298,-81.1407,-3.4136,3.3690
90.7900,8.6429,103.8498,19.6298,-81.1407,-3.4136,3.3690
90.8000,9.7525,112.6389,17.2622,-75.7086,-3.3544,3.2415
90.8100,10.9171,117.2775,17.2622,-75.7086,-3.3544,3.2415
90.8200,12.1256,122.0993,16.4438,-79.4318,-2.4999,2.5321
90.8302,13.3505,121.3058,15.5813,-85.4132,-2.4999,2.5321
90.8400,14.5041,112.9440,14.6695,-88.8922,-2.3890,2.3863
90.8502,14.5041,112.9440,13.7246,-88.0377,-2.3890,2.3863
90.8600,16.7014,111.4792,12.7908,-87.2443,-1.6991,1.6598
90.8700,17.8220,111.6623,10.9671,-86.2067,-1.6991,1.6598
90.8800,18.8986,106.2912,10.9671,-86.2067,-1.2991,1.2883
90.8900,19.8380,101.1032,10.0662,-85.7184,-1.2991,1.2883
90.9000,20.7333,97.9904,9.1763,-84.3756,-0.6933,0.7802
90.9100,21.6892,96.0373,8.2809,-85.4132,-0.6933,0.7802
90.9200,21.6892,96.0373,7.4240,-86.2067,0.4564,-0.5283
90.9300,23.5568,94.3893,6.6385,-83.7042,0.9334,-0.8381
90.9402,24.4742,94.5724,5.1223,-81.3849,0.9334,-0.8381
90.9500,25.3915,93.5959,5.1223,-81.3849,0.9334,-0.8381
90.9600,26.2979,93.3517,4.2984,-83.8263,1.0152,-1.0272
90.9700,27.2208,95.2438,3.4909,-81.3849,1.0152,-1.0272
90.9806,28.1711,97.4411,2.7108,-76.4410,1.4434,-1.3975
90.9900,29.1599,101.2863,1.8979,-76.0748,1.4434,-1.3975
91.0000,30.1761,103.0563,0.2609,-71.7413,1.4434,-1.3975
91.0100,31.1429,95.0607,-0.4148,-63.1354,1.4434,-1.3975
91.0200,31.9943,82.4875,-0.4148,-63.1354,1.4410,-1.3945
91.0301,32.7469,76.0788,-1.0025,-57.8253,1.4410,-1.3945
91.0400,33.5104,82.7927,-1.5299,-52.5763,1.8424,-1.9349
91.0501,34.4223,100.1266,-2.0243,-49.0363,1.8424,-1.9349
91.0600,34.4223,100.1266,-2.5351,-46.7169,2.2541,-2.3296
91.0701,36.5097,106.0471,-3.0075,-38.8434,2.2541,-2.3296
91.0800,36.5097,106.0471,-3.5678,-20.2887,2.2541,-2.3296
91.0901,38.0753,86.0275,-3.5678,-20.2887,2.2541,-2.3296
91.1000,38.7344,68.0832,-3.6228,-6.0675,2.9060,-2.9207
91.1100,39.0750,28.2883,-3.5294,4.8578,2.9060,-2.9207
91.1202,38.8773,-31.7703,-3.3536,11.0834,2.9060,-2.9207
91.1300,38.8773,-31.7703,-3.1559,17.8583,2.9060,-2.9207
91.1400,38.1412,-84.9319,-2.9965,14.9896,2.9060,-2.9207
91.1501,34.5871,-248.7503,-2.6010,22.3749,2.9060,-2.9207
91.1600,31.6702,-290.1321,-2.6010,22.3749,3.6162,-3.6551
91.1703,28.9566,-260.6522,-2.1176,43.1879,3.6162,-3.6551
91.1802,26.9626,-177.4612,-2.1176,43.1879,3.6162,-3.6551
91.1900,26.0837,-56.6727,-0.7663,60.0336,4.1910,-4.2694
91.2000,26.4517,65.8249,-0.3214,28.7836,4.1910,-4.2694
91.2100,27.2757,80.1071,0.0961,35.4364,4.1910,-4.2694
91.2203,27.3142,-18.4036,1.2497,44.2865,4.1590,-4.1663
91.2300,27.3142,-18.4036,1.2497,44.2865,4.1722,-4.2200
91.2400,26.2759,-104.8904,1.8924,45.0800,4.1722,-4.2200
91.2500,24.1885,-77.6688,2.5735,46.7279,4.0585,-4.0217
91.2600,23.6557,-47.8226,3.2821,49.0472,4.0585,-4.0217
91.2702,23.1503,-39.5218,3.9633,45.2631,4.0585,-4.0217
91.2805,22.6340,-55.9402,4.5291,43.0658,3.6801,-3.6673
91.2900,21.9144,-75.8987,5.1223,47.7655,3.6801,-3.6673
91.3000,21.1289,-77.1194,5.1223,47.7655,3.3948,-3.3526
91.3100,20.4752,-62.7151,6.7264,88.4760,3.3948,-3.3526
91.3200,19.9094,-56.6727,7.7920,102.8192,2.8835,-2.8579
91.3302,19.9094,-56.6727,8.9731,111.6083,2.8835,-2.8579
91.3405,18.6789,-64.9124,10.2530,120.7635,2.2541,-2.2991
91.3500,17.9923,-69.3680,10.2530,120.7635,1.8965,-1.9136
91.3600,17.2562,-71.7484,12.8567,120.7635,1.8965,-1.9136
91.3700,16.4871,-73.7015,14.0927,117.5897,1.8965,-1.9136
91.3803,14.9545,-72.5418,14.0927,117.5897,1.8965,-1.9136
91.3901,14.9545,-72.5418,16.4767,109.5941,1.8965,-1.9136
91.4000,14.2075,-71.4432,17.6303,107.0917,1.8965,-1.9136
91.4100,13.4934,-69.1849,17.6303,107.0917,1.8965,-1.9136
91.4200,12.7902,-69.4290,18.7564,104.9554,1.7334,-1.7165
91.4300,12.0596,-72.8470,21.5085,95.9833,1.7334,-1.7165
91.4400,11.3181,-74.4339,21.5085,95.9833,1.7334,-1.7165
91.4500,10.5875,-73.3353,22.5631,100.6830,1.7334,-1.7165
91.4600,9.8734,-71.1990,23.6728,106.6034,1.3536,-1.4067
91.4700,9.1757,-70.2835,24.8098,108.6176,1.3536,-1.4067
91.4800,8.5056,-68.2693,25.9305,107.5189,1.0448,-1.0376
91.4900,8.5056,-68.2693,27.0511,106.5424,1.0448,-1.0376
91.5000,8.5056,-68.2693,29.2978,107.2748,0.4235,-0.4557
91.5100,6.5939,-64.4852,29.2978,107.2748,0.4235,-0.4557
91.5202,5.9732,-61.1282,30.4458,109.5331,-0.0743,0.2098
91.5300,5.3799,-58.3206,31.6269,115.5756,-0.0743,0.2098
91.5400,4.8636,-54.2923,31.6269,115.5756,-0.5372,0.4850
91.5500,4.4461,-49.5926,31.6269,115.5756,-0.5833,0.6204
91.5601,4.1000,-41.4139,34.9832,104.4672,-0.5833,0.6204
91.5701,4.1000,-41.4139,37.1145,123.3270,-0.5833,0.6204
91.5800,4.1000,-41.4139,37.1145,123.3270,-0.6646,0.6893
91.5900,3.4409,-21.2112,38.4494,143.1635,-0.6646,0.6893
91.6000,3.3200,-23.3475,39.8611,145.5438,-0.6646,0.6893
91.6100,3.1717,-25.1785,41.1081,121.7401,-0.6646,0.6893
91.6200,2.9575,-26.9485,41.9925,79.8700,-1.3654,1.3573
91.6300,2.9575,-26.9485,42.3275,17.0648,-1.5190,1.4555
91.6400,2.3752,-27.1927,41.9870,-51.5387,-1.5190,1.4555
91.6500,2.1170,-24.3851,41.0971,-100.3058,-1.5190,1.4555
91.6600,1.8918,-21.8826,39.7787,-139.4904,-1.7747,1.7660
91.6700,1.6885,-19.1971,37.9440,-187.4030,-1.7747,1.7660
91.6800,1.5347,-14.8636,35.7303,-215.4181,-2.1592,2.2235
91.6900,1.4304,-8.6990,33.0002,-268.8239,-2.4741,2.5108
91.7000,1.4304,-8.6990,30.3195,-239.7711,-2.4741,2.5108
91.7105,1.5622,19.2551,28.4518,-156.0919,-2.4741,2.5108
91.7200,1.8863,37.2604,27.3587,-83.5822,-2.7725,2.7670
91.7300,1.8863,37.2604,26.9137,-19.5563,-2.7772,2.7932
91.7401,1.8863,37.2604,26.9137,-19.5563,-2.7772,2.7932
91.7506,2.3258,46.6599,26.9522,17.1259,-2.7772,2.7932
91.7604,3.4024,63.2004,26.4413,-51.1725,-2.7772,2.7932
91.7700,4.7757,71.8063,25.5569,-84.5587,-2.7772,2.7932
91.7800,5.4678,70.0363,24.6670,-82.4225,-2.8741,2.8640
91.7903,6.0831,60.3317,24.0188,-66.7975,-2.8741,2.8640
91.8000,6.6214,49.6506,23.5354,-57.9474,-3.0799,3.0378
91.8100,7.0828,48.7350,23.5354,-57.9474,-3.0799,3.0378
91.8201,7.5772,55.2048,21.9479,-75.7086,-3.5236,3.5874
91.8305,8.1705,65.1535,20.9921,-82.2394,-3.5236,3.5874
91.8400,8.9615,85.6613,20.1736,-75.2814,-3.5650,3.5289
91.8502,10.0272,113.4323,18.8443,-54.5905,-3.5650,3.5289
91.8600,11.2906,129.9118,18.8443,-54.5905,-3.0503,3.0500
91.8700,12.6639,139.3112,18.2016,-57.8864,-3.0503,3.0500
91.8800,14.1251,147.9782,17.5863,-62.0978,-2.7476,2.7670
91.8900,15.5753,142.5461,16.9107,-67.5909,-2.7476,2.7670
91.9000,16.8991,128.3859,16.9107,-67.5909,-2.5784,2.5949
91.9100,18.1241,121.4279,15.2462,-82.7277,-2.5855,2.5919
91.9200,19.3161,118.4982,13.5598,-87.0001,-2.5855,2.5919
91.9300,20.4807,115.8127,13.5598,-87.0001,-2.5855,2.5919
91.9400,21.6068,111.3571,13.5598,-87.0001,-2.5855,2.5919
91.9500,22.5571,102.4460,11.8020,-92.9205,-2.5855,2.5919
91.9605,23.4360,96.5256,10.8572,-93.8361,-2.4257,2.4449
91.9700,23.4360,96.5256,9.9234,-91.3947,-2.4257,2.4449
91.9800,25.3311,96.0983,9.0280,-90.2350,-2.4257,2.4449
91.9902,26.2759,95.8542,8.1436,-91.7609,-2.4257,2.4449
92.0000,27.2043,94.8166,7.2592,-93.4698,-2.4257,2.4449
92.0100,28.1216,94.6335,6.3803,-92.8595,-2.4257,2.4449
92.0200,29.0445,96.4035,5.5179,-89.0143,-2.0859,2.0795
92.0303,29.9948,98.6008,4.6884,-85.2301,-2.0859,2.0795
92.0400,30.9506,100.1266,3.8864,-82.6056,-1.4105,1.3896
92.0502,30.9506,100.1266,3.0954,-80.2252,-1.4105,1.3896
92.0600,32.9282,104.7043,3.0954,-80.2252,-1.4105,1.3896
92.0700,33.9499,105.9250,2.2934,-81.2018,-1.4105,1.3896
92.0800,34.9442,102.0187,0.7663,-72.7179,-0.8197,0.7954
92.0900,35.8286,87.8586,0.7663,-72.7179,-0.8197,0.7954
92.1001,36.5427,71.3791,-0.5411,-65.0885,-0.2862,0.3190
92.1100,37.1414,64.2990,-0.5411,-65.0885,-0.2519,0.2745
92.1200,37.7951,75.1022,-2.1231,-52.6984,-0.2519,0.2745
92.1300,38.5971,91.3376,-2.5406,-51.1115,-0.2341,0.2440
92.1400,39.4870,91.8869,-2.5406,-51.1115,-0.2341,0.2440
92.1500,40.2011,75.7126,-2.5406,-51.1115,-0.2341,0.2440
92.1600,40.7779,67.2287,-3.2547,-36.4630,-0.2341,0.2440
92.1700,41.2833,55.7541,-3.5514,-28.5895,-0.0635,0.1519
92.1800,41.4536,16.3254,-3.8809,-36.1578,-0.0635,0.1519
92.1900,41.2503,-24.3240,-4.2765,-44.8248,-0.0635,0.1519
92.2003,40.7065,-59.0530,-4.6006,-33.8995,1.1181,-1.1621
92.2100,40.0253,-69.8563,-4.6006,-33.8995,1.1181,-1.1621
92.2201,39.3057,-77.4246,-5.1059,-26.9415,1.8302,-1.8703
92.2300,38.2401,-124.9100,-5.3476,-23.2794,1.8302,-1.8703
92.2400,36.3174,-213.8992,-5.4080,-2.8937,2.6104,-2.6291
92.2500,36.3174,-213.8992,-5.2048,20.9711,2.6104,-2.6291
92.2600,31.3187,-242.6468,-5.2048,20.9711,3.3013,-3.2788
92.2700,29.4455,-166.8411,-3.2547,70.0433,3.3013,-3.2788
92.2805,28.8467,-28.4744,-3.2547,70.0433,3.5001,-3.5783
92.2900,29.0884,37.1384,-2.4472,63.5126,3.5001,-3.5783
92.3004,29.1708,4.9118,-1.5024,86.5228,3.7783,-3.8210
92.3100,28.6820,-53.9261,-0.4972,85.1190,3.7783,-3.8210
92.3200,27.7481,-91.7068,0.4202,73.0341,3.7783,-3.8210
92.3300,26.8253,-84.3216,1.2661,66.8085,3.7783,-3.8210
92.3402,26.1331,-65.8279,2.8976,63.5126,3.7713,-3.8717
92.3500,25.6168,-50.6302,2.8976,63.5126,3.7713,-3.8717
92.3600,24.9686,-43.4280,3.6337,59.5453,3.9062,-3.9010
92.3700,24.2380,-51.6068,4.2984,53.9301,3.9062,-3.9010
92.3801,23.3865,-67.3538,4.8312,44.1644,3.9062,-3.9010
92.3900,22.6614,-71.8704,5.3915,41.6620,3.9283,-3.9174
92.4000,21.9693,-68.4525,6.0891,54.3573,3.9283,-3.9174
92.4100,21.2662,-70.5887,8.0941,91.8939,3.9283,-3.9174
92.4200,20.5576,-68.5745,8.0941,91.8939,4.0100,-3.9870
92.4300,19.9258,-60.7620,9.3136,113.6835,4.0100,-3.9870
92.4401,19.2941,-58.3817,10.5551,121.9232,4.0100,-3.9870
92.4500,18.6295,-64.1190,11.8295,122.4725,4.0100,-3.9870
92.4600,17.9099,-69.2459,13.1314,122.1063,4.0100,-3.9870
92.4700,17.1738,-69.3680,14.4168,121.9843,4.0100,-3.9870
92.4801,16.4542,-66.6214,16.8118,112.0966,3.6904,-3.6936
92.4900,15.8005,-65.1566,16.8118,112.0966,3.6904,-3.6936
92.5000,15.1523,-64.7293,17.9489,109.0448,3.5274,-3.4996
92.5100,14.4656,-65.0345,19.0585,107.8851,3.2515,-3.2678
92.5200,13.7735,-69.1849,20.1462,104.1010,3.2515,-3.2678
92.5300,13.0209,-74.6780,21.0306,101.5375,3.2515,-3.2678
92.5400,12.2684,-74.9832,22.0962,101.2323,2.8529,-2.7950
92.5500,11.5268,-74.1898,24.2331,101.6595,2.8529,-2.7950
92.5603,10.7578,-78.6453,24.2331,101.6595,2.6080,-2.6566
92.5700,9.1592,-81.7581,25.3097,102.6361,2.6080,-2.6566
92.5802,9.1592,-81.7581,25.3097,102.6361,2.6080,-2.6566
92.5900,8.4232,-75.9598,27.5619,110.6927,2.6080,-2.6566
92.6000,7.7585,-69.7952,27.5619,110.6927,2.6080,-2.6566
92.6100,7.1652,-63.2645,27.5619,110.6927,2.6080,-2.6566
92.6200,6.6489,-56.4285,28.7484,114.6600,2.0647,-2.0728
92.6300,6.2094,-49.9588,32.2036,101.7206,2.0647,-2.0728
92.6401,5.8029,-48.7381,33.1924,94.4574,2.0647,-2.0728
92.6505,5.4074,-49.4095,34.1098,89.3915,2.0647,-2.0728
92.6605,5.4074,-49.4095,34.9667,87.0721,1.4293,-1.3341
92.6700,5.0229,-48.6771,34.9667,87.0721,1.4293,-1.3341
92.6800,4.1989,-43.0618,34.9667,87.0721,1.1440,-1.0486
92.6903,3.7979,-37.7518,38.2461,148.2294,1.1440,-1.0486
92.7000,3.7979,-37.7518,39.8941,172.2772,0.5100,-0.5386
92.7102,3.7979,-37.7518,41.5530,162.9999,0.5100,-0.5386
92.7200,3.2596,-19.2581,42.8329,112.7069,0.3666,-0.3593
92.7301,3.2596,-19.2581,43.3767,28.9667,0.3666,-0.3593
92.7400,3.1168,-11.9339,42.9922,-64.4171,-0.1156,0.1196
92.7500,2.7322,-12.9715,41.8606,-129.8468,-0.1156,0.1196
92.7600,2.5620,-16.2674,38.0923,-218.1036,-0.8780,0.7954
92.7702,2.5620,-16.2674,38.0923,-218.1036,-0.8780,0.7954
92.7800,2.1280,-21.6995,35.6424,-238.2452,-0.8780,0.7954
92.7900,2.1280,-21.6995,33.1210,-244.6539,-0.8780,0.7954
92.8000,1.9742,-13.1546,30.4953,-245.6305,-0.8686,0.9089
92.8100,2.0401,12.1140,30.4953,-245.6305,-0.8686,0.9089
92.8200,2.1939,16.5085,27.4630,-81.5680,-1.0895,1.1072
92.8304,2.1939,16.5085,26.8423,-5.0909,-1.0895,1.1072
92.8400,2.6169,30.1193,26.8423,-5.0909,-1.3075,1.3390
92.8505,2.9685,40.4343,26.6995,-13.1476,-1.3075,1.3390
92.8600,3.4683,56.9748,26.1447,-55.5670,-1.8386,1.8148
92.8702,4.0836,66.5573,26.1447,-55.5670,-2.1808,2.1899
92.8800,4.6988,64.5432,24.2056,-93.8971,-2.1808,2.1899
92.8900,5.2646,59.4162,23.4530,-73.0231,-2.1808,2.1899
92.9000,5.8029,54.5334,22.9587,-54.2853,-2.1808,2.1899
92.9104,6.2863,55.1437,22.5247,-48.6090,-2.1808,2.1899
92.9200,6.8961,65.5197,21.7886,-65.8209,-2.8078,2.8335
92.9300,7.6267,77.2385,20.8658,-80.9576,-2.8078,2.8335
92.9400,8.4891,89.1403,20.1132,-72.7789,-3.0517,3.0531
92.9500,9.4943,105.0095,19.5199,-59.5343,-3.0517,3.0531
92.9601,10.6534,118.2541,18.9596,-55.2618,-3.2646,3.3202
92.9700,11.9113,128.0807,18.3554,-56.4215,-3.2646,3.3202
92.9800,13.2681,137.1750,17.7347,-52.9425,-3.2646,3.3202
92.9900,14.6304,134.1232,17.1194,-54.2853,-3.5922,3.5691
93.0000,15.8939,123.6862,17.1194,-54.2853,-3.5922,3.5691
93.0100,17.0969,119.2307,15.6692,-70.2765,-3.5922,3.5691
93.0206,18.2779,116.6061,14.8617,-75.4645,-3.6054,3.6411
93.0301,19.4150,112.5778,14.8617,-75.4645,-3.4493,3.3599
93.0400,20.4971,106.9016,13.2797,-76.7462,-3.4493,3.3599
93.0500,21.4420,101.0422,12.4832,-77.3566,-3.4493,3.3599
93.0600,22.4088,96.4645,12.4832,-77.3566,-2.7227,2.6938
93.0700,23.3481,94.6335,10.7858,-79.4928,-2.7227,2.6938
93.0800,23.3481,94.6335,9.8794,-80.5914,-2.7227,2.6938
93.0901,25.2762,99.5163,8.9950,-80.7745,-2.7227,2.6938
93.1000,26.2814,102.3239,8.1656,-81.2628,-2.4398,2.4046
93.1100,27.3087,105.1315,7.3471,-82.1783,-2.4398,2.4046
93.1200,28.3469,106.4743,7.3471,-82.1783,-2.1488,2.1637
93.1301,29.3851,106.4133,5.6827,-83.5211,-2.1488,2.1637
93.1400,30.4233,106.4743,4.8916,-77.7838,-1.9961,2.0026
93.1500,31.4560,105.9250,4.1226,-73.3282,-1.9961,2.0026
93.1600,32.4667,103.9108,3.3535,-72.4127,-1.1759,1.2359
93.1700,33.4280,97.3190,2.6175,-68.9337,-1.1759,1.2359
93.1800,33.4280,97.3190,1.9912,-59.7784,-0.4944,0.4740
93.1900,34.9716,71.9894,1.4749,-51.9049,-0.4944,0.4740
93.2000,36.4603,93.3517,1.0080,-49.5245,-0.0780,0.0519
93.2101,36.4603,93.3517,0.5685,-49.2194,0.1857,-0.2129
93.2205,36.4603,93.3517,0.5685,-49.2194,0.1857,-0.2129
93.2302,37.4875,115.3244,-0.3159,-39.6368,0.1857,-0.2129
93.2400,39.4431,93.8400,-0.6455,-32.7399,0.1857,-0.2129
93.2500,40.1462,74.8581,-0.8927,-28.8947,0.1857,-0.2129
93.2601,40.6680,54.4724,-1.1014,-25.1105,0.2059,-0.2257
93.2700,40.6680,54.4724,-1.2827,-21.9977,0.3751,-0.3758
93.2802,40.7614,1.6159,-1.4475,-20.6549,0.3751,-0.3758
93.2900,39.3826,-101.4114,-1.5958,-19.1290,0.3751,-0.3758
93.3000,38.2785,-109.9564,-1.7057,-16.0773,1.1830,-1.2023
93.3105,37.3172,-90.4251,-1.7661,-10.8893,1.2483,-1.2926
93.3200,36.4768,-81.3309,-1.7057,3.5150,1.2483,-1.2926
93.3300,35.3067,-136.4456,-1.7057,3.5150,1.2483,-1.2926
93.3400,33.1039,-239.4730,-1.1344,30.7367,1.2483,-1.2926
93.3500,30.5112,-255.1590,-0.7059,39.2206,1.5533,-1.5250
93.3601,28.2535,-200.4715,-0.0797,53.6249,1.5533,-1.5250
93.3705,27.2537,-56.6727,-0.0797,53.6249,1.4791,-1.5415
93.3800,27.3416,22.6120,1.2332,49.7797,1.4791,-1.5415
93.3900,27.3087,-8.9432,1.9583,56.7987,1.4791,-1.5415
93.4000,26.6605,-63.4476,2.7713,64.3671,1.7348,-1.7769
93.4103,26.6605,-63.4476,3.6392,71.0809,1.9984,-2.0380
93.4200,24.7488,-90.7303,4.4632,68.3954,1.9984,-2.0380
93.4300,23.9468,-77.4246,5.2322,63.2074,1.9984,-2.0380
93.4400,23.2932,-63.8138,5.9463,59.1791,2.3961,-2.4510
93.4500,22.7988,-47.2122,6.5890,53.4418,2.5441,-2.5797
93.4603,22.3538,-45.4422,7.0230,41.3568,2.5441,-2.5797
93.4700,21.8100,-57.2220,7.4350,38.3661,2.5441,-2.5797
93.4801,21.1618,-66.0110,7.4350,38.3661,2.5441,-2.5797
93.4900,20.4971,-65.6448,8.7369,73.8885,2.5441,-2.5797
93.5005,19.8489,-64.6072,9.7586,94.7015,2.8054,-2.8438
93.5100,19.2062,-63.3865,10.9066,107.2748,2.8054,-2.8438
93.5201,18.5526,-64.7903,12.1481,117.2235,2.8054,-2.8438
93.5300,17.8659,-66.3773,13.4610,124.1205,2.8054,-2.8438
93.5403,17.1573,-66.6214,14.7848,123.2660,3.6016,-3.6997
93.5500,16.4432,-67.1707,16.0867,123.8153,3.6016,-3.6997
93.5600,15.7510,-65.8279,17.3611,120.9467,3.9701,-3.9992
93.5700,15.0809,-64.6072,18.5586,113.6224,3.9701,-3.9992
93.5800,14.4162,-66.9266,19.7122,108.3734,4.0364,-4.0376
93.5900,13.7405,-69.4290,20.7339,103.6127,4.0364,-4.0376
93.6000,13.0429,-74.0677,21.7062,98.1195,4.0364,-4.0376
93.6103,12.2629,-82.1854,21.7062,98.1195,3.8893,-3.8759
93.6200,11.4334,-86.6409,23.7057,92.9926,3.8893,-3.8759
93.6300,10.6534,-83.7112,23.7057,92.9926,3.8893,-3.8759
93.6400,9.8734,-74.5560,25.7382,97.5092,3.8893,-3.8759
93.6500,9.1867,-65.5228,26.7654,98.9740,3.8893,-3.8759
93.6600,8.5605,-60.7010,27.7981,100.8661,3.8893,-3.8759
93.6700,8.5605,-60.7010,28.8473,103.4906,3.8893,-3.8759
93.6800,7.5662,-54.5364,29.8965,103.3685,3.8893,-3.8759
93.6900,7.5662,-54.5364,29.8965,103.3685,3.8893,-3.8759
93.7003,7.5662,-54.5364,31.9674,98.8519,3.8893,-3.8759
93.7100,7.5662,-54.5364,32.8848,84.8138,3.8893,-3.8759
93.7202,6.6544,-55.5130,33.6593,71.7523,3.5711,-3.5459
93.7301,5.0943,-62.1048,34.3295,64.9164,3.5711,-3.5459
93.7400,5.0943,-62.1048,35.0052,73.1561,3.5711,-3.5459
93.7500,4.0176,-52.6443,35.8401,93.6639,3.5711,-3.5459
93.7608,3.5562,-46.8460,35.8401,93.6639,3.5532,-3.5398
93.7701,3.1168,-45.1981,38.3835,159.7040,3.3394,-3.3849
93.7801,2.6828,-45.1981,40.1797,188.8177,3.3394,-3.3849
93.7903,2.6828,-45.1981,42.0858,190.4047,3.3394,-3.3849
93.8000,1.9138,-37.9349,43.7228,149.6332,3.3394,-3.3849
93.8100,1.6116,-30.6717,44.5138,45.9955,3.3394,-3.3849
93.8200,1.6116,-30.6717,44.1293,-71.7413,2.3993,-2.4266
93.8302,1.6116,-30.6717,44.1293,-71.7413,2.3993,-2.4266
93.8400,1.6116,-30.6717,41.0092,-204.0656,1.8551,-1.9038
93.8500,1.3644,-22.4319,38.3120,-281.3361,1.8551,-1.9038
93.8600,1.1008,-5.5862,35.2029,-296.4728,1.5275,-1.5110
93.8700,1.0898,-2.9007,35.2029,-296.4728,1.5275,-1.5110
93.8800,1.1227,4.5456,30.0119,-214.1974,1.3249,-1.2237
93.8900,1.1227,4.5456,30.0119,-214.1974,1.3249,-1.2237
93.9000,1.1227,4.5456,28.5617,-114.7711,1.3249,-1.2237
93.9100,1.2820,19.0109,28.5617,-114.7711,1.3249,-1.2237
93.9200,2.5015,55.2048,27.4246,5.9564,0.6599,-0.6722
93.9301,2.5015,55.2048,27.0950,-40.7355,0.6599,-0.6722
93.9404,3.7869,69.4260,26.1557,-99.0851,0.0625,-0.0519
93.9500,3.7869,69.4260,26.1557,-99.0851,0.0625,-0.0519
93.9601,4.4296,64.8483,26.1557,-99.0851,-0.2388,0.1086
93.9700,4.9680,54.8386,26.1557,-99.0851,-0.2388,0.1086
93.9802,5.9018,52.2751,26.1557,-99.0851,-0.2388,0.1086
93.9900,6.4291,60.5148,22.4643,-60.4498,-0.2388,0.1086
94.0000,7.0169,68.6325,21.9754,-53.4918,-0.2388,0.1086
94.0104,7.7640,86.9431,21.9754,-53.4918,-0.2388,0.1086
94.0201,7.7640,86.9431,21.3382,-65.2716,-0.8244,0.8150
94.0300,7.7640,86.9431,19.5694,-83.5211,-0.8244,0.8150
94.0400,7.7640,86.9431,18.1137,-68.9948,-1.6459,1.6659
94.0500,12.5320,137.9074,18.1137,-68.9948,-1.6459,1.6659
94.0600,13.9822,145.9641,16.7129,-67.4689,-2.5084,2.4614
94.0700,15.3940,138.9450,15.9439,-70.7037,-2.4670,2.4815
94.0806,16.7069,128.6301,15.1144,-73.1451,-2.4670,2.4815
94.0903,17.9428,121.2448,14.3619,-71.8634,-2.4670,2.4815
94.1000,19.1129,115.6296,13.6203,-73.8776,-2.4670,2.4815
94.1100,20.2719,116.5451,12.8238,-78.4552,-2.6160,2.6273
94.1205,21.4310,115.3854,11.9778,-81.5680,-2.6160,2.6273
94.1301,21.4310,115.3854,11.0769,-85.1691,-2.6160,2.6273
94.1400,23.5678,108.9767,11.0769,-85.1691,-2.8905,2.9469
94.1500,23.5678,108.9767,9.3136,-79.6759,-2.8905,2.9469
94.1600,25.5399,101.5915,8.4677,-79.3707,-2.8905,2.9469
94.1700,26.5286,99.3332,7.6053,-82.6666,-2.8905,2.9469
94.1800,27.4899,96.9528,6.7264,-84.8029,-2.8905,2.9469
94.1900,28.4512,97.1970,5.8200,-85.9625,-2.8905,2.9469
94.2004,28.4512,97.1970,4.8916,-84.2535,-3.3154,3.3172
94.2102,30.4178,101.4694,4.0292,-78.0890,-3.3154,3.3172
94.2207,31.4615,106.1081,3.2821,-76.3190,-3.5701,3.6380
94.2300,32.5436,110.9909,2.6285,-68.8727,-3.6458,3.6533
94.2403,33.6368,111.7233,2.6285,-68.8727,-3.6458,3.6533
94.2506,34.6695,103.6667,2.6285,-68.8727,-3.6458,3.6533
94.2601,35.5539,88.4079,2.6285,-68.8727,-3.1297,3.1238
94.2700,36.2845,75.2243,2.6285,-68.8727,-2.6908,2.6828
94.2800,37.0261,84.0744,2.6285,-68.8727,-2.6908,2.6828
94.2900,38.0093,112.5168,-0.7553,-58.8629,-2.6908,2.6828
94.3005,39.2014,133.0856,-1.8869,-55.6891,-2.6908,2.6828
94.3101,39.2014,133.0856,-2.3374,-47.0831,-2.6908,2.6828
94.3200,41.7172,126.2497,-2.8098,-52.4542,-2.6908,2.6828
94.3300,42.7335,104.0329,-2.8098,-52.4542,-2.6908,2.6828
94.3403,42.7335,104.0329,-3.6612,-48.5480,-2.5949,2.7133
94.3500,43.4531,-9.4925,-3.9194,-28.7726,-2.5949,2.7133
94.3600,42.8268,-72.2977,-4.1062,-25.0494,-2.5949,2.7133
94.3700,41.6348,-128.6331,-4.3918,-36.0968,-2.5949,2.7133
94.3800,40.0034,-174.1043,-4.7434,-38.9044,-2.2231,2.2436
94.3900,37.9050,-222.4442,-4.9851,-21.3263,-1.9853,1.9453
94.4003,35.5978,-228.4256,-5.0565,-4.6027,-1.9853,1.9453
94.4100,33.4830,-205.1102,-4.8972,15.2338,-1.9853,1.9453
94.4200,31.5329,-191.9876,-4.3918,51.4886,-1.6055,1.5061
94.4300,29.8904,-151.4603,-3.5239,86.7670,-1.6055,1.5061
94.4401,29.8904,-151.4603,-2.4802,94.6405,-1.6055,1.5061
94.4500,29.3796,56.1203,-2.4802,94.6405,-1.6055,1.5061
94.4600,29.7751,31.4621,-0.8103,67.8461,-1.5867,1.5677
94.4702,29.3301,-60.4568,0.0686,69.3719,-1.5867,1.5677
94.4800,28.0997,-127.7176,0.9091,59.2401,-1.3607,1.3054
94.4901,28.0997,-127.7176,1.7935,62.4139,-1.3607,1.3054
94.5000,25.6058,-94.0872,2.6504,59.1180,-0.4789,0.4789
94.5100,24.9686,-58.6868,3.3810,51.6718,-0.3323,0.3654
94.5205,24.5291,-43.9774,4.0732,50.5121,-0.3323,0.3654
94.5307,24.0842,-46.4798,4.7433,51.8549,-0.3323,0.3654
94.5402,23.5074,-58.9310,5.4519,55.2118,-0.1692,0.1592
94.5500,23.5074,-58.9310,6.2100,61.6205,-0.1692,0.1592
94.5600,22.2549,-57.0389,7.1383,83.7762,0.0094,-0.0811
94.5704,21.7386,-48.4940,8.2809,111.3641,0.2623,-0.3160
94.5800,21.2882,-43.6722,9.5773,130.7123,0.2623,-0.3160
94.5901,21.2882,-43.6722,11.0055,142.8583,0.2623,-0.3160
94.6001,20.2829,-52.3392,12.5161,147.1307,0.2623,-0.3160
94.6100,19.6677,-59.4803,12.5161,147.1307,0.2623,-0.3160
94.6200,18.9975,-65.9500,12.5161,147.1307,0.2623,-0.3160
94.6300,18.3164,-67.1707,16.8283,129.8578,0.7501,-0.6497
94.6400,18.3164,-67.1707,18.1521,126.5619,0.7501,-0.6497
94.6500,17.0969,-57.0389,19.4101,121.0687,0.7501,-0.6497
94.6600,16.5366,-56.1234,20.5307,117.4066,0.8577,-0.8473
94.6700,16.5366,-56.1234,21.6018,111.7914,0.8577,-0.8473
94.6800,15.2676,-71.5042,22.7115,108.2513,1.4034,-1.4189
94.6904,14.5041,-79.6219,23.8101,107.2137,1.6304,-1.7184
94.7001,13.7131,-82.7957,24.8648,101.8427,1.6304,-1.7184
94.7100,13.7131,-82.7957,25.8700,97.7533,1.6304,-1.7184
94.7201,12.0761,-86.8851,26.8918,99.7675,2.4905,-2.5291
94.7300,11.2741,-85.2982,27.9135,98.6688,2.4905,-2.5291
94.7402,10.4446,-82.6126,28.9077,95.4340,2.7260,-2.7133
94.7501,9.6591,-77.7298,29.9185,97.3260,2.7260,-2.7133
94.7600,9.6591,-77.7298,30.9402,98.1195,2.7260,-2.7133
94.7700,8.9230,-72.7859,30.9402,98.1195,2.7260,-2.7133
94.7801,8.2309,-68.7576,32.9672,96.9598,3.1297,-3.2281
94.7902,8.2309,-68.7576,34.0109,99.9506,3.1297,-3.2281
94.8000,8.2309,-68.7576,35.0546,98.0585,4.0044,-4.0327
94.8100,8.2309,-68.7576,36.0544,97.0819,4.0044,-4.0327
94.8200,6.8851,-68.7576,37.1035,106.7865,4.1294,-4.0205
94.8300,6.1820,-69.9783,37.1035,106.7865,4.1294,-4.0205
94.8400,4.8636,-62.5320,39.8172,150.8539,4.1294,-4.0205
94.8500,3.2321,-56.6116,41.3937,158.3002,4.1294,-4.0205
94.8600,2.6059,-63.8748,43.0526,163.1219,4.2845,-4.2511
94.8701,1.9742,-62.1048,44.5688,141.7596,4.2845,-4.2511
94.8800,1.4139,-53.8651,45.6949,99.0961,4.2845,-4.2511
94.8900,0.9525,-44.2825,46.1398,23.1683,4.2845,-4.2511
94.9000,0.9525,-44.2825,45.6894,-68.6285,4.2845,-4.2511
94.9101,0.2054,-43.3060,44.4809,-136.8658,4.2845,-4.2511
94.9200,0.2054,-43.3060,44.4809,-136.8658,3.6279,-3.6289
94.9301,0.2054,-43.3060,40.1742,-271.1432,3.4230,-3.4935
94.9400,-0.1956,-38.2401,36.6092,-370.5695,3.4230,-3.4935
94.9500,-0.1956,-38.2401,32.7090,-360.3766,3.4230,-3.4935
94.9600,-0.1956,-38.2401,29.5779,-263.6969,2.8529,-2.8115
94.9700,-0.1956,-38.2401,29.5779,-263.6969,2.8529,-2.8115
94.9800,-0.1956,-38.2401,29.5779,-263.6969,2.8529,-2.8115
94.9903,-0.1956,-38.2401,25.5130,-129.9078,2.8529,-2.8115
95.0000,-0.1956,-38.2401,24.2056,-8.5089,2.4976,-2.4711
95.0100,-0.1956,-38.2401,24.9801,96.7157,2.4976,-2.4711
95.0203,-0.1956,-38.2401,24.9801,96.7157,2.4365,-2.4632
95.0302,-0.1956,-38.2401,27.0840,74.4379,2.4633,-2.4138
95.0402,-0.5032,-27.5589,27.0016,-19.5563,2.4633,-2.4138
95.0500,-1.0086,-12.4222,26.0348,-104.1510,2.4633,-2.4138
95.0600,-1.2668,-12.5443,24.6890,-127.5275,2.0802,-2.0758
95.0700,-1.3876,-11.3235,23.4475,-110.8649,2.0802,-2.0758
95.0800,-1.9974,-14.8026,22.3709,-97.4982,1.6102,-1.5525
95.0907,-2.3270,5.3391,21.4865,-75.5865,1.4232,-1.3945
95.1000,-2.3270,5.3391,20.9646,-36.6461,1.4232,-1.3945
95.1100,-2.3270,5.3391,20.8712,-0.6964,1.4232,-1.3945
95.1202,-2.3270,5.3391,20.8987,5.9564,1.4232,-1.3945
95.1300,-1.8930,13.9450,20.8932,-5.5792,1.1774,-1.1395
95.1400,-1.7776,11.1984,20.7669,-17.3590,1.1774,-1.1395
95.1501,-1.7062,5.8884,20.5691,-23.1573,1.1774,-1.1395
95.1600,-1.7062,5.8884,20.3164,-26.6364,1.1774,-1.1395
95.1707,-1.8820,-7.0511,20.0308,-28.4064,1.1774,-1.1395
95.1800,-1.8820,-7.0511,19.7012,-27.7960,1.1774,-1.1395
95.1901,-2.1347,-12.7274,19.3991,-25.5377,0.7938,-0.6985
95.2001,-2.2775,-14.4363,19.1519,-20.1056,0.7938,-0.6985
95.2100,-2.4203,-11.0184,18.9981,-10.2789,0.2895,-0.2562
95.2200,-2.5247,-7.9056,18.9541,-0.5133,0.2895,-0.2562
95.2303,-2.5247,-7.9056,18.9981,7.2992,0.2895,-0.2562
95.2400,-2.6126,-2.2903,19.0915,10.9613,-0.1349,0.1934
95.2500,-2.5742,1.7990,19.1574,6.7499,-0.1349,0.1934
95.2600,-2.4972,4.2404,19.1574,6.7499,-1.5806,1.5159
95.2700,-2.4258,8.0246,19.0970,-6.0065,-1.5806,1.5159
95.2801,-2.3105,12.3581,19.0420,-6.8610,-1.5806,1.5159
95.2900,-2.3105,12.3581,18.9871,-8.3258,-1.5806,1.5159
95.3001,-1.9699,18.7668,18.9377,-8.3868,-1.6991,1.6324
95.3100,-1.7941,16.8747,18.8772,-9.9127,-1.6991,1.6324
95.3205,-1.6513,13.7009,18.7619,-16.3214,-1.6991,1.6324
95.3303,-1.5305,11.0764,18.6191,-19.3732,-1.6991,1.6324
95.3401,-1.5305,11.0764,18.4817,-12.9034,-1.8767,1.9471
95.3502,-1.2723,9.9167,18.4598,-4.6637,-1.8767,1.9471
95.3600,-1.1240,9.3674,18.4982,-2.1002,-1.9322,1.9227
95.3700,-0.9756,10.5270,18.5147,-5.8234,-1.9322,1.9227
95.3800,-0.8218,11.1374,18.4543,-12.9034,-1.9322,1.9227
95.3900,-0.7065,6.1935,18.3114,-20.1666,-1.9322,1.9227
95.4000,-0.6515,1.1887,18.1411,-20.5939,-2.5911,2.5815
95.4105,-0.6241,-0.3372,18.0203,-13.5748,-2.5911,2.5815
95.4200,-0.6241,-0.3372,17.9654,-6.4337,-3.1485,3.0958
95.4305,-0.6021,-2.1683,17.9654,-1.9171,-3.1485,3.0958
95.4400,-0.6680,-10.0418,18.0093,0.7074,-3.3676,3.4105
95.4500,-0.8383,-17.3660,17.9983,0.0970,-3.3676,3.4105
95.4601,-1.0306,-15.3519,17.9709,1.5619,-3.3676,3.4105
95.4701,-1.1569,-6.4407,17.9104,0.5853,-3.3676,3.4105
95.4800,-1.1624,0.7004,17.8280,-3.1989,-3.5010,3.4953
95.4900,-1.1404,2.7145,17.7896,0.5853,-3.5010,3.4953
95.5005,-1.1789,-1.6190,17.8390,6.8719,-3.1532,3.1391
95.5104,-1.1789,-1.6190,17.8390,6.8719,-3.1532,3.1391
95.5200,-1.4261,-9.8587,18.0093,6.4447,-2.4905,2.4583
95.5300,-1.4261,-9.8587,18.1027,5.5292,-2.4905,2.4583
95.5401,-1.4920,-1.6800,18.1357,-0.1471,-2.4905,2.4583
95.5504,-1.4920,-1.6800,18.1357,-2.0392,-2.4553,2.4309
95.5603,-1.4261,1.7990,18.1686,1.9891,-2.4553,2.4309
95.5705,-1.4535,-2.2293,18.2345,5.4681,-2.4553,2.4309
95.5800,-1.4975,-5.5252,18.2345,5.4681,-2.5272,2.5126
95.5902,-1.5854,-11.2015,18.3499,4.6747,-2.5272,2.5126
95.6002,-1.7172,-15.8401,18.3499,4.6747,-2.3759,2.3802
95.6104,-1.8600,-16.1453,18.3499,2.2943,-2.3759,2.3802
95.6201,-1.9864,-13.8870,18.3444,4.0033,-1.9937,2.0069
95.6301,-1.9864,-13.8870,18.3444,4.9188,-1.9937,2.0069
95.6403,-2.1786,-9.3704,18.3389,4.9799,-1.4161,1.4786
95.6503,-2.2446,-7.6614,18.3389,4.9799,-1.4161,1.4786
95.6600,-2.3050,-8.5159,18.3004,3.7592,-1.4161,1.4786
95.6700,-2.3819,-9.9197,18.3004,3.7592,-1.4161,1.4786
95.6800,-2.4698,-10.4691,18.1851,-1.5509,-1.0020,1.0272
95.6901,-2.5522,-10.3470,18.1247,-1.8561,-0.9654,1.0272
95.7004,-2.5522,-10.3470,18.0862,-0.5133,-0.9654,1.0272
95.7103,-2.6895,-8.2718,18.0478,-0.2081,-0.9654,1.0272
95.7207,-2.7335,-6.0745,17.9983,-2.1613,-0.3643,0.3221
95.7300,-2.7719,-6.0745,17.9214,-5.2130,-0.3643,0.3221
95.7401,-2.8049,-5.5862,17.8171,-7.4103,-0.0235,-0.0226
95.7500,-2.8159,-3.6942,17.7182,-8.0206,-0.0235,-0.0226
95.7600,-2.8323,-5.1590,17.6248,-8.4479,0.5809,-0.5984
95.7700,-2.8708,-7.4783,17.5534,-8.3868,1.1416,-1.1993
95.7800,-2.8708,-7.4783,17.4765,-9.6075,1.1416,-1.1993
95.7900,-2.9806,-7.7225,17.3831,-11.4386,1.1416,-1.1993
95.8000,-3.0246,-6.0745,17.3831,-11.4386,1.1416,-1.1993
95.8100,-3.0521,-5.0980,17.1579,-12.2321,1.1416,-1.1993
95.8200,-3.0960,-6.9290,17.0370,-12.1710,1.1416,-1.1993
95.8300,-3.1345,-4.7318,17.0370,-12.1710,1.1416,-1.1993
95.8401,-3.1125,2.4704,16.7788,-12.5983,1.1416,-1.1993
95.8506,-3.0026,10.7101,16.6140,-13.4528,1.3842,-1.4048
95.8601,-2.8268,16.8747,16.4547,-12.8424,1.3842,-1.4048
95.8700,-2.6181,17.6071,16.3174,-12.1100,1.3842,-1.4048
95.8800,-2.4533,12.2971,16.1581,-16.2604,1.3842,-1.4048
95.8900,-2.4533,12.2971,15.9713,-19.1290,1.3842,-1.4048
95.9000,-2.2995,2.3483,15.7846,-17.7252,1.6398,-1.6336
95.9100,-2.2446,4.6677,15.6198,-15.1617,1.6398,-1.6336
95.9200,-2.1402,10.2829,15.6198,-15.1617,2.9201,-2.9561
95.9300,-1.7612,21.0251,15.3122,-17.1149,2.9201,-2.9561
95.9400,-1.7612,21.0251,15.3122,-17.1149,2.9201,-2.9561
95.9501,-1.4810,26.0300,14.9057,-23.1573,2.9201,-2.9561
95.9600,-1.1240,32.0114,14.9057,-23.1573,2.9760,-2.9548
95.9701,-0.7065,35.8566,14.6914,-23.2184,2.9760,-2.9548
95.9800,-0.3220,29.6921,14.2959,-22.6080,3.1509,-3.1805
95.9901,-0.0363,20.2316,14.2959,-22.6080,3.1509,-3.1805
96.0000,0.2054,24.6262,14.2959,-22.6080,3.5546,-3.5764
96.0100,0.5679,33.7204,14.0982,-21.5704,3.5546,-3.5764
96.0200,0.9964,38.6032,13.3896,-20.7770,3.9330,-3.9174
96.0300,1.3974,37.9318,13.1918,-20.9601,3.9330,-3.9174
96.0400,1.7819,38.5422,12.9941,-18.0304,3.9851,-3.9223
96.0500,2.2159,43.3029,12.7743,-17.7863,3.9851,-3.9223
96.0600,2.7322,51.1154,12.5271,-19.6173,3.8766,-3.9101
96.0700,3.2980,53.1906,12.3349,-17.1149,3.8766,-3.9101
96.0800,3.8474,48.4909,12.2360,-11.6827,3.8159,-3.7899
96.0904,4.3692,46.4767,12.1151,-12.1710,3.8159,-3.7899
96.1000,4.3692,46.4767,12.1151,-12.1710,3.3911,-3.3971
96.1100,5.3525,45.1950,11.7471,-12.6593,2.8966,-2.9237
96.1200,5.8908,47.4533,11.6098,-5.8844,2.8966,-2.9237
96.1300,6.4786,52.5803,11.4670,-5.7013,2.8966,-2.9237
96.1400,7.1268,60.9421,11.3077,-6.3116,2.8966,-2.9237
96.1500,7.8574,70.3415,11.3077,-6.3116,2.8966,-2.9237
96.1600,8.6758,74.4308,11.1538,1.7450,2.8966,-2.9237
96.1702,9.5163,77.7267,11.1209,2.1112,2.3331,-2.3387
96.1800,10.3348,74.9191,11.0934,0.2191,2.3331,-2.3387
96.1902,11.0544,66.1911,11.0660,-0.9406,2.3331,-2.3387
96.2000,11.0544,66.1911,11.0440,-0.2081,2.3331,-2.3387
96.2101,12.3343,62.0407,11.0220,-0.5133,2.0741,-2.0825
96.2201,12.9770,62.5290,10.9836,-1.7950,2.0741,-2.0825
96.2300,13.6087,60.8200,10.9341,-2.7106,2.0741,-2.0825
96.2400,14.2075,58.3176,10.9121,-1.5509,1.8377,-1.7702
96.2500,14.7897,58.2565,10.9121,-1.5509,1.8377,-1.7702
96.2600,15.3555,57.2800,10.8352,-8.0817,1.8410,-1.8245
96.2700,15.8994,56.5475,10.7473,-9.9127,1.8410,-1.8245
96.2800,16.3828,57.4020,10.6869,-8.2037,1.3926,-1.3371
96.2900,16.7893,57.0969,10.6210,-8.8751,1.3926,-1.3371
96.3000,17.2012,57.5851,10.5496,-8.8751,1.3926,-1.3371
96.3100,17.6462,62.2849,10.5002,-6.7999,0.9983,-0.9168
96.3201,18.2944,70.5856,10.4562,-6.2506,0.9983,-0.9168
96.3300,19.0140,76.9333,10.4178,-5.3351,0.9983,-0.9168
96.3402,19.7446,75.9567,10.4178,-5.3351,0.3925,-0.4050
96.3500,20.4092,68.2663,10.4178,-5.3351,0.1786,-0.0732
96.3600,20.9750,57.3410,10.4178,-5.3351,0.1786,-0.0732
96.3701,21.4365,46.4767,10.4068,-0.5743,-0.3831,0.4740
96.3800,21.7880,35.8566,10.4178,0.8905,-0.3831,0.4740
96.3900,22.0242,23.1003,10.4342,2.2943,-0.8507,0.8784
96.4000,22.1066,6.6818,10.4342,-1.0016,-0.8507,0.8784
96.4100,22.0352,-5.6473,10.4342,-1.0016,-0.8507,0.8784
96.4203,21.8814,-3.0228,10.4617,0.6464,-1.7959,1.8367
96.4300,21.8265,6.6818,10.4837,0.6464,-1.7959,1.8367
96.4401,21.8155,6.0715,10.4837,0.6464,-2.8444,2.8597
96.4504,21.8430,7.2311,10.4837,-1.3678,-3.3097,3.3465
96.4600,21.8814,7.9636,10.4837,-1.3678,-3.3097,3.3465
96.4700,21.8539,-0.1541,10.4837,1.9281,-3.7713,3.8436
96.4800,21.8045,-0.9476,10.4178,-1.8561,-3.7713,3.8436
96.4900,21.5573,-35.8597,10.3573,-7.3492,-3.7713,3.8436
96.5000,20.6509,-99.8856,10.3573,-7.3492,-3.2895,3.2434
96.5100,19.2117,-149.2630,10.3958,-5.3961,-3.2895,3.2434
96.5201,17.6022,-158.4793,10.2914,-12.2931,-2.8670,2.7920
96.5300,16.2949,-123.8724,10.1596,-10.1569,-2.8670,2.7920
96.5400,15.5148,-71.6873,10.0442,-7.4103,-2.7843,2.7932
96.5500,15.1413,-33.1741,9.9508,-9.1193,-2.8280,2.8243
96.5606,14.8557,3.2639,9.8794,-9.4855,-2.8280,2.8243
96.5700,14.8557,3.2639,9.8190,-9.7906,-2.8280,2.8243
96.5800,14.9435,18.2175,9.7366,-10.5841,-2.8280,2.8243
96.5902,15.1083,20.2927,9.6487,-10.4620,-2.8280,2.8243
96.6000,15.2292,11.0153,9.5663,-10.3400,-2.5855,2.5614
96.6104,15.2457,-3.5721,9.4839,-11.1945,-2.5855,2.5614
96.6200,15.0919,-22.2488,9.4180,-10.7672,-2.3984,2.4034
96.6300,14.7403,-39.0335,9.3631,-9.9127,-2.3984,2.4034
96.6401,14.2624,-47.9446,9.3521,-6.5558,-2.0492,1.9654
96.6501,13.7460,-47.6395,9.3796,-2.4054,-1.7522,1.6507
96.6600,13.3011,-37.9349,9.4180,-1.6119,-1.7522,1.6507
96.6701,12.9715,-27.8030,9.4455,-3.6871,-1.7522,1.6507
96.6800,12.7133,-25.3616,9.4674,-3.9923,-1.5797,1.5878
96.6901,12.4222,-26.7044,9.5114,-1.3068,-1.5797,1.5878
96.7002,12.0651,-10.6522,9.5608,-0.6964,-1.0185,0.9705
96.7100,12.0651,-10.6522,9.5608,-0.6964,-1.0185,0.9705
96.7200,11.9717,-8.6990,9.6048,-2.3444,-1.0185,0.9705
96.7300,11.9058,-10.1028,9.6048,-4.0533,-1.0185,0.9705
96.7401,11.8070,-11.0794,9.5993,-3.7482,-1.0185,0.9705
96.7504,11.6641,-15.8401,9.5663,-3.9313,-1.0185,0.9705
96.7600,11.4883,-18.6478,9.5169,-3.6261,-0.0945,0.0750
96.7700,11.3181,-16.6946,9.4784,-1.3068,0.0658,-0.0891
96.7800,11.1862,-11.6898,9.4400,-2.1613,0.0658,-0.0891
96.7901,11.0983,-7.0511,9.3905,-4.3585,0.0658,-0.0891
96.8000,11.0379,-4.5486,9.3356,-4.5416,0.0658,-0.0891
96.8100,11.0379,-4.5486,9.3136,-3.1378,0.0658,-0.0891
96.8200,10.9500,-10.8963,9.3136,-3.1378,1.3395,-1.2956
96.8300,10.8237,-17.0609,9.3136,-3.1378,1.3395,-1.2956
96.8400,10.6424,-23.3475,9.2862,-2.2833,1.4612,-1.4695
96.8500,10.4007,-26.1551,9.0555,-8.1427,1.8598,-1.8703
96.8602,10.1535,-23.6526,9.0555,-8.1427,1.8598,-1.8703
96.8703,9.9448,-16.3895,8.9291,-6.7999,1.8598,-1.8703
96.8800,9.7910,-12.3001,8.7204,-13.8800,2.7509,-2.7517
96.8900,9.6152,-14.4363,8.7204,-13.8800,2.7509,-2.7517
96.9000,9.4009,-19.0750,8.6435,-12.1100,3.5039,-3.5508
96.9105,9.1592,-21.8216,8.6050,-11.0724,3.6411,-3.5844
96.9202,8.8901,-24.7513,8.5391,-14.9786,3.6411,-3.5844
96.9301,8.6044,-26.5823,8.4347,-17.5421,3.6411,-3.5844
96.9400,8.3133,-25.9109,8.3139,-19.8615,4.2277,-4.1895
96.9500,8.0551,-22.1878,8.2864,1.6229,4.2277,-4.1895
96.9601,7.8574,-17.4271,8.2864,1.6229,4.4312,-4.3890
96.9704,7.8574,-17.4271,8.2315,-5.2740,4.4312,-4.3890
96.9800,7.6321,-10.2249,7.9184,-30.8478,3.5899,-3.6075
96.9900,7.5552,-6.0745,7.6272,-27.4908,3.5509,-3.6014
97.0000,7.5497,0.3952,7.5668,-6.7389,3.5509,-3.6014
97.0102,7.5552,0.1511,7.5393,-8.4479,3.3201,-3.3141
97.0202,7.5058,-5.8914,7.3965,-17.6642,3.3201,-3.3141
97.0301,7.4344,-7.3563,7.2537,-13.5748,3.3201,-3.3141
97.0401,7.3959,-4.1824,7.1658,-9.7296,3.3201,-3.3141
97.0500,7.3959,-4.1824,7.0779,-12.0490,3.3201,-3.3141
97.0601,7.4344,1.6769,6.9955,-12.2931,2.7072,-2.6968
97.0700,7.4619,2.1652,6.9955,-12.2931,2.7072,-2.6968
97.0800,7.5003,2.5925,6.9131,-4.7247,2.3867,-2.3784
97.0900,7.5497,4.2404,6.8857,-3.8092,2.3820,-2.3711
97.1000,7.6047,4.7287,6.8252,-10.8893,2.3820,-2.3711
97.1100,7.6761,7.4753,6.7483,-7.8986,2.3820,-2.3711
97.1203,7.8903,9.7336,6.7483,-7.8986,2.3820,-2.3711
97.1300,7.8903,9.7336,6.9571,3.4540,2.4210,-2.3882
97.1401,7.9727,7.7194,6.9626,-4.4806,2.4210,-2.3882
97.1501,8.0771,10.2219,6.9955,2.3553,2.4210,-2.3882
97.1604,8.0771,10.2219,7.0889,-0.2692,2.0694,-1.9935
97.1700,8.0771,10.2219,7.0889,-0.2692,1.6469,-1.6873
97.1800,8.5165,17.5461,7.1274,2.4774,1.6469,-1.6873
97.1900,8.5165,17.5461,7.1603,2.4774,1.5510,-1.5030
97.2000,8.9121,23.1003,7.1603,2.4774,1.5510,-1.5030
97.2100,9.1318,23.5275,7.1219,-0.1471,1.3724,-1.3560
97.2203,9.3185,20.4758,7.0889,-2.8326,1.3724,-1.3560
97.2301,9.3185,20.4758,7.0889,-1.0626,1.3724,-1.3560
97.2400,9.5932,15.9592,7.1713,8.3368,1.0401,-1.0285
97.2502,9.6976,13.8840,7.2317,5.2850,1.0401,-1.0285
97.2601,9.7635,9.8557,7.1933,-4.6027,0.0719,-0.0506
97.2700,9.7910,6.6818,7.1933,-4.6027,0.0719,-0.0506
97.2801,9.8239,7.7194,7.2427,5.0409,0.0719,-0.0506
97.2900,9.8569,7.7805,7.2921,2.5385,-0.7332,0.7491
97.3000,9.8789,5.7053,7.2976,1.3788,-0.7332,0.7491
97.3101,9.8843,3.8132,7.2867,1.2567,-0.7332,0.7491
97.3200,9.8734,2.5314,7.2592,-1.3678,-0.7332,0.7491
97.3301,9.8734,2.5314,7.2372,-0.6964,-0.7332,0.7491
97.3400,9.8349,1.1276,7.2317,1.6840,-1.5181,1.4896
97.3500,9.8184,0.8224,7.2317,0.9515,-1.5181,1.4896
97.3603,9.7965,0.3952,7.2152,0.3412,-1.5181,1.4896
97.3700,9.7745,0.0290,7.2152,2.1722,-1.5181,1.4896
97.3800,9.7745,0.0290,7.2262,2.4774,-2.0920,2.1869
97.3900,9.7415,-0.6424,7.2262,1.2567,-2.0920,2.1869
97.4000,9.7470,1.6159,7.2152,0.7074,-2.7048,2.7102
97.4101,9.7470,1.6159,7.2043,0.8295,-2.7048,2.7102
97.4205,9.7745,2.7756,7.1878,0.5243,-2.9615,2.9207
97.4300,9.8129,3.7521,7.1878,0.5243,-2.9215,2.9164
97.4400,9.8514,3.4470,7.1438,0.0970,-2.9215,2.9164
97.4500,9.8843,2.1042,7.1493,1.5619,-3.2881,3.3940
97.4600,9.8898,-0.5814,7.1548,0.2802,-3.2881,3.3940
97.4701,9.8679,-3.4500,7.1603,0.2191,-3.2881,3.3940
97.4800,9.8349,-3.9383,7.1658,0.2802,-3.4113,3.3861
97.4900,9.8074,-3.5721,7.1603,-0.5133,-3.4113,3.3861
97.5001,9.7800,-2.5955,7.1603,0.4022,-4.0241,3.9912
97.5100,9.7745,-1.3138,7.1603,0.4022,-4.0241,3.9912
97.5201,9.7690,-1.3138,7.2262,2.4164,-4.0730,4.0864
97.5300,9.7635,-1.6190,7.2262,2.4164,-4.1440,4.1035
97.5400,9.7525,-0.9476,7.2262,-0.9406,-4.1440,4.1035
97.5500,9.7525,-0.0320,7.2262,-0.9406,-4.1440,4.1035
97.5600,9.7635,0.8224,7.2152,-0.2081,-3.5819,3.5045
97.5700,9.7690,1.5549,7.2152,-0.2081,-3.5819,3.5045
97.5800,9.7800,1.3107,7.2262,0.7684,-2.8943,2.8408
97.5901,9.7800,-0.0931,7.2482,1.5619,-2.8943,2.8408
97.6003,9.7635,-1.4969,7.3306,2.5385,-2.7236,2.7029
97.6104,9.7360,-1.9852,7.3471,1.7450,-2.7236,2.7029
97.6200,9.7141,-1.6190,7.3471,1.7450,-2.5342,2.5553
97.6300,9.6976,-1.0696,7.3471,1.7450,-2.5404,2.5260
97.6402,9.6811,-0.6424,7.3471,0.8295,-2.5404,2.5260
97.6500,9.6811,-0.6424,7.4185,2.7216,-2.5404,2.5260
97.6600,9.6701,0.0290,7.4514,2.5995,-2.4811,2.4662
97.6700,9.6646,-0.1541,7.4734,2.3553,-2.4811,2.4662
97.6800,9.6646,-0.4593,7.5009,2.9657,-2.4811,2.4662
97.6910,9.6536,-0.9476,7.5284,2.9047,-2.4811,2.4662
97.7000,9.6426,-1.0696,7.5503,2.7826,-2.3853,2.3833
97.7100,9.6426,0.1511,7.5778,3.8812,-2.3853,2.3833
97.7200,9.6591,2.1042,7.6162,4.1254,-2.1958,2.2222
97.7300,9.6866,2.6535,7.6492,4.2474,-2.1958,2.2222
97.7401,9.7086,2.2263,7.6877,4.4305,-2.2457,2.2326
97.7501,9.7250,1.7380,7.6877,4.4305,-2.2457,2.2326
97.7600,9.7360,0.8835,7.7261,4.6136,-2.2090,2.2222
97.7701,9.7305,-0.0320,7.8030,4.4305,-2.2090,2.2222
97.7800,9.7305,0.5783,7.8305,4.3085,-2.0412,2.0270
97.7902,9.7470,1.9821,7.8579,4.8578,-2.0412,2.0270
97.8000,9.7635,2.0432,7.8854,4.9799,-2.0506,2.0380
97.8101,9.7800,1.9211,7.9239,5.1019,-2.0506,2.0380
97.8200,9.8019,2.7756,7.9843,6.9940,-1.9773,2.0362
97.8301,9.8239,3.0197,7.9843,6.9940,-1.9773,2.0362
97.8401,9.8459,1.9211,7.9843,6.9940,-1.9087,1.9148
97.8500,9.8514,0.6393,7.9843,6.9940,-1.9087,1.9148
97.8600,9.8514,0.1511,8.0502,7.1161,-1.9571,1.9209
97.8701,9.8569,0.8835,8.0996,5.3461,-1.9571,1.9209
97.8805,9.8679,1.9211,8.2535,4.7357,-1.9702,1.9593
97.8905,9.8898,2.7756,8.2535,4.7357,-1.9702,1.9593
97.9000,9.9173,3.4470,8.2974,5.2850,-1.9702,2.0252
97.9100,9.9448,3.8132,8.3908,3.7592,-1.9702,2.0252
97.9201,9.9722,2.8976,8.4073,2.5995,-2.0078,2.0069
97.9306,9.9887,1.4938,8.4292,3.3319,-2.0078,2.0069
97.9400,10.0052,1.6159,8.4457,3.5760,-2.0313,1.9795
97.9507,10.0272,2.5925,8.4512,1.6840,-2.0313,1.9795
97.9600,10.0601,3.6911,8.4732,2.0502,-2.1202,2.0825
97.9700,10.1041,5.0949,8.4732,2.0502,-2.1202,2.0825
97.9800,10.1535,5.4001,8.5446,2.8436,-2.0656,2.0795
97.9900,10.1975,4.1794,8.5446,0.9515,-2.0656,2.0795
98.0000,10.2249,3.3249,8.5830,2.9047,-2.1263,2.1008
98.0100,10.2524,3.3859,8.5830,2.9047,-2.1263,2.1008
98.0200,10.2799,3.2028,8.6160,3.0878,-2.1263,2.1374
98.0300,10.2853,1.4938,8.6435,2.0502,-2.1263,2.1374
98.0402,10.2799,0.1511,8.6599,1.6229,-2.1263,2.1374
98.0500,10.2524,-1.3138,8.6874,1.9281,-2.1263,2.1374
98.0600,10.2249,-1.8021,8.7149,1.8060,-2.1606,2.1588
98.0700,10.1755,-3.6942,8.7259,0.7074,-2.1606,2.1588
98.0802,10.1096,-5.4031,8.7369,0.4633,-2.1263,2.1332
98.0902,10.0327,-6.4407,8.7369,0.4633,-2.1061,2.1100
98.1001,9.9667,-5.0980,8.7533,1.0126,-2.1061,2.1100
98.1101,9.9008,-6.0745,8.7643,-0.2692,-2.1061,2.1100
98.1200,9.8239,-6.8069,8.7698,0.2802,-2.1098,2.0886
98.1300,9.7525,-5.5862,8.7753,0.1581,-2.1098,2.0886
98.1404,9.7031,-3.7552,8.7643,-0.8185,-2.1061,2.0807
98.1500,9.6536,-4.1824,8.7423,-1.6119,-2.1061,2.0807
98.1601,9.5932,-4.9149,8.7478,-0.0250,-2.1061,2.0777
98.1700,9.5273,-5.8304,8.7753,1.4398,-2.1061,2.0777
98.1800,9.4669,-4.9759,8.7753,1.4398,-1.9298,1.9239
98.1900,9.4669,-4.9759,8.7643,-2.2223,-1.9298,1.9239
98.2000,9.4669,-4.9759,8.7204,-1.8561,-1.9298,1.9239
98.2100,9.3405,-1.6190,8.6709,-0.1471,-1.9298,1.9239
98.2200,9.3185,-0.5814,8.6380,-2.5275,-1.8457,1.8593
98.2300,9.2746,-2.4734,8.6764,1.5009,-1.8457,1.8593
98.2401,9.2032,-6.5628,8.7588,3.1488,-1.6328,1.6385
98.2500,9.0659,-14.7415,8.7698,-3.6261,-1.6328,1.6385
98.2601,8.8461,-22.3709,8.7533,-2.6495,-1.4114,1.4451
98.2700,8.6374,-20.2957,8.7588,0.4022,-1.4114,1.4451
98.2800,8.5001,-11.5677,8.7753,2.0502,-1.1750,1.2035
98.2902,8.4506,-2.8397,8.7698,1.5009,-1.1750,1.2035
98.3000,8.4726,2.8976,8.7314,-0.8185,-1.0575,1.0919
98.3100,8.6154,5.4001,8.7149,-1.1237,-1.0575,1.0919
98.3200,8.6154,5.4001,8.7314,-0.0861,-0.9287,0.9626
98.3300,8.6594,0.4562,8.7643,1.3177,-0.9287,0.9626
98.3400,8.6539,-5.3421,8.7753,0.7684,-0.8460,0.8442
98.3501,8.6539,-5.3421,8.7588,-0.3912,-0.8460,0.8442
98.3600,8.5605,-6.3187,8.7588,1.1346,-0.6646,0.6875
98.3700,8.5605,-1.8631,8.7918,3.3929,-0.6646,0.6875
98.3801,8.5770,-0.2151,8.7918,3.3929,-0.5476,0.4850
98.3901,8.5880,-2.6566,8.8028,-0.5133,-0.5476,0.4850
98.4000,8.5880,-2.6566,8.8192,1.4398,-0.1147,0.0317
98.4101,8.5440,-5.7083,8.8357,1.8060,-0.1147,0.0317
98.4200,8.5440,-5.7083,8.8467,1.0736,0.2660,-0.2794
98.4300,8.5440,-5.7083,8.8577,1.2567,0.3878,-0.3977
98.4401,8.4616,-1.3748,8.8577,1.2567,0.3878,-0.3977
98.4500,8.4616,-1.1917,8.8797,0.1581,0.3878,-0.3977
98.4602,8.4616,-1.1917,8.8907,-0.6354,0.4813,-0.4990
98.4708,8.4506,-1.1917,8.8962,-0.8795,0.4780,-0.5094
98.4800,8.4451,0.3342,8.8962,-0.5743,0.4780,-0.5094
98.4900,8.4451,1.3107,8.9016,-1.0626,0.4780,-0.5094
98.5000,8.4341,0.0290,8.9016,-1.0626,0.9320,-0.8815
98.5100,8.3957,-3.5110,8.9456,-0.8185,0.9771,-0.9827
98.5200,8.3243,-6.5018,8.9731,-0.6354,0.9771,-0.9827
98.5300,8.2474,-6.6238,8.9895,-1.6730,0.9771,-0.9827
98.5402,8.1924,-3.5110,8.9895,-1.6730,1.1524,-1.1072
98.5500,8.1760,1.1887,9.0060,-1.0626,1.1524,-1.1072
98.5600,8.1979,3.9352,9.0390,-1.0016,1.1299,-1.1194
98.5703,8.2144,2.2263,9.0500,-1.3068,1.1571,-1.1590
98.5800,8.2034,-1.6190,9.0500,-1.3068,1.1571,-1.1590
98.5900,8.1705,-3.4500,9.0664,-1.4899,1.1571,-1.1590
98.6000,8.1375,-2.5345,9.0664,-1.4899,1.1003,-1.0992
98.6105,8.1375,-2.5345,9.0664,-1.4899,1.1003,-1.0992
98.6200,8.1210,-0.0931,9.0774,-0.5743,0.8634,-0.8320
98.6301,8.1210,-0.2762,9.0774,-0.7574,0.8634,-0.8320
98.6401,8.1210,-0.6424,9.0774,-0.7574,0.6745,-0.6814
98.6500,8.1155,-0.6424,9.0664,-1.1847,0.6745,-0.6814
98.6601,8.1101,-0.8865,9.0555,-1.1847,0.6176,-0.5789
98.6705,8.1101,-0.8865,9.0445,-0.8795,0.6176,-0.5789
98.6801,8.1046,-1.0696,9.0390,-0.4523,0.5715,-0.5600
98.6900,8.0936,-1.3748,9.0390,-0.4523,0.5715,-0.5600
98.7003,8.0771,-1.4969,9.0445,-0.6354,0.4930,-0.5508
98.7100,8.0661,-1.4359,9.0445,-1.2457,0.4930,-0.5508
98.7200,8.0606,-0.7034,9.0445,-0.8795,0.5288,-0.5155
98.7300,8.0661,0.3342,9.0335,-1.4288,0.5288,-0.5155
98.7400,8.0771,0.2121,9.0225,-2.4054,0.4023,-0.3483
98.7504,8.0771,-0.5203,9.0060,-1.5509,0.4023,-0.3483
98.7602,8.0716,-0.7034,9.0060,-1.5509,0.2909,-0.3312
98.7701,8.0606,-0.9476,8.9731,-1.4899,0.2909,-0.3312
98.7800,8.0441,-1.3138,8.9621,-0.1471,0.2909,-0.3312
98.7900,8.0277,-1.3748,8.9676,0.2191,0.2980,-0.3148
98.8001,8.0112,-1.4969,8.9621,-1.3678,0.2980,-0.3148
98.8100,7.9837,-1.9852,8.9621,-1.3678,0.2980,-0.3148
98.8200,7.9562,-2.6566,8.9621,-1.3678,0.2980,-0.3148
98.8302,7.9233,-3.0228,8.9621,-1.3678,0.2980,-0.3148
98.8401,7.8903,-2.4734,8.9346,-1.9781,0.2909,-0.2532
98.8500,7.8903,-2.4734,8.8742,-1.7340,0.2909,-0.2532
98.8600,7.8629,-0.1541,8.8742,-1.7340,0.1983,-0.2117
98.8702,7.8629,0.0900,8.8577,-1.7340,0.1983,-0.2117
98.8802,7.8519,-0.7645,8.8357,-1.8561,0.1889,-0.2068
98.8900,7.8354,-1.9852,8.8357,-1.8561,0.1739,-0.1915
98.9000,7.8079,-2.5345,8.7753,-2.2833,0.1739,-0.1915
98.9102,7.7860,-2.4734,8.7478,-2.6495,0.1739,-0.1915
98.9206,7.7585,-2.3514,8.7204,-2.4664,0.1763,-0.1458
98.9300,7.7310,-2.9007,8.6984,-2.4664,0.1763,-0.1458
98.9402,7.6981,-3.4500,8.6709,-2.5885,0.1053,-0.1208
98.9500,7.6596,-3.4500,8.6380,-2.5275,0.1053,-0.1208
98.9600,7.6321,-2.9007,8.6105,-2.6495,0.0757,-0.0628
98.9703,7.6157,-1.9852,8.5775,-2.7106,0.0757,-0.0628
98.9800,7.6047,-1.1917,8.5391,-2.7716,0.0047,0.0427
98.9906,7.5992,-0.5814,8.5061,-2.5885,0.0047,0.0427
99.0000,7.5992,-0.3372,8.4732,-2.0392,-0.0733,0.0183
99.0102,7.5827,-1.4969,8.4732,-2.0392,-0.0733,0.0183
99.0204,7.5827,-1.4969,8.4237,-3.8092,-0.0733,0.0183
99.0300,7.5827,-1.4969,8.3908,-4.1754,-0.0733,0.0183
99.0400,7.5113,-5.5862,8.3633,-3.8702,-0.0033,0.0134
99.0501,7.4564,-5.9525,8.3304,-3.8092,-0.0033,0.0134
99.0600,7.4179,-3.5721,8.3029,-2.8326,-0.0174,0.0134
99.0702,7.4014,-1.3748,8.2919,-1.7340,-0.0174,0.0134
99.0800,7.3959,-0.7034,8.2864,-1.8561,-0.0174,0.0134
99.0900,7.3904,-1.0086,8.2754,-3.0157,-0.0174,0.0134
99.1000,7.3795,-1.4359,8.2535,-3.9313,-0.0056,-0.0226
99.1100,7.3685,-1.8021,8.2315,-3.5040,-0.0056,-0.0226
99.1200,7.3465,-1.7410,8.2315,-3.5040,0.0174,0.0317
99.1300,7.3300,-1.4969,8.2095,-3.0157,0.0447,-0.0317
99.1400,7.3135,-1.4359,8.2095,-3.0157,0.0447,-0.0317
99.1501,7.2971,-1.3138,8.2095,-3.0157,0.0625,-0.0506
99.1602,7.2806,-0.5814,8.2095,-3.0157,0.0625,-0.0506
99.1701,7.2806,-0.5814,8.1491,-1.7950,0.0625,-0.0506
99.1806,7.2751,0.2731,8.1106,-4.4196,0.0625,-0.0506
99.1900,7.2641,-0.7645,8.1106,-4.4196,0.0625,-0.0506
99.2000,7.2476,-0.9476,8.1106,-4.4196,0.0625,-0.0506
99.2100,7.2311,-1.0696,8.0447,-2.7716,0.0625,-0.0506
99.2202,7.2092,-1.2527,8.0392,-1.6119,0.0625,-0.0317
99.2300,7.1872,-1.0696,8.0392,-1.6119,0.0625,-0.0317
99.2400,7.1872,-1.0696,8.0392,-1.7950,0.0733,-0.1055
99.2501,7.1487,-1.4969,8.0392,-1.7950,0.0733,-0.1055
99.2601,7.1268,-1.6190,8.0502,-2.1613,0.0733,-0.1055
99.2702,7.1048,-1.0086,8.0447,-2.3444,0.0733,-0.1055
99.2804,7.0938,-0.2151,8.0337,-2.5885,0.1053,-0.1976
99.2900,7.0828,0.2121,8.0172,-2.3444,0.1560,-0.1610
99.3003,7.0828,0.2121,8.0118,-1.3068,0.1560,-0.1610
99.3102,7.0773,0.3342,8.0227,-0.5133,0.1560,-0.1610
99.3200,7.0773,0.3342,8.0227,-0.5133,0.1786,-0.2361
99.3301,7.0773,0.3342,8.0063,-2.2833,0.1786,-0.2361
99.3400,7.0554,-1.0696,8.0008,-1.4899,0.1786,-0.2361
99.3500,7.0389,-1.2527,8.0063,-0.3302,0.1786,-0.2361
99.3600,7.0224,-0.9476,8.0172,-0.1471,0.2684,-0.2452
99.3700,7.0169,-0.4593,8.0172,-0.1471,0.2684,-0.2452
99.3800,7.0169,0.3342,8.0227,-0.4523,0.2341,-0.2562
99.3900,7.0279,1.1887,8.0227,-0.2081,0.2388,-0.2733
99.4002,7.0444,1.6769,8.0282,0.1581,0.2388,-0.2733
99.4100,7.0664,1.7380,8.0392,0.7074,0.2388,-0.2733
99.4200,7.0828,1.3718,8.0557,1.0126,0.3097,-0.2452
99.4300,7.0828,1.3718,8.0722,0.7074,0.3097,-0.2452
99.4400,7.1048,1.4328,8.0722,0.7074,0.2674,-0.2574
99.4500,7.1268,2.1042,8.0722,0.7074,0.2674,-0.2574
99.4601,7.1542,2.7756,8.0996,0.8295,0.2519,-0.2806
99.4700,7.1817,2.9587,8.0996,0.8295,0.2519,-0.2806
99.4800,7.2092,2.7756,8.1161,1.0736,0.2886,-0.2702
99.4900,7.2366,2.8976,8.1326,1.1957,0.2886,-0.2702
99.5000,7.2696,3.2639,8.1765,1.8671,0.2886,-0.2672
99.5100,7.3026,3.5690,8.1765,1.8671,0.2721,-0.2483
99.5200,7.3355,3.8742,8.1765,1.8671,0.2721,-0.2483
99.5302,7.3795,4.5456,8.1765,1.8671,0.2721,-0.2483
99.5400,7.4344,5.5832,8.2699,0.9515,0.2721,-0.2483
99.5500,7.4948,6.3766,8.2699,0.9515,0.2721,-0.2483
99.5601,7.5607,6.3766,8.2864,1.3177,0.2519,-0.2379
99.5700,7.6157,5.8273,8.3084,2.0502,0.2519,-0.2379
99.5800,7.6706,5.2780,8.3413,3.2709,0.2684,-0.2654
