time,hip_flexion_l_power,hip_adduction_l_power,hip_rotation_l_power,knee_angle_l_power,ankle_angle_l_power,subtalar_angle_l_power,hip_flexion_r_power,hip_adduction_r_power,hip_rotation_r_power,knee_angle_r_power,ankle_angle_r_power,subtalar_angle_r_power
65,0.0829695868030202,0,0,0.00186545380095492,-0,-0,0.00738614432518744,-0,-0,0.124204427842883,0,0
65.005,0.0804730376197566,0,0,0.000935232829755652,-0,-0,0.00536743188925969,-0,-0,0.134449139710922,0,0
65.01,0.0749961606515371,0,0,0.00019630924182547,-0,-0,0.00371002104869671,-0,-0,0.140639025689258,0,0
65.015,0.0658248464997332,0,0,-0.00024130094376046,-0,-0,0.00239003328169235,-0,-0,0.142122340858396,0,0
65.02,0.0566147839347535,0,0,-0.000197834227195405,-0,-0,0.00139113809143594,-0,-0,0.141136553168892,0,0
65.025,0.0473157179745435,0,0,0.00038214823977911,-0,-0,0.000664713182168173,-0,-0,0.137397852814135,0,0
65.03,0.0352571571896421,0,0,0.00166912206203523,-0,-0,0.000164255576802917,-0,-0,0.127185681743392,0,0
65.035,0.0216925115083412,0,0,0.00387707422436514,-0,-0,-0.000162460830617785,-0,-0,0.113270615590626,0,0
65.04,0.00797448214885495,0,0,0.00710817299465463,-0,-0,-0.000356228260993188,-0,-0,0.0979544813929671,0,0
65.045,-0.0058441671405547,-0,0,0.0114982187886488,-0,-0,-0.000451319101751877,-0,-0,0.0816637188537112,0,0
65.05,-0.00857045309978566,-0,0,0.0154541654149619,-0,-0,-0.000487715293405731,-0,-0,0.0692966990883164,0,0
65.055,-0.011133796016182,-0,0,0.0200320413941036,-0,-0,-0.000481257119193348,-0,-0,0.0552585449501044,0,0
65.06,-0.0135933126221727,-0,0,0.0252985956637502,-0,-0,-0.000449082780782007,-0,0,0.0401680890838313,0,0
65.065,-0.0155306229714895,-0,0,0.0311373177385873,-0,-0,-0.000393786308967588,-0,0,0.0239083124930623,0,-0
65.07,-0.0158730743586737,-0,0,0.0369460230128335,-0,0,-0.000291943513057148,0,0,0.00771656619765327,0,-0
65.075,-0.015999024039225,-0,0,0.04324457122619,-0,0,-0.000184588891882184,0,0,-0.0027579015121927,0,-0
65.08,-0.0158766130720374,-0,0,0.0500053939853661,-0,0,-6.91012993595048e-05,0,0,-0.00727078157352347,0,-0
65.085,-0.0156094548195973,-0,0,0.057525140641098,-0,0,5.75554040658617e-05,0,0,-0.00507107066830624,0,-0
65.09,-0.0151615401172706,-0,0,0.0658741367256615,-0,0,0.000206291021740025,0,0,0.00447075989536913,0,-0
65.095,-0.0143937502430276,-0,0,0.0747132049510427,-0,0,0.000396964892837193,0,0,0.0204322867314319,0,-0
65.1,-0.0133094146485916,-0,0,0.0839867037856327,0,0,0.000648524664510204,0,0,0.0420861999593279,0,-0
65.105,-0.0119161092569892,-0,0,0.0948613615174285,0,0,0.000998423508957714,0,0,0.070178692814887,0,-0
65.11,-0.0102491423322046,-0,0,0.107156568544119,0,0,0.00147372314087031,0,0,0.103496751640212,0,-0
65.115,-0.00835504124013768,-0,-0,0.120173596511381,0,0,0.00209761090332024,0,0,0.139872929411113,0,-0
65.12,-0.00628195162910826,-0,-0,0.133907684822484,0,-0,0.00290456902668628,0,0,0.177985077585181,0,-0
65.125,-0.00397113140236307,-0,-0,0.143778085738386,0,-0,0.00351618398913463,0,0,0.196787644630489,0,-0
65.13,-0.00169247491539852,-0,-0,0.152429805620804,0,-0,0.00411549815492815,0,0,0.208561391758205,0,-0
65.135,0.000450210283513286,-0,-0,0.160928529885426,0,-0,0.00479195878851137,0,0,0.217658121302995,0,-0
65.14,0.00244080819064706,-0,-0,0.170418158851894,0,-0,0.00568195030979567,0,0,0.224102127755315,0,-0
65.145,0.00459623129121825,-0,-0,0.185867592621124,0,-0,0.00747797499725888,0,0,0.228656505592476,0,-0
65.15,0.00690783464069476,-0,-0,0.202308499622198,0,-0,0.00965856900465,0,0,0.230192480344909,0,-0
65.155,0.00941826596589529,-0,-0,0.219845158198355,0,-0,0.0122747646393623,0,0,0.228751113166163,0,-0
65.16,0.0122334659847684,-0,-0,0.238451471905226,0,-0,0.0154034737250276,0,0,0.223920612431799,0,-0
65.165,0.016440828246809,-0,-0,0.255879975838379,0,-0,0.019646691728984,0,0,0.206098282065111,-0,-0
65.17,0.0214839883562322,-0,-0,0.274343300247943,0,-0,0.0246390148215001,0,0,0.187051211254585,-0,-0
65.175,0.027477897802529,-0,-0,0.293814345013178,0,-0,0.0304505152472067,0,0,0.16727983258959,-0,-0
65.18,0.0342267015022801,-0,-0,0.313787100267172,0,-0,0.0371984411238971,0,0,0.153995704645561,-0,-0
65.185,0.0415035412544588,-0,-0,0.333787248635092,0,-0,0.0449983453838625,0,0,0.149716250254891,-0,-0
65.19,0.0498185911112039,-0,-0,0.354210551984164,0,-0,0.0538367041735606,0,0,0.1426948072853,-0,-0
65.195,0.0592117273705377,-0,-0,0.374726990136303,0,-0,0.0637664686236139,0,-0,0.133110688236684,-0,-0
65.2,0.0746982937208831,-0,-0,0.393026338167609,0,-0,0.0745395321028831,0,-0,0.120142107777405,-0,-0
65.205,0.108164794692552,-0,-0,0.404699192866726,0,-0,0.0854639039135955,0,-0,0.102749284251185,-0,-0
65.21,0.145164606614087,-0,-0,0.415029151786931,0,-0,0.0973526168245543,0,-0,0.0847736516495511,-0,-0
65.215,0.185232293442112,-0,-0,0.423591619367037,0,-0,0.110202976953965,0,-0,0.0664396815686624,-0,-0
65.22,0.227564921627052,-0,-0,0.424097589960331,0,-0,0.122220029925827,0,-0,0.0461437883184758,-0,0
65.225,0.271485476168979,-0,-0,0.416118202557626,0,-0,0.132899403243839,0,-0,0.0261616757630951,-0,0
65.23,0.316560375795153,-0,0,0.405659485605826,0,-0,0.143913842785264,0,-0,0.00915683843172414,-0,0
65.235,0.362065416184396,-0,0,0.392633317088977,0,-0,0.155206286418342,0,-0,-0.00491380484042464,-0,0
65.24,0.402165629643574,-0,0,0.365572423520428,0,-0,0.170639606552,0,-0,-0.0152425400448448,-0,0
65.245,0.43863728190448,-0,0,0.331574812724539,0,-0,0.188637071798913,0,-0,-0.0209231865503771,-0,0
65.25,0.473278831259391,-0,0,0.296633967239954,0,-0,0.207366361475226,0,-0,-0.022400250012133,-0,0
65.255,0.5051069304522,-0,0,0.261266613029877,0,-0,0.226781009353952,0,-0,-0.0200212024862208,-0,0
65.26,0.502672146346351,-0,0,0.228136070701049,0,-0,0.250251673674729,0,-0,-0.0136057226150176,-0,0
65.265,0.497379020920935,-0,0,0.195372150451061,0,-0,0.274437216376258,0,-0,-0.0039258637109067,-0,0
65.27,0.489372562971082,-0,0,0.163529022130407,-0,-0,0.299191655545694,0,-0,0.00862229865715179,-0,0
65.275,0.479170486293842,-0,0,0.134220561742682,-0,-0,0.323495494561095,0,-0,0.0228300678827473,-0,0
65.28,0.471604159926475,-0,0,0.122049998463516,-0,0,0.33390038877802,0,-0,0.0250101646351512,-0,0
65.285,0.461858235066392,-0,0,0.109087321067854,-0,0,0.343518983930692,0,-0,0.0270921125305952,-0,0
65.29,0.450205695519757,-0,0,0.0956485301527065,-0,0,0.352285786730996,0,-0,0.0290822565059116,-0,0
65.295,0.436943264635204,-0,0,0.0820225735063134,-0,0,0.360141754512886,0,-0,0.0309852682959864,-0,0
65.3,0.417944447396115,0,-0,0.065782481906024,-0,0,0.371044454401376,0,-0,0.0384852534075689,-0,0
65.305,0.39130101094576,0,-0,0.0472186162100557,-0,0,0.38765913776679,0,-0,0.0556861890520534,-0,0
65.31,0.364784528479576,0,-0,0.0315992829942292,-0,0,0.403467163466718,0,-0,0.0734408996983193,-0,0
65.315,0.338707733296932,0,-0,0.0189930189335477,-0,0,0.418339580517928,0,-0,0.091519662267331,-0,0
65.32,0.31333550598029,0,-0,0.0093972782409701,-0,0,0.432156460783492,0,-0,0.109706873759703,-0,0
65.325,0.290672882867408,0,-0,0.00276422508597501,-0,0,0.432676342488465,0,-0,0.12039225051661,-0,0
65.33,0.269402135548016,0,-0,-0.00108218684024719,-0,0,0.428659047896384,0,-0,0.128715414370878,-0,0
65.335,0.249143961431946,0,-0,-0.00229958416886955,-0,0,0.423422866722882,0,-0,0.136578172751227,-0,0
65.34,0.229982832377991,0,-0,-0.00105909325631161,-0,0,0.417026364139226,0,-0,0.143899131204971,0,0
65.345,0.205809851288058,0,-0,0.00363164499454501,-0,0,0.394020571943223,0,-0,0.158827844625228,0,0
65.35,0.182052624582274,0,-0,0.0114299153877091,-0,0,0.36680684744138,0,-0,0.174776122838574,0,0
65.355,0.160155561487787,0,-0,0.0219448132605131,-0,0,0.339235780635755,-0,0,0.189661221748781,0,0
65.36,0.140042223371054,0,-0,0.0349990253000122,-0,0,0.311531950332878,-0,0,0.203327913308366,0,0
65.365,0.131130966590456,0,-0,0.043173175459964,-0,0,0.297016006057739,-0,0,0.192333440092811,0,0
65.37,0.123597601394213,0,-0,0.0511030892083729,-0,0,0.283350023075484,-0,0,0.178992803770333,0,0
65.375,0.116521327932533,0,-0,0.0593172359871107,-0,0,0.269482085800292,-0,0,0.165497018785754,0,0
65.38,0.110019054496732,0,-0,0.0666258438157485,-0,0,0.25759664039714,-0,0,0.154432791833876,0,0
65.385,0.104248949760615,0,-0,0.0707849293018134,-0,0,0.250686953921706,-0,0,0.149271586604858,0,0
65.39,0.0987175971256059,0,-0,0.0746000865166898,-0,0,0.243494939098302,-0,0,0.143635850574223,0,0
65.395,0.0933733581211611,0,-0,0.0781645587925686,-0,0,0.236104870647312,-0,0,0.137577160531931,0,0
65.4,0.0882472888562928,0,-0,0.0814679484665302,-0,0,0.228061328334116,-0,0,0.130427977351971,0,0
65.405,0.0840664173612249,0,-0,0.0832696054313518,-0,0,0.214105285497037,-0,0,0.115255586444865,0,0
65.41,0.0798086863039971,0,-0,0.0850121648065159,-0,0,0.200630272077034,-0,0,0.100786624347751,0,0
65.415,0.0754384845881975,0,-0,0.0868410024967437,0,0,0.187699244419972,0,0,0.0871164312031564,0,0
65.42,0.0709261586559086,0,-0,0.0889010841379976,0,0,0.175363880017569,0,0,0.0743274323707747,0,0
65.425,0.0650618629660837,0,-0,0.0807835119597326,0,-0,0.156738192959336,0,0,0.0579377851997617,0,0
65.43,0.0590987211609773,0,-0,0.0709925206045938,0,-0,0.13845870719828,0,0,0.0427374364953498,-0,0
65.435,0.0531847038841174,0,-0,0.0608937912850726,0,-0,0.121336724123842,0,0,0.0293226686688882,-0,0
65.44,0.046910672710534,0,-0,0.0524711241821777,0,-0,0.106881475814532,0,0,0.0184890027688799,-0,0
65.445,0.0391047411562978,0,-0,0.0528129893235658,0,-0,0.100367970903848,0,0,0.0126164195151482,-0,0
65.45,0.031934006021279,0,-0,0.0538862771784831,0,-0,0.0943367229542678,0,0,0.00762011616236672,-0,0
65.455,0.0254190905495764,0,-0,0.0557149584370005,0,-0,0.0887736363469033,0,0,0.00346364328582443,-0,-0
65.46,0.0197983194444877,-0,-0,0.0594979128950389,0,0,0.082980120883593,0,0,0.000376347024469694,-0,-0
65.465,0.0150767242791088,-0,-0,0.0660750106763354,0,0,0.0765127981487336,0,0,-0.00163039032979033,-0,-0
65.47,0.0108324186251393,-0,-0,0.0732897845843444,0,0,0.0704947049623578,0,0,-0.00312899409646664,-0,-0
65.475,0.00708353873908508,-0,-0,0.0809527380794361,0,0,0.0648713987308211,0,0,-0.00416858724349278,-0,-0
65.48,0.00388858163067636,-0,-0,0.0888271862355765,0,0,0.0592554108423258,0,0,-0.00451383739449063,-0,-0
65.485,0.00115198869682199,-0,-0,0.0966424756278571,0,0,0.0536636073319047,0,0,-0.00440604540809593,-0,-0
65.49,-0.00118063692316411,-0,-0,0.104099572132718,0,0,0.0482872014645738,0,0,-0.00413350512506554,-0,-0
65.495,-0.00310758514022606,-0,0,0.110879160375996,0,0,0.0430600165851774,0,0,-0.00371757704803673,-0,-0
65.5,-0.00464092610569279,-0,0,0.11814448265622,0,0,0.0380410984914187,0,0,-0.00312411511199076,-0,-0
65.505,-0.0057946743815536,-0,0,0.124455262709827,0,0,0.0330887333759631,0,0,-0.00242892663293718,-0,-0
65.51,-0.00658754951322353,-0,-0,0.129001853193188,-0,0,0.028109747414248,0,0,-0.00164988502481642,-0,-0
65.515,-0.00704634538899031,-0,-0,0.131504438643899,-0,0,0.0230576793302334,0,0,-0.000775840458917612,-0,-0
65.52,-0.00723049050227609,-0,-0,0.125084785101184,-0,0,0.0190433041021385,0,0,0.00021255656411444,-0,-0
65.525,-0.00715563316889602,-0,-0,0.116721668210291,-0,0,0.0150078261192569,0,0,0.00133633672229411,-0,-0
65.53,-0.00685893184424985,-0,-0,0.106977927801787,-0,0,0.010857596273385,0,0,0.00263579649449036,-0,-0
65.535,-0.00637328869935645,-0,-0,0.0960761398028657,-0,0,0.00685895926695095,0,0,0.00416334159647261,-0,-0
65.54,-0.00567016684349802,-0,-0,0.0847516829917846,-0,0,0.00543111326027553,-0,0,0.00599920385098403,-0,-0
65.545,-0.0048794410330606,-0,-0,0.0725734207924476,-0,0,0.00399793025197774,-0,0,0.00820698477813806,-0,-0
65.55,-0.00404732570031416,0,-0,0.0598953845335374,-0,0,0.00257224141077989,-0,0,0.0108692799378596,-0,-0
65.555,-0.00317168700103834,0,-0,0.0474361908521178,-0,0,0.00160208109320678,-0,0,0.0140697442676678,-0,-0
65.56,-0.00224538144644183,0,-0,0.0358068548285983,-0,0,0.00181584617428927,-0,0,0.0178868206706735,-0,0
65.565,-0.00144083460863851,0,-0,0.0244342347929609,-0,0,0.00211118514598756,-0,0,0.0224315514423583,-0,0
65.57,-0.000792176272915675,0,0,0.0137391293269388,-0,0,0.00249121439292746,-0,0,0.0278001792042226,-0,0
65.575,-0.000260372410756396,0,0,0.00375284218927589,-0,0,0.00330191279791826,-0,0,0.033973132393832,-0,0
65.58,7.10720749573e-05,0,0,-0.0027453224908684,-0,0,0.00470207136511169,-0,0,0.0409081482679154,-0,0
65.585,5.34175998156042e-05,0,0,-0.00395816541584113,0,-0,0.00614073176773732,-0,0,0.0488000053599614,-0,0
65.59,-0.000307749561291396,0,0,7.3198398229019e-05,0,-0,0.00758078379043556,-0,0,0.0576864193445542,-0,0
65.595,-0.000967103267825495,0,0,0.00914791197155165,0,-0,0.00769494123862748,-0,-0,0.0672270247747261,-0,0
65.6,-0.00187524455151706,0,0,0.0229290888429061,0,-0,0.00746176067554265,-0,-0,0.0775588351701739,0,0
65.605,-0.00298552244337234,0,0,0.0409488107462622,0,-0,0.0072323938203707,-0,-0,0.0887326808374585,0,0
65.61,-0.00423528642616542,0,0,0.0626199196806874,0,-0,0.00697997047983162,-0,-0,0.100694500936072,0,0
65.615,-0.00592000817856135,0,0,0.101090262445513,0,-0,0.00601610866572166,-0,-0,0.11322010942861,0,0
65.62,-0.0077474279641036,0,0,0.147538318415325,0,-0,0.00496335445161864,-0,-0,0.126315420535831,0,0
65.625,-0.0095060589565743,0,0,0.197739004287216,0,-0,0.00397541928677838,-0,-0,0.139932345943807,0,0
65.63,-0.0110414811967102,0,0,0.250188293634419,0,-0,0.00304821915763525,-0,-0,0.153998230620393,0,0
65.635,-0.0109749778389037,0,0,0.269041994271987,0,-0,0.0027757108481091,-0,-0,0.166403201211175,0,0
65.64,-0.0103175841316599,0,0,0.280705510139106,0,-0,0.00226591226692053,-0,-0,0.178473827101215,0,0
65.645,-0.00922096292153761,0,0,0.289456297397531,0,-0,0.00138337553388462,-0,-0,0.190432210618586,0,0
65.65,-0.0076806257583904,0,0,0.295206102577658,0,-0,0.000110397340486782,-0,-0,0.202288670228475,0,-0
65.655,-0.00595055949101842,0,0,0.287225539361285,0,-0,-0.00124166330844637,-0,-0,0.216034317426364,0,-0
65.66,-0.00359670847823273,0,0,0.275482918592385,0,-0,-0.00218984146927819,-0,-0,0.230299504956774,0,-0
65.665,-0.000532850276233744,0,0,0.261440751502493,-0,-0,-0.00263338102178865,-0,-0,0.245009331169149,0,-0
65.67,0.00328739578049444,0,0,0.245478020841958,-0,-0,-0.0024603548735925,-0,-0,0.260284140001452,0,-0
65.675,0.00790432023649391,0,0,0.227969199465954,-0,-0,-0.00154783122415201,-0,-0,0.276243153201989,0,-0
65.68,0.0135842063232696,0,0,0.21960706837849,-0,-0,0.0005795385027248,-0,0,0.292458109222331,0,-0
65.685,0.0204295530661026,0,0,0.212232936054704,-0,-0,0.00396187113248339,-0,0,0.309296149911494,0,-0
65.69,0.0284495113269016,0,0,0.202369349591383,-0,-0,0.00862619192590065,-0,0,0.326938847330812,0,-0
65.695,0.0376894482760508,0,0,0.190127532161329,-0,-0,0.0146730020724109,-0,0,0.345335750769856,0,-0
65.7,0.0473952536973711,0,0,0.189408237099486,-0,-0,0.0204400622419172,-0,0,0.355490236373699,0,-0
65.705,0.0578750848956264,0,-0,0.186078277958413,-0,-0,0.0269402438256229,-0,0,0.363639266420705,0,-0
65.71,0.0692579701598932,0,-0,0.176879534201551,-0,-0,0.034528261566338,-0,0,0.371495819563219,0,-0
65.715,0.0815236979920133,0,-0,0.162023889126966,-0,-0,0.0431762231646864,-0,0,0.378820528192453,0,-0
65.72,0.0958745968402982,0,-0,0.128387052893728,-0,-0,0.0715264133435146,-0,0,0.393375110523108,0,-0
65.725,0.112165121491487,0,-0,0.0898490800735743,-0,0,0.114954406884582,-0,0,0.411752462482356,0,-0
65.73,0.129678118729015,0,-0,0.0568741453679639,-0,0,0.1620766011902,-0,0,0.428467986498775,0,-0
65.735,0.148342917359407,0,-0,0.0296322740348365,-0,0,0.212181583776556,-0,0,0.442925059750652,0,-0
65.74,0.167660149410611,0,-0,0.00853730631704316,-0,0,0.259732976406122,-0,0,0.438967561763383,0,-0
65.745,0.187822065102958,0,-0,-0.00830957402800277,-0,0,0.307951330003048,-0,0,0.430745027375837,0,-0
65.75,0.208735826742733,0,-0,-0.0210299112292717,-0,0,0.35653901599259,-0,0,0.419583512550324,0,-0
65.755,0.231629581814059,0,-0,-0.0287312770818232,-0,0,0.396114781220987,-0,0,0.401893108147397,0,-0
65.76,0.258495897540528,0,-0,-0.0287806445380456,-0,0,0.414038824180737,-0,0,0.373563165322014,0,-0
65.765,0.286092522561919,0,-0,-0.0231162516521301,-0,0,0.429881055563326,-0,0,0.343310320922382,-0,-0
65.77,0.314184126866331,0,-0,-0.0123179880143758,-0,0,0.443464920487803,-0,0,0.311529763579341,-0,-0
65.775,0.343296866955339,0,-0,0.00449449517138816,-0,0,0.447738592669146,-0,0,0.276994821686988,-0,-0
65.78,0.373757213986887,0,-0,0.0281718845802667,-0,0,0.438454105214126,-0,0,0.239571410303103,-0,-0
65.785,0.404080284440212,0,-0,0.0557005462344799,-0,0,0.427088185249207,-0,0,0.202843208848443,-0,-0
65.79,0.434002774371682,0,-0,0.0862505956412027,-0,0,0.413880180206328,-0,0,0.167466358475059,-0,0
65.795,0.457074588587666,0,-0,0.117061857636096,-0,0,0.401519275373692,-0,0,0.134036472071377,-0,0
65.8,0.46928336019033,0,-0,0.146027488397686,-0,0,0.39145523779854,0,0,0.103150110691122,-0,0
65.805,0.479969690500239,0,-0,0.17545453224172,-0,0,0.380117902710891,0,-0,0.0754461902493269,-0,0
65.81,0.489101506890908,0,-0,0.20483827499345,-0,0,0.367753711626241,0,-0,0.0513953546943503,-0,0
65.815,0.489965360446609,0,-0,0.229302531767509,-0,0,0.353027296111225,0,-0,0.0322663549835603,-0,0
65.82,0.47863740233215,0,-0,0.245794138430704,-0,0,0.335431648452752,0,-0,0.0182483955937864,-0,0
65.825,0.465734125459908,0,-0,0.261049228080786,-0,0,0.317742267658321,0,-0,0.00786832055400542,-0,0
65.83,0.451437885850148,0,-0,0.275000461980238,-0,0,0.30016137219025,0,-0,0.0012115539793665,-0,0
65.835,0.433972069577105,0,0,0.285183360992503,-0,0,0.281725601866148,0,-0,-0.00138115636497275,-0,0
65.84,0.414334183704777,-0,0,0.292616843472059,-0,0,0.263134239799728,0,-0,-0.000789275059669217,-0,0
65.845,0.393917023957026,-0,0,0.298844703676403,-0,0,0.24520632962286,0,-0,0.00249930582592943,-0,0
65.85,0.37292393011904,-0,0,0.303955670772479,0,0,0.22802427487674,0,-0,0.0083107761218051,-0,0
65.855,0.358002710206687,-0,0,0.300365744792452,0,0,0.212037898711227,0,-0,0.0143116521844203,-0,0
65.86,0.344136934742535,-0,0,0.294447326567689,0,0,0.196932370369337,0,-0,0.0202157646805466,-0,0
65.865,0.330042522639813,-0,0,0.288038636503365,0,0,0.182626913879513,0,-0,0.026124934408915,-0,0
65.87,0.315846324579489,-0,0,0.281264443931411,0,0,0.169114912138415,0,-0,0.0318580554674137,-0,0
65.875,0.302803956892841,-0,0,0.26236215827415,0,0,0.158864796867507,0,-0,0.0353664860283786,-0,0
65.88,0.289970155549497,-0,0,0.242411378893419,0,0,0.149414071601216,0,-0,0.0376155124132438,-0,0
65.885,0.277291736095844,-0,0,0.222912692247624,0,0,0.140428437901053,0,-0,0.0387114686609529,-0,0
65.89,0.265927080373739,-0,0,0.205997707518724,0,0,0.13216500821664,0,-0,0.0389586753119581,-0,0
65.895,0.260748079550023,-0,0,0.200746735131797,0,0,0.125809251751611,0,-0,0.0401703834964658,-0,0
65.9,0.255638707812914,-0,0,0.195485972378934,0,0,0.119624182231935,0,-0,0.0407030760631776,-0,0
65.905,0.250619816659468,-0,0,0.190223799214346,0,0,0.113576964307887,0,-0,0.0406706251165333,-0,0
65.91,0.243945593195913,-0,0,0.181364192804775,0,0,0.10744502497625,0,-0,0.0403654597707148,-0,0
65.915,0.232453566995677,-0,0,0.162543990318821,0,0,0.100890776006993,0,-0,0.0402807360041088,-0,0
65.92,0.221340434230513,-0,0,0.144467529866286,0,0,0.0944816181749089,0,-0,0.0403124647242496,-0,0
65.925,0.210598901791883,-0,0,0.127142219142227,0,0,0.0882003041864911,0,-0,0.0407255906087639,0,0
65.93,0.200152304748944,-0,0,0.110608128491157,0,0,0.0820675910347473,0,-0,0.0418988736628207,0,0
65.935,0.189089529074613,-0,0,0.0952607104169213,0,0,0.0764905565390296,0,-0,0.0456807696439331,0,0
65.94,0.178399860185439,-0,0,0.0806773903005456,0,-0,0.070954679265348,0,-0,0.0507538137257469,0,0
65.945,0.168062711825284,0,0,0.0668819973775891,0,-0,0.0654687617277356,0,-0,0.0572887669680922,0,0
65.95,0.157610715153754,0,0,0.0536397781456419,0,-0,0.0595444073570931,0,-0,0.0639964849529739,0,0
65.955,0.145206618086333,0,0,0.0399504740938705,-0,-0,0.0513982420353815,-0,-0,0.0647492966889523,0,0
65.96,0.133242806956607,0,0,0.0273601402352892,-0,-0,0.0439093468350509,-0,-0,0.0666945981193554,0,0
65.965,0.121702671672106,0,0,0.0159501276241669,-0,-0,0.0370749172178522,-0,-0,0.0697983766276401,0,0
65.97,0.110849096180771,0,0,0.00923686314294352,-0,-0,0.0313412644226994,-0,-0,0.0756484884230091,0,0
65.975,0.100617621409915,0,0,0.00616285670533895,-0,-0,0.0264944344361202,-0,-0,0.0838817234441035,0,0
65.98,0.0907382541770952,0,0,0.00345630405278332,-0,-0,0.0220790244810293,-0,-0,0.0926544803223634,0,0
65.985,0.0812007728101626,0,0,0.00115796168412073,-0,-0,0.0180923280642605,-0,-0,0.101579913367402,0,0
65.99,0.0689147680137933,0,0,-0.000930024676624493,-0,-0,0.0146213714592148,-0,-0,0.104876344137285,0,0
65.995,0.0559594901518593,0,0,-0.00250336035704952,-0,-0,0.0115582323067054,-0,-0,0.105670812915499,0,0
66,0.0435276549204629,0,0,-0.00337801444997908,-0,-0,0.00884957382355348,-0,-0,0.105753604904306,0,0
66.005,0.0315957304013139,0,0,-0.0034716632014017,-0,-0,0.00648146219938257,-0,-0,0.104849823639251,0,0
66.01,0.0233363200149064,0,0,-0.00245996967407238,-0,-0,0.00447400312876982,-0,-0,0.108762048430381,0,0
66.015,0.0156241793434001,0,0,-0.00081657076793277,-0,-0,0.00274535246148761,-0,-0,0.111089523871665,0,0
66.02,0.00819635322196653,0,0,0.00148985188080768,-0,-0,0.00127330082673109,-0,-0,0.111120731029689,0,0
66.025,0.00233996208843516,-0,0,0.00450672790101592,-0,-0,3.88364939687026e-05,-0,-0,0.10898205283022,0,0
66.03,-0.000609217917933835,-0,0,0.0082390554298614,-0,-0,-0.00103955625541284,-0,-0,0.104853115603611,0,0
66.035,-0.00343192242676138,-0,0,0.0127426065052708,-0,-0,-0.00200519252652766,-0,-0,0.098281970811925,0,0
66.04,-0.0061019450845494,-0,0,0.0180541273328217,-0,-0,-0.00286586541050832,-0,-0,0.0894711270795343,0,0
66.045,-0.00794103555120338,-0,0,0.0239484881291243,-0,0,-0.00355503042606356,-0,-0,0.080868631225689,0,0
66.05,-0.00864074940322587,-0,0,0.0301195369756015,-0,0,-0.00399162647981042,-0,-0,0.0727006459486791,0,0
66.055,-0.0091869376907397,-0,0,0.0368530278765975,-0,0,-0.00428574823746229,-0,-0,0.0615449457246971,0,0
66.06,-0.00955308270403475,-0,0,0.0441162296367357,-0,0,-0.00445660310706265,0,-0,0.0478758736607718,0,-0
66.065,-0.00980798197745339,-0,0,0.0518553729284153,-0,0,-0.00438660793492676,0,-0,0.0293841403205995,0,-0
66.07,-0.0098893851125013,-0,0,0.0600161904671377,-0,0,-0.00411523107858246,0,-0,0.0117307239441382,0,-0
66.075,-0.00971977456967783,-0,0,0.0685426853784022,-0,-0,-0.00374716494807229,0,0,-0.00180215146690903,-0,-0
66.08,-0.00929299490642391,-0,0,0.0773719318665338,0,-0,-0.00330281073314551,0,0,-0.0109491221898291,-0,-0
66.085,-0.00824878869826515,-0,0,0.0840317233589911,0,-0,-0.00334368412031128,0,0,-0.0187372615251841,-0,-0
66.09,-0.00700598582100264,-0,0,0.0900703999084975,0,-0,-0.00343944792217302,0,0,-0.0252810876356627,-0,-0
66.095,-0.00565853079810973,-0,-0,0.0957159435379798,0,-0,-0.00352521602410378,0,0,-0.030175194061546,-0,-0
66.1,-0.0042598009552519,-0,-0,0.100937496243429,0,-0,-0.00360485789161705,0,0,-0.0333248827069698,-0,-0
66.105,-0.0031829603225502,-0,-0,0.110891636303064,0,-0,-0.00274545846322965,0,0,-0.0254091594365851,-0,-0
66.11,-0.00202048623776377,-0,-0,0.123506298235917,0,-0,-0.00147573488116641,0,0,-0.00936073901504033,-0,-0
66.115,-0.000616947418617715,-0,-0,0.136850625792123,0,-0,-0.000182439251639502,0,0,0.0106704315465037,-0,-0
66.12,0.00101216033940613,-0,-0,0.151003006271417,0,-0,0.00114398157274859,0,0,0.0338213942772999,-0,-0
66.125,0.00272741255444594,-0,-0,0.167099030094047,0,-0,0.00224021210202404,0,0,0.0737796701022425,-0,-0
66.13,0.00444162857750191,-0,-0,0.184532464688004,0,-0,0.00334802750048468,0,0,0.119136651742906,-0,-0
66.135,0.00616936837148655,-0,-0,0.203191062014048,0,-0,0.00456178851638606,0,0,0.165434186833166,-0,-0
66.14,0.00793802469083074,-0,-0,0.223147008132825,0,-0,0.00592864205545527,0,0,0.211127013568862,-0,-0
66.145,0.00967752987282209,-0,-0,0.243348906098623,0,-0,0.00765677318047163,0,0,0.236984962917528,-0,-0
66.15,0.0112989814268032,-0,-0,0.262991978535435,0,-0,0.00994521054261569,0,0,0.231564134935807,-0,-0
66.155,0.0130545057762676,-0,-0,0.28374696718301,0,-0,0.0126634815800377,0,0,0.223697172670785,-0,-0
66.16,0.0150582413430621,-0,-0,0.305519255177256,0,-0,0.0159197928337241,0,0,0.213612741271073,-0,-0
66.165,0.0174370696779836,-0,-0,0.328140663442609,0,-0,0.0198317799957349,0,0,0.201572310136931,-0,-0
66.17,0.0222776078115884,-0,-0,0.344169253634481,0,-0,0.0245871093749338,0,0,0.198360351006762,-0,-0
66.175,0.0287447926131277,-0,-0,0.35829919804062,0,-0,0.030283238266667,0,0,0.195227057496179,-0,-0
66.18,0.036446039695631,-0,-0,0.37218160282612,0,-0,0.0370348744409867,0,0,0.189208360136766,-0,-0
66.185,0.0454307575307872,-0,-0,0.385459508014131,0,-0,0.0449692181055891,0,0,0.180443381086736,-0,-0
66.19,0.0870030257579487,-0,-0,0.399708903342501,0,-0,0.0563196761617865,0,0,0.186374063348245,-0,-0
66.195,0.135402907610679,-0,-0,0.412558499050576,0,-0,0.0696653156885922,0,-0,0.186939581575723,-0,-0
66.2,0.18867634208295,-0,-0,0.423414613036669,0,-0,0.0850636284573263,0,-0,0.181347713550081,-0,-0
66.205,0.243923246512848,-0,0,0.428119671867428,0,-0,0.102043730190094,0,-0,0.166645809096866,-0,-0
66.21,0.288829790636284,-0,0,0.409173912779848,0,-0,0.117351913938469,0,-0,0.132038646605535,-0,-0
66.215,0.335155671477927,-0,0,0.388327009380864,0,-0,0.134127902347543,0,-0,0.0999198217977568,-0,0
66.22,0.382186732524613,-0,0,0.365604006582472,0,-0,0.152341534973719,0,-0,0.0705964032926364,-0,0
66.225,0.426996813325519,-0,0,0.339397743819087,0,-0,0.172822059462068,0,-0,0.043993174046373,-0,0
66.23,0.465400090656629,-0,0,0.307692583595527,0,-0,0.197135164203477,0,-0,0.0204771592083895,-0,0
66.235,0.5020939139687,-0,0,0.275266471307513,0,-0,0.223133844400729,0,-0,0.00119928874915716,-0,0
66.24,0.536510919177522,-0,0,0.242513866505911,-0,0,0.250682916232579,0,-0,-0.0139149362508982,-0,0
66.245,0.557645616781659,-0,0,0.209452458115504,-0,0,0.27738470275032,0,-0,-0.0239895375055463,-0,0
66.25,0.56011214746072,-0,0,0.176493196073079,-0,0,0.301518563171252,0,-0,-0.0270639524219537,-0,0
66.255,0.559403033517497,-0,0,0.144873509163321,-0,0,0.325989975636461,0,-0,-0.0243932426874476,-0,0
66.26,0.555603546976309,-0,0,0.115139181009366,-0,0,0.350601115742606,0,-0,-0.0165227272913783,-0,0
66.265,0.539206877679534,-0,0,0.0870337856209513,-0,0,0.36790627405748,0,-0,-0.00333948407006704,-0,0
66.27,0.518076665187016,-0,0,0.0619241571843341,-0,0,0.382485757762102,0,-0,0.0142630234766087,-0,0
66.275,0.495051638952456,-0,0,0.0405149049591831,-0,0,0.395958096164215,0,-0,0.0355371065295436,-0,0
66.28,0.470536565450313,-0,-0,0.0232207412582631,-0,0,0.408226666215319,0,-0,0.0599060061818276,-0,0
66.285,0.454906218095945,-0,-0,0.0157786332269339,-0,0,0.419582030379018,0,-0,0.0666547191197821,-0,0
66.29,0.438678423182143,0,-0,0.00941254518864745,-0,0,0.429643327329211,0,-0,0.0715590920276866,-0,0
66.295,0.421385121249836,0,-0,0.00376023098719687,-0,0,0.438339152932816,0,-0,0.0760489065788728,-0,0
66.3,0.400691819460026,0,-0,-0.000914685116954192,-0,0,0.445282814633194,0,-0,0.0854423721802147,-0,0
66.305,0.372443424252125,0,-0,-0.00179065464039065,-0,0,0.449762699076275,0,-0,0.11060658257104,-0,0
66.31,0.344855068893612,0,-0,0.00223661419095639,-0,0,0.452822176657335,0,-0,0.136398664966475,-0,0
66.315,0.31816311663968,0,-0,0.0110458601549727,-0,0,0.454494504951794,0,-0,0.162523653806873,-0,0
66.32,0.29299830599373,0,-0,0.023547473278122,-0,0,0.455126284400418,0,-0,0.187181016805737,-0,0
66.325,0.269669262186573,0,-0,0.0382567673171254,-0,0,0.454945459143619,0,0,0.209191250518039,0,0
66.33,0.247536771015358,0,-0,0.0560038042214627,-0,0,0.453543267799234,0,0,0.230746264494848,0,0
66.335,0.226659337550522,0,-0,0.076496948561399,-0,0,0.450991142284812,-0,0,0.25167847473131,0,0
66.34,0.210070632417933,0,-0,0.0927223424514582,-0,0,0.436646550941931,-0,0,0.257362322112543,0,0
66.345,0.195952020667971,0,-0,0.105480431409768,-0,0,0.415677296466383,-0,0,0.254216969054221,0,0
66.35,0.182547730733316,0,-0,0.117801096735183,-0,0,0.394217808267607,-0,0,0.250250804273827,0,0
66.355,0.169845768745915,0,-0,0.129458766769985,-0,0,0.372445039383754,-0,0,0.24551844519818,0,0
66.36,0.155385468792574,0,-0,0.134756745095529,-0,0,0.343907819497243,-0,0,0.235647761931643,0,0
66.365,0.141579939362927,0,-0,0.137425155960117,-0,0,0.314662598091841,0,0,0.224609705700292,0,0
66.37,0.128744096099638,0,-0,0.138119368602248,-0,0,0.285834338836486,0,0,0.213138180998843,0,0
66.375,0.116702310171193,0,-0,0.13641518114253,0,0,0.258854349796142,0,0,0.20099968762614,0,0
66.38,0.104913134303313,0,-0,0.130259925070101,0,-0,0.239795418199941,0,0,0.186790774280198,0,0
66.385,0.0940248634650653,0,-0,0.12202506636932,0,-0,0.221165578136498,0,0,0.172536680997214,0,0
66.39,0.083976315153302,0,-0,0.11193415332786,0,-0,0.203038957867715,0,0,0.158346045717299,0,0
66.395,0.0755222077477471,0,-0,0.103416545013819,0,-0,0.189330967717839,0,0,0.146991024551515,0,0
66.4,0.0694153678440096,0,-0,0.101528615591098,0,-0,0.184964441554814,0,0,0.141784354624806,0,0
66.405,0.0635592090074127,0,-0,0.0994597257655953,0,-0,0.180688163498728,0,0,0.136258377210177,0,0
66.41,0.0579439837951374,0,-0,0.0975509969363115,0,-0,0.176538022692245,0,0,0.13044297181159,0,0
66.415,0.0517777753710325,0,-0,0.0886658349108797,0,-0,0.169931770914164,0,0,0.119357763742904,0,0
66.42,0.0454032230331475,0,-0,0.0739738906092698,0,-0,0.161449562172777,0,0,0.104532100863934,0,0
66.425,0.0395341700215721,0,-0,0.0601635931847113,0,-0,0.153357333302345,0,0,0.0904969104282768,0,0
66.43,0.0341514794609515,0,-0,0.0476516346183895,0,-0,0.145653885249825,0,0,0.0773201734975982,0,-0
66.435,0.0291096728844353,0,-0,0.0405205855539234,0,-0,0.138447324746631,0,0,0.0646879930325672,-0,-0
66.44,0.0242661959008459,-0,-0,0.0447878868954333,0,0,0.131897061191225,0,0,0.0521903152974305,-0,-0
66.445,0.0199683117438434,-0,-0,0.0507604420494158,0,0,0.125681712912721,0,0,0.0408784208845609,-0,-0
66.45,0.0161897255112005,-0,-0,0.0582280541421333,0,0,0.119782070554655,0,0,0.0307791221551761,-0,-0
66.455,0.0131234034676121,-0,-0,0.0666717895847034,0,0,0.113682191004787,0,0,0.023642346438399,-0,-0
66.46,0.0106031765710332,-0,-0,0.075686116527907,0,0,0.107452213322183,0,0,0.0187049066269518,-0,-0
66.465,0.00839558173698288,-0,-0,0.0848994654054675,0,0,0.101492812417535,0,0,0.0143331610735608,-0,-0
66.47,0.00648814510185659,-0,-0,0.09371780403762,0,0,0.0957746342916142,0,0,0.0105295312551508,-0,-0
66.475,0.0048664564107753,-0,-0,0.101521390277155,0,0,0.090269171138282,0,0,0.00729608237073645,-0,-0
66.48,0.00348275086781411,-0,-0,0.1065448961947,0,0,0.0840508866139472,0,0,0.00452976825804235,-0,-0
66.485,0.00230375851031036,-0,-0,0.106467231839125,0,0,0.0754658241038335,0,0,0.00214467673166257,-0,-0
66.49,0.0014114946158025,-0,-0,0.104444907353822,-0,0,0.0670763159889498,0,0,0.000508035818941304,-0,-0
66.495,0.000767414926929128,-0,-0,0.100220931277284,-0,0,0.0588488297338686,0,0,-0.000372176757446275,-0,-0
66.5,0.000328071845032932,-0,-0,0.0921942536527751,-0,0,0.0491502688642292,-0,0,-0.000551913974134483,-0,-0
66.505,6.52633136707911e-05,-0,-0,0.0811176700309768,-0,0,0.038155134077065,-0,0,0.000250332725627725,-0,-0
66.51,-5.81035996768033e-05,-0,-0,0.068743565569365,-0,0,0.0272916319465517,-0,0,0.00221362717339777,-0,-0
66.515,-8.5313033154845e-05,-0,-0,0.0554664538233993,-0,0,0.0165503034955123,-0,0,0.00539340785350943,-0,-0
66.52,-5.95672488473127e-05,-0,-0,0.0427316273138859,-0,0,0.0121359387543244,-0,0,0.00878184025020687,-0,-0
66.525,-9.69112938509176e-06,-0,-0,0.0297240684326709,-0,0,0.00828798036763322,-0,0,0.0127050335870552,-0,0
66.53,3.80846231638899e-05,0,-0,0.016994568765711,-0,0,0.00449592775703968,-0,0,0.0172810743364075,-0,0
66.535,5.54639641131111e-05,0,-0,0.00490661144442698,-0,0,0.000993688893817559,-0,0,0.0225483270471621,-0,0
66.54,-4.22867651287064e-06,0,0,-0.00360431754123475,-0,0,-0.00188545396960559,-0,0,0.0285181139624617,-0,0
66.545,-0.00015374073936923,0,0,-0.0058661550559796,-0,0,-0.0046284585411551,-0,0,0.0352954549904527,-0,0
66.55,-0.000402914596949704,0,0,-0.00171565718577102,-0,-0,-0.00719338050850376,-0,0,0.0429386235025968,-0,0
66.555,-0.000833957687149678,0,0,0.00923708795172084,-0,-0,-0.00897735182911621,-0,0,0.0512650497925566,-0,0
66.56,-0.00146085931624904,0,0,0.026914127357882,-0,-0,-0.0101220133204002,-0,0,0.0602936099869109,-0,0
66.565,-0.00220965254001843,0,0,0.0505606244141596,-0,-0,-0.0110129047711531,-0,0,0.0701989224287967,-0,0
66.57,-0.00303775646569475,0,0,0.0794591014436191,0,-0,-0.0116193880478332,-0,0,0.0809923546191262,0,0
66.575,-0.00368780858255983,0,0,0.110957119116442,0,-0,-0.0116854137749214,-0,-0,0.0932408812318471,0,0
66.58,-0.00425106450177506,0,0,0.145344668708242,0,-0,-0.0114382165232059,-0,-0,0.106536852208092,0,0
66.585,-0.00467243748866113,0,0,0.181700543202374,0,-0,-0.0108922279291251,-0,-0,0.120832008733546,0,0
66.59,-0.00487361097686924,0,0,0.220292868958518,0,-0,-0.010032875765489,-0,-0,0.135974224703629,0,0
66.595,-0.00476784093480126,0,0,0.269476451792083,0,-0,-0.00876726583489549,-0,-0,0.150930525032901,0,0
66.6,-0.00425894511654445,0,0,0.31815060175521,0,-0,-0.00729064759481681,-0,-0,0.166591057953206,0,0
66.605,-0.00324497297206804,0,0,0.365021349849377,0,-0,-0.00563400579163302,-0,-0,0.182929806132815,0,0
66.61,-0.00160344903699193,0,0,0.381818089133124,0,-0,-0.0038846099987704,-0,-0,0.199330110489803,0,0
66.615,0.00070861052256197,0,0,0.358566589871479,0,-0,-0.0019942979128056,-0,-0,0.215440425207811,0,0
66.62,0.00372753402704469,0,0,0.331769389852503,0,-0,0.00014403013816226,-0,-0,0.232024246508026,0,-0
66.625,0.00753128111574731,0,0,0.302229313824686,0,-0,0.00254074135716029,-0,-0,0.249128529493715,0,-0
66.63,0.0119111039023906,0,0,0.287437966414908,0,-0,0.00493522789234678,-0,-0,0.263711468767452,0,-0
66.635,0.0167411708701798,0,0,0.280394559761976,0,-0,0.00708806932328692,-0,-0,0.27656209565808,0,-0
66.64,0.022129000836669,0,0,0.270821538812225,0,-0,0.00912026226540797,-0,-0,0.289589829869866,0,-0
66.645,0.0280645974737203,0,0,0.259000931866627,-0,-0,0.0110890752916688,-0,-0,0.30290750573558,0,-0
66.65,0.0358176495234565,0,0,0.245800583784348,-0,-0,0.0134273449250556,-0,-0,0.317177469292774,0,-0
66.655,0.0464134824341634,0,0,0.231479650952056,-0,-0,0.0164949020488568,-0,-0,0.332635862778227,0,-0
66.66,0.058739806161633,0,0,0.215581288351894,-0,-0,0.0200673527693533,-0,-0,0.348671496428041,0,-0
66.665,0.0728808705363113,0,0,0.198346640250718,-0,-0,0.0242548791468626,-0,-0,0.365232699134428,0,-0
66.67,0.0887581757868443,0,0,0.181088020077073,-0,-0,0.0306888893123928,-0,0,0.381828779802483,0,-0
66.675,0.105104728346777,0,-0,0.171022895093338,-0,-0,0.0528644583679789,-0,0,0.395399176093437,0,-0
66.68,0.123013435589815,0,-0,0.157812866630879,-0,-0,0.0788155098602633,-0,0,0.408735004186701,0,-0
66.685,0.142472271672884,0,-0,0.141616060274562,-0,-0,0.108364122318495,-0,0,0.421504541660745,0,-0
66.69,0.161728535666725,0,-0,0.117876396285258,-0,-0,0.142835917281589,-0,0,0.432042769615856,0,-0
66.695,0.177119689335714,0,-0,0.0837455399735502,-0,-0,0.184966543446987,-0,0,0.43780175944575,0,-0
66.7,0.192696586881998,0,-0,0.0546637705666155,-0,0,0.230229038963155,-0,0,0.441722379467544,0,-0
66.705,0.208371528887376,0,-0,0.0306710068153586,-0,0,0.277994610948113,-0,0,0.443402607865756,0,-0
66.71,0.227388828852942,0,-0,0.0117181696024237,-0,0,0.326360934850297,-0,0,0.437478868303844,0,-0
66.715,0.25118568737765,0,-0,-0.00216406275424674,-0,0,0.374171385340369,-0,0,0.422789146407586,0,-0
66.72,0.275823085788069,0,-0,-0.0110305918779805,-0,0,0.422121804341797,-0,0,0.405504208604923,0,-0
66.725,0.301172951554384,0,-0,-0.0150636401127002,-0,0,0.469478769021585,-0,0,0.385632964609161,0,-0
66.73,0.325920188510379,0,-0,-0.0134545724486105,-0,0,0.498354321774131,-0,0,0.358926175497884,0,-0
66.735,0.35042837182024,0,-0,-0.00633779468178429,-0,0,0.517274654267214,-0,0,0.328497661862096,-0,-0
66.74,0.375039434550994,0,-0,0.00559036655814123,-0,0,0.533477220621342,-0,0,0.296728196077929,-0,-0
66.745,0.399594588287264,0,-0,0.0219182464499036,-0,0,0.546793141320889,-0,0,0.264084507198907,-0,-0
66.75,0.416071715675945,0,-0,0.0458013824266589,-0,0,0.540796538380697,-0,0,0.226874045224508,-0,-0
66.755,0.430444785795368,0,-0,0.0745188847024509,-0,0,0.529641954827189,-0,0,0.189978474017922,-0,-0
66.76,0.443747599657886,0,-0,0.107011758712321,-0,0,0.516023613209713,-0,0,0.154724676573628,-0,0
66.765,0.455915842090909,0,-0,0.142333830235166,-0,0,0.500191364599532,0,0,0.121723215675424,-0,0
66.77,0.467505513921204,0,-0,0.169343535206175,-0,0,0.48115269434817,0,0,0.0906806465048074,-0,0
66.775,0.477818946607306,0,-0,0.197236099840655,-0,0,0.460673728387396,0,-0,0.0633681232440729,-0,0
66.78,0.486794063054566,0,-0,0.225653488345816,-0,0,0.439107974750386,0,-0,0.0402809215705539,-0,0
66.785,0.493722834070627,0,-0,0.254316500763128,-0,0,0.415753408184176,0,-0,0.0223811583972377,-0,0
66.79,0.497429720574726,0,-0,0.28302298328583,-0,0,0.389319582669529,0,-0,0.0102893744608455,-0,0
66.795,0.499657922457758,0,-0,0.311278428796781,-0,0,0.36302142807989,0,-0,0.00237851128498239,-0,0
66.8,0.500419676179989,0,-0,0.338795190366138,-0,0,0.337136772530782,0,-0,-0.00123800755570368,-0,0
66.805,0.495016221853502,0,0,0.36003514570372,-0,0,0.31400411575649,0,-0,-0.000476653490256258,-0,0
66.81,0.485048379759704,-0,0,0.376371826138755,0,0,0.292907916441488,0,-0,0.00363708198652954,-0,0
66.815,0.473801051065441,-0,0,0.391196584632103,0,0,0.272531100115521,0,-0,0.0107069349124982,-0,0
66.82,0.461395090933903,-0,0,0.404423796981606,0,0,0.252984645585871,0,-0,0.0205593380315699,-0,0
66.825,0.446120331011707,-0,0,0.397316627019447,0,0,0.237854949306133,0,-0,0.0290918749670375,-0,0
66.83,0.429780516291948,-0,0,0.386599721870787,0,0,0.223745709988223,0,-0,0.0374152132419607,-0,0
66.835,0.412739028203722,-0,0,0.374571762229723,0,0,0.210267620791085,0,-0,0.0456360624806847,-0,0
66.84,0.39469669793163,-0,0,0.358886469800273,0,0,0.197584023437632,0,-0,0.0531551256039456,-0,0
66.845,0.374544895403398,-0,0,0.332702886497841,0,0,0.186087676502273,0,-0,0.0583754380515352,-0,0
66.85,0.354218763329253,-0,0,0.306146321997351,0,0,0.175127701080809,0,-0,0.0623651372216904,-0,0
66.855,0.333867731777791,-0,0,0.279467834466217,0,0,0.164674047550969,0,-0,0.0649799976373901,-0,0
66.86,0.31002489754521,-0,0,0.252841393729626,0,0,0.154460256480882,0,-0,0.0672983664945694,-0,0
66.865,0.28297229537508,-0,0,0.226496396071846,0,0,0.144477196930981,0,-0,0.0696043924492286,-0,0
66.87,0.256629194755646,-0,0,0.200720361156508,0,0,0.134929265144841,0,-0,0.070803243001265,-0,0
66.875,0.231113666509419,-0,0,0.175708910440207,0,0,0.125772690467783,0,-0,0.0709677019466716,-0,0
66.88,0.215056283095082,-0,0,0.159648420640847,0,0,0.117590983108148,0,-0,0.0706584727623795,-0,0
66.885,0.208829032330623,-0,0,0.152644887875962,0,0,0.110296030192051,0,-0,0.0701988685513978,-0,0
66.89,0.20270224295591,-0,0,0.145459516046909,0,0,0.103116006837837,0,-0,0.0693932574250296,0,0
66.895,0.196723733855743,-0,0,0.138130583432988,0,0,0.0960275218743947,0,-0,0.0685311598271262,0,0
66.9,0.190934550508784,-0,0,0.130687807920685,0,0,0.0890129696499567,0,-0,0.0679263618812746,0,0
66.905,0.184245279650463,-0,0,0.122276890418462,0,0,0.0819561407168986,0,-0,0.067981390618144,0,0
66.91,0.163515044196584,0,0,0.103076715506149,0,0,0.0737151290591818,0,-0,0.0700609388558149,0,0
66.915,0.143949576190571,0,0,0.0853540153165363,0,0,0.065785394520316,0,-0,0.0733326785002189,0,0
66.92,0.125512980630676,0,0,0.0691578658276075,0,-0,0.058168373478053,-0,-0,0.0779743700683484,0,0
66.925,0.108151824856316,0,0,0.0545230690797713,0,-0,0.0508698831975904,-0,-0,0.0840787767436689,0,0
66.93,0.0985705925598029,0,0,0.0427220239982402,-0,-0,0.0441043308745382,-0,-0,0.0897238139485605,0,0
66.935,0.0920729950091136,0,0,0.0327073893349112,-0,-0,0.0376909831042764,-0,-0,0.0959647493780988,0,0
66.94,0.0859779944224565,0,0,0.0239662453168233,-0,-0,0.0315581790206503,-0,-0,0.10333914442439,0,0
66.945,0.0799932174003388,0,0,0.0163418463424179,-0,-0,0.0256441705071824,-0,-0,0.111353423482491,0,0
66.95,0.0692051267956439,0,0,0.00721243359102985,-0,-0,0.0187695831965069,-0,-0,0.115687570118356,0,0
66.955,0.058930478814668,0,0,0.000438772793357156,-0,-0,0.0129055166243465,-0,-0,0.120213110124088,0,0
66.96,0.0490964115734589,0,0,-0.00393125084327379,-0,-0,0.00802103237894136,-0,-0,0.124505364538707,0,0
66.965,0.0430032870841827,0,0,-0.00462565741724917,-0,-0,0.00426367899394901,-0,-0,0.130088796087504,0,0
66.97,0.0424906970457107,0,0,-0.00262665681004207,-0,-0,0.00122492754172526,-0,-0,0.137443480740123,0,0
66.975,0.0419619755325304,0,0,-0.000695074582070142,-0,-0,-0.00161056468643565,-0,-0,0.142735012293178,0,0
66.98,0.0414030054693509,0,0,0.00117915444173333,-0,-0,-0.00423053671876218,-0,-0,0.145523021747355,0,0
66.985,0.0378286380431499,0,0,0.00315580527736112,-0,-0,-0.0064611152549635,-0,-0,0.142715507431026,0,0
66.99,0.0301754951888372,0,0,0.00562658504161889,-0,-0,-0.00804574257542382,-0,-0,0.133778508396527,0,0
66.995,0.0226330281957408,0,0,0.00856728262913207,-0,-0,-0.00916546105418564,-0,-0,0.122865966298304,0,0
67,0.0151978016485086,-0,0,0.012039197429694,-0,-0,-0.0098583391562804,-0,0,0.110115485608974,0,-0
67.005,0.0078855672179563,-0,0,0.0161116867646564,-0,-0,-0.0101652183234419,-0,0,0.0957850091461487,0,-0
67.01,0.00239482355988317,-0,0,0.0205087306611204,-0,-0,-0.0102465030102372,-0,0,0.0809103489040487,0,-0
67.015,-0.000748034730604716,-0,0,0.0249818339891151,-0,-0,-0.0102149881985775,-0,0,0.0657536666704443,0,-0
67.02,-0.00377514773030623,-0,0,0.0299899461561221,-0,-0,-0.00995914873289135,-0,0,0.049773718994279,0,-0
67.025,-0.00663271255993824,-0,0,0.0355969977896463,-0,-0,-0.00951285099839613,-0,0,0.0335555059575217,0,-0
67.03,-0.00925823692826861,-0,0,0.0418638046240928,-0,-0,-0.00890971569430554,-0,0,0.0177082850642239,0,-0
67.035,-0.0096454978825714,-0,0,0.0477517097817786,-0,-0,-0.00840818746081763,-0,0,0.00296046983208929,0,-0
67.04,-0.00896355697257074,-0,0,0.0535699277559091,-0,-0,-0.00792623566544417,0,0,-0.0117680910998256,0,-0
67.045,-0.00816639461013457,-0,0,0.0597926791716637,-0,-0,-0.00737965148674264,0,0,-0.0262551866578991,0,-0
67.05,-0.00725347178342742,-0,0,0.0664128803248152,0,-0,-0.0067890464105356,0,0,-0.0399754857535916,0,-0
67.055,-0.00746693692480919,-0,0,0.0802366929589097,0,-0,-0.00419261952821492,0,0,-0.0353260047287002,0,-0
67.06,-0.00765691970593877,-0,0,0.0979433619771184,0,-0,-0.00105519792325937,0,0,-0.0149351670197825,0,-0
67.065,-0.00736004320607107,-0,0,0.117563273807069,0,-0,0.00194385754601508,0,0,0.0158593715656324,0,-0
67.07,-0.00655109454248153,-0,-0,0.139064850245328,0,-0,0.00477761078118829,0,0,0.0555907191581617,0,-0
67.075,-0.00535850221725735,-0,-0,0.161360394040382,0,-0,0.00684107414760347,0,0,0.104243370448792,0,-0
67.08,-0.00352878187258711,-0,-0,0.185134322486367,0,-0,0.00872947199419294,0,0,0.158742924897688,0,-0
67.085,-0.0010363302330797,-0,-0,0.210324446194349,0,-0,0.0105209516222948,0,0,0.216990642481718,0,-0
67.09,0.00210412710529051,-0,-0,0.236528988432451,0,-0,0.0122832062502817,0,0,0.262952651105054,0,-0
67.095,0.00573276602195644,-0,-0,0.26303218423075,0,-0,0.014121635277502,0,0,0.265167576018859,0,-0
67.1,0.00979673254152495,-0,-0,0.290269412463144,0,-0,0.0160449597076389,0,0,0.263844655384524,0,-0
67.105,0.0142685523290875,-0,-0,0.318016193998563,0,-0,0.0181485143061553,0,0,0.259155884014778,0,-0
67.11,0.0191410947342128,-0,-0,0.340300049637861,0,-0,0.0203760492641507,0,0,0.251834395178129,0,-0
67.115,0.0244137041624152,-0,-0,0.356198355392101,0,-0,0.0228314287384663,0,0,0.242153651437149,0,-0
67.12,0.0300779263211374,-0,-0,0.371089427889915,0,-0,0.0257920595220565,0,0,0.229941664270885,0,-0
67.125,0.03615262255962,-0,-0,0.384865957888044,0,-0,0.0293787594422192,0,0,0.215572291433345,0,-0
67.13,0.0445249600971219,-0,-0,0.382697419855124,0,-0,0.0341009026652153,0,0,0.223310412207721,-0,-0
67.135,0.0543030467472975,-0,-0,0.375531711112286,0,-0,0.0398527308979498,0,0,0.231688147462748,-0,-0
67.14,0.0652114728338453,-0,-0,0.366515894639635,0,-0,0.0467068742519416,0,0,0.235398793262974,-0,-0
67.145,0.0773058762325954,-0,-0,0.355862360182657,0,-0,0.0548069032846904,0,0,0.234409883826454,-0,-0
67.15,0.0845090582099663,-0,-0,0.35625351499312,0,-0,0.0611097819777415,0,0,0.216833999176085,-0,-0
67.155,0.0906595645852192,-0,-0,0.358125245133257,0,-0,0.0675059172295984,0,-0,0.195050918557751,-0,-0
67.16,0.0970012408988965,-0,-0,0.358955919352942,0,-0,0.0745669192969726,0,-0,0.17213644073582,-0,-0
67.165,0.103607645805356,-0,-0,0.358738720040466,0,-0,0.0822664082900327,0,-0,0.1484516561339,-0,0
67.17,0.125060445313523,-0,-0,0.348094521046856,0,-0,0.0927693856803344,0,-0,0.12899857446063,-0,0
67.175,0.155467059987728,-0,-0,0.33219326410633,0,-0,0.105449757272479,0,-0,0.109427539412752,-0,0
67.18,0.187830245885239,-0,0,0.315693168903712,0,-0,0.119363354406474,0,-0,0.0873803470685754,-0,0
67.185,0.221731437964094,-0,0,0.29866561832804,0,-0,0.134509939846837,0,-0,0.0631941472766723,-0,0
67.19,0.258301761226637,-0,0,0.283385992947615,0,-0,0.149183026761448,0,-0,0.0351155201471401,-0,0
67.195,0.296278860453874,-0,0,0.268547464406975,0,-0,0.163835251922338,0,-0,0.00844903445708443,-0,0
67.2,0.33424773497683,-0,0,0.252960545192635,0,-0,0.179181313463183,0,-0,-0.0148701370405086,-0,0
67.205,0.371573692318891,-0,0,0.236604365781312,0,-0,0.195141761758626,0,-0,-0.0348332653774355,-0,0
67.21,0.41394652468789,-0,0,0.21511724288236,-0,-0,0.216425786904314,0,-0,-0.0498162355541751,-0,0
67.215,0.458252846554103,-0,0,0.19104622894201,-0,-0,0.241833442386845,0,-0,-0.0590791018213349,-0,0
67.22,0.499962738024471,-0,0,0.167369019252925,-0,0,0.268489607399571,0,-0,-0.0635605402471047,-0,0
67.225,0.538442223091789,-0,0,0.144270365060616,-0,0,0.296214653617745,0,-0,-0.0635922387863061,-0,0
67.23,0.553238165639538,-0,0,0.110631927782446,-0,0,0.3241256240113,0,-0,-0.0401519371921976,-0,0
67.235,0.556794659481145,-0,0,0.0767130073067362,-0,0,0.352320069853318,0,-0,5.04610931054346e-05,-0,0
67.24,0.557169092151709,-0,0,0.0479151239576701,-0,0,0.38080555179401,0,-0,0.0490939915648222,-0,0
67.245,0.554439824675455,-0,-0,0.0245700489976354,-0,0,0.409314627304502,0,-0,0.105826239697373,-0,0
67.25,0.51718460326726,0,-0,0.0137753933336606,-0,0,0.423051814639483,0,-0,0.136855006936229,-0,0
67.255,0.47739159196986,0,-0,0.00601646581283674,-0,0,0.434529691453158,0,-0,0.167646085968287,-0,0
67.26,0.437558878869173,0,-0,0.00094807503329559,-0,0,0.44450370659032,0,-0,0.199661664804409,-0,0
67.265,0.401020108055202,0,-0,-0.00112073450425701,-0,0,0.452511695706566,0,-0,0.229521997929822,-0,0
67.27,0.370500193079868,0,-0,-0.000461486024388598,-0,0,0.458103421966298,0,-0,0.253581447382296,-0,0
67.275,0.340460471562873,0,-0,0.00240391397187105,-0,0,0.461936730770021,0,-0,0.277222057862367,-0,0
67.28,0.311217702135777,0,-0,0.00749725598857462,-0,0,0.463997030257743,0,-0,0.300220499645537,0,0
67.285,0.287435795766953,0,-0,0.0137189280838809,-0,0,0.465249997813374,0,-0,0.316050113325905,0,0
67.29,0.27117200827271,0,-0,0.0190063038735748,-0,0,0.466309578039305,0,-0,0.320461635346851,0,0
67.295,0.255255365185198,0,-0,0.0244173854440548,-0,0,0.46569746725345,0,-0,0.323407096712321,0,0
67.3,0.239850352136351,0,-0,0.0298716038602155,-0,0,0.463474920343829,0,-0,0.324915618659481,0,0
67.305,0.22237790049812,0,-0,0.0365322117609838,-0,0,0.46195158452258,0,-0,0.329006222794507,0,0
67.31,0.204089855028555,0,-0,0.0443947518112157,-0,0,0.460535478313499,0,0,0.334552552748222,0,0
67.315,0.18705867311878,0,-0,0.052529687055989,-0,0,0.457697079608126,0,0,0.33865532860077,0,0
67.32,0.171267009571989,0,-0,0.0607946607532073,-0,0,0.453537447439002,0,0,0.341287320639976,0,0
67.325,0.157787587293814,0,-0,0.0669424285676136,-0,0,0.435812244744519,0,0,0.333817173020528,0,0
67.33,0.145705242354863,0,-0,0.0717472110612283,-0,0,0.412888254244459,0,0,0.321939798115676,0,0
67.335,0.134490998096756,0,-0,0.0758876059729792,-0,0,0.389832804957614,0,0,0.30913655471209,0,0
67.34,0.12406037101084,0,-0,0.0793357951133835,-0,0,0.366856398110198,0,0,0.295526177888947,0,0
67.345,0.114446388620982,0,-0,0.0834160805240001,-0,0,0.340629050860223,0,0,0.273498139578804,0,0
67.35,0.105463396133408,0,-0,0.0876219698278432,-0,0,0.313611399965476,0,0,0.248328651226658,0,0
67.355,0.0969643705327403,0,-0,0.091544731654089,0,0,0.287490468769217,0,0,0.223605713665206,0,0
67.36,0.0888639690536759,0,-0,0.0953444926938122,0,0,0.262398912120393,0,0,0.19953516523725,0,0
67.365,0.0815146144911668,0,-0,0.0942648401390025,0,0,0.238885389283346,0,0,0.173569340563538,0,0
67.37,0.0744368848556879,0,-0,0.0919349276456712,0,0,0.216644710705786,0,0,0.1483353691533,0,0
67.375,0.0674711785758376,0,-0,0.0897648830543226,0,0,0.195614834546621,0,0,0.124669469105921,0,0
67.38,0.0605733503182323,0,-0,0.0880639713631307,0,0,0.175868910144048,0,0,0.102752081197358,0,0
67.385,0.0531716576961369,0,-0,0.0843253606630572,0,0,0.162640319734182,0,0,0.085518059267861,0,-0
67.39,0.0459545023694193,0,-0,0.0815915235996832,0,0,0.150253938180061,0,0,0.0697454038462433,0,-0
67.395,0.0389275253252901,0,-0,0.0801528907690633,0,0,0.138695905194745,0,0,0.0554975647349642,-0,-0
67.4,0.0321100050349333,0,-0,0.0802303148341253,0,0,0.127940685774091,0,0,0.0428195457175795,-0,-0
67.405,0.0253288327167245,-0,-0,0.0821151041331811,0,0,0.119284213514853,0,0,0.0323480966886567,-0,-0
67.41,0.0187168948542352,-0,-0,0.085878162334956,0,0,0.112992885921129,0,0,0.0240375288077253,-0,-0
67.415,0.0126459030983205,-0,-0,0.0911855016578029,0,0,0.107216872170861,0,0,0.0169709396007272,-0,-0
67.42,0.00715270449139201,-0,-0,0.0977933617023563,0,0,0.101923152586998,0,0,0.0111343109661715,-0,-0
67.425,0.00226566387475282,-0,-0,0.10570292043847,0,0,0.0967633470608219,0,0,0.00640013098158658,-0,-0
67.43,-0.00191055894654503,-0,-0,0.118298205006558,0,0,0.0884451676590295,0,0,0.00194214587876786,-0,-0
67.435,-0.00520347088347865,-0,-0,0.130569263179217,0,0,0.0805805721024163,0,0,-0.000833289562561131,-0,-0
67.44,-0.00763331525613666,-0,-0,0.141832433345756,0,0,0.0730833654478017,0,0,-0.00199379862579157,-0,-0
67.445,-0.0093503146358746,-0,-0,0.147579801225285,0,0,0.064752000533657,0,0,-0.0014462457964761,-0,-0
67.45,-0.0105399231302569,-0,-0,0.14628634309148,0,0,0.0550848506297622,0,0,0.000205278626425652,-0,-0
67.455,-0.0111290323707543,-0,-0,0.143081704220272,0,0,0.045544039929638,0,0,0.00246947408505962,-0,-0
67.46,-0.0111748879184504,-0,-0,0.137682959885798,-0,0,0.0360434003104061,0,0,0.00534183213109194,-0,-0
67.465,-0.0108339215453523,-0,-0,0.129957176137046,-0,0,0.0280151021183333,0,0,0.0085736019863961,-0,-0
67.47,-0.0101255717636572,-0,-0,0.119908055979921,-0,0,0.0202469700327916,0,0,0.0122032634651341,-0,-0
67.475,-0.00910817210600886,-0,-0,0.107714971218873,-0,0,0.0123758617973195,-0,0,0.0163003818273212,-0,-0
67.48,-0.00785748022289113,-0,-0,0.0944877590534491,-0,0,0.00497237316399994,-0,0,0.0208453229647761,-0,-0
67.485,-0.0064360405096756,-0,-0,0.083564275575888,-0,0,0.000908081455344276,-0,0,0.0255096285362591,-0,-0
67.49,-0.00494256534528849,-0,0,0.0703466879182238,-0,0,-0.00320292961091147,-0,0,0.030653626120353,-0,-0
67.495,-0.00345077402095111,-0,0,0.0554855932482519,-0,0,-0.00732737225603155,-0,0,0.0363422329489809,-0,-0
67.5,-0.00192205168516181,0,0,0.0390571918052229,-0,0,-0.0103381972157756,-0,0,0.0423739973084504,-0,-0
67.505,-0.000360588347664046,0,0,0.0222837455430646,-0,0,-0.0114016785052377,-0,0,0.0485034882974443,-0,-0
67.51,0.00098586910614273,0,0,0.00743153036901371,-0,-0,-0.0123533474992583,-0,0,0.0552090788465479,-0,-0
67.515,0.00207246043005483,0,0,-0.00487692281225904,0,-0,-0.0131563781528731,-0,0,0.0625468925198192,-0,-0
67.52,0.0022922994467397,0,0,-0.0147648233904953,0,-0,-0.0133875676765012,-0,0,0.0699449903584174,-0,0
67.525,0.00200631302536932,0,0,-0.0228335915710556,0,-0,-0.0131513324430024,-0,0,0.0774480693715422,-0,0
67.53,0.00169037982335239,0,0,-0.0286692137673373,0,-0,-0.0127133027143885,-0,0,0.0854599057397369,-0,0
67.535,0.00135989113329024,0,0,-0.0321436661500588,0,-0,-0.0120672431106899,-0,0,0.0939697449137639,0,0
67.54,0.00170989400688073,0,0,-0.0107818211084678,0,-0,-0.0110118080659091,-0,0,0.107843874221449,0,0
67.545,0.00194709938347378,0,0,0.0340491039283463,0,-0,-0.00968405045386107,-0,-0,0.126130739208047,0,0
67.55,0.00164175873756806,0,0,0.0896504747004081,0,-0,-0.00824372485944815,-0,-0,0.146347752307877,0,0
67.555,0.000906211681371108,0,0,0.153924693367115,0,-0,-0.00673810154229782,-0,-0,0.168540493424384,0,0
67.56,-0.000108931702713255,0,0,0.20892358629151,0,-0,-0.00576390029366201,-0,-0,0.189395813490574,0,0
67.565,-0.00112067627500033,0,0,0.265225841752542,0,-0,-0.0046901532623551,-0,-0,0.211446045327773,0,-0
67.57,-0.00198469164091097,0,0,0.322132562503126,0,-0,-0.00351236824895132,-0,-0,0.234836450190289,0,-0
67.575,-0.00254630122274813,0,0,0.375338358493618,0,-0,-0.00228687482192101,-0,-0,0.259351176203509,0,-0
67.58,-0.00259141120114301,0,0,0.354482535293729,0,-0,-0.00121056319213979,-0,-0,0.281384152982168,0,-0
67.585,-0.00203472924653844,0,0,0.328780084641008,0,-0,0.000341719487061633,-0,-0,0.303945342302897,0,-0
67.59,-0.000742482547300505,0,0,0.299155618029761,0,-0,0.00238669715544879,-0,-0,0.32690293195364,0,-0
67.595,0.00141254137185786,0,0,0.268226023454692,0,-0,0.00490571896833658,-0,-0,0.349766415607793,0,-0
67.6,0.00431651718102572,0,0,0.26577296231488,-0,-0,0.0068011732477979,-0,-0,0.365497026117683,0,-0
67.605,0.00792426521023016,0,0,0.260403393218332,-0,-0,0.00846404174443482,-0,-0,0.380495550385959,0,-0
67.61,0.0122209930173203,0,0,0.252353379770859,-0,-0,0.00990421133541258,-0,-0,0.394698646664384,0,-0
67.615,0.0173612531652683,0,0,0.243287217045724,-0,-0,0.0114338708319,-0,-0,0.407472074576876,0,-0
67.62,0.0246297869029785,0,0,0.239509811126914,-0,-0,0.0148332803693242,-0,-0,0.415795278717219,0,-0
67.625,0.0333927620516382,0,0,0.232699762912116,-0,-0,0.0188217776808408,-0,-0,0.422981114436825,0,-0
67.63,0.0437313165973466,0,0,0.223007118408093,-0,-0,0.0234667781518126,-0,-0,0.429067333767181,0,-0
67.635,0.0556050839460737,0,0,0.212279953467021,-0,-0,0.0290897749838619,-0,-0,0.433314541394131,0,-0
67.64,0.0682736967544921,0,-0,0.209090309714641,-0,-0,0.0374948183905533,-0,-0,0.431009060010981,0,-0
67.645,0.0823292099936658,0,-0,0.200748668710009,-0,-0,0.0470905992275882,-0,-0,0.427527041908449,0,-0
67.65,0.0977550179492348,0,-0,0.187407269757443,-0,0,0.057863604956106,-0,0,0.422950524821509,0,-0
67.655,0.114521449807983,0,-0,0.169297975333994,-0,0,0.0697685275657017,-0,0,0.417335937857786,0,-0
67.66,0.128729536626618,0,-0,0.134430119144671,-0,0,0.0858455198866898,-0,0,0.420111244771354,0,-0
67.665,0.142937269742046,0,-0,0.100293959505647,-0,0,0.103452392572339,-0,0,0.422636272903075,0,-0
67.67,0.157383641473114,0,-0,0.0685298171579159,-0,0,0.122099331889593,-0,0,0.423853259003242,0,-0
67.675,0.171990046601833,0,-0,0.0393188918699942,-0,0,0.141534887758346,-0,0,0.423557048093877,0,-0
67.68,0.186680224630558,0,-0,0.0128010692755522,-0,0,0.161472078955158,-0,0,0.421529886696344,0,-0
67.685,0.203668550209659,0,-0,-0.0108221782651564,-0,0,0.186688319295382,-0,0,0.415097551827284,0,-0
67.69,0.225262825090504,0,-0,-0.0306356925950255,-0,0,0.221121241060424,-0,0,0.402439971698902,0,-0
67.695,0.247565306446115,0,-0,-0.0465098737760653,-0,0,0.255351978260642,-0,0,0.38796836594319,-0,-0
67.7,0.270452829108972,0,-0,-0.0585644162821401,-0,0,0.288843434588791,-0,0,0.371633309584117,-0,-0
67.705,0.293790098961165,0,-0,-0.0669597832943565,-0,0,0.321094271596662,-0,0,0.353425771254366,-0,-0
67.71,0.321849678957904,0,-0,-0.0661118347938063,-0,0,0.344851700977454,-0,0,0.32128875382048,-0,-0
67.715,0.350582147443794,0,-0,-0.0601820991615436,-0,0,0.366377416949557,-0,0,0.288596787739498,-0,-0
67.72,0.37962152479371,0,-0,-0.049855151066322,-0,0,0.385674699438911,-0,0,0.256097481074747,-0,0
67.725,0.408740752935228,0,-0,-0.0356593231490776,-0,0,0.402560978320467,-0,0,0.224098348979853,-0,0
67.73,0.431573218922032,0,-0,-0.0125960986889989,-0,0,0.407048596654731,-0,0,0.189600731312053,-0,0
67.735,0.452661090013667,0,-0,0.0148843305345045,-0,0,0.407816543164934,0,0,0.156479723491194,-0,0
67.74,0.472824602097089,0,-0,0.0452356560823862,-0,0,0.40664959317948,0,-0,0.125705734749182,-0,0
67.745,0.491897095542655,0,-0,0.07779165243411,-0,0,0.403695180929468,0,-0,0.0976243343164794,-0,0
67.75,0.501218168340121,0,-0,0.133237852083477,-0,0,0.382893738898905,0,-0,0.0630729758632061,-0,0
67.755,0.507325053414658,0,-0,0.194840285574031,-0,0,0.358767121631879,0,-0,0.0340659118708858,-0,0
67.76,0.511783169244193,0,-0,0.257707957029074,-0,0,0.334770283731107,0,-0,0.0129843296459869,-0,0
67.765,0.514443777109839,0,-0,0.319233038795285,-0,0,0.31115304876083,0,-0,0.000231502520183378,-0,0
67.77,0.512021106665177,0,0,0.336214049006912,-0,0,0.288352228688976,0,-0,-0.00118048653916649,-0,0
67.775,0.507976890390818,0,0,0.351812839565319,-0,0,0.266288190610357,0,-0,-0.000395978614898802,-0,0
67.78,0.502387175158198,0,0,0.365964341738586,0,0,0.245103299663871,0,-0,0.0026694383360903,-0,0
67.785,0.496504462124674,0,0,0.375298784028565,0,0,0.227274040534294,0,-0,0.00760455434374883,-0,0
67.79,0.492498554668922,-0,0,0.373844150069699,0,0,0.21672067453218,0,-0,0.012380890370463,-0,0
67.795,0.487174373870561,-0,0,0.371134284840129,0,0,0.206574844923888,0,-0,0.0176119999695171,-0,0
67.8,0.480634400534494,-0,0,0.367287952724545,0,0,0.196895192685905,0,-0,0.0232917273029282,-0,0
67.805,0.46953113963403,-0,0,0.360448686491284,0,0,0.18596051698556,0,-0,0.029218909335011,-0,0
67.81,0.449184293971343,-0,0,0.347981539973408,0,0,0.171530828150795,0,-0,0.0349653502884473,-0,0
67.815,0.428439816950532,-0,0,0.334981889814362,0,0,0.158084589306865,0,-0,0.0407839193529113,-0,0
67.82,0.407472671442976,-0,0,0.321590521161692,0,0,0.145571587388178,0,-0,0.0465657987374829,-0,0
67.825,0.38644898948604,-0,0,0.307936843032092,0,0,0.13393324222959,0,-0,0.0521841995412277,-0,0
67.83,0.361588181554899,-0,0,0.285439707196025,0,0,0.124823277404933,0,-0,0.0569002268338695,-0,0
67.835,0.335434574969776,-0,0,0.25948425076017,0,0,0.117059313971569,0,-0,0.060764329781664,-0,0
67.84,0.309959313823135,-0,0,0.234241441929885,0,0,0.109766891421621,0,-0,0.063881086256506,-0,0
67.845,0.285278182985845,-0,0,0.209812629115591,0,0,0.102886364523567,0,-0,0.0661178046653555,-0,0
67.85,0.252689114347299,-0,0,0.17466248213925,0,0,0.0966036361415413,0,-0,0.0709219022506637,-0,0
67.855,0.220992710174385,-0,0,0.140351834675013,0,0,0.0906178504614235,0,-0,0.075389165161616,0,0
67.86,0.190942412543968,-0,0,0.107873512010416,0,0,0.0848629271444169,0,-0,0.0792131887387094,0,0
67.865,0.163236986678753,-0,0,0.0780686048340575,0,0,0.0792922802381918,0,-0,0.0823604258598966,0,0
67.87,0.149614535252484,-0,0,0.0646729250709868,0,0,0.0737647355097348,0,-0,0.0843057482852453,0,0
67.875,0.136720206799397,-0,0,0.0520797739909122,0,0,0.0683852491038899,0,-0,0.0857120616213706,0,0
67.88,0.12455614169459,0,0,0.0403038984567653,0,0,0.0631379365274239,0,-0,0.0867537013333672,0,0
67.885,0.115888682990844,0,0,0.0329145047027608,0,0,0.058522513969269,-0,-0,0.0872584135014575,0,0
67.89,0.111875002812364,0,0,0.0312959631243219,0,0,0.0546903682293509,-0,-0,0.0872347591248043,0,0
67.895,0.108075744211918,0,0,0.0296820981314245,-0,0,0.0508061261908482,-0,-0,0.0875840802598584,0,0
67.9,0.104504908217702,0,0,0.028061932459898,-0,0,0.0468821967696872,-0,-0,0.0886079278377228,0,0
67.905,0.098275955618891,0,0,0.0243222353932191,-0,0,0.0422468086603447,-0,-0,0.0900430841507986,0,0
67.91,0.0912090406164826,0,0,0.0199269911263981,-0,0,0.0374582606296923,-0,-0,0.0923878476029782,0,0
67.915,0.0846259366631303,0,0,0.0158876766803897,-0,-0,0.0328755583955911,-0,-0,0.0960203688370573,0,0
67.92,0.0784938357937758,0,0,0.0122153219967932,-0,-0,0.0285171082102275,-0,-0,0.100969660858503,0,0
67.925,0.0727752342739049,0,0,0.00892533166677631,-0,-0,0.0243996247346721,-0,-0,0.107136521565146,0,0
67.93,0.0662759163221724,0,0,0.00640599523052891,-0,-0,0.0204061272765467,-0,-0,0.114564156588342,0,0
67.935,0.0589689094687527,0,0,0.00456596271680018,-0,-0,0.0166021297121127,-0,-0,0.122878713946181,0,0
67.94,0.0520212806244005,0,0,0.00299595219153344,-0,-0,0.0131494626129804,-0,-0,0.131291877833855,0,0
67.945,0.0453688156578839,0,0,0.00171711087542767,-0,-0,0.0100472352075588,-0,-0,0.139222427896421,0,0
67.95,0.0359472578756177,0,0,0.000235145309631975,-0,-0,0.00731800534898614,-0,-0,0.143234163926947,0,0
67.955,0.0222495929191265,0,0,-0.00108256122144528,-0,-0,0.00493936501826751,-0,-0,0.14178311801234,0,0
67.96,0.00880637527309374,0,0,-0.00107840503822364,-0,-0,0.00284878123366175,-0,-0,0.138873819202901,0,0
67.965,-0.00443848066863198,0,0,0.000385188256662138,-0,-0,0.00103521657070551,-0,-0,0.13412210375103,0,0
67.97,-0.0113126138860561,0,0,0.00303941287389998,-0,-0,-0.000519654735249491,-0,-0,0.124714236979026,0,0
67.975,-0.0152190714099163,-0,0,0.00632665062638288,-0,-0,-0.0018627924932957,-0,-0,0.112527183719258,0,0
67.98,-0.0190360893809107,-0,0,0.0103242584882137,-0,-0,-0.00301065782112616,-0,-0,0.0989448398027646,0,0
67.985,-0.0223987347813039,-0,0,0.0150407530280327,-0,0,-0.00396375906894828,-0,-0,0.0847682539716671,0,-0
67.99,-0.0220083823483685,-0,0,0.0199897799199464,-0,0,-0.00457026453818749,-0,-0,0.0748981807685215,0,-0
67.995,-0.0214910289212725,-0,0,0.0254988884815225,-0,0,-0.00495090265939022,-0,-0,0.0623056771110373,0,-0
68,-0.0208187836311827,-0,0,0.0315786816315637,-0,0,-0.00512758010938803,-0,-0,0.0475516744825232,0,-0
68.005,-0.0200452415605993,-0,0,0.0377623867540018,-0,0,-0.0052827949889345,0,-0,0.0312204333174487,0,-0
68.01,-0.0192531141990011,-0,0,0.043019283841011,-0,0,-0.00574156163053674,0,-0,0.0140937176685056,0,-0
68.015,-0.0182255994850871,-0,0,0.048305005021334,-0,0,-0.00615107799614199,0,-0,-0.00284160673037053,0,-0
68.02,-0.016951889807554,-0,0,0.0535830898306334,0,0,-0.00651535685319412,0,0,-0.0189187065476084,0,-0
68.025,-0.0154302619588598,-0,0,0.0588215712139275,0,0,-0.00683853668956979,0,0,-0.0335471212400365,0,-0
68.03,-0.012502121991529,-0,-0,0.0702020612870884,0,0,-0.00510919645452612,0,0,-0.0357622223341246,0,-0
68.035,-0.00951859516450556,-0,-0,0.0836268685020976,0,0,-0.00294836637604599,0,0,-0.0282996096988115,0,-0
68.04,-0.00673761613973901,-0,-0,0.0984530422610697,0,-0,-0.000633109169472654,0,0,-0.012699547475666,0,-0
68.045,-0.00426992328243928,-0,-0,0.114724451658625,0,-0,0.0018055992665088,0,0,0.0101815438160212,0,-0
68.05,-0.00260460983193051,-0,-0,0.125377784057651,0,-0,0.00253548826986908,0,0,0.0229183651823001,0,-0
68.055,-0.00119859908904109,-0,-0,0.133449534156172,0,-0,0.00255298199487263,0,0,0.0308296267864604,0,-0
68.06,0.000108807529741812,-0,-0,0.141577342517479,0,-0,0.00256320645959172,0,0,0.0394677244650145,0,-0
68.065,0.00126878220314093,-0,-0,0.149808539198225,0,-0,0.00256972364894057,0,0,0.048503141855663,0,-0
68.07,0.00247338620226407,-0,-0,0.16331117828879,0,-0,0.00372318439654444,0,0,0.0785060910657388,0,-0
68.075,0.00419991807540042,-0,-0,0.185043536201158,0,-0,0.00657190544655407,0,0,0.138575154342513,0,-0
68.08,0.00631709384004928,-0,-0,0.20827352611645,0,-0,0.0096089079100508,0,0,0.198515596628548,0,-0
68.085,0.00886566959518771,-0,-0,0.232918106216933,0,-0,0.0128970464257628,0,0,0.256320562284569,0,-0
68.09,0.011752436665713,-0,-0,0.259172946545378,0,-0,0.0163003514036659,0,0,0.282560608776616,0,-0
68.095,0.0148346958836593,-0,-0,0.287127655542704,0,-0,0.0197205915258001,0,0,0.258515225653464,0,-0
68.1,0.0183741898502997,-0,-0,0.31598930189082,0,-0,0.0235995735207993,0,0,0.232664487851225,-0,-0
68.105,0.022439256320356,-0,-0,0.345446742749291,0,-0,0.0280372638337193,0,0,0.205691042867998,-0,-0
68.11,0.0301830414778548,-0,-0,0.376086964219652,0,-0,0.0347730372964051,0,0,0.198352776633211,-0,-0
68.115,0.0457921036294466,-0,-0,0.408423578401768,0,-0,0.0458990685267264,0,0,0.224526273057148,-0,-0
68.12,0.0640121452046677,-0,-0,0.440154255266388,0,-0,0.0587598647609474,0,0,0.242986131573647,-0,-0
68.125,0.084796289950615,-0,-0,0.470745510998849,0,-0,0.0736250752496674,0,0,0.253384864121937,-0,-0
68.13,0.112225229806736,-0,-0,0.48462870589203,0,-0,0.0865306712070608,0,0,0.2421469435452,-0,-0
68.135,0.146610756540206,-0,-0,0.482588928877512,0,-0,0.0969835296026489,0,0,0.215072518946163,-0,-0
68.14,0.184025541915321,-0,-0,0.478341932433943,0,-0,0.108626410331971,0,-0,0.186450921811925,-0,-0
68.145,0.224062263481437,-0,0,0.471793024527798,0,-0,0.121497239146688,0,-0,0.156755289615559,-0,-0
68.15,0.245334082169288,-0,0,0.468295938860882,0,-0,0.132875557567449,0,-0,0.126153445882111,-0,-0
68.155,0.257324848763433,-0,0,0.464423784817403,0,-0,0.143769103471029,0,-0,0.0954253057150515,-0,0
68.16,0.268581566970747,-0,0,0.457679335694422,0,-0,0.155213541925738,0,-0,0.0651309246581934,-0,0
68.165,0.278957131290875,-0,0,0.448001267559494,0,-0,0.167141091278193,0,-0,0.0356276270737927,-0,0
68.17,0.318188654326258,-0,0,0.418431260711832,0,-0,0.185377154704709,0,-0,0.00697623719980634,-0,0
68.175,0.367605930426473,-0,0,0.381941940792387,0,-0,0.206981354933832,0,-0,-0.0182266835846375,-0,0
68.18,0.416120704036188,-0,0,0.345124621119184,-0,-0,0.22995057780855,0,-0,-0.0395234087668089,-0,0
68.185,0.462995507482838,-0,0,0.308357996169099,-0,-0,0.254187781110859,0,-0,-0.056955020030293,-0,0
68.19,0.49294729111053,-0,0,0.258055961636453,-0,-0,0.283627418420151,0,-0,-0.0597981858953072,-0,0
68.195,0.516747704172112,-0,0,0.20783163340385,-0,-0,0.315503245723011,0,-0,-0.0508864766590961,-0,0
68.2,0.537516000598571,-0,0,0.161762653399229,-0,0,0.348718981001951,0,-0,-0.0329738376524829,-0,0
68.205,0.548908733177556,-0,0,0.121734075185507,-0,0,0.379769523470626,0,-0,-0.00861524917780225,-0,0
68.21,0.527318702744548,-0,0,0.0925737746702591,-0,0,0.394410456269766,0,-0,0.0133247465104365,-0,0
68.215,0.503953161332224,-0,0,0.0668726876130441,-0,0,0.408091609894371,0,-0,0.0395519350160315,-0,0
68.22,0.47914744765798,-0,-0,0.044927269921294,-0,0,0.420675993410016,0,-0,0.0694589729063578,-0,0
68.225,0.453336020697092,-0,-0,0.0270616959738282,-0,0,0.432149707768171,0,-0,0.101307195415748,-0,0
68.23,0.426994062812138,0,-0,0.0135266757844036,-0,0,0.44259509098912,0,-0,0.132381711690719,-0,0
68.235,0.400242238722542,0,-0,0.00428989071792499,-0,0,0.451622714841928,0,-0,0.165016271612114,-0,0
68.24,0.373410415410647,0,-0,-0.000520767901265125,-0,0,0.459144906605712,0,-0,0.198752930543309,-0,0
68.245,0.348973047478282,0,-0,-0.000721747593619366,-0,0,0.465953944358873,0,-0,0.229984391128835,-0,0
68.25,0.328124541860092,0,-0,0.00261991142181669,-0,0,0.472536715639107,0,-0,0.256162417141458,-0,0
68.255,0.307525336304212,0,-0,0.00885994014650664,-0,0,0.47749433680222,0,-0,0.281853301481334,-0,0
68.26,0.287381280918997,0,-0,0.0179985278126069,-0,0,0.480791942373407,0,-0,0.306781167713971,0,0
68.265,0.268207233684918,0,-0,0.0274013968139393,-0,0,0.482982753503858,0,-0,0.322101939984817,0,0
68.27,0.249966978853045,0,-0,0.0361662590701158,-0,0,0.483864898464144,0,-0,0.330535997599397,0,0
68.275,0.232531346418075,0,-0,0.0454762798498739,-0,0,0.483094551168197,0,-0,0.337426892716395,0,0
68.28,0.215966364902372,0,-0,0.0552627789834637,-0,0,0.48070990024559,0,0,0.342712756073895,0,0
68.285,0.199850679996794,0,-0,0.0651021407014588,-0,0,0.453103917408571,0,0,0.335105828347664,0,0
68.29,0.184592094015015,0,-0,0.0750252506408135,-0,0,0.41896998271865,0,0,0.323335867817608,0,0
68.295,0.170287236481315,0,-0,0.0849526511740648,-0,0,0.384475792228397,0,0,0.31030211488576,0,0
68.3,0.156851640735681,0,-0,0.0942892903419338,-0,0,0.349921768391612,0,0,0.295195248885922,0,0
68.305,0.143846940369934,0,-0,0.0983087812489169,-0,0,0.315481739076948,0,0,0.269309303954678,0,0
68.31,0.131690592584732,0,-0,0.100964768637334,-0,0,0.281590271770748,0,0,0.243249446663198,0,0
68.315,0.120308682345308,0,-0,0.102086604005727,-0,0,0.248510706386429,0,0,0.217308677752619,0,0
68.32,0.109265764830682,0,-0,0.102101729098131,-0,0,0.219738732949311,0,0,0.191162481504861,0,0
68.325,0.0980761776604064,0,-0,0.101881980293636,0,0,0.199752250568923,0,0,0.164327689775718,0,0
68.33,0.0876086138623441,0,-0,0.0999675617274408,0,0,0.180437629019113,0,0,0.138640829482653,0,-0
68.335,0.0777986370847914,0,-0,0.0962985477567107,0,0,0.161907027117512,0,0,0.114367203610687,0,-0
68.34,0.0692089371688656,0,-0,0.0910158193684245,0,0,0.149260355753773,0,0,0.0918942643710051,0,-0
68.345,0.0614687889590523,0,-0,0.0841608462268525,0,0,0.140607037919597,0,0,0.0713582641410104,0,-0
68.35,0.0540652154919196,0,-0,0.0757767310641501,0,0,0.132283519047735,0,0,0.0528204713946727,0,-0
68.355,0.0469758631034027,0,-0,0.0660796449404764,0,0,0.12433532428713,0,0,0.0364166220526944,0,-0
68.36,0.0411498884953751,0,-0,0.0611761149568506,0,0,0.118792744675558,0,0,0.0310121273446969,0,-0
68.365,0.0355142975618242,0,-0,0.0570516138958027,0,0,0.113897456922055,0,0,0.0275078398455775,-0,-0
68.37,0.0298641006821421,0,-0,0.0529393353791189,0,0,0.109280934324551,0,0,0.0240429498011152,-0,-0
68.375,0.0242169902266793,0,-0,0.049191583353062,0,0,0.104973627460552,0,0,0.0206406045854485,-0,-0
68.38,0.018289898680399,0,-0,0.044775346571117,0,0,0.100629014201266,0,0,0.0155552939304731,-0,-0
68.385,0.0123899155413254,-0,-0,0.0399378653814571,0,0,0.0962953060338775,0,0,0.00971718591094735,-0,-0
68.39,0.0069659341423707,-0,-0,0.0364158641229102,0,0,0.0923828687294983,0,0,0.00526304156277701,-0,-0
68.395,0.00204608378001365,-0,-0,0.0344483487304962,0,0,0.0888943440132932,0,0,0.00213547539326459,-0,-0
68.4,-0.00235885438620957,-0,-0,0.0367811148872708,0,0,0.0846845654284694,0,0,0.00046425518155873,-0,-0
68.405,-0.00632325442855761,-0,-0,0.0442954194223207,0,0,0.0793947186022196,0,0,-9.54894726733974e-05,-0,-0
68.41,-0.00983624266419945,-0,-0,0.0531372790968296,0,0,0.0745976640252389,0,0,-1.70579197078542e-05,-0,-0
68.415,-0.0128742304741943,-0,-0,0.0629697820623164,0,0,0.0702352434159735,0,0,0.000648569193913487,-0,-0
68.42,-0.0154203962199099,-0,-0,0.0733384097550185,0,0,0.0662462493947637,0,0,0.00185147379659471,-0,-0
68.425,-0.0172850068085311,-0,-0,0.0799229820444242,0,0,0.0598559185321745,0,0,0.00342878420797245,-0,-0
68.43,-0.0184981295294114,-0,-0,0.0844057033002258,0,0,0.0522943309259365,0,0,0.00530674136290353,-0,-0
68.435,-0.0191673236786973,-0,-0,0.088309795603127,0,0,0.0448797173746863,0,0,0.00750366108970632,-0,-0
68.44,-0.0193290006352421,-0,-0,0.0910814188877383,0,0,0.0375129408939782,-0,0,0.0100050544519529,-0,-0
68.445,-0.0189205606325883,-0,-0,0.0911388046806542,-0,0,0.0303360300045523,-0,0,0.012731371394473,-0,-0
68.45,-0.0179682470883423,-0,-0,0.0881903405877243,-0,0,0.0233305783935308,-0,0,0.0156473249253529,-0,-0
68.455,-0.0166655237052401,-0,-0,0.0832925117960521,-0,0,0.0161892959248897,-0,0,0.0188517329464609,-0,-0
68.46,-0.0150891899890702,-0,-0,0.076265217782604,-0,0,0.00889385756578782,-0,0,0.022377394396828,-0,-0
68.465,-0.0133298468776562,0,-0,0.0667796020676145,-0,0,0.00452312524272802,-0,0,0.0261398870095216,-0,-0
68.47,-0.0114573554938838,0,-0,0.0553089677199443,-0,0,0.000868491878743264,-0,0,0.0302642114870593,-0,-0
68.475,-0.00954554337575296,0,-0,0.0422133709482682,0,0,-0.00279004969211657,-0,0,0.0348420619194631,-0,-0
68.48,-0.00766646014841914,0,-0,0.0279019268335454,0,0,-0.00640434846948849,-0,0,0.0399443608247504,-0,-0
68.485,-0.00566945575548404,0,-0,0.0132930116836794,0,0,-0.00929380489964986,-0,0,0.0451242628592061,-0,0
68.49,-0.00384575666744502,0,0,-0.00232736555973498,0,0,-0.0119374530703402,-0,0,0.05081578510008,-0,0
68.495,-0.00227928708128015,0,0,-0.0183666161143427,0,0,-0.0143477159679794,-0,0,0.0571492528594812,-0,0
68.5,-0.00101045168265848,0,0,-0.0340957292051118,0,0,-0.0164554073273742,-0,0,0.0641955727853339,-0,0
68.505,0.000184121076185982,0,0,-0.0445859677565552,0,-0,-0.0173545166606723,-0,0,0.0707165978504568,0,0
68.51,0.000953050144813527,0,0,-0.0505719231215968,0,-0,-0.0178159599164984,-0,0,0.0777280340987151,0,0
68.515,0.00127786854295942,0,0,-0.0520063480007922,0,-0,-0.0178705871503446,-0,-0,0.0853614292444059,0,0
68.52,0.00118080605351303,0,0,-0.048717706098876,0,-0,-0.0174231408967239,-0,-0,0.0937634848633643,0,0
68.525,0.000669427138926888,0,0,-0.0393786850804674,0,-0,-0.0150321794693779,-0,-0,0.105958692294379,0,0
68.53,-4.63669913542324e-05,0,0,-0.0253782783927193,0,-0,-0.0125219790252765,-0,-0,0.119446891615119,0,0
68.535,-0.000901453063252293,0,0,-0.00718951286354821,0,-0,-0.00995822031985074,-0,-0,0.134304226989663,0,0
68.54,-0.00182008036231946,0,0,0.0145534637561809,0,-0,-0.00741014484657408,-0,-0,0.150596951669588,0,0
68.545,-0.00271906593000422,0,0,0.0394920591228576,0,-0,-0.00494519218170786,-0,-0,0.168436431380775,0,0
68.55,-0.00370384211257157,0,0,0.118222530607642,0,-0,-0.00255160331479744,-0,-0,0.195843577264561,0,-0
68.555,-0.00450891140770786,0,0,0.199788623352986,0,-0,-0.000480715772636034,-0,-0,0.225914920749794,0,-0
68.56,-0.0049859162992397,0,0,0.281578098913315,0,-0,0.0012143648786776,-0,-0,0.258632936728364,0,-0
68.565,-0.00512626708797681,0,0,0.332140511237666,0,-0,0.00284873319005892,-0,-0,0.2918852811125,0,-0
68.57,-0.00484482645902491,0,0,0.311207562395202,0,-0,0.00582831701734243,-0,-0,0.322245465085436,0,-0
68.575,-0.00346593800387932,0,0,0.287686337049367,0,-0,0.00991472671715035,-0,-0,0.354025747512127,0,-0
68.58,-0.000692321054559695,0,0,0.262067221122387,-0,-0,0.0152070412424674,-0,-0,0.386970860140787,0,-0
68.585,0.00366998050513377,0,0,0.271672825738406,-0,-0,0.0224950991085811,-0,-0,0.402154862463103,0,-0
68.59,0.00959915153171712,0,0,0.293965848832783,-0,-0,0.0318333127681906,-0,-0,0.406797686226764,0,-0
68.595,0.0172396927424363,0,0,0.309447996119619,-0,-0,0.0429989943215949,-0,-0,0.409573829952936,0,-0
68.6,0.0266768922450071,0,0,0.31728575486507,-0,-0,0.0561615757911238,-0,-0,0.410552227221595,0,-0
68.605,0.0364819720980736,0,0,0.307462178535337,-0,-0,0.0750740509367482,-0,-0,0.413922352865211,0,-0
68.61,0.0474067526888175,0,0,0.292416247746079,-0,-0,0.0965941095327258,-0,0,0.415341521866976,0,-0
68.615,0.0594049865772321,0,0,0.272522581066264,-0,-0,0.120568765524459,-0,0,0.41471625841728,0,-0
68.62,0.0722981070127004,0,0,0.244298145376442,-0,-0,0.147230617657315,-0,0,0.413231856511291,0,-0
68.625,0.0853677811056802,0,-0,0.196137455127429,-0,-0,0.178366172658778,-0,0,0.415998060658327,0,-0
68.63,0.0990397848503999,0,-0,0.151755051297555,-0,-0,0.211477674985039,-0,0,0.416645826173599,0,-0
68.635,0.113223541979785,0,-0,0.111746919338446,-0,0,0.24614540895744,-0,0,0.415108277755258,0,-0
68.64,0.127540155386444,0,-0,0.0789384350164112,-0,0,0.274096872509766,-0,0,0.412679466118329,0,-0
68.645,0.141516514091572,0,-0,0.0527692096309366,-0,0,0.2867818161138,-0,0,0.410460127929442,0,-0
68.65,0.155544215910235,0,-0,0.0276958504268772,-0,0,0.298222456718783,-0,0,0.405884460785629,0,-0
68.655,0.169533149415245,0,-0,0.00405546645750492,-0,0,0.30829401113317,-0,0,0.39894947876734,0,-0
68.66,0.188181599710274,0,-0,-0.0173140825652596,-0,0,0.332265933522717,-0,0,0.384431752436542,0,-0
68.665,0.211222033932489,0,-0,-0.0345362528864148,-0,0,0.366934171342171,-0,0,0.364187070555079,0,-0
68.67,0.235105740465066,0,-0,-0.0476137362027338,-0,0,0.400299894282839,-0,0,0.342552343310761,-0,-0
68.675,0.259640783274868,0,-0,-0.0567308461803312,-0,0,0.431941552701838,-0,0,0.319728530220765,-0,-0
68.68,0.288036190873991,0,-0,-0.0576913193995738,-0,0,0.455149092562926,-0,0,0.289085859407038,-0,0
68.685,0.3210031996022,0,-0,-0.0479721053087771,-0,0,0.468869700672551,-0,0,0.251368667449737,-0,0
68.69,0.354489762547433,0,-0,-0.0326016052836503,-0,0,0.480237191433204,-0,0,0.215228778749818,-0,0
68.695,0.388134094522647,0,-0,-0.01246850589105,-0,0,0.489220764352319,-0,0,0.181011617681418,-0,0
68.7,0.412563606583329,0,-0,0.0333889071291499,-0,0,0.478673825708409,-0,0,0.138362832623307,-0,0
68.705,0.432846289379965,0,-0,0.0927072056121623,-0,0,0.460786422678389,-0,0,0.0974705176966385,-0,0
68.71,0.451752019701915,0,-0,0.156757930219159,-0,0,0.441794774245165,-0,0,0.0627446365608798,-0,0
68.715,0.469083177807175,0,-0,0.223851754490434,-0,0,0.421973161599824,0,-0,0.0344758604313565,-0,0
68.72,0.473652193494578,0,-0,0.255867016767706,-0,0,0.399944685242471,0,-0,0.0202626014848088,-0,0
68.725,0.474116871205489,0,-0,0.279700665970719,-0,0,0.377400778778189,0,-0,0.010587033797589,-0,0
68.73,0.472586468713842,0,-0,0.301796313943109,-0,0,0.354896584828051,0,-0,0.00383827442087481,-0,0
68.735,0.468626139649293,0,0,0.32066034639389,-0,0,0.332491126839154,0,-0,0.000164064579752156,-0,0
68.74,0.459291386493244,0,0,0.328610442350274,-0,0,0.309494835395651,0,-0,-0.000403918116889735,-0,0
68.745,0.448334430712345,0,0,0.334452626883575,-0,0,0.287172510424893,0,-0,0.00143157191619564,-0,0
68.75,0.435940551763181,0,0,0.338270265358133,-0,0,0.265644300162567,0,-0,0.00570950861537309,-0,0
68.755,0.422098976013098,-0,0,0.336860195424184,0,0,0.246099507338655,0,-0,0.0116648197122036,-0,0
68.76,0.406657748486879,-0,0,0.32476895457139,0,0,0.230343122555679,0,-0,0.0164879158526383,-0,0
68.765,0.390440795431883,-0,0,0.311677267366955,0,-0,0.215232101634055,0,-0,0.0215846618721101,-0,0
68.77,0.373668151246074,-0,0,0.297844277556778,0,-0,0.200791127301243,0,-0,0.0269807103668898,-0,0
68.775,0.356289959589513,-0,0,0.279378064505985,0,-0,0.187862765182034,0,-0,0.0323606545899923,-0,0
68.78,0.338369121905437,-0,0,0.254428153820097,0,-0,0.17681939785462,0,-0,0.0373511141088836,-0,0
68.785,0.320540443372399,-0,0,0.230160982693468,0,-0,0.166228584478141,0,-0,0.0424089791795777,-0,0
68.79,0.302977092697129,-0,0,0.206771279348424,0,-0,0.156067665474633,0,-0,0.0475264585708588,-0,0
68.795,0.281119861350978,-0,0,0.183129049566509,0,-0,0.147239761832518,0,-0,0.0528319462742528,-0,0
68.8,0.257156721164292,-0,0,0.159954116130429,0,-0,0.139248050055843,0,-0,0.0582908352318615,-0,0
68.805,0.234297717100298,-0,0,0.138186693878452,0,-0,0.13143233397097,0,-0,0.0638023009159391,-0,0
68.81,0.212604459111551,-0,0,0.117869929588038,0,-0,0.123762640319489,0,-0,0.069349245827316,-0,0
68.815,0.189829911234062,-0,0,0.0989239700723737,0,-0,0.115444403878198,0,-0,0.0743916290562675,-0,0
68.82,0.167860878630295,-0,0,0.0814189996594732,0,-0,0.107149138591729,0,-0,0.0792515626498298,0,0
68.825,0.147224772140491,-0,0,0.0653465932868164,0,-0,0.0990536171984429,0,-0,0.0840475728432416,0,0
68.83,0.129064309511211,-0,0,0.0510854509930926,-0,-0,0.0908985560199803,0,-0,0.0884938440840655,0,0
68.835,0.118856432500717,-0,0,0.0404783680792012,-0,-0,0.0816385617124719,0,-0,0.0910983910588229,0,0
68.84,0.109374371871213,-0,0,0.0308364595263442,-0,-0,0.0728242554214321,0,-0,0.0935219720867074,0,0
68.845,0.100568605852378,-0,0,0.0220974991665818,-0,-0,0.0644600282108771,0,-0,0.0958071797325536,0,0
68.85,0.0954314369143771,0,0,0.0152481938018746,-0,-0,0.0563410088198178,0,-0,0.0982860030464345,0,0
68.855,0.094229983407492,0,0,0.010226038817635,-0,-0,0.0485157916006304,-0,-0,0.101069402464228,0,0
68.86,0.0933454942051449,0,0,0.00570152641647271,-0,-0,0.0412700814361143,-0,-0,0.103864840226577,0,0
68.865,0.0927621750452707,0,0,0.00163003014456294,-0,-0,0.034613124369841,-0,-0,0.106688614109284,0,0
68.87,0.090348799033926,0,0,-0.00144228133331776,-0,-0,0.0285982847578045,-0,-0,0.111313143461593,0,0
68.875,0.0876615927413176,0,0,-0.00404717977728828,-0,-0,0.0231788390666547,-0,-0,0.116420500560259,0,0
68.88,0.0852232120005228,0,0,-0.00637321457340985,-0,-0,0.018340144944709,-0,-0,0.121448500442546,0,0
68.885,0.0826256802495124,0,0,-0.00835203564364043,-0,-0,0.014091760321508,-0,-0,0.125696583097523,0,0
68.89,0.0755828707604732,0,0,-0.00904893487914014,-0,-0,0.0105552748058042,-0,-0,0.122424980540992,0,0
68.895,0.0686199019793673,0,0,-0.00962047347208926,-0,-0,0.00747355738244832,-0,-0,0.118920646227852,0,0
68.9,0.0616675692179509,0,0,-0.010059595456823,-0,-0,0.00483292638452189,-0,-0,0.115107920476955,0,0
68.905,0.0552665758953787,0,0,-0.0102722421722587,-0,-0,0.00262344117419206,-0,-0,0.111563971502605,0,0
68.91,0.055636542564752,0,0,-0.00948963581592271,-0,-0,0.000832407614321732,-0,-0,0.114731443213796,0,0
68.915,0.0559845442757915,0,0,-0.00866498589601227,-0,-0,-0.000724106423774361,-0,-0,0.116456162856913,0,0
68.92,0.0562910233928389,0,0,-0.00778007072311609,-0,-0,-0.00204991184479899,-0,-0,0.11649584018682,0,0
68.925,0.0548079989159524,0,0,-0.00690241817854772,-0,0,-0.00312342353236133,-0,-0,0.113381117477264,0,0
68.93,0.0398938783111144,0,0,-0.00645986887815348,-0,0,-0.00368315982545106,-0,-0,0.0995732474194548,0,0
68.935,0.0246451292006801,0,0,-0.00562232684643895,-0,0,-0.00392973742251067,-0,-0,0.0856332840050915,0,0
68.94,0.00909925129758744,0,0,-0.00431523683589792,-0,0,-0.00392032388719127,-0,-0,0.0717427581238929,0,0
68.945,-0.00458321419230244,0,0,-0.00242945940097313,-0,0,-0.00377090763457473,-0,-0,0.059084831773792,0,0
68.95,-0.00504285514242963,-0,0,4.63245558598248e-05,-0,0,-0.00388028318472333,-0,-0,0.0517570382825026,0,0
68.955,-0.00547493445277839,-0,0,0.0028334670511951,-0,0,-0.00389771516757488,-0,-0,0.0430715265061874,0,-0
68.96,-0.00585386860707398,-0,0,0.00595589352420906,-0,0,-0.00383599623358461,-0,-0,0.0333548085012917,0,-0
68.965,-0.00619212573385645,-0,0,0.00943622877081885,-0,0,-0.00370257918629255,-0,-0,0.0230234079552412,0,-0
68.97,-0.0083507495772555,-0,0,0.0136956995399419,-0,0,-0.00326573124235355,-0,-0,0.0134183984474223,0,-0
68.975,-0.0103280033209122,-0,0,0.0185836289611937,-0,0,-0.00281626783601555,-0,-0,0.00227091344357174,0,-0
68.98,-0.0120759303366388,-0,0,0.0241242380677825,-0,0,-0.00237373387552308,0,-0,-0.00994843373937719,0,-0
68.985,-0.0123272589571974,-0,0,0.0302776984206133,-0,0,-0.00159590998460714,0,0,-0.0186724991442599,0,-0
68.99,-0.01051327631075,-0,0,0.0369764173081915,-0,0,-0.000425242098652478,0,0,-0.0136683930824805,0,-0
68.995,-0.00861452603042029,-0,0,0.0442631791463941,-0,0,0.00051556833013817,0,0,0.00152914477520586,0,-0
69,-0.00667513417602113,-0,0,0.0521029391012756,0,0,0.0012342312734164,0,0,0.0260610778922182,0,-0
69.005,-0.00662201241302502,-0,-0,0.0607696505902094,0,0,0.00158443486925931,0,0,0.0560708167375075,0,-0
69.01,-0.00792883171637819,-0,-0,0.0703161156742461,0,0,0.00169149922340876,0,0,0.0894702084540096,0,-0
69.015,-0.00870078099656341,-0,-0,0.0804420482097519,0,0,0.00178215309704265,0,0,0.127299275938899,0,-0
69.02,-0.00890177184810055,-0,-0,0.0911049590648495,0,0,0.00190910379274049,0,0,0.168312978072126,0,-0
69.025,-0.00770094418579382,-0,-0,0.100580021071581,0,-0,0.00200382399705533,0,0,0.19621041371352,0,-0
69.03,-0.00563788096317746,-0,-0,0.108474411358773,0,-0,0.00212468856394758,0,0,0.209027263753055,0,-0
69.035,-0.00365312647174902,-0,-0,0.116151270839975,0,-0,0.00241228932732473,0,0,0.219582800589571,0,-0
69.04,-0.00180532420898915,-0,-0,0.123603344181735,0,-0,0.00288312734312143,0,0,0.227709074030505,0,-0
69.045,-0.000145952597065558,-0,-0,0.130852355361302,0,-0,0.00355141598000219,0,0,0.233292797478987,0,-0
69.05,0.00128469034348044,-0,-0,0.137948342843471,0,-0,0.00442887853567785,0,0,0.236278604788991,0,-0
69.055,0.00282374180224803,-0,-0,0.14914365467093,0,-0,0.00606737232892995,0,0,0.235602737588081,0,-0
69.06,0.00457934925966981,-0,-0,0.161444301970316,0,-0,0.0082848874605848,0,0,0.232302467922696,0,-0
69.065,0.00656561526950539,-0,-0,0.174418558892874,0,-0,0.0111109569808401,0,0,0.226649986745363,0,-0
69.07,0.00883235164197577,-0,-0,0.188126099262523,0,-0,0.0146298455571669,0,0,0.218813376570955,0,-0
69.075,0.0102810144067253,-0,-0,0.203437569534494,0,-0,0.0188669824774367,0,0,0.209868335054811,-0,-0
69.08,0.0104840241369054,-0,-0,0.220366124269068,0,-0,0.023873943694608,0,0,0.19978230529624,-0,-0
69.085,0.0103737807311975,-0,-0,0.238124005537023,0,-0,0.0297561091980971,0,0,0.187912313603195,-0,-0
69.09,0.0100400106791436,-0,-0,0.256586581498863,0,-0,0.0365690284814857,0,0,0.174466274432139,-0,-0
69.095,0.00958037753528195,-0,-0,0.275567285129504,0,-0,0.044359012883117,0,0,0.15966145823109,-0,-0
69.1,0.0150360011740204,-0,-0,0.290699866308971,0,-0,0.0539663840642132,0,0,0.154762104654177,-0,-0
69.105,0.0224790622187137,-0,-0,0.305106628580776,0,-0,0.0649403800685838,0,-0,0.147442031683105,-0,-0
69.11,0.0311756174779818,-0,-0,0.319037207482132,0,-0,0.0772121307007998,0,-0,0.136197393158166,-0,-0
69.115,0.0410866473918736,-0,-0,0.332155458064781,0,-0,0.0907930213998269,0,-0,0.121280443353036,-0,-0
69.12,0.0961955624310748,-0,-0,0.342742603335706,0,-0,0.10955227326879,0,-0,0.0943430963468571,-0,0
69.125,0.160389132250234,-0,-0,0.351696624260601,0,-0,0.130659922540347,0,-0,0.0683239350660661,-0,0
69.13,0.229524936447306,-0,0,0.358781561222353,0,-0,0.153818333770938,0,-0,0.0442648029286267,-0,0
69.135,0.302619933087265,-0,0,0.363680109995278,0,-0,0.178979055511947,0,-0,0.0223126074285867,-0,0
69.14,0.318416586082002,-0,0,0.363876540720915,0,-0,0.193229096728901,0,-0,0.00266104399572105,-0,0
69.145,0.329640191231989,-0,0,0.361390790413533,0,-0,0.20675306329788,0,-0,-0.015976814490606,-0,0
69.15,0.339413588198676,-0,0,0.356222396628149,0,-0,0.220134279737449,0,-0,-0.0335010591018043,-0,0
69.155,0.354391661399583,-0,0,0.345051283547276,0,-0,0.235618914772738,0,-0,-0.0484854544580772,-0,0
69.16,0.389213756423524,-0,0,0.321733271973577,0,-0,0.258739418473947,0,-0,-0.0559889883899121,-0,0
69.165,0.422414265320189,-0,0,0.297156459565453,-0,-0,0.282489330275775,0,-0,-0.059115750783093,-0,0
69.17,0.453549174443748,-0,0,0.271610254712932,-0,-0,0.306737836007828,0,-0,-0.0582313733793331,-0,0
69.175,0.482238368178356,-0,0,0.24541145346342,-0,0,0.331351130436015,0,-0,-0.0537158683242623,-0,0
69.18,0.50335715975734,-0,0,0.217912763943055,-0,0,0.354593815840985,0,-0,-0.043138003912068,-0,0
69.185,0.504600762754691,-0,0,0.18740172311374,-0,0,0.371893524407206,0,-0,-0.0182653446158361,-0,0
69.19,0.503458765182459,0,0,0.158113303281573,-0,0,0.38868024647827,0,-0,0.0110117158094134,-0,0
69.195,0.500048278862462,0,0,0.130414269367147,-0,0,0.404870283409629,0,-0,0.0440289008941486,-0,0
69.2,0.49056410695971,0,0,0.104148030590265,-0,0,0.418024686732984,0,-0,0.0752792860113328,-0,0
69.205,0.47036381095465,0,-0,0.0792803392189135,-0,0,0.424690261232501,0,-0,0.0967828995777551,-0,0
69.21,0.449251606075934,0,-0,0.0574130281394213,-0,0,0.430247616088018,0,-0,0.119194377773439,-0,0
69.215,0.427523509145291,0,-0,0.0387577203527195,-0,0,0.434692928489686,0,-0,0.142280851494321,-0,0
69.22,0.40570974455394,0,-0,0.0233075937298241,-0,0,0.438653288231091,0,-0,0.163044997664307,-0,0
69.225,0.384099787767577,0,-0,0.0113349985755958,-0,0,0.442298366937589,0,-0,0.180488305644755,-0,0
69.23,0.362617153686987,0,-0,0.00316551139276648,-0,0,0.444878731169346,0,-0,0.197829416977804,-0,0
69.235,0.341472998308993,0,-0,-0.00120325037254842,-0,0,0.446404862855131,0,-0,0.214961398393274,0,0
69.24,0.322268791405393,0,-0,-0.00177505590668788,-0,0,0.442425049537539,0,0,0.234281186136113,0,0
69.245,0.305349304978287,0,-0,0.00147799388620165,-0,0,0.431665672291446,0,0,0.256471746701811,0,0
69.25,0.288926767660526,0,-0,0.00842240586948248,-0,0,0.419935908046999,0,0,0.278221867302942,0,0
69.255,0.273094934944143,0,-0,0.0189168317740362,-0,0,0.407330432896716,0,0,0.299388237213734,0,0
69.26,0.254657636085463,0,-0,0.0312251155192758,-0,0,0.386550639788804,0,0,0.310947438626447,0,0
69.265,0.235617656735036,0,-0,0.0452516660835126,-0,0,0.361390806954552,-0,0,0.317054088280229,0,0
69.27,0.217731245884247,0,-0,0.0615279014802586,-0,0,0.335856501986944,-0,0,0.322241033478585,0,0
69.275,0.200963807742728,0,-0,0.0799127126461033,-0,0,0.310111210454769,-0,0,0.32645127750781,0,0
69.28,0.190173806026561,0,-0,0.0904509759725597,-0,0,0.303889195491725,-0,0,0.324604636250776,0,0
69.285,0.180456620627612,0,-0,0.0996215090838044,-0,0,0.299502626679786,-0,0,0.321188722029076,0,0
69.29,0.171150428268571,0,-0,0.108401618537095,-0,0,0.294620097462698,-0,0,0.316805130496047,0,0
69.295,0.162201483550639,0,-0,0.116719554721593,-0,0,0.289284373619054,-0,0,0.311455737491802,0,0
69.3,0.153549503431126,0,-0,0.124516523939844,-0,0,0.283540832990478,-0,0,0.305149452232546,0,0
69.305,0.140641993198145,0,-0,0.12022889979787,0,0,0.264654283579927,-0,0,0.274806314847758,0,0
69.31,0.126289427854928,0,-0,0.107762388517823,0,-0,0.239781423995042,-0,0,0.233500425708905,0,0
69.315,0.112805774159973,0,-0,0.0925986547425816,0,-0,0.215598795391957,-0,0,0.193456575627362,0,0
69.32,0.100130809870812,0,-0,0.0748407733608455,0,-0,0.192201038060651,0,0,0.155006185783738,0,0
69.325,0.0920992048407109,0,-0,0.0706699728990697,0,-0,0.18256257555203,0,0,0.141080512666281,0,0
69.33,0.085457047961077,0,-0,0.0714816580667065,0,-0,0.177405403685669,0,0,0.134829676040225,0,0
69.335,0.0787463790178561,0,-0,0.0721882086718837,0,-0,0.172221830397543,0,0,0.128220248393704,0,0
69.34,0.0719475823961112,0,-0,0.0729634449424798,0,-0,0.16705182303059,0,0,0.121287732283013,0,0
69.345,0.0634378693097427,0,-0,0.0686028353977081,0,-0,0.155889917306527,0,0,0.105083039910037,0,0
69.35,0.0550128510589585,0,-0,0.0637093962625928,0,-0,0.14449609591847,0,0,0.0887865162091293,0,0
69.355,0.0469063715215713,0,-0,0.0591674325120899,0,-0,0.133646652729784,0,0,0.0736556062000582,0,0
69.36,0.0391436049336476,-0,-0,0.0552174410777752,0,0,0.123353343634466,0,0,0.0597752911311796,-0,0
69.365,0.0317558813690279,-0,-0,0.052071741589232,0,0,0.113618186145003,0,0,0.0472130886654863,-0,0
69.37,0.023962419183348,-0,-0,0.0523905391620696,0,0,0.10305191271672,0,0,0.0338089600897282,-0,0
69.375,0.0167049954731024,-0,-0,0.0550612863134276,0,0,0.0924452945158437,0,0,0.0213349179583357,-0,-0
69.38,0.0105030396549026,-0,-0,0.058865036194013,0,0,0.0824655106304312,0,0,0.0110298197880373,-0,-0
69.385,0.00536552441052689,-0,-0,0.0637135199542477,0,0,0.07306799325982,0,0,0.00290610220583972,-0,-0
69.39,0.00129337826475503,-0,-0,0.0695262220769605,0,0,0.0644132329797883,0,0,-0.00287126624245772,-0,-0
69.395,-0.00201080788175897,-0,-0,0.0787781450563947,0,0,0.0628942613343767,0,0,-0.00226574404858911,-0,-0
69.4,-0.00509589777246262,-0,-0,0.0882035097009721,0,0,0.0615279631794795,0,0,-0.00168476481981535,-0,-0
69.405,-0.00792454061311743,-0,-0,0.0973690091190013,0,0,0.0603137870662648,0,0,-0.00112549454974643,-0,-0
69.41,-0.0104634320318915,-0,-0,0.105800283760363,0,0,0.0592482637520295,0,0,-0.000582640033964366,-0,-0
69.415,-0.0123835654400225,-0,-0,0.114427088180642,0,0,0.0558962633319471,0,0,-6.35479309252342e-05,-0,-0
69.42,-0.0134052180490911,-0,-0,0.122986780813916,0,0,0.0494943568748132,0,0,0.000971363703872683,-0,-0
69.425,-0.0138963407377291,-0,-0,0.128976389375919,0,0,0.0432704864156352,0,0,0.00276666381629763,-0,-0
69.43,-0.0139048981527129,-0,-0,0.131958066707816,0,0,0.0371757461062869,0,0,0.00533843012741321,-0,-0
69.435,-0.0135383954941061,-0,0,0.129986442467476,0,0,0.0311545257328372,-0,0,0.00849735265950633,-0,-0
69.44,-0.0129500742269449,-0,0,0.121059610897786,0,0,0.0251544320513449,-0,0,0.0116803493889591,-0,-0
69.445,-0.0120756718097623,-0,0,0.109789148361178,0,0,0.019190367479546,-0,0,0.0153263203644575,-0,-0
69.45,-0.0109788827779654,0,0,0.0963469395223484,0,0,0.0132574058237511,-0,0,0.0194683740846739,-0,-0
69.455,-0.00964567404883954,0,0,0.0813582984518501,0,0,0.00846992083838674,-0,0,0.0245723814068998,-0,-0
69.46,-0.00815997327851539,0,0,0.0650013379051087,0,0,0.00467003814083988,-0,0,0.0307816231619777,-0,-0
69.465,-0.00665684554055772,0,0,0.0474712531154918,0,0,0.000958602229515132,-0,0,0.0378398409592715,-0,-0
69.47,-0.00519807548644456,0,0,0.0293679033146057,0,0,-0.00262433978175437,-0,0,0.0458059952116807,-0,0
69.475,-0.0036767586033882,0,0,0.0108647293343745,0,0,-0.00490550593910645,-0,0,0.053923401906783,-0,0
69.48,-0.00230884732244784,0,0,-0.00543850523619993,0,-0,-0.00682709804988356,-0,0,0.0627587898397168,-0,0
69.485,-0.00115997498189197,0,0,-0.0188211875265022,0,-0,-0.00851663944144936,-0,0,0.0724617268208131,-0,0
69.49,-0.000256288171606863,0,0,-0.0288424490792853,0,-0,-0.0099326992456105,-0,0,0.0830682280526812,-0,0
69.495,0.00111453216764447,0,0,-0.024869916958183,0,-0,-0.011021996640683,-0,0,0.0953506995746544,-0,0
69.5,0.00213991163179536,0,0,-0.00692600725950248,0,-0,-0.0117569315116755,-0,-0,0.109016635288127,0,0
69.505,0.0025342225241121,0,0,0.0214843047348965,0,-0,-0.0121088396917376,-0,-0,0.123851902291806,0,0
69.51,0.00235990937579926,0,0,0.0592488071415891,0,-0,-0.0120489541584569,-0,-0,0.139880663097916,0,0
69.515,0.00159730264214619,0,0,0.108197526784432,0,-0,-0.0099689655344359,-0,-0,0.157040041023866,0,0
69.52,0.000633830590175577,0,0,0.164450842875961,0,-0,-0.00776036450463883,-0,-0,0.175402962631681,0,0
69.525,-0.000401053911489876,0,0,0.225903460170253,0,-0,-0.00564856633430348,-0,-0,0.194982938064139,0,0
69.53,-0.00135360440370915,0,0,0.282047385112011,0,-0,-0.00374123802910843,-0,-0,0.214170914661928,0,0
69.535,-0.00192238712868582,0,0,0.300472332348356,0,-0,-0.00214110421359958,-0,-0,0.226916374098071,0,0
69.54,-0.00211437963060332,0,0,0.315849723115596,0,-0,-0.000690972239829799,-0,-0,0.239686745125013,0,0
69.545,-0.00190711637328672,0,0,0.327849153500453,0,-0,0.000580531561296013,-0,-0,0.252466526706527,0,0
69.55,-0.00134368570787748,0,0,0.32038964587126,0,-0,0.00164258636644852,-0,-0,0.269336890681224,0,0
69.555,-0.000279139619736351,0,0,0.293707476290907,0,-0,0.00246182230634427,-0,-0,0.29094886336258,0,0
69.56,0.00148704787792792,0,0,0.264313321676515,-0,-0,0.00307067833461731,-0,-0,0.313456119798362,0,-0
69.565,0.00406699767155181,0,0,0.233060920806943,-0,-0,0.00351833450355386,-0,-0,0.336830960683629,0,-0
69.57,0.00811922793826141,0,0,0.243934916214395,-0,-0,0.00799584850352653,-0,-0,0.349112760062597,0,-0
69.575,0.0140174222945701,0,0,0.263972311684235,-0,-0,0.01574105624468,-0,-0,0.357225970121512,0,-0
69.58,0.0219144531029184,0,0,0.278323001218765,-0,-0,0.0258360568734127,-0,-0,0.364839971229596,0,-0
69.585,0.0320415902878272,0,0,0.28666914623288,-0,-0,0.0383871892501733,-0,-0,0.371934017888001,0,-0
69.59,0.040603831164038,0,0,0.268314637334522,-0,-0,0.0443973259596339,-0,-0,0.384753830003269,0,-0
69.595,0.0496493531555123,0,0,0.246251522787412,-0,-0,0.0502863665134955,-0,-0,0.397607154714023,0,-0
69.6,0.0593074677763844,0,-0,0.222300979278596,-0,-0,0.0565874890325695,-0,0,0.409913453402429,0,-0
69.605,0.0697462188790067,0,-0,0.196162574092061,-0,-0,0.0667047395206657,-0,0,0.420200184590137,0,-0
69.61,0.0825914933779398,0,-0,0.165005406561631,-0,-0,0.102121737057263,-0,0,0.421090227917439,0,-0
69.615,0.0964177078004066,0,-0,0.134775976528639,-0,-0,0.141522463745177,-0,0,0.420558257569991,0,-0
69.62,0.111166069512667,0,-0,0.105863280035222,-0,0,0.184403465585275,-0,0,0.418427352359245,0,-0
69.625,0.12697730032172,0,-0,0.0781458903734932,-0,0,0.229309861163137,-0,0,0.410556578820579,0,-0
69.63,0.144032039226134,0,-0,0.0520334824699826,-0,0,0.274700561979576,-0,0,0.393593320501218,0,-0
69.635,0.161894824667734,0,-0,0.0287921463125419,-0,0,0.321423941536526,-0,0,0.374934095042295,0,-0
69.64,0.18046714935352,0,-0,0.00853146542763697,-0,0,0.368771097111408,-0,0,0.354659458550701,0,-0
69.645,0.203000507172384,0,-0,-0.00839189480735588,-0,0,0.410930495950228,-0,0,0.330890210217706,0,-0
69.65,0.2321673751193,0,-0,-0.0197841367095483,-0,0,0.443912471662267,-0,0,0.302861842143205,0,-0
69.655,0.262862818300857,0,-0,-0.0255209805222147,-0,0,0.475153533395909,-0,0,0.274117553193442,0,-0
69.66,0.294889153556715,0,-0,-0.0259968151900567,-0,0,0.504256127425496,-0,0,0.244995786657012,-0,-0
69.665,0.323062846730208,0,-0,-0.0245154408668492,-0,0,0.524436712064136,-0,0,0.221802732784056,-0,-0
69.67,0.338584475568249,0,-0,-0.0281739186899809,-0,0,0.525680452046928,-0,0,0.212443418111828,-0,-0
69.675,0.353260329484249,0,-0,-0.0311583058223458,-0,0,0.524289683558918,-0,0,0.201363179708171,-0,-0
69.68,0.367009565465679,0,-0,-0.0334771728416058,-0,0,0.520425758647268,-0,0,0.188754706599196,-0,-0
69.685,0.379758712728574,0,-0,-0.0351517555314384,-0,0,0.514294105653595,-0,0,0.174834908440717,-0,-0
69.69,0.400590516828824,0,-0,-0.0177577184674004,-0,0,0.500859008048602,-0,0,0.151178414374671,-0,-0
69.695,0.425243572299386,0,-0,0.011657093952235,-0,0,0.483373714359124,-0,0,0.124681287604624,-0,-0
69.7,0.449265334437885,0,-0,0.0440797896283889,-0,0,0.464747475175303,0,-0,0.100215687024448,-0,0
69.705,0.472484087417076,0,-0,0.0788345550167576,-0,0,0.445304302004646,0,-0,0.0780422604034331,-0,0
69.71,0.479332834834841,0,-0,0.126698219097625,-0,0,0.40884023594919,0,-0,0.0521014992978189,-0,0
69.715,0.483390147191969,0,-0,0.177217825645586,-0,0,0.371722833741356,0,-0,0.0306531246568761,-0,0
69.72,0.485963606332966,0,-0,0.228743501462743,-0,0,0.335706592083289,0,-0,0.0144513830740865,-0,0
69.725,0.486810223246148,0,-0,0.279417323511161,-0,0,0.301407386379352,0,-0,0.003775237415045,-0,0
69.73,0.480570382977871,0,-0,0.302982659657106,-0,0,0.276426953646906,0,-0,0.00111270183942445,-0,0
69.735,0.472936444929411,0,0,0.325637205607165,-0,0,0.252528280190496,0,-0,-3.14733619769808e-05,-0,0
69.74,0.464003965130038,0,0,0.347245086935463,0,0,0.229793511463668,0,-0,0.00033392760761626,-0,0
69.745,0.452122054863507,-0,0,0.364207432760855,0,0,0.209275364656413,0,-0,0.00216371512859931,-0,0
69.75,0.433813624260191,-0,0,0.369255222184209,0,0,0.192886685870738,0,-0,0.00530529891313855,-0,0
69.755,0.414689264795023,-0,0,0.373151112521695,0,0,0.1774143706031,0,-0,0.00973371552843755,-0,0
69.76,0.394915117999793,-0,0,0.375917349800876,0,0,0.162838094001586,0,-0,0.0154006305409423,-0,0
69.765,0.374138357566404,-0,0,0.371686611104742,0,0,0.151507057888131,0,-0,0.0209789465860207,-0,0
69.77,0.352268564371961,-0,0,0.357561199114167,0,0,0.144323248146791,0,-0,0.0249063051348773,-0,0
69.775,0.3302875343889,-0,0,0.34282547637403,0,0,0.137423739035698,0,-0,0.0287503146518713,-0,0
69.78,0.30835171845397,-0,0,0.327575609162768,0,0,0.130766641807979,0,-0,0.0324717320480151,-0,0
69.785,0.288513611687422,-0,0,0.305571731393137,0,0,0.125701417882313,0,-0,0.0346793661543911,-0,0
69.79,0.269520546140088,-0,0,0.281498650048276,0,0,0.121090277830304,0,-0,0.0359354743184316,-0,0
69.795,0.250860836641222,-0,0,0.257579234444287,0,0,0.116418009791788,0,-0,0.0366205736385914,-0,0
69.8,0.2326377160979,-0,0,0.233940269028355,0,0,0.111644177011068,0,-0,0.0367361300734546,-0,0
69.805,0.214211533513515,-0,0,0.205496326022663,0,0,0.107876459037739,0,-0,0.0378972984152291,-0,0
69.81,0.196254123010598,-0,0,0.176640013375745,0,0,0.10407845664082,0,-0,0.0392047063012721,-0,0
69.815,0.17901796771469,-0,0,0.148870120106103,0,0,0.0999220608474413,0,-0,0.0403413126401238,-0,0
69.82,0.163945638045383,-0,0,0.124951273476896,0,0,0.0951549346026805,0,-0,0.041505799668445,-0,0
69.825,0.158777798479636,-0,0,0.119294728365791,0,-0,0.0885539519859087,0,-0,0.0435929538983948,-0,0
69.83,0.153752966017345,-0,0,0.113486054283111,0,-0,0.081836153326509,0,-0,0.0458652513207636,-0,0
69.835,0.148895001922534,-0,0,0.107557398270301,0,-0,0.0750168160651501,0,-0,0.0484156196062257,0,0
69.84,0.144223716249016,-0,0,0.10153714127641,0,-0,0.0681202149992287,0,-0,0.0513345651200144,0,0
69.845,0.134341696810754,-0,0,0.0734083593130789,0,-0,0.057980572421553,0,-0,0.0556767368815553,0,0
69.85,0.125001857116586,0,0,0.0477407471019513,0,-0,0.0485518801924311,0,-0,0.060597041838659,0,0
69.855,0.116217253732454,0,0,0.0247687387342943,0,-0,0.0398855058635748,-0,-0,0.066120895084888,0,0
69.86,0.108077511613094,0,0,0.0056468629907941,-0,-0,0.032042515837747,-0,-0,0.0723898127360933,0,0
69.865,0.101690315481212,0,0,0.000607060567326198,-0,-0,0.0253146807322807,-0,-0,0.0809174191831698,0,0
69.87,0.0957057500368053,0,0,-0.00358655145172238,-0,-0,0.0192840426098241,-0,-0,0.0899743474458381,0,0
69.875,0.0900999979842493,0,0,-0.00692370241431279,-0,-0,0.0139607221988507,-0,-0,0.0994198208329943,0,0
69.88,0.0830435638097962,0,0,-0.00893390987858604,-0,-0,0.00941235460809743,-0,-0,0.105726229501991,0,-0
69.885,0.0727361773491177,0,0,-0.00934972615988591,-0,-0,0.00559986301281037,-0,-0,0.105203187743935,0,-0
69.89,0.062940310935104,0,0,-0.00925217356027894,-0,-0,0.00232544900990821,-0,-0,0.104745939468742,0,-0
69.895,0.0535782321550716,0,0,-0.00864448071447268,-0,-0,-0.000423482589532913,-0,-0,0.104255278020315,0,-0
69.9,0.0499426089305061,0,0,-0.00695137529894944,-0,-0,-0.00276928019332438,-0,-0,0.108136737253622,0,-0
69.905,0.0491069254401634,0,0,-0.00487064837009951,-0,-0,-0.0048848911864317,-0,-0,0.113546946850673,0,-0
69.91,0.0483290607393377,0,0,-0.00278700896078801,-0,-0,-0.00675673193857098,-0,-0,0.117831595656769,0,-0
69.915,0.047599785074841,0,0,-0.000714300597679115,-0,-0,-0.00838244180922654,-0,-0,0.120676620810509,0,-0
69.92,0.0387119993027685,0,0,0.00140589821614814,-0,-0,-0.00944706444575443,-0,-0,0.119095636189067,0,-0
69.925,0.0293775581495017,-0,0,0.00372957769727222,-0,-0,-0.0101681541021575,-0,-0,0.115733346973554,0,-0
69.93,0.0201611101369565,-0,0,0.00626773905825583,-0,0,-0.0105950837649256,-0,-0,0.11062456307533,0,-0
69.935,0.0110557735503255,-0,0,0.00903373915521856,-0,0,-0.0107593249129596,-0,-0,0.103658518982261,0,-0
69.94,0.00816770296872287,-0,0,0.012224107265339,-0,0,-0.0110187240483815,-0,-0,0.0930301198549383,0,-0
69.945,0.00543629856113181,-0,0,0.0157763631836983,-0,0,-0.0111016949439764,-0,-0,0.0810569006094273,0,-0
69.95,0.00279289379029717,-0,0,0.019725706122152,-0,0,-0.0110214686376515,-0,-0,0.0679499325480613,0,-0
69.955,0.000308567443461806,-0,0,0.0241273863013985,-0,0,-0.0107781236121443,0,-0,0.0541066040999638,0,-0
69.96,-0.001058447112929,-0,0,0.0293510524047767,-0,0,-0.00994605301675307,0,-0,0.0420272094305027,0,-0
69.965,-0.0022758392077761,-0,0,0.0352236721034925,-0,0,-0.00903300145204841,0,-0,0.0281169691934319,0,-0
69.97,-0.00331716733647459,-0,0,0.0418160695997816,-0,0,-0.00807213954004341,0,-0,0.0129058548953419,0,-0
69.975,-0.00415793579127878,-0,0,0.0492035026077306,-0,0,-0.00709403403650429,0,-0,-0.00301606563987724,0,-0
69.98,-0.004454012213951,-0,0,0.0558463542425679,-0,0,-0.00553857352953587,0,-0,-0.0172358843369844,0,-0
69.985,-0.00451674523770926,-0,0,0.0628505876781192,0,0,-0.0040209028994583,0,0,-0.027650061205158,0,-0
69.99,-0.00439340507279315,-0,0,0.0704624565811829,0,-0,-0.00265219752970062,0,0,-0.0340278427069058,0,-0
69.995,-0.00409194323185714,-0,-0,0.0787333881663848,0,-0,-0.00145188231753392,0,0,-0.0362287752661043,0,-0
70,-0.00360271755590535,-0,-0,0.0911270837157438,0,-0,-0.000178120780568539,0,0,-0.0267704311346576,0,-0
70.005,-0.0029730933563071,-0,-0,0.105073244108104,0,-0,0.0008844113459583,0,0,-0.0105959979152005,0,-0
70.01,-0.00222471084997441,-0,-0,0.120431967336429,0,-0,0.00173562933283413,0,0,0.0111766464423055,0,-0
70.015,-0.00142882999345522,-0,-0,0.140370154905149,0,-0,0.00252937238459535,0,0,0.0453425626956693,0,-0
70.02,-0.000524632386460625,-0,-0,0.171892969393975,0,-0,0.00348661365847387,0,0,0.107826723426065,0,-0
70.025,0.000761939003673966,-0,-0,0.206549099804637,0,-0,0.00429977627933176,0,0,0.175739937116172,0,-0
70.03,0.00246718805993307,-0,-0,0.24425587612322,0,-0,0.00507770524973675,0,0,0.246620566259931,0,-0
70.035,0.0044399353637152,-0,-0,0.277679022959805,0,-0,0.00577477915370811,0,0,0.277443740093001,0,-0
70.04,0.00646382170642475,-0,-0,0.305069276439862,0,-0,0.00651972254706413,0,0,0.262664429050062,0,-0
70.045,0.00869889823390362,-0,-0,0.333387525691198,0,-0,0.00761437584327162,0,0,0.244775645477659,0,-0
70.05,0.0111944114190328,-0,-0,0.362392482128749,0,-0,0.00917907196553918,0,0,0.224348362403441,-0,-0
70.055,0.015613905343663,-0,-0,0.381216811025993,0,-0,0.0113475488807555,0,0,0.229429153126852,-0,-0
70.06,0.0214227315148315,-0,-0,0.39677946408355,0,-0,0.0142429449707384,0,0,0.237714597131038,-0,-0
70.065,0.0283715739812951,-0,-0,0.4113283508239,0,-0,0.0179903055614052,0,0,0.242182343854164,-0,-0
70.07,0.0375825273240381,-0,-0,0.424467758182037,0,-0,0.0226806477307574,0,0,0.244516928562248,-0,-0
70.075,0.0539836219859747,-0,-0,0.435251508822797,0,-0,0.0282659712797491,0,0,0.250831028524956,-0,-0
70.08,0.072984846060521,-0,-0,0.444366147358667,0,-0,0.0349701704650932,0,0,0.251810274287363,-0,-0
70.085,0.0944865144941737,-0,-0,0.451631400516559,0,-0,0.042874527698197,0,0,0.247499714779985,-0,-0
70.09,0.121247551939806,-0,-0,0.456020244644527,0,-0,0.0510137905311243,0,0,0.23137225394893,-0,-0
70.095,0.153688263483634,-0,-0,0.457366344080009,0,-0,0.0589470511780513,0,0,0.205953386415527,-0,-0
70.1,0.188689451195865,-0,0,0.456435733718629,0,-0,0.0675380088828533,0,-0,0.179301390727903,-0,-0
70.105,0.225821672273008,-0,0,0.453150503345813,0,-0,0.0767419094442776,0,-0,0.151900239468145,-0,-0
70.11,0.266085465479977,-0,0,0.437392421587637,0,-0,0.0879170790036805,0,-0,0.118589674378596,-0,-0
70.115,0.307924925513381,-0,0,0.417315733748348,0,-0,0.100294153362033,0,-0,0.0869067783513769,-0,-0
70.12,0.350414572564966,-0,0,0.395469063392952,0,-0,0.113552428489381,0,-0,0.0587210745843772,-0,0
70.125,0.388078973029032,-0,0,0.374512646811899,0,-0,0.127161601314836,0,-0,0.0345890676473946,-0,0
70.13,0.398388189487775,-0,0,0.364686687328259,0,-0,0.13860145201248,0,-0,0.0146501846593148,-0,0
70.135,0.406692293201666,-0,0,0.352534192955229,0,-0,0.150190190649573,0,-0,-0.00410620912109155,-0,0
70.14,0.412912662323812,-0,0,0.338123730275752,0,-0,0.161861446357881,0,-0,-0.0215365547389464,-0,0
70.145,0.426533627348777,-0,0,0.312671036737148,-0,-0,0.17864777237292,0,-0,-0.0359246146960414,-0,0
70.15,0.456122750526832,-0,0,0.270486125959368,-0,-0,0.206418021315461,0,-0,-0.043216226313006,-0,0
70.155,0.483238666683505,-0,0,0.229981018114948,-0,0,0.235974119590312,0,-0,-0.0455849393640953,-0,0
70.16,0.507584316780235,-0,0,0.191612650726875,-0,0,0.267135812603027,0,-0,-0.0434919832254677,-0,0
70.165,0.516593829149279,-0,0,0.158154011817154,-0,0,0.29998761550987,0,-0,-0.0369178051532482,-0,0
70.17,0.511428799214307,-0,0,0.129142124989715,-0,0,0.334307449058114,0,-0,-0.0262113532813542,-0,0
70.175,0.504104257820327,-0,0,0.102441700511857,-0,0,0.36955483690675,0,-0,-0.0123071908694711,-0,0
70.18,0.49480342506307,-0,0,0.0783449516476268,-0,0,0.405429078682617,0,-0,0.00428987965602902,-0,0
70.185,0.475962502587268,0,0,0.0564774882597403,-0,0,0.430263907426863,0,-0,0.0254740159726063,-0,0
70.19,0.449577276874668,0,-0,0.0375081434088066,-0,0,0.444399258169907,0,-0,0.0508173801845335,-0,0
70.195,0.422884221577629,0,-0,0.0222731780667511,-0,0,0.457246889525624,0,-0,0.0778897861623976,-0,0
70.2,0.396175079766791,0,-0,0.0109066245751682,-0,0,0.468703316411626,0,-0,0.106238052264827,-0,0
70.205,0.361180651211215,0,-0,0.00283632225270687,-0,0,0.474247447790367,0,-0,0.134618027973213,-0,0
70.21,0.325504365672053,0,-0,-1.51963518913405e-06,-0,0,0.477086301154176,0,-0,0.163280636491124,-0,0
70.215,0.291439002798502,0,-0,0.00264895658177878,-0,0,0.478241201279155,0,-0,0.192120980383735,-0,0
70.22,0.259142274102666,0,-0,0.0106888482744453,-0,0,0.477730618337217,0,-0,0.220884081651227,-0,0
70.225,0.241939522763268,0,-0,0.0189233846079165,-0,0,0.4818023766195,0,-0,0.236630012296912,-0,0
70.23,0.226767446329578,0,-0,0.0281217984596706,-0,0,0.485018734955368,0,-0,0.250230446427299,0,0
70.235,0.212095003867808,0,-0,0.038542457800099,-0,0,0.486683077167765,0,-0,0.263092530881649,0,0
70.24,0.198087091435127,0,-0,0.049547954429121,-0,0,0.483728949460422,0,0,0.272558038613854,0,0
70.245,0.184983159903895,0,-0,0.0595076055519827,-0,0,0.469507044197254,-0,0,0.272849180212924,0,0
70.25,0.172462664361555,0,-0,0.0695380044317567,-0,0,0.454208571758834,-0,0,0.272359769688963,0,0
70.255,0.160537903451831,0,-0,0.0794627144657237,-0,0,0.438013603250562,-0,0,0.271124890362133,0,0
70.26,0.148660509051943,0,-0,0.0866639039841586,-0,0,0.417647220948762,-0,0,0.263442637020185,0,0
70.265,0.136913953687253,0,-0,0.0902869642646675,-0,0,0.393428983124899,-0,0,0.249460796418023,0,0
70.27,0.125854428221297,0,-0,0.0924677600189466,-0,0,0.369105251351476,-0,0,0.235115623923505,0,0
70.275,0.11544438791615,0,-0,0.0931410319428676,-0,0,0.344872016128524,-0,0,0.220508787802645,0,0
70.28,0.107253621009242,0,-0,0.0954499290714851,-0,0,0.335087784284356,-0,0,0.215187950305297,0,0
70.285,0.0995795367236479,0,-0,0.0970763234619887,-0,0,0.32679520719333,-0,0,0.210572916947297,0,0
70.29,0.0921773582623006,0,-0,0.0977457254325547,-0,0,0.318348845790963,0,0,0.205526389360398,0,0
70.295,0.0850117705326017,0,-0,0.0976060397218169,0,0,0.309856057282693,0,0,0.200077444614778,0,0
70.3,0.0780482869611102,0,-0,0.0968659922889136,0,0,0.301414972485492,0,0,0.19425301846751,0,0
70.305,0.0712547820123651,0,-0,0.0957886537786592,0,0,0.293113389768009,0,0,0.18807728189746,0,0
70.31,0.064126635463494,0,-0,0.0877887483684624,0,0,0.273377049318378,0,0,0.172869940468757,0,0
70.315,0.0571350801412723,0,-0,0.0783107080428136,0,0,0.252402533292855,0,0,0.156422833752932,0,0
70.32,0.0503580051834842,0,-0,0.0690193622575918,0,0,0.232440679317532,0,0,0.140492575459236,0,0
70.325,0.0437823844362902,0,-0,0.060342914811479,0,0,0.213498309649954,0,0,0.125154034121516,0,0
70.33,0.037365931109497,0,-0,0.052802362206565,0,0,0.195773001611512,0,0,0.110449439980452,0,0
70.335,0.0306715431418328,-0,-0,0.0485679928716605,0,0,0.182291902689436,0,0,0.0961160675692078,0,-0
70.34,0.0243760388978085,-0,-0,0.0460137877795264,0,0,0.169585211007835,0,0,0.0825940594790242,-0,-0
70.345,0.0184871648753758,-0,-0,0.0452859284960453,0,0,0.15761407528123,0,0,0.0699304235382388,-0,-0
70.35,0.0130170364266903,-0,-0,0.0464165837912198,0,0,0.146332828099871,0,0,0.0581685453068318,-0,-0
70.355,0.00798966411075069,-0,-0,0.0524099134228222,0,0,0.137463485279084,0,0,0.04741267355736,-0,-0
70.36,0.0034066814138031,-0,-0,0.0633929102871736,0,0,0.131117499699925,0,0,0.0376919500182331,-0,-0
70.365,-0.000730741261571297,-0,-0,0.0753126132236275,0,0,0.125166768882848,0,0,0.0289590533196135,-0,-0
70.37,-0.00440633573821037,-0,-0,0.0876066082966468,0,0,0.119568848409066,0,0,0.0212523908737292,-0,-0
70.375,-0.00760698526005994,-0,-0,0.0996352233671181,0,0,0.114278911136285,0,0,0.0146135298368982,-0,-0
70.38,-0.0102750589724144,-0,-0,0.114182794150074,0,0,0.107730991595092,0,0,0.00902215131327382,-0,-0
70.385,-0.0124030066131391,-0,-0,0.128284620055836,0,0,0.100732230540302,0,0,0.00460571449284571,-0,-0
70.39,-0.0140179633166193,-0,-0,0.139512504279318,0,0,0.0939454815983432,0,0,0.00147214402349237,-0,-0
70.395,-0.0151386623111849,-0,-0,0.147208131672567,0,0,0.0873208866604803,-0,0,-0.000296990613266223,-0,-0
70.4,-0.0156048586245053,-0,0,0.147924754211543,0,0,0.079730954795168,-0,0,-0.000513942481592931,-0,-0
70.405,-0.0155437564634305,-0,0,0.143867092183877,0,0,0.0718700752814646,-0,0,0.000528520621804403,-0,-0
70.41,-0.0150699884834114,-0,0,0.136014255078378,0,0,0.0640850686558487,-0,0,0.00285004455355836,-0,-0
70.415,-0.0142458451938983,0,0,0.124447924861486,0,0,0.0563602073059753,-0,0,0.00656208963365421,-0,-0
70.42,-0.0131646520514117,0,0,0.108511647531202,0,0,0.0487563028288113,-0,0,0.0111641529019432,-0,-0
70.425,-0.0119090854579547,0,0,0.0888118012812682,0,0,0.0413159051207241,-0,0,0.0157476732412024,-0,-0
70.43,-0.0105074277079188,0,0,0.0676406601677302,0,0,0.0339768934651563,-0,0,0.0210139538401818,-0,-0
70.435,-0.0090252164692064,0,0,0.0457317994705234,0,0,0.026784738928218,-0,0,0.0270189969584587,-0,0
70.44,-0.00752443320705087,0,0,0.0238815671913417,0,0,0.0198022746930836,-0,0,0.033815429928364,-0,0
70.445,-0.00554900858368355,0,0,0.00275357994228905,0,0,0.0131835749586812,-0,0,0.0418581976414994,-0,0
70.45,-0.00274189158504497,0,0,-0.0128778196408907,0,-0,0.00709332333768088,-0,0,0.0518762741548397,-0,0
70.455,-0.000303714625644958,0,0,-0.0201490954166496,-0,-0,0.00146715281307332,-0,0,0.0632105000429307,-0,0
70.46,0.00171310615387751,0,0,-0.0189093650961989,-0,-0,-0.0035840085397779,-0,0,0.0759133321510206,-0,0
70.465,0.00306543130368079,0,0,-0.00995433453144869,-0,-0,-0.00554055652099638,-0,0,0.0899710687878571,0,0
70.47,0.00380589443652257,0,0,0.00573802187178357,-0,-0,-0.0044600620419621,-0,0,0.105385281647074,0,0
70.475,0.00425177865196242,0,0,0.0282192125363666,-0,-0,-0.00338185756642581,-0,-0,0.122228979411901,0,-0
70.48,0.00445549922148198,0,0,0.0566956227940719,-0,-0,-0.00235636656325465,-0,-0,0.140506255208369,0,-0
70.485,0.00473694476374928,0,0,0.106195086411877,-0,-0,-0.00165896615380616,-0,-0,0.162281310461809,0,-0
70.49,0.00501933327635125,0,0,0.173722658543469,-0,-0,-0.00115796733787317,-0,-0,0.187342719516672,0,-0
70.495,0.0052649030275628,0,0,0.246937637057732,-0,-0,-0.000709402395272807,-0,-0,0.214379914528365,0,-0
70.5,0.00565953120570408,0,0,0.323321341104026,-0,-0,-0.000338751073988816,-0,-0,0.243359512819186,0,-0
70.505,0.00605218982702539,0,0,0.322547550272673,-0,-0,-0.000107567186392756,-0,-0,0.2696391790758,0,-0
70.51,0.0069228928776236,0,0,0.307065706103755,-0,-0,0.000405179246270829,-0,-0,0.296513489318681,0,-0
70.515,0.00845264364104575,0,0,0.287253665892291,-0,-0,0.00128306371743085,-0,-0,0.324451798242943,0,-0
70.52,0.0107429736163096,0,0,0.267572114464406,-0,-0,0.00265651059238355,-0,-0,0.351944507299758,0,-0
70.525,0.0137063405537399,0,0,0.266369379632374,-0,-0,0.00507551652472376,-0,-0,0.371590606018733,0,-0
70.53,0.0175817471267265,0,0,0.261660508234269,-0,-0,0.00844506688792227,-0,-0,0.391038808522706,0,-0
70.535,0.0224428541236445,0,0,0.25356401708776,-0,-0,0.0128819637678008,-0,-0,0.410202151222006,0,-0
70.54,0.0284903370070713,0,0,0.249222512206336,-0,-0,0.0186595764426405,-0,-0,0.426046253575521,0,-0
70.545,0.0362767950571783,0,0,0.26386851983345,-0,-0,0.0264168771651757,-0,-0,0.430697927663616,0,-0
70.55,0.0455125377488702,0,0,0.271916664167392,-0,-0,0.0357646512020004,-0,-0,0.433989291177692,0,-0
70.555,0.0562766256753655,0,0,0.273202280648254,-0,-0,0.0467461679863654,-0,-0,0.435911476446725,0,-0
70.56,0.0684648027880852,0,-0,0.263010718496569,-0,-0,0.0616630486934926,-0,-0,0.437578233226316,0,-0
70.565,0.0816743485091635,0,-0,0.235113828961902,-0,-0,0.0858764360373546,-0,0,0.441185941135403,0,-0
70.57,0.0963221661632275,0,-0,0.205257198295302,-0,-0,0.113134512226451,-0,0,0.443366025587488,0,-0
70.575,0.112392307366535,0,-0,0.174005227398604,-0,-0,0.143139939662217,-0,0,0.443981959300514,0,-0
70.58,0.128998418518423,0,-0,0.138875821645431,-0,0,0.176049125030284,-0,0,0.440340906822754,0,-0
70.585,0.14557343438635,0,-0,0.10191864346842,-0,0,0.211625017710312,-0,0,0.431744089904081,0,-0
70.59,0.162965306435036,0,-0,0.0681887311078997,-0,0,0.248710371472918,-0,0,0.421277921770247,0,-0
70.595,0.181070707548995,0,-0,0.0380209842205943,-0,0,0.286725386027545,-0,0,0.408889657364452,0,-0
70.6,0.202409779732591,0,-0,0.0116178350471879,-0,0,0.322892146264276,-0,0,0.388643394718041,0,-0
70.605,0.226465725741378,0,-0,-0.0107594376180401,-0,0,0.357228531622278,-0,0,0.36311026935598,0,-0
70.61,0.251533117006041,0,-0,-0.0290457911011308,-0,0,0.390530433875656,-0,0,0.33636178475212,0,-0
70.615,0.277443412143807,0,-0,-0.0433121335650346,-0,0,0.422284930620121,-0,0,0.308622389170979,0,-0
70.62,0.307282527750425,0,-0,-0.0473559399586225,-0,0,0.443901912450753,-0,0,0.273882366902392,-0,-0
70.625,0.338536598108468,0,-0,-0.0432417782554099,-0,0,0.461634224467031,-0,0,0.238361860094654,-0,-0
70.63,0.370419320789036,0,-0,-0.032492114555978,-0,0,0.476701725487293,-0,0,0.203644754064705,-0,0
70.635,0.40267183446544,0,-0,-0.015864249660512,-0,0,0.488991928131677,-0,0,0.170173220013415,-0,0
70.64,0.426469959232252,0,-0,0.014036624912059,-0,0,0.488705438562973,-0,0,0.141533533872401,-0,0
70.645,0.448576569108613,0,-0,0.0505917909942661,-0,0,0.484907443659646,-0,0,0.114772389505309,-0,0
70.65,0.469670232604457,0,-0,0.091933908853296,-0,0,0.478836746482405,-0,0,0.0899355441399603,-0,0
70.655,0.488825495385207,0,-0,0.13288455326312,-0,0,0.470443743877188,-0,-0,0.0686986217597912,-0,0
70.66,0.500207900684232,0,-0,0.140481335816109,-0,0,0.457914125761095,-0,-0,0.0590688063200854,-0,0
70.665,0.509856201143038,0,-0,0.147058688450457,-0,0,0.444072272510913,-0,-0,0.0491540607047216,-0,0
70.67,0.517718992148874,0,-0,0.152627999204582,-0,0,0.429226657703262,0,-0,0.0391912937286643,-0,0
70.675,0.523762281601292,0,-0,0.157210376136313,-0,0,0.413674699659837,0,-0,0.0293960381065724,-0,0
70.68,0.525631796639054,0,-0,0.198526780622318,-0,0,0.39243510737469,0,-0,0.0159589982789717,-0,0
70.685,0.525572372093631,0,-0,0.240742141405153,-0,0,0.371239366476429,0,-0,0.00637545274486863,-0,0
70.69,0.523702825737709,0,-0,0.282032992386497,0,0,0.350495724520261,0,-0,0.000912344539624613,-0,0
70.695,0.519811185283854,0,0,0.321310069725616,0,0,0.3299754027642,0,-0,-0.000412539073531858,-0,0
70.7,0.505605480540266,0,0,0.339517438009937,0,0,0.297459927414605,0,-0,0.00254306617387819,-0,0
70.705,0.489978369285627,0,0,0.355941383513135,0,0,0.266936324737369,0,-0,0.00972555126106546,-0,0
70.71,0.473103430379551,-0,0,0.370482005743386,0,-0,0.238423963301507,0,-0,0.0210023651592423,-0,0
70.715,0.453399441802698,-0,0,0.378142844884041,0,-0,0.213377880991929,0,-0,0.034509413864613,-0,0
70.72,0.425424497113076,-0,0,0.363230703557869,0,-0,0.19622663733609,0,-0,0.0422030361540303,-0,0
70.725,0.397148251578885,-0,0,0.347555387926326,0,-0,0.180258446705475,0,-0,0.0497000743942715,-0,0
70.73,0.368811034478236,-0,0,0.331286307222037,0,-0,0.165411394937697,0,-0,0.0568259424954316,-0,0
70.735,0.341223799073818,-0,0,0.309856217580939,0,-0,0.153203614453887,0,-0,0.0623557097014239,-0,0
70.74,0.314467954848401,-0,0,0.284551602319001,0,-0,0.143118226196377,0,-0,0.0659344910659852,-0,0
70.745,0.288232475715841,-0,0,0.259709562616619,0,-0,0.133668631946845,0,-0,0.0681905092212626,-0,0
70.75,0.262692398917776,-0,0,0.235486567618193,0,-0,0.124786614767835,0,-0,0.0689844350140368,-0,0
70.755,0.240244556789487,-0,0,0.207181678082058,0,-0,0.117536492494686,0,-0,0.0718916627381664,-0,0
70.76,0.218889704398678,-0,0,0.179606716023311,0,-0,0.110754005098962,0,-0,0.0742061722082263,-0,0
70.765,0.198445571675559,-0,0,0.15352273433565,0,-0,0.104236275796894,0,-0,0.0754800410235005,-0,0
70.77,0.179401837265537,-0,0,0.129341167360633,0,-0,0.0981249927307725,0,-0,0.0759442772784172,-0,0
70.775,0.16422543489151,-0,0,0.108969920163034,0,-0,0.0934889004669122,0,-0,0.0769792400809405,0,0
70.78,0.149891431048532,-0,0,0.0900508544147159,0,-0,0.0888318245936275,0,-0,0.0774765441100271,0,0
70.785,0.136436160685852,-0,0,0.0726317111498401,0,-0,0.0841295236641393,0,-0,0.0776726899109526,0,0
70.79,0.12498814778628,-0,0,0.0585366567230767,0,-0,0.0793447416376062,0,-0,0.0775523341343302,0,0
70.795,0.11970764306874,-0,0,0.0541338333377459,0,-0,0.0743952872435146,0,-0,0.0761389525407895,0,0
70.8,0.114798633121863,-0,0,0.0497912412832843,-0,-0,0.0693888750581233,0,-0,0.0752821045606103,0,-0
70.805,0.110290533327583,0,0,0.0455212590827264,-0,-0,0.0643311502534026,0,-0,0.075342301099261,0,-0
70.81,0.106205331076869,0,0,0.041331422064977,-0,-0,0.059234436120254,0,-0,0.0766441371667779,0,-0
70.815,0.0990260280732428,0,0,0.0318732224192053,-0,-0,0.053365440383385,-0,-0,0.0790809992324326,0,-0
70.82,0.0919129723229659,0,0,0.0227633844824733,-0,-0,0.0475220198031577,-0,-0,0.0831097937331368,0,-0
70.825,0.0854547539252836,0,0,0.015020133626226,-0,-0,0.0418724507666731,-0,-0,0.088842083312394,0,-0
70.83,0.0795988397248547,0,0,0.00867772456801175,-0,-0,0.0364082628393924,-0,-0,0.0961430856842726,0,-0
70.835,0.0744762533156585,0,0,0.00490815266513957,-0,-0,0.0303572917401648,-0,-0,0.103538289618713,0,-0
70.84,0.0698071976102434,0,0,0.0020143204314904,-0,-0,0.0248180752765435,-0,-0,0.111979190411312,0,0
70.845,0.0655215025259837,0,0,-7.48970536810606e-06,-0,-0,0.0198006264932096,-0,-0,0.120984734168159,0,0
70.85,0.0587640852877388,0,0,-0.00118789758654171,-0,-0,0.015163253928425,-0,-0,0.123033634251488,0,0
70.855,0.0466954462589878,0,0,-0.0014961024869311,-0,-0,0.0108810782793974,-0,-0,0.111508039273795,0,0
70.86,0.0348203742611069,0,0,-0.000810284789529713,-0,-0,0.0072938334064441,-0,-0,0.100563898523627,0,0
70.865,0.0230082334551933,0,0,0.000909300097871637,-0,-0,0.00437320404388294,-0,-0,0.0899364304347354,0,0
70.87,0.0144978839269423,0,0,0.00347719464455554,-0,-0,0.00216208367377752,-0,-0,0.0840230328472016,0,0
70.875,0.00963797214214028,0,0,0.00639504574856934,-0,-0,0.000437431413516287,-0,-0,0.0820855159934734,0,0
70.88,0.00470009938104821,0,0,0.00977950025582377,-0,-0,-0.000977559919437888,-0,-0,0.078387657997203,0,0
70.885,-0.000319815557494989,-0,0,0.0136714420926921,-0,-0,-0.00210268292481288,-0,-0,0.0728453852385367,0,0
70.89,-0.00420415428498301,-0,0,0.0179134821069631,-0,-0,-0.00300721348418814,-0,-0,0.0685393504539141,0,0
70.895,-0.00745676488496072,-0,0,0.0225360482232039,-0,-0,-0.00373010947870779,-0,-0,0.0632451091894335,0,0
70.9,-0.0106944094514741,-0,0,0.0276712425306031,-0,0,-0.00427142077077795,-0,-0,0.0554111499196876,0,0
70.905,-0.0138625088011053,-0,0,0.0333646665432773,-0,0,-0.00464894572696427,0,-0,0.0455113136810079,0,0
70.91,-0.0145986779611906,-0,0,0.0385727954969987,-0,0,-0.00507475845254359,0,-0,0.0344451564532238,0,0
70.915,-0.0146459521987263,-0,0,0.0438163567069377,-0,0,-0.00545575386975102,0,-0,0.0223823624326504,0,0
70.92,-0.0145357589593973,-0,0,0.049332652136462,-0,0,-0.00575543823238251,0,-0,0.00991501884353097,-0,0
70.925,-0.0142381972394733,-0,0,0.0551251630135493,-0,0,-0.00598009399018857,0,-0,-0.00227191329383531,-0,0
70.93,-0.0142363395079213,-0,0,0.0612775410635373,-0,0,-0.00525958326576704,0,0,-0.0135045827695906,-0,0
70.935,-0.0140178242910604,-0,0,0.0677288156669312,0,0,-0.00431449926128042,0,0,-0.0232046887491985,-0,-0
70.94,-0.0134766917580176,-0,0,0.0744535413891234,0,0,-0.00330662976818109,0,0,-0.0309554456872401,-0,-0
70.945,-0.0125951405986047,-0,-0,0.0814290722929655,0,0,-0.00226810471467148,0,0,-0.0364770127766246,-0,-0
70.95,-0.0102429299711937,-0,-0,0.0910195123903435,0,0,-0.0010092374804609,0,0,-0.0306712821290252,0,-0
70.955,-0.00757299986231419,-0,-0,0.102076121431376,0,0,0.000298202221176446,0,0,-0.0165185763636049,0,-0
70.96,-0.00510950848101868,-0,-0,0.113852746963145,0,0,0.00156552766343669,0,0,0.00271949255899903,0,-0
70.965,-0.00297095245313047,-0,-0,0.126309728518907,0,0,0.00278596966497913,0,0,0.0261066099258629,0,-0
70.97,-0.00170411630697972,-0,-0,0.14294367116164,0,-0,0.00396287918856658,0,0,0.0609873030699576,0,-0
70.975,-0.000387779354889566,-0,-0,0.161096753221576,0,-0,0.00511339826914429,0,0,0.0997343859951419,0,-0
70.98,0.00101679101403968,-0,-0,0.180293421337992,0,-0,0.0062665819303804,0,0,0.139908790832473,0,-0
70.985,0.00255263412904191,-0,-0,0.20515983361496,0,-0,0.00811562822940738,0,0,0.17692288918435,0,-0
70.99,0.00455386001563571,-0,-0,0.243357322834421,0,-0,0.0116635416404598,0,0,0.204922564706956,0,-0
70.995,0.00692950460239178,-0,-0,0.284031223990069,0,-0,0.0155090730868279,0,0,0.230372510258174,0,-0
71,0.00968608872331153,-0,-0,0.326948776874004,0,-0,0.0198467189300862,0,0,0.252506966942829,0,-0
71.005,0.012384432986633,-0,-0,0.3644084386419,0,-0,0.0239920771430258,0,0,0.266349885521552,0,-0
71.01,0.0135209505017616,-0,-0,0.377379142517849,0,-0,0.0257269731885621,0,0,0.262104118053573,0,-0
71.015,0.0143588235609106,-0,-0,0.389398858851244,0,-0,0.027953322611595,0,0,0.254701266108935,0,-0
71.02,0.0149603131676016,-0,-0,0.400423942548734,0,-0,0.0307079386410828,0,0,0.244375766691525,0,-0
71.025,0.0154137338744905,-0,-0,0.410425275575728,0,-0,0.0340205508319132,0,0,0.231422482993681,0,-0
71.03,0.0167229913020067,-0,-0,0.42299823877298,0,-0,0.0393242204639221,0,0,0.21944713663576,-0,-0
71.035,0.0195922201381269,-0,-0,0.439503882560703,0,-0,0.0476701000493135,0,0,0.208969196780052,-0,-0
71.04,0.0230602491528986,-0,-0,0.455083228360035,0,-0,0.0575448883807323,0,0,0.195559948770196,-0,-0
71.045,0.0272300764524184,-0,-0,0.469571366175951,0,-0,0.0691061886177119,0,0,0.179517043530686,-0,-0
71.05,0.0375099068639232,-0,-0,0.477434400885106,0,-0,0.0808671478176236,0,0,0.163145611849378,-0,-0
71.055,0.0538482754873683,-0,0,0.479469107488407,0,-0,0.0927060768626664,0,0,0.145566179241307,-0,-0
71.06,0.0720279461353779,-0,0,0.479951641034831,0,-0,0.105839377671404,0,-0,0.125228893262448,-0,-0
71.065,0.091876497701161,-0,0,0.478750157840553,0,-0,0.12026972220737,0,-0,0.102471168317163,-0,-0
71.07,0.115328612168162,-0,0,0.473872490743932,0,-0,0.135572487385285,0,-0,0.0760687667701148,-0,-0
71.075,0.144493057122016,-0,0,0.463512071511126,0,-0,0.151146365940774,0,-0,0.0471153026311894,-0,-0
71.08,0.174790836819679,-0,0,0.451300085562921,0,-0,0.167656302138311,0,-0,0.0200920581943307,-0,-0
71.085,0.205755371965518,-0,0,0.437137420970193,0,-0,0.185012288859823,0,-0,-0.00487218946282947,-0,-0
71.09,0.236894466384249,-0,0,0.420934521808293,0,-0,0.203106590183235,0,-0,-0.0276962413377326,-0,-0
71.095,0.276208340383982,-0,0,0.393799859273593,-0,-0,0.225438327427349,0,-0,-0.0469335305352,-0,0
71.1,0.324715898464319,-0,0,0.355824303957958,-0,-0,0.253271632443103,0,-0,-0.0604948177183698,-0,0
71.105,0.371872380273074,-0,0,0.318097864700363,-0,-0,0.282498939132204,0,-0,-0.069561236779992,-0,0
71.11,0.417022815054836,-0,0,0.28089120512578,-0,-0,0.312909998171867,0,-0,-0.0744281759145939,-0,0
71.115,0.453272057148016,-0,0,0.230619467001339,-0,-0,0.343096536788361,0,-0,-0.0646431085708853,-0,0
71.12,0.480407031183268,-0,0,0.171618705498639,-0,0,0.372628032758816,0,-0,-0.0366024700124779,-0,0
71.125,0.504518114255923,-0,0,0.119521876740201,-0,0,0.402342028261721,0,-0,-0.0005792479757658,-0,0
71.13,0.525434293531415,-0,0,0.0748636713535666,-0,0,0.43195886883188,0,-0,0.0424293179986508,-0,0
71.135,0.511899958214473,0,0,0.0516161019267978,-0,0,0.445565509581038,0,-0,0.0673606462968749,-0,0
71.14,0.492063135014507,0,0,0.0337965245921827,-0,0,0.455151850865413,0,-0,0.0907049132644206,-0,0
71.145,0.471034384993158,0,0,0.0193261991491552,-0,0,0.462926809727143,0,-0,0.115519483537009,-0,0
71.15,0.449110122412869,0,-0,0.00850097770411068,-0,0,0.468839787647026,0,-0,0.141462717442341,-0,0
71.155,0.432148617520251,0,-0,0.00426667705047388,-0,0,0.47594020192754,0,-0,0.15385682343589,-0,0
71.16,0.416918172821487,0,-0,0.00188336181376566,-0,0,0.482641464729139,-0,-0,0.159273402676215,-0,0
71.165,0.401068361523174,0,-0,-0.000252042018885925,-0,0,0.487551644685012,-0,-0,0.163992213736059,-0,0
71.17,0.384832966189777,0,-0,-0.00190557831320956,-0,0,0.490669051782466,-0,-0,0.168010917374604,-0,0
71.175,0.36064714909595,0,-0,0.000236245199263802,-0,0,0.490934404114233,-0,-0,0.189497141692002,-0,0
71.18,0.334770436605847,0,-0,0.00749958165109032,-0,0,0.489134354536845,-0,0,0.216275019339749,0,0
71.185,0.309871084715032,0,-0,0.0193869141490082,-0,0,0.485677854417915,-0,0,0.242415238573916,0,0
71.19,0.286048867200701,0,-0,0.0358647797500141,-0,0,0.480652613466088,-0,0,0.267603000234773,0,0
71.195,0.266022329733814,0,-0,0.0505776200198746,-0,0,0.459066809535873,-0,0,0.27524049386521,0,0
71.2,0.248127895496091,0,-0,0.0642691709859977,-0,0,0.429490158194716,-0,0,0.273907329398245,0,0
71.205,0.231050265256955,0,-0,0.0793384157492491,-0,0,0.399499466274524,-0,0,0.271404332748012,0,0
71.21,0.214777835364802,0,-0,0.0956157545500233,-0,0,0.369377230493931,-0,0,0.267735277103857,0,0
71.215,0.200288358576547,0,-0,0.107420803552082,-0,0,0.337918488165,-0,0,0.250759826620393,0,0
71.22,0.186761379696223,0,-0,0.116866301489932,-0,0,0.306395842309792,-0,0,0.229062977614966,0,0
71.225,0.173769706253903,0,-0,0.125469815906064,-0,0,0.27557029001747,-0,0,0.207269519556547,0,0
71.23,0.161257344635197,0,-0,0.132968912085852,-0,0,0.245636680143919,-0,0,0.185595037645626,0,0
71.235,0.148785222202115,0,-0,0.136969099131616,-0,0,0.221226812732552,-0,0,0.160205608417702,0,0
71.24,0.1366952263227,0,-0,0.138859402408613,-0,0,0.198152229584078,-0,0,0.135326649931697,0,0
71.245,0.124978393613884,0,-0,0.138629432190796,0,0,0.176055077073038,-0,0,0.111625394416933,0,0
71.25,0.113463412160447,0,-0,0.136070323639935,0,0,0.155890542468589,-0,0,0.08998281898934,0,0
71.255,0.101307560046595,0,-0,0.130742279026968,0,0,0.143672504186723,-0,0,0.0749113367374883,0,0
71.26,0.0896271082873696,0,-0,0.122983374703381,0,0,0.132025431616721,-0,0,0.0608663426969267,0,0
71.265,0.078412442457887,0,-0,0.112879159780124,0,0,0.120985052415876,-0,0,0.0479632767093455,0,0
71.27,0.0675401307458028,0,-0,0.104231542822483,0,0,0.112551218430775,-0,0,0.037799790680798,0,0
71.275,0.0570590110213908,0,-0,0.0979888744403018,0,0,0.106702294117863,-0,0,0.0301849541988848,0,0
71.28,0.0471418501231103,-0,-0,0.0906211458326163,0,0,0.101211161479434,-0,0,0.0233697286131619,0,0
71.285,0.0378146261255996,-0,-0,0.0825179087625094,0,0,0.0960954153206992,-0,0,0.0173832268350441,0,-0
71.29,0.0298480696534158,-0,-0,0.0765268787149249,0,0,0.0923124017823359,0,0,0.0142129589664896,-0,-0
71.295,0.0224423996721811,-0,-0,0.0719820994111736,0,0,0.0893233563451288,0,0,0.0122321731099822,-0,-0
71.3,0.0151840587763132,-0,-0,0.06811446711016,0,0,0.0866470047411907,0,0,0.0103263727894243,-0,-0
71.305,0.00813212983792038,-0,-0,0.0653070345204884,0,0,0.0842893125260471,0,0,0.00850222895553699,-0,-0
71.31,0.00134813808606262,-0,-0,0.0638668378095482,0,0,0.0822510005403355,0,0,0.00676241110128934,-0,-0
71.315,-0.00510616912689346,-0,-0,0.0639923196086653,0,0,0.0805276911862622,0,0,0.00510594107236885,-0,-0
71.32,-0.0109152167968892,-0,-0,0.0675785309374169,0,0,0.0772144543908619,0,0,0.00292823877069652,-0,-0
71.325,-0.0159984661021783,-0,-0,0.0727082069134359,0,0,0.0741264468056775,0,0,0.00130871680134775,-0,-0
71.33,-0.0203473926995446,-0,-0,0.0789881421488935,0,0,0.0713374002870108,0,0,0.000267413908233691,-0,-0
71.335,-0.0239573438272675,-0,-0,0.0859873828335262,0,0,0.06880452538678,0,0,-0.000223269100315957,-0,-0
71.34,-0.026835054818284,-0,-0,0.0931482140436184,0,0,0.0664833379441267,0,0,-0.00018524143689319,-0,0
71.345,-0.0287794902070773,-0,-0,0.100618788338923,0,0,0.06286223008875,-0,0,0.000428024051631917,-0,0
71.35,-0.0295118886989198,-0,-0,0.108305568488229,0,0,0.0563355075771803,-0,0,0.001770568637675,-0,0
71.355,-0.0295085967651308,-0,-0,0.113718555341653,0,0,0.0498399073171177,-0,0,0.00377585938889907,-0,0
71.36,-0.0288527290248525,-0,-0,0.116173515718922,0,0,0.0433198007563953,-0,0,0.00646948474629267,-0,0
71.365,-0.027634452571326,-0,-0,0.115099220289857,0,0,0.0367337734657552,-0,0,0.00989403669167147,-0,0
71.37,-0.0262835448145996,-0,-0,0.105043715554763,0,0,0.0309060250849065,-0,0,0.0140211133283349,-0,0
71.375,-0.0246459342975794,-0,-0,0.091472916997189,0,0,0.0251973910226978,-0,0,0.0189635191773107,-0,0
71.38,-0.0227274288412742,-0,-0,0.0758347355652277,0,0,0.0194237127440971,-0,0,0.0248268124983101,-0,0
71.385,-0.0206100685848187,0,-0,0.0583805466334459,-0,0,0.0136187253673124,-0,0,0.0317125696201152,-0,0
71.39,-0.0165077351473455,0,0,0.0374191930288883,-0,0,0.00529306795316583,-0,0,0.0394156283917443,-0,0
71.395,-0.0114045808066257,0,0,0.0171391940771245,-0,0,-0.00444380369036715,-0,0,0.0480781515839337,-0,0
71.4,-0.00661523911810222,0,0,0.000105836617773009,-0,-0,-0.013871337863961,-0,0,0.0579827425019023,-0,-0
71.405,-0.00225459188689142,0,0,-0.0130639157481226,-0,-0,-0.0227992541353422,-0,0,0.0692419584623572,-0,-0
71.41,-0.00108474609377553,0,0,-0.0251082473082687,-0,-0,-0.0242008025538713,-0,0,0.0777287977053721,-0,-0
71.415,-0.00089973685610253,0,0,-0.0369344716626626,-0,-0,-0.0229636398454606,-0,0,0.0853258304490364,0,-0
71.42,-0.000748019888819428,0,0,-0.0472510588107668,-0,-0,-0.0214056804842729,-0,-0,0.0932767406763212,0,-0
71.425,-0.000627698631395941,0,0,-0.0554311961908437,-0,-0,-0.0195377423364032,-0,-0,0.101552433535247,0,-0
71.43,-0.00053554527277715,0,0,-0.0609933167610207,-0,-0,-0.017387171693992,-0,-0,0.110119295528561,0,-0
71.435,0.00138798045485854,0,0,-0.0467581713869045,-0,-0,-0.0154103103761062,-0,-0,0.120328983606132,0,-0
71.44,0.00293144647378994,0,0,-0.0257064382944357,-0,-0,-0.0131573944918271,-0,-0,0.131045382127701,0,-0
71.445,0.0041090024151373,0,0,0.000858730834634951,-0,-0,-0.010663136025262,-0,-0,0.142208122007079,0,-0
71.45,0.00502207214358683,0,0,0.0318863730771262,-0,-0,-0.00798404069586398,-0,-0,0.153796672869705,0,-0
71.455,0.00722200200732274,0,0,0.087441016082493,-0,-0,-0.00495525951326284,-0,-0,0.179267216721019,0,-0
71.46,0.00934854907803069,0,0,0.147711245517204,-0,-0,-0.0020899402863967,-0,-0,0.208106487266341,0,-0
71.465,0.0116121600353386,0,0,0.208908002668484,-0,-0,0.000508834287532738,-0,-0,0.239333741961581,0,-0
71.47,0.0142580837953676,0,0,0.265310331407717,-0,-0,0.00285095910121137,-0,-0,0.271742026936549,0,-0
71.475,0.0162300866103933,0,0,0.275557421422516,-0,-0,0.00652158995873708,-0,-0,0.291347887946926,0,-0
71.48,0.0191278583199897,0,0,0.282252232779733,-0,-0,0.0115069640083426,-0,-0,0.31140570582566,0,-0
71.485,0.0231231332722275,0,0,0.285029789201221,-0,-0,0.0179394243141854,-0,-0,0.331830505105699,0,-0
71.49,0.0283589871162583,0,0,0.289625231035279,-0,-0,0.0260463057132415,-0,-0,0.349721270834136,0,-0
71.495,0.0349307128334325,0,0,0.305601880246784,-0,-0,0.0362218252208937,-0,-0,0.359249402346191,0,-0
71.5,0.0430279087233241,0,0,0.314706551724524,-0,-0,0.0483974927871299,-0,-0,0.368046677916196,0,-0
71.505,0.0527704399185697,0,0,0.316662730546078,-0,-0,0.062682777697866,-0,-0,0.376055519767426,0,-0
71.51,0.0629684580253588,0,0,0.303364546374755,-0,-0,0.0755223096884423,-0,-0,0.385861770602786,0,-0
71.515,0.0727675912119579,0,0,0.275821404730154,-0,-0,0.0848485445983258,-0,-0,0.398092147985981,0,-0
71.52,0.0834520710824045,0,-0,0.245371787670965,-0,-0,0.0946186379520607,-0,-0,0.409375567233395,0,-0
71.525,0.0949519311010389,0,-0,0.212701031324786,-0,0,0.104852369258446,-0,0,0.41947351323381,0,-0
71.53,0.10794569487158,0,-0,0.171573797087518,-0,0,0.141237502339106,-0,0,0.42678154740039,0,-0
71.535,0.12197361497545,0,-0,0.131076473587069,-0,0,0.187572256766191,-0,0,0.432054406054419,0,-0
71.54,0.136811824180218,0,-0,0.0937674967050302,-0,0,0.237810495202624,-0,0,0.435328126745795,0,-0
71.545,0.15237965347317,0,-0,0.0602008438959083,-0,0,0.291225046729332,-0,0,0.436341930160689,0,-0
71.55,0.173631852956861,0,-0,0.0310220659997078,-0,0,0.332368033178092,-0,0,0.413854965642981,0,-0
71.555,0.196758667345528,0,-0,0.00594390576977185,-0,0,0.372801391797504,-0,0,0.388024631925016,0,-0
71.56,0.221295668933314,0,-0,-0.0148914921685511,-0,0,0.412959744079332,-0,0,0.360724688802695,0,-0
71.565,0.247743536319752,0,-0,-0.0305191442737785,-0,0,0.451107341927292,-0,0,0.329724669747662,0,0
71.57,0.277025414978608,0,-0,-0.0375686072785605,-0,0,0.48503817786939,-0,0,0.292285246669049,0,0
71.575,0.30753926045441,0,-0,-0.0374834524944963,-0,0,0.516667703286587,-0,0,0.255007481098468,-0,0
71.58,0.339067177466991,0,-0,-0.0308660876742931,-0,0,0.545500285965427,-0,0,0.218366191069291,-0,0
71.585,0.363202764441381,0,-0,-0.0152273203047595,-0,0,0.558377740245741,-0,0,0.188695293862883,-0,0
71.59,0.383019328034091,0,-0,0.00804450023435131,-0,0,0.561849787745583,-0,0,0.162414190371002,-0,0
71.595,0.402019397158604,0,-0,0.0366855460850043,-0,0,0.561997010292159,-0,0,0.136971281120303,-0,0
71.6,0.42002925551738,0,-0,0.0697114505160361,-0,0,0.558927306197904,-0,0,0.112768924467271,-0,0
71.605,0.433752656955886,0,-0,0.11038126414232,-0,0,0.541690174902498,-0,0,0.0895251739226595,-0,0
71.61,0.445594075163114,0,-0,0.154553806742608,-0,0,0.520824065022097,-0,0,0.0683442450620197,-0,0
71.615,0.455822134019517,0,-0,0.200767341408331,-0,0,0.498125125699966,-0,0,0.0496314605375224,-0,0
71.62,0.464288052331984,0,-0,0.246778852086817,-0,0,0.473423795477761,0,-0,0.0336353293195296,-0,0
71.625,0.4701491156688,0,-0,0.275991200292207,-0,0,0.440621268884584,0,-0,0.0204376760440928,-0,0
71.63,0.474196960148335,0,-0,0.304132646073347,-0,0,0.407790481815171,0,-0,0.0103750465031633,-0,0
71.635,0.476429991575724,0,-0,0.330916605435447,-0,0,0.375347873557103,0,-0,0.0035202134660188,-0,0
71.64,0.477951953716282,0,-0,0.354336046239036,-0,0,0.343354489919095,0,-0,-6.15532556033407e-05,-0,0
71.645,0.482900016397792,0,-0,0.36748125173781,0,0,0.311043240253403,0,-0,-0.00047371725072592,-0,0
71.65,0.486165273593014,0,0,0.378798596647379,0,0,0.280206094049429,0,-0,0.00178645853997732,-0,0
71.655,0.487780833576207,0,0,0.388338442129142,0,0,0.251034098912566,0,-0,0.00661493287134816,-0,0
71.66,0.486410730813059,0,0,0.391546956386606,0,0,0.229123802047922,0,-0,0.0125978098226633,-0,0
71.665,0.481465397550396,0,0,0.386345362894872,0,0,0.216436549448495,0,-0,0.0172865368433666,-0,0
71.67,0.475170219916711,0,0,0.379953678807792,0,-0,0.20441958392803,0,-0,0.0218215690897213,-0,0
71.675,0.46765108473761,-0,0,0.372544119629174,0,-0,0.193123365818023,0,-0,0.0261284041190548,-0,0
71.68,0.457173503631827,-0,0,0.36400772733639,0,-0,0.181677369199134,0,-0,0.0302762342680304,-0,0
71.685,0.432180860960577,-0,0,0.352836988014799,0,-0,0.164744215759618,0,-0,0.035236851892971,-0,0
71.69,0.40704924110472,-0,0,0.341163009548918,0,-0,0.149219333689134,0,-0,0.0401546383378676,-0,0
71.695,0.381989959579443,-0,0,0.329091380053494,0,-0,0.135010524987145,0,-0,0.0450285882506834,-0,0
71.7,0.356089762243717,-0,0,0.313698616912477,0,-0,0.122924258337947,0,-0,0.0486337114093148,-0,0
71.705,0.327474794755296,-0,0,0.289567823525288,0,-0,0.114426419471304,0,-0,0.0479999867470692,-0,0
71.71,0.299707688037491,-0,0,0.266060794112989,0,-0,0.106580102256486,0,-0,0.0466256083176846,-0,0
71.715,0.272927520895404,-0,0,0.243261701647641,0,-0,0.0992990916435991,0,-0,0.044631810467572,-0,0
71.72,0.248912694363611,-0,0,0.217979108793013,0,-0,0.093283413766741,0,-0,0.0427243206889881,-0,0
71.725,0.227977310252295,-0,0,0.189929292545342,0,-0,0.0885087391160297,0,-0,0.0413144474057042,-0,0
71.73,0.208029827523197,-0,0,0.163421660641154,0,-0,0.083877841080508,0,-0,0.0399144620325048,0,0
71.735,0.189112968012697,-0,0,0.13852419443048,0,-0,0.0793332592147933,0,-0,0.0387016920038653,0,0
71.74,0.167701743048313,-0,0,0.110101241361154,0,-0,0.0747804644153511,0,-0,0.0383649820570063,0,0
71.745,0.144455059817578,0,0,0.0794933346423719,0,-0,0.0701928857065335,0,-0,0.0390928137509065,0,0
71.75,0.122744055697441,0,0,0.0518636034156625,-0,-0,0.0655873995556369,0,-0,0.0405699220825248,0,0
71.755,0.102514602514025,0,0,0.0272874946150473,-0,-0,0.0609468428526944,0,-0,0.0429078297506722,0,0
71.76,0.0927556323159474,0,0,0.0193870969507797,-0,-0,0.0548340784068558,0,-0,0.0490732511237512,0,0
71.765,0.0846013262877771,0,0,0.0137510816635173,-0,-0,0.0487895700505571,0,-0,0.056640546096862,0,0
71.77,0.0770146226283101,0,0,0.00882103352237028,-0,-0,0.0429886430913924,-0,-0,0.0652434139379206,0,0
71.775,0.0700113787906313,0,0,0.00461031000639059,-0,-0,0.0374441415978772,-0,-0,0.0747997991371161,0,0
71.78,0.0651624516152041,0,0,0.00120785498105281,-0,-0,0.0320840747990715,-0,-0,0.0865481555077597,0,0
71.785,0.0606654352394729,0,0,-0.00148127849378269,-0,-0,0.0270513330517933,-0,-0,0.0987708889059137,0,0
71.79,0.0564904229769348,0,0,-0.00344974129406146,-0,-0,0.0223683027393805,-0,-0,0.111137196793837,0,0
71.795,0.0523716977481977,0,0,-0.00445563186710703,-0,-0,0.0180957256805447,-0,-0,0.120668119490293,0,0
71.8,0.0478678913538881,0,0,-0.00429388622620156,-0,-0,0.0142899441860012,-0,-0,0.12240292935563,0,0
71.805,0.043610802695834,0,0,-0.00376010226638809,-0,-0,0.0108332371785739,-0,-0,0.123526743421557,0,0
71.81,0.0395533550918895,0,0,-0.00284837552908053,-0,-0,0.00773598607363685,-0,-0,0.123780033119258,0,0
71.815,0.0347186092445576,0,0,-0.00152613299716101,-0,-0,0.00504930097869847,-0,-0,0.123909155059244,0,0
71.82,0.0293076761837416,0,0,0.000129798577747255,-0,-0,0.00270378326428342,-0,-0,0.123330886461416,0,0
71.825,0.0239702024798021,0,0,0.00208699192912932,-0,-0,0.00064742263531239,-0,-0,0.121079292454142,0,0
71.83,0.0186561037080869,0,0,0.00435562707279926,-0,-0,-0.00112565819472865,-0,-0,0.117028915633996,0,0
71.835,0.0130671290684728,0,0,0.00684373964643164,-0,-0,-0.00264431482655071,-0,-0,0.108933639529002,0,0
71.84,0.00739961053709838,0,0,0.00958449128146831,-0,0,-0.00392776647883423,-0,-0,0.0991796973907113,0,0
71.845,0.00166889401741884,-0,0,0.0126034305252703,-0,0,-0.004989159329761,-0,-0,0.0882408620030576,0,0
71.85,-0.00374168165847214,-0,0,0.0159081748982671,-0,0,-0.00581694812768772,-0,-0,0.0780946346443104,0,0
71.855,-0.0070375607613734,-0,0,0.0194472005262267,-0,0,-0.00626618473270098,-0,-0,0.075219671649919,0,0
71.86,-0.0103330537299455,-0,0,0.0233048465213129,-0,0,-0.00649387107191013,-0,-0,0.0689904720180436,0,0
71.865,-0.0135869901445584,-0,0,0.0275105041986653,-0,0,-0.00652878543903095,-0,-0,0.0597899461426564,0,-0
71.87,-0.0155881062123751,-0,0,0.0320225320136045,-0,0,-0.00607545376810578,0,0,0.0454239088279658,0,-0
71.875,-0.0159329602419598,-0,0,0.0368219135580148,-0,0,-0.00499605027913143,0,0,0.028378513099323,0,-0
71.88,-0.0161275052139887,-0,0,0.042029081084363,-0,0,-0.00374214108100243,0,0,0.0137634022202912,0,-0
71.885,-0.016138150593487,-0,0,0.0476790195556615,-0,0,-0.00236179350258069,0,0,0.00195720864193596,0,-0
71.89,-0.015278495382828,-0,0,0.0551725445429752,-0,0,-0.00061930257875614,0,0,-0.00567013469839043,0,-0
71.895,-0.0138578687730579,-0,0,0.0643499021892131,-0,0,0.00134100249962327,0,0,-0.00603629945890798,0,-0
71.9,-0.0122899586183188,-0,0,0.0745495818441764,0,0,0.00331249872078488,0,0,0.000710854751309947,0,-0
71.905,-0.0105991055082929,-0,0,0.08584201181453,0,0,0.00525984588404112,0,0,0.0140765273649385,0,-0
71.91,-0.00939299647854799,-0,0,0.0941510728529087,0,0,0.00554564454151869,0,0,0.0222781494451581,0,-0
71.915,-0.00813626507496487,-0,0,0.101991076729599,0,0,0.00546269024750311,0,0,0.0292799741535495,0,-0
71.92,-0.00672861510668614,-0,0,0.110149313729503,0,0,0.00536467560786291,0,0,0.0368367681150152,0,-0
71.925,-0.00523036184344759,-0,-0,0.119212550621572,0,-0,0.00534022264665902,0,0,0.0460470684869371,0,-0
71.93,-0.00387455992357843,-0,-0,0.139451377106505,0,-0,0.00658998404446413,0,0,0.0787861787718304,0,-0
71.935,-0.0023574467180211,-0,-0,0.161606531483531,0,-0,0.007818517193677,0,0,0.113980172065708,0,-0
71.94,-0.000721384305150783,-0,-0,0.185676840263441,0,-0,0.00905155145305066,0,0,0.150382158317882,0,-0
71.945,0.000989348572180851,-0,-0,0.21162994080108,0,-0,0.0103246189901552,0,0,0.186790688948404,0,-0
71.95,0.00329179567286392,-0,-0,0.243404978085421,0,-0,0.0129526273566145,0,0,0.196105312935776,0,-0
71.955,0.006520627020542,-0,-0,0.27808489390047,0,-0,0.0159754321716408,0,0,0.198690634925603,0,-0
71.96,0.0106883795683353,-0,-0,0.314875045016197,0,-0,0.0192918393182252,0,0,0.198911664039873,0,-0
71.965,0.0154796905976939,-0,-0,0.347687555449668,0,-0,0.0228605357218204,0,0,0.198827072581578,0,-0
71.97,0.0196642585697442,-0,-0,0.361651553247333,0,-0,0.0263974663219518,0,0,0.202735723415729,0,-0
71.975,0.0241594579327684,-0,-0,0.374757279949205,0,-0,0.0305698257863969,0,0,0.204050936920275,0,-0
71.98,0.0290028300413654,-0,-0,0.386884231177238,0,-0,0.0355135690051683,0,0,0.202794911283881,0,-0
71.985,0.0334757928627843,-0,-0,0.398693600439481,0,-0,0.0402913061348931,0,0,0.197137134152688,0,-0
71.99,0.0366797563247253,-0,-0,0.410772046437002,0,-0,0.043852454769964,0,0,0.186189720240868,-0,-0
71.995,0.0398769213686678,-0,-0,0.421722899132781,0,-0,0.0479682827882704,0,0,0.173754315731475,-0,-0
72,0.0431550316944598,-0,-0,0.431463366422486,0,-0,0.0526439280296914,0,0,0.16007549380673,-0,-0
72.005,0.0541966105907203,-0,-0,0.436061589357214,0,-0,0.0602279724507979,0,0,0.153560514260939,-0,-0
72.01,0.0709478599013332,-0,-0,0.43715576500461,0,-0,0.0702085565554794,0,-0,0.148275253681587,-0,-0
72.015,0.0896626472961925,-0,-0,0.436737746283536,0,-0,0.0815568687010969,0,-0,0.139578215205488,-0,-0
72.02,0.110216610971389,-0,-0,0.43479842195459,0,-0,0.0943556425604089,0,-0,0.127623998831901,-0,-0
72.025,0.132704067842418,-0,-0,0.431677153359463,0,-0,0.108387664444857,0,-0,0.112059597202879,-0,0
72.03,0.159939769937569,-0,0,0.431024190994766,0,-0,0.120352749809462,0,-0,0.0890008977153611,-0,0
72.035,0.188556896049357,-0,0,0.428630310319656,0,-0,0.133212337501731,0,-0,0.0660625248891232,-0,0
72.04,0.218157066718771,-0,0,0.424373255174803,0,-0,0.146938835640964,0,-0,0.043412714073196,-0,0
72.045,0.248295004056649,-0,0,0.418128848621268,0,-0,0.161495055159475,0,-0,0.0212017503138495,-0,0
72.05,0.286355411025686,-0,0,0.403957184190075,0,-0,0.178306260101617,0,-0,-0.000425602776761516,-0,0
72.055,0.331920110595325,-0,0,0.382564752932788,0,-0,0.197607604515459,0,-0,-0.0198021596524506,-0,0
72.06,0.376772263785952,-0,0,0.359883084536896,0,-0,0.218020582501199,0,-0,-0.036427202422209,-0,0
72.065,0.420210177832701,-0,0,0.336029977081549,-0,-0,0.239470516651864,0,-0,-0.0503371987235622,-0,0
72.07,0.446218968714752,-0,0,0.29990218393399,-0,-0,0.262621230351309,0,-0,-0.0585390581465549,-0,0
72.075,0.464970239419777,-0,0,0.26108885309825,-0,-0,0.286943989602897,0,-0,-0.0616359043562682,-0,0
72.08,0.481071972588245,-0,0,0.223728222145962,-0,-0,0.312078737384707,0,-0,-0.0605922168659319,-0,0
72.085,0.494347215351309,-0,0,0.188196472462211,-0,-0,0.337866027627111,0,-0,-0.05565159009467,-0,0
72.09,0.492919946628836,-0,0,0.154634198546457,-0,-0,0.362478617736891,0,-0,-0.0428800054872922,-0,0
72.095,0.487339870772792,-0,-0,0.123631327193663,-0,0,0.386966314193724,0,-0,-0.0252469338196415,-0,0
72.1,0.47956823319334,-0,-0,0.0955521096130216,-0,0,0.411359030437275,0,-0,-0.00369726620728569,-0,0
72.105,0.469811143927334,-0,-0,0.0706878592768511,-0,0,0.435440185737339,0,-0,0.0213778542714554,-0,0
72.11,0.452614742880646,-0,-0,0.0493623925872995,-0,0,0.450159545396821,0,-0,0.053578590803187,-0,0
72.115,0.434292071904231,-0,-0,0.0316868399051383,-0,0,0.463581352163407,0,-0,0.0889140588814125,-0,0
72.12,0.415185404449185,-0,-0,0.0178228993063488,-0,0,0.475623202681406,0,-0,0.126850336969857,-0,0
72.125,0.391542824334847,-0,-0,0.00781056691760121,-0,0,0.483715263216765,0,-0,0.165842605249591,-0,0
72.13,0.349249166490113,0,-0,0.0016968797303093,-0,0,0.478131401723058,0,-0,0.201190172984468,-0,0
72.135,0.308935307053121,0,-0,2.89344398811269e-05,-0,0,0.470507057132885,0,-0,0.237212110481885,-0,0
72.14,0.270797610942608,0,-0,0.00278092911843558,-0,0,0.460922433144269,0,-0,0.273424684092874,-0,0
72.145,0.24052343853065,0,-0,0.00765951620595925,-0,0,0.456091844392508,0,-0,0.295594264521542,0,0
72.15,0.217808445188394,0,-0,0.0111949078938732,-0,0,0.45664825903132,0,-0,0.301770988452894,0,0
72.155,0.196464901341712,0,-0,0.0146678489010044,-0,0,0.45552641217172,0,-0,0.306428198768673,0,0
72.16,0.176527339560762,0,-0,0.0180935997463232,-0,0,0.452760175898822,0,0,0.309500820584653,0,0
72.165,0.165194560766691,0,-0,0.0217451166958576,-0,0,0.448745245501654,0,0,0.309536834294117,0,0
72.17,0.156027083008387,0,-0,0.0255115926818083,-0,0,0.443284069399271,0,0,0.30763169739449,0,0
72.175,0.147371156160323,0,-0,0.0293459776770719,-0,0,0.436393855457241,0,0,0.304106864582264,0,0
72.18,0.139207642669906,0,-0,0.0332514032147318,-0,0,0.428182853427289,0,0,0.29899322016073,0,0
72.185,0.130401918837811,0,-0,0.0381577949590206,-0,0,0.416429536679768,0,0,0.284945323256246,0,0
72.19,0.122025785872894,0,-0,0.0434119622811977,-0,0,0.403524059748562,0,0,0.269212174858271,0,0
72.195,0.114118795434916,0,-0,0.0489503847114157,-0,0,0.38983945836605,0,0,0.252664270838902,0,0
72.2,0.106610579695835,0,-0,0.0547897444438978,-0,0,0.375534876532554,-0,0,0.235492860266124,0,0
72.205,0.100848367217642,0,-0,0.0613321757973459,-0,0,0.34949180620087,-0,0,0.208315786731151,0,0
72.21,0.0971527271155555,0,-0,0.0688760864200364,-0,0,0.307701595949513,-0,0,0.168359992493265,0,0
72.215,0.0931961551372543,0,-0,0.0769099016242138,0,0,0.267883009620476,-0,0,0.131124939640036,0,0
72.22,0.088916351518246,0,-0,0.0854556720698174,0,0,0.230212545354801,-0,0,0.0970009957499731,0,0
72.225,0.0830239458183006,0,-0,0.0916707205191436,0,0,0.204137031969003,-0,0,0.0741096345800666,0,0
72.23,0.0762456444615614,0,-0,0.0963914122592869,0,0,0.184899942326098,-0,0,0.0578496945928044,0,0
72.235,0.0693498995605542,0,-0,0.101283953616842,0,0,0.166759574948793,-0,0,0.0433175092262387,0,0
72.24,0.0623219190410407,0,-0,0.106384556654183,0,0,0.149753483886934,-0,0,0.0306034049214305,0,-0
72.245,0.0533255402428928,0,-0,0.107619310672524,0,0,0.139199792103592,-0,0,0.0214212568105684,-0,-0
72.25,0.0443422472070269,0,-0,0.107905468238463,0,0,0.130488352635669,-0,0,0.0140384960602359,-0,-0
72.255,0.0358875327050536,0,-0,0.108229407756637,0,0,0.122362456386783,0,0,0.0080305264136727,-0,-0
72.26,0.028026216362634,0,-0,0.10899859286624,0,0,0.114764649632993,0,0,0.00348293596718051,-0,-0
72.265,0.0209685162860116,0,-0,0.113506099811262,0,0,0.107019923553706,0,0,0.000984218627737814,-0,-0
72.27,0.0144325657858317,0,-0,0.11819829011305,0,0,0.0999655036963958,0,0,-0.000627281198173929,-0,-0
72.275,0.00846296439125096,0,-0,0.122988627918913,0,0,0.0935820322389904,0,0,-0.00138258253586044,-0,-0
72.28,0.00308573157839815,-0,-0,0.127207694738249,-0,0,0.0863199242008392,0,0,-0.00129029011434715,-0,-0
72.285,-0.0015897113750398,-0,-0,0.129996197826907,-0,0,0.0762953751797875,0,0,-0.000453133486712583,-0,-0
72.29,-0.00546392537420752,-0,-0,0.132449331197333,-0,0,0.066992666426165,0,0,0.000966104539217835,-0,-0
72.295,-0.00853667332251003,-0,-0,0.134371459331562,-0,0,0.0582729820114803,0,0,0.00293086476779232,-0,-0
72.3,-0.010922825658621,-0,-0,0.136344355871468,-0,0,0.0499138847804568,0,0,0.00536257292177341,-0,-0
72.305,-0.0127751316283832,-0,-0,0.138349593752521,-0,0,0.0417510707617145,0,0,0.00816388647376859,-0,-0
72.31,-0.0140185041448669,-0,-0,0.138999498776915,-0,0,0.0337698605494571,0,0,0.0113580149604717,-0,-0
72.315,-0.0146902216089217,-0,-0,0.138059908925951,-0,0,0.0258577543687261,0,0,0.0149386425982423,-0,-0
72.32,-0.0148281691530046,-0,0,0.130620926686851,-0,0,0.0196522378854527,0,0,0.018932753803071,-0,-0
72.325,-0.0144895907807468,-0,0,0.119101925305435,-0,0,0.014523996325115,0,0,0.0233588150334445,-0,-0
72.33,-0.0137428293352119,-0,0,0.106814692705874,-0,0,0.00933590946105464,-0,0,0.0282373812993044,-0,-0
72.335,-0.0126552423658819,-0,0,0.0938898172360162,-0,0,0.00407934863425312,-0,0,0.0336147598316528,-0,-0
72.34,-0.011735321545933,0,0,0.0855527804102374,-0,0,0.00100000228990877,-0,0,0.0401368971627995,-0,-0
72.345,-0.0107732771490288,0,0,0.0770675885873585,-0,0,-0.0013375447249467,-0,0,0.0476144900923778,-0,-0
72.35,-0.00968327360064459,0,0,0.0668608221350622,-0,0,-0.00360129283594998,-0,0,0.0559771602460394,-0,-0
72.355,-0.00851167695300732,0,0,0.0552400035046881,-0,0,-0.0057539664146174,-0,0,0.0653335542022788,-0,-0
72.36,-0.00678632070481401,0,0,0.0424019359793487,-0,0,-0.00733651423401162,-0,0,0.0740593488761347,-0,-0
72.365,-0.00505002175812608,0,0,0.0290559712427549,-0,0,-0.00870268971601652,-0,0,0.0835528051233676,-0,-0
72.37,-0.00337968231003245,0,0,0.0156685610252089,-0,0,-0.00984248020374278,-0,0,0.0939721902386674,-0,-0
72.375,-0.0017931168922941,0,0,0.00268390638294443,-0,0,-0.0107015356047963,-0,0,0.10536990358221,0,0
72.38,0.000412073733733709,0,0,-0.00758662679638433,0,0,-0.0103734106425775,-0,0,0.117586306926325,0,0
72.385,0.00238366656765156,0,0,-0.0122149660942351,0,-0,-0.00982511653232503,-0,0,0.130833590897974,0,0
72.39,0.00409925861683408,0,0,-0.0112049086793228,0,-0,-0.00907779987129224,-0,0,0.145140964828762,0,0
72.395,0.00609320425702222,0,0,-0.00388099974626704,0,-0,-0.00775672987758035,-0,-0,0.161273906173367,0,0
72.4,0.00849909284564909,0,0,0.0104920822051069,0,-0,-0.00583678297663352,-0,-0,0.179836963643212,0,-0
72.405,0.0104825923664732,0,0,0.0304234706064603,0,-0,-0.00404937167504779,-0,-0,0.199883090552694,0,-0
72.41,0.0120883277564294,0,0,0.0551963694840547,0,-0,-0.0024831251409508,-0,-0,0.221462423755813,0,-0
72.415,0.0122295924233725,0,0,0.0745930740197855,0,-0,-0.00135075946890616,-0,-0,0.240267894130098,0,-0
72.42,0.0112757374843361,0,0,0.0858281145732282,0,-0,-0.000614851535914682,-0,-0,0.255495980832517,0,-0
72.425,0.0104761858668958,0,0,0.0969540920746788,0,-0,-0.000156995418722299,-0,-0,0.27107439752008,0,-0
72.43,0.00986363023406487,0,0,0.107691805018646,0,-0,3.77900146715801e-06,-0,-0,0.287017533429317,0,-0
72.435,0.0110863111368425,0,0,0.148152567525694,0,-0,-0.000165170541893088,-0,-0,0.310197187270301,0,-0
72.44,0.0132342349818546,0,0,0.201949075850563,0,-0,-0.000731631990079629,-0,-0,0.337715037297261,0,-0
72.445,0.0157997107595252,0,0,0.254392385605475,0,-0,-0.00165624092212113,-0,-0,0.366714762036997,0,-0
72.45,0.0190218445188803,0,0,0.303752199682705,0,-0,-0.00287003362967994,-0,-0,0.397091173913371,0,-0
72.455,0.0224371461424904,0,0,0.299141890425179,0,-0,0.00150251263375468,-0,-0,0.402642024997468,0,-0
72.46,0.0267394590057091,0,0,0.282711200582481,0,-0,0.00966758492473857,-0,-0,0.402354056711133,0,-0
72.465,0.0322424999620449,0,0,0.263760993868176,0,-0,0.0209824366683415,-0,-0,0.400664964768445,0,-0
72.47,0.0391414728475847,0,0,0.242706686318934,0,-0,0.0355468211012269,-0,-0,0.397559038816678,0,-0
72.475,0.0471462644099002,0,0,0.254283084293939,-0,-0,0.0527765258083013,-0,-0,0.393249192577952,0,-0
72.48,0.0567148960937624,0,0,0.263289532967392,-0,-0,0.0730244847658786,-0,-0,0.387468517892374,0,-0
72.485,0.0680329006314067,0,0,0.265155828656948,-0,-0,0.0962378248356299,-0,0,0.380113631562422,0,-0
72.49,0.0809049870101075,0,0,0.255764341557158,-0,-0,0.122259364783226,-0,0,0.373322462820975,0,-0
72.495,0.0940173025033023,0,0,0.224195957452654,-0,-0,0.150958048186583,-0,0,0.374982748268201,0,-0
72.5,0.108657769903234,0,0,0.19108074000398,-0,-0,0.181841133382336,-0,0,0.374743384237563,0,-0
72.505,0.124826654972319,0,0,0.156963438432686,-0,-0,0.214493732038362,-0,0,0.372355336785469,0,-0
72.51,0.142506506327357,0,-0,0.12096206703581,-0,-0,0.247912961121808,-0,0,0.366149338314305,0,-0
72.515,0.161657085731789,0,-0,0.0844869013994946,-0,-0,0.281365883351289,-0,0,0.355648940388729,0,-0
72.52,0.182212388669529,0,-0,0.0503661342671008,-0,0,0.315004015104077,-0,0,0.342717218936058,0,-0
72.525,0.20408302623416,0,-0,0.0190254581569926,-0,0,0.348313037534941,-0,0,0.327399098628986,0,-0
72.53,0.230112020383264,0,-0,-0.00913269612553362,-0,0,0.378394742431514,-0,0,0.304406182298489,0,-0
72.535,0.259338365120518,0,-0,-0.0334536721026015,-0,0,0.405845159768583,-0,0,0.277170004953868,-0,-0
72.54,0.290191786210858,0,-0,-0.0537301110072365,-0,0,0.4315128925348,-0,0,0.248993755256897,-0,-0
72.545,0.322490620632546,0,-0,-0.0698076929932035,-0,0,0.454858341779779,-0,0,0.220284645989952,-0,-0
72.55,0.358199046211911,0,-0,-0.0729531710251685,-0,0,0.459718423698919,-0,0,0.188394337926563,-0,0
72.555,0.395048327249941,0,-0,-0.0685154606914672,-0,0,0.462156762608923,-0,0,0.157516652596678,-0,0
72.56,0.432701511478241,0,-0,-0.0570105371608063,-0,0,0.462263357691169,-0,0,0.128193474716397,-0,0
72.565,0.467021511027838,0,-0,-0.038219245733973,-0,0,0.457965805590137,-0,0,0.100541932603283,-0,0
72.57,0.489447685831207,0,-0,-0.0107689180722095,-0,0,0.445254112579529,-0,0,0.074469643818706,-0,0
72.575,0.510367762161519,0,-0,0.022350876847291,-0,0,0.431028918486005,-0,0,0.0517086818849101,-0,0
72.58,0.529534705360399,0,-0,0.0602866268172078,-0,0,0.415585508543098,-0,-0,0.032596457275957,-0,0
72.585,0.545863657989382,0,-0,0.102781241259639,-0,0,0.40022068087537,-0,-0,0.0174095289100688,-0,0
72.59,0.558399189215082,0,-0,0.149552622321388,-0,0,0.385925335765556,-0,-0,0.00631041536074279,-0,0
72.595,0.568496054499635,0,-0,0.198618096423886,-0,0,0.371117932859566,0,-0,-0.000677042302876168,-0,0
72.6,0.576046008337956,0,-0,0.249057040074693,0,0,0.356034491403043,0,-0,-0.00355637590683711,-0,0
72.605,0.579500711925279,0,-0,0.288187875384028,0,0,0.339529476475818,0,-0,-0.00222877881069411,-0,0
72.61,0.579291736905724,0,-0,0.318448317067591,0,0,0.322331910511488,0,-0,0.00230076629999877,-0,0
72.615,0.576446270873434,0,-0,0.34715574836053,0,0,0.305533714540859,0,-0,0.00955090490332554,-0,0
72.62,0.571038546721819,0,-0,0.373864454900461,0,0,0.289250863888413,0,-0,0.0193400807984366,-0,0
72.625,0.565433660833914,0,-0,0.379625566920546,0,0,0.277413023934149,0,-0,0.0281678977926967,-0,0
72.63,0.558094705714531,0,-0,0.377600914441518,0,0,0.267044835414361,0,-0,0.0360598339214225,-0,0
72.635,0.548491408560089,0,-0,0.373216589010408,0,0,0.257027976414483,0,-0,0.0435704388249589,-0,0
72.64,0.536775664951823,0,-0,0.3665371111722,0,0,0.247369459936038,0,-0,0.0505896793318834,-0,0
72.645,0.502375482472923,0,-0,0.358870590709884,0,0,0.234127452067915,0,-0,0.0555411465575288,-0,0
72.65,0.455800009077779,0,-0,0.349665500422985,0,0,0.219289146156323,0,-0,0.0585115924342754,-0,0
72.655,0.409878837705134,-0,0,0.338235763281478,0,0,0.205161470760146,0,-0,0.0602471230720048,-0,0
72.66,0.365074349623478,-0,0,0.324639284277595,0,0,0.191687710767249,0,-0,0.0607807575693278,-0,0
72.665,0.339448534412414,-0,0,0.307933314695287,0,0,0.182119102991839,0,-0,0.0623831616750035,-0,0
72.67,0.324275975522179,-0,0,0.288772537436835,0,0,0.174722532874403,0,-0,0.064760025297484,-0,0
72.675,0.308591687961362,-0,0,0.267927281682275,0,0,0.167351783372428,0,-0,0.0668381320801565,-0,0
72.68,0.292559048022919,-0,0,0.245537320861656,0,0,0.159948133963449,0,-0,0.0687993504229232,-0,0
72.685,0.276340480284002,-0,0,0.22176290860491,0,0,0.152458820267176,0,-0,0.0708547047935063,-0,0
72.69,0.245958878423598,-0,0,0.184371843884306,0,0,0.143424612011015,0,-0,0.0717263405307498,0,0
72.695,0.214374347102782,-0,0,0.146800820703498,-0,0,0.134075384371199,0,-0,0.0726376531313554,0,0
72.7,0.185228292585543,-0,0,0.112726840608103,-0,-0,0.124747762996097,0,-0,0.0741727014315635,0,0
72.705,0.158560506589381,0,0,0.0824581928168612,-0,-0,0.115437833785499,0,-0,0.076558274804349,0,0
72.71,0.133585545229063,0,0,0.0517420784724044,-0,-0,0.103272140478582,0,-0,0.0743337272109152,0,0
72.715,0.111059444189129,0,0,0.0276493839269387,-0,-0,0.0912821475281397,-0,-0,0.0722333463865153,0,0
72.72,0.0909837089659496,0,0,0.0109570836153133,-0,-0,0.0798900033963874,-0,-0,0.071093561278561,0,0
72.725,0.0751448776928234,0,0,0.00182336464017751,-0,-0,0.0692240253282072,-0,-0,0.0724468891827952,0,0
72.73,0.0657366119789054,0,0,-0.0027359058174967,-0,-0,0.0594202701715522,-0,-0,0.0786357051782114,0,0
72.735,0.0574057343709272,0,0,-0.00518327444104204,-0,-0,0.0502697949099198,-0,-0,0.0859126516655433,0,0
72.74,0.0500805120454473,0,0,-0.00557133173221957,-0,-0,0.0418097241339997,-0,-0,0.0940463477198879,0,0
72.745,0.0437495264973345,0,0,-0.00399929481126924,-0,-0,0.0341192372115216,-0,-0,0.102057695220184,0,0
72.75,0.0387423208826384,0,0,-0.000632169939893525,-0,-0,0.0274452793863313,-0,-0,0.105499038704225,0,0
72.755,0.0343971621219459,0,0,0.00437119978390254,-0,-0,0.0214141036913931,-0,-0,0.108833610276531,0,0
72.76,0.030613149609056,0,0,0.0108013680917563,-0,-0,0.0160377161672657,-0,-0,0.11169387659853,0,0
72.765,0.0269353573118501,0,0,0.0184680041735934,-0,-0,0.0113513365830304,-0,-0,0.11586623586937,0,0
72.77,0.0229639274976034,0,0,0.0271730251305477,-0,-0,0.0073342282484406,-0,-0,0.122519990807216,0,0
72.775,0.0192111241658458,0,0,0.0365785728242277,-0,-0,0.00389267048820942,-0,-0,0.127102599197371,0,0
72.78,0.0155420876625505,0,0,0.046434019737949,-0,-0,0.00100602615130318,-0,-0,0.129256207313092,0,0
72.785,0.0115528269589249,0,0,0.0557461468993471,-0,-0,-0.00136972080774299,-0,-0,0.125555433745051,0,0
72.79,0.00690470328086547,-0,0,0.0636963331052807,-0,-0,-0.00337086630541905,-0,-0,0.11449385738991,0,0
72.795,0.00197944039348707,-0,0,0.0714429953396789,-0,-0,-0.00503690787762127,-0,-0,0.102055134429059,0,0
72.8,-0.00328487001244849,-0,0,0.0789258756509854,-0,-0,-0.006392505556724,-0,-0,0.0885176356976715,0,0
72.805,-0.00879984453625346,-0,0,0.0843995224994765,-0,-0,-0.00726600625819659,-0,-0,0.0783140479107286,0,0
72.81,-0.0145797722363922,-0,0,0.0884244662580232,-0,-0,-0.00766800080339544,-0,-0,0.0690669880569107,0,0
72.815,-0.0206489729445036,-0,0,0.092257578840658,-0,-0,-0.00775914179714324,-0,-0,0.0581387530754153,-0,0
72.82,-0.0269216452584298,-0,0,0.0960260515904536,-0,-0,-0.00758714385450682,0,-0,0.0460851343482006,-0,0
72.825,-0.0291621944456978,-0,0,0.101521862497864,-0,-0,-0.00684194697715139,0,-0,0.0331922833279754,-0,0
72.83,-0.0300027497320017,-0,0,0.107788105298914,-0,-0,-0.00577677911137349,0,-0,0.0205599507836445,-0,0
72.835,-0.0304915491123364,-0,0,0.114584626684997,-0,0,-0.00453527789400514,0,-0,0.00888574094663297,-0,-0
72.84,-0.0302545000143615,-0,0,0.122104301598658,-0,0,-0.00304954458982407,0,-0,-0.00127516765624663,-0,-0
72.845,-0.0270841137291686,-0,0,0.130354776438018,-0,0,-0.000547636538346478,0,-0,-0.00599120275972304,-0,-0
72.85,-0.0235348994273963,-0,0,0.139781229547848,0,0,0.00204553238089353,0,0,-0.00309514427784967,-0,-0
72.855,-0.0197012255317037,-0,0,0.150582861942983,0,0,0.00468368790057882,0,0,0.00705150657970392,-0,-0
72.86,-0.0159705739017991,-0,-0,0.162073812737427,0,0,0.00722587551064551,0,0,0.0234621088140811,-0,-0
72.865,-0.0125782275538923,-0,-0,0.173749045572994,0,0,0.00958675649103246,0,0,0.0448580841119226,-0,-0
72.87,-0.00924809895049271,-0,-0,0.186926423284535,0,0,0.0119051118152775,0,0,0.0708335082787859,-0,-0
72.875,-0.00614247894955495,-0,-0,0.201639719032346,0,0,0.0141715995655136,0,0,0.100379872188795,-0,-0
72.88,-0.0044734957323313,-0,-0,0.215388444839173,0,0,0.0164664181326257,0,0,0.135588452469251,0,-0
72.885,-0.00341070260068061,-0,-0,0.228782651977224,0,0,0.0187611364822543,0,0,0.174471499276316,0,-0
72.89,-0.00231115950134582,-0,-0,0.243023168035047,0,0,0.0210283484512075,0,0,0.214086042714121,0,-0
72.895,-0.00122379736204107,-0,-0,0.257648376291881,0,0,0.0233074122859972,0,0,0.253121251895239,0,-0
72.9,-0.000161775386900549,-0,-0,0.260775610232766,0,0,0.0259347837076483,0,0,0.288510529472697,0,-0
72.905,0.00213047500474558,-0,-0,0.262719560030649,0,0,0.0286598215536288,0,0,0.321156858147099,0,-0
72.91,0.0058064196951739,-0,-0,0.263360520776033,0,0,0.0315528815574537,0,0,0.350241456731428,0,-0
72.915,0.0106128347260125,-0,-0,0.265112766826238,0,0,0.0342191575879906,0,0,0.37087906340457,0,-0
72.92,0.0140546909955943,-0,-0,0.278500111647235,0,0,0.0348428112276509,0,0,0.366832874420149,0,-0
72.925,0.0174710766856611,-0,-0,0.292240503465372,0,-0,0.0357666766489034,0,0,0.359067177108602,0,-0
72.93,0.0209500019574695,-0,-0,0.306335142200215,0,-0,0.03703458230452,0,0,0.347919971240991,0,-0
72.935,0.0267678144065974,-0,-0,0.3097999634032,0,-0,0.0402849455427669,0,0,0.323100471300492,0,-0
72.94,0.036406888035284,-0,-0,0.299719800547427,0,-0,0.0460542312549046,0,0,0.285303210038087,0,-0
72.945,0.0478831875252082,-0,-0,0.288200675701011,0,-0,0.0527662665018155,0,0,0.248024006349923,0,-0
72.95,0.0612520749165399,-0,-0,0.275411756642189,0,-0,0.0605881954459531,0,0,0.21196829641374,-0,-0
72.955,0.0911238773064567,-0,-0,0.268806079993265,0,-0,0.0700219386536384,0,0,0.198981130118627,-0,-0
72.96,0.133489568989729,-0,-0,0.265255491814778,0,-0,0.0811511732428923,0,0,0.194321631719476,-0,-0
72.965,0.181172269365573,-0,-0,0.261060155455051,0,-0,0.0940132245038282,0,0,0.186386717406007,-0,-0
72.97,0.233607209484779,-0,-0,0.2561082848392,0,-0,0.108796307593838,0,0,0.175347004977253,-0,-0
72.975,0.282088201932661,-0,-0,0.261904017911763,0,-0,0.122150829980517,0,0,0.152394721868443,-0,-0
72.98,0.330333855151117,-0,-0,0.270231540696513,0,-0,0.135884159113171,0,-0,0.126988730589758,-0,-0
72.985,0.380033311369421,-0,0,0.276934787538918,0,-0,0.151062059600993,0,-0,0.102613170870064,-0,-0
72.99,0.430403067585201,-0,0,0.28160559238861,0,-0,0.167696505055324,0,-0,0.079396522090874,-0,-0
72.995,0.474086998116575,-0,0,0.270609479109379,0,-0,0.185798831091213,0,-0,0.0547961984189829,-0,-0
73,0.514721619352981,-0,0,0.254258987806296,0,-0,0.205324391898644,0,-0,0.0328660843618701,-0,-0
73.005,0.553369831874185,-0,0,0.236323476500217,0,-0,0.226209363430857,0,-0,0.0145166915583719,-0,-0
73.01,0.589427340601024,-0,0,0.216966517135992,0,-0,0.248369741480031,0,-0,-0.000340072982131064,-0,-0
73.015,0.599833764585542,-0,0,0.189338489499788,-0,-0,0.269209307863861,0,-0,-0.0112528160820017,-0,0
73.02,0.600061227250789,-0,0,0.159764612829337,-0,-0,0.289935863356566,0,-0,-0.0175330440536219,-0,0
73.025,0.596765954776758,-0,0,0.130968302129143,-0,-0,0.311056752366941,0,-0,-0.0194029581391477,-0,0
73.03,0.587672774928105,-0,0,0.105243917267495,-0,-0,0.332343671582812,0,-0,-0.0169279730856746,-0,0
73.035,0.563190530597801,-0,0,0.0892551061732429,-0,-0,0.353407473906628,0,-0,-0.00941160913241263,-0,0
73.04,0.536347752294387,-0,0,0.0735759926688278,-0,-0,0.374240145143429,0,-0,0.00224520832551696,-0,0
73.045,0.507623499012615,-0,0,0.0586104990405852,-0,-0,0.394628446117352,0,-0,0.0177723933233045,-0,0
73.05,0.479033664511066,-0,-0,0.0443876963731896,-0,-0,0.413568393014384,0,-0,0.0342831827159205,-0,0
73.055,0.451147880828849,-0,-0,0.0313941166858998,-0,-0,0.430634035957827,0,-0,0.0502940238602222,-0,0
73.06,0.422629677042653,-0,-0,0.0203965348080164,-0,0,0.44649946098193,0,-0,0.0682736686445674,-0,0
73.065,0.393909802332355,0,-0,0.0116247993270758,-0,0,0.460992036402564,0,-0,0.0880153291365414,-0,0
73.07,0.365324832775263,0,-0,0.00467152171683942,-0,0,0.4731736288238,0,-0,0.108793970514347,-0,0
73.075,0.337246356174632,0,-0,0.000641685905481229,-0,0,0.48302322449901,0,-0,0.13040873183622,-0,0
73.08,0.310022277866386,0,-0,0.000234343644787943,-0,0,0.491049341510503,0,-0,0.153013592263753,-0,0
73.085,0.283900395720842,0,-0,0.00337571107860544,-0,0,0.497186265668771,0,-0,0.176368427793504,-0,0
73.09,0.268493299701193,0,-0,0.00660724175711984,-0,0,0.503219525302314,0,-0,0.183891112690589,-0,0
73.095,0.254067644905871,0,-0,0.0099660109979926,-0,0,0.507434107411793,0,-0,0.189835820770798,-0,0
73.1,0.240256787704821,0,-0,0.013419936863241,-0,0,0.509732053177254,0,-0,0.194943423524944,0,0
73.105,0.227139425657952,0,-0,0.0168332635713608,-0,0,0.510126391637955,0,-0,0.199185878922851,0,0
73.11,0.212656555577142,0,-0,0.0256731202701477,-0,0,0.509037409239223,0,0,0.215030622152466,0,0
73.115,0.198999918855187,0,-0,0.0363123422946521,-0,0,0.506154011832778,0,0,0.231041024005944,0,0
73.12,0.1862986350421,0,-0,0.0482389211063867,-0,0,0.501515153046969,0,0,0.246114285580962,0,0
73.125,0.174504669422013,0,-0,0.0612983768428849,-0,0,0.495202648468891,0,0,0.260007696346745,0,0
73.13,0.16459792673938,0,-0,0.0725466965016568,-0,0,0.485226085315193,0,0,0.27111431111722,0,0
73.135,0.157372848572453,0,-0,0.0779687897362528,-0,0,0.469686309528951,0,0,0.277840616698466,0,0
73.14,0.150510013681539,0,-0,0.0828414645853122,-0,0,0.453112736206571,0,0,0.282830957476877,0,0
73.145,0.143942627642337,0,-0,0.087215314430346,-0,0,0.43568535479701,0,0,0.28593635210571,0,0
73.15,0.136985018962163,0,-0,0.090117569212263,-0,0,0.411767198962361,0,0,0.281341223762089,0,0
73.155,0.127616490954686,0,-0,0.0875239481191302,-0,0,0.362253129205851,0,0,0.250184533898617,0,0
73.16,0.118718182840655,0,-0,0.0842055776220197,0,0,0.31475069213937,0,0,0.219462276965291,0,0
73.165,0.110217454800195,0,-0,0.080416568860609,0,0,0.269543474231493,0,0,0.189547736872415,0,0
73.17,0.102332413967541,0,-0,0.0773305087516246,0,0,0.231791516636461,0,0,0.163720718092504,0,0
73.175,0.0961376357095437,0,-0,0.0795037816890676,0,0,0.222297555960445,0,0,0.154104524524018,0,0
73.18,0.0899613753143673,0,-0,0.0824721157968125,0,0,0.212748112939397,0,0,0.143699103171284,0,0
73.185,0.0837860081463894,0,-0,0.086461882801246,0,0,0.203249481792629,0,0,0.132611367355567,0,0
73.19,0.0770567548840133,0,-0,0.0894285669549272,0,0,0.192087630539654,0,0,0.118536049850052,0,0
73.195,0.0683008457028089,0,-0,0.0841148981586377,0,0,0.174089038536517,0,0,0.0953733104744845,0,0
73.2,0.0600202382862844,0,-0,0.0798880233210372,0,0,0.157328017227563,0,0,0.0745354511971567,0,0
73.205,0.0522247027318317,0,-0,0.0768653738221919,0,0,0.141811845896043,0,0,0.0561671036230216,-0,-0
73.21,0.044816438894753,0,-0,0.0760867609181829,0,0,0.126978005535574,0,0,0.0402037068584032,-0,-0
73.215,0.0368589718546732,-0,-0,0.0874871984101401,0,0,0.107668998003412,0,0,0.0254291187469141,-0,-0
73.22,0.0297258573053381,-0,-0,0.0996786794955789,0,0,0.0900128619056079,0,0,0.0139640670594389,-0,-0
73.225,0.0234167369245353,-0,-0,0.11220498218663,0,0,0.0738355322737389,0,0,0.00575568258528596,-0,-0
73.23,0.0181395795962139,-0,-0,0.125414744644212,0,0,0.060034824402044,0,0,0.00124135084484371,-0,-0
73.235,0.0142058320576099,-0,-0,0.140751670959613,0,0,0.050907114864638,0,0,0.000230883481309087,-0,-0
73.24,0.0107385672768767,-0,-0,0.154450091565706,-0,0,0.042415374175613,0,0,-2.81900685417352e-05,-0,-0
73.245,0.00773031328902573,-0,-0,0.165860179777096,-0,0,0.0344269088010376,0,0,0.000434268975367942,-0,-0
73.25,0.00516558590836861,-0,-0,0.167844772883985,-0,0,0.0279718891112032,0,0,0.0017488594600821,-0,-0
73.255,0.00302639088901148,-0,-0,0.161558720248228,-0,0,0.0228048360698431,-0,0,0.0041152490921101,-0,-0
73.26,0.00128939992730858,-0,-0,0.153180108805762,-0,0,0.0177595315899908,-0,0,0.00741242713569452,-0,-0
73.265,-7.49595584704401e-05,-0,-0,0.142675276740607,-0,0,0.0127632930868224,-0,0,0.0115995039721459,-0,-0
73.27,-0.00112588739297428,-0,-0,0.13041502105659,-0,0,0.00783315716521571,-0,0,0.0165831998993604,-0,-0
73.275,-0.00193746071005719,0,-0,0.116398486620348,-0,0,0.00288268310983363,-0,0,0.0223670634224943,-0,-0
73.28,-0.0025340518493863,0,-0,0.100840447567088,-0,0,-0.00214747524292017,-0,0,0.0289883174934708,-0,-0
73.285,-0.00294109171611565,0,-0,0.0842018275475382,-0,0,-0.00726176933165217,-0,0,0.0364808423266532,-0,-0
73.29,-0.00339156531023619,0,-0,0.0699596813300891,-0,0,-0.00855745886184046,-0,0,0.0413551090385162,-0,-0
73.295,-0.00379178827442958,0,0,0.0548508587307702,-0,0,-0.0091611366396053,-0,0,0.0458576965779824,-0,-0
73.3,-0.00411963599988974,0,0,0.0389222034900179,-0,0,-0.00967392408301864,-0,0,0.0505509470238594,-0,-0
73.305,-0.00438206463299984,0,0,0.0228314686752235,-0,0,-0.0100640214497592,-0,0,0.0554698541709672,-0,-0
73.31,-0.00438647776255674,0,0,0.00743773380609,-0,-0,-0.0133443149389045,-0,0,0.0624959852630085,-0,0
73.315,-0.00429121451215667,0,0,-0.00779617290791179,-0,-0,-0.016908705923475,-0,0,0.0704724885618361,-0,0
73.32,-0.00414270459088238,0,0,-0.0224084276304739,-0,-0,-0.0201553145225202,-0,0,0.0791726643056355,-0,0
73.325,-0.00389863205014532,0,0,-0.0350706061128146,-0,-0,-0.0227262339522348,-0,0,0.0885009306191278,-0,0
73.33,-0.00320523449914944,0,0,-0.0370896341954353,-0,-0,-0.0229271270677812,-0,0,0.0974396961125801,0,0
73.335,-0.00248895678508044,0,0,-0.0326193837455755,-0,-0,-0.0226901099693796,-0,-0,0.106997198298632,0,0
73.34,-0.00176080734173788,0,0,-0.0221376365585213,0,-0,-0.0219893926899626,-0,-0,0.117167915803303,0,0
73.345,0.000364178704801683,0,0,0.0066691173243343,0,-0,-0.0203895469099283,-0,-0,0.13151726819168,0,0
73.35,0.00432651627237456,0,0,0.0612062804264663,0,-0,-0.0179003012357811,-0,-0,0.151950529278914,0,0
73.355,0.00841318528540241,0,0,0.124593364839967,0,-0,-0.0151640840577893,-0,-0,0.174247338719863,0,0
73.36,0.0127221979024631,0,0,0.194456952630035,0,-0,-0.0122501220561127,-0,-0,0.198421232621278,0,0
73.365,0.0157527291925919,0,0,0.250838022674787,0,-0,-0.00917723353708954,-0,-0,0.220188412736197,0,0
73.37,0.0178954664398577,0,0,0.294131733783525,0,-0,-0.00608712325817635,-0,-0,0.239804760758613,0,-0
73.375,0.0204263252490025,0,0,0.335573170770315,0,-0,-0.00312107563179667,-0,-0,0.260169093813125,0,-0
73.38,0.0234466129598734,0,0,0.37399113209435,0,-0,-0.000355982164440428,-0,-0,0.281190204152538,0,-0
73.385,0.0265448416494968,0,0,0.355485240475323,0,-0,0.00226152406629471,-0,-0,0.294694736468641,0,-0
73.39,0.0301913331932916,0,0,0.326148563345863,0,-0,0.00489033418313812,-0,-0,0.306701858886041,0,-0
73.395,0.0345419289607563,0,0,0.293874687643454,0,-0,0.00754240318592129,-0,-0,0.31816769496875,0,-0
73.4,0.0397057053859474,0,0,0.26380241426406,0,-0,0.0103071600052937,-0,-0,0.328259669740723,0,-0
73.405,0.0458827931984983,0,0,0.25895560456765,0,-0,0.0136923231209324,-0,-0,0.332185512380906,0,-0
73.41,0.0530697354708132,0,0,0.251136660923258,0,-0,0.0175181781431744,-0,-0,0.335095699357524,0,-0
73.415,0.0613585443324348,0,0,0.240584669032759,0,-0,0.0218864268199955,-0,-0,0.337074724362683,0,-0
73.42,0.0700787450561201,0,0,0.227029303347312,0,-0,0.0263241091446591,-0,-0,0.340714313834844,0,-0
73.425,0.0778669981117998,0,0,0.210185560934061,-0,-0,0.0297754300529577,-0,-0,0.349867122901619,0,-0
73.43,0.0863487140132215,0,0,0.191794508155788,-0,-0,0.0335564655107717,-0,-0,0.358678627458761,0,-0
73.435,0.0955083039609138,0,0,0.172179814379411,-0,-0,0.0377635311519122,-0,-0,0.367096777718288,0,-0
73.44,0.106362683581908,0,0,0.155929930045748,-0,-0,0.0471892082649142,-0,-0,0.373472661781531,0,-0
73.445,0.120265256501894,0,-0,0.144964845949388,-0,-0,0.0677061780835683,-0,-0,0.376191274403952,0,-0
73.45,0.135424606383656,0,-0,0.130055612448925,-0,-0,0.0907781826372044,-0,0,0.378085220826398,0,-0
73.455,0.151851858510961,0,-0,0.111395731840309,-0,-0,0.116151549515651,-0,0,0.37897204412308,0,-0
73.46,0.168324624898689,0,-0,0.0849132233262902,-0,0,0.154344455644877,-0,0,0.370323518333275,0,-0
73.465,0.183668949290967,0,-0,0.0531976432218582,-0,0,0.213623790946506,-0,0,0.347069712004976,0,-0
73.47,0.199666267002344,0,-0,0.0257311619502518,-0,0,0.276184279263902,-0,0,0.323056140929539,0,-0
73.475,0.216250374436141,0,-0,0.00257982192905195,-0,0,0.341071482736558,-0,0,0.298361058079038,0,-0
73.48,0.23812268750357,0,-0,-0.0162175960192764,-0,0,0.390274409312708,-0,0,0.274351070455964,0,-0
73.485,0.266862040693406,0,-0,-0.0305903724153241,-0,0,0.419432329841887,-0,0,0.251162366840201,0,-0
73.49,0.297296566714175,0,-0,-0.0406265227436643,-0,0,0.447031556888752,-0,0,0.227402634007028,-0,-0
73.495,0.329288510794283,0,-0,-0.0464582499775735,-0,0,0.472691590980633,-0,0,0.203240022983326,-0,0
73.5,0.357405632438081,0,-0,-0.0443073931366608,-0,0,0.482625062785368,-0,0,0.177629028751082,-0,0
73.505,0.383449794740416,0,-0,-0.0346069774166336,-0,0,0.48340135306406,-0,0,0.151712404045433,-0,0
73.51,0.409673519112431,0,-0,-0.0193235041334586,-0,0,0.481680079949858,-0,0,0.126504735103709,-0,0
73.515,0.435853976697252,0,-0,0.00111280385988607,-0,0,0.477580818075241,-0,0,0.102399288671646,-0,0
73.52,0.454223303430086,0,-0,0.031027703909749,-0,0,0.467260695985546,-0,0,0.0799118627373726,-0,0
73.525,0.471298927001093,0,-0,0.0661123086545677,-0,0,0.45492293804258,-0,0,0.0593525507302331,-0,0
73.53,0.487124235437152,0,-0,0.105616576064219,-0,0,0.440973587107818,-0,0,0.041140296584075,-0,0
73.535,0.501504458789084,0,-0,0.148304670046847,-0,0,0.425454489041641,0,-0,0.0255713833792959,-0,0
73.54,0.514162224668421,0,-0,0.187378539644874,-0,0,0.406297541329216,0,-0,0.0122417063353173,-0,0
73.545,0.525045626546326,0,-0,0.228256348872497,-0,0,0.38654266386922,0,-0,0.00287204400089992,-0,0
73.55,0.534013242272333,0,-0,0.270356918896244,-0,0,0.36647497509043,0,-0,-0.00227028356451504,-0,0
73.555,0.53983560511298,0,-0,0.303937412170176,-0,0,0.347088799872526,0,-0,-0.00253626944765245,-0,0
73.56,0.542136757534901,0,0,0.325587545901906,0,0,0.328713506651185,0,-0,0.000602723838071722,-0,0
73.565,0.542233859217987,-0,0,0.345990688708736,0,0,0.310606044072534,0,-0,0.00599983637825341,-0,0
73.57,0.540117482813831,-0,0,0.364869843941629,0,0,0.292917998457926,0,-0,0.013652168246931,-0,0
73.575,0.531101297870067,-0,0,0.377793131616747,0,0,0.277518866969576,0,-0,0.0220399739532731,-0,0
73.58,0.516464318113827,-0,0,0.385473999782461,0,0,0.263915411178223,0,-0,0.0301243128895276,-0,0
73.585,0.500009283071241,-0,0,0.390953248300415,0,0,0.250769790004608,0,-0,0.0385342872634016,-0,0
73.59,0.481933659636308,-0,0,0.394119001178025,0,0,0.238104705177525,0,-0,0.0471041058778193,-0,0
73.595,0.4552189826073,-0,0,0.380698983766331,0,0,0.226552640174302,0,-0,0.0563141149958245,-0,0
73.6,0.425666877489753,-0,0,0.361448351662656,0,0,0.215583154545463,0,-0,0.0657006029866262,-0,0
73.605,0.395724199534549,-0,0,0.34074947940625,0,0,0.204968939788824,0,-0,0.0749024381956571,-0,0
73.61,0.365710271652588,-0,0,0.318854724836254,0,0,0.194660562363541,0,-0,0.0837383126261875,-0,0
73.615,0.336857251554037,-0,0,0.285320331098119,0,0,0.185347451133978,0,-0,0.0908459047750918,-0,0
73.62,0.308703558242618,-0,0,0.249216280697475,0,0,0.176354659840664,0,-0,0.0967456150221103,-0,0
73.625,0.281226473769966,-0,0,0.214192977987332,0,0,0.167396687598546,0,-0,0.101696798329531,-0,0
73.63,0.254655841010858,-0,0,0.180688713250944,0,0,0.158415434318623,0,-0,0.105700717791517,-0,0
73.635,0.226186511243125,-0,0,0.147913048776958,0,0,0.146609764201759,0,-0,0.104131048485564,-0,0
73.64,0.198948999882063,-0,0,0.117482804887935,0,0,0.134710930927938,0,-0,0.100700403496555,-0,0
73.645,0.173464549752975,-0,0,0.0898912716569144,0,0,0.123061762291372,0,-0,0.0962058353145119,-0,0
73.65,0.150292191397776,-0,0,0.0667054090936527,0,0,0.111566569966442,0,-0,0.0914201440555981,-0,0
73.655,0.130593622141822,-0,0,0.0507479992421461,0,0,0.100030422092587,-0,-0,0.0880503841532212,0,0
73.66,0.112536421667044,-0,0,0.0368370671124507,-0,0,0.0888335553111712,-0,-0,0.0848196711001866,0,0
73.665,0.096103566817942,-0,0,0.0250735563212228,-0,0,0.0780082593870283,-0,-0,0.082100289258083,0,0
73.67,0.0857939894385869,-0,0,0.0179353924068238,-0,0,0.0687140670452592,-0,-0,0.0826360339391689,0,0
73.675,0.0806232796816934,-0,0,0.0137087783902103,-0,0,0.0605728808712717,-0,-0,0.0867717534592949,0,0
73.68,0.0758981875829423,0,0,0.00953127433078665,-0,-0,0.0524181942624046,-0,-0,0.0923531888051178,0,0
73.685,0.0716485277198758,0,0,0.00545692091596814,-0,-0,0.0443155550970382,-0,-0,0.0994086708644555,0,0
73.69,0.066414627305852,0,0,0.00140412037624753,-0,-0,0.0355861701991059,-0,-0,0.107561890493446,0,0
73.695,0.0599988818932967,0,0,-0.0015654179552356,-0,-0,0.0266099729293486,-0,-0,0.116497197415774,0,0
73.7,0.0543419081563044,0,0,-0.00290551196079855,-0,-0,0.0186013042511171,-0,-0,0.126196901761447,0,0
73.705,0.0493579124859852,0,0,-0.002687563885245,-0,-0,0.0115802340893803,-0,-0,0.136162789551275,0,0
73.71,0.0443088373856887,0,0,-0.000304102793143958,-0,-0,0.00543830661407533,-0,-0,0.140592836109478,0,0
73.715,0.0392154507307161,0,0,0.00455513426833684,-0,-0,0.000475425020598033,-0,-0,0.140053153140785,0,0
73.72,0.0345295672320743,0,0,0.0112987855413525,-0,-0,-0.0031800223384816,-0,-0,0.138729564221721,0,0
73.725,0.0301303321503183,0,0,0.0197882004886415,-0,-0,-0.00561382925314205,-0,-0,0.136152506735509,0,0
73.73,0.0242854400091162,0,0,0.0261954025444008,-0,-0,-0.00763150389920687,-0,-0,0.12699869499845,0,0
73.735,0.0182765837265085,-0,0,0.0328089029206706,-0,-0,-0.00915930231557408,-0,-0,0.116047192005287,0,0
73.74,0.0122052297692326,-0,0,0.0400337566527917,-0,-0,-0.0101789274160342,-0,-0,0.103921059774116,0,0
73.745,0.00622584182781059,-0,0,0.0475453988766661,-0,-0,-0.0107341643939856,-0,-0,0.0922852287242981,0,0
73.75,0.000800060625867891,-0,0,0.0545644282384904,-0,-0,-0.0108624064561348,-0,-0,0.0837085344256886,0,0
73.755,-0.00479146641127024,-0,0,0.0620337858229093,-0,-0,-0.0106408830148086,-0,-0,0.0730325497121518,0,0
73.76,-0.0105257868301435,-0,0,0.0699997145823786,-0,-0,-0.0101293812945723,-0,-0,0.0607119038148515,0,0
73.765,-0.0156375290267625,-0,0,0.0782919722787375,-0,-0,-0.0094338058383993,-0,-0,0.0486989042035311,0,0
73.77,-0.01948365250748,-0,0,0.086752828646568,-0,-0,-0.00864928830389087,-0,-0,0.0372938517611528,0,-0
73.775,-0.0231994004109881,-0,0,0.0958295991467518,-0,-0,-0.00774467622235021,-0,-0,0.0241737804688206,0,-0
73.78,-0.0266752663207484,-0,0,0.105597029773111,-0,-0,-0.0067640687442625,0,-0,0.0100981255164236,0,-0
73.785,-0.0276626306933743,-0,0,0.11640311885497,-0,-0,-0.00523420206000145,0,0,-0.00380751868659599,0,-0
73.79,-0.0247109087235452,-0,0,0.128578038995432,-0,-0,-0.00287465114598459,0,0,-0.0119018211813497,0,-0
73.795,-0.0215318150882886,-0,0,0.141755693354543,-0,-0,-0.000634220448226575,0,0,-0.012480754236389,0,-0
73.8,-0.0181896026871109,-0,0,0.15599993113946,-0,-0,0.0014426702772417,0,0,-0.00568029308537592,0,-0
73.805,-0.0148706830420974,-0,0,0.172418956978809,0,-0,0.00361221400788469,0,0,0.00944805976343462,0,-0
73.81,-0.0117198865065495,-0,-0,0.192026263170897,0,-0,0.00600510664553139,0,0,0.0341342437697763,0,-0
73.815,-0.00867521316871602,-0,-0,0.213189031911849,0,-0,0.00812017433850726,0,0,0.0655316122604526,0,-0
73.82,-0.00586913150374231,-0,-0,0.235926098865075,0,-0,0.00998304792998933,0,0,0.102388121483026,0,-0
73.825,-0.00373117255360846,-0,-0,0.257964725340891,0,-0,0.0118783448371594,0,0,0.147435641030461,0,-0
73.83,-0.00211804603422681,-0,-0,0.279282569288827,0,-0,0.0138018932863157,0,0,0.199210339990066,0,-0
73.835,-0.000832266920833073,-0,-0,0.301541001786587,0,-0,0.0156491388267724,0,0,0.252741651332887,0,-0
73.84,2.9644613369472e-05,-0,-0,0.324624293921633,0,-0,0.017543358125159,0,0,0.306214373248059,0,-0
73.845,0.000810438122583076,-0,-0,0.338067698577662,0,-0,0.0194378303286116,0,0,0.311983354513832,-0,-0
73.85,0.00208910909181674,-0,-0,0.348548279899422,0,-0,0.0216346291953799,0,0,0.303022774411324,-0,-0
73.855,0.00390656780176734,-0,-0,0.358174639690636,0,-0,0.0243354218472127,0,0,0.290072609140461,-0,-0
73.86,0.00625412519324426,-0,-0,0.36655551124384,0,-0,0.0277516214335472,0,0,0.276959882534591,-0,-0
73.865,0.00851077436644893,-0,-0,0.371267832635321,0,-0,0.0324708497125863,0,0,0.290503879805197,-0,-0
73.87,0.0111254923145494,-0,-0,0.37461485357497,0,-0,0.0382816206786739,0,0,0.299533980720137,-0,-0
73.875,0.0141537187269746,-0,-0,0.376551681280885,0,-0,0.0453804239801026,0,0,0.303854594532669,-0,-0
73.88,0.0170911045663624,-0,-0,0.379428069454813,0,-0,0.0529234139686933,0,0,0.29968016822661,-0,-0
73.885,0.0186761634989894,-0,-0,0.387495835814152,0,-0,0.0587859241769867,0,0,0.281890106916966,-0,-0
73.89,0.020297269378081,-0,-0,0.394422453749859,0,-0,0.0654560270059617,0,0,0.261489221587052,-0,-0
73.895,0.022029897403921,-0,-0,0.400112775307871,0,-0,0.0728951810126445,0,0,0.238910703433007,-0,-0
73.9,0.0422087237762572,-0,-0,0.383973276269436,0,-0,0.0839042099384436,0,0,0.220998031059525,-0,-0
73.905,0.0816483417237432,-0,-0,0.34965013262473,0,-0,0.0987922541690927,0,0,0.20479123133471,-0,-0
73.91,0.126360861909124,-0,-0,0.31420942943249,0,-0,0.115535387789064,0,0,0.184751496291007,-0,-0
73.915,0.175864832880136,-0,-0,0.278136774495682,0,-0,0.13416714266384,0,-0,0.161216872604401,-0,-0
73.92,0.190419909091461,-0,-0,0.274968231481041,0,-0,0.147639807219594,0,-0,0.129243298547902,-0,-0
73.925,0.201071318905772,-0,-0,0.273801081922982,0,-0,0.160956248729578,0,-0,0.0968456758763208,-0,-0
73.93,0.211225106611243,-0,-0,0.271354249394656,0,-0,0.174613986838751,0,-0,0.0649978900184484,-0,-0
73.935,0.221201305082343,-0,-0,0.267293335084651,0,-0,0.188544182688198,0,-0,0.0339899978566824,-0,-0
73.94,0.266098474639612,-0,0,0.245393489037989,0,-0,0.206095550336932,0,-0,0.00393749774794249,-0,-0
73.945,0.311558729592142,-0,0,0.223410048619786,0,-0,0.224160129290679,0,-0,-0.0216550857838006,-0,-0
73.95,0.356877875854279,-0,0,0.201500317138387,0,-0,0.242622225496332,0,-0,-0.0428196709309425,-0,-0
73.955,0.40136606034518,-0,0,0.179815243932368,-0,-0,0.261359169895594,0,-0,-0.0596524170172309,-0,-0
73.96,0.424418885561294,-0,0,0.16531727328305,-0,-0,0.282818976100965,0,-0,-0.0710792150250449,-0,0
73.965,0.442302786488925,-0,0,0.151199744559072,-0,-0,0.304965119132457,0,-0,-0.0777579623097786,-0,0
73.97,0.457886513958728,-0,0,0.136381110017693,-0,-0,0.327250602521181,0,-0,-0.0801514848267032,-0,0
73.975,0.470980928344514,-0,0,0.120958734240426,-0,0,0.349499293633866,0,-0,-0.0786114993483688,-0,0
73.98,0.475694699772344,-0,0,0.103968910386527,-0,0,0.36893656500004,0,-0,-0.0703029699763265,-0,0
73.985,0.467117588312557,-0,0,0.0852006927888075,-0,0,0.382686283912846,0,-0,-0.0516491831428727,-0,0
73.99,0.456605408690475,0,0,0.0672485822199065,-0,0,0.395421617256584,0,-0,-0.0289022018987326,-0,0
73.995,0.444353089036141,0,-0,0.0503272672531103,-0,0,0.407033592998355,0,-0,-0.00273624185776676,-0,0
74,0.422407374574542,0,-0,0.0304878366407854,-0,0,0.414953204143116,0,-0,0.0447619409820771,-0,0
74.005,0.394508204302141,0,-0,0.0134744737415177,-0,0,0.41983476337206,0,-0,0.108381031795996,-0,0
74.01,0.366521547404187,0,-0,0.0031885724530586,-0,0,0.423241887206025,0,-0,0.175230238097339,-0,0
74.015,0.338749790185395,0,-0,-0.000291745201674528,-0,0,0.425159629367861,0,-0,0.244195932112843,-0,0
74.02,0.316697840560201,0,-0,0.000416180998271655,-0,0,0.422768304125269,-0,-0,0.276392551680831,-0,0
74.025,0.295520781226948,0,-0,0.00334393052848183,-0,0,0.418566014258561,-0,-0,0.303395463821241,-0,0
74.03,0.274774117269353,0,-0,0.00862931341277088,-0,0,0.412953362828268,-0,-0,0.329359984143215,0,0
74.035,0.254714020840364,0,-0,0.0159608160282676,-0,0,0.404765803474396,-0,-0,0.351893671088018,0,0
74.04,0.236032655163838,0,-0,0.0220382070685894,-0,0,0.385207681371005,-0,-0,0.355319400621697,0,0
74.045,0.218134677364783,0,-0,0.0291324775279216,-0,0,0.364776079125584,-0,-0,0.357297231496272,0,0
74.05,0.201098969389854,0,-0,0.0372580507206051,-0,0,0.343679008939968,-0,-0,0.357871209914843,0,0
74.055,0.186044377317011,0,-0,0.0459533651449918,-0,0,0.322965738871899,-0,-0,0.354020348199217,0,0
74.06,0.175057035020763,0,-0,0.0539401756382055,-0,0,0.304611729779743,-0,-0,0.339257926697741,0,0
74.065,0.164548407331205,0,-0,0.0624634020921324,-0,0,0.286058953176945,-0,-0,0.323704095365555,0,0
74.07,0.154520703184062,0,-0,0.0714620799679145,-0,0,0.267472502485757,-0,-0,0.307516660163149,0,0
74.075,0.145540174493203,0,-0,0.080009786651557,-0,0,0.25005535179856,-0,0,0.288774126831814,0,0
74.08,0.137908814376002,0,-0,0.0871258040345259,-0,0,0.234673865450792,-0,0,0.266187497560779,0,0
74.085,0.130491591106825,0,-0,0.0941250546088536,-0,0,0.219532592996251,-0,0,0.243735522334405,0,0
74.09,0.123246148158945,0,-0,0.100903828121676,-0,0,0.204739532337062,-0,0,0.22158681145979,0,0
74.095,0.115617954609582,0,-0,0.106791815135133,-0,0,0.189882838715327,-0,0,0.198444948523177,0,0
74.1,0.107158649252005,0,-0,0.110978423495847,0,0,0.174567176745593,0,0,0.173137661279862,0,0
74.105,0.0989273267532929,0,-0,0.11446724616536,0,0,0.15992141771813,0,0,0.148914563807588,0,0
74.11,0.0908734116067474,0,-0,0.117174419016096,0,0,0.145989025911315,0,0,0.12591505959499,0,0
74.115,0.0820157633114034,0,-0,0.119317921654363,0,0,0.133501554600182,0,0,0.105084002738616,0,0
74.12,0.0727952980880368,0,-0,0.120802827279543,0,0,0.122230438622953,0,0,0.086197316017622,0,0
74.125,0.063946351700793,0,-0,0.121400925920764,0,0,0.111633958498751,0,0,0.0686897560423515,0,0
74.13,0.055456012597099,-0,-0,0.121120479826947,0,0,0.101699107914842,0,0,0.052625199336644,0,0
74.135,0.0462141822961549,-0,-0,0.119647121746217,0,0,0.0929129667765006,0,0,0.0398252366207691,0,0
74.14,0.0372299802385172,-0,-0,0.117240357031636,0,0,0.0849269201131295,0,0,0.029044267241775,0,-0
74.145,0.0290808523645379,-0,-0,0.114167330323757,0,0,0.0774656902812361,0,0,0.0194512608156297,-0,-0
74.15,0.021819991766138,-0,-0,0.11047022587779,0,0,0.0704712726487323,0,0,0.0112730744111807,-0,-0
74.155,0.0157555138369704,-0,-0,0.105204977193038,0,0,0.0637697086276848,0,0,0.00673947311907942,-0,-0
74.16,0.0103434779391573,-0,-0,0.0997550261278767,0,0,0.0574341345970582,0,0,0.00288831662127151,-0,-0
74.165,0.00560292641977384,-0,-0,0.0943038170565774,0,0,0.0513988775018283,0,0,-0.000289209770634998,-0,-0
74.17,0.00158334137461416,-0,-0,0.0909422100244714,0,0,0.0474121442831733,0,0,-0.00197629433581996,-0,-0
74.175,-0.00199277790348748,-0,-0,0.091586237095254,0,0,0.0472713122826048,0,0,-0.00175811527796375,-0,-0
74.18,-0.00532273145550262,-0,-0,0.092242394631326,0,0,0.047273239802826,0,0,-0.0015248551963815,-0,-0
74.185,-0.00836365276520374,-0,0,0.0928319758486162,0,0,0.0474021899202282,0,0,-0.00127888295867653,-0,-0
74.19,-0.0108007424256941,-0,0,0.0917311415664573,0,0,0.0460986174037848,0,0,-0.00149739209791057,-0,-0
74.195,-0.0122527350204873,-0,0,0.0882984839911169,0,0,0.0425105901119685,0,0,-0.00196746505854622,-0,0
74.2,-0.0130699291824248,-0,0,0.0847010709383194,0,0,0.0388864945453836,0,0,-0.0017650065503142,-0,0
74.205,-0.013304140465197,-0,0,0.0807249845680527,0,0,0.0351887878906225,0,0,-0.000860841331779893,-0,0
74.21,-0.0130321276744908,-0,0,0.0761016297864711,0,0,0.031351661192666,0,0,0.00078244863824366,-0,0
74.215,-0.0127489831878821,-0,0,0.0696686279385833,0,0,0.0261770316775868,-0,0,0.00287528340042482,-0,0
74.22,-0.0121273997399577,-0,0,0.0624472248425971,0,0,0.0208388130941531,-0,0,0.00531876963438885,-0,0
74.225,-0.011229675979012,-0,0,0.0543035527448218,0,0,0.0153471444324726,-0,0,0.00814666705185667,-0,0
74.23,-0.0101220663451105,-0,0,0.045175699120837,0,0,0.0097285631647324,-0,0,0.0113952008033418,-0,0
74.235,-0.00895663598628088,0,0,0.0364188199248275,0,0,0.00558851707012798,-0,0,0.0152375170750853,-0,0
74.24,-0.0077416575237773,0,0,0.026346275140362,0,0,0.00209633541481118,-0,0,0.0197060165490671,-0,0
74.245,-0.0064988195019687,0,0,0.0144546117246542,0,0,-0.00134658028065827,-0,0,0.0248008492888173,-0,-0
74.25,-0.00526566469761694,0,0,0.00110243611619274,0,-0,-0.0045981026813274,-0,0,0.0305485849676298,-0,-0
74.255,-0.0039240864821754,0,0,-0.013521398069895,0,-0,-0.00662896013396424,-0,0,0.0367376020008474,-0,-0
74.26,-0.00274521372950679,0,0,-0.0291280907798714,0,-0,-0.00844801996239096,-0,0,0.0435895527757578,-0,-0
74.265,-0.00176135343788585,0,0,-0.0450874163027634,0,-0,-0.0100009508937085,-0,0,0.0511261447045911,-0,-0
74.27,-0.000975322323160649,0,0,-0.0595918743475315,0,-0,-0.011090447756021,-0,0,0.0592229636282789,0,-0
74.275,-0.00031154393618633,0,0,-0.0603562736997016,0,-0,-0.0106221532199688,-0,0,0.0666254574995869,0,-0
74.28,7.44453520298416e-05,0,0,-0.0551472898696042,0,-0,-0.00992547716397778,-0,0,0.0743924908834499,0,-0
74.285,0.000214472975969929,0,0,-0.0442013445371108,0,-0,-0.00901554834924396,-0,-0,0.0824947753235617,0,-0
74.29,0.000168381586292074,0,0,-0.0255656679462284,0,-0,-0.00793349879239951,-0,-0,0.0910671130889255,0,-0
74.295,-5.00526702345021e-05,0,0,0.0138429076684895,0,-0,-0.00677627527854581,-0,-0,0.101062891203571,0,-0
74.3,-0.000461622663100424,0,0,0.0591321240975038,0,-0,-0.00548089238087081,-0,-0,0.111536491673364,0,-0
74.305,-0.000890284444239827,0,0,0.108573962845288,0,-0,-0.00409206055130137,-0,-0,0.12247356894261,0,-0
74.31,-0.00113543088067958,0,0,0.156678071206478,0,-0,-0.00265790235717065,-0,-0,0.134030396034461,0,-0
74.315,-0.000972887277525699,0,0,0.181949990551599,0,-0,-0.0012239485586643,-0,-0,0.147178822190207,0,-0
74.32,-0.000237390661117579,0,0,0.205731773955619,0,-0,0.0001887829832498,-0,-0,0.160953621455948,0,-0
74.325,0.00126295070690011,0,0,0.227066348950853,0,-0,0.00155615471477188,-0,-0,0.175355688086999,0,-0
74.33,0.00368706382524391,0,0,0.241898096528268,-0,-0,0.00290338138901174,-0,-0,0.190951442313809,0,-0
74.335,0.00691695142984578,0,0,0.236415272037109,-0,-0,0.0045135862130265,-0,-0,0.210445689470418,0,-0
74.34,0.0110850960465619,0,0,0.228009723369732,-0,-0,0.00633298935864237,-0,-0,0.23090910357184,0,-0
74.345,0.0162526038273132,0,0,0.21670787604171,-0,-0,0.00841959847494674,-0,-0,0.252276869093475,0,-0
74.35,0.0225807350975737,0,0,0.207314450513982,-0,-0,0.0109066814350788,-0,-0,0.276781804853206,0,-0
74.355,0.0306487284555487,0,0,0.212066368586533,-0,-0,0.0141301085862296,-0,-0,0.312037102851661,0,-0
74.36,0.0401735076891648,0,0,0.209813743768955,-0,-0,0.0179748977540846,-0,-0,0.34848897803618,0,-0
74.365,0.0512044627204534,0,0,0.20051397464161,-0,-0,0.0225291952015499,-0,-0,0.385763138127372,0,-0
74.37,0.0635043109310294,0,-0,0.18282699967525,-0,-0,0.0294107875309413,-0,0,0.418900168208096,0,-0
74.375,0.0764671201381846,0,-0,0.15601950192516,-0,-0,0.0417610525051769,-0,0,0.43998895622647,0,-0
74.38,0.0906484989830352,0,-0,0.125268058302475,-0,-0,0.0559527144739252,-0,0,0.460109047584278,0,-0
74.385,0.106008502259225,0,-0,0.0912460462527958,-0,0,0.0718927141409187,-0,0,0.478895986947783,0,-0
74.39,0.122331895562175,0,-0,0.0534786363787119,-0,0,0.0925970620781971,-0,0,0.492975514414206,0,-0
74.395,0.139286716182119,0,-0,0.0148687323356511,-0,0,0.122368471173435,-0,0,0.498411656441053,0,-0
74.4,0.157111315220327,0,-0,-0.019486467269817,-0,0,0.154178879466237,-0,0,0.501537817656419,0,-0
74.405,0.175714538915713,0,-0,-0.0492121964093957,-0,0,0.187541949066049,-0,0,0.5021038106708,0,0
74.41,0.196877245868438,0,-0,-0.0746182363114193,-0,0,0.222040713968979,-0,0,0.496444704057376,0,0
74.415,0.221390569059104,0,-0,-0.0963594238202001,-0,0,0.257150569936278,-0,0,0.483794703091826,0,0
74.42,0.246896988451572,0,-0,-0.113918013739053,-0,0,0.292136839560405,-0,0,0.468535947660878,0,0
74.425,0.273223204154466,0,-0,-0.127320882564209,-0,0,0.326422345849582,-0,0,0.450680393682664,0,0
74.43,0.299621996497455,0,-0,-0.13432127064096,-0,0,0.358875086873927,-0,0,0.426633278308694,-0,0
74.435,0.323784265601369,0,-0,-0.125175800453181,-0,0,0.386975734914382,-0,0,0.384963349340832,-0,0
74.44,0.347914160485349,0,-0,-0.110079377042858,-0,0,0.412883336729896,-0,0,0.343381125283159,-0,0
74.445,0.371826426083085,0,-0,-0.0898660962788816,-0,0,0.43625887757039,-0,0,0.30233488984745,-0,0
74.45,0.395331990974998,0,-0,-0.0653970385646257,-0,0,0.456836422037345,-0,0,0.262284413480783,-0,0
74.455,0.42145824682738,0,-0,-0.0318003613132434,-0,0,0.460437702220813,-0,0,0.228768828023203,-0,0
74.46,0.44755977098857,0,-0,0.00583619917043937,-0,0,0.459009634141767,-0,-0,0.196994973360916,-0,0
74.465,0.47283205327233,0,-0,0.045530760927203,-0,0,0.455355121736918,-0,-0,0.166298882436959,-0,0
74.47,0.49706609841782,0,-0,0.0864004514957826,-0,0,0.449657311651295,0,-0,0.137043588941928,-0,0
74.475,0.503489239421284,0,-0,0.160221034913104,0,0,0.426178817597211,0,-0,0.0941551285961039,-0,0
74.48,0.508165023724433,0,-0,0.234091699708756,0,0,0.402139445833315,0,-0,0.0588071951471969,-0,0
74.485,0.511139959414674,0,-0,0.306720299738445,0,0,0.377924226496976,0,-0,0.0313450283268585,-0,0
74.49,0.511785667561481,0,-0,0.373252376836152,0,0,0.353351703451898,0,-0,0.0124900986808351,-0,0
74.495,0.503375146102945,0,-0,0.391645279543838,0,0,0.323786383032018,0,-0,0.0053748046933394,-0,0
74.5,0.493359901038163,0,-0,0.407528251401261,0,0,0.295312170793368,0,-0,0.00116045236825629,-0,0
74.505,0.481842304233,0,-0,0.420775123776359,0,0,0.268108005462532,0,-0,-0.000106531404362402,-0,0
74.51,0.465515442035451,-0,-0,0.42303015173822,0,0,0.24249874644061,0,-0,0.00144885255126852,-0,0
74.515,0.441789843521173,-0,-0,0.408063228725701,0,0,0.218702832461211,0,-0,0.00531541790233167,-0,0
74.52,0.417248009616629,-0,-0,0.391644422897203,0,0,0.196382423286667,0,-0,0.0115182606921102,-0,0
74.525,0.392103033399798,-0,0,0.373945351320466,0,0,0.175544886607245,0,-0,0.0199968819583822,-0,0
74.53,0.367452182109445,-0,0,0.34336124286255,0,0,0.159798780877947,0,-0,0.0277011331399083,-0,0
74.535,0.343343562528845,-0,0,0.302817720818481,0,0,0.148250204301929,0,-0,0.0333397820491214,-0,0
74.54,0.31916404417222,-0,0,0.263541756172341,0,0,0.137502144532658,0,-0,0.0390254527045705,-0,0
74.545,0.295104850377144,-0,0,0.225869052596761,0,0,0.12751585972617,0,-0,0.0447005842777257,-0,0
74.55,0.27454778143935,-0,0,0.185860905124522,0,0,0.122350929714539,0,-0,0.0510494512765285,-0,0
74.555,0.254735178101816,-0,0,0.147961371640216,0,0,0.118151537190514,0,-0,0.0575590938825709,-0,0
74.56,0.23526056756718,-0,0,0.113229201128075,0,0,0.114162839551295,0,-0,0.0640680809886408,-0,0
74.565,0.216414756944886,-0,0,0.0832612644628597,0,0,0.110400018945766,0,-0,0.0703479759756262,-0,0
74.57,0.198579347459511,-0,0,0.0602124332853991,0,0,0.106918808433929,0,-0,0.0759465505423623,-0,-0
74.575,0.181398207392959,-0,0,0.0401216638285327,-0,-0,0.103448817246618,0,-0,0.0813526428968335,-0,-0
74.58,0.164970149023195,-0,0,0.023119689581107,-0,-0,0.0999253125837367,0,-0,0.0865691417310972,-0,-0
74.585,0.149822774025611,-0,0,0.0108818283414494,-0,-0,0.0954554736804112,0,-0,0.0905569902815079,-0,-0
74.59,0.136289755674165,-0,0,0.00384105935069776,-0,-0,0.0894795615530345,0,-0,0.0922819231958526,-0,-0
74.595,0.123587612199573,0,0,-0.00129508890300889,-0,-0,0.0835321064063024,0,-0,0.0936197170634611,-0,-0
74.6,0.111765338978322,0,0,-0.00455450977399287,-0,-0,0.0775769455412271,0,-0,0.0946501393087154,-0,-0
74.605,0.101834952302434,0,0,-0.00522337782498802,-0,-0,0.0712738796466121,-0,-0,0.0963388313605208,-0,-0
74.61,0.0933809415352977,0,0,-0.00431125890870335,-0,-0,0.0647651647486751,-0,-0,0.0986120450126464,0,-0
74.615,0.0856852017081839,0,0,-0.00263024344058127,-0,-0,0.0582942560286965,-0,-0,0.100940553902981,0,-0
74.62,0.0787642960000448,0,0,-0.000257579131156657,-0,-0,0.0518727324215164,-0,-0,0.103389409909663,0,-0
74.625,0.0706161602036332,0,0,0.00257749898296577,-0,-0,0.0452517761102548,-0,0,0.106559907324081,0,-0
74.63,0.0628815762231975,0,0,0.00554572389879459,-0,-0,0.0387321915161398,-0,0,0.110090564821109,0,-0
74.635,0.0560685715472199,0,0,0.00859086144423354,-0,-0,0.0324371281517655,-0,0,0.113803966114107,0,0
74.64,0.0497229336642388,0,0,0.0116315187112684,-0,-0,0.0263600842215867,-0,0,0.116100757997233,0,0
74.645,0.0423108277279873,0,0,0.0144320589144645,-0,-0,0.020410126367834,-0,0,0.110444504088437,0,0
74.65,0.0355228911517157,0,0,0.0171070856388515,-0,-0,0.0149287871941537,-0,0,0.1048544703783,0,0
74.655,0.0291627211380608,0,0,0.0196438518479575,-0,-0,0.00995225766141443,-0,0,0.0993313033734684,0,0
74.66,0.0252415899802667,0,0,0.0222536191420133,-0,-0,0.00557932065643239,-0,0,0.0968367587916657,0,0
74.665,0.0252490294399551,0,0,0.025159707354439,-0,-0,0.00170596965286759,-0,0,0.0990964235989292,0,0
74.67,0.0254277026407685,0,0,0.0280329280580664,-0,-0,-0.00183167743115281,-0,0,0.100678340028048,0,0
74.675,0.0257511124562771,0,0,0.0308903064166417,-0,-0,-0.00500160386060521,-0,0,0.101351681716757,0,0
74.68,0.026192191851107,0,0,0.0337624097387471,-0,-0,-0.00777854571973933,-0,0,0.100895969517634,0,0
74.685,0.0232845199402819,0,0,0.0357216126565699,-0,-0,-0.0102539971940749,-0,0,0.100863709507114,0,0
74.69,0.0188068920429978,0,0,0.0373067139751196,-0,-0,-0.0124082541822044,-0,-0,0.099707801769826,0,0
74.695,0.0140182005500994,0,0,0.0389387034244304,-0,-0,-0.0141940354021566,-0,-0,0.0965484549585159,0,0
74.7,0.00891626798506312,-0,0,0.0406789265595298,-0,-0,-0.015604388517611,-0,-0,0.0913072223469385,0,0
74.705,0.00353051743768074,-0,0,0.0425875508547055,-0,-0,-0.0166408089429219,-0,-0,0.0839894038317369,0,0
74.71,-0.00213738941675703,-0,0,0.0458832466526791,-0,-0,-0.0171245521701925,-0,-0,0.0729183669737271,0,0
74.715,-0.00800803280066422,-0,0,0.0510269339819465,-0,-0,-0.0170263703790007,0,-0,0.058999103409736,0,0
74.72,-0.0138905757520079,-0,0,0.0568523562449108,-0,-0,-0.0166010903478479,0,-0,0.0449647715256111,0,0
74.725,-0.0196370317030628,-0,0,0.0634710879807725,-0,-0,-0.0158994083969652,0,0,0.031190498066474,0,0
74.73,-0.0205879199202724,-0,0,0.0715753355429361,-0,-0,-0.013756534653003,0,0,0.0182325613354545,0,0
74.735,-0.0174697302997343,-0,0,0.0813068317935798,-0,0,-0.0105495705755636,0,0,0.00624077531256393,0,-0
74.74,-0.0141402860892971,-0,0,0.0923436863766967,0,0,-0.0074561515218984,0,0,-0.00454104770141447,0,-0
74.745,-0.0107065377114134,-0,0,0.1048062838203,0,0,-0.00459048414423462,0,0,-0.0136949836408191,0,-0
74.75,-0.00785781394173645,-0,0,0.11763081243141,0,0,-0.00169555157860257,0,0,-0.0151751474473546,0,-0
74.755,-0.00529690365325992,-0,-0,0.131412316355175,0,0,0.000874898559373973,0,0,-0.00726044814685919,0,-0
74.76,-0.00293551542255056,-0,-0,0.14659090593495,0,0,0.00294497580022811,0,0,0.00834055716982956,0,-0
74.765,-0.000911894635875495,-0,-0,0.163186361510788,0,0,0.0045141350801795,0,0,0.0309735912946528,0,-0
74.77,-0.000332387899143582,-0,-0,0.180394338576197,0,0,0.00524884787838558,0,0,0.0747946224023244,0,-0
74.775,4.42871271816824e-05,-0,-0,0.198836808921174,0,-0,0.00567524944875955,0,0,0.127629147112235,0,-0
74.78,0.000227228524181929,-0,-0,0.218497692590384,0,-0,0.00590190010345714,0,0,0.186959472169919,0,-0
74.785,9.19131576161605e-05,-0,-0,0.235587999092132,0,-0,0.00598505966010612,0,0,0.228900803319604,0,-0
74.79,2.57103613214808e-05,-0,-0,0.245961148814279,0,-0,0.00603347036119709,0,0,0.229392933495031,0,-0
74.795,0.000522528273157198,-0,-0,0.255895804979149,0,-0,0.00630272627575642,0,0,0.226383650524635,0,-0
74.8,0.00169601590797054,-0,-0,0.265300229652401,0,-0,0.00693680706119216,0,0,0.220144941237772,0,-0
74.805,0.00338398957983944,-0,-0,0.271519572012364,0,-0,0.00803532216140642,0,0,0.225235921067312,0,-0
74.81,0.00552959920788407,-0,-0,0.274848705673064,0,-0,0.00974804134791611,0,0,0.23778460736247,0,-0
74.815,0.00839802364049002,-0,-0,0.277057093300819,0,-0,0.0122473831668127,0,0,0.246958477791883,0,-0
74.82,0.0121147894780325,-0,-0,0.27814649844573,0,-0,0.01566759568784,0,0,0.252394016803987,-0,-0
74.825,0.0203637687027241,-0,-0,0.271847482150571,0,-0,0.0203210012976875,0,0,0.265559410419203,-0,-0
74.83,0.031968602135232,-0,-0,0.262157155137899,0,-0,0.0262918856997416,0,0,0.276737783521405,-0,-0
74.835,0.0460503233408104,-0,-0,0.251052571405966,0,-0,0.0336703091576046,0,0,0.281846009681939,-0,-0
74.84,0.0634246386799219,-0,-0,0.240908227104363,0,-0,0.0424382581508462,0,0,0.278759789364956,-0,-0
74.845,0.0888145037023576,-0,-0,0.243170375113496,0,-0,0.0518018648931481,0,0,0.259289284318006,-0,-0
74.85,0.117446326094009,-0,-0,0.24469813613471,0,-0,0.0624829543291901,0,0,0.236334976040687,-0,-0
74.855,0.148981606595637,-0,-0,0.245387627178849,0,-0,0.0744926108412443,0,0,0.210386564804487,-0,-0
74.86,0.18406691182168,-0,-0,0.247939330098568,0,-0,0.0878324526052558,0,-0,0.17766418012899,-0,-0
74.865,0.222769009474093,-0,-0,0.253135682342683,0,-0,0.102482504132499,0,-0,0.139794671090766,-0,-0
74.87,0.263101251525833,-0,-0,0.256916358379046,0,-0,0.118382185202135,0,-0,0.104252492351977,-0,-0
74.875,0.304405585040669,-0,-0,0.259055714784807,0,-0,0.135461506095074,0,-0,0.0715443894108861,-0,-0
74.88,0.344442814030269,-0,-0,0.250519681991183,0,-0,0.157270918459874,0,-0,0.0408177478450828,-0,0
74.885,0.383106593221939,-0,0,0.235760451017906,0,-0,0.182990208653127,0,-0,0.0148082380226433,-0,0
74.89,0.420609091784233,-0,0,0.219979879324941,0,-0,0.210631270618378,0,-0,-0.0053010807037106,-0,0
74.895,0.456363848399191,-0,0,0.203303807157113,0,-0,0.240025460955775,0,-0,-0.0196029636683121,-0,0
74.9,0.47084322843799,-0,0,0.178096882567357,0,-0,0.269533550247069,0,-0,-0.026502253713264,-0,0
74.905,0.476739363053238,-0,0,0.151116789347033,-0,-0,0.299703343010448,0,-0,-0.025942336191896,-0,0
74.91,0.479777998354528,-0,0,0.12523109485308,-0,-0,0.330691445900603,0,-0,-0.0188568318227678,-0,0
74.915,0.478398960233527,-0,0,0.100926920751555,-0,-0,0.361022532040417,0,-0,-0.00583011135131496,-0,0
74.92,0.458510387397493,-0,0,0.0795668711112557,-0,0,0.378963473296187,0,-0,0.0135017250266203,-0,0
74.925,0.436703074448166,-0,0,0.0600688881347282,-0,0,0.395759600905557,0,-0,0.0374667655941336,-0,0
74.93,0.413396634413544,-0,-0,0.0427354116091922,-0,0,0.411280719440122,0,-0,0.0652527535933135,-0,0
74.935,0.395368299606767,-0,-0,0.0320544407153768,-0,0,0.425126123677234,0,-0,0.0848328861487609,-0,0
74.94,0.383774847715641,0,-0,0.0268222808170972,-0,0,0.437122292432566,0,-0,0.0910956466999678,-0,0
74.945,0.371091882332071,0,-0,0.0212987176783796,-0,0,0.447545571309119,0,-0,0.0966146223747316,-0,0
74.95,0.357608893572542,0,-0,0.0156572240192993,-0,0,0.456354041429188,0,-0,0.101384879027189,-0,0
74.955,0.340547735179532,0,-0,0.00952584079919421,-0,0,0.463057608310623,0,-0,0.10942711244942,-0,0
74.96,0.312803179133984,0,-0,0.00323218696987627,-0,0,0.466398197422494,0,-0,0.131735792325586,-0,0
74.965,0.286089213301777,0,-0,-0.000181834146065067,-0,0,0.468075506433198,0,-0,0.153844289363695,-0,0
74.97,0.260601155617962,0,-0,-0.000681003615724253,-0,0,0.468135041581607,0,-0,0.175463822914359,-0,0
74.975,0.239519402605976,0,-0,0.0017092375228441,-0,0,0.467307622377221,0,-0,0.200156076680993,0,0
74.98,0.225879959334322,0,-0,0.00687943160040176,-0,0,0.466428735794865,0,-0,0.232073758192934,0,0
74.985,0.212911573416429,0,-0,0.0148065368840176,-0,0,0.464101935987896,0,-0,0.262636728247831,0,0
74.99,0.200652979799064,0,-0,0.0254181744406531,-0,0,0.46039079795047,0,-0,0.291520304429589,0,0
74.995,0.191952965372799,0,-0,0.0351768526297684,-0,0,0.447717554259508,0,-0,0.293839480383556,0,0
75,0.18491357247623,0,-0,0.0446059916209862,-0,0,0.430651952983498,0,-0,0.283985599392508,0,0
75.005,0.178196323437681,0,-0,0.0549557156100707,-0,0,0.412841893010929,-0,-0,0.273295398529132,0,0
75.01,0.171781763757805,0,-0,0.0661535271920446,-0,0,0.394390976842097,-0,0,0.261784739134301,0,0
75.015,0.164932071022465,0,-0,0.0779972129279479,-0,0,0.365983231639207,-0,0,0.234302890324141,0,0
75.02,0.158399330714488,0,-0,0.0904886313658336,-0,0,0.337791850336476,-0,0,0.207342975375658,0,0
75.025,0.152138833426905,0,-0,0.103520330485155,-0,0,0.310015894629068,-0,0,0.181128032993325,0,0
75.03,0.145198942652415,0,-0,0.115167251189539,-0,0,0.283974900351312,0,0,0.156317204278153,0,0
75.035,0.136520383269447,0,-0,0.122389242215721,-0,0,0.261195190910109,0,0,0.133616901846707,0,0
75.04,0.128249244023672,0,-0,0.129002102579037,-0,0,0.239070688546719,0,0,0.112078520817892,0,0
75.045,0.120326130029141,0,-0,0.134890814142285,-0,0,0.217719150366993,0,0,0.0918516418103788,0,0
75.05,0.112439604670048,0,-0,0.136840860347009,-0,0,0.198181320781234,0,0,0.0754884297141883,0,0
75.055,0.104649372870799,0,-0,0.135146932623868,-0,0,0.180202153281331,0,0,0.0620485346942682,0,0
75.06,0.0971212948071465,0,-0,0.131949215997359,0,-0,0.163115858204115,0,0,0.0496922089426,0,0
75.065,0.0898279236930035,0,-0,0.127221386655513,0,-0,0.146969284529398,0,0,0.0384864986334427,0,0
75.07,0.0816069266684853,0,-0,0.122138199099253,0,-0,0.136577157914315,0,0,0.0292976947607537,-0,-0
75.075,0.073702246136251,0,-0,0.11570702756224,0,-0,0.126961066688448,0,0,0.0212193800356411,-0,-0
75.08,0.0661543842373962,0,-0,0.107985061867755,0,-0,0.117964918839045,0,0,0.0142394258599828,-0,-0
75.085,0.0588668269342083,0,-0,0.0990784004772668,0,-0,0.109977236975513,0,0,0.00836875938534267,-0,-0
75.09,0.051674675648053,0,-0,0.0890896722034981,0,-0,0.103736791677259,0,0,0.00360609741386644,-0,-0
75.095,0.0449290399230378,0,-0,0.078420014461056,0,-0,0.0980288517902944,0,0,-8.78207077164135e-05,-0,-0
75.1,0.0386431014020251,-0,-0,0.0673700342115885,0,-0,0.0928527264613508,0,0,-0.00274674732897441,-0,-0
75.105,0.0335018852820969,-0,-0,0.0596006506987657,0,-0,0.0889777890492502,0,0,-0.00366882879272161,-0,-0
75.11,0.0297878755425786,-0,-0,0.0581423501406154,0,-0,0.0869622040341289,0,0,-0.00292167176080486,-0,-0
75.115,0.0261626364281587,-0,-0,0.0571149129977686,0,0,0.0853574365205722,0,0,-0.00217499952543476,-0,-0
75.12,0.0226473883117123,-0,-0,0.0566558501919692,0,0,0.0841621536804213,0,0,-0.00142939441685588,-0,-0
75.125,0.0186389466212824,-0,-0,0.0528996023531542,0,0,0.0803518471350115,0,0,-0.00088679521591842,-0,-0
75.13,0.0147008903688903,-0,-0,0.0479319411755167,-0,0,0.075286554896148,0,0,0.00010349463160067,-0,-0
75.135,0.0112289380727602,-0,-0,0.0440156111725311,-0,0,0.0705371201795407,0,0,0.00174077352847674,-0,-0
75.14,0.00821334795959366,-0,-0,0.041116811919349,-0,0,0.0660099940424961,0,0,0.00399962501469525,-0,-0
75.145,0.00578015915473241,-0,-0,0.0411459709837547,-0,0,0.0608797567437044,0,0,0.00628495632522858,-0,-0
75.15,0.00370874385810753,-0,0,0.0423010925092378,-0,0,0.0555021747093021,0,0,0.00854631810567376,-0,-0
75.155,0.00192181842484158,-0,0,0.0434928842641704,-0,0,0.0500474940012256,0,0,0.010952188783122,-0,-0
75.16,0.000407969194748742,-0,0,0.044366308027484,-0,0,0.0444404888152531,0,0,0.0135338828623401,-0,-0
75.165,-0.000846932162466145,-0,0,0.0445561910491491,-0,0,0.0386220596972394,0,0,0.0163289006873665,-0,-0
75.17,-0.0018593962486737,-0,0,0.0437183652811551,-0,0,0.0325548623837103,-0,0,0.0193800695702036,-0,-0
75.175,-0.00262598676909025,-0,0,0.0411491012201466,-0,0,0.0265068020508924,-0,0,0.022630156216992,-0,-0
75.18,-0.00317344626750871,0,0,0.0371487922301658,-0,0,0.020248161949497,-0,0,0.0261922964872936,-0,-0
75.185,-0.00352837932743187,0,0,0.0316661283851564,-0,0,0.0137834063627863,-0,0,0.0301239088630343,-0,-0
75.19,-0.00371646858453575,0,0,0.0247131550856592,-0,0,0.00717545482064293,-0,0,0.0344706072503205,-0,-0
75.195,-0.00376354584272315,0,0,0.0164252746328651,-0,0,0.000511787777150516,-0,0,0.0392746671284402,-0,0
75.2,-0.00371652648120243,0,0,0.00750457852801065,-0,0,-0.00440006061417693,-0,0,0.0449682821596589,-0,0
75.205,-0.00360684599683499,0,0,-0.00361270493307324,-0,0,-0.00710622544769361,-0,0,0.0518126833319644,-0,0
75.21,-0.00343098993126502,0,0,-0.01767862393388,-0,0,-0.00958116182499818,-0,0,0.0594308645750157,-0,0
75.215,-0.00320856284639183,0,0,-0.0340213799203736,0,0,-0.011751258010235,-0,0,0.0678644582290698,0,0
75.22,-0.00295742503824385,0,0,-0.0518985310829117,0,-0,-0.0135458380327019,-0,0,0.07714610015595,0,0
75.225,-0.00255894351988458,0,0,-0.0642906485733493,0,-0,-0.0133147788900836,-0,0,0.086715788289817,0,0
75.23,-0.00208669661981162,0,0,-0.0697130017947272,0,-0,-0.0118586938943427,-0,-0,0.0966597913364732,0,0
75.235,-0.00163504779583729,0,0,-0.0709743853790768,0,-0,-0.0102252474049261,-0,-0,0.107280265054711,0,0
75.24,-0.00120937177792662,0,0,-0.0680480229083597,0,-0,-0.00847507847412736,-0,-0,0.11855304742676,0,0
75.245,-0.000808623997515783,0,0,-0.0610677939363969,0,-0,-0.00668256720264786,-0,-0,0.13044729761211,0,0
75.25,-0.000442306989006722,0,0,-0.0413619114556038,0,-0,-0.00460260714238318,-0,-0,0.147048954188501,0,0
75.255,-8.62791812077325e-05,0,0,-0.0136042011417661,0,-0,-0.00268017456843626,-0,-0,0.166658653869236,0,0
75.26,0.000286229324266595,0,0,0.0177925423104271,0,-0,-0.00119022990660512,-0,-0,0.187745425842699,0,-0
75.265,0.000701099397764941,0,0,0.0516639226014078,0,-0,-0.000244605443190307,-0,-0,0.210282702524633,0,-0
75.27,0.00136128557403755,0,0,0.0903449062604673,0,-0,5.56509381961997e-05,-0,-0,0.234855280496152,0,-0
75.275,0.00269446852396549,0,0,0.13894116875739,0,-0,-0.000318517766633676,-0,-0,0.262695951545178,0,-0
75.28,0.00436463217166407,0,0,0.186083338757437,0,-0,-0.00136843584792344,-0,-0,0.292082308768247,0,-0
75.285,0.00648326509329717,0,0,0.230220651163926,0,-0,-0.00310393135202529,-0,-0,0.322885651741284,0,-0
75.29,0.00917117051170621,0,0,0.26995026906525,0,-0,-0.00550052221627837,-0,-0,0.354944039029824,0,-0
75.295,0.0128077140061953,0,0,0.258276337732003,0,-0,-0.0075683100432505,-0,-0,0.37949011547742,0,-0
75.3,0.0173645555397576,0,0,0.241843461348558,0,-0,-0.0096549986042478,-0,-0,0.403716876206693,0,-0
75.305,0.0229795692127999,0,0,0.223496776313731,-0,-0,-0.0116731054704717,-0,-0,0.427869369209784,0,-0
75.31,0.029801605156472,0,0,0.203591925936679,-0,-0,-0.0134810573194331,-0,-0,0.451724738311382,0,-0
75.315,0.0383523040813918,0,0,0.195874101295678,-0,-0,-0.0134964780670732,-0,-0,0.463703769233584,0,-0
75.32,0.0488248893686314,0,0,0.19435561748354,-0,-0,-0.0114424911087337,-0,-0,0.465522301777952,0,-0
75.325,0.061111214585197,0,0,0.187934533382391,-0,-0,-0.00819281890850413,-0,0,0.4657008859146,0,-0
75.33,0.0753443832685072,0,-0,0.176827546741762,-0,-0,-0.00367498820711854,-0,0,0.464195874441895,0,-0
75.335,0.0898134769140118,0,-0,0.158220227401913,-0,-0,0.00917966096926059,-0,0,0.46107813423816,0,-0
75.34,0.104404110866275,0,-0,0.134610267827118,-0,-0,0.0302370271105546,-0,0,0.456269232234624,0,-0
75.345,0.120445102497956,0,-0,0.109389896265888,-0,0,0.0539595803581453,-0,0,0.449612883166849,0,-0
75.35,0.137933178709377,0,-0,0.0830112706460324,-0,0,0.0799973330175629,-0,0,0.441055009841911,0,-0
75.355,0.15568447716577,0,-0,0.0540968279139462,-0,0,0.115069178314518,-0,0,0.432661854883732,0,-0
75.36,0.173766585453433,0,-0,0.0260594290289104,-0,0,0.157007275467665,-0,0,0.423589482856205,0,-0
75.365,0.192829839052234,0,-0,0.000972600374559494,-0,0,0.200465104009567,-0,0,0.412327634623586,0,-0
75.37,0.212787704147622,0,-0,-0.0210247678125101,-0,0,0.244704656077356,-0,0,0.398855858205921,0,-0
75.375,0.235412633891937,0,-0,-0.0402805218284807,-0,0,0.285314881966447,-0,0,0.376582335090635,0,-0
75.38,0.260122613181451,0,-0,-0.0571312119340133,-0,0,0.323016419074473,-0,0,0.349132094865839,-0,-0
75.385,0.285750546729315,0,-0,-0.0714663765728811,-0,0,0.359353331681823,-0,0,0.320795646702135,-0,-0
75.39,0.312135572731003,0,-0,-0.0833438011561396,-0,0,0.3937955809528,-0,0,0.29184813239284,-0,-0
75.395,0.33835929489697,0,-0,-0.0861624835759126,-0,0,0.414590479245261,-0,0,0.25449554442277,-0,0
75.4,0.36459686622837,0,-0,-0.0820688608986349,-0,0,0.428488334941989,-0,0,0.215517086348257,-0,0
75.405,0.390927223194163,0,-0,-0.0738113243434052,-0,0,0.439853351640564,-0,0,0.178757214477879,-0,0
75.41,0.417140747157581,0,-0,-0.0618904029374431,-0,0,0.448652926574724,-0,0,0.144616993284238,-0,0
75.415,0.440198466372504,0,-0,-0.0448921479080968,-0,0,0.443500866741985,-0,-0,0.116903029787834,-0,0
75.42,0.461987608432769,0,-0,-0.0246230042513631,-0,0,0.434319580571399,-0,-0,0.0921315383054468,-0,0
75.425,0.48284711197079,0,-0,-0.00195377543415655,-0,0,0.423578571681126,0,-0,0.0698138132677376,-0,0
75.43,0.501793190851382,0,-0,0.0225000196987015,-0,0,0.411002462433231,0,-0,0.0502774106686385,-0,0
75.435,0.511778231553895,0,-0,0.0473424746960452,-0,0,0.392612618165607,0,-0,0.0342978359051687,-0,0
75.44,0.520095962203951,0,-0,0.0730889842372135,-0,0,0.373801203778683,0,-0,0.0208149381859896,-0,0
75.445,0.526691708982346,0,-0,0.0993338512448975,-0,0,0.354827618655013,0,-0,0.00993735515404442,-0,0
75.45,0.531529551118228,0,-0,0.125693159421121,-0,0,0.33592557730275,0,-0,0.00174173840384606,-0,0
75.455,0.532819163676446,0,-0,0.153692475508105,0,0,0.315806366585678,0,-0,-0.00374810161578654,-0,0
75.46,0.529953692139154,0,-0,0.183647333945576,0,0,0.294329563447071,0,-0,-0.00662427656469586,-0,0
75.465,0.525370030218486,-0,-0,0.212676292091332,0,0,0.273707390991025,0,-0,-0.00689308252051653,-0,0
75.47,0.519148032178528,-0,0,0.240439070542727,0,0,0.254030301748669,0,-0,-0.00456285889328319,-0,0
75.475,0.511384041672994,-0,0,0.266615668336807,0,0,0.235355320745197,0,-0,0.00034785373807049,-0,0
75.48,0.505998731306087,-0,0,0.281739126275766,0,0,0.221758976498667,0,-0,0.00758051022692157,-0,0
75.485,0.499310559122153,-0,0,0.294788557875987,0,0,0.208940623916196,0,-0,0.0172540413675416,-0,0
75.49,0.491295457701383,-0,0,0.30593100729054,0,0,0.196751151883422,0,-0,0.0293487821410313,-0,0
75.495,0.482068333457132,-0,0,0.315043907949459,0,0,0.185163448353696,0,-0,0.0438364685840526,-0,0
75.5,0.459287044785167,-0,0,0.310314921839464,0,0,0.174129638813193,0,-0,0.0551247026829672,-0,0
75.505,0.428851111602016,-0,0,0.297368812269773,0,0,0.163602748015266,0,-0,0.0639437878956471,-0,0
75.51,0.398735100999936,-0,0,0.283633132860508,0,0,0.153530349606222,0,-0,0.0733184871108379,-0,0
75.515,0.369193670803322,-0,0,0.268837255398574,0,0,0.143831675969885,0,-0,0.0830728746043926,-0,0
75.52,0.341584467253726,-0,0,0.239395573441482,0,0,0.133653297094978,0,-0,0.0863878004481542,-0,0
75.525,0.314804410037981,-0,0,0.211020006548153,0,0,0.123861318936812,0,-0,0.089275917505205,-0,0
75.53,0.28899627483585,-0,0,0.183903265164719,0,-0,0.114406604845408,0,-0,0.0917619222727474,-0,0
75.535,0.260836045340454,-0,0,0.153548786308828,0,-0,0.104666250648335,0,-0,0.0924497866275102,-0,0
75.54,0.224887231219444,-0,0,0.11327878728738,0,-0,0.0937694469429604,0,-0,0.0884905502141818,-0,0
75.545,0.191159961292301,0,0,0.0771876289993685,0,-0,0.0834363104872936,0,-0,0.083763112364844,-0,0
75.55,0.159640929558912,0,0,0.0454153365267149,0,-0,0.0736534589834166,0,-0,0.0783837752783088,0,0
75.555,0.1377803593706,0,0,0.0240682183701861,0,-0,0.0647381705538335,0,-0,0.0760556758384637,0,0
75.56,0.129767904766852,0,0,0.0153256688648269,-0,-0,0.0568066035508214,0,-0,0.0798431581324221,0,0
75.565,0.122237691974752,0,0,0.00792259660092523,-0,-0,0.0492681541003998,-0,-0,0.0838562225651451,0,0
75.57,0.115197508061332,0,0,0.00187643943546238,-0,-0,0.0421411705085823,-0,-0,0.0881129725025026,0,0
75.575,0.109834423758143,0,0,-0.00169102774965189,-0,-0,0.0349958850600785,-0,-0,0.0940298965821803,0,0
75.58,0.105344899572159,0,0,-0.00385294748201019,-0,-0,0.028280908540296,-0,-0,0.10076812051725,0,0
75.585,0.101225294463774,0,0,-0.00513556454437502,-0,-0,0.0222216660976431,-0,-0,0.107668294850632,0,0
75.59,0.0974677730366161,0,0,-0.0055411879648748,-0,-0,0.0168263479585502,-0,-0,0.114606160180025,0,0
75.595,0.0883240181125628,0,0,-0.00465656560040944,-0,-0,0.0123259426460012,-0,-0,0.114973262166379,0,0
75.6,0.0796839637660181,0,0,-0.00322402190945473,-0,-0,0.00835742787839296,-0,-0,0.115190130733932,0,0
75.605,0.0715179139347636,0,0,-0.00124860210164689,-0,-0,0.00491517759335689,-0,-0,0.115199885276448,0,0
75.61,0.0641897809622081,0,0,0.0012654797074122,-0,-0,0.00199759287398366,-0,-0,0.115285460750223,0,0
75.615,0.0629371517517933,0,0,0.00398021693807537,-0,-0,-0.000464662586136635,-0,-0,0.120289930941272,0,0
75.62,0.0618018768702633,0,0,0.00678050047822747,-0,-0,-0.0027080724148271,-0,-0,0.123918045094507,0,0
75.625,0.0607575129090023,0,0,0.0096604477517075,-0,-0,-0.00473024732905647,-0,-0,0.125837496180102,0,0
75.63,0.0555620872136728,0,0,0.0128218290485421,-0,-0,-0.00637882341999015,-0,-0,0.122476907136953,0,0
75.635,0.0383199243532156,0,0,0.0169064508574687,-0,-0,-0.00717449886821792,-0,-0,0.108710164658393,0,0
75.64,0.0212997861534132,-0,0,0.021467218387605,-0,-0,-0.00749691517610218,-0,-0,0.0947622374108037,0,0
75.645,0.00452939188351768,-0,0,0.0265249652492732,-0,-0,-0.00740631574206688,-0,-0,0.0807263818956409,0,0
75.65,-0.0075031380552693,-0,0,0.0320781417566348,-0,-0,-0.00718399747636351,-0,-0,0.0727930237094899,0,0
75.655,-0.0111870580186287,-0,0,0.0381187235423761,-0,-0,-0.00714052981003194,-0,-0,0.0725945620173547,0,0
75.66,-0.0146290950399329,-0,0,0.0447175197643744,-0,-0,-0.00693847331931598,0,-0,0.0674764913930767,0,0
75.665,-0.0177578288346619,-0,0,0.0519094670509403,-0,-0,-0.00660676654652137,0,-0,0.0577431227180209,0,0
75.67,-0.0187552631984941,-0,0,0.058263269451025,-0,0,-0.00650113684243611,0,-0,0.0420868687326058,0,0
75.675,-0.0180275760295199,-0,0,0.0636135671827541,-0,0,-0.00660752057842409,0,0,0.0236498626484069,0,0
75.68,-0.0170361221700219,-0,0,0.0690415059688129,-0,0,-0.00666936269014448,0,0,0.00516003220759393,0,-0
75.685,-0.0157821911904782,-0,0,0.0745569021432266,0,0,-0.0066911191585629,0,0,-0.0127567168014732,0,-0
75.69,-0.0143419761048445,-0,0,0.0822679661194431,0,0,-0.00601661577377503,0,0,-0.0269273472416835,0,-0
75.695,-0.0126733630742583,-0,0,0.0906473462471702,0,0,-0.00527989270003539,0,0,-0.0363422409607362,0,-0
75.7,-0.0108099861169141,-0,-0,0.0996324814084758,0,0,-0.00453930252480465,0,0,-0.0409205598576656,0,-0
75.705,-0.00880121111795344,-0,-0,0.10928934448547,0,0,-0.00380779303900277,0,0,-0.0406695154616344,0,-0
75.71,-0.00681468428000841,-0,-0,0.121617600455314,0,0,-0.00260707831151308,0,0,-0.0296324397494557,0,-0
75.715,-0.00483678492956154,-0,-0,0.137442670550073,0,0,-0.000907660824793526,0,0,-0.00469546374524434,0,-0
75.72,-0.00275434263900261,-0,-0,0.154748136214696,0,0,0.00070025649804893,0,0,0.0268831353744724,0,-0
75.725,-0.000608908953958463,-0,-0,0.17357525664127,0,0,0.00221754602579987,0,0,0.0637829890806089,0,-0
75.73,0.00160831085223453,-0,-0,0.198249050355061,0,-0,0.00537715115808255,0,0,0.114888046609851,0,-0
75.735,0.00400015739537794,-0,-0,0.226734277729424,0,-0,0.00907609458826454,0,0,0.173526721157495,0,-0
75.74,0.00658622623959058,-0,-0,0.257304605458878,0,-0,0.0126860580472476,0,0,0.233731249055333,0,-0
75.745,0.00939830023863413,-0,-0,0.289800160769164,0,-0,0.0163183951032088,0,0,0.29349041877924,0,-0
75.75,0.0127899865009242,-0,-0,0.312286953637479,0,-0,0.0184164081829166,0,0,0.288591944884378,0,-0
75.755,0.0166925105773565,-0,-0,0.334714049248585,0,-0,0.0207137992488638,0,0,0.277353722345947,0,-0
75.76,0.0211875633334069,-0,-0,0.357395078901989,0,-0,0.023415400048331,0,0,0.26316138449386,0,-0
75.765,0.0264145758972383,-0,-0,0.379964611855159,0,-0,0.0266546687355211,0,0,0.246664882034137,0,-0
75.77,0.0374709462634476,-0,-0,0.391672216242094,0,-0,0.0304542632059547,0,0,0.256127788385157,0,-0
75.775,0.0507033066305347,-0,-0,0.402285033881135,0,-0,0.0350718965489386,0,0,0.261483429089537,0,-0
75.78,0.0661773665219714,-0,-0,0.411567595201528,0,-0,0.0406584714486192,0,0,0.262642401766167,0,-0
75.785,0.0852914288018819,-0,-0,0.417753389742904,0,-0,0.0470851976127506,0,0,0.260486683470643,-0,-0
75.79,0.112111437962776,-0,-0,0.416751455637224,0,-0,0.0536423517055407,0,0,0.256941025212494,-0,-0
75.795,0.142071316590407,-0,-0,0.413718105525588,0,-0,0.0613048109038015,0,0,0.24899914429546,-0,-0
75.8,0.174921432832799,-0,-0,0.408546142621966,0,-0,0.0701448254760227,0,0,0.236925316808978,-0,-0
75.805,0.211301704795791,-0,0,0.396019332019579,0,-0,0.0798066657153425,0,-0,0.217064561472108,-0,-0
75.81,0.251810828038342,-0,0,0.37206103307423,0,-0,0.089810515153876,0,-0,0.18837470297028,-0,-0
75.815,0.29420258082097,-0,0,0.346465752152857,0,-0,0.100839369821644,0,-0,0.159575616942209,-0,-0
75.82,0.337875748609726,-0,0,0.319496362688655,0,-0,0.112873339382522,0,-0,0.131085993994252,-0,-0
75.825,0.381215512970164,-0,0,0.291394091456825,0,-0,0.127937772296156,0,-0,0.099711269700327,-0,-0
75.83,0.423482660292041,-0,0,0.262506730246734,0,-0,0.146541932618204,0,-0,0.0684735237981197,-0,-0
75.835,0.464928681158182,-0,0,0.233277679606604,0,-0,0.16682365801691,0,-0,0.0419004783993183,-0,-0
75.84,0.504902629545872,-0,0,0.204107443958607,0,-0,0.188739310887695,0,-0,0.0200129687658943,-0,0
75.845,0.535203781219226,-0,0,0.17756281521032,-0,-0,0.212933954759333,0,-0,0.00259665425211309,-0,0
75.85,0.560032041519359,-0,0,0.152358530013811,-0,-0,0.238979595919446,0,-0,-0.00860006119716848,-0,0
75.855,0.581782228519408,-0,0,0.128043003741841,-0,-0,0.26651000804969,0,-0,-0.0135881461244959,-0,0
75.86,0.599109194534684,-0,0,0.105716088410363,-0,-0,0.294715564431269,0,-0,-0.0132000122631503,-0,0
75.865,0.595656937854913,-0,0,0.0954849653547669,-0,-0,0.312778516917264,0,-0,-0.0167594135517447,-0,0
75.87,0.589102094538168,-0,0,0.0846825821197004,-0,0,0.330449322881492,0,-0,-0.0197951535942406,-0,0
75.875,0.579639446379409,-0,0,0.0735009284519718,-0,0,0.347565888291964,0,-0,-0.0223686814147668,-0,0
75.88,0.563408917646031,-0,0,0.0578442685376401,-0,0,0.364054394210405,0,-0,-0.0168502486928839,-0,0
75.885,0.532464310105869,0,-0,0.0326196546307803,-0,0,0.379960959968491,0,-0,0.0175894908897011,-0,0
75.89,0.500442546097343,0,-0,0.0137673261381026,-0,0,0.394894466100628,0,-0,0.0588793545793617,-0,0
75.895,0.467800083140185,0,-0,0.00140076167396772,-0,0,0.408724354494083,0,-0,0.106192745142508,-0,0
75.9,0.432635624470986,0,-0,-0.0033792927313384,-0,0,0.420328571172229,-0,-0,0.14973638453535,-0,0
75.905,0.393340186881816,0,-0,-0.00213508075461952,-0,0,0.428485362553714,-0,-0,0.177564453041644,-0,0
75.91,0.355184820226419,0,-0,0.00163248200464653,-0,0,0.435104590447375,-0,-0,0.206337281015128,-0,0
75.915,0.318497956259028,0,-0,0.00784929383851743,-0,0,0.440150796832977,-0,-0,0.235775484813185,-0,0
75.92,0.296755883447598,0,-0,0.0145108184835267,-0,0,0.445627676522793,-0,-0,0.250680124578927,-0,0
75.925,0.280866222303428,0,-0,0.0207262650695766,-0,0,0.45039811734851,-0,-0,0.258494919349811,-0,0
75.93,0.265333135564725,0,-0,0.0268812892067434,-0,0,0.453639565870022,-0,-0,0.265129450928712,-0,0
75.935,0.25029171169354,0,-0,0.0329087148549621,-0,0,0.455362229814384,-0,-0,0.270595090239151,0,0
75.94,0.227774368474459,0,-0,0.0392926187668687,-0,0,0.456420385257655,-0,-0,0.284884775479169,0,0
75.945,0.206452424525183,0,-0,0.0456176196587134,-0,0,0.456058215893097,-0,0,0.29869902614785,0,0
75.95,0.186679954447891,0,-0,0.0518112683848107,-0,0,0.454288254872659,-0,0,0.31150577464446,0,0
75.955,0.168418535991778,0,-0,0.0578314218150925,-0,0,0.451171384153228,-0,0,0.323187275312055,0,0
75.96,0.153044846909417,0,-0,0.062433134475685,-0,0,0.441098579173064,-0,0,0.328912307140897,0,0
75.965,0.141508559725823,0,-0,0.0640290226793446,-0,0,0.419107558349496,-0,0,0.324187660346643,0,0
75.97,0.130772301452614,0,-0,0.064786994719362,-0,0,0.39660844557858,-0,0,0.318233724870842,0,0
75.975,0.120758689410534,0,-0,0.0647396259012867,-0,0,0.373815162854015,-0,0,0.311103139306853,0,0
75.98,0.112370704589912,0,-0,0.0656330367386779,-0,0,0.35037163667413,-0,0,0.300102941205188,0,0
75.985,0.106658543158767,0,-0,0.0704344932672481,-0,0,0.325725386439779,0,0,0.281590143940846,0,0
75.99,0.100975801983274,0,-0,0.0752992583516355,0,0,0.301454072953905,0,0,0.262583276096,0,0
75.995,0.0952529718178092,0,-0,0.0802890755963272,0,0,0.277725518874854,0,0,0.24326152778115,0,0
76,0.0895807507908811,0,-0,0.0850752306605823,0,0,0.25707154116775,0,0,0.221620079521761,0,0
76.005,0.0838163246917258,0,-0,0.0898062273646147,0,0,0.238721364590408,0,0,0.19871079680215,0,0
76.01,0.077785536300734,0,-0,0.0948372524790431,0,0,0.221022315443629,0,0,0.176348476574805,0,0
76.015,0.0714455586992275,0,-0,0.100246827811502,0,0,0.204057584222409,0,0,0.154729408696491,0,0
76.02,0.0644312348784123,0,-0,0.104200822746186,0,0,0.188011357751774,0,0,0.133576869427025,0,0
76.025,0.0569840903584288,0,-0,0.107496741126013,0,0,0.172866015951845,0,0,0.113338915057125,0,0
76.03,0.0493126561323634,0,-0,0.111224308887244,0,0,0.158579961299809,0,0,0.0944360795600842,0,0
76.035,0.0414324422251169,0,-0,0.115416828007444,0,0,0.145164763608888,0,0,0.0770020491924232,0,0
76.04,0.0322940619059918,0,-0,0.111303995843778,0,0,0.131957533958973,0,0,0.0625327328509582,0,0
76.045,0.0233050221741332,-0,-0,0.104699292137449,0,0,0.11942245279324,0,0,0.0498567163145038,-0,0
76.05,0.0149575566268212,-0,-0,0.0985574122368751,0,0,0.107734839819442,0,0,0.0385368218154172,-0,-0
76.055,0.00730180257367398,-0,-0,0.0929300543411454,0,0,0.0968342126146603,0,0,0.0286231975740832,-0,-0
76.06,0.000385849925867029,-0,-0,0.0978737987180379,-0,0,0.0877824244702213,0,0,0.0209251680299757,-0,-0
76.065,-0.0056803384901607,-0,-0,0.104076012761324,-0,0,0.0794530710391402,0,0,0.0144979452575375,-0,-0
76.07,-0.0108578942388051,-0,-0,0.10997989405069,-0,0,0.0716227809217853,0,0,0.00924261593187689,-0,-0
76.075,-0.0151300295032263,-0,-0,0.11508460280986,-0,0,0.0643720488679876,0,0,0.00518468666173832,-0,-0
76.08,-0.0185816666469363,-0,-0,0.117328094273144,-0,0,0.0592427928896236,0,0,0.0024276078250496,-0,-0
76.085,-0.021162913189459,-0,-0,0.11849168566729,-0,0,0.0543362942768022,0,0,0.000694162164277551,-0,-0
76.09,-0.0228906652279498,-0,-0,0.118286502321361,-0,0,0.049587905666238,0,0,-1.65002663856209e-05,-0,-0
76.095,-0.0238567583901426,-0,-0,0.113995877907759,-0,0,0.0449717895110598,0,0,0.000269638770460978,-0,-0
76.1,-0.0241614456303621,-0,-0,0.104854856543821,-0,0,0.0404511406263579,-0,0,0.00145710601560689,-0,-0
76.105,-0.0237846104810579,-0,-0,0.0948593828603659,-0,0,0.0359214283267302,-0,0,0.00355900720681443,-0,-0
76.11,-0.0227994480809099,-0,-0,0.0840329544683343,-0,0,0.0313448045247241,-0,0,0.00659256938738718,-0,-0
76.115,-0.0215274244615036,-0,-0,0.0732799204667647,-0,0,0.0274829530823428,-0,0,0.0103481769054287,-0,-0
76.12,-0.0201632712855355,0,-0,0.0626091016116801,-0,0,0.0246163634215654,-0,0,0.0146169435527698,-0,-0
76.125,-0.0184764244733968,0,-0,0.0509567359299284,-0,-0,0.0216848194011204,-0,0,0.0196898761013963,-0,-0
76.13,-0.0165492627185015,0,-0,0.0386077479437159,-0,-0,0.0186983467828116,-0,0,0.0256088252751972,-0,-0
76.135,-0.014459799908405,0,-0,0.0259697186417161,0,-0,0.0156765960252565,-0,0,0.0323803985607161,-0,-0
76.14,-0.0121269149004797,0,0,0.0143219696888432,0,-0,0.0126072402416383,-0,0,0.0385787829986112,-0,-0
76.145,-0.00981223622721663,0,0,0.00127078415251629,0,-0,0.00958086685354301,-0,0,0.0453978737319729,-0,-0
76.15,-0.00759297355706053,0,0,-0.0126715407058527,0,-0,0.00665068599994488,-0,0,0.0528555907202107,-0,-0
76.155,-0.00553648643167997,0,0,-0.0269739230486318,0,-0,0.00387641181805661,-0,0,0.060963047517329,-0,-0
76.16,-0.00314481101328823,0,0,-0.0387663956163534,0,-0,0.000980511265761177,-0,0,0.0697766797669521,-0,-0
76.165,-0.000265746996594849,0,0,-0.0431326813450184,0,-0,-0.00216573613004391,-0,0,0.0793494656941379,0,-0
76.17,0.00199523752514962,0,0,-0.0427702873601478,0,-0,-0.00485837598156125,-0,0,0.0895817531503577,0,-0
76.175,0.00361182340520221,0,0,-0.0377845973181649,0,-0,-0.00700919911870298,-0,-0,0.100450674496294,0,-0
76.18,0.00465560465685083,0,0,-0.0273365769431426,0,-0,-0.00742762163171801,-0,-0,0.110619993364299,0,-0
76.185,0.00510625525631188,0,0,-0.0118906126077185,0,-0,-0.00676809152065069,-0,-0,0.1202170304378,0,-0
76.19,0.00498208490648204,0,0,0.00735741418150597,0,-0,-0.00585020492688763,-0,-0,0.129964629824438,0,-0
76.195,0.00438530191368304,0,0,0.0297282818681901,0,-0,-0.00471294546147608,-0,-0,0.139810182042192,0,-0
76.2,0.00346803767653988,0,0,0.0627364310478366,0,-0,-0.00343025277766594,-0,-0,0.150135975746067,0,-0
76.205,0.0023810439748906,0,0,0.119640369527573,0,-0,-0.00205330759145026,-0,-0,0.161712370104897,0,-0
76.21,0.00124272580576027,0,0,0.178207846266579,0,-0,-0.000550644035659724,-0,-0,0.173516885257161,0,-0
76.215,0.000272553141419371,0,0,0.236548625803051,0,-0,0.0010277674718413,-0,-0,0.185558103694175,0,-0
76.22,-0.000294168290918477,0,0,0.292832743101362,0,-0,0.00264019233927245,-0,-0,0.197861321789925,0,-0
76.225,-0.000207314610833989,0,0,0.312683548131088,-0,-0,0.00388751580681423,-0,-0,0.212669922389755,0,-0
76.23,0.000719530537140797,0,0,0.292050346780261,-0,-0,0.00422915896408531,-0,-0,0.230694128485874,0,-0
76.235,0.00260719929414647,0,0,0.269385949847164,-0,-0,0.00391042303790168,-0,-0,0.249548585110224,0,-0
76.24,0.00557362148057347,0,0,0.24518350050268,-0,-0,0.00295605181916,-0,-0,0.269237783240742,0,-0
76.245,0.00972375734944231,0,0,0.219942140168815,-0,-0,0.0014307001281282,-0,-0,0.289737791898144,0,-0
76.25,0.0151983865308,0,0,0.203744365456461,-0,-0,-0.000344703337998249,-0,-0,0.311669109744746,0,-0
76.255,0.0222865469796913,0,0,0.214257431275115,-0,-0,-0.00160154655904452,-0,-0,0.336498066563807,0,-0
76.26,0.0309819868969597,0,0,0.218574746375343,-0,-0,-0.00277879803866797,-0,-0,0.361934954158409,0,-0
76.265,0.041365129319384,0,0,0.21656429247567,-0,-0,-0.00370527188864123,-0,-0,0.387718859980784,0,-0
76.27,0.0531780938754103,0,0,0.207347105149032,-0,-0,-0.00118881304980952,-0,0,0.409409954772279,0,-0
76.275,0.0655154676850673,0,-0,0.189982626287132,-0,-0,0.0119063220675899,-0,0,0.418552923902035,0,-0
76.28,0.0790890481879007,0,-0,0.167863293870234,-0,-0,0.0274501677117888,-0,0,0.426814230398683,0,-0
76.285,0.0938481637728215,0,-0,0.141442838554339,-0,-0,0.0453461465237296,-0,0,0.433927331733338,0,-0
76.29,0.109222728826583,0,-0,0.106604257723617,-0,0,0.0683977657508262,-0,0,0.438643613823631,0,-0
76.295,0.125107885785637,0,-0,0.0694870660271027,-0,0,0.0958198623022378,-0,0,0.440957838967146,0,-0
76.3,0.14171982919555,0,-0,0.0349034179207247,-0,0,0.125243759609927,-0,0,0.441235585203711,0,-0
76.305,0.158955927743753,0,-0,0.00324386598759565,-0,0,0.15620969984902,-0,0,0.439184282676235,0,-0
76.31,0.176704517937555,0,-0,-0.0251794965723412,-0,0,0.188208407877124,-0,0,0.434540165078979,0,-0
76.315,0.194843486425291,0,-0,-0.0501383585831163,-0,0,0.220689428214545,-0,0,0.427086762129998,0,-0
76.32,0.224234341131046,0,-0,-0.0654930757686084,-0,0,0.275181933927509,-0,0,0.389983554708803,0,-0
76.325,0.259985278183967,0,-0,-0.0703998750872246,-0,0,0.338185060729541,-0,0,0.342227184068201,-0,-0
76.33,0.297761706571601,0,-0,-0.0670630547461288,-0,0,0.400036893667995,-0,0,0.295362290058368,-0,0
76.335,0.337233967554521,0,-0,-0.0561936191819344,-0,0,0.459824643771804,-0,0,0.249897774680371,-0,0
76.34,0.365763755305806,0,-0,-0.0415395755591427,-0,0,0.475563276894688,-0,0,0.214291882203961,-0,0
76.345,0.392021836623785,0,-0,-0.0221382608704311,-0,0,0.481900865982772,-0,0,0.181131760669293,-0,0
76.35,0.417673510875177,0,-0,0.00166335523120356,-0,0,0.485622087827293,-0,0,0.149472553582884,-0,0
76.355,0.440420728839024,0,-0,0.0314410357719425,-0,0,0.484778252268858,-0,0,0.119532311425211,-0,0
76.36,0.45485277143657,0,-0,0.0726826945119176,-0,0,0.474992675018289,-0,-0,0.0913352324470497,-0,0
76.365,0.467514498469304,0,-0,0.116847995100563,-0,0,0.463280660579811,-0,-0,0.0662175894645528,-0,0
76.37,0.478301928545187,0,-0,0.162938368736589,-0,0,0.449897996146883,-0,-0,0.0445687655655388,-0,0
76.375,0.486652408308825,0,-0,0.209221401567832,-0,0,0.432341885557201,-0,-0,0.0271557672430625,-0,0
76.38,0.491258627575417,0,-0,0.252720176684891,-0,0,0.40433599244713,0,-0,0.0148434481337274,-0,0
76.385,0.493806193993607,0,-0,0.295524585847905,-0,0,0.376348951244427,0,-0,0.00595082920210502,-0,0
76.39,0.49432391619558,0,-0,0.337018199372082,0,0,0.348685434143869,0,-0,0.000600836013773189,-0,0
76.395,0.493324318047151,0,-0,0.364111058100701,0,0,0.322312647531562,0,-0,-0.00100392361373045,-0,0
76.4,0.491233878272208,0,-0,0.366894071287093,0,0,0.297897101061315,0,-0,0.000530599131038738,-0,0
76.405,0.487335702916201,0,-0,0.367699560102641,0,0,0.274334473241011,0,-0,0.00455025126796426,-0,0
76.41,0.481744616909745,-0,-0,0.366638953041095,0,0,0.251770264658659,0,-0,0.0109550629282265,-0,0
76.415,0.473161603194056,-0,0,0.358412470529037,0,0,0.231708842217465,0,-0,0.0184610797313897,-0,0
76.42,0.460662284930361,-0,0,0.339160220994157,0,0,0.215131484787104,0,-0,0.024631445246547,-0,0
76.425,0.447070473665201,-0,0,0.319164971809183,0,0,0.199437522570491,0,-0,0.0307480701480761,-0,0
76.43,0.432583290768336,-0,0,0.298695307994182,0,0,0.184646350353848,0,-0,0.0366490383419847,-0,0
76.435,0.410598418143163,-0,0,0.27260276100558,0,0,0.172854304755217,0,-0,0.0424168878503785,-0,0
76.44,0.383863201499276,-0,0,0.243225242355351,0,0,0.163140122808144,0,-0,0.0479277189746928,-0,0
76.445,0.357451997779603,-0,0,0.214677944672049,0,0,0.15394605913987,0,-0,0.0529275884025702,-0,0
76.45,0.331577133176702,-0,0,0.187185030993477,0,0,0.145229213399673,0,-0,0.0573440610599894,-0,0
76.455,0.313059089202679,-0,0,0.169291151435231,0,0,0.137267933532361,0,-0,0.0609101995130139,-0,0
76.46,0.302175409424109,-0,0,0.161045983206892,0,0,0.129989395993409,0,-0,0.0635588909046311,-0,0
76.465,0.291362505955334,-0,0,0.152761517264581,0,0,0.122939327784768,0,-0,0.0656235840452064,-0,0
76.47,0.280732466314062,-0,0,0.144499658308594,0,0,0.116053102232103,0,-0,0.0672491459652837,-0,0
76.475,0.257891284695607,-0,0,0.124973613588824,0,0,0.109845729094163,0,-0,0.0696458436683782,-0,0
76.48,0.23267043467485,-0,0,0.103557999874153,0,0,0.10376950158538,0,-0,0.0725001556774073,-0,0
76.485,0.209024024833073,-0,0,0.0839218778973174,0,0,0.097583586300031,0,-0,0.0758000942441725,-0,0
76.49,0.18693655437911,-0,0,0.06607861899517,0,-0,0.0912426515120916,0,-0,0.0798382146683005,-0,0
76.495,0.170032683503696,-0,0,0.0529652493356488,0,-0,0.0831699787122838,0,-0,0.0808941921936045,0,0
76.5,0.154754922700434,0,0,0.0415301612840207,0,-0,0.0749956209757214,0,-0,0.0824183873606054,0,0
76.505,0.140594721199619,0,0,0.0313719012372992,0,-0,0.0669149674400847,0,-0,0.0851308097247305,0,0
76.51,0.127526517684007,0,0,0.0224495823371426,-0,-0,0.0589086626379609,0,-0,0.0892072535908853,0,0
76.515,0.119801307843107,0,0,0.0138996239068402,-0,-0,0.0487518135446761,0,-0,0.0927091272328967,0,0
76.52,0.112720118499834,0,0,0.00669489683265339,-0,-0,0.0393994821781728,0,-0,0.0976340474575601,0,0
76.525,0.10623006229451,0,0,0.000804078390808387,-0,-0,0.0308807799122848,0,-0,0.10391087282908,0,0
76.53,0.0997839822571192,0,0,-0.00337234983762129,-0,-0,0.0233594006933612,-0,-0,0.110742786994871,0,0
76.535,0.0913780939423332,0,0,-0.00452706953411314,-0,-0,0.0171879276639681,-0,-0,0.115320310150372,0,0
76.54,0.0834532507006161,0,0,-0.00514633463619446,-0,-0,0.0115446571782099,-0,-0,0.120404698593448,0,0
76.545,0.0759128261103029,0,0,-0.00522750282319642,-0,-0,0.00646126465393855,-0,-0,0.125594142166855,0,0
76.55,0.066727261140499,0,0,-0.00456721015383653,-0,-0,0.00197206807822508,-0,-0,0.129481754837805,0,0
76.555,0.0542036590754458,0,0,-0.00322587163110193,-0,-0,-0.00196270338386285,-0,-0,0.130872384484182,0,0
76.56,0.0418100568278257,0,0,-0.00164459073516871,-0,-0,-0.00537335014990007,-0,-0,0.131140560986726,0,0
76.565,0.0294411734704602,0,0,0.000211219213245519,-0,-0,-0.00825052615898288,-0,-0,0.12992011087517,0,0
76.57,0.0198571200148891,0,0,0.00236392187966164,-0,-0,-0.0106105150878129,-0,-0,0.128156039066552,0,0
76.575,0.0120965903633465,0,0,0.00481921361988938,-0,-0,-0.0124680472092089,-0,-0,0.125066969340036,0,0
76.58,0.00423355181366134,0,0,0.00763177937542779,-0,-0,-0.0138325360246597,-0,-0,0.119667029096215,0,0
76.585,-0.00372469604450451,0,0,0.0108600940162728,-0,-0,-0.0147303954312114,-0,-0,0.111985441574105,0,0
76.59,-0.00758026876663392,0,0,0.0149725586787542,-0,-0,-0.0152651133911253,-0,-0,0.102020248375061,0,0
76.595,-0.0110605146491441,-0,0,0.0198594215894528,-0,-0,-0.0154249922864849,-0,-0,0.0902818907454045,0,0
76.6,-0.0144935074288976,-0,0,0.0255746574327586,-0,-0,-0.0152472244025237,-0,-0,0.0772289661564441,0,-0
76.605,-0.0177591027057574,-0,0,0.0321981770789156,-0,-0,-0.0147603625501596,-0,-0,0.0635887202649999,0,-0
76.61,-0.0174292171721475,-0,0,0.0396352831707038,-0,-0,-0.0129525692184464,0,-0,0.0587299368427287,0,-0
76.615,-0.0169421577941079,-0,0,0.0480802757926519,-0,-0,-0.0109359854605079,0,0,0.0503806992128474,0,-0
76.62,-0.0162726288401958,-0,0,0.0575873919244792,-0,-0,-0.00879836168975551,0,0,0.0391517221437281,0,-0
76.625,-0.0150912041502437,-0,0,0.0682498113422698,-0,0,-0.00644067325808341,0,0,0.0239598596172399,0,-0
76.63,-0.0127924457928481,-0,0,0.0802342386401827,-0,0,-0.00357991808953307,0,0,0.0071444021222551,0,-0
76.635,-0.0104103484254561,-0,0,0.0933954893740491,-0,0,-0.000875116654027556,0,0,-0.00232378335570187,0,-0
76.64,-0.00799985046267797,-0,0,0.107712974861406,0,0,0.00159963594184793,0,0,-0.00438206175589715,0,-0
76.645,-0.00660974935150967,-0,0,0.122964580817332,0,0,0.0041328920867429,0,0,0.00245749286579165,0,-0
76.65,-0.00582202596468969,-0,0,0.139082078100536,0,0,0.00653031649027417,0,0,0.0191336115722456,0,-0
76.655,-0.00489433174271047,-0,0,0.156094049580301,0,0,0.00848771880320825,0,0,0.0440750265013116,0,-0
76.66,-0.00387635570896661,-0,-0,0.173892876970556,0,-0,0.00999467916338084,0,0,0.0762069757757208,0,-0
76.665,-0.0032996646358615,-0,-0,0.192329036899682,0,-0,0.0109072162469333,0,0,0.121102299835728,0,-0
76.67,-0.00259469677577391,-0,-0,0.211299919303676,0,-0,0.0114075308063038,0,0,0.174392394479896,0,-0
76.675,-0.00159735343293792,-0,-0,0.230701869707672,0,-0,0.0116069882337355,0,0,0.232375436956112,0,-0
76.68,-0.000324626787887498,-0,-0,0.250434176306126,0,-0,0.011583580893804,0,0,0.293141730185142,0,-0
76.685,0.00116867073309779,-0,-0,0.267464554264004,0,-0,0.0112116067234407,0,0,0.297177166212394,0,-0
76.69,0.00279055905747044,-0,-0,0.283864452575339,0,-0,0.0108427183448578,0,0,0.287126526127383,0,-0
76.695,0.00454188467725537,-0,-0,0.300054482643588,0,-0,0.0106275076947493,0,0,0.272191535463534,0,-0
76.7,0.0064447955003297,-0,-0,0.316059130260263,0,-0,0.0106871807847989,0,0,0.253130420097427,0,-0
76.705,0.00770069342238354,-0,-0,0.327640537923084,0,-0,0.0106105188141059,0,0,0.250968911856329,0,-0
76.71,0.00854474450955844,-0,-0,0.337607411813191,0,-0,0.0108846878568803,0,0,0.251363990426473,0,-0
76.715,0.00922942781377133,-0,-0,0.34721907402284,0,-0,0.011691021003387,0,0,0.24891656369741,0,-0
76.72,0.00985484820459844,-0,-0,0.356615294690476,0,-0,0.0130529332713701,0,0,0.243802725119318,-0,-0
76.725,0.010541297179599,-0,-0,0.365919038243558,0,-0,0.014985636583981,0,0,0.236236817702091,-0,-0
76.73,0.0117102759365195,-0,-0,0.375772066033428,0,-0,0.0177129605116731,0,0,0.228167651824588,-0,-0
76.735,0.0151276819019834,-0,-0,0.388956564979917,0,-0,0.0225892374853105,0,0,0.227306944799646,-0,-0
76.74,0.0194062034588249,-0,-0,0.402214437368617,0,-0,0.0286875578037545,0,0,0.223211669536267,-0,-0
76.745,0.0246312244245269,-0,-0,0.415366246784966,0,-0,0.0361440324427148,0,0,0.215944971806859,-0,-0
76.75,0.0308615518409637,-0,-0,0.428142889648821,0,-0,0.045081191375032,0,0,0.205614873366805,-0,-0
76.755,0.0497049452189327,-0,-0,0.439853717458209,0,-0,0.0542968220289941,0,-0,0.196101330589135,-0,-0
76.76,0.0707709009615272,-0,-0,0.450409734663785,0,-0,0.0647872919888364,0,-0,0.182922227465395,-0,-0
76.765,0.0937894748195981,-0,0,0.459330663800076,0,-0,0.0765715157303815,0,-0,0.166261643051951,-0,-0
76.77,0.120622421627518,-0,0,0.462917487623606,0,-0,0.0897881733536214,0,-0,0.145496176698123,-0,-0
76.775,0.184901027676415,-0,0,0.414538747614348,0,-0,0.106763410330012,0,-0,0.11115182485644,-0,0
76.78,0.252039308947842,-0,0,0.366123742167353,0,-0,0.125572349111527,0,-0,0.0798336962916471,-0,0
76.785,0.320963251768348,-0,0,0.318036369315409,0,-0,0.14618194686741,0,-0,0.0517148468251405,-0,0
76.79,0.381283984422545,-0,0,0.273513115993804,0,-0,0.168373760816402,0,-0,0.0264927541136292,-0,0
76.795,0.412159654650713,-0,0,0.238186714950331,0,-0,0.191660761267803,0,-0,0.00502259955829153,-0,0
76.8,0.441197728576119,-0,0,0.203259320485012,-0,-0,0.216352280177944,0,-0,-0.0105247931340863,-0,0
76.805,0.467963413793782,-0,0,0.169125711259841,-0,-0,0.242295201762411,0,-0,-0.020365856313843,-0,0
76.81,0.482121750595524,-0,0,0.139811307747577,-0,-0,0.268686831944734,0,-0,-0.0248907111427065,-0,0
76.815,0.48307741221071,-0,0,0.115124170590674,-0,-0,0.295176143326948,0,-0,-0.0245451073010746,-0,0
76.82,0.481414254705338,-0,0,0.091467072098531,-0,0,0.322175036096271,0,-0,-0.0195937018695069,-0,0
76.825,0.477237876464269,-0,0,0.0693350455752502,-0,0,0.349463447507991,0,-0,-0.0104117149130925,-0,0
76.83,0.46968782742094,-0,0,0.059046969101374,-0,0,0.367859644262021,0,-0,-0.00872328532924335,-0,0
76.835,0.459829677509456,-0,0,0.050291654051512,-0,0,0.38342587955231,0,-0,-0.00873059864240002,-0,0
76.84,0.448133598901801,0,0,0.041129856132284,-0,0,0.397826750359443,0,-0,-0.00836114135042881,-0,0
76.845,0.433780188089492,0,-0,0.0313720452728208,-0,0,0.411072086300281,0,-0,-0.00601021360385129,-0,0
76.85,0.397289577413801,0,-0,0.0138792214081238,-0,0,0.425371579301164,0,-0,0.0309491795141429,-0,0
76.855,0.361331141786734,0,-0,0.00267894075879164,-0,0,0.438333311751848,0,-0,0.0718625157296524,-0,0
76.86,0.32626816294744,0,-0,-0.00207537551674975,-0,0,0.449865718359162,0,-0,0.115963895766666,-0,0
76.865,0.298307211441597,0,-0,-0.000282386106723588,-0,0,0.459147488765143,0,-0,0.154980058761135,-0,0
76.87,0.280909832868995,0,-0,0.00483989576392181,-0,0,0.465569932326651,0,-0,0.18213853884773,-0,0
76.875,0.263827220966789,0,-0,0.0116477474085688,-0,0,0.470362616614142,0,-0,0.209446377816122,-0,0
76.88,0.247208365077883,0,-0,0.0200152632823537,-0,0,0.473523580230769,0,-0,0.236555658173482,0,0
76.885,0.232656290691722,0,-0,0.0289435551905923,-0,0,0.471644956884995,0,-0,0.257646446078655,0,0
76.89,0.219669994180105,0,-0,0.0378677408132514,-0,0,0.465665993960271,0,-0,0.273700196524742,0,0
76.895,0.207148687498756,0,-0,0.0470041096842195,-0,0,0.458232343060567,0,-0,0.288578949117179,0,0
76.9,0.195127473592579,0,-0,0.0560958331861118,-0,0,0.449461565604234,0,-0,0.302128755439128,0,0
76.905,0.183389679027977,0,-0,0.0654143325452478,-0,0,0.433269015735863,0,-0,0.298844852683817,0,0
76.91,0.17211747827621,0,-0,0.0744937349776126,-0,0,0.414237144784288,0,0,0.289413666766392,0,0
76.915,0.161366775135295,0,-0,0.0829606071658991,-0,0,0.394550619831713,-0,0,0.27884300604278,0,0
76.92,0.15108503477566,0,-0,0.0906131028333557,-0,0,0.374365264003959,-0,0,0.267168918835328,0,0
76.925,0.140067808059662,0,-0,0.0963172820266022,-0,0,0.351341682460007,-0,0,0.248567736031233,0,0
76.93,0.129609851480105,0,-0,0.100859788815696,-0,0,0.328356324982069,-0,0,0.229546527763265,0,0
76.935,0.119659321388123,0,-0,0.104245411972818,-0,0,0.305591930842016,-0,0,0.210317814977342,0,0
76.94,0.110418983160192,0,-0,0.106346637046634,0,0,0.28568014132781,0,0,0.193275871687531,0,0
76.945,0.102648528837361,0,-0,0.106472701130382,0,0,0.277366009732145,0,0,0.186129697403643,0,0
76.95,0.0950438578058823,0,-0,0.105800478902514,0,0,0.268938071564,0,0,0.178426661471683,0,0
76.955,0.0875770309151421,0,-0,0.10465268864374,0,0,0.260498570452245,0,0,0.170249568091066,0,0
76.96,0.0797144416620886,0,-0,0.101308433568803,0,0,0.247110901489133,0,0,0.156915857689227,0,0
76.965,0.0713286257105308,0,-0,0.0947367719099823,0,0,0.226627652067907,0,0,0.13676180289309,0,0
76.97,0.0632820915220469,0,-0,0.0885645140402021,0,0,0.207184130512228,0,0,0.117721296880037,0,0
76.975,0.0555714842046902,0,-0,0.0832766042017846,0,0,0.188814636721239,0,0,0.0999156785070304,0,0
76.98,0.0481261671857709,0,-0,0.0796304406115448,0,0,0.173048126326172,0,0,0.0835768011003418,0,0
76.985,0.0409408229442245,0,-0,0.0782445430330644,0,0,0.160770949009212,0,0,0.0688337303706474,0,0
76.99,0.0341725081481669,0,-0,0.078867673848235,0,0,0.149305726816831,0,0,0.0554800324826588,-0,0
76.995,0.0278374511828397,0,-0,0.0816347326390813,0,0,0.138632567962374,0,0,0.0435426111375601,-0,0
77,0.0219514623603369,0,-0,0.0865261703150795,0,0,0.12873377704984,0,0,0.0330305677144018,-0,0
77.005,0.0163071041808332,0,-0,0.092983182757181,0,0,0.122245566132044,0,0,0.0241389188619581,-0,0
77.01,0.0112744355141124,-0,-0,0.101052222239355,0,0,0.116299141564844,0,0,0.016596890714906,-0,0
77.015,0.00685369587013334,-0,-0,0.11025023790968,0,0,0.110857433520528,0,0,0.0103815887739517,-0,0
77.02,0.00303920841589057,-0,-0,0.119969165591477,-0,0,0.105876335818674,0,0,0.00546617219485488,-0,-0
77.025,-0.000173573417229745,-0,-0,0.132148945579784,-0,0,0.0950379218910542,0,0,0.00163164443483534,-0,-0
77.03,-0.00256373304172661,-0,-0,0.143435826407394,-0,0,0.0842099612987161,0,0,-0.000866503449729199,-0,-0
77.035,-0.00418868139727006,-0,-0,0.152838084394041,-0,0,0.0737689443733366,0,0,-0.00202353948473103,-0,-0
77.04,-0.00516848004272811,-0,-0,0.158186781704879,-0,0,0.0635516340556247,0,0,-0.00177348128006291,-0,-0
77.045,-0.00593115143992678,-0,-0,0.151489998765066,-0,0,0.0531703924983102,0,0,-0.000237752677658484,-0,-0
77.05,-0.00631257909750701,-0,-0,0.142609899034469,-0,0,0.0428704105164713,0,0,0.00176527662727529,-0,-0
77.055,-0.00636313973838903,-0,-0,0.131488865653829,-0,0,0.0325753901170689,0,0,0.0042746503389451,-0,-0
77.06,-0.00628112121089615,-0,-0,0.120479954187414,-0,0,0.0245729318981983,0,0,0.00718264833285606,-0,-0
77.065,-0.00650116548394243,-0,-0,0.113799601088545,-0,0,0.0243731233345144,0,0,0.00987320988845949,-0,-0
77.07,-0.00658180781881134,-0,-0,0.103528361007729,-0,0,0.0241178969016122,-0,0,0.0127339520625341,-0,-0
77.075,-0.00653584265332996,0,0,0.090189977923911,-0,0,0.0238009395473397,-0,0,0.0158119900226528,-0,-0
77.08,-0.00637672176851506,0,0,0.0744618760781336,-0,0,0.0234183587779145,-0,0,0.0191529778087232,-0,-0
77.085,-0.00527036870721937,0,0,0.0570909396875089,-0,0,0.017222515712639,-0,0,0.0262502197289632,-0,-0
77.09,-0.00390494624662988,0,0,0.0389729797161535,-0,0,0.00926474618114605,-0,0,0.0359808767248294,-0,-0
77.095,-0.0026120288198954,0,0,0.0209665171382847,-0,0,0.00142564017075833,-0,0,0.0475813462631819,-0,0
77.1,-0.00144333543800377,0,0,0.00386294223925578,-0,-0,-0.00617640717888045,-0,0,0.0612066766845333,-0,0
77.105,-0.000522173479287065,0,0,-0.00957722665571661,-0,-0,-0.00709645444623828,-0,0,0.0719341598317536,-0,0
77.11,0.000211066229139029,0,0,-0.0148831106279258,-0,-0,-0.00687457241004413,-0,0,0.082901777249876,-0,0
77.115,0.00075449798096553,0,0,-0.0120101849622607,-0,-0,-0.00652342362970631,-0,0,0.0948350423487209,-0,0
77.12,0.00113032968545276,0,0,-0.00127432838821333,-0,-0,-0.00604144996496506,-0,0,0.107774467460799,0,0
77.125,0.00177985418747042,0,0,0.0174653021985529,-0,-0,-0.00549135204873781,-0,0,0.123006121236998,0,0
77.13,0.00202753149266157,0,0,0.0428356511711123,0,-0,-0.00481780492379639,-0,0,0.139348898059018,0,0
77.135,0.00193267161646033,0,0,0.0737338264419107,0,-0,-0.00404557121957366,-0,-0,0.156726002020064,0,0
77.14,0.0015764176332238,0,0,0.111774693281162,0,-0,-0.0032336731294406,-0,-0,0.175035471229261,0,0
77.145,0.00106087460424357,0,0,0.174255553173592,0,-0,-0.00252983151269784,-0,-0,0.194159503399397,0,0
77.15,0.000570388475831942,0,0,0.241077590576842,0,-0,-0.00180584908779745,-0,-0,0.213952416083286,0,0
77.155,0.000249374513668052,0,0,0.309934556014721,0,-0,-0.00111613921890677,-0,-0,0.23426586419159,0,0
77.16,0.000256983469384168,0,0,0.362146281379272,0,-0,-0.000546467501966893,-0,-0,0.255378848613278,0,0
77.165,0.000735359449016218,0,0,0.351074810258282,0,-0,-0.000101767671527068,-0,-0,0.278428709343414,0,0
77.17,0.00180916595335072,0,0,0.334901455618067,0,-0,0.000358488546468936,-0,-0,0.301838171294994,0,-0
77.175,0.00359265241651243,0,0,0.314331907615156,0,-0,0.000807515528465784,-0,-0,0.325497145507294,0,-0
77.18,0.006080481265054,0,0,0.300093748352348,0,-0,0.00105432873263099,-0,-0,0.344413934287022,0,-0
77.185,0.00914890518223631,0,0,0.295230557575392,0,-0,0.00082103332700359,-0,-0,0.356298105576078,0,-0
77.19,0.0128980408724045,0,0,0.287036308153255,0,-0,0.000248644415229449,-0,-0,0.367197459814329,0,-0
77.195,0.017326161110444,0,0,0.275882735832908,-0,-0,-0.000639303010433703,-0,-0,0.377178750162111,0,-0
77.2,0.0224391856527018,0,0,0.261983643926381,-0,-0,-0.00174562031069201,-0,-0,0.386509231180972,0,-0
77.205,0.0285602331230703,0,0,0.242960338945723,-0,-0,-0.00210477260495123,-0,-0,0.397985662226713,0,-0
77.21,0.0354744341327889,0,0,0.222685995907044,-0,-0,-0.00230009332975288,-0,0,0.409033541194647,0,-0
77.215,0.0431732778653693,0,0,0.201598723627424,-0,-0,-0.00222961194183444,-0,0,0.419720824752849,0,-0
77.22,0.0516413259944891,0,0,0.180080145188382,-0,-0,-0.00178567561911502,-0,0,0.430080793449877,0,-0
77.225,0.0608570528602729,0,0,0.158449699330557,-0,-0,-0.000862310959722432,-0,0,0.440096507692307,0,-0
77.23,0.0707941859052399,0,0,0.136962996248954,-0,-0,0.000637786488639639,-0,0,0.449690817068012,0,-0
77.235,0.0815094129528864,0,-0,0.117433494667071,-0,-0,0.00420250918604,-0,0,0.458754275365179,0,-0
77.24,0.0934015913543693,0,-0,0.104625622057253,-0,0,0.0161861317161653,-0,0,0.467218249581216,0,-0
77.245,0.106059617389927,0,-0,0.0891056644964323,-0,0,0.0298337293738689,-0,0,0.474621895575557,0,-0
77.25,0.11945457765328,0,-0,0.0710175643109115,-0,0,0.045000256788884,-0,0,0.480632276936587,0,-0
77.255,0.133554554752991,0,-0,0.0505349128932421,-0,0,0.0614916037774229,-0,0,0.48487876321303,0,-0
77.26,0.148074380165822,0,-0,0.0265642463583879,-0,0,0.0876905569359461,-0,0,0.48583278238989,0,-0
77.265,0.163136818058813,0,-0,0.00293156202350063,-0,0,0.116639649924921,-0,0,0.484127164124364,0,-0
77.27,0.178739291109221,0,-0,-0.0198307896648482,-0,0,0.146451747754194,-0,0,0.479627491173289,0,-0
77.275,0.194834989850419,0,-0,-0.0416152724852046,-0,0,0.176649304928131,-0,0,0.472048192619081,0,-0
77.28,0.212912461801888,0,-0,-0.0613783786029793,-0,0,0.20660591153572,-0,0,0.450222194548371,0,-0
77.285,0.232805025924918,0,-0,-0.0784315081466307,-0,0,0.235888272847006,-0,0,0.418262178940051,-0,-0
77.29,0.253343825072049,0,-0,-0.0932317150855597,-0,0,0.264175420443467,-0,0,0.385036648660628,-0,-0
77.295,0.274434144824085,0,-0,-0.105773509183925,-0,0,0.291068156187724,-0,0,0.350801570324478,-0,-0
77.3,0.295966293411096,0,-0,-0.116062337155647,-0,0,0.316222132566679,-0,0,0.315869173082753,-0,-0
77.305,0.317812306585616,0,-0,-0.124118840993784,-0,0,0.33934730890271,-0,0,0.280606472808466,-0,-0
77.31,0.347755417875245,0,-0,-0.113847332936996,-0,0,0.365161117125912,-0,0,0.236732155203612,-0,-0
77.315,0.388531349314949,0,-0,-0.0773122426339016,-0,0,0.394408615309118,-0,0,0.185594868704522,-0,-0
77.32,0.430323866666966,0,-0,-0.0337980735452509,-0,0,0.420654714040642,-0,0,0.139733421354147,-0,-0
77.325,0.472781331987006,0,-0,0.0158331688540389,-0,0,0.443803076278717,-0,0,0.099656232805894,-0,0
77.33,0.502463151904569,0,-0,0.047234079518115,-0,0,0.44985445627068,-0,-0,0.0735119833261426,-0,0
77.335,0.515215075532894,0,-0,0.0514852166915125,-0,0,0.437186858422901,0,-0,0.058348696515075,-0,0
77.34,0.526430411706078,0,-0,0.0558971535072875,-0,0,0.423562696123894,0,-0,0.0431836560785944,-0,0
77.345,0.535980361027869,0,-0,0.0603973785790483,-0,0,0.409207121286741,0,-0,0.0282786039838243,-0,0
77.35,0.54158232049202,0,-0,0.102811164460954,-0,0,0.379773831498455,0,-0,0.0111441797447466,-0,0
77.355,0.544118947205589,0,-0,0.166652281182424,0,0,0.3437395878996,0,-0,1.41211915644622e-05,-0,0
77.36,0.54467303182938,0,-0,0.231446616563352,0,0,0.309245210036764,0,-0,-0.00227946051390526,-0,0
77.365,0.543220318407125,-0,-0,0.296308704400147,0,0,0.276415661976927,0,-0,0.00417465044386114,-0,0
77.37,0.534958171565257,-0,-0,0.315288388166775,0,0,0.252110645032395,0,-0,0.0109487201508843,-0,0
77.375,0.524427343673144,-0,-0,0.329465824532966,0,0,0.229508054580078,0,-0,0.0199115334495919,-0,0
77.38,0.512082989554813,-0,0,0.341861576916398,0,0,0.208135087459739,0,-0,0.0313130549639043,-0,0
77.385,0.493102507202326,-0,0,0.346188178373342,0,0,0.189549134151142,0,-0,0.0426168150203187,-0,0
77.39,0.461864615757332,-0,0,0.335148737542011,0,0,0.17535948168855,0,-0,0.0490900379770952,-0,0
77.395,0.429873504096384,-0,0,0.322539449826549,0,0,0.16195348013692,0,-0,0.0549204343468443,-0,0
77.4,0.397452600676001,-0,0,0.308485299524918,0,0,0.149310789446265,0,-0,0.0598986728568665,-0,0
77.405,0.365886152358644,-0,0,0.284621964697966,0,0,0.139516138414744,0,-0,0.0617748159176845,-0,0
77.41,0.335182800079028,-0,0,0.253939080389194,0,0,0.13174209510647,0,-0,0.0603078351691349,-0,0
77.415,0.304872725014974,-0,0,0.2234784516534,0,0,0.124261755950549,0,-0,0.0567724531768761,-0,0
77.42,0.27522587199256,-0,0,0.193617302829852,0,0,0.117033593597374,0,-0,0.0510966327021719,-0,0
77.425,0.251024252811774,-0,0,0.162172554434626,0,0,0.110309327563893,0,-0,0.0477026135984542,-0,0
77.43,0.228968658377337,-0,0,0.131563707352115,0,0,0.10380167168478,0,-0,0.0443588963326748,-0,0
77.435,0.207732962972267,-0,0,0.102991796876811,0,0,0.0973679682281547,0,-0,0.0399274291610967,-0,0
77.44,0.18745879000476,-0,0,0.07677280108516,0,0,0.0909683564108853,0,-0,0.0346642084625956,-0,0
77.445,0.176579318746934,-0,0,0.0670581693833248,0,0,0.0846461120018576,0,-0,0.0309533041029595,0,0
77.45,0.167862487366632,-0,0,0.0606962289766313,0,0,0.0783008350114562,0,-0,0.0278464563529898,0,0
77.455,0.159424362391834,-0,0,0.0543663760005119,-0,0,0.0718952647532578,0,-0,0.0253563141054008,0,0
77.46,0.15026889534537,-0,0,0.0464487962437982,-0,0,0.0653475951387902,0,-0,0.0236220702135114,0,0
77.465,0.137024388477035,-0,0,0.0323461786743241,-0,0,0.058450551565202,0,-0,0.0218563893741059,0,0
77.47,0.124813854161878,-0,0,0.020595956416887,-0,0,0.05158323147191,0,-0,0.021960105529377,0,0
77.475,0.113629320665839,-0,0,0.0111835925230831,-0,0,0.0447689591890844,0,-0,0.0242899562393709,0,0
77.48,0.103928619580729,-0,0,0.00437737252480111,-0,0,0.0378407149649388,-0,-0,0.0296558938365742,0,0
77.485,0.0975909177935978,0,0,0.000987710488730537,-0,-0,0.0302310797785075,-0,-0,0.0406419672794393,0,0
77.49,0.0919194654423181,0,0,-0.00110100543930969,-0,-0,0.0232079737577203,-0,-0,0.054130863824364,0,0
77.495,0.0868921593171988,0,0,-0.00196687843204427,-0,-0,0.0168045685584361,-0,-0,0.0697906326703958,0,0
77.5,0.0764770780981461,0,0,-0.00163117080160106,-0,-0,0.010746011719711,-0,-0,0.082796373017863,0,0
77.505,0.0604800537051484,0,0,-0.000325333674973084,-0,-0,0.00543001727428405,-0,-0,0.0921656390488459,0,0
77.51,0.0455146585355668,0,0,0.00176467325872692,-0,-0,0.00131922055856012,-0,-0,0.10207672335598,0,0
77.515,0.0313204030931564,0,0,0.00458974685607438,-0,-0,-0.00163084576993453,-0,-0,0.111805985992272,0,0
77.52,0.0222091136947014,0,0,0.00751711345949987,-0,-0,-0.00378585413984901,-0,-0,0.12060552963693,0,0
77.525,0.0141679903564547,0,0,0.0105784416959321,-0,-0,-0.00534859054353318,-0,-0,0.127723311637729,0,0
77.53,0.00623465865601375,-0,0,0.0138590238602914,-0,-0,-0.00633514526841504,-0,-0,0.132490450224558,0,0
77.535,-0.000867016920395469,-0,0,0.0174985785870481,-0,-0,-0.00690973559008826,-0,-0,0.132619927801371,0,0
77.54,-0.00490897548748389,-0,0,0.0219630411297792,-0,-0,-0.00755643540848602,-0,-0,0.123599023565188,0,0
77.545,-0.00899853230897924,-0,0,0.0269408710543494,-0,-0,-0.00793670113586072,-0,-0,0.112489202709178,0,0
77.55,-0.0131298018472563,-0,0,0.0324979411435244,-0,-0,-0.00807829268167455,-0,-0,0.0994829827089915,0,0
77.555,-0.0159391607576277,-0,0,0.0386371798719966,-0,-0,-0.00802673262752546,0,-0,0.0955191681600042,0,0
77.56,-0.0176292916601663,-0,0,0.0454408460745131,-0,-0,-0.00781352174394936,0,-0,0.095055063703855,0,0
77.565,-0.0192300021255237,-0,0,0.053062666364161,-0,0,-0.00745968110221933,0,-0,0.0888908881958132,0,-0
77.57,-0.0206884728989609,-0,0,0.0616088466790801,-0,0,-0.0069966480083905,0,-0,0.0776824081470574,0,-0
77.575,-0.0190123132786734,-0,0,0.0705701614876457,-0,0,-0.00604684698103781,0,0,0.0586779974360781,0,-0
77.58,-0.0167234791120566,-0,0,0.0804452671204497,-0,0,-0.00500299574691011,0,0,0.0384034393989933,0,-0
77.585,-0.014311864847064,-0,0,0.0914133886951354,-0,0,-0.0039728677755334,0,0,0.0185290056687289,0,-0
77.59,-0.0121009059631598,-0,0,0.103462426199651,-0,0,-0.0028947454161222,0,0,-9.91615190843559e-05,0,-0
77.595,-0.0109128283107893,-0,0,0.116333181642971,-0,0,-0.00154576487455039,0,0,-0.012018334763325,0,-0
77.6,-0.00957852034214026,-0,0,0.130403871845759,0,0,-0.000373453393337907,0,0,-0.0139197681890338,0,-0
77.605,-0.00813004946859276,-0,0,0.145696875828817,0,0,0.000597084350161225,0,0,-0.00605338669364156,0,-0
77.61,-0.00675623887765677,-0,-0,0.162601229557666,0,0,0.00166167444769679,0,0,0.0124150263448379,0,-0
77.615,-0.00551468927757118,-0,-0,0.181403623103967,0,0,0.00283895768846941,0,0,0.0423527767073103,0,-0
77.62,-0.00420720536302765,-0,-0,0.201525270788389,0,0,0.00361756306920987,0,0,0.0807716962809307,0,-0
77.625,-0.00288617772953581,-0,-0,0.222902343558303,0,0,0.00403313030500589,0,0,0.126092372508914,0,-0
77.63,-0.00169097924681285,-0,-0,0.243370566902395,0,0,0.00417527370895601,0,0,0.173492524634564,0,-0
77.635,-0.00048655762011524,-0,-0,0.264029651590284,0,0,0.00409058971248724,0,0,0.222913498093788,0,-0
77.64,0.000726406013436998,-0,-0,0.285238501164476,0,0,0.00387702439692685,0,0,0.273357227297679,0,-0
77.645,0.00191851086601768,-0,-0,0.306847635245573,0,-0,0.00366356890156511,0,0,0.323140027248989,0,-0
77.65,0.00302060051258124,-0,-0,0.328738095650708,0,-0,0.00348579235470319,0,0,0.305984791443292,0,-0
77.655,0.00403340629081294,-0,-0,0.350719170690572,0,-0,0.00362683801905531,0,0,0.282303536796101,0,-0
77.66,0.00496627274376941,-0,-0,0.372632159705701,0,-0,0.00422613728670835,0,0,0.25439828678862,0,-0
77.665,0.00586987419596313,-0,-0,0.39426270045689,0,-0,0.00542702710818719,0,0,0.223763882931503,0,-0
77.67,0.00980667065973469,-0,-0,0.408379016274971,0,-0,0.00757886825921139,0,0,0.243356060665086,-0,-0
77.675,0.0148421750158756,-0,-0,0.421475303788087,0,-0,0.0107444809770489,0,0,0.258552507127554,-0,-0
77.68,0.0210672240550641,-0,-0,0.433487867151648,0,-0,0.0151192516711395,0,0,0.269013451507417,-0,-0
77.685,0.0306659652451113,-0,-0,0.443673816171986,0,-0,0.0206573451797763,0,0,0.276365082335628,-0,-0
77.69,0.0454651184306031,-0,-0,0.451625063021008,0,-0,0.0272158715733505,0,0,0.280979898056014,-0,-0
77.695,0.0627722429225798,-0,-0,0.458301225660982,0,-0,0.0351528279724751,0,0,0.280040513989393,-0,-0
77.7,0.0825566780906926,-0,-0,0.463674459875366,0,-0,0.0445443578796256,0,0,0.273631808292336,-0,-0
77.705,0.0972786253710134,-0,-0,0.468778633526282,0,-0,0.0543897846572363,0,0,0.254228303053375,-0,-0
77.71,0.105074414935076,-0,-0,0.473586211805285,0,-0,0.064114512410747,0,-0,0.224574710684529,-0,-0
77.715,0.11310887165615,-0,0,0.476867047512171,0,-0,0.0745600588658965,0,-0,0.194025159735664,-0,-0
77.72,0.121359242623866,-0,0,0.478465067510451,0,-0,0.0856476961106883,0,-0,0.163046802329115,-0,-0
77.725,0.145322089014002,-0,0,0.471278175827067,0,-0,0.0989334731291305,0,-0,0.132124424401956,-0,-0
77.73,0.183020630089081,-0,0,0.45703064971385,0,-0,0.1145273268697,0,-0,0.101579654153225,-0,0
77.735,0.22231059063113,-0,0,0.441162453681543,0,-0,0.13123524967439,0,-0,0.0716796409927078,-0,0
77.74,0.262611130934061,-0,0,0.423637950067962,0,-0,0.148969605063261,0,-0,0.0427025233950536,-0,0
77.745,0.318028243881175,-0,0,0.386358647833422,0,-0,0.175844068984784,0,-0,0.013901062531004,-0,0
77.75,0.380946974917419,-0,0,0.340547210080607,0,-0,0.209314377696993,0,-0,-0.00969404863513079,-0,0
77.755,0.443331710822989,-0,0,0.295843859372555,0,-0,0.245513736019991,0,-0,-0.0269462303260021,-0,0
77.76,0.504293351776478,-0,0,0.252646601335379,-0,-0,0.284216770565817,0,-0,-0.0381778343238057,-0,0
77.765,0.541137910585823,-0,0,0.213189467437503,-0,-0,0.315289987734616,0,-0,-0.0429274989723912,-0,0
77.77,0.549759657319582,-0,0,0.177735961998814,-0,-0,0.334952916432666,0,-0,-0.0408152090694803,-0,0
77.775,0.555619851648662,-0,0,0.144368235631711,-0,-0,0.353857880231895,0,-0,-0.0331396776826801,-0,0
77.78,0.558698712275806,-0,0,0.113466101949539,-0,-0,0.371846904002157,0,-0,-0.0204898672386956,-0,0
77.785,0.546691487690686,-0,0,0.0859841141638169,-0,-0,0.386966917538917,0,-0,-0.00492044046879017,-0,0
77.79,0.527253753530324,-0,-0,0.0618011787528427,-0,-0,0.399950251395822,0,-0,0.0134824989196593,-0,0
77.795,0.50613914594373,0,-0,0.0410056325988194,-0,-0,0.411465476796095,0,-0,0.0347768657995086,-0,0
77.8,0.483664696001278,0,-0,0.0239387804482095,-0,-0,0.421445796554262,0,-0,0.0584731304688745,-0,0
77.805,0.456907833766484,0,-0,0.0113040108866744,-0,-0,0.429314121897156,0,-0,0.083964893435926,-0,0
77.81,0.429073152410881,0,-0,0.00279260632237566,-0,0,0.43545599575692,0,-0,0.110907655616834,-0,0
77.815,0.401098442018148,0,-0,-0.00146629050674591,-0,0,0.439963838045157,0,-0,0.138904633251039,-0,0
77.82,0.373943254180163,0,-0,-0.00122833288692826,-0,0,0.443320198913274,0,-0,0.167027567778863,-0,0
77.825,0.35165417731522,0,-0,0.00232939383977793,-0,0,0.448437392694378,-0,-0,0.191531665044677,-0,0
77.83,0.329644759480572,0,-0,0.0073977983812975,-0,0,0.452046278169741,-0,-0,0.215835239754684,-0,0
77.835,0.308113998170805,0,-0,0.0140534163796743,-0,0,0.454170791869995,-0,-0,0.239662965323541,0,0
77.84,0.287138926451123,0,-0,0.0218035439479933,-0,0,0.454515252880891,-0,-0,0.260224139975136,0,0
77.845,0.266580209948374,0,-0,0.0279907253694283,-0,0,0.452025617584089,-0,0,0.268782645618112,0,0
77.85,0.246927024004832,0,-0,0.0342678337270367,-0,0,0.448231081758004,-0,0,0.276183655481247,0,0
77.855,0.228239376121806,0,-0,0.0405873634901142,-0,0,0.443218112764403,-0,0,0.282356235410862,0,0
77.86,0.211148015006294,0,-0,0.0471496635545426,-0,0,0.429909870756774,-0,0,0.283385665484514,0,0
77.865,0.196091380181358,0,-0,0.0542366266314889,-0,0,0.40227608119192,-0,0,0.275895522070653,0,0
77.87,0.181853904615835,0,-0,0.0612382757850392,-0,0,0.374494445156851,-0,0,0.267407855374652,0,0
77.875,0.168408632580747,0,-0,0.0679988765040611,-0,0,0.346787555224737,-0,0,0.257997289909313,0,0
77.88,0.156193660512031,0,-0,0.0767151988214855,-0,0,0.318886232061653,-0,0,0.241318690548444,0,0
77.885,0.144817996728454,0,-0,0.0862817191081059,-0,0,0.291282048964863,-0,0,0.221658752208256,0,0
77.89,0.134018508294817,0,-0,0.0956014009811583,-0,0,0.26435095454585,-0,0,0.201969274770139,0,0
77.895,0.123740816968208,0,-0,0.104500749773002,-0,0,0.238236837253885,-0,0,0.182432341255274,0,0
77.9,0.115093336778677,0,-0,0.109397489781083,0,0,0.215789640187156,-0,0,0.157800660329836,0,0
77.905,0.106739795786496,0,-0,0.113110247948981,0,0,0.194301391055427,-0,0,0.134030104136509,0,0
77.91,0.098596030420889,0,-0,0.115672538211364,0,0,0.173753004218993,-0,0,0.111516654506079,0,0
77.915,0.0904094998290254,0,-0,0.117089673753299,0,0,0.158055741331815,-0,0,0.0912553576434156,0,0
77.92,0.082049850575789,0,-0,0.11741594244662,0,0,0.149821438853259,-0,0,0.0738502038955394,0,-0
77.925,0.0739125999616076,0,-0,0.11666986199608,0,0,0.141966285636715,0,0,0.057888320459555,0,-0
77.93,0.0659854282303305,0,-0,0.114983790364641,0,0,0.134524361877322,0,0,0.0434692662902471,0,-0
77.935,0.0576845512036456,0,-0,0.10966086885095,0,0,0.12768837078585,0,0,0.0316922968489714,0,-0
77.94,0.0493349288854858,0,-0,0.101380966682775,0,0,0.121427876877689,0,0,0.0221207571535648,0,-0
77.945,0.0414579777173195,0,-0,0.092688278591891,0,0,0.115619000385016,0,0,0.013887138802576,-0,-0
77.95,0.0340674228831958,0,-0,0.0839394374051593,0,0,0.11026627728046,0,0,0.00698707923957867,-0,-0
77.955,0.0279526348818135,0,-0,0.081584915882845,0,0,0.107320031126583,0,0,0.00509076487436077,-0,-0
77.96,0.022184995641941,-0,-0,0.0813548489785507,0,0,0.105208316081518,0,0,0.00427131785195758,-0,-0
77.965,0.0165778658410787,-0,-0,0.0819651005732077,0,0,0.103457483051478,0,0,0.00352098170318027,-0,-0
77.97,0.0111733732013141,-0,-0,0.0835200488512306,0,0,0.102069219926191,0,0,0.00284102384103465,-0,-0
77.975,0.00601419459603371,-0,-0,0.0860334877633936,0,0,0.101038760177484,0,0,0.00223024208155405,-0,-0
77.98,0.00109527523988138,-0,-0,0.0902663358934178,0,0,0.0966129969941739,0,0,0.000326158487833713,-0,-0
77.985,-0.00312491087075974,-0,-0,0.0951353749321351,0,0,0.0924660176855539,0,0,-0.000823577686008578,-0,-0
77.99,-0.00665160859956419,-0,-0,0.100314540784981,0,0,0.0885923528921488,0,0,-0.00125036436978202,-0,-0
77.995,-0.00950253281352795,-0,-0,0.10540317071375,-0,0,0.0849304343680459,0,0,-0.00100352835509654,-0,-0
78,-0.0117085442887957,-0,-0,0.108453549483825,-0,0,0.0804709674593655,0,0,-0.000115417721924726,-0,-0
78.005,-0.0133069520193715,-0,-0,0.109420275917846,-0,0,0.0752477140270716,0,0,0.00123413367635546,-0,-0
78.01,-0.0143374845398108,-0,-0,0.10922533438171,-0,0,0.0700181412853899,0,0,0.00299200305469616,-0,-0
78.015,-0.014849963964207,-0,-0,0.107455420171439,-0,0,0.0647288964404949,0,0,0.00517389368074745,-0,-0
78.02,-0.0148837248975915,-0,-0,0.103222710352292,-0,0,0.0590675731938303,-0,0,0.00777778615087545,-0,-0
78.025,-0.0143594410120392,-0,-0,0.0926356302593527,-0,0,0.0508196846457179,-0,0,0.0104768898286973,-0,-0
78.03,-0.0134826751544724,0,-0,0.0810553193856536,-0,0,0.0423694320967377,-0,0,0.0135493478150931,-0,-0
78.035,-0.0123253155830059,0,-0,0.068554755146014,-0,0,0.0337345934165916,-0,0,0.0170551081936015,-0,0
78.04,-0.0112183215611736,0,0,0.0565433970186797,-0,0,0.025509034273121,-0,0,0.020875120982782,-0,0
78.045,-0.0102890338785451,0,0,0.044658019909602,-0,0,0.01789383493369,-0,0,0.0249381950633613,-0,0
78.05,-0.00926494121704595,0,0,0.0314387369676668,-0,0,0.0102883842271039,-0,0,0.0294969269119651,-0,0
78.055,-0.00818787576684641,0,0,0.0173819334134302,-0,0,0.00279056725392531,-0,0,0.034607942490983,-0,0
78.06,-0.00573121727740755,0,0,0.0027179396285007,-0,0,-0.0037551368515653,-0,0,0.0404337830305321,-0,0
78.065,-0.00303924380096703,0,0,-0.00827786631711452,-0,0,-0.00977321087962628,-0,0,0.0469825752351066,-0,0
78.07,-0.000562744416876733,0,0,-0.0147479689292203,-0,0,-0.0153431716892607,-0,0,0.0542822197356812,-0,0
78.075,0.00165614894356199,0,0,-0.0164753500712648,-0,-0,-0.0203291262117769,-0,-0,0.0623832735373139,-0,0
78.08,0.00451324798258196,0,0,-0.0135604382850914,0,-0,-0.0179367244328646,-0,-0,0.072932985013562,0,0
78.085,0.00698126782990117,0,0,-0.00598254257945195,0,-0,-0.0153005639139382,-0,-0,0.084796980473043,0,0
78.09,0.00905838983984885,0,0,0.00603702479862506,0,-0,-0.0126402716155338,-0,-0,0.098027686385981,0,0
78.095,0.0107928320054232,0,0,0.0221176099010092,0,-0,-0.0100335556603672,-0,-0,0.112703879042146,0,0
78.1,0.0100721265092575,0,0,0.0289135790770838,0,-0,-0.00824141308139517,-0,-0,0.123280480799192,0,0
78.105,0.00945678137751452,0,0,0.0366306248641998,0,-0,-0.00647753819437895,-0,-0,0.134332640921696,0,0
78.11,0.00898060584074404,0,0,0.0450416535830815,0,-0,-0.00479317089487596,-0,-0,0.145848148225751,0,0
78.115,0.00867507691355376,0,0,0.0538516075795373,0,-0,-0.00323363775994092,-0,-0,0.157813420108355,0,0
78.12,0.0102104066034512,0,0,0.102045306430048,0,-0,-0.0019378867203818,-0,-0,0.183721437287291,0,0
78.125,0.01234288326177,0,0,0.158887055542393,0,-0,-0.000702778184207154,-0,-0,0.214853689798588,0,-0
78.13,0.0149550889367126,0,0,0.215272345828108,0,-0,0.000511503698252947,-0,-0,0.248812009799914,0,-0
78.135,0.0182595729281919,0,0,0.269440651117642,0,-0,0.00172959809258903,-0,-0,0.285499562936571,0,-0
78.14,0.0207151490308322,0,0,0.260429298207874,0,-0,0.00418574082118557,-0,-0,0.311859812582039,0,-0
78.145,0.0238256543394044,0,0,0.246747716973408,0,-0,0.00785403781158483,-0,-0,0.338629078039096,0,-0
78.15,0.027719608660159,0,0,0.230899384117644,0,-0,0.0128165116643705,-0,-0,0.366015654466471,0,-0
78.155,0.032461505247338,0,0,0.213258687007133,0,-0,0.019168357182919,-0,-0,0.393743803240615,0,-0
78.16,0.0393317323307848,0,0,0.218766922478738,0,-0,0.0296272494187061,-0,-0,0.406895634669452,0,-0
78.165,0.0475400549963616,0,0,0.220786059747393,0,-0,0.042528320340729,-0,-0,0.41843471852874,0,-0
78.17,0.0571739893034636,0,0,0.218787191704617,-0,-0,0.0578322569851106,-0,0,0.428424725251499,0,-0
78.175,0.068320143101111,0,0,0.212855581417853,-0,-0,0.0755517087085157,-0,0,0.436692240551745,0,-0
78.18,0.0798041473611113,0,0,0.204794336599067,-0,-0,0.10315131723701,-0,0,0.447205402496225,0,-0
78.185,0.0926335461072068,0,0,0.192775801512616,-0,-0,0.134214771997847,-0,0,0.455671057220091,0,-0
78.19,0.10682377539742,0,0,0.177050522358588,-0,-0,0.168407308956302,-0,0,0.461857008084905,0,-0
78.195,0.121659396421549,0,0,0.155498972998313,-0,-0,0.204737287353707,-0,0,0.465067544738182,0,-0
78.2,0.134621422400731,0,-0,0.124066931801289,-0,-0,0.240857052175904,-0,0,0.463742109711583,0,-0
78.205,0.14811910289406,0,-0,0.0941038964978955,-0,-0,0.278386573026187,-0,0,0.459691303179952,0,-0
78.21,0.162073469426309,0,-0,0.0659184863429069,-0,-0,0.316799051798186,-0,0,0.45288266154368,0,-0
78.215,0.176402760268489,0,-0,0.0397582465927527,-0,-0,0.355545989734461,-0,0,0.443335828693952,0,-0
78.22,0.190767160334284,0,-0,0.0163290705510498,-0,-0,0.370273800406383,-0,0,0.435098917719774,0,-0
78.225,0.205276579752391,0,-0,-0.00620068933285818,-0,0,0.381376198857262,-0,0,0.424337536673643,0,-0
78.23,0.219860525776752,0,-0,-0.0277631734049268,-0,0,0.390453221694915,-0,0,0.410847651829905,0,-0
78.235,0.234429678608473,0,-0,-0.0482302274222307,-0,0,0.397434620384599,-0,0,0.394768113303475,0,0
78.24,0.253675005357145,0,-0,-0.0655550437924178,-0,0,0.411961884244787,-0,0,0.366049044021344,-0,0
78.245,0.277949574949804,0,-0,-0.0782455556742805,-0,0,0.433364588833176,-0,0,0.327450625141963,-0,0
78.25,0.302938839836356,0,-0,-0.0877140169118583,-0,0,0.452514993774018,-0,0,0.289444849563792,-0,0
78.255,0.328480523162493,0,-0,-0.0941200283555251,-0,0,0.469248391690477,-0,0,0.252473921947427,-0,0
78.26,0.357275760486708,0,-0,-0.0942014117772445,-0,0,0.478298717939277,-0,0,0.215943686447189,-0,0
78.265,0.392091496684616,0,-0,-0.0837527873499313,-0,0,0.475392479434813,-0,0,0.179726807972457,-0,0
78.27,0.427466320296079,0,-0,-0.0689903841941001,-0,0,0.470495951490236,-0,0,0.146205289883569,-0,0
78.275,0.4630990750151,0,-0,-0.0504016914490716,-0,0,0.463789857411795,-0,-0,0.115657646350756,-0,0
78.28,0.488192931340159,0,-0,-0.0284698707855375,-0,0,0.45610971164715,-0,-0,0.088978840334429,-0,0
78.285,0.503251953807621,0,-0,-0.00368891925270842,-0,0,0.447526261139457,-0,-0,0.0658861954983552,-0,0
78.29,0.516870664050316,0,-0,0.0234493866108475,-0,0,0.437698443742459,-0,-0,0.0458105597073176,-0,0
78.295,0.528922740499288,0,-0,0.0524582073154631,-0,0,0.426844316924803,0,-0,0.0288256057383085,-0,0
78.3,0.537801851137852,0,-0,0.0843016989611779,-0,0,0.411572556646373,0,-0,0.0148377052660668,-0,0
78.305,0.541375974705353,0,-0,0.120551035092976,-0,0,0.387886852148455,0,-0,0.00405608855841774,-0,0
78.31,0.543062010301936,0,-0,0.157418269854167,-0,0,0.364690659424582,0,-0,-0.00303898091951775,-0,0
78.315,0.542859910880205,0,-0,0.194381568301494,0,0,0.342152553483212,0,-0,-0.00649242510035319,-0,0
78.32,0.540537577108861,0,-0,0.22241075897561,0,0,0.318361160364884,0,-0,-0.00749229300609008,-0,0
78.325,0.536149325206467,0,-0,0.241193739337595,0,0,0.293723150328492,0,-0,-0.00739357829830039,-0,0
78.33,0.530013899713215,-0,-0,0.258777343715115,0,0,0.270374463587598,0,-0,-0.00555631599059416,-0,0
78.335,0.522222025836095,-0,-0,0.274939356011334,0,0,0.248339237022681,0,-0,-0.00200294505849207,-0,0
78.34,0.51369588057932,-0,-0,0.288158741949363,0,0,0.227726598907471,0,-0,0.00346323449573405,-0,0
78.345,0.507534547220538,-0,-0,0.293437600741635,0,0,0.208899465622854,0,-0,0.0118501952886392,-0,0
78.35,0.499901674131016,-0,-0,0.297048848974212,0,0,0.191255896505894,0,-0,0.0222849168101104,-0,0
78.355,0.490915192709708,-0,-0,0.298929933604745,0,0,0.174740724054119,0,-0,0.0347707538859806,-0,0
78.36,0.475666966130774,-0,-0,0.294924586947437,0,0,0.160488676932323,0,-0,0.0464792949040804,-0,0
78.365,0.447634597663002,-0,0,0.279697450549461,0,0,0.14991146472451,0,-0,0.0522058792948724,-0,0
78.37,0.41971899842862,-0,0,0.263756476726419,0,0,0.139880031469491,0,-0,0.0583311801369515,-0,0
78.375,0.392141763034319,-0,0,0.247239776582077,0,0,0.130336829768902,0,-0,0.0649155212528625,-0,0
78.38,0.364155305392084,-0,0,0.227441951600855,0,0,0.121908242133614,0,-0,0.0701224788633535,-0,0
78.385,0.335105232840639,0,0,0.202236498223655,0,0,0.115090157884154,0,-0,0.0716078757271366,-0,0
78.39,0.307157368112503,0,0,0.177907719572239,0,0,0.108371500456445,0,-0,0.0730676559451493,-0,0
78.395,0.280443827509558,0,0,0.154644436137046,0,0,0.101705791496711,0,-0,0.0745858938824319,-0,0
78.4,0.255228410192308,0,0,0.131178669664052,0,0,0.0953911900990651,0,-0,0.0766044220933832,-0,0
78.405,0.231642278804982,0,0,0.107361270744466,0,0,0.0894847115687676,0,-0,0.0794260495919531,0,0
78.41,0.209481625407201,0,0,0.0857153488604225,-0,-0,0.0834060620920766,0,-0,0.0825586450621178,0,0
78.415,0.188763682733394,0,0,0.0663585088597601,-0,-0,0.0771356112445133,0,-0,0.0860173902550757,0,0
78.42,0.169883391846974,0,0,0.0480929526669763,-0,-0,0.0694308132095473,0,-0,0.0901090023707638,0,0
78.425,0.152958994881499,0,0,0.0309715607585113,-0,-0,0.0600897817125741,0,-0,0.0949815835579109,0,0
78.43,0.137304984582921,0,0,0.0172952805258359,-0,-0,0.0512045878855254,0,-0,0.100082503993331,0,0
78.435,0.122855944577246,0,0,0.00707891895138941,-0,-0,0.0428002931627253,-0,-0,0.105300820982313,0,0
78.44,0.111894614819342,0,0,0.00245427931929185,-0,-0,0.0352175342063284,-0,-0,0.112794535922793,0,0
78.445,0.103424639825341,0,0,0.000764976777540364,-0,-0,0.0282540984844178,-0,-0,0.121714526637903,0,0
78.45,0.0956430733776012,0,0,-3.93247929595944e-05,-0,-0,0.0216888076137612,-0,-0,0.130170390163384,0,0
78.455,0.0884862529687125,0,0,4.93227796677063e-05,-0,-0,0.0155609732279294,-0,-0,0.137885329242008,0,0
78.46,0.0844969866508679,0,0,0.000738924612789581,-0,-0,0.0101205543342228,-0,-0,0.144215224864996,0,0
78.465,0.0824200977782189,0,0,0.00145426113872999,-0,-0,0.00504316849956604,-0,-0,0.149036758473766,0,0
78.47,0.0806090404842048,0,0,0.00224024560707911,-0,-0,0.000185953692793598,-0,-0,0.152295722558987,0,0
78.475,0.0790289849940545,0,0,0.00312512324912852,-0,-0,-0.00440186491082623,-0,-0,0.153736093854563,0,0
78.48,0.072521137583516,0,0,0.00545065660591664,-0,-0,-0.00844760349634035,-0,-0,0.15067037389972,0,0
78.485,0.0616824046237677,0,0,0.00986683815852683,-0,-0,-0.0116294627561195,-0,-0,0.143617028305631,0,0
78.49,0.0511149875258585,-0,0,0.0154518030236011,-0,-0,-0.0140677054540285,-0,-0,0.1349043663913,0,0
78.495,0.0407532733710716,-0,0,0.0222500474459975,-0,-0,-0.0157913460915339,-0,-0,0.124559166158638,0,0
78.5,0.0300009240968879,-0,0,0.0305887869357706,-0,-0,-0.0163549922433712,-0,-0,0.106996225617602,0,-0
78.505,0.0190899351843989,-0,0,0.0405081019696389,-0,-0,-0.0158545364971918,-0,-0,0.0863614159445018,0,-0
78.51,0.00842042939895158,-0,0,0.0519270715442433,-0,-0,-0.0146610468798641,-0,-0,0.0669830517398323,0,-0
78.515,-0.00191499099814239,-0,0,0.0649199484551689,-0,-0,-0.0128913349278533,0,-0,0.0492619084732268,0,-0
78.52,-0.00497022685753975,-0,0,0.0768391143599376,-0,-0,-0.0114656565825966,0,-0,0.0380799434534307,0,-0
78.525,-0.006616625404641,-0,0,0.0894599609452924,-0,0,-0.00989614039165944,0,0,0.0274580426314278,0,-0
78.53,-0.00802682290104885,-0,0,0.103247262399083,-0,0,-0.00813447226188574,0,0,0.0167910186454895,0,-0
78.535,-0.00904736412344409,-0,0,0.118245791858119,-0,0,-0.0061528321612083,0,0,0.0062700899310005,0,-0
78.54,-0.00898406401558548,-0,0,0.134668515030705,-0,0,-0.00328366952773962,0,0,-0.00206088096398571,0,-0
78.545,-0.00867120993444348,-0,0,0.152310404140034,0,0,-0.000512902339111989,0,0,-0.00394327508755104,0,-0
78.55,-0.00810004523085668,-0,0,0.171147991800297,0,0,0.00206498323830311,0,0,0.000535018728530407,0,-0
78.555,-0.00718917297163233,-0,0,0.191413844778323,0,0,0.00459594770546494,0,0,0.0115363554092509,0,-0
78.56,-0.00590708191350676,-0,-0,0.21345626127698,0,0,0.00722689312714771,0,0,0.0295889388080484,0,-0
78.565,-0.00448836143487976,-0,-0,0.236656101223096,0,0,0.00938642402409756,0,0,0.0533714065795636,0,-0
78.57,-0.00297323081541476,-0,-0,0.26093746438176,0,0,0.0110467869643548,0,0,0.0820705339127129,0,-0
78.575,-0.00139339496807842,-0,-0,0.280120062417109,0,0,0.0110130034202204,0,0,0.103759669627623,0,-0
78.58,0.000159006574264743,-0,-0,0.294138869916449,0,0,0.00987135638593632,0,0,0.116654179927335,0,-0
78.585,0.00160920039164976,-0,-0,0.307636476135863,0,0,0.00875547179925911,0,0,0.128718034634408,0,-0
78.59,0.00291090520594988,-0,-0,0.32053055439496,0,0,0.00770704846126108,0,0,0.139718916361182,0,-0
78.595,0.00452470985159622,-0,-0,0.343255044411327,0,-0,0.00824003924985,0,0,0.151923752146411,0,-0
78.6,0.00661379731244722,-0,-0,0.371492771905088,0,-0,0.00921410203061594,0,0,0.163959621635948,0,-0
78.605,0.00904857145445013,-0,-0,0.400348584212752,0,-0,0.0100318599133136,0,0,0.174366384814635,0,-0
78.61,0.0118653962715043,-0,-0,0.429710485571437,0,-0,0.0109342040622616,0,0,0.182882504902585,0,-0
78.615,0.0137848163480141,-0,-0,0.446519273983273,0,-0,0.0110627619434743,0,0,0.18661635620957,0,-0
78.62,0.0151432737887495,-0,-0,0.45745067070043,0,-0,0.0113191473050429,0,0,0.187150746915918,0,-0
78.625,0.0164392399156164,-0,-0,0.467525472300294,0,-0,0.0122111594210271,0,0,0.185573358373895,-0,-0
78.63,0.0177343824759662,-0,-0,0.476731750663396,0,-0,0.0137690891199914,0,0,0.181926706256883,-0,-0
78.635,0.0217533284783536,-0,-0,0.485036541979601,0,-0,0.0164802059158801,0,0,0.183651934490898,-0,-0
78.64,0.0313728141307022,-0,-0,0.492376948298919,0,-0,0.0210116882437033,0,0,0.194434084442873,-0,-0
78.645,0.0424995595777508,-0,-0,0.498653460035896,0,-0,0.0268472880206561,0,0,0.200805027056865,-0,-0
78.65,0.0551007243561583,-0,-0,0.503726529614822,0,-0,0.0341434182118697,0,0,0.202625817194093,-0,-0
78.655,0.0904713096374162,-0,-0,0.476753060212595,0,-0,0.0426134434264146,0,0,0.198612764787787,-0,-0
78.66,0.139537203132917,-0,-0,0.435150794422534,0,-0,0.0524298152624317,0,0,0.189860205460132,-0,-0
78.665,0.192838638124959,-0,-0,0.392938955967544,0,-0,0.063816775582509,0,-0,0.177151851250168,-0,-0
78.67,0.249693203511995,-0,0,0.350531271190771,0,-0,0.0768187444185146,0,-0,0.160725606183302,-0,-0
78.675,0.27215389989118,-0,0,0.340263734685498,0,-0,0.0887074631624929,0,-0,0.135515096049453,-0,-0
78.68,0.282787050404714,-0,0,0.338189974336464,0,-0,0.100536588633984,0,-0,0.108132974563972,-0,0
78.685,0.292391707770472,-0,0,0.334144912028515,0,-0,0.112940066604106,0,-0,0.0808630417454732,-0,0
78.69,0.30085613902971,-0,0,0.327932062175246,0,-0,0.125818552620875,0,-0,0.0539998446442083,-0,0
78.695,0.308075263954446,-0,0,0.319403159293441,0,-0,0.139069606276818,0,-0,0.0278107643977908,-0,0
78.7,0.324988668471138,-0,0,0.304151557427943,-0,-0,0.153803256080473,0,-0,0.00249494021427973,-0,0
78.705,0.364180549985247,-0,0,0.278349432358399,-0,-0,0.171747717978107,0,-0,-0.0202840212929431,-0,0
78.71,0.401693803450435,-0,0,0.251956173498086,-0,-0,0.190433955747149,0,-0,-0.0396306895989474,-0,0
78.715,0.437026354738542,-0,0,0.225214479550881,-0,-0,0.20974357230003,0,-0,-0.0555921414869711,-0,0
78.72,0.46654082977958,-0,0,0.198794836250776,-0,-0,0.229546225239303,0,-0,-0.0678557050577406,-0,0
78.725,0.476185091113396,-0,0,0.174438385711633,-0,-0,0.249696909137862,0,-0,-0.0741348561629445,-0,0
78.73,0.483308809717713,-0,0,0.150069582740976,-0,-0,0.270049669027849,0,-0,-0.0763686865280329,-0,0
78.735,0.487893380626038,-0,-0,0.12598709182371,-0,-0,0.290445834409697,0,-0,-0.0748641773145386,-0,0
78.74,0.489972606074885,-0,-0,0.102488746556684,-0,-0,0.31072195273509,0,-0,-0.0699438144221824,-0,0
78.745,0.477644507768203,-0,-0,0.0703786168924868,-0,0,0.340649338348334,0,-0,-0.043144173437755,-0,0
78.75,0.459348835614352,0,-0,0.0411966489534665,-0,0,0.374777030789298,0,-0,-0.00317445568482962,-0,0
78.755,0.440066364092244,0,-0,0.0196822930923839,-0,0,0.409134751509154,0,-0,0.0423874680913973,-0,0
78.76,0.420048916777108,0,-0,0.00599039181381504,-0,0,0.443409119623404,0,-0,0.0926238951959492,-0,0
78.765,0.402702243074646,0,-0,0.000816819596968684,-0,0,0.458274445353527,0,-0,0.106507045709025,-0,0
78.77,0.385440095399677,0,-0,-0.00341014898109997,-0,0,0.467796710559054,0,-0,0.112164974400629,-0,0
78.775,0.367809273121118,0,-0,-0.00738708517112762,-0,0,0.475681366607337,0,-0,0.117361844887106,-0,0
78.78,0.350007001923171,0,-0,-0.0110578011596227,-0,0,0.48188904429966,0,-0,0.122055671558516,-0,0
78.785,0.307723148349717,0,-0,-0.00603270356148641,-0,0,0.479822810099865,0,-0,0.177582320655493,-0,0
78.79,0.266933984597729,0,-0,0.00411868430087005,-0,0,0.475665301542313,-0,-0,0.236395687263235,0,0
78.795,0.229009476078952,0,-0,0.0189687942622806,-0,0,0.469837222923839,-0,-0,0.295148273320468,0,0
78.8,0.194138995534611,0,-0,0.0382210109057886,-0,0,0.462373832835811,-0,-0,0.352405084569567,0,0
78.805,0.177516601604145,0,-0,0.0443416681953661,-0,0,0.447546172966961,-0,0,0.345817796059104,0,0
78.81,0.161844801461854,0,-0,0.0504887609290339,-0,0,0.431500385490928,-0,0,0.337701527067652,0,0
78.815,0.147120765038364,0,-0,0.0566128193480982,-0,0,0.414430047603438,-0,0,0.328157899229401,0,0
78.82,0.133440633322111,0,-0,0.0617847699694663,-0,0,0.396314845649653,-0,0,0.316017220622075,0,0
78.825,0.121307043985496,0,-0,0.0608049491045929,-0,0,0.376273903573784,-0,0,0.29499661747615,0,0
78.83,0.109926720699656,0,-0,0.0586431084981928,-0,0,0.355853190129038,-0,0,0.273288065521759,0,0
78.835,0.0992580885803563,0,-0,0.0553267469977061,-0,0,0.335250815517419,-0,0,0.251128347067759,0,0
78.84,0.0902145675946149,0,-0,0.0542638733122576,-0,0,0.31962348980365,-0,0,0.234665040866606,0,0
78.845,0.0830518489056967,0,-0,0.0582374259878078,-0,0,0.311649365968901,-0,0,0.226956706182061,0,-0
78.85,0.0760850998281816,0,-0,0.0622651794617933,0,0,0.303316235989327,-0,0,0.21838184355711,0,-0
78.855,0.069282593894179,0,-0,0.066410160956598,0,0,0.294732652538066,0,0,0.209037024201649,0,-0
78.86,0.061527481039381,0,-0,0.0642763490662892,0,0,0.276861373270786,0,0,0.18266088818749,0,-0
78.865,0.0533170069970959,0,-0,0.0564018752215281,0,0,0.252271685661762,0,0,0.144674278455142,0,-0
78.87,0.0456119359402952,0,-0,0.0480425545041293,0,0,0.228776152455091,0,0,0.109433559204482,0,-0
78.875,0.0383932169695143,0,-0,0.0393857536388794,0,0,0.206434683678875,0,0,0.077196199233818,0,-0
78.88,0.0320550801931081,0,-0,0.0436394609012373,0,0,0.195538824969312,0,0,0.0609408640407331,0,-0
78.885,0.026076403942823,0,-0,0.0496021145003789,0,0,0.186001084665364,0,0,0.0471878559219649,0,-0
78.89,0.0204210272551373,0,-0,0.0561761103951724,0,0,0.176960344000746,0,0,0.0348565925874823,0,-0
78.895,0.0150980599876876,0,-0,0.0633000408166026,0,0,0.168441407929795,0,0,0.0240009767638283,0,-0
78.9,0.0100979659375525,0,-0,0.0761235078978566,0,0,0.159451792845701,0,0,0.0155352803490626,0,-0
78.905,0.00547905737164943,0,-0,0.089240598614959,0,0,0.151059644589322,0,0,0.00841092457541403,-0,-0
78.91,0.0012568714034357,-0,-0,0.102368014918544,0,0,0.143253453132783,0,0,0.00263410359064251,-0,-0
78.915,-0.00254444908628646,-0,-0,0.113786609853696,0,0,0.134517798029894,0,0,-0.00162585791371119,-0,-0
78.92,-0.00584989247410883,-0,-0,0.121822080003959,0,0,0.123420294900179,0,0,-0.00431039386637329,-0,-0
78.925,-0.00864853169256509,-0,-0,0.129064371573968,0,0,0.112972225724941,0,0,-0.00582777239038192,-0,-0
78.93,-0.0109440006735529,-0,-0,0.135207632831872,0,0,0.103085970025974,0,0,-0.00618064530595826,-0,-0
78.935,-0.0126683139564502,-0,-0,0.136968614216678,0,0,0.0930105332544483,0,0,-0.00503797021904639,-0,-0
78.94,-0.0138184514212118,-0,-0,0.135106418907575,0,0,0.0828175014720529,0,0,-0.00289881868080061,-0,-0
78.945,-0.0144749682384453,-0,-0,0.131888186129275,0,0,0.072938310206194,0,0,-0.000134498283407777,-0,-0
78.95,-0.0146755360672646,-0,-0,0.127163586811665,0,0,0.0632907281463439,0,0,0.00327166040476818,-0,-0
78.955,-0.0145181552685989,-0,-0,0.12095021580719,0,0,0.0542030648686326,-0,0,0.00731722756115835,-0,-0
78.96,-0.01518970131744,-0,-0,0.115499858963393,0,0,0.05340826252506,-0,0,0.0111790371856027,-0,-0
78.965,-0.0156525305341696,-0,-0,0.107750947060069,-0,0,0.0526368682472412,-0,0,0.0151257802652513,-0,0
78.97,-0.0159165988538964,-0,-0,0.0977178919711674,-0,0,0.0518716938247638,-0,0,0.0191579778980609,-0,0
78.975,-0.0159946200087723,-0,-0,0.0855013745084931,-0,0,0.0510950654300622,-0,0,0.0232746524595396,-0,0
78.98,-0.015600211721652,0,-0,0.0710689411632736,-0,0,0.0479766028869775,-0,0,0.0276988967682842,-0,0
78.985,-0.0141994286840966,0,-0,0.0545597243084145,-0,0,0.0383237877786051,-0,0,0.0330365407049874,-0,0
78.99,-0.012700157278025,0,-0,0.0371533048263427,-0,-0,0.0288545181626144,-0,0,0.038771021753708,-0,0
78.995,-0.0111516198127525,0,-0,0.0193017606802245,0,-0,0.0196684426948484,-0,0,0.044925150587536,-0,0
79,-0.00959898572338738,0,0,0.00151399477467063,0,-0,0.0108880723922054,-0,0,0.0515241237287232,-0,0
79.005,-0.00770029617154857,0,0,-0.0158711869533211,0,-0,0.00689651357619974,-0,0,0.0594363428266284,-0,0
79.01,-0.00586891267639477,0,0,-0.0325756964067606,0,-0,0.00373044896736917,-0,0,0.0681543287193441,0,0
79.015,-0.00418521523905406,0,0,-0.0480320917851177,0,-0,0.000941585822991795,-0,0,0.0776417729628605,0,0
79.02,-0.00253501950502207,0,0,-0.0589049304884705,0,-0,-0.00123510396231577,-0,-0,0.0876110754885354,0,0
79.025,-0.000752330139302351,0,0,-0.0573498155161499,0,-0,-0.00252250999124171,-0,-0,0.0974097200398902,0,0
79.03,0.000768663205230074,0,0,-0.0492748186707829,0,-0,-0.00341890500413434,-0,-0,0.107894241960602,0,0
79.035,0.00203890386645493,0,0,-0.0351212935310194,0,-0,-0.00391013998540414,-0,-0,0.119108592033157,0,0
79.04,0.00325642382229244,0,0,-0.00821730092273425,0,-0,-0.00347560792542631,-0,-0,0.132701824404008,0,-0
79.045,0.00434962299334475,0,0,0.02866290123963,0,-0,-0.00262864098415171,-0,-0,0.148283237487195,0,-0
79.05,0.00528231478881376,0,0,0.0704657805895697,0,-0,-0.00173931095818815,-0,-0,0.165075910172246,0,-0
79.055,0.00613612584783462,0,0,0.115621792572179,0,-0,-0.000835098485348029,-0,-0,0.183090710163554,0,-0
79.06,0.00831564330069545,0,0,0.154754654081953,0,-0,6.41045961987881e-05,-0,-0,0.203280403736294,0,-0
79.065,0.0110561067422356,0,0,0.190867138361338,0,-0,0.000766912649303804,-0,-0,0.225108058562992,0,-0
79.07,0.0141503935582599,0,0,0.225395614429228,0,-0,0.00125490119157218,-0,-0,0.248155640353475,0,-0
79.075,0.017912314886553,0,0,0.257112542182189,0,-0,0.00156280560292911,-0,-0,0.272288826234444,0,-0
79.08,0.0208366368710022,0,0,0.276313418557006,0,-0,0.00146240337410334,-0,-0,0.287004693566881,0,-0
79.085,0.0243963746926754,0,0,0.289809756567727,0,-0,0.00111770986958896,-0,-0,0.299965428439068,0,-0
79.09,0.0290041233149276,0,0,0.298464317149957,-0,-0,0.000665404662847288,-0,-0,0.312580852715116,0,-0
79.095,0.0347996289233998,0,0,0.301928226218931,-0,-0,0.000225738006788514,-0,-0,0.32467311162864,0,-0
79.1,0.0419145832652677,0,0,0.300022346070861,-0,-0,-7.17119535221685e-05,-0,-0,0.336041298186854,0,-0
79.105,0.0499977928376217,0,0,0.297340270161886,-0,-0,0.00355154160379982,-0,-0,0.354004988952823,0,-0
79.11,0.0593722815674304,0,0,0.289545645991703,-0,-0,0.00925324087458648,-0,-0,0.372620880390806,0,-0
79.115,0.070188821886119,0,0,0.275761278928259,-0,-0,0.0163897124569111,-0,-0,0.389924098431894,0,-0
79.12,0.0824924675314911,0,0,0.256320428863158,-0,-0,0.0249654888203506,-0,0,0.405540342388878,0,-0
79.125,0.0964315250930469,0,-0,0.220237003703249,-0,-0,0.0502467916249017,-0,0,0.410575617866473,0,-0
79.13,0.111946110724733,0,-0,0.181372488294117,-0,0,0.0819331057206382,-0,0,0.411703053913917,0,-0
79.135,0.129001646803803,0,-0,0.142961768998813,-0,0,0.116833072364423,-0,0,0.410415952198135,0,-0
79.14,0.147666379672193,0,-0,0.105492609532596,-0,0,0.15456427476471,-0,0,0.405774724310938,0,-0
79.145,0.170786519768612,0,-0,0.0676549722888163,-0,0,0.198190803394565,-0,0,0.378233710368316,0,-0
79.15,0.195840320962613,0,-0,0.0338176910899357,-0,0,0.243526541990249,-0,0,0.349307117669983,0,-0
79.155,0.2227237052044,0,-0,0.00423781819427048,-0,0,0.289833908947667,-0,0,0.319340878889489,0,-0
79.16,0.251049608991446,0,-0,-0.0206067324321378,-0,0,0.333015742766796,-0,0,0.28744297336435,0,-0
79.165,0.280272339675665,0,-0,-0.0386237808823325,-0,0,0.368106049743127,-0,0,0.252742067880023,0,-0
79.17,0.310682992101478,0,-0,-0.0499299327403184,-0,0,0.401767451791345,-0,0,0.218637292592647,-0,-0
79.175,0.342049456403458,0,-0,-0.0548937508825827,-0,0,0.43352393143946,-0,0,0.185598242365307,-0,0
79.18,0.368860699064198,0,-0,-0.0535163313893513,-0,0,0.451037472290371,-0,0,0.155856777637203,-0,0
79.185,0.390830170134074,0,-0,-0.0461524495520866,-0,0,0.45581624945332,-0,0,0.129182372974704,-0,0
79.19,0.411995950027583,0,-0,-0.0337019799011646,-0,0,0.458067394563955,-0,0,0.104309864099022,-0,0
79.195,0.432159912885902,0,-0,-0.0167635202084499,-0,0,0.457882031970733,-0,0,0.0815629658266197,-0,0
79.2,0.447660828367668,0,-0,0.00808256569752843,-0,0,0.449375198803778,-0,0,0.0606074747023342,-0,0
79.205,0.460135216657064,0,-0,0.0385852110449476,-0,0,0.436595647103728,-0,0,0.042241040873011,-0,0
79.21,0.470838409005735,0,-0,0.0725689903729159,-0,0,0.422308491252225,-0,0,0.0269294927061848,-0,0
79.215,0.479701872524543,0,-0,0.109378177505096,-0,0,0.406825777865325,-0,-0,0.0148031941131318,-0,0
79.22,0.488366614348475,0,-0,0.123480942720509,-0,0,0.393519386169442,0,-0,0.00987376657544577,-0,0
79.225,0.495784053595294,0,-0,0.12842018311492,-0,0,0.380495533493172,0,-0,0.0067993928029643,-0,0
79.23,0.501361960266791,0,-0,0.132564245956932,0,0,0.366925337594694,0,-0,0.00380081013133462,-0,0
79.235,0.505104796372419,0,-0,0.13596843507075,0,0,0.353054304349446,0,-0,0.000873361984108994,-0,0
79.24,0.507687613682896,0,-0,0.161989853516471,0,0,0.335139145268925,0,-0,-0.00122643918282823,-0,0
79.245,0.50878589417998,0,-0,0.198356921529759,0,0,0.315925470850489,0,-0,-0.000273210247796548,-0,0
79.25,0.508155473738347,0,-0,0.234564409938068,0,0,0.297370553109895,0,-0,0.00380560594275301,-0,0
79.255,0.505848271959668,0,-0,0.270185670517846,0,0,0.279585475334633,0,-0,0.0109325531986807,-0,0
79.26,0.501878685207468,0,-0,0.30448772939846,0,0,0.262661742403441,0,-0,0.0208642272604556,-0,0
79.265,0.494834607823072,0,-0,0.327014514551991,0,0,0.247268701375957,0,-0,0.0266414522727906,-0,0
79.27,0.486364468337637,0,-0,0.347883634547633,0,0,0.232703286288673,0,-0,0.0328398516624531,-0,0
79.275,0.476559065086509,0,-0,0.366781105211343,0,0,0.218946583763611,0,-0,0.0394585951334207,-0,0
79.28,0.465512338521997,0,-0,0.383390223375676,0,0,0.20595784257534,0,-0,0.0465090962696862,-0,0
79.285,0.453321910371316,0,-0,0.397388433597707,0,0,0.19368092654272,0,-0,0.0540134638358841,-0,0
79.29,0.422463709524431,0,0,0.392129267388074,0,0,0.179468904901504,0,-0,0.0572870981018825,-0,0
79.295,0.391435769934283,0,0,0.384431600505011,0,0,0.166009740830437,0,-0,0.0601340358625256,-0,0
79.3,0.360889464419461,0,0,0.37463320123319,0,0,0.153285805557121,0,-0,0.0627188584233094,-0,0
79.305,0.326511030930627,0,0,0.346570115697471,0,0,0.14141575618911,0,-0,0.0645979150843891,-0,0
79.31,0.284593759769661,0,0,0.287084858512789,0,0,0.130488312364617,0,-0,0.0651795047289695,-0,0
79.315,0.244911110200092,0,0,0.231167335907594,0,0,0.12002141979288,0,-0,0.0655260929883708,-0,0
79.32,0.207627008248043,0,0,0.179376371092022,0,0,0.109963396945027,0,-0,0.0657314555072828,-0,0
79.325,0.181377646663652,0,0,0.139247428957843,0,0,0.100424869780282,0,-0,0.0635045210608694,0,0
79.33,0.163037565983312,0,0,0.107938401390759,0,0,0.0913180642126362,0,-0,0.0591934480813703,0,0
79.335,0.145751060472737,0,0,0.0798807715643843,0,0,0.0825073090849202,0,-0,0.0546925559991749,0,0
79.34,0.129568030565394,0,0,0.0553385934522735,0,-0,0.0739921106015347,0,-0,0.0501426338935629,0,0
79.345,0.116511701099173,0,0,0.0391554911574239,-0,-0,0.0660194313854086,0,-0,0.0535848798418962,0,0
79.35,0.10449799058799,0,0,0.0257656855006187,-0,-0,0.0583450863126949,0,-0,0.0582001939494,0,0
79.355,0.0933995125635371,0,0,0.0149234112667005,-0,-0,0.0509791064972262,0,-0,0.0634716683753844,0,0
79.36,0.083911680385527,0,0,0.00712708942643953,-0,-0,0.0438512150030695,-0,-0,0.0699601427641592,0,0
79.365,0.0782846977009291,0,0,0.00320185880939012,-0,-0,0.0367023813820651,-0,-0,0.0797822343895944,0,0
79.37,0.0731377698461414,0,0,0.000722293267645783,-0,-0,0.0301043660137103,-0,-0,0.0900733127900017,0,0
79.375,0.0684959413981141,0,0,-0.000303877991061903,-0,-0,0.0240861903911285,-0,-0,0.10061381110986,0,0
79.38,0.0637555707210073,0,0,0.000100776707709955,-0,-0,0.0187926018159685,-0,-0,0.110011647994572,0,0
79.385,0.0585135188822856,0,0,0.00171833710100659,-0,-0,0.014243185417697,-0,-0,0.117103823147073,0,0
79.39,0.0538861765498218,0,0,0.00442470284570577,-0,-0,0.0101881136427754,-0,-0,0.1236354849114,0,0
79.395,0.0498102610730471,0,0,0.00815673193431473,-0,-0,0.00663405641892661,-0,-0,0.129286501205924,0,0
79.4,0.0440337526553549,0,0,0.0126715845048186,-0,-0,0.00357707684931749,-0,-0,0.129251512036588,0,0
79.405,0.0373849040909315,0,0,0.0178611734494797,-0,-0,0.00101173823427197,-0,-0,0.12544645119039,0,0
79.41,0.0310567310922259,0,0,0.023735176721668,-0,-0,-0.00107823457129598,-0,-0,0.120542803746328,0,0
79.415,0.0249008905054844,0,0,0.0302295787918147,-0,-0,-0.00271866232519305,-0,-0,0.114407153904471,0,0
79.42,0.0194211037646162,0,0,0.0372798575437644,-0,-0,-0.00403336811018424,-0,-0,0.102185437948345,0,0
79.425,0.0138906951325239,0,0,0.0448562358781273,-0,-0,-0.00502676528113618,-0,-0,0.0894854562343075,0,0
79.43,0.00823831037538618,-0,0,0.0529382757623429,-0,-0,-0.00572783947416251,-0,-0,0.0764742835225706,0,0
79.435,0.00280486217780279,-0,0,0.0616530398111002,-0,-0,-0.00616269833391786,-0,-0,0.0656221263452741,0,0
79.44,-0.00093025577548929,-0,0,0.0715618785461088,-0,-0,-0.00634165251318801,-0,-0,0.0636196942479377,0,0
79.445,-0.00472852897065183,-0,0,0.0821556718319023,-0,-0,-0.00631805035974436,-0,-0,0.0586348150575452,0,0
79.45,-0.00854144543118993,-0,0,0.0935032329172076,-0,-0,-0.0061249726981664,0,0,0.0509624679601669,0,0
79.455,-0.0111791735473564,-0,0,0.103712635278649,-0,-0,-0.00597065244047471,0,0,0.0403813412526081,0,-0
79.46,-0.0114337061852667,-0,0,0.110412018442933,-0,-0,-0.0060754639616477,0,0,0.0275462038120652,0,-0
79.465,-0.0114712732418683,-0,0,0.117337609567142,-0,-0,-0.00610851469640271,0,0,0.0145893585630449,0,-0
79.47,-0.0112643686475098,-0,0,0.124531781877852,-0,-0,-0.00607571417643939,0,0,0.00202494270403288,0,-0
79.475,-0.0107971155124919,-0,0,0.132027174893099,-0,-0,-0.00598311601040587,0,0,-0.00966188240686907,0,-0
79.48,-0.0102080605417387,-0,0,0.140720332238885,-0,0,-0.00555252027524968,0,0,-0.019207598239487,0,-0
79.485,-0.0096324850270199,-0,0,0.151792561880208,-0,0,-0.00452770890624277,0,0,-0.0236471075928072,0,-0
79.49,-0.00878639664137293,-0,0,0.163577803734335,0,0,-0.00354078217574837,0,0,-0.0237672215806491,0,-0
79.495,-0.00770246579511645,-0,0,0.176092642520696,0,0,-0.00261468281488196,0,0,-0.0197058436913195,0,-0
79.5,-0.0060491504460389,-0,-0,0.191615391392388,0,0,-0.00139748892686051,0,0,-0.00462452191938307,0,-0
79.505,-0.00313046322697128,-0,-0,0.217900392227054,0,0,0.00107697626939445,0,0,0.0479960138919844,0,-0
79.51,-0.000914792581000891,-0,-0,0.246424760270546,0,0,0.00323738298359429,0,0,0.111281961388191,0,-0
79.515,0.000380865483059804,-0,-0,0.27722153885967,0,0,0.00511623563595947,0,0,0.182770223072835,0,-0
79.52,0.000415633907039736,-0,-0,0.304701048302455,0,0,0.0066742060761062,0,0,0.225866434580913,0,-0
79.525,-0.000324516285933326,-0,-0,0.326406225967179,0,0,0.00799664445574339,0,0,0.224925497657318,0,-0
79.53,-0.00145986206051286,-0,-0,0.348842893143688,0,-0,0.00933476238456005,0,0,0.220428932179534,0,-0
79.535,-0.00299608445445745,-0,-0,0.371908093734808,0,-0,0.0108282626321968,0,0,0.212683212648595,0,-0
79.54,-0.00451013399667133,-0,-0,0.391312335100371,0,-0,0.0127693058103515,0,0,0.21749354434491,0,-0
79.545,-0.00589508107739652,-0,-0,0.409299064538887,0,-0,0.015271604422008,0,0,0.224666449504747,-0,-0
79.55,-0.00711919342819253,-0,-0,0.427085789448916,0,-0,0.0185129360955928,0,0,0.228891058880323,-0,-0
79.555,-0.00820149041120558,-0,-0,0.444276389887248,0,-0,0.0224709732811278,0,0,0.229733936677899,-0,-0
79.56,-0.0104145863249572,-0,-0,0.458714576216019,0,-0,0.025302409710818,0,0,0.225094768654707,-0,-0
79.565,-0.0124884129796355,-0,-0,0.472442386931723,0,-0,0.0288555459616658,0,0,0.217674525768366,-0,-0
79.57,-0.0142332607123762,-0,-0,0.485327333898632,0,-0,0.0331460061494966,0,0,0.207657835697979,-0,-0
79.575,-0.0154609869858201,-0,-0,0.497211623273256,0,-0,0.0381785003634093,0,0,0.195281683576596,-0,-0
79.58,-0.0139713761631428,-0,-0,0.502086213225347,0,-0,0.0449113376967607,0,0,0.189118195865683,-0,-0
79.585,-0.00630591805913815,-0,-0,0.492149999023102,0,-0,0.0551703706542733,0,0,0.196604315086527,-0,-0
79.59,0.00335709927294072,-0,-0,0.480484891357412,0,-0,0.0671845403357941,0,-0,0.197120533546878,-0,-0
79.595,0.0149596782134729,-0,-0,0.467105269185721,0,-0,0.0810600987264555,0,-0,0.190726989168324,-0,-0
79.6,0.0517106737816902,-0,-0,0.444236648163898,0,-0,0.0945347112066681,0,-0,0.162069580057986,-0,-0
79.605,0.102575555562093,-0,-0,0.416638988045108,0,-0,0.108322574725171,0,-0,0.127374648479994,-0,-0
79.61,0.157395047051385,-0,0,0.387808746562656,0,-0,0.123254060777077,0,-0,0.0948177364487557,-0,0
79.615,0.215226565946211,-0,0,0.357945847337429,0,-0,0.139267700188362,0,-0,0.0647605044915401,-0,0
79.62,0.269746302296297,-0,0,0.329304330631778,0,-0,0.159035422205768,0,-0,0.0355971544006487,-0,0
79.625,0.324478098002662,-0,0,0.30013497023224,0,-0,0.180490227330932,0,-0,0.0117411098746133,-0,0
79.63,0.378923136159029,-0,0,0.270496415793663,0,-0,0.203287179260699,0,-0,-0.00652841318602763,-0,0
79.635,0.426765551836239,-0,0,0.241107450493483,0,-0,0.227876381573351,0,-0,-0.0191064304712794,-0,0
79.64,0.449066953979988,-0,0,0.213577953012664,0,-0,0.256329338269124,0,-0,-0.0245244192817903,-0,0
79.645,0.468581956653557,-0,0,0.186252208161367,-0,-0,0.28606084448742,0,-0,-0.023487619511987,-0,0
79.65,0.485034638454823,-0,0,0.159488659156193,-0,-0,0.316829122964588,0,-0,-0.016504667915115,-0,0
79.655,0.490579411359534,-0,0,0.133932990795049,-0,-0,0.345717522130632,0,-0,-0.00334559372972856,-0,0
79.66,0.477352608511824,-0,0,0.110153267879118,-0,-0,0.36905785285325,0,-0,0.0167100334362979,-0,0
79.665,0.461733112984038,-0,0,0.0879078119218725,-0,-0,0.391840868799079,0,-0,0.0415436539239369,-0,0
79.67,0.444052839049904,-0,0,0.0675562530034988,-0,-0,0.413838768594081,0,-0,0.0704171334324212,-0,0
79.675,0.419716400865843,-0,-0,0.0494579177470759,-0,-0,0.430155270485914,0,-0,0.0977388755395793,-0,0
79.68,0.390422718004154,-0,-0,0.0338846858779641,-0,0,0.441048258916713,0,-0,0.122821885739525,-0,0
79.685,0.360807224352003,0,-0,0.021051370370619,-0,0,0.45014419798221,0,-0,0.148926845901446,-0,0
79.69,0.331298103166614,0,-0,0.0111498664723108,-0,0,0.457379560417511,0,-0,0.175627747301786,-0,0
79.695,0.304177838044846,0,-0,0.00446737070556583,-0,0,0.462851054732957,0,-0,0.201706314910485,-0,0
79.7,0.279266608540737,0,-0,0.000763003213972178,-0,0,0.466532043257095,0,-0,0.226873528583219,-0,0
79.705,0.255187417856342,0,-0,-0.000143674712771926,-0,0,0.468325110030779,0,-0,0.25150591687695,-0,0
79.71,0.23217030747333,0,-0,0.00173873974590287,-0,0,0.468268092159972,0,-0,0.275331841439379,0,0
79.715,0.217616085776672,0,-0,0.00392500704693105,-0,0,0.467778632187237,0,-0,0.282356191004579,0,0
79.72,0.205488464514413,0,-0,0.00607712242952969,-0,0,0.465909776787522,0,-0,0.284004134116612,0,0
79.725,0.193978061872319,0,-0,0.00855167847871992,-0,0,0.462395812089502,0,-0,0.28430359226043,0,0
79.73,0.183157663708569,0,-0,0.0113097299908041,-0,0,0.457330238602592,0,-0,0.283321287877249,0,0
79.735,0.167500532205919,0,-0,0.0183218460643655,-0,0,0.448321575407951,0,-0,0.289139374583051,0,0
79.74,0.153116428085056,0,-0,0.0266345793052437,-0,0,0.438067717137366,0,0,0.293580056643181,0,0
79.745,0.139957322822,0,-0,0.0361378291059895,-0,0,0.42671618705368,-0,0,0.296591454501269,0,0
79.75,0.128214870970368,0,-0,0.0460809428507075,-0,0,0.411718007120962,-0,0,0.295511864601344,0,0
79.755,0.119941826496713,0,-0,0.0501547906430512,-0,0,0.371078442507278,-0,0,0.26875540223084,0,0
79.76,0.112361270474838,0,-0,0.0538886229681877,-0,0,0.331412463682768,-0,0,0.242144484896933,0,0
79.765,0.105386998984283,0,-0,0.0572363381308177,-0,0,0.293006541425522,-0,0,0.215928222576004,0,0
79.77,0.0997852913964478,0,-0,0.0612604835065548,-0,0,0.260493769363637,-0,0,0.190294011670721,0,0
79.775,0.0962728122551766,0,-0,0.0674873541861807,-0,0,0.238459346247243,-0,0,0.165419688538325,0,0
79.78,0.0928416925593424,0,-0,0.0736811814962168,-0,0,0.217241848829338,-0,0,0.141603645422728,0,0
79.785,0.0894214746694002,0,-0,0.0798343774797408,0,0,0.19694647144407,-0,0,0.119036366213142,0,0
79.79,0.0854534144535776,0,-0,0.0848046435272126,0,0,0.178774437154618,-0,0,0.0982676583345337,0,0
79.795,0.0809998898407851,0,-0,0.0885570927669405,0,0,0.162560223606688,-0,0,0.0793490200303089,0,0
79.8,0.076492146322609,0,-0,0.0921644493515403,0,0,0.147269132570035,0,0,0.0620379600799076,0,0
79.805,0.0718908106842594,0,-0,0.0957010237688602,0,0,0.132931248853222,0,0,0.0464474687583683,0,0
79.81,0.0657329832328762,0,-0,0.0957307825362657,0,0,0.122940429334857,0,0,0.0345925025097506,0,0
79.815,0.0594065468850919,0,-0,0.0949727103451026,0,0,0.114234680293192,0,0,0.0245491925747727,0,0
79.82,0.0532114847666235,0,-0,0.0942228175404716,0,0,0.106148110614557,0,0,0.015949921768374,-0,0
79.825,0.0471622218800747,0,-0,0.0936198452637829,0,0,0.0986886059240842,0,0,0.00881826111049684,-0,0
79.83,0.0407049808699105,0,-0,0.0921258261377747,0,0,0.0926234835103255,0,0,0.00401043399358637,-0,0
79.835,0.0345782304782468,0,-0,0.0909816917688305,0,0,0.0871211361833216,0,0,0.000375247750348853,-0,0
79.84,0.028821919801145,0,-0,0.0902871762872391,0,0,0.0821685863714227,0,0,-0.00211649877237053,-0,0
79.845,0.0234735604008244,-0,-0,0.0900963596075278,0,0,0.0777483792827454,0,0,-0.00350405734013822,-0,-0
79.85,0.0184725883000541,-0,-0,0.0900266035445834,0,0,0.0718595218724993,0,0,-0.00356034711130801,-0,-0
79.855,0.0139836891308175,-0,-0,0.0904288813795016,0,0,0.0665046453159864,0,0,-0.00284287145343133,-0,-0
79.86,0.0100301327249815,-0,-0,0.0912120076850015,0,0,0.0616151749805685,0,0,-0.00140633434440894,-0,-0
79.865,0.00667131190529885,-0,-0,0.0935595360495933,0,0,0.0558425117539134,0,0,0.000675533521968277,-0,-0
79.87,0.00387502411778418,-0,-0,0.0979241450486696,0,0,0.0483612262905037,0,0,0.00314023903406643,-0,-0
79.875,0.00153998995970543,-0,-0,0.101858689911766,0,0,0.04105180112456,0,0,0.00589483111065953,-0,-0
79.88,-0.000343252841719251,-0,-0,0.105044885009982,0,0,0.0337848679452569,0,0,0.00891669203583732,-0,-0
79.885,-0.0018045230591992,-0,-0,0.104870298525857,0,0,0.0273930630425872,0,0,0.0121060274249214,-0,-0
79.89,-0.00289084631261926,-0,-0,0.101975857256555,0,0,0.0215859361522613,0,0,0.0154316525924372,-0,-0
79.895,-0.00363077130513441,-0,-0,0.0979720656403448,0,0,0.0155926312266983,0,0,0.0189543600462926,-0,-0
79.9,-0.00406006252670842,-0,-0,0.0927073501683681,0,0,0.00936617962989174,0,0,0.022696275416818,-0,-0
79.905,-0.00435091802104701,-0,-0,0.0905978532974512,-0,0,0.00563179158103356,0,0,0.0269092460243448,-0,-0
79.91,-0.00446505060348849,-0,-0,0.0867173442122327,-0,0,0.00219978841204766,-0,0,0.0315099513358485,-0,-0
79.915,-0.00441576068653714,-0,-0,0.0802793805409404,-0,0,-0.00132878065712165,-0,0,0.0365311605967877,-0,-0
79.92,-0.00423058244433488,-0,-0,0.0715459863025751,-0,0,-0.0046007981522254,-0,0,0.0419621531321564,-0,-0
79.925,-0.00392168714303025,0,-0,0.0612725581417841,-0,0,-0.00596447465268196,-0,0,0.0474017909392183,-0,-0
79.93,-0.00353890716137954,0,-0,0.0486066623230851,-0,0,-0.00723024255330385,-0,0,0.0533842977874315,-0,0
79.935,-0.00310957332612048,0,0,0.0339481053684515,-0,0,-0.00835978635541821,-0,0,0.0599890996062034,-0,0
79.94,-0.0024987539491776,0,0,0.0164694965639647,-0,-0,-0.00854496719978811,-0,0,0.0670390667152183,-0,0
79.945,-0.00173112171250406,0,0,0.000497043221106357,-0,-0,-0.00764633127649658,-0,0,0.0744898901699542,-0,0
79.95,-0.00102887382154112,0,0,-0.0106042490953275,-0,-0,-0.00655037871198937,-0,0,0.0826593167257435,-0,0
79.955,-0.000417930411000636,0,0,-0.0165317693829071,0,-0,-0.00527759983967542,-0,0,0.0915917913078239,-0,0
79.96,-0.00029066209964557,0,0,-0.0223946521747733,0,-0,-0.00432080653645851,-0,0,0.0999746224530582,-0,0
79.965,-0.000268184765110243,0,0,-0.0278020779194559,0,-0,-0.00334944236110687,-0,0,0.108543476025863,0,0
79.97,-0.000243823859281203,0,0,-0.0315391409226346,0,-0,-0.00229560137261994,-0,-0,0.11758376336758,0,0
79.975,-0.000216311550133958,0,0,-0.0333756119760146,0,-0,-0.00122147758901153,-0,-0,0.127070474970729,0,0
79.98,0.000109120405347031,0,0,-0.0226385901016456,0,-0,0.000650628924428961,-0,-0,0.141458999825162,0,0
79.985,0.000312472554531839,0,0,-0.00655858068783937,0,-0,0.00228141599493078,-0,-0,0.157552603704422,0,0
79.99,0.000385264849561412,0,0,0.0133420727176661,0,-0,0.00345079309272479,-0,-0,0.174975612960207,0,0
79.995,0.000369806890317198,0,0,0.0363686789314362,0,-0,0.004038116905823,-0,-0,0.193763251104483,0,0
80,0.00036478859057341,0,0,0.0717352338232006,0,-0,0.00391682273506289,-0,-0,0.215579568543836,0,0
80.005,0.000422623640322208,0,0,0.124469245384905,0,-0,0.00301155150005029,-0,-0,0.241644177649233,0,0
80.01,0.000620968837391763,0,0,0.178698401812189,0,-0,0.0012978234917878,-0,-0,0.269728428924313,0,0
80.015,0.00116065641116154,0,0,0.232676272043531,-0,-0,-0.00125253949015156,-0,-0,0.299807814602302,0,0
80.02,0.0021923382780066,0,0,0.250180051317074,-0,-0,-0.00388625210825198,-0,-0,0.320079327384974,0,-0
80.025,0.00389157084590049,0,0,0.248608913081546,-0,-0,-0.00560212139661836,-0,-0,0.334961226525916,0,-0
80.03,0.00646925623261442,0,0,0.244318879565805,-0,-0,-0.0063342629188221,-0,-0,0.349637364966439,0,-0
80.035,0.0101108180246601,0,0,0.239582895772026,-0,-0,-0.00583907461574251,-0,-0,0.363367360692163,0,-0
80.04,0.0148422729551552,0,0,0.261866098901947,-0,-0,-0.00285886826893295,-0,-0,0.367104913360717,0,-0
80.045,0.0209183086222015,0,0,0.278678140460009,-0,-0,0.0020944117045262,-0,-0,0.3696071128743,0,-0
80.05,0.0284985315324445,0,0,0.289571638638274,-0,-0,0.00916207284448082,-0,0,0.3708565725812,0,-0
80.055,0.0374057629868934,0,0,0.294190844857364,-0,-0,0.0193133588615933,-0,0,0.371758938772386,0,-0
80.06,0.0465554682803085,0,0,0.292267848713732,-0,-0,0.0353641676040302,-0,0,0.37472738945021,0,-0
80.065,0.0568952882031784,0,0,0.28415986632749,-0,-0,0.0545629355889031,-0,0,0.376481399575217,0,-0
80.07,0.0684388394779058,0,-0,0.270067791772317,-0,-0,0.0767686291261152,-0,0,0.376898061934256,0,-0
80.075,0.0807186572925571,0,-0,0.245153856466144,-0,-0,0.101854153622191,-0,0,0.380488234972457,0,-0
80.08,0.0921043175588998,0,-0,0.200577832199588,-0,0,0.129816065902212,-0,0,0.399269572525622,0,-0
80.085,0.103982363468761,0,-0,0.158277813457925,-0,0,0.159910526046564,-0,0,0.416068473208967,0,-0
80.09,0.116277798767116,0,-0,0.118830931685179,-0,0,0.19167129123777,-0,0,0.430398679353612,0,-0
80.095,0.130820901951746,0,-0,0.0828050326167949,-0,0,0.227521685428481,-0,0,0.434964246583653,0,-0
80.1,0.150396294459903,0,-0,0.050550608826001,-0,0,0.270457531756503,-0,0,0.422622035238831,0,-0
80.105,0.17141218991012,0,-0,0.0221086594533136,-0,0,0.313906645862741,-0,0,0.407728582531031,0,-0
80.11,0.193795455017763,0,-0,-0.00233719220142119,-0,0,0.357140112519452,-0,0,0.390323181577095,0,-0
80.115,0.220355688226445,0,-0,-0.0222965764057785,-0,0,0.39598874582403,-0,0,0.364373463371059,0,-0
80.12,0.254982758219735,0,-0,-0.0359141161634533,-0,0,0.425929167694082,-0,0,0.324635033406476,0,-0
80.125,0.291925389693695,0,-0,-0.0435084216505864,-0,0,0.453632662502919,-0,0,0.284884498773138,-0,-0
80.13,0.330955513512643,0,-0,-0.0454070268545847,-0,0,0.478745258380117,-0,0,0.245670172565102,-0,-0
80.135,0.366027925425775,0,-0,-0.0403805592151944,-0,0,0.486454152712133,-0,0,0.208697265594463,-0,-0
80.14,0.397313026083388,0,-0,-0.0285205986269319,-0,0,0.480250800009246,-0,0,0.174021660068971,-0,-0
80.145,0.428768324762061,0,-0,-0.0114612741421451,-0,0,0.471643659103351,-0,0,0.141227192529149,-0,-0
80.15,0.460109520106059,0,-0,0.0101732345463553,-0,0,0.460882815056186,-0,0,0.110833576049768,-0,-0
80.155,0.481420254199633,0,-0,0.0427830226746469,-0,0,0.44472663193849,-0,0,0.0843004767951624,-0,-0
80.16,0.498447034856566,0,-0,0.0819696737920265,-0,0,0.426144701294233,-0,0,0.0610662593317666,-0,-0
80.165,0.513790206113905,0,-0,0.124986387942002,-0,0,0.406555253589963,-0,-0,0.0411671003775885,-0,0
80.17,0.527301772538545,0,-0,0.171035087245454,-0,0,0.38629743412213,0,-0,0.0249069540057345,-0,0
80.175,0.53618252149423,0,-0,0.210849515785417,-0,0,0.363954296619078,0,-0,0.0127370910075222,-0,0
80.18,0.542801132537304,0,-0,0.251233039037782,-0,0,0.341597929786335,0,-0,0.00445683347439641,-0,0
80.185,0.547231866949272,0,-0,0.292021155937407,-0,0,0.31957153205193,0,-0,0.000134815052234994,-0,0
80.19,0.549290266086593,0,-0,0.328964882459225,0,0,0.298943191964709,0,-0,-0.000199670988680328,-0,0
80.195,0.548663135245564,0,-0,0.354175355152797,0,0,0.281337764921248,0,-0,0.00268517147796919,-0,0
80.2,0.545900777512715,0,-0,0.378061051556692,0,0,0.264364470927206,0,-0,0.00819935768187327,-0,0
80.205,0.541085076384928,0,-0,0.400424793252396,0,0,0.248129941028893,0,-0,0.016206652966721,-0,0
80.21,0.535955880139786,0,0,0.411464554162591,0,0,0.23471022341718,0,-0,0.0245536854726754,-0,0
80.215,0.530621913586676,0,0,0.410895490724583,0,0,0.223929199136367,0,-0,0.0315229830594525,-0,0
80.22,0.52353298160999,0,0,0.408535635476001,0,0,0.213693653705884,0,-0,0.0384372980758615,-0,0
80.225,0.514822530845897,0,0,0.404469252057236,0,0,0.204006042168998,0,-0,0.0451053676865955,-0,0
80.23,0.494078609747763,-0,0,0.399533479090006,0,0,0.192274135799076,0,-0,0.0512856017839278,-0,0
80.235,0.465694521607061,-0,0,0.393512422297462,0,0,0.179636960093866,0,-0,0.0567917720608192,-0,0
80.24,0.437016651732949,-0,0,0.385963311453856,0,0,0.167791538261698,0,-0,0.0614808213880628,-0,0
80.245,0.408319357994176,-0,0,0.376939830610436,0,0,0.156665789837191,0,-0,0.0652096192903007,-0,0
80.25,0.375182555607527,-0,0,0.341684240402892,0,0,0.145854976875278,0,-0,0.0663547021882525,-0,0
80.255,0.339699318159438,-0,0,0.290325528871138,0,0,0.135426639281913,0,-0,0.0650193220114726,-0,0
80.26,0.30542966916508,-0,0,0.241033238487262,0,0,0.125544464515923,0,-0,0.0621837603286755,-0,0
80.265,0.272578710060429,-0,0,0.194295325727811,0,0,0.11614170794076,0,-0,0.057932430033703,-0,0
80.27,0.257621730925652,-0,0,0.17781209784003,0,0,0.10985940300679,0,-0,0.05519925982732,-0,0
80.275,0.246909872914439,-0,0,0.16790604286005,0,0,0.104286563238589,0,-0,0.0524647132547607,-0,0
80.28,0.23628787055892,-0,0,0.157412067485828,0,0,0.0986702914586866,0,-0,0.0493593617505346,-0,0
80.285,0.225200156307749,-0,0,0.145449749952516,0,0,0.0930221933483553,0,-0,0.0462385988932349,0,0
80.29,0.209227383753891,-0,0,0.126028234029373,0,0,0.0876200913260796,0,-0,0.04356932218067,0,0
80.295,0.194119622236797,-0,0,0.107603899869534,0,0,0.0820532878186152,0,-0,0.041682147244611,0,0
80.3,0.179909518618993,-0,0,0.0902765234898549,0,0,0.0763216773539935,0,-0,0.0409817220575711,0,0
80.305,0.166616718095311,-0,0,0.0741389501500438,-0,0,0.0704361056068379,0,-0,0.0418356478128514,0,0
80.31,0.154246791858522,0,0,0.0592748719108071,-0,0,0.064417898233673,0,-0,0.0445418075934674,0,0
80.315,0.142794184565461,0,0,0.0457612299714893,-0,0,0.0582977177244004,0,-0,0.0492968512783451,0,0
80.32,0.132241314395537,0,0,0.0336660808338059,-0,0,0.0521142767907976,-0,-0,0.056169010345189,0,0
80.325,0.121015265015648,0,0,0.0223789727518907,-0,-0,0.0453144418374686,-0,-0,0.0677006495100356,0,0
80.33,0.110201206570161,0,0,0.0128908491840607,-0,-0,0.0385175800081388,-0,-0,0.0819870118767095,0,0
80.335,0.100336323535024,0,0,0.00556646969785678,-0,-0,0.0320235403301149,-0,-0,0.0975782124356689,0,0
80.34,0.091338661962922,0,0,0.000417821066533328,-0,-0,0.0258723605896353,-0,-0,0.113867465805174,0,0
80.345,0.0863876010496691,0,0,-0.0029293232524331,-0,-0,0.0197647372489597,-0,-0,0.122520082338372,0,0
80.35,0.0824182281787182,0,0,-0.00505159518998806,-0,-0,0.0141974867221082,-0,-0,0.129686064005802,0,0
80.355,0.0788641934676717,0,0,-0.00594845945190853,-0,-0,0.00924395739229652,-0,-0,0.135915559477533,0,0
80.36,0.075389808079153,0,0,-0.00554624201752727,-0,-0,0.00489584433145436,-0,-0,0.140250804482977,0,0
80.365,0.0621465722035934,0,0,-0.000523475867469376,-0,-0,0.00110069300201256,-0,-0,0.132059726154192,0,0
80.37,0.0494386863525886,-0,0,0.0069825683240208,-0,-0,-0.00177996004881228,-0,-0,0.122668600573135,0,0
80.375,0.0370956288475737,-0,0,0.0168899289117546,-0,-0,-0.00381552117337694,-0,-0,0.11194349773136,0,0
80.38,0.0258269129191936,-0,0,0.0279621068387118,-0,-0,-0.00515152331759772,-0,-0,0.101325424106253,0,0
80.385,0.0179340499044447,-0,0,0.0360504384631501,-0,-0,-0.00619348897026705,-0,-0,0.0941704389450338,0,0
80.39,0.0100693696526039,-0,0,0.0451031119195677,-0,-0,-0.00681773053531581,-0,-0,0.0846323838042933,0,0
80.395,0.00221741760703069,-0,0,0.0551091082645986,-0,-0,-0.00707569557711356,-0,-0,0.0730984234482025,0,0
80.4,-0.0041983985058844,-0,0,0.0648277698177118,-0,-0,-0.00704652641515303,-0,-0,0.0640598539079204,0,0
80.405,-0.00896183558851622,-0,0,0.0737975303462361,-0,-0,-0.00679197651745735,0,-0,0.0559577611040125,0,-0
80.41,-0.0136032797072458,-0,0,0.0833160621039528,-0,-0,-0.00632981559541671,0,-0,0.0440043729834918,0,-0
80.415,-0.0180323880510539,-0,0,0.0933895735395165,-0,-0,-0.00570232221326452,0,-0,0.0289672867069041,0,-0
80.42,-0.0197238741662554,-0,0,0.103202494883416,-0,-0,-0.00466900098395554,0,-0,0.00949638531682229,0,-0
80.425,-0.0206304431022819,-0,0,0.113302260690812,-0,0,-0.00346807127426154,0,0,-0.00437431007154093,0,-0
80.43,-0.0211656695852115,-0,0,0.123839577959832,-0,0,-0.00218932353536567,0,0,-0.0112725783393561,0,-0
80.435,-0.0212588433278649,-0,0,0.134810324593883,-0,0,-0.000863044795987721,0,0,-0.0111805553181363,0,-0
80.44,-0.0185925008372757,-0,0,0.148581504580383,0,0,0.000967438924699159,0,0,-0.00402968700331699,0,-0
80.445,-0.0154235490289479,-0,0,0.163468713120689,0,0,0.00288739809511279,0,0,0.00965039484276123,0,-0
80.45,-0.0122158313454291,-0,0,0.179132104015304,0,0,0.00480543839494207,0,0,0.0291498982649493,0,-0
80.455,-0.00907859582998094,-0,0,0.195582558560135,0,0,0.00671420711993796,0,0,0.0536159678020953,0,-0
80.46,-0.00709290118169086,-0,-0,0.205185775803823,0,0,0.00665415768151369,0,0,0.0647386366777385,0,-0
80.465,-0.0049498602098469,-0,-0,0.214668920923492,0,0,0.0065853322348714,0,0,0.0758895213751551,0,-0
80.47,-0.00272600704199526,-0,-0,0.224005754775875,0,0,0.00652083901392525,0,0,0.0867206648747103,0,-0
80.475,-0.000509132745849924,-0,-0,0.233170825279269,0,0,0.00647083230666948,0,0,0.0968640686469439,0,-0
80.48,0.00148859393382344,-0,-0,0.249834818388661,0,0,0.00783669252176741,0,0,0.129329420858732,0,-0
80.485,0.00279399059540924,-0,-0,0.271787424623309,0,0,0.0100977025227143,0,0,0.175126456232426,0,-0
80.49,0.0032510733107881,-0,-0,0.29481077630925,0,-0,0.0125054217010958,0,0,0.219637250823975,0,-0
80.495,0.00274864876417331,-0,-0,0.318895651907485,0,-0,0.0151203257336922,0,0,0.26150540109173,0,-0
80.5,0.00152277646998884,-0,-0,0.342780113787683,0,-0,0.018015164101112,0,0,0.288861748469911,0,-0
80.505,0.000861795282289866,-0,-0,0.36266311355953,0,-0,0.0212751587759177,0,0,0.272130945035058,0,-0
80.51,-0.000110502888073702,-0,-0,0.38298494970828,0,-0,0.0249875826837459,0,0,0.253080379297616,0,-0
80.515,-0.00131726869676189,-0,-0,0.40364924231072,0,-0,0.0292529718878317,0,0,0.232269066114968,-0,-0
80.52,-0.00247206033688285,-0,-0,0.419975735252505,0,-0,0.0340636882375808,0,0,0.212589143446389,-0,-0
80.525,-0.0031434154444271,-0,-0,0.426206391123378,0,-0,0.0393677543681191,0,0,0.196628481781273,-0,-0
80.53,-0.00350443661524402,-0,-0,0.431694660435723,0,-0,0.0455073874499555,0,0,0.179510401724627,-0,-0
80.535,-0.00339212551890663,-0,-0,0.436340234103342,0,-0,0.0525934633816543,0,0,0.161592220116833,-0,-0
80.54,-0.000147389788575251,-0,-0,0.437949288790237,0,-0,0.0607225765450488,0,0,0.146755393308343,-0,-0
80.545,0.014132245531653,-0,-0,0.430809283477099,0,-0,0.0699557131095115,0,0,0.142506750211717,-0,-0
80.55,0.0310125812545917,-0,-0,0.422352169525296,0,-0,0.0804489247397927,0,0,0.134543848736519,-0,-0
80.555,0.050398411709505,-0,-0,0.412520375323377,0,-0,0.0922991285277953,0,0,0.122996211762887,-0,-0
80.56,0.0768372099456009,-0,0,0.400629030820611,0,-0,0.104896996049654,0,-0,0.106981706777552,-0,-0
80.565,0.117796691182744,-0,0,0.385769764765864,0,-0,0.117039299012152,0,-0,0.0862067173986316,-0,-0
80.57,0.161764503664061,-0,0,0.369452511499563,0,-0,0.130305423086125,0,-0,0.0639829703403591,-0,-0
80.575,0.208070064194588,-0,0,0.351686584306691,0,-0,0.144699006915681,0,-0,0.0405029527939557,-0,-0
80.58,0.257303815757655,-0,0,0.332117778941678,0,-0,0.162095115713138,0,-0,0.0155747415362784,-0,0
80.585,0.30924208089353,-0,0,0.310734031412055,0,-0,0.183652445053801,0,-0,-0.00875600703076433,-0,0
80.59,0.361260044756423,-0,0,0.288222625703711,0,-0,0.206991756117544,0,-0,-0.0310842706283957,-0,0
80.595,0.412504263233082,-0,0,0.264762556634078,0,-0,0.232080714719304,0,-0,-0.0513762275206912,-0,0
80.6,0.452471790199468,-0,0,0.240141020728089,-0,-0,0.260539391466903,0,-0,-0.0679284981290764,-0,0
80.605,0.483332532045176,-0,0,0.214836159971566,-0,-0,0.292068776564355,0,-0,-0.0799994823727339,-0,0
80.61,0.51137422381336,-0,0,0.189484286943936,-0,-0,0.325442579937833,0,-0,-0.0885506121697346,-0,0
80.615,0.536224947793518,-0,0,0.164413905533057,-0,-0,0.360501151713796,0,-0,-0.0937110617560803,-0,0
80.62,0.54390566312949,-0,0,0.138501494715952,-0,-0,0.385296597682221,0,-0,-0.0890561414838639,-0,0
80.625,0.543776519898704,-0,0,0.113446986948004,-0,-0,0.405887279032134,0,-0,-0.0773087074312251,-0,0
80.63,0.54076058085742,-0,0,0.0901552798440782,-0,-0,0.425942116931256,0,-0,-0.060812253853241,-0,0
80.635,0.535030164424527,-0,0,0.0689303430483053,-0,0,0.445265928055946,0,-0,-0.0399162142141081,-0,0
80.64,0.514363740389714,0,-0,0.0488577415217621,-0,0,0.460919443542395,0,-0,-0.0129906666379463,-0,0
80.645,0.488583578405295,0,-0,0.0316186914595138,-0,0,0.474401787060241,0,-0,0.0184571857832092,-0,0
80.65,0.462015209620799,0,-0,0.0178185649872276,-0,0,0.486375422884382,0,-0,0.0533819872541184,-0,0
80.655,0.435036043960376,0,-0,0.00755270023741547,-0,0,0.496705807386465,0,-0,0.0912844987466601,-0,0
80.66,0.406278171922099,0,-0,0.00090012723419481,-0,0,0.50624877232126,0,-0,0.125329671486511,0,0
80.665,0.377664628333337,0,-0,-0.00265201543580921,-0,0,0.514125277221277,0,-0,0.159800313350214,0,0
80.67,0.349770443611077,0,-0,-0.00319197003130935,-0,0,0.520086522476198,0,-0,0.195172217845453,0,0
80.675,0.322829532095378,0,-0,-0.000797745217870214,-0,0,0.524056486840334,0,-0,0.230905819708883,0,0
80.68,0.293394261490224,0,-0,0.00261792416151918,-0,0,0.526524623685696,0,-0,0.264018316433185,0,0
80.685,0.265409922694034,0,-0,0.00772204250019874,-0,0,0.526935716570726,0,-0,0.296151442593672,0,0
80.69,0.239155242351627,0,-0,0.0144967768303019,-0,0,0.52523518034848,0,-0,0.326838929623339,0,0
80.695,0.215267324622546,0,-0,0.0221379069171142,-0,0,0.521608436017089,0,-0,0.353532906126812,0,0
80.7,0.196558038572755,0,-0,0.0261105946702575,-0,0,0.517021337479125,0,-0,0.365955199056249,0,0
80.705,0.1791151398433,0,-0,0.0301718923371864,-0,0,0.510318542876392,0,-0,0.375638760314554,0,0
80.71,0.162894958147517,0,-0,0.0343276905909007,-0,0,0.501540595586755,-0,-0,0.382248270356045,0,0
80.715,0.148942599948216,0,-0,0.0380243141036237,-0,0,0.489123147944636,-0,-0,0.379693085066385,0,0
80.72,0.138516349337031,0,-0,0.0402394553494997,-0,0,0.470982610606965,-0,-0,0.360244237604681,0,0
80.725,0.128643947846609,0,-0,0.0423855142770622,-0,0,0.451431662075767,-0,-0,0.338838385154193,0,0
80.73,0.119252712571779,0,-0,0.0445785802471685,-0,0,0.430664972160623,-0,-0,0.315658451394718,0,0
80.735,0.110267781574444,0,-0,0.0469558653239092,-0,0,0.408895638046517,-0,0,0.290919391119368,0,0
80.74,0.102707214799128,0,-0,0.0499307373995472,-0,0,0.379429282352685,-0,0,0.257784931805796,0,0
80.745,0.0963017582342642,0,-0,0.0537192604180613,-0,0,0.34327777785782,-0,0,0.218127096597148,0,0
80.75,0.0897559171502666,0,-0,0.0582187025257449,-0,0,0.30840515645242,-0,0,0.180541406969971,0,0
80.755,0.0830196615912848,0,-0,0.0635732953356813,0,0,0.27509285148759,-0,0,0.145512212470771,0,0
80.76,0.0749325158933,0,-0,0.0673029524264992,0,0,0.239050078315433,-0,0,0.110139165272896,0,0
80.765,0.0654552428435294,0,-0,0.0682010870115265,0,0,0.199800575211081,-0,0,0.0754292595574132,0,0
80.77,0.0562975344927682,0,-0,0.0698374251195196,0,0,0.16414808459247,-0,0,0.0471060364849623,-0,0
80.775,0.0474620624939182,0,-0,0.0722734670611211,0,0,0.132106499609451,-0,0,0.0253819176163879,-0,-0
80.78,0.0383871516976712,0,-0,0.0764824800114662,0,0,0.111494717803524,-0,0,0.0131973510132843,-0,-0
80.785,0.0296965764723904,0,-0,0.0819025323826051,0,0,0.0962151907598193,-0,0,0.00549535324971641,-0,-0
80.79,0.0217170154396541,-0,-0,0.087996465078773,0,0,0.0825717088323868,-0,0,0.000448485627589288,-0,-0
80.795,0.0144811785344944,-0,-0,0.0945753352781278,0,0,0.0705135241106903,0,0,-0.00198057265623364,-0,-0
80.8,0.00807761349229695,-0,-0,0.106615333782774,0,0,0.0609006636276598,0,0,-0.00234592787533771,-0,-0
80.805,0.00240182390505079,-0,-0,0.119180662780792,-0,0,0.0526545957488112,0,0,-0.000873059928579701,-0,-0
80.81,-0.00253253327626957,-0,-0,0.13118111133381,-0,0,0.0455268350965791,0,0,0.00231632507439358,-0,-0
80.815,-0.00670826405027546,-0,-0,0.142160508741445,-0,0,0.0393718984182099,0,0,0.00703202042834272,-0,-0
80.82,-0.0100697853157894,-0,-0,0.150498986456339,-0,0,0.033781017747867,0,0,0.013891845145803,-0,-0
80.825,-0.0126364805537865,-0,-0,0.156979942180917,-0,0,0.0288208563095212,0,0,0.0220236266718401,-0,-0
80.83,-0.0144317141188198,-0,-0,0.161249531203033,-0,0,0.0243001977995281,0,0,0.0311292632313763,-0,-0
80.835,-0.0155063019350581,-0,0,0.161004090452266,-0,0,0.0200096887573998,0,0,0.040220978293813,-0,-0
80.84,-0.0159500509858307,-0,0,0.15234764396495,-0,0,0.0157285967022124,0,0,0.047329093586376,-0,-0
80.845,-0.0157820190095993,-0,0,0.14190207365478,-0,0,0.0113525209116984,-0,0,0.0544195486360998,-0,-0
80.85,-0.0150693794725663,-0,0,0.129793853439419,-0,0,0.00674848079620839,-0,0,0.0614062512424397,-0,-0
80.855,-0.0141096867968156,-0,0,0.117164494352241,-0,0,0.00193667165332422,-0,0,0.0676772687213138,-0,-0
80.86,-0.0132672117687475,-0,0,0.10491968205711,-0,0,-0.00298860499510597,-0,0,0.0725623008635399,-0,-0
80.865,-0.012160663773191,-0,0,0.091286257097393,-0,0,-0.00828311922855315,-0,0,0.077280684107748,-0,-0
80.87,-0.0108489653678596,0,0,0.076686079737503,-0,0,-0.0139235218311785,-0,0,0.0819272820080303,-0,-0
80.875,-0.00928397877445553,0,0,0.0596141728891936,-0,0,-0.0187257708913577,-0,0,0.087095004868121,-0,-0
80.88,-0.0075392807549649,0,0,0.0421558292413821,-0,0,-0.0226604513761285,-0,0,0.0928806466455084,-0,-0
80.885,-0.00575828486028994,0,0,0.026820452614699,-0,0,-0.0265161970973275,-0,0,0.0990733459021928,-0,-0
80.89,-0.00399238011558776,0,0,0.0140678372725244,-0,0,-0.0301804753959824,-0,0,0.10585064520833,-0,-0
80.895,-0.000749528617389255,0,0,0.00402509225934425,-0,0,-0.0294340478274714,-0,0,0.112544226138502,-0,-0
80.9,0.00256570268823545,0,0,-0.00189725442117272,-0,-0,-0.0274601882437636,-0,0,0.119930588049133,-0,-0
80.905,0.00562244931863971,0,0,-0.00347200821256613,-0,-0,-0.0249848665173049,-0,0,0.128276853317023,0,0
80.91,0.00865244459971728,0,0,-0.000848179319495755,-0,-0,-0.0216699144574372,-0,-0,0.137766912836035,0,0
80.915,0.0123647634538509,0,0,0.00519806633149147,-0,-0,-0.0164848885318405,-0,-0,0.148751105980397,0,0
80.92,0.015602322209004,0,0,0.0146831312896607,-0,-0,-0.0112285275073696,-0,-0,0.160991311140547,0,0
80.925,0.0183674858102955,0,0,0.0272368170236838,-0,-0,-0.00613247128482635,-0,-0,0.174528267118072,0,0
80.93,0.02079987625312,0,0,0.050356778972987,-0,-0,-0.00232266796316979,-0,-0,0.188142192258468,0,0
80.935,0.0229360717142807,0,0,0.086700165648438,-0,-0,0.000134311004851817,-0,-0,0.201454827249034,0,0
80.94,0.0247213081256877,0,0,0.127467611976827,0,-0,0.00207357508892391,-0,-0,0.215645845518676,0,0
80.945,0.0262552829193961,0,0,0.171279049909529,0,-0,0.0033369148230481,-0,-0,0.230667553423517,0,0
80.95,0.0266721222054884,0,0,0.210154910476399,0,-0,0.00333045887976242,-0,-0,0.241011895918683,0,0
80.955,0.0267287070871395,0,0,0.245512838276311,0,-0,0.00255789058994948,-0,-0,0.248451101823251,0,0
80.96,0.0270454884415733,0,0,0.279467232997804,0,-0,0.00130707105411263,-0,-0,0.255431307815051,0,0
80.965,0.0277370265739541,0,0,0.311115577412126,0,-0,-0.000388030394128641,-0,-0,0.261937225798631,0,0
80.97,0.0276818635957053,0,0,0.316485022281291,0,-0,-0.00252906493286936,-0,-0,0.274725186980895,0,0
80.975,0.0281567676360082,0,0,0.317824431530939,0,-0,-0.00506416568211379,-0,-0,0.288055148869135,0,0
80.98,0.0292375111085671,0,0,0.315822151721775,0,-0,-0.00785445852455576,-0,-0,0.301777801038478,0,-0
80.985,0.0309587737581832,0,0,0.310570462331834,0,-0,-0.0107314664037536,-0,-0,0.315901477093854,0,-0
80.99,0.0345298585578128,0,0,0.277608900168995,0,-0,-0.0107818729341675,-0,-0,0.313443521958249,0,-0
80.995,0.0391028803692992,0,0,0.242555635184302,-0,-0,-0.00921169022016103,-0,-0,0.308974825430826,0,-0
81,0.0447055889306999,0,0,0.20779764394707,-0,-0,-0.00597417589768323,-0,-0,0.303623132656581,0,-0
81.005,0.0519077254336492,0,0,0.185712804067202,-0,-0,0.00314559040166873,-0,-0,0.296955127122694,0,-0
81.01,0.0623661670169511,0,0,0.202109769972829,-0,-0,0.0316270920879809,-0,-0,0.287632018312382,0,-0
81.015,0.0747208822057125,0,0,0.211368780049601,-0,-0,0.0663762035676837,-0,-0,0.277466108152819,0,-0
81.02,0.0891447316890474,0,0,0.213225902966559,-0,-0,0.107012228455423,-0,-0,0.266454654333397,0,-0
81.025,0.102577382612604,0,-0,0.193238957711372,-0,-0,0.149553090791407,-0,0,0.268159675697477,0,-0
81.03,0.114832018485136,0,-0,0.160605559126221,-0,0,0.19345226960927,-0,0,0.279401230982162,0,-0
81.035,0.128100299998926,0,-0,0.128469312884492,-0,0,0.240490581234502,-0,0,0.289181939735235,0,-0
81.04,0.142328500595848,0,-0,0.0971930695298018,-0,0,0.289884648841923,-0,0,0.297052971404656,0,-0
81.045,0.159141946753378,0,-0,0.064143014544654,-0,0,0.332631510181514,-0,0,0.290901313524672,0,-0
81.05,0.177203884116834,0,-0,0.034929669962933,-0,0,0.374977053168309,-0,0,0.282018819349294,0,-0
81.055,0.196342131311589,0,-0,0.0100482998981304,-0,0,0.41666941202273,-0,0,0.271063632349093,0,-0
81.06,0.218099003958713,0,-0,-0.0102406561343099,-0,0,0.452113383332669,-0,0,0.256514804368522,0,-0
81.065,0.246827026627275,0,-0,-0.0247790514589749,-0,0,0.469015019063894,-0,0,0.2353166263783,0,-0
81.07,0.277384944580111,0,-0,-0.0333336105848176,-0,0,0.483074842914368,-0,0,0.213028641690034,-0,-0
81.075,0.309591952453945,0,-0,-0.0360085160807881,-0,0,0.494151942514768,-0,0,0.189994160765812,-0,-0
81.08,0.341795136071421,0,-0,-0.0309110573223746,-0,0,0.495989161908997,-0,0,0.165247050062863,-0,-0
81.085,0.372131669464941,0,-0,-0.0148510801590424,-0,0,0.483230492550434,-0,0,0.138431435730683,-0,-0
81.09,0.402871921107401,0,-0,0.00854275887987381,-0,0,0.467961648756859,-0,0,0.112803674715314,-0,-0
81.095,0.433712535640134,0,-0,0.0386795406467039,-0,0,0.450543263394716,-0,0,0.0888389609557775,-0,-0
81.1,0.458153260567991,0,-0,0.0752332183784642,-0,0,0.435099975799019,-0,0,0.0666575240155721,-0,-0
81.105,0.476823612505178,0,-0,0.117472939059427,-0,0,0.420851682110781,-0,0,0.046871364845003,-0,0
81.11,0.49389088666614,0,-0,0.164372535907278,-0,0,0.405328951770374,-0,-0,0.0301089124738957,-0,0
81.115,0.509140224692389,0,-0,0.215099216491342,-0,0,0.388882507766204,0,-0,0.0166532950996168,-0,0
81.12,0.520069365907333,0,-0,0.258339197416332,-0,0,0.368426863005033,0,-0,0.00647088082629206,-0,0
81.125,0.527975616348675,0,-0,0.299220485356498,-0,0,0.346835539544482,0,-0,5.24159897413447e-05,-0,0
81.13,0.533488787494681,0,-0,0.340310974247311,0,0,0.325537415078206,0,-0,-0.00242344496014851,-0,0
81.135,0.536543604511121,0,-0,0.38098220529176,0,0,0.304775562653988,0,-0,-0.000946280169058967,-0,0
81.14,0.534138162150111,0,-0,0.410008517606601,0,0,0.286343881349509,0,-0,0.00345771447046866,-0,0
81.145,0.528732151475507,0,-0,0.435192288634111,0,0,0.268950004633117,0,-0,0.00873662109810906,-0,0
81.15,0.520933493379206,0,-0,0.457993998305597,0,0,0.252411493703193,0,-0,0.0147994299169096,-0,0
81.155,0.510864054937442,0,-0,0.478088407156551,0,0,0.236793630680881,0,-0,0.0215870492648957,-0,0
81.16,0.50438811074066,0,-0,0.477532231684636,0,0,0.226814075479618,0,-0,0.0283621674227907,-0,0
81.165,0.495826899581871,0,-0,0.473854027030626,0,0,0.217482160819612,0,-0,0.0354212939496748,-0,0
81.17,0.485258771320385,0,0,0.467290568957138,0,0,0.208740901911643,0,-0,0.0426720712829096,-0,0
81.175,0.472838568790293,0,0,0.457937959833032,0,0,0.200555926193436,0,-0,0.0500082009427761,-0,0
81.18,0.437434343757592,-0,0,0.446914623023328,0,0,0.190822648405145,0,-0,0.0549692584063749,-0,0
81.185,0.401773976104316,-0,0,0.433297887604317,0,0,0.181657289776455,0,-0,0.0592626210301031,-0,0
81.19,0.366473398866127,-0,0,0.417211209241029,0,0,0.172999979832777,0,-0,0.0628012167257188,-0,0
81.195,0.330884310286243,-0,0,0.392791714688887,0,0,0.164503888585979,0,-0,0.0659659436638989,-0,0
81.2,0.290450954320185,-0,0,0.331294707753485,0,0,0.154800599218675,0,-0,0.071538398762187,-0,0
81.205,0.252024494739731,-0,0,0.272998053805672,0,0,0.145497388302665,0,-0,0.0765941513412859,-0,0
81.21,0.215868054302998,-0,0,0.218645831179793,0,0,0.136518231315112,0,-0,0.0810460342040803,-0,0
81.215,0.18389310924854,-0,0,0.171325079628744,0,0,0.127818839618552,0,-0,0.0840649357426822,-0,0
81.22,0.160174306846261,-0,0,0.136753887949398,0,0,0.119395910855806,0,-0,0.0833586327872574,-0,0
81.225,0.13820068073099,-0,0,0.105631107668488,0,0,0.111131329282029,0,-0,0.0815795754168043,0,0
81.23,0.118028222562934,-0,0,0.0782290111517833,0,0,0.103000403340965,0,-0,0.0787941905148366,0,0
81.235,0.100804822281458,-0,0,0.0561723207065939,0,0,0.0952624586417783,0,-0,0.0755140749217852,0,0
81.24,0.0936984666215524,-0,0,0.0473196917190314,-0,-0,0.0896578054516677,0,-0,0.0748452714842509,0,0
81.245,0.0869783592700869,-0,0,0.0383872478867575,-0,-0,0.0838808045351525,0,-0,0.0738993520382979,0,0
81.25,0.0807040858572837,-0,0,0.0294467316141149,-0,-0,0.0779523292971106,0,-0,0.0728892734829237,0,0
81.255,0.0749281012688419,0,0,0.0205744994107445,-0,-0,0.0719036025791019,0,-0,0.0720492027416206,0,0
81.26,0.0658472369438302,0,0,0.0104423881561737,-0,-0,0.0635290034528391,0,-0,0.0705902121132653,0,-0
81.265,0.0572572958702944,0,0,0.00249827206332738,-0,-0,0.0552092081909987,0,-0,0.0695693642160231,0,-0
81.27,0.04975501605262,0,0,-0.00293344930101754,-0,-0,0.0473961287059765,-0,-0,0.069366627647963,0,-0
81.275,0.0433916808010919,0,0,-0.00601754361363757,-0,-0,0.0401640316647432,-0,-0,0.0702069553925124,0,-0
81.28,0.0408482905482681,0,0,-0.00833856756598513,-0,-0,0.0341332328023886,-0,-0,0.0734029987924461,0,-0
81.285,0.038803532171038,0,0,-0.00959666109489546,-0,-0,0.028513539868665,-0,-0,0.0776380570697697,0,-0
81.29,0.0372318202459293,0,0,-0.00985199787304333,-0,-0,0.023328934304428,-0,-0,0.0827929570586268,0,-0
81.295,0.0361003995411182,0,0,-0.0091752742926533,-0,-0,0.0185958628623327,-0,-0,0.0886481381048006,0,-0
81.3,0.0353698690778757,0,0,-0.00764548438550115,-0,-0,0.0143226316237898,-0,-0,0.0948885189402163,0,0
81.305,0.034400097403704,0,0,-0.00538877048285077,-0,-0,0.0104774048896079,-0,-0,0.0991565217929005,0,0
81.31,0.0329298273390723,0,0,-0.00251757841476348,-0,-0,0.00707464996601258,-0,-0,0.100683665089402,0,0
81.315,0.0316442126472601,0,0,0.000928106518479158,-0,-0,0.00415148341712688,-0,-0,0.10172387819498,0,0
81.32,0.0304584950133084,0,0,0.00486404930406729,-0,-0,0.00168346909471939,-0,-0,0.10186129599266,0,0
81.325,0.0292951378218501,0,0,0.00921232479652101,-0,-0,-0.000358479900263922,-0,-0,0.100707066098826,0,0
81.33,0.0267258355434964,0,0,0.0158459361655507,-0,-0,-0.00200003769665937,-0,-0,0.0974006915165896,0,0
81.335,0.0229819811941362,0,0,0.0242638899305121,-0,-0,-0.00326443458282333,-0,-0,0.0920135107670757,0,0
81.34,0.0189118600093455,0,0,0.0331224180647887,-0,-0,-0.00419141939392642,-0,-0,0.0848363173826528,0,0
81.345,0.0144912258173934,-0,0,0.0424062739157728,-0,-0,-0.00481989762370207,-0,-0,0.0758900404389017,0,0
81.35,0.00985863302093144,-0,0,0.051853343953021,-0,-0,-0.00520768828641835,0,-0,0.0656027318436242,0,0
81.355,0.00622745840714418,-0,0,0.0589520689536151,-0,-0,-0.00558875489308689,0,-0,0.055972896505145,0,0
81.36,0.00241785037545224,-0,0,0.0665189582789104,-0,-0,-0.00582284250726722,0,-0,0.0442919221984512,0,0
81.365,-0.0015010550155604,-0,0,0.074675739676953,-0,-0,-0.00593064389807649,0,0,0.0310617310914034,0,0
81.37,-0.00508377679460923,-0,0,0.0831355499249124,-0,-0,-0.00546156645755017,0,0,0.0155535245530485,-0,0
81.375,-0.00807138524268128,-0,0,0.0918106736082837,-0,-0,-0.00416863809726459,0,0,0.00170354437161456,-0,0
81.38,-0.0108724839999815,-0,0,0.101438484523191,-0,0,-0.00274114032511144,0,0,-0.00660978859324919,-0,-0
81.385,-0.0133841674952476,-0,0,0.112163165160701,-0,0,-0.00122202081874376,0,0,-0.00917653122043828,-0,-0
81.39,-0.0139845482489933,-0,0,0.123956770517546,-0,0,0.000271509442239999,0,0,-0.00560556717561481,-0,-0
81.395,-0.0126904280932048,-0,0,0.13689701784128,0,0,0.00170390605509126,0,0,0.00432504459894141,-0,-0
81.4,-0.0111976877907399,-0,0,0.151235407742561,0,0,0.00314129982962282,0,0,0.0200065933325856,-0,-0
81.405,-0.00954841552835656,-0,0,0.167033786253475,0,0,0.00457189690818114,0,0,0.0408926746245154,-0,-0
81.41,-0.00739631850705487,-0,-0,0.186461275319385,0,0,0.0061576746594079,0,0,0.0690170320678708,-0,-0
81.415,-0.00523283274860442,-0,-0,0.208342963865623,0,0,0.00778256262108619,0,0,0.102181282297196,-0,-0
81.42,-0.00329857986831007,-0,-0,0.232117585082839,0,0,0.00941102645700974,0,0,0.138579684915779,0,-0
81.425,-0.00171008965090585,-0,-0,0.257760724325473,0,0,0.0110654931727086,0,0,0.177041527173457,0,-0
81.43,-0.000874957934798356,-0,-0,0.281931590865193,0,0,0.012942417984834,0,0,0.21631216203291,0,-0
81.435,-0.000134629211558638,-0,-0,0.307357690551479,0,0,0.0149259115298382,0,0,0.255269414086941,0,-0
81.44,0.000471343467459464,-0,-0,0.33391413282811,0,0,0.0170726560293962,0,0,0.292793765260292,0,-0
81.445,0.00102852948420161,-0,-0,0.357821598754797,0,0,0.019478542804727,0,0,0.319132424560075,0,-0
81.45,0.00240999445589493,-0,-0,0.364117758183247,0,0,0.0223283744911323,0,0,0.301313045909064,0,-0
81.455,0.0044504892406257,-0,-0,0.368667957646673,0,0,0.0255973727144655,0,0,0.280456275561838,-0,-0
81.46,0.00722641150311308,-0,-0,0.371402018442344,0,-0,0.0293922476991618,0,0,0.25718877568295,-0,-0
81.465,0.0112601708471628,-0,-0,0.368770386725068,0,-0,0.0337045219619448,0,0,0.243627846303571,-0,-0
81.47,0.0174610867882642,-0,-0,0.356371955094744,0,-0,0.0384851964331355,0,0,0.25118064638021,-0,-0
81.475,0.0252003157092015,-0,-0,0.341483728359091,0,-0,0.044093053688147,0,0,0.255158732467665,-0,-0
81.48,0.0345765722859715,-0,-0,0.324391154901823,0,-0,0.0506470953439707,0,0,0.255543858454684,-0,-0
81.485,0.0435826929105608,-0,-0,0.313302126854755,0,-0,0.0574111220506665,0,0,0.249112202073562,-0,-0
81.49,0.0482270387302769,-0,-0,0.320946070806108,0,-0,0.0628750738695975,0,0,0.232217524113633,-0,-0
81.495,0.0531927704759974,-0,-0,0.328486848110639,0,-0,0.0689835571031177,0,0,0.213786747001923,-0,-0
81.5,0.0585534534130732,-0,-0,0.335901901054651,0,-0,0.0757435778827897,0,0,0.194126918041141,-0,-0
81.505,0.0643593664168591,-0,-0,0.343106515338882,0,-0,0.0831556922896423,0,0,0.173528946046264,-0,-0
81.51,0.089844093570145,-0,-0,0.334706018375513,0,-0,0.0929420978446992,0,0,0.158423139394138,-0,-0
81.515,0.120479329718372,-0,-0,0.323820639136417,0,-0,0.103948430255599,0,-0,0.141827203459968,-0,-0
81.52,0.153508792720969,-0,-0,0.31242853664937,0,-0,0.115991744713456,0,-0,0.123023277089338,-0,-0
81.525,0.188459876783904,-0,-0,0.300472050798204,0,-0,0.129084527480753,0,-0,0.102215339929309,-0,-0
81.53,0.243496910904459,-0,-0,0.29431263235373,0,-0,0.148397066299907,0,-0,0.0716076166839013,-0,-0
81.535,0.307642722658563,-0,-0,0.289431945254236,0,-0,0.17178575509256,0,-0,0.0426126652153059,-0,-0
81.54,0.372957474439944,-0,-0,0.283037365335058,0,-0,0.197491267500648,0,-0,0.0193131926875692,-0,-0
81.545,0.438393464783552,-0,-0,0.274885275262392,0,-0,0.225534125791515,0,-0,0.00164963475672697,-0,-0
81.55,0.47216522674454,-0,-0,0.247945902185126,0,-0,0.249148422933924,0,-0,-0.0104657438702712,-0,0
81.555,0.496565393125788,-0,-0,0.217035951334327,-0,-0,0.272397970365364,0,-0,-0.0171490334541312,-0,0
81.56,0.518333041723132,-0,-0,0.186538502259388,-0,-0,0.296642959858849,0,-0,-0.0186119824664359,-0,0
81.565,0.534806980105407,-0,-0,0.15706400418642,-0,-0,0.321259194613426,0,-0,-0.0150614281248339,-0,0
81.57,0.52186933281696,-0,-0,0.131571596356157,-0,-0,0.34063872323397,0,-0,-0.00621932769302814,-0,0
81.575,0.506416569987707,-0,-0,0.107038965871674,-0,-0,0.359866415013826,0,-0,0.00723674877126572,-0,0
81.58,0.488717505721313,-0,-0,0.0838915065260669,-0,-0,0.378776905382557,0,-0,0.0249627673731586,-0,0
81.585,0.466417550532274,-0,-0,0.0635875243125538,-0,-0,0.396348492652411,0,-0,0.0436637152664127,-0,0
81.59,0.439044920991768,-0,-0,0.0464975011725824,-0,-0,0.411956084781833,0,-0,0.0608492079021211,-0,0
81.595,0.410779776457442,-0,-0,0.0314740346096064,-0,-0,0.426563787275574,0,-0,0.0798978044669669,-0,0
81.6,0.382028135284479,-0,-0,0.0189320919867002,-0,0,0.440013743276246,0,-0,0.100540192790342,-0,0
81.605,0.356589112133615,-0,-0,0.0091844889373263,-0,0,0.452697695877211,0,-0,0.123310984394368,-0,0
81.61,0.332676291976509,0,-0,0.00263003741211868,-0,0,0.464214725257111,0,-0,0.147574309369628,-0,0
81.615,0.308980997841521,0,-0,-0.000449071100148531,-0,0,0.47418596447145,0,-0,0.172653205429522,-0,0
81.62,0.285778677390563,0,-0,0.000115104510772738,-0,0,0.482488315619021,0,-0,0.198208948869807,-0,0
81.625,0.265266336029911,0,-0,0.00351680200788241,-0,0,0.489984664025785,0,-0,0.22417692680707,-0,0
81.63,0.245905479183957,0,-0,0.00861081878680736,-0,0,0.495847029698283,0,-0,0.249997671656776,0,0
81.635,0.227408947855324,0,-0,0.0153868276892266,-0,0,0.49979148349105,0,-0,0.27525537738375,0,0
81.64,0.209963385616287,0,-0,0.0235589366143161,-0,0,0.501951425322331,0,-0,0.29858222451257,0,0
81.645,0.194486897151356,0,-0,0.029877182503317,-0,0,0.504559944428327,0,-0,0.307479073426674,0,0
81.65,0.180004293750696,0,-0,0.0361618961489415,-0,0,0.50512990259791,0,-0,0.314769458873697,0,0
81.655,0.166526986078519,0,-0,0.0422175532396946,-0,0,0.50365631883934,0,-0,0.320350897862859,0,0
81.66,0.154096659083948,0,-0,0.0481618219379124,-0,0,0.49804799904411,0,-0,0.322718084214658,0,0
81.665,0.143126230739999,0,-0,0.0571552866944891,-0,0,0.470538030591233,0,-0,0.309821113483052,0,0
81.67,0.133006331156489,0,-0,0.0660096911700488,-0,0,0.442067119847555,-0,-0,0.295633912145419,0,0
81.675,0.123675138474429,0,-0,0.0744598805209492,-0,0,0.412954601654685,-0,-0,0.280343925180053,0,0
81.68,0.116329146544185,0,-0,0.0826753348668725,-0,0,0.382380084159891,-0,0,0.262098476027718,0,0
81.685,0.112863117004971,0,-0,0.0913259931857403,-0,0,0.348787896089874,-0,0,0.237794983537269,0,0
81.69,0.109526576762283,0,-0,0.0991747908346602,-0,0,0.315780447690151,-0,0,0.21362098143072,0,0
81.695,0.106260786826564,0,-0,0.106107643726427,-0,0,0.28365854888142,-0,0,0.189861724993635,0,0
81.7,0.10274388584637,0,-0,0.110148207659932,0,0,0.254523941721459,-0,0,0.164947978171785,0,0
81.705,0.0989001295635288,0,-0,0.110600675998491,0,0,0.228749638387644,-0,0,0.139068073257884,0,0
81.71,0.0949978194625404,0,-0,0.109818835986681,0,0,0.204201198761365,-0,0,0.114827229634978,0,0
81.715,0.0909771325592108,0,-0,0.108015300719195,0,0,0.181023648241913,-0,0,0.0924322661867061,0,0
81.72,0.0861856441697686,0,-0,0.105243294580799,0,0,0.167696334829194,-0,0,0.080719927381176,0,0
81.725,0.0809550459083768,0,-0,0.10194625081528,0,0,0.15937278260321,-0,0,0.0739440534918766,0,0
81.73,0.0755921673214707,0,-0,0.098649578906897,0,0,0.151447051558009,0,0,0.067139001610923,0,0
81.735,0.0700731385973362,0,-0,0.0957807970978445,0,0,0.144016642547448,0,0,0.0603684567300106,0,0
81.74,0.0640521524889793,0,-0,0.0889854067893155,0,0,0.133925402517294,0,0,0.0478819921163845,0,-0
81.745,0.0578494371647396,0,-0,0.0820605760895871,0,0,0.123971106360509,0,0,0.0356157749848206,0,-0
81.75,0.0515726140747556,0,-0,0.076615184859722,0,0,0.115020727760406,0,0,0.0252150597154927,0,-0
81.755,0.0452467544129818,0,-0,0.0729601482132677,0,0,0.107047988488263,0,0,0.0166301210746013,-0,-0
81.76,0.0387482858901368,0,-0,0.0714918990097192,0,0,0.100343037077772,0,0,0.00999497243930753,-0,-0
81.765,0.0314649221984411,0,-0,0.0733817026876028,0,0,0.0966123234153852,0,0,0.00599196389260929,-0,-0
81.77,0.0246335589044045,-0,-0,0.0771384455913526,0,0,0.0935774567926921,0,0,0.00301701067795481,-0,-0
81.775,0.0183013427889708,-0,-0,0.0824651125231917,-0,0,0.0911955375798988,0,0,0.00102756969948075,-0,-0
81.78,0.0125124732940148,-0,-0,0.0889162341206199,-0,0,0.0894106401340318,0,0,-1.10877934931926e-05,-0,-0
81.785,0.00731031139826386,-0,-0,0.0986578731717658,-0,0,0.0862409961199307,0,0,-0.000114774720656925,-0,-0
81.79,0.00271760203313376,-0,0,0.110004344398411,-0,0,0.0820827959202758,0,0,0.000644749336741462,-0,-0
81.795,-0.0012487872463528,-0,0,0.120059960306749,-0,0,0.0782270503997857,0,0,0.00225907755127019,-0,-0
81.8,-0.00457784847445724,-0,0,0.128042160718929,-0,0,0.0745490301583135,0,0,0.00476260898319864,-0,-0
81.805,-0.00712111233042937,-0,0,0.130679343125357,-0,0,0.067134639568478,-0,0,0.00833163036635149,-0,-0
81.81,-0.00848413100698843,-0,0,0.125299995703584,-0,0,0.0512181012223168,-0,0,0.0133308969499874,-0,-0
81.815,-0.00893532140761151,0,0,0.117592253539324,-0,0,0.0348199698938273,-0,0,0.019693940932937,-0,-0
81.82,-0.00856777652210499,0,0,0.107456451339897,-0,0,0.0179258753697848,-0,0,0.0275686066700646,-0,-0
81.825,-0.00818059875834823,0,0,0.0978771279924465,-0,0,0.00606036854902976,-0,0,0.0359405535925938,-0,-0
81.83,-0.00816767435411886,0,0,0.087958312103978,-0,0,5.72100314382397e-05,-0,0,0.0442636905845778,-0,0
81.835,-0.0078976820754682,0,0,0.0744089547071489,-0,0,-0.00593816907789872,-0,0,0.0537476021737127,-0,0
81.84,-0.00741743770646534,0,0,0.0578251806069699,-0,0,-0.0118126264125541,-0,0,0.064497353978012,-0,0
81.845,-0.00659494448849515,0,0,0.0373320031700514,-0,0,-0.015303179892469,-0,0,0.0753740785435575,-0,0
81.85,-0.00560427819852435,0,0,0.0169522375729025,0,0,-0.0179356807820176,-0,0,0.0870344250962631,0,0
81.855,-0.00454242499585894,0,0,-0.00182994128329379,0,0,-0.0201551855713225,-0,0,0.0997912619822513,0,0
81.86,-0.00343226655621087,0,0,-0.017923147311646,0,0,-0.021455667920592,-0,0,0.113898941736119,0,0
81.865,-0.00221507729811284,0,0,-0.0276677052462685,0,-0,-0.0202419407078515,-0,0,0.130491353191036,0,0
81.87,-0.00105797461569301,0,0,-0.0308750170898391,0,-0,-0.0186729074956766,-0,-0,0.148530066612514,0,0
81.875,1.0988960872852e-05,0,0,-0.0274573690894441,0,-0,-0.0167647931766171,-0,-0,0.168011773497014,0,0
81.88,0.00106492587325751,0,0,-0.0135701958640771,0,-0,-0.0138923988320245,-0,-0,0.189543264122795,0,-0
81.885,0.00213323381014951,0,0,0.0148349220242626,0,-0,-0.0100932710759341,-0,-0,0.213632151877021,0,-0
81.89,0.00307015611052472,0,0,0.0513684527887991,0,-0,-0.00667365509366235,-0,-0,0.239314666647233,0,-0
81.895,0.00389119991557247,0,0,0.0945914689047926,0,-0,-0.00377793647157193,-0,-0,0.266503973488783,0,-0
81.9,0.00539209114113351,0,0,0.131101878465787,0,-0,-0.00157176318991464,-0,-0,0.292227566320193,0,-0
81.905,0.00702372534775228,0,0,0.1656478459756,0,-0,-0.000101243430653768,-0,-0,0.317837426762227,0,-0
81.91,0.00861519663194973,0,0,0.200512608397562,0,-0,0.000553691540308696,-0,-0,0.344025995434919,0,-0
81.915,0.0102770453670241,0,0,0.234449268697173,0,-0,0.000322320308854619,-0,-0,0.37061224453172,0,-0
81.92,0.0125421359403273,0,0,0.241575184609896,0,-0,0.000725459825358265,-0,-0,0.387455340148433,0,-0
81.925,0.015222953173978,0,0,0.243138254992014,0,-0,0.00155664498947964,-0,-0,0.402397666928908,0,-0
81.93,0.0184793326083585,0,0,0.241339976290999,0,-0,0.00279465323572293,-0,-0,0.416201460101268,0,-0
81.935,0.0225046703189301,0,0,0.246580127994939,0,-0,0.00547874681845232,-0,-0,0.425428851879186,0,-0
81.94,0.0274841779118713,0,0,0.273014281940247,0,-0,0.0119065673625575,-0,-0,0.424552001818628,0,-0
81.945,0.0336878992874613,0,0,0.293330479158368,0,-0,0.0202029387510461,-0,-0,0.42162947810685,0,-0
81.95,0.041340041142892,0,0,0.306935482408815,-0,-0,0.030420511976324,-0,-0,0.416739669470936,0,-0
81.955,0.0505057852726754,0,0,0.311141967911255,-0,-0,0.0479911934041429,-0,-0,0.418652828495985,0,-0
81.96,0.0614224760275287,0,0,0.307430576452217,-0,-0,0.0714249917847856,-0,0,0.423261602926579,0,-0
81.965,0.0743384818858288,0,0,0.29712020788812,-0,-0,0.098165685071972,-0,0,0.426329925376557,0,-0
81.97,0.0892386546471277,0,0,0.280011419210448,-0,-0,0.127296800705954,-0,0,0.427883379017504,0,-0
81.975,0.100220131402617,0,-0,0.244502664019401,-0,-0,0.137216246938859,-0,0,0.430601762646469,0,-0
81.98,0.112083085165947,0,-0,0.20746552409634,-0,-0,0.147035897986749,-0,0,0.431511640854062,0,-0
81.985,0.124754536414695,0,-0,0.169578891734674,-0,-0,0.156676538128438,-0,0,0.430495904133726,0,-0
81.99,0.138472445253097,0,-0,0.131121980724816,-0,0,0.168940429087199,-0,0,0.426933765861518,0,-0
81.995,0.155862409480084,0,-0,0.0910775842247293,-0,0,0.20612761803237,-0,0,0.417120207943527,0,-0
82,0.174403522966212,0,-0,0.0537941289211363,-0,0,0.244172469018578,-0,0,0.405365654362782,0,-0
82.005,0.193997079512266,0,-0,0.0196373147674985,-0,0,0.282468797978889,-0,0,0.391657384082968,0,-0
82.01,0.21799366410834,0,-0,-0.0107967025186205,-0,0,0.32401223890775,-0,0,0.364632123203464,-0,-0
82.015,0.254297993259186,0,-0,-0.0323249454816708,-0,0,0.375363834069033,-0,0,0.305106344994488,-0,-0
82.02,0.29327850767687,0,-0,-0.0436847863529594,-0,0,0.425346201885421,-0,0,0.248766927720082,-0,0
82.025,0.334696499893261,0,-0,-0.0454822173122815,-0,0,0.4732855342419,-0,0,0.196185156137594,-0,0
82.03,0.37011284904798,0,-0,-0.0396436277895395,-0,0,0.502405739446514,-0,0,0.154955352404932,-0,0
82.035,0.395006549311929,0,-0,-0.0281580404622621,-0,0,0.507258048554043,-0,-0,0.125949510713101,-0,0
82.04,0.419439572197775,0,-0,-0.0105086319765181,-0,0,0.509641304758539,-0,-0,0.0992163931712533,-0,0
82.045,0.443180111474532,0,-0,0.0125193755818736,-0,0,0.509648468913188,-0,-0,0.0750242972280225,-0,0
82.05,0.458712902052612,0,-0,0.0438158114881422,-0,0,0.499375953030561,-0,-0,0.0525883795235188,-0,0
82.055,0.470625681938162,0,-0,0.0805414155787226,-0,0,0.485319282046447,-0,-0,0.0332313798176557,-0,0
82.06,0.480675997703411,0,-0,0.120932252312551,-0,0,0.469935355633504,-0,-0,0.0174803714578418,-0,0
82.065,0.488832899202924,0,-0,0.163939848842599,-0,0,0.453309495099627,-0,-0,0.00558612252688204,-0,0
82.07,0.49728720919825,0,-0,0.198325430791636,-0,0,0.426431279346624,-0,-0,-0.000154482540859645,-0,0
82.075,0.503805423759399,0,-0,0.233296847246224,-0,0,0.399657586907416,0,-0,-0.00323441970055151,-0,0
82.08,0.508364084718336,0,-0,0.268388340714476,-0,0,0.373255081786216,0,-0,-0.00353373646011505,-0,0
82.085,0.511007663840474,-0,-0,0.302655300924198,0,0,0.347675952853143,0,-0,-0.000948580166099367,-0,0
82.09,0.514071671678373,-0,-0,0.308022682747511,0,0,0.334455618362521,0,-0,0.00350817938838419,-0,0
82.095,0.515253599603674,-0,-0,0.311784650314933,0,0,0.321350533306431,0,-0,0.0083035951393789,-0,0
82.1,0.514590627086944,-0,-0,0.314012621435875,0,0,0.308483347683979,0,-0,0.0135119646437779,-0,0
82.105,0.512125944279826,-0,-0,0.314794973039702,0,0,0.29591617026016,0,-0,0.0191824799692205,-0,0
82.11,0.499177617139786,-0,-0,0.330819984497547,0,0,0.26168761198912,0,-0,0.0234053851234336,-0,0
82.115,0.48479421131931,-0,0,0.345219574980657,0,0,0.229530746683282,0,-0,0.0273285214010274,-0,0
82.12,0.469151540285365,-0,0,0.357839569695403,0,0,0.199404056493876,0,-0,0.030936888622039,-0,0
82.125,0.452428009928642,-0,0,0.368532001919852,0,0,0.17124669996837,0,-0,0.0341901137146109,-0,0
82.13,0.418827046652445,-0,0,0.348237524010272,0,0,0.160089272095014,0,-0,0.0409247124064207,-0,0
82.135,0.384777441290412,-0,0,0.326276496450055,0,0,0.149976650102833,0,-0,0.0481611561485647,-0,0
82.14,0.351092082045693,-0,0,0.303789099942607,0,0,0.140355507217661,0,-0,0.05568361412808,-0,0
82.145,0.318038034376784,-0,0,0.280969334151025,0,0,0.131168046540794,0,-0,0.0633721081707864,-0,0
82.15,0.288599186490911,-0,0,0.250674676627991,0,0,0.125245517913555,0,-0,0.0721535294891695,-0,0
82.155,0.260140851217271,-0,0,0.220863229682682,0,0,0.119436198032777,0,-0,0.0810264239424742,-0,0
82.16,0.232755655614995,-0,0,0.192031772132194,0,0,0.113591928012523,0,-0,0.089820592641328,-0,0
82.165,0.206590524722756,-0,0,0.164431520092721,0,-0,0.107661834373076,0,-0,0.0984005889729646,-0,0
82.17,0.189169723624942,-0,0,0.137833349591803,0,-0,0.100868751257316,0,-0,0.101142752579669,0,0
82.175,0.172820155637789,-0,0,0.112976904554033,0,-0,0.0939851999854044,0,-0,0.102645718216691,0,0
82.18,0.157303883654865,-0,0,0.0900904969464718,0,-0,0.0870237103323441,0,-0,0.1030854076796,0,-0
82.185,0.142672196528821,-0,0,0.0693548136684417,0,-0,0.0799779365653753,0,-0,0.102473064893686,0,-0
82.19,0.133523144442516,-0,0,0.0542651611185939,0,-0,0.0715486823409085,0,-0,0.0986340041847385,0,-0
82.195,0.125474627743383,-0,0,0.0412782719876869,0,-0,0.0631543000292479,0,-0,0.0934622268376656,0,-0
82.2,0.117913152736731,0,0,0.029969322137132,-0,-0,0.0550217134071262,0,-0,0.0874447549876216,0,-0
82.205,0.110867732059001,0,0,0.0203916435282842,-0,-0,0.0471897494969683,0,-0,0.0808219705782978,0,-0
82.21,0.106679735652151,0,0,0.0133511146211748,-0,-0,0.0387233877938371,0,-0,0.0777791900934201,0,-0
82.215,0.103071115931799,0,0,0.0078394869823594,-0,-0,0.0308684468894035,-0,-0,0.0751909424828133,0,-0
82.22,0.0998288910877788,0,0,0.00375135876624759,-0,-0,0.0237758491877973,-0,-0,0.0728959909365745,0,-0
82.225,0.0969815535555798,0,0,0.00105967298979531,-0,-0,0.017473094267043,-0,-0,0.0711062270349365,0,-0
82.23,0.0940901460064893,0,0,0.000279990920172851,-0,-0,0.0125499805399346,-0,-0,0.0718241038227936,0,-0
82.235,0.0913993868969575,0,0,7.31894907545739e-05,-0,-0,0.00826259257576843,-0,-0,0.0742859361289158,0,0
82.24,0.0891661962332086,0,0,-0.000113941331119029,-0,-0,0.00421614279425617,-0,-0,0.0774209323725608,0,0
82.245,0.0873699292034523,0,0,-0.000286525614873125,-0,-0,0.000448342273607925,-0,-0,0.0811093039759509,0,0
82.25,0.0851993117438969,0,0,-0.00023673784102746,-0,-0,-0.00298027695404196,-0,-0,0.084500195026881,0,0
82.255,0.0796107381766442,0,0,0.00140265156297154,-0,-0,-0.00572081913122812,-0,-0,0.0849932526218753,0,0
82.26,0.0743885358234024,0,0,0.0039229648440161,-0,-0,-0.00778915799272291,-0,-0,0.0855371482432524,0,0
82.265,0.0694290108486301,0,0,0.00728774599187468,-0,-0,-0.00923260051073013,-0,-0,0.0857742805038458,0,0
82.27,0.0644124447066254,0,0,0.0114058211949681,-0,-0,-0.010131036308499,-0,-0,0.0851735465972107,0,0
82.275,0.0564167246241303,-0,0,0.0152437250659214,-0,-0,-0.0109040671758693,-0,-0,0.0817176902280829,0,0
82.28,0.0484129894186686,-0,0,0.0196238172729786,-0,-0,-0.0113134576020239,-0,-0,0.0772377382173635,0,0
82.285,0.0403516016084497,-0,0,0.024573061339932,-0,-0,-0.0114028928683151,-0,-0,0.0714957139548914,0,0
82.29,0.0324831122601079,-0,0,0.0300451600012386,-0,-0,-0.0112368884571846,-0,-0,0.0643980793616845,0,0
82.295,0.0272722208891775,-0,0,0.0351730582691494,-0,-0,-0.0110427031146708,-0,-0,0.0562769668009269,0,0
82.3,0.0220288227692617,-0,0,0.0408381858701659,-0,-0,-0.0106695496452635,-0,-0,0.0466338857504068,0,0
82.305,0.0168036879698595,-0,0,0.0471095547021848,-0,-0,-0.0101519450338646,0,-0,0.0357004422308578,0,-0
82.31,0.0116693218358169,-0,0,0.0540650819924686,-0,-0,-0.0095229786702344,0,0,0.0238331693969046,0,-0
82.315,0.00672000253631426,-0,0,0.0617888979130477,-0,-0,-0.00881395288088837,0,0,0.011493904456848,0,-0
82.32,0.0020674417664869,-0,0,0.0703705573038109,-0,-0,-0.00805385455197844,0,0,-0.000780037748803898,0,-0
82.325,-0.00201734195007944,-0,0,0.0823501752270615,0,-0,-0.00666650579347619,0,0,-0.0131684159843913,0,-0
82.33,-0.0055065515758953,-0,0,0.0967725052878523,0,-0,-0.00513502782567258,0,0,-0.0262285545631958,0,-0
82.335,-0.0083172022440053,-0,0,0.112933477067138,0,-0,-0.00372996723116906,0,0,-0.039247614025651,0,-0
82.34,-0.0102003609764998,-0,0,0.130691034825306,0,-0,-0.00248537148894119,0,0,-0.0510471197149551,0,-0
82.345,-0.00891223276706726,-0,0,0.143111341948933,0,-0,-0.00165395237357657,0,0,-0.0457840919153711,0,-0
82.35,-0.00735417431729868,-0,-0,0.156483297528321,0,-0,-0.00094007668958923,0,0,-0.0339104910621656,0,-0
82.355,-0.00554935395232522,-0,-0,0.170818038823935,0,-0,-0.000338379407716076,0,0,-0.0160020546605555,0,-0
82.36,-0.00351623849200055,-0,-0,0.186871701390107,0,-0,0.000273771626509383,0,0,0.00866409443926616,0,-0
82.365,-0.00123921913034075,-0,-0,0.218854568096039,0,-0,0.00265238808725526,0,0,0.0671515889876311,0,-0
82.37,0.000932545888091228,-0,-0,0.253729602060744,0,-0,0.00475080009451051,0,0,0.131932162110599,0,-0
82.375,0.00294528588956897,-0,-0,0.291441277559753,0,-0,0.0067504493383805,0,0,0.200582939523832,0,-0
82.38,0.00473419514558026,-0,-0,0.330607978031333,0,-0,0.00876994397203451,0,0,0.260584972137352,0,-0
82.385,0.00606254676169374,-0,-0,0.363695267358734,0,-0,0.0105089813986624,0,0,0.254367010421204,0,-0
82.39,0.00699536899376016,-0,-0,0.398072094742587,0,-0,0.0127777615950141,0,0,0.245211020980199,0,-0
82.395,0.00753617167620849,-0,-0,0.433447781956111,0,-0,0.0157767411794555,0,0,0.233370111128024,0,-0
82.4,0.00865874468302805,-0,-0,0.46167447624487,0,-0,0.0195961906382446,0,0,0.229782298246766,0,-0
82.405,0.0125922125065767,-0,-0,0.469283936086003,0,-0,0.0241917578853941,0,0,0.249340273406633,-0,-0
82.41,0.0174373437904367,-0,-0,0.47498754833211,0,-0,0.0299887041085578,0,0,0.264007840050102,-0,-0
82.415,0.0232625716370009,-0,-0,0.478633724668596,0,-0,0.0371445085731006,0,0,0.273342006585701,-0,-0
82.42,0.0350234427985778,-0,-0,0.474524029628941,0,-0,0.0450635576972895,0,0,0.273007033728057,-0,-0
82.425,0.0545223900586838,-0,-0,0.461944146091668,0,-0,0.0534770598512123,0,0,0.263625222290444,-0,-0
82.43,0.0770020266326722,-0,-0,0.446746865775356,0,-0,0.063091823089143,0,0,0.250030136518306,-0,-0
82.435,0.102302188258973,-0,-0,0.429052336466314,0,-0,0.0739247537682532,0,0,0.232555228979392,-0,-0
82.44,0.132540211366157,-0,-0,0.418186276560268,0,-0,0.0839035281252138,0,0,0.20151090814391,-0,-0
82.445,0.165720065187774,-0,-0,0.406502608812927,0,-0,0.0942028589923285,0,-0,0.168969665170913,-0,-0
82.45,0.201107381481782,-0,-0,0.392698451534993,0,-0,0.105018971343889,0,-0,0.137244643068626,-0,-0
82.455,0.238247227428054,-0,-0,0.376887882577369,0,-0,0.116268219131928,0,-0,0.106855543344546,-0,-0
82.46,0.275704243734825,-0,-0,0.36128012218787,0,-0,0.131825602225697,0,-0,0.0760887370660806,-0,-0
82.465,0.313799927675724,-0,-0,0.343926115278982,0,-0,0.148479474989025,0,-0,0.0488083609884888,-0,0
82.47,0.352009778080609,-0,0,0.324977077497589,0,-0,0.166107909151935,0,-0,0.0252912928984099,-0,0
82.475,0.380930457944429,-0,0,0.308026111506973,0,-0,0.183092463184494,0,-0,0.00581292520142832,-0,0
82.48,0.389291953235823,-0,0,0.296578989131142,0,-0,0.197067627214194,0,-0,-0.0112091133911295,-0,0
82.485,0.39577804790666,-0,0,0.283145317391064,-0,-0,0.21099302798665,0,-0,-0.0269041320075647,-0,0
82.49,0.4003286135402,-0,0,0.267853065013824,-0,-0,0.224766644494531,0,-0,-0.0411708098575014,-0,0
82.495,0.416878045415023,-0,0,0.242450472119402,-0,-0,0.246820762690636,0,-0,-0.0499228045929074,-0,0
82.5,0.439181052277803,-0,0,0.212463029090023,-0,-0,0.274522771702335,0,-0,-0.0525192529963383,-0,0
82.505,0.459078572766628,-0,0,0.183353258274451,-0,-0,0.303090073611107,0,-0,-0.0510770103304937,-0,0
82.51,0.476401117962829,-0,0,0.15543474668537,-0,0,0.332287931280874,0,-0,-0.0460297553156591,-0,0
82.515,0.480178327541825,-0,-0,0.114526264992956,-0,0,0.357832111069529,0,-0,-0.0219103217801679,-0,0
82.52,0.476417627650912,-0,-0,0.0731437749825703,-0,0,0.381150381114342,0,-0,0.0160718149325526,-0,0
82.525,0.47071970108954,-0,-0,0.0397456039664366,-0,0,0.40393389002308,0,-0,0.0595620432688038,-0,0
82.53,0.463257119467046,0,-0,0.0145740014116677,-0,0,0.425960326240589,0,-0,0.107376550432475,-0,0
82.535,0.437642641822935,0,-0,0.00401299110473711,-0,0,0.436325663384237,0,-0,0.132850477536592,-0,0
82.54,0.409171059577768,0,-0,-0.00140496420638962,-0,0,0.443416587449047,0,-0,0.154524533461538,-0,0
82.545,0.380865214554329,0,-0,-0.00298372587551764,-0,0,0.448848867088868,0,-0,0.17596393235387,-0,0
82.55,0.353116862819007,0,-0,-0.000711522106118518,-0,0,0.452566491153032,0,-0,0.196310168501236,-0,0
82.555,0.326724102402946,0,-0,0.00388150945234796,-0,0,0.454467731541138,0,-0,0.212715101686578,-0,0
82.56,0.301110729759004,0,-0,0.00934377909441615,-0,0,0.454665880337527,0,-0,0.228013895901304,-0,0
82.565,0.27643605263155,0,-0,0.0156495638303847,-0,0,0.453194094977954,-0,-0,0.242053696024767,-0,0
82.57,0.254397366498381,0,-0,0.0221106673958564,-0,0,0.448857881813307,-0,-0,0.25138050739574,0,0
82.575,0.235871806026487,0,-0,0.0276533232379201,-0,0,0.440943837573793,-0,-0,0.253784779162465,0,0
82.58,0.218188257783864,0,-0,0.0330922220839966,-0,0,0.431672265157982,-0,0,0.254864890756083,0,0
82.585,0.201390108418407,0,-0,0.0384298111400116,-0,0,0.421188561332691,-0,0,0.254666806518268,0,0
82.59,0.188150574430969,0,-0,0.0425286883552246,-0,0,0.400384143753495,-0,0,0.24825863763383,0,0
82.595,0.177109979672229,0,-0,0.0454885220299155,-0,0,0.373434223765704,-0,0,0.237927286397881,0,0
82.6,0.166540385475172,0,-0,0.0479727217930629,-0,0,0.346437910646491,-0,0,0.226969268572969,0,0
82.605,0.156428018501217,0,-0,0.0500405408414119,-0,0,0.319723400624251,-0,0,0.215542700720166,0,0
82.61,0.147590884779093,0,-0,0.0541945162522739,-0,0,0.31117968348827,-0,0,0.207590172008018,0,0
82.615,0.139040380940231,0,-0,0.0584190454400336,-0,0,0.302270393760512,-0,0,0.199110185169452,0,0
82.62,0.130732749165727,0,-0,0.0627773546482616,-0,0,0.293134909072632,-0,0,0.190201915225622,0,0
82.625,0.122200544098604,0,-0,0.0663531883699028,-0,0,0.279694748002667,-0,0,0.176650774152731,0,-0
82.63,0.111893081345708,0,-0,0.0648493582130943,-0,0,0.245963708974389,-0,0,0.142652567086022,0,-0
82.635,0.102015505332144,0,-0,0.0630444222107981,0,0,0.213975667549014,-0,0,0.11121032351712,0,-0
82.64,0.0925220247396368,0,-0,0.0610457569401837,0,0,0.18377666175566,-0,0,0.0824474966837943,0,-0
82.645,0.0836070460352911,0,-0,0.0600371155081138,0,0,0.162621654364443,-0,0,0.0612543700330153,0,-0
82.65,0.0752554936093311,0,-0,0.0606437474267187,0,0,0.152361298377942,-0,0,0.0483519751644094,0,-0
82.655,0.0670995676939179,0,-0,0.0615171627752639,0,0,0.142792272338908,-0,0,0.0367382720062752,0,-0
82.66,0.0591285843043043,0,-0,0.0627085644543138,0,0,0.133924022209342,0,0,0.0264012193547669,0,-0
82.665,0.0504671031138917,0,-0,0.0654987907155409,0,0,0.125759298101703,0,0,0.0181602497180136,0,-0
82.67,0.0416277497211159,0,-0,0.0697236458947245,0,0,0.118276903639665,0,0,0.0116194111637517,0,-0
82.675,0.0334336447876832,0,-0,0.0743424008166602,0,0,0.111437012134083,0,0,0.00598413021814007,-0,-0
82.68,0.0259042271979584,0,-0,0.079277837817466,0,0,0.105196578659138,0,0,0.00120223978105496,-0,-0
82.685,0.0194836746185792,0,-0,0.0953690327408245,0,0,0.0990290741720453,0,0,-0.00160684368852579,-0,-0
82.69,0.013585917864843,0,-0,0.113334062076177,0,0,0.0932691291411691,0,0,-0.00371027349023262,-0,-0
82.695,0.00814902588316732,-0,-0,0.130885063178701,0,0,0.0879230869516443,0,0,-0.00536569238741293,-0,-0
82.7,0.00320482403672537,-0,-0,0.147592777800638,0,0,0.0829111034105922,0,0,-0.00660046813365738,-0,-0
82.705,-0.00121616587312114,-0,-0,0.156731164565461,0,0,0.075431862110947,0,0,-0.00692393886754567,-0,-0
82.71,-0.00507937968978795,-0,-0,0.163365658949546,0,0,0.0675660097356586,0,0,-0.00690113291199018,-0,-0
82.715,-0.00836788220199041,-0,-0,0.168339882684505,0,0,0.0596977202076865,0,0,-0.00662952661670496,-0,-0
82.72,-0.0111792731337366,-0,-0,0.170962961138674,0,0,0.0536179714716385,0,0,-0.00595984382152416,-0,-0
82.725,-0.0139245265717922,-0,-0,0.170119442266592,0,0,0.0541390459050405,0,0,-0.00468834449032514,-0,-0
82.73,-0.0163099239079633,-0,-0,0.166961426920583,0,0,0.0547413116429892,0,0,-0.00334592601940546,-0,0
82.735,-0.0183154877774498,-0,-0,0.161319184204177,0,0,0.0554026373965636,0,0,-0.00190872908477095,-0,0
82.74,-0.0195053278636899,-0,-0,0.150172413345354,0,0,0.0527917361005207,-0,0,-0.000362620120471946,-0,0
82.745,-0.0195556465176271,-0,-0,0.133098506833729,0,0,0.0450209462314453,-0,0,0.00147295914986634,-0,0
82.75,-0.0191076220358063,-0,-0,0.115108339928344,0,0,0.0369888911280935,-0,0,0.00373369964777368,-0,0
82.755,-0.0182301640879183,-0,-0,0.0964674328527052,0,0,0.0287338238812031,-0,0,0.00648244564265296,-0,0
82.76,-0.0166465581560991,-0,0,0.0782839389028198,0,0,0.0204668827544303,-0,0,0.00988564596408519,-0,0
82.765,-0.0140460347330674,0,0,0.0611064370564161,0,0,0.0124430468521697,-0,0,0.0142618336054421,-0,0
82.77,-0.01128111737578,0,0,0.0433850697776662,0,-0,0.00445116028994743,-0,0,0.0195695305117418,-0,0
82.775,-0.00847302581005385,0,0,0.0256090674496461,0,-0,-0.0033877546004638,-0,0,0.0259149218928667,-0,0
82.78,-0.00570104976269799,0,0,0.0078337697750857,0,-0,-0.00843042656462574,-0,0,0.0325276004770124,-0,0
82.785,-0.00304716409706077,0,0,-0.00625213121731064,0,-0,-0.00881875131651416,-0,0,0.0382119149042309,-0,0
82.79,-0.000658139221519455,0,0,-0.0138586932831184,0,-0,-0.00898087125220593,-0,0,0.0441990771281755,0,0
82.795,0.0013978123187782,0,0,-0.0148360075140077,0,-0,-0.00891981347522196,-0,0,0.0504533213146569,0,0
82.8,0.00397305601506729,0,0,-0.00881148205149222,0,-0,-0.00807657527022191,-0,-0,0.0578700618476322,0,0
82.805,0.00652811662702475,0,0,0.0041591489340501,0,-0,-0.00672854966159155,-0,-0,0.0664848332276246,0,0
82.81,0.00835691791339574,0,0,0.0234344186102574,0,-0,-0.00535595917506662,-0,-0,0.0757154763369633,0,0
82.815,0.00949635231366523,0,0,0.0483769968514265,0,-0,-0.00402063837588837,-0,-0,0.085552202126682,0,0
82.82,0.0100320177430657,0,0,0.0972556846194445,0,-0,-0.00298927373042309,-0,-0,0.0985341547565177,0,-0
82.825,0.0100878186212223,0,0,0.159564634747557,0,-0,-0.00211272485573858,-0,-0,0.113492696331973,0,-0
82.83,0.00983265943940316,0,0,0.227864971042544,0,-0,-0.001361724321807,-0,-0,0.129741461419671,0,-0
82.835,0.00947555015081328,0,0,0.299833830164252,0,-0,-0.000766276819936892,-0,-0,0.147282763906293,0,-0
82.84,0.0087204360193294,0,0,0.309716268185141,0,-0,-0.000350483863739321,-0,-0,0.165365815033518,0,-0
82.845,0.00837193842379325,0,0,0.304106008909164,0,-0,-9.29611268251417e-05,-0,-0,0.184445078826842,0,-0
82.85,0.00869338671018197,0,0,0.294493872144107,0,-0,3.24195210513885e-05,-0,-0,0.204599966761352,0,-0
82.855,0.00983512202743634,0,0,0.284881923203676,0,-0,0.000277993129204133,-0,-0,0.225929262185137,0,-0
82.86,0.0119456717725664,0,0,0.284717392409578,-0,-0,0.00212919932155256,-0,-0,0.248813054230074,0,-0
82.865,0.0151585020329415,0,0,0.280981433444734,-0,-0,0.00553623640770555,-0,-0,0.27259044515286,0,-0
82.87,0.0196006929950086,0,0,0.273710422411782,-0,-0,0.0106304605063078,-0,-0,0.297108772673743,0,-0
82.875,0.0256862317388643,0,0,0.279015486677501,-0,-0,0.0175747960111588,-0,-0,0.315833545588741,0,-0
82.88,0.0336671817416554,0,0,0.291423798771008,-0,-0,0.0264738032138279,-0,-0,0.329106603744956,0,-0
82.885,0.0435037854603582,0,0,0.296882461188635,-0,-0,0.0373494820490072,-0,-0,0.341750134408798,0,-0
82.89,0.0553280763645663,0,0,0.295119049807364,-0,-0,0.0502141783724027,-0,0,0.353627043340734,0,-0
82.895,0.0676181198660454,0,0,0.274921475873372,-0,-0,0.0702491479960135,-0,0,0.367190523060649,0,-0
82.9,0.080674776869704,0,0,0.246033932481986,-0,-0,0.0956058170928578,-0,0,0.380845290087663,0,-0
82.905,0.0950173239236073,0,-0,0.214191962780534,-0,-0,0.124059981640572,-0,0,0.393259593413948,0,-0
82.91,0.110475343567329,0,-0,0.179819203042581,-0,0,0.153807353670729,-0,0,0.403949140184128,0,-0
82.915,0.12561961512645,0,-0,0.142444471673738,-0,0,0.166319434548215,-0,0,0.410173229249138,0,-0
82.92,0.141402096325537,0,-0,0.104508954076232,-0,0,0.1784636402261,-0,0,0.414377009865741,0,-0
82.925,0.157691786067004,0,-0,0.0665721429857526,-0,0,0.190088945393784,-0,0,0.416340619104382,0,-0
82.93,0.176264622698772,0,-0,0.0286451613783021,-0,0,0.211039922400921,-0,0,0.411813260837291,0,-0
82.935,0.204710110622534,0,-0,-0.0064332645126847,-0,0,0.277353608075315,-0,0,0.387389457206865,0,-0
82.94,0.235260377212553,0,-0,-0.0333970326662183,-0,0,0.345365355669093,-0,0,0.361510681404193,0,-0
82.945,0.267735949705605,0,-0,-0.0523127167315484,-0,0,0.414007043363757,-0,0,0.334420642278065,0,-0
82.95,0.301086566286748,0,-0,-0.0627416296058605,-0,0,0.468923910307848,-0,0,0.305716044996921,-0,-0
82.955,0.333479448738209,0,-0,-0.0631470549412935,-0,0,0.487362767893647,-0,0,0.274762801989876,-0,0
82.96,0.36664248120669,0,-0,-0.0553296763696608,-0,0,0.503295811720711,-0,0,0.243786946390633,-0,0
82.965,0.400276523433497,0,-0,-0.0399953542221461,-0,0,0.516603364543229,-0,0,0.213180505656129,-0,0
82.97,0.429116421944307,0,-0,-0.0267195463690756,-0,0,0.523290821875428,-0,0,0.189304009453438,-0,0
82.975,0.447810393362153,0,-0,-0.0271639482304196,-0,0,0.520134719059231,-0,0,0.175845724249765,-0,0
82.98,0.464962500332351,0,-0,-0.0268048699785301,-0,0,0.514687377741444,-0,0,0.161133041817524,-0,0
82.985,0.480411943876889,0,-0,-0.0256986063441399,-0,0,0.507176326071196,-0,0,0.145417442630585,-0,0
82.99,0.495100100151781,0,-0,-0.00828777816648522,-0,0,0.497090183856956,-0,0,0.125061789984594,-0,0
82.995,0.510160626062285,0,-0,0.0447065103873914,-0,0,0.48394304058681,-0,0,0.098194519464075,-0,0
83,0.523240036210525,0,-0,0.101063426618614,-0,0,0.469647225881761,-0,-0,0.0742265259265157,-0,0
83.005,0.534208040477596,0,-0,0.159547673989635,0,0,0.454486399569344,-0,-0,0.0533692696390497,-0,0
83.01,0.542131114752724,0,-0,0.220597884263925,0,0,0.437263326245259,0,-0,0.0348654547642617,-0,0
83.015,0.543372148223492,0,-0,0.290070140351281,0,0,0.41227687982308,0,-0,0.016760166091942,-0,0
83.02,0.542284859327424,0,-0,0.358441606267031,0,0,0.387728345918106,0,-0,0.00515416515223849,-0,0
83.025,0.538910140314961,0,-0,0.424619750817791,0,0,0.363810804213158,0,-0,-2.02484064608037e-05,-0,0
83.03,0.529161176472335,0,-0,0.472656358160367,0,0,0.339974741639306,0,-0,0.000918020044786697,-0,0
83.035,0.505445470972664,0,-0,0.473957196957777,0,0,0.31511175178026,0,-0,0.00466468899681385,-0,0
83.04,0.480287506182329,0,-0,0.472598927797344,0,0,0.291397300198341,0,-0,0.0100610489142189,-0,0
83.045,0.453990716324302,0,-0,0.468647183245647,0,0,0.268866301401997,0,-0,0.0170142003291833,-0,0
83.05,0.422591797336592,0,-0,0.454534306918429,0,0,0.247030615373822,0,-0,0.023687261400948,-0,0
83.055,0.384073045047341,0,0,0.426309064275135,0,0,0.225620623860368,0,-0,0.0274549420388166,-0,0
83.06,0.346000776683654,-0,0,0.397239117094064,0,0,0.205432733752482,0,-0,0.0304949371915907,-0,0
83.065,0.308732664328579,-0,0,0.367650874828013,0,0,0.186414986953335,0,-0,0.0327757610700588,-0,0
83.07,0.291560206106971,-0,0,0.348338525379324,0,0,0.176695017143978,0,-0,0.0359071382263548,-0,0
83.075,0.279579743185869,-0,0,0.330971296347535,0,0,0.169687423780385,0,-0,0.0391719333297071,-0,0
83.08,0.267221411738998,-0,0,0.312540503284061,0,0,0.162876152653061,0,-0,0.0421799318309835,-0,0
83.085,0.254636976936554,-0,0,0.293226763896699,0,0,0.156213345857588,0,-0,0.0449848540553156,-0,0
83.09,0.221974880314902,-0,0,0.233818284585301,0,0,0.143129200564571,0,-0,0.0428118430757299,-0,0
83.095,0.18987769390982,-0,0,0.176728868096791,0,0,0.130168980501128,0,-0,0.0394677748335691,-0,0
83.1,0.160110961699239,-0,0,0.125662980051717,0,0,0.117832920672103,0,-0,0.0354572711646187,-0,0
83.105,0.132718954094145,-0,0,0.0808872369515806,0,0,0.106089071315341,0,-0,0.0309533098789429,-0,0
83.11,0.124973883611239,-0,0,0.0722852221940427,0,0,0.100679831040252,0,-0,0.0329126163496008,0,0
83.115,0.11764533821033,-0,0,0.0639015234088305,0,0,0.0952001972776656,0,-0,0.0355181099745207,0,0
83.12,0.110720632515176,-0,0,0.0556736313731233,0,-0,0.0896062243556459,0,-0,0.0389063337791084,0,0
83.125,0.101746642766948,-0,0,0.044734027717669,-0,-0,0.0832866666383879,0,-0,0.0429554982330108,0,0
83.13,0.0863158915354078,-0,0,0.0274194561464096,-0,-0,0.0752192539764319,0,-0,0.0471825155150656,0,0
83.135,0.0724566271152842,-0,0,0.0140243675781441,-0,-0,0.0673740700161067,0,-0,0.0524299551787856,0,0
83.14,0.0600426036076573,-0,0,0.00443697008771436,-0,-0,0.0597679954126864,0,-0,0.058719055375679,0,0
83.145,0.0516272364506522,-0,0,-0.00044100049806966,-0,-0,0.0521181936657742,0,-0,0.0677561558645552,0,0
83.15,0.0479967431851624,-0,0,-0.00159507082156158,-0,-0,0.0444103006654806,0,-0,0.0804324340675894,0,0
83.155,0.0448336018217871,0,0,-0.00131247031631032,-0,-0,0.037181632804077,-0,-0,0.0939297218723513,0,0
83.16,0.0421059476328238,0,0,0.000300523641114415,-0,-0,0.0304603383632998,-0,-0,0.107936843206927,0,0
83.165,0.0381564448739159,0,0,0.00285862119665623,-0,-0,0.0247909352074111,-0,-0,0.117940198068958,0,0
83.17,0.0342001078640853,0,0,0.00593457034164622,-0,-0,0.0195972602300372,-0,-0,0.126582586523524,0,0
83.175,0.0305941711950713,0,0,0.00948356980943424,-0,-0,0.0147360429115187,-0,-0,0.134620800717403,0,0
83.18,0.0271412363003322,0,0,0.0134020931389583,-0,-0,0.0102223581794192,-0,-0,0.141185746111084,0,0
83.185,0.0231183288935496,0,0,0.0171885194706163,-0,-0,0.00605847581700529,-0,-0,0.143032681081684,0,0
83.19,0.0191578081785325,0,0,0.0211609467341728,-0,-0,0.00231381941168618,-0,-0,0.143443059909703,0,0
83.195,0.0151648490686423,0,0,0.025328526650482,-0,-0,-0.00100465815468309,-0,-0,0.142197885345228,0,0
83.2,0.0113341421897116,0,0,0.029788349746594,-0,-0,-0.00392092192480312,-0,-0,0.137212049021153,0,0
83.205,0.00792756147345535,0,0,0.0346914823564442,-0,-0,-0.00654258845297655,-0,-0,0.126734992227584,0,0
83.21,0.00433983038136912,0,0,0.039952274994676,-0,-0,-0.00885152121269009,-0,-0,0.115120684689996,0,0
83.215,0.000551658051891838,0,0,0.0456398476933061,-0,-0,-0.0108463705002431,-0,-0,0.102553250621794,0,0
83.22,-0.00130683349627674,-0,0,0.0504506044520327,-0,-0,-0.0127196536342862,-0,-0,0.0941049998747275,0,0
83.225,-0.00174792562843879,-0,0,0.0546065472150311,-0,-0,-0.0144911631703075,-0,-0,0.0872441603276296,0,0
83.23,-0.00219236468283534,-0,0,0.0590698932123015,-0,-0,-0.0160427559002831,-0,-0,0.078560130798986,0,0
83.235,-0.0026180748235692,-0,0,0.0639160630500919,-0,-0,-0.0173697300253008,0,-0,0.0683778637595746,0,0
83.24,-0.00393496683321482,-0,0,0.0707578079485834,-0,-0,-0.0181241274690679,0,-0,0.0567010315037268,0,0
83.245,-0.00590640363381603,-0,0,0.0796604030416605,-0,-0,-0.0183318271178885,0,0,0.0442522149780402,0,0
83.25,-0.0077460770528992,-0,0,0.089631838980724,-0,-0,-0.0182669477955886,0,0,0.0318188998249252,0,-0
83.255,-0.0093821778848269,-0,0,0.100779152519021,-0,-0,-0.0179558852019653,0,0,0.0198232144040143,0,-0
83.26,-0.0102528466164835,-0,0,0.112578581045684,-0,0,-0.0171095831869627,0,0,0.00886314070758953,0,-0
83.265,-0.0103308436040252,-0,0,0.124928667851768,0,0,-0.0157369736991383,0,0,-0.00145530784522154,0,-0
83.27,-0.0101111551890006,-0,0,0.138451099953072,0,0,-0.0142101290989409,0,0,-0.0112808762517968,0,-0
83.275,-0.00957996046534829,-0,0,0.153144393929633,0,0,-0.0125781144131185,0,0,-0.0203473630565647,0,-0
83.28,-0.00750817151092745,-0,-0,0.175324432998617,0,0,-0.00691698492017229,0,0,-0.0145050402643977,0,-0
83.285,-0.00519006322148332,-0,-0,0.201372329760852,0,0,-0.000373734973654051,0,0,0.00478164537420953,0,-0
83.29,-0.00311794233278383,-0,-0,0.229719652140175,0,0,0.00585730559955324,0,0,0.0336689116144654,0,-0
83.295,-0.00143763653994255,-0,-0,0.260297979080496,0,0,0.0116679631630977,0,0,0.0707120286817348,0,-0
83.3,-0.000638855926589669,-0,-0,0.29078921298841,0,0,0.0160049312598584,0,0,0.114853283092709,0,-0
83.305,-0.000183629578589505,-0,-0,0.321823569646736,0,0,0.0194393994365349,0,0,0.164245440876861,0,-0
83.31,0.000103531190020591,-0,-0,0.354151493093328,0,0,0.0224467183687289,0,0,0.216912215038234,0,-0
83.315,0.000157258948887962,-0,-0,0.387524829400683,0,0,0.0250543730752762,0,0,0.271095106260278,0,-0
83.32,0.000491355677608452,-0,-0,0.40949982809944,0,-0,0.0273673739895521,0,0,0.266835849390029,0,-0
83.325,0.0010812401268023,-0,-0,0.42971429589261,0,-0,0.0294306551324367,0,0,0.253752540991931,0,-0
83.33,0.00193034689527761,-0,-0,0.448879441563243,0,-0,0.0313648377221101,0,0,0.2369909993888,0,-0
83.335,0.00268073297256704,-0,-0,0.4663265408086,0,-0,0.0326645699042155,0,0,0.221944469487667,0,-0
83.34,0.00181208430855838,-0,-0,0.480438610968624,0,-0,0.0318011436173236,0,0,0.221739652491541,0,-0
83.345,0.000625688974857963,-0,-0,0.492990628015704,0,-0,0.0314034727071576,0,0,0.21900708264396,0,-0
83.35,-0.000758935489961045,-0,-0,0.503977083969932,0,-0,0.0315431101758674,0,0,0.213874302463733,0,-0
83.355,-0.00219086947407383,-0,-0,0.513424052244409,0,-0,0.0322835198652118,0,0,0.206502067772928,-0,-0
83.36,-0.00340514118087866,-0,-0,0.520968977164489,0,-0,0.0337275224829653,0,0,0.197219146111889,-0,-0
83.365,0.000902955679041506,-0,-0,0.505566793323262,0,-0,0.0385935562361652,0,0,0.193117995787887,-0,-0
83.37,0.00659704850745488,-0,-0,0.488364603840096,0,-0,0.0446556968385522,0,0,0.186270026660278,-0,-0
83.375,0.0137770423837812,-0,-0,0.469695406714349,0,-0,0.0521169047438623,0,0,0.17675119782185,-0,-0
83.38,0.0224971805887681,-0,-0,0.449867570465239,0,-0,0.0611723845138877,0,0,0.164666094782763,-0,-0
83.385,0.0334361323628021,-0,-0,0.429870439468149,0,-0,0.0718530637703516,0,0,0.150413851509361,-0,-0
83.39,0.0578332755633368,-0,-0,0.421249975348456,0,-0,0.0815813306500016,0,0,0.137640846760117,-0,-0
83.395,0.0845617985393564,-0,0,0.411609456365722,0,-0,0.0926792188932175,0,-0,0.121386390316731,-0,-0
83.4,0.11320736065609,-0,0,0.400837025735896,0,-0,0.10514980083026,0,-0,0.1018262683786,-0,-0
83.405,0.143286416491894,-0,0,0.388782700464165,0,-0,0.11897405931351,0,-0,0.0791802178984909,-0,-0
83.41,0.180972798058047,-0,0,0.373029447406839,0,-0,0.134321285902662,0,-0,0.0524407965429527,-0,0
83.415,0.234093491066787,-0,0,0.351142584030715,0,-0,0.151469257433189,0,-0,0.0232699410978603,-0,0
83.42,0.287250136388449,-0,0,0.328216776031782,0,-0,0.169912308786158,0,-0,-0.00384311692862476,-0,0
83.425,0.339521977389984,-0,0,0.30425033700219,-0,-0,0.189536681819299,0,-0,-0.0287427823465779,-0,0
83.43,0.398310300765045,-0,0,0.259645835427795,-0,-0,0.221327262020056,0,-0,-0.0452483938895413,-0,0
83.435,0.4582205969666,-0,0,0.208861194316388,-0,-0,0.261277961527549,0,-0,-0.0499983063558214,-0,0
83.44,0.514588851795422,-0,0,0.162095504173287,-0,-0,0.304470190215712,0,-0,-0.0449686145824376,-0,0
83.445,0.566716166088605,-0,0,0.119846155296371,-0,-0,0.35061589721999,0,-0,-0.0307144372765062,-0,0
83.45,0.553777239168928,-0,0,0.0902785149643002,-0,-0,0.377347029911222,0,-0,-0.0136323425231029,-0,0
83.455,0.534782418184213,-0,0,0.0645313941206583,-0,-0,0.402376019941172,0,-0,0.00939820256633173,-0,0
83.46,0.513785373682307,-0,0,0.0424528341654404,-0,-0,0.426668313559695,0,-0,0.0380877844010232,-0,0
83.465,0.4868243261959,-0,-0,0.0255270660641008,-0,0,0.447786490408372,0,-0,0.069265467013763,-0,0
83.47,0.450038343321455,-0,-0,0.0142680846733366,-0,0,0.462725904799225,0,-0,0.0986564267611552,-0,0
83.475,0.413300420922879,0,-0,0.0060331470080058,-0,0,0.475669721100227,0,-0,0.130674480979119,-0,0
83.48,0.377039377926764,0,-0,0.00106855111428079,-0,0,0.486480520781884,0,-0,0.164799313031075,-0,0
83.485,0.346561277424709,0,-0,-0.000245772590861622,-0,0,0.495758864470481,0,-0,0.193683501544473,-0,0
83.49,0.330988394014183,0,-0,0.000415752153283371,-0,0,0.504895403758675,0,-0,0.202052773293608,-0,0
83.495,0.315333796283442,0,-0,0.00137011869100351,-0,0,0.51177185036237,0,-0,0.209363371115595,-0,0
83.5,0.299847153188499,0,-0,0.00275238590035093,-0,0,0.516350597155081,0,-0,0.215582242369932,-0,0
83.505,0.284737569426208,0,-0,0.00465318295526857,-0,0,0.518623787773703,0,-0,0.220674631974371,0,0
83.51,0.267884866032269,0,-0,0.00739524992865085,-0,0,0.518460631685674,0,-0,0.227548311281223,0,0
83.515,0.241240296156706,0,-0,0.0124456568074011,-0,0,0.515328194322193,-0,-0,0.247640286289253,0,0
83.52,0.216481171225053,0,-0,0.0186842873522418,-0,0,0.510040942387547,-0,-0,0.26635272951526,0,0
83.525,0.193576272557902,0,-0,0.0260256529030957,-0,0,0.502698777021756,-0,-0,0.283342900638127,0,0
83.53,0.173762898763587,0,-0,0.0336289140912362,-0,0,0.491411264332499,-0,-0,0.296071198960024,0,0
83.535,0.160982174361786,0,-0,0.0384046879739616,-0,0,0.469817863619457,-0,-0,0.297044707727231,0,0
83.54,0.149170915164821,0,-0,0.0431106408023079,-0,0,0.44715774445923,-0,-0,0.295999837535635,0,0
83.545,0.13824154264734,0,-0,0.047637292304577,-0,0,0.423699157131672,-0,0,0.292861757282693,0,0
83.55,0.130543290339013,0,-0,0.0555206694615802,-0,0,0.396037567776329,-0,0,0.274721878917665,0,0
83.555,0.125394812576972,0,-0,0.0670446491710208,-0,0,0.365185851282813,-0,0,0.244505439005745,0,0
83.56,0.120372809220045,0,-0,0.0790238636988128,-0,0,0.334879549751059,-0,0,0.214730633903096,0,0
83.565,0.115382327119138,0,-0,0.0913637142856454,-0,0,0.305384863849649,-0,0,0.185763412198648,0,0
83.57,0.110212457027936,0,-0,0.0997461084590089,-0,0,0.274746680814754,-0,0,0.154039924971675,0,0
83.575,0.104875602793771,0,-0,0.106706924520645,0,0,0.244991382126187,-0,0,0.123402474887846,0,0
83.58,0.0993288355082914,0,-0,0.113413080561215,0,0,0.216940720685061,-0,0,0.0954075709199954,0,0
83.585,0.0934492652738658,0,-0,0.119556463710734,0,0,0.191033585481499,-0,0,0.0707349847810315,0,0
83.59,0.0864997296069862,0,-0,0.120348356319048,0,0,0.171264346944732,-0,0,0.0538715309433993,0,-0
83.595,0.0793302421011955,0,-0,0.120752662888119,0,0,0.152913827474672,-0,0,0.0390947381771629,0,-0
83.6,0.0719308490145724,0,-0,0.120918746047359,0,0,0.136019867511584,0,0,0.0265401881595228,0,-0
83.605,0.0640377631981457,0,-0,0.120291909406326,0,0,0.12169642093369,0,0,0.0168514032219643,-0,-0
83.61,0.0550946732499073,0,-0,0.116926758332352,0,0,0.112742941483296,0,0,0.0109744000544901,-0,-0
83.615,0.0463359908672283,0,-0,0.11368786670148,0,0,0.104649620138338,0,0,0.00635575961235749,-0,-0
83.62,0.0378235641025092,-0,-0,0.110726030066249,0,0,0.0974329584315551,0,0,0.00300806113410159,-0,-0
83.625,0.0294676633006012,-0,-0,0.108196061512154,0,0,0.0911822042987238,0,0,0.000929610258347141,-0,-0
83.63,0.0211166255155342,-0,-0,0.106285883017041,0,0,0.0861199174219511,0,0,3.8118962504365e-05,-0,-0
83.635,0.0135987669655119,-0,-0,0.104820519564545,0,0,0.0818460048859878,0,0,0.000158737437871344,-0,-0
83.64,0.00696858349174882,-0,-0,0.103738190310399,0,0,0.0783155978824734,0,0,0.001212992938021,-0,-0
83.645,0.00125906684611205,-0,-0,0.103895029065069,0,0,0.0730813901003578,0,0,0.00347715662851099,-0,-0
83.65,-0.00341734014428236,-0,-0,0.105012595747699,0,0,0.066126211477318,0,0,0.0071729458350215,-0,-0
83.655,-0.00702730718516098,-0,-0,0.105844794193977,0,0,0.0596350753567014,0,0,0.0118968349749841,-0,-0
83.66,-0.00959744741657947,-0,-0,0.106107687278931,-0,0,0.0534214928972008,0,0,0.0175014388173256,-0,-0
83.665,-0.0112020235507313,-0,-0,0.100536274305489,-0,0,0.0453501876067272,0,0,0.0229577627651428,-0,-0
83.67,-0.011901374142209,-0,-0,0.0935402528159131,-0,0,0.0367429610472877,0,0,0.028680323993303,-0,-0
83.675,-0.0117760884431064,-0,-0,0.086026675950023,-0,0,0.0278238804904061,-0,0,0.0347820920872906,-0,-0
83.68,-0.0109824161207342,-0,-0,0.078226170908978,-0,0,0.0185730626264526,-0,0,0.0411633208770704,-0,-0
83.685,-0.0106973590106021,-0,-0,0.0748574774098211,-0,0,0.0105583586275295,-0,0,0.0462627167664991,-0,-0
83.69,-0.0100739556566544,-0,-0,0.0696197804187114,-0,0,0.00214332084380396,-0,0,0.0515578933206831,-0,-0
83.695,-0.00917932091600263,-0,0,0.0625673421946478,-0,0,-0.00663900782383359,-0,0,0.0571191847317593,-0,-0
83.7,-0.00807076401817992,0,0,0.0546504262133646,-0,0,-0.0148964459599461,-0,0,0.0631229396294629,-0,-0
83.705,-0.00678346913496011,0,0,0.0474125932705396,-0,0,-0.0201159226893402,-0,0,0.0699593518245768,-0,-0
83.71,-0.0054175913305967,0,0,0.0375677893896387,-0,0,-0.0252308965103631,-0,0,0.0774229080626392,-0,-0
83.715,-0.0040295932840512,0,0,0.0255646856579865,-0,-0,-0.0301156397203955,-0,0,0.0856379204406541,-0,-0
83.72,-0.00305781240699226,0,0,0.0118026861059923,-0,-0,-0.0331321264362121,-0,0,0.09361359789637,-0,-0
83.725,-0.00294278668841496,0,0,-0.0025925477899422,-0,-0,-0.0324725149413332,-0,0,0.0998356454407168,-0,-0
83.73,-0.0028370165935415,0,0,-0.0163925296418877,0,-0,-0.03132598902376,-0,0,0.106558663453751,-0,-0
83.735,-0.00273832912864453,0,0,-0.0290489178135645,0,-0,-0.0296949806503788,-0,0,0.113802148076448,0,0
83.74,-0.00230470842304739,0,0,-0.0376922660151755,0,-0,-0.0267921544441025,-0,-0,0.122481770252522,0,0
83.745,-0.00160176177910526,0,0,-0.0399887759725083,0,-0,-0.0228093281612785,-0,-0,0.13281263893649,0,0
83.75,-0.000985250079196512,0,0,-0.0375881790460322,0,-0,-0.0187094502944986,-0,-0,0.144005910620512,0,0
83.755,-0.000454579164624866,0,0,-0.0306636483660446,0,-0,-0.0146444633898562,-0,-0,0.156089402017979,0,0
83.76,-4.98811261962058e-06,0,0,-0.0195515452017386,0,-0,-0.0107789556659918,-0,-0,0.169087739053093,0,0
83.765,0.00156723796803756,0,0,0.0130635727274838,0,-0,-0.00673942701083122,-0,-0,0.185890349787406,0,0
83.77,0.00488917461911845,0,0,0.0855335823024351,0,-0,-0.00267315710234952,-0,-0,0.209656646643587,0,-0
83.775,0.00775754410646737,0,0,0.165596953254023,0,-0,1.4177385450948e-05,-0,-0,0.235666523910409,0,-0
83.78,0.0103527950717659,0,0,0.250336743847752,0,-0,0.00110302268099241,-0,-0,0.263958003336816,0,-0
83.785,0.0123180067056798,0,0,0.284363419791922,0,-0,0.000292443703192578,-0,-0,0.285263890214718,0,-0
83.79,0.014157417832322,0,0,0.284071541110428,0,-0,-0.00104663844893354,-0,-0,0.301729594046691,0,-0
83.795,0.0164394621492118,0,0,0.280343921989508,0,-0,-0.00244726087366402,-0,-0,0.318511406906359,0,-0
83.8,0.0193874337902024,0,0,0.273276653540791,0,-0,-0.00379979714735654,-0,-0,0.335516198140957,0,-0
83.805,0.0232230420151963,0,0,0.278927077840718,0,-0,-0.00307632446736922,-0,-0,0.343491034886081,0,-0
83.81,0.0281894982790644,0,0,0.286312687482481,0,-0,-3.17289066106337e-05,-0,-0,0.347117960688236,0,-0
83.815,0.0345271002806089,0,0,0.289124295445472,-0,-0,0.00502879807991967,-0,-0,0.349570155588909,0,-0
83.82,0.0424665313604986,0,0,0.287203920698449,-0,-0,0.0122774296752464,-0,-0,0.350790573924916,0,-0
83.825,0.0517498764013307,0,0,0.293762084623236,-0,-0,0.0251452923338128,-0,-0,0.348533705349505,0,-0
83.83,0.0628852415772992,0,0,0.294382391306586,-0,-0,0.0415031510203573,-0,-0,0.344682508373773,0,-0
83.835,0.0760492023722181,0,0,0.288168251245063,-0,-0,0.0611562488721373,-0,-0,0.339326577347777,0,-0
83.84,0.0910884993328571,0,0,0.273774831134029,-0,-0,0.0843197720256173,-0,-0,0.333642094920779,0,-0
83.845,0.103886682216521,0,-0,0.23536145000963,-0,-0,0.115457562205283,-0,0,0.343426706983388,0,-0
83.85,0.117810189482531,0,-0,0.196646698845351,-0,-0,0.150046644354745,-0,0,0.351668711784692,0,-0
83.855,0.13278268787016,0,-0,0.158321808615236,-0,0,0.187616376905843,-0,0,0.358060616101599,0,-0
83.86,0.148506850004605,0,-0,0.120031461791736,-0,0,0.226921161317551,-0,0,0.360398577237098,0,-0
83.865,0.164453529450618,0,-0,0.0820316787413163,-0,0,0.266110935958626,-0,0,0.355530846541571,0,-0
83.87,0.180982718939067,0,-0,0.048064702988929,-0,0,0.306199319891223,-0,0,0.348343673617115,0,-0
83.875,0.197965131560447,0,-0,0.0184675090159271,-0,0,0.346510785208593,-0,0,0.338790701576777,0,-0
83.88,0.21715367206835,0,-0,-0.00650153034019384,-0,0,0.382751054166565,-0,0,0.322467332025109,0,-0
83.885,0.241049393028561,0,-0,-0.0260413998909811,-0,0,0.410080628363953,-0,0,0.295366505283322,0,-0
83.89,0.26585683574761,0,-0,-0.0399924297293669,-0,0,0.435404187786305,-0,0,0.267363770348324,0,-0
83.895,0.291394914005827,0,-0,-0.0485635750339234,-0,0,0.458340637997855,-0,0,0.238846570968758,-0,-0
83.9,0.318943503713344,0,-0,-0.0496295669686137,-0,0,0.472083516441571,-0,0,0.20860690208113,-0,0
83.905,0.348962057557998,0,-0,-0.0413283186691142,-0,0,0.474637769210279,-0,0,0.176995614167744,-0,0
83.91,0.379393581985791,0,-0,-0.0268399425041755,-0,0,0.474365208913756,-0,0,0.146728780518156,-0,0
83.915,0.409960580751527,0,-0,-0.00693279634376003,-0,0,0.471383868681377,-0,0,0.118277098111633,-0,0
83.92,0.431538993674756,0,-0,0.0194700702133562,-0,0,0.46450968178302,-0,0,0.093277086862373,-0,0
83.925,0.448930438073416,0,-0,0.0506763123482473,-0,0,0.454926004885185,-0,0,0.0710140840125393,-0,0
83.93,0.464894812069507,0,-0,0.0852292612224929,-0,0,0.443394816819367,-0,0,0.0513651215828607,-0,0
83.935,0.47927813915941,0,-0,0.122300049556327,-0,0,0.430226949552929,-0,0,0.034607377094252,-0,0
83.94,0.488472992069508,0,-0,0.157719916998241,-0,0,0.410205466150926,-0,-0,0.0207545142166262,-0,0
83.945,0.49500270821716,0,-0,0.193207529907012,-0,0,0.388445757206073,0,-0,0.0102296357650564,-0,0
83.95,0.499529915967453,0,-0,0.228846618183078,-0,0,0.366466918261999,0,-0,0.00317705899031253,-0,0
83.955,0.502043109389643,0,-0,0.264118853459871,-0,0,0.344579663412207,0,-0,-0.00037107675807532,-0,0
83.96,0.504014678434619,0,-0,0.28539433861504,-0,0,0.316098541177184,0,-0,-0.000381182683759988,-0,0
83.965,0.50406822410193,0,-0,0.304950431248304,0,0,0.288612179577318,0,-0,0.00252772992579843,-0,0
83.97,0.502222677619282,0,-0,0.322947413502997,0,0,0.262469972057271,0,-0,0.00825830664369566,-0,0
83.975,0.498728911267776,0,-0,0.333377709434291,0,0,0.241867902537559,0,-0,0.0154546381698474,-0,0
83.98,0.493836371743216,0,-0,0.330978433589871,0,0,0.229883265937162,0,-0,0.0211684533389327,-0,0
83.985,0.48732482889116,0,-0,0.327143502850703,0,0,0.218500568096697,0,-0,0.0268448677666133,-0,0
83.99,0.479322499401488,0,0,0.322009310895129,0,0,0.207765217048021,0,-0,0.0324025560682026,-0,0
83.995,0.461584730932353,-0,0,0.317496803963845,0,0,0.194165940599179,0,-0,0.0389310459225949,-0,0
84,0.439534615279404,-0,0,0.3125982624705,0,0,0.180109243950868,0,-0,0.0460833923140253,-0,0
84.005,0.417034672692856,-0,0,0.306624027880507,0,0,0.167106892243235,0,-0,0.0533679225206711,-0,0
84.01,0.39430883208288,-0,0,0.299648372069917,0,0,0.155088331912062,0,-0,0.0607333365867437,-0,0
84.015,0.368239357753508,-0,0,0.286316134995116,0,0,0.145045473029323,0,-0,0.0667759462006957,-0,0
84.02,0.337853912553642,-0,0,0.264879935369019,0,0,0.137217694782694,0,-0,0.0704486388425921,-0,0
84.025,0.308376755280783,-0,0,0.243685899938107,0,0,0.129887342785761,0,-0,0.0736038995125893,-0,0
84.03,0.279979913908427,-0,0,0.222863831453791,0,0,0.122976979232618,0,-0,0.076287582922758,-0,0
84.035,0.253668992728402,-0,0,0.191491056764153,0,-0,0.116832410524266,0,-0,0.0774040456214194,-0,0
84.04,0.228917508993021,-0,0,0.158216932964331,0,-0,0.111063063045098,0,-0,0.0776415219795605,-0,0
84.045,0.205488153707664,0,0,0.127382291221419,0,-0,0.105448007748216,0,-0,0.0775218877963338,-0,0
84.05,0.183433520060014,0,0,0.0991444367419062,0,-0,0.0999320051984168,0,-0,0.0771974660679959,-0,0
84.055,0.162782793844986,0,0,0.073640257268966,0,-0,0.0944692954891337,0,-0,0.07683968730014,0,0
84.06,0.146437465647382,0,0,0.0550109488464776,0,-0,0.0891517804206636,0,-0,0.077420859654439,0,0
84.065,0.140126556467229,0,0,0.0503647034577945,-0,-0,0.0841968045731406,0,-0,0.0810062599994312,0,0
84.07,0.134132950101689,0,0,0.0455833785651167,-0,-0,0.0791571640583092,0,-0,0.0852843705010953,0,0
84.075,0.128493302532959,0,0,0.0406796949422773,-0,-0,0.0740310554465802,0,-0,0.0903658158309401,0,0
84.08,0.117956126021327,0,0,0.0318049707700731,-0,-0,0.0668749205343169,0,-0,0.0946582156460614,0,0
84.085,0.102343043538937,0,0,0.0201350919555692,-0,-0,0.0578667271554902,-0,-0,0.0978362304128947,0,0
84.09,0.0879865548684894,0,0,0.0108602039829465,-0,-0,0.0494827352621759,-0,-0,0.101810646693139,0,0
84.095,0.0747628438682978,0,0,0.00397558877201953,-0,-0,0.0417413006288745,-0,-0,0.106513208608131,0,0
84.1,0.0704757873025667,0,0,0.00229450112831976,-0,-0,0.0370084770141529,-0,-0,0.114735225714555,0,0
84.105,0.0684817456772419,0,0,0.00152320641475536,-0,-0,0.0329568608240438,-0,-0,0.123963916666496,0,0
84.11,0.0667800060886311,0,0,0.000761781033414419,-0,-0,0.0289849285457812,-0,-0,0.133121061429982,0,0
84.115,0.0653629028781141,0,0,3.39777508710508e-05,-0,-0,0.0251249939093136,-0,-0,0.141786744194916,0,0
84.12,0.056085761740183,0,0,-0.000182038370359298,-0,-0,0.0198371245996824,-0,-0,0.137619416691799,0,0
84.125,0.0439538403512505,0,0,0.000994790566415572,-0,-0,0.0146843961097427,-0,-0,0.128269787598233,0,0
84.13,0.0321723223674763,0,0,0.00355028647900917,-0,-0,0.010388449113125,-0,-0,0.118601380299454,0,0
84.135,0.0205894126922011,0,0,0.00746348707394886,-0,-0,0.00691196710219166,-0,-0,0.10849143764573,0,0
84.14,0.0150594582732071,0,0,0.0110989525082897,-0,-0,0.00473678167580454,-0,-0,0.100195004966327,0,0
84.145,0.0104412141117499,0,0,0.0151460784207147,-0,-0,0.00299914126837638,-0,-0,0.0913426344730323,0,0
84.15,0.00579726831312452,0,0,0.0198092548184412,-0,-0,0.00157225433276797,-0,-0,0.0815820505477507,0,0
84.155,0.00195297432242686,0,0,0.0250671006703528,-0,-0,0.000440323728442692,-0,-0,0.0732303716990035,0,0
84.16,0.000467344650622557,-0,0,0.0308561020090659,-0,-0,-0.000484074346631797,-0,-0,0.0692370905288923,0,0
84.165,-0.00101217182622636,-0,0,0.0372828752085784,-0,-0,-0.00128006591966602,-0,-0,0.0628733071527642,0,0
84.17,-0.0024664828398492,-0,0,0.0443777994261325,-0,-0,-0.00195891684123448,-0,-0,0.0544582088233345,0,0
84.175,-0.0037071767573009,-0,0,0.0519927452657441,-0,-0,-0.00250343167911978,-0,-0,0.0447679858621528,0,-0
84.18,-0.00448523359632694,-0,0,0.0598400436300707,-0,-0,-0.00285940762244603,0,-0,0.0343681951363164,0,-0
84.185,-0.00516325678832252,-0,0,0.0683577991375901,-0,0,-0.00309839061471401,0,0,0.0227324647076014,0,-0
84.19,-0.00571624830429374,-0,0,0.0775873728252636,-0,0,-0.00323903457737352,0,0,0.0104232415990092,0,-0
84.195,-0.00597864409236763,-0,0,0.0864278928331576,-0,0,-0.002959361463487,0,0,-0.00168556662780256,0,-0
84.2,-0.00600808188831335,-0,0,0.095192720545956,-0,0,-0.0023752024021894,0,0,-0.00832059110926896,0,-0
84.205,-0.00587615852972325,-0,0,0.104469820279208,-0,0,-0.00169033310673637,0,0,-0.00854312669044207,0,-0
84.21,-0.00558213191558642,-0,0,0.114271723352241,-0,0,-0.000932102743205187,0,0,-0.00251955089354521,0,-0
84.215,-0.00602364470357156,-0,0,0.125690189390327,0,0,4.30799703195584e-05,0,0,0.011103832789822,0,-0
84.22,-0.00619703098529561,-0,0,0.137896417714287,0,0,0.00107396185745566,0,0,0.0308837746506981,0,-0
84.225,-0.00602558928291842,-0,0,0.150860763961966,0,0,0.00214321890459012,0,0,0.0559467707151379,0,-0
84.23,-0.00524323105261141,-0,-0,0.163220936153044,0,0,0.00290466160621087,0,0,0.0796398438488826,0,-0
84.235,-0.00377488715939928,-0,-0,0.172898293117792,0,0,0.00291654200968177,0,0,0.0919053522208067,0,-0
84.24,-0.0023416268566719,-0,-0,0.182763403603352,0,0,0.00294071502878626,0,0,0.103818381860781,0,-0
84.245,-0.000997874632509893,-0,-0,0.192828080589799,0,-0,0.00298450069690792,0,0,0.115069900391071,0,-0
84.25,0.000209360803020883,-0,-0,0.203733215757291,0,-0,0.00318952121108627,0,0,0.127901281924008,0,-0
84.255,0.00157918700383364,-0,-0,0.223955636657087,0,-0,0.0053722168240852,0,0,0.175141793725605,0,-0
84.26,0.00333546766335756,-0,-0,0.245534553835212,0,-0,0.00784256605660135,0,0,0.221505368105126,0,-0
84.265,0.00551440144971684,-0,-0,0.268463999121698,0,-0,0.0106949775665596,0,0,0.265508868190873,0,-0
84.27,0.00829845852323075,-0,-0,0.293484498449183,0,-0,0.0142915971974304,0,0,0.299021391401811,0,-0
84.275,0.012768110913581,-0,-0,0.324956495624795,0,-0,0.0202844036049042,0,0,0.28599422321609,0,-0
84.28,0.0183797333333013,-0,-0,0.357994491565357,0,-0,0.0274113776153591,0,0,0.27026397256062,0,-0
84.285,0.0252220579303784,-0,-0,0.392347410688039,0,-0,0.035905688702965,0,0,0.252249457963385,0,-0
84.29,0.033938598924553,-0,-0,0.421163609858707,0,-0,0.0454463619080314,0,0,0.237680704277839,0,-0
84.295,0.0471224925444406,-0,-0,0.419237735576475,0,-0,0.0538316895071889,0,0,0.243968688424978,-0,-0
84.3,0.0625756830014074,-0,-0,0.41573970127197,0,-0,0.0635585526339147,0,0,0.245227802310461,-0,-0
84.305,0.0802980016614273,-0,-0,0.410622381671228,0,-0,0.0747508115956829,0,0,0.241448773239973,-0,-0
84.31,0.101497405462339,-0,-0,0.404647755954788,0,-0,0.0866307359571046,0,0,0.229093375330297,-0,-0
84.315,0.127777089681307,-0,-0,0.398646212454879,0,-0,0.0979929010959961,0,0,0.206248491451021,-0,-0
84.32,0.156584431860774,-0,-0,0.390909300315611,0,-0,0.110507686861126,0,-0,0.181576887087077,-0,-0
84.325,0.187641775223601,-0,-0,0.381379075232284,0,-0,0.124185429137744,0,-0,0.155491492501754,-0,-0
84.33,0.205769135202384,-0,-0,0.381612486992833,0,-0,0.136806282681442,0,-0,0.127253789116876,-0,-0
84.335,0.218288434912641,-0,-0,0.383976651681825,0,-0,0.149265746973924,0,-0,0.098584281084402,-0,-0
84.34,0.230311509107142,-0,-0,0.383875956103253,0,-0,0.162251949918917,0,-0,0.0703609770526012,-0,0
84.345,0.241671935286432,-0,-0,0.381113120701296,0,-0,0.175688798473177,0,-0,0.0428938352011403,-0,0
84.35,0.290569501941536,-0,0,0.349527666433323,0,-0,0.201859094150746,0,-0,0.0148385748560114,-0,0
84.355,0.342730673030786,-0,0,0.315142746354609,0,-0,0.231059680027025,0,-0,-0.00698881437169485,-0,0
84.36,0.394635000956199,-0,0,0.280304570601823,0,-0,0.262384698828554,0,-0,-0.0224573400690148,-0,0
84.365,0.441956264383451,-0,0,0.245529974977795,0,-0,0.293984816918952,0,-0,-0.0317591809115765,-0,0
84.37,0.459860478423451,-0,0,0.211717632505748,0,-0,0.312911454552056,0,-0,-0.034519793379013,-0,0
84.375,0.475305103573279,-0,0,0.178808510414633,-0,-0,0.331705036388823,0,-0,-0.0314789926461114,-0,0
84.38,0.488086103378393,-0,0,0.147303598835395,-0,-0,0.350203667695269,0,-0,-0.0231171537919314,-0,0
84.385,0.491951876467266,-0,0,0.117388212146594,-0,-0,0.367872900781405,0,-0,-0.00963516100478482,-0,0
84.39,0.483371420291253,-0,-0,0.0894575166517366,-0,-0,0.384261244191544,0,-0,0.00876371591201421,-0,0
84.395,0.472509817727728,-0,-0,0.06449711367612,-0,-0,0.399779023797191,0,-0,0.0310907371271973,-0,0
84.4,0.459594255074474,-0,-0,0.0429021625583091,-0,-0,0.414273158510755,0,-0,0.0567895043199456,-0,0
84.405,0.439482086991236,-0,-0,0.0265475850022778,-0,0,0.427074985130478,0,-0,0.0811509986996167,-0,0
84.41,0.415189013616842,0,-0,0.0142973493629082,-0,0,0.438243612319425,0,-0,0.104827905276936,-0,0
84.415,0.390217407722628,0,-0,0.00528369676207999,-0,0,0.447958380110614,0,-0,0.129651644406138,-0,0
84.42,0.364920959331581,0,-0,-0.000397469852704064,-0,0,0.456128377673674,0,-0,0.155258746085036,-0,0
84.425,0.338537692864531,0,-0,-0.00225986563089101,-0,0,0.462015179408175,0,-0,0.174125760331806,-0,0
84.43,0.312337410346177,0,-0,-0.00139482867582805,-0,0,0.466084578678333,0,-0,0.191224455095328,-0,0
84.435,0.286820212806795,0,-0,0.00195189703141575,-0,0,0.46845105524231,0,-0,0.207786016068085,-0,0
84.44,0.262216796462777,0,-0,0.00764704615147489,-0,0,0.469119274541938,0,-0,0.223645961981139,-0,0
84.445,0.248973018068112,0,-0,0.0127559094489198,-0,0,0.469611592205521,0,-0,0.226267234514026,0,0
84.45,0.236170582355432,0,-0,0.0176685453787369,-0,0,0.468490204551922,0,-0,0.227612270191443,0,0
84.455,0.223824544405392,0,-0,0.0222733688730321,-0,0,0.4657916325462,0,-0,0.227845811881007,0,0
84.46,0.210832628631559,0,-0,0.0270518856342102,-0,0,0.460726959451068,0,-0,0.229730204274125,0,0
84.465,0.195300457265324,0,-0,0.03352222854564,-0,0,0.451832178667742,0,-0,0.238263947615253,0,0
84.47,0.180819586150824,0,-0,0.040154481024023,-0,0,0.441711945608626,0,-0,0.245534595634598,0,0
84.475,0.167372805572552,0,-0,0.0468768318812976,-0,0,0.430503237494365,0,-0,0.251440334346496,0,0
84.48,0.156834121818601,0,-0,0.0521904196165042,-0,0,0.413330674952285,-0,-0,0.249556939127847,0,0
84.485,0.148537014550829,0,-0,0.0559800652647589,-0,0,0.391585621601248,-0,0,0.241426179827103,0,0
84.49,0.140780694456937,0,-0,0.0594015887722778,-0,0,0.369670026046793,-0,0,0.232409673888235,0,0
84.495,0.133499297081853,0,-0,0.062569908212592,-0,0,0.347780808151626,-0,0,0.222569629584215,0,0
84.5,0.126618900998006,0,-0,0.0656418308263319,-0,0,0.326098403182429,-0,0,0.211968245023801,0,0
84.505,0.120061063771208,0,-0,0.0688103461215401,-0,0,0.304789361006306,0,0,0.200669731396783,0,0
84.51,0.114074249533418,0,-0,0.0724515977275594,-0,0,0.283629183550257,0,0,0.187248466700403,0,0
84.515,0.110210378879434,0,-0,0.0777135765343045,-0,0,0.260843881894422,0,0,0.164445275296416,0,0
84.52,0.106160047107464,0,-0,0.0838945427255874,-0,0,0.239033895798498,0,0,0.142654891825144,0,0
84.525,0.101858686626331,0,-0,0.0912212450099419,0,0,0.218290695786722,0,0,0.122047751973814,0,0
84.53,0.097250049119611,0,-0,0.0998931762728982,0,0,0.198680132472994,0,0,0.102773171842828,0,0
84.535,0.0915719807114388,0,-0,0.104440843851275,0,0,0.182678720403198,0,0,0.0845048243185621,0,-0
84.54,0.0851975590791519,0,-0,0.106515822446953,0,0,0.169165950509555,0,0,0.0676483445530036,0,-0
84.545,0.0786078513534411,0,-0,0.109735034456554,0,0,0.156533299251409,0,0,0.0526186276979466,0,-0
84.55,0.0718017860888915,0,-0,0.114135803813999,0,0,0.144793249088656,0,0,0.0394759104256099,-0,-0
84.555,0.0620221875376795,0,-0,0.115834171706483,0,0,0.131160246225988,0,0,0.0262408741206397,-0,-0
84.56,0.0509303380787438,0,-0,0.115598782266466,0,0,0.116641509153212,0,0,0.014507364182255,-0,-0
84.565,0.0408355546468896,-0,-0,0.116075290861182,0,0,0.103272622071311,0,0,0.00596610007472317,-0,-0
84.57,0.0317739137385048,-0,-0,0.117061938920726,0,0,0.0909412409613347,0,0,0.000501108753818618,-0,-0
84.575,0.0243725187609064,-0,-0,0.123746291815949,0,0,0.0811025390049004,0,0,-0.000701043721891882,-0,-0
84.58,0.0178975401358826,-0,-0,0.131188703811626,0,0,0.0722371950298454,0,0,-0.000617513419258381,-0,-0
84.585,0.0122519941203712,-0,-0,0.137986012079069,0,0,0.0639443770240797,0,0,0.000334589169692478,-0,-0
84.59,0.00747387810920832,-0,-0,0.143767056540728,0,0,0.0560632955778542,0,0,0.00208435919818956,-0,-0
84.595,0.00358685303150914,-0,-0,0.148470418680359,-0,0,0.048304917035307,0,0,0.00433619439158466,-0,-0
84.6,0.000424541874773339,-0,0,0.151191390411951,-0,0,0.0407392307086833,0,0,0.00709622175497263,-0,-0
84.605,-0.00202616258863622,-0,0,0.151596531126361,-0,0,0.0332423515063577,0,0,0.0103463324379798,-0,-0
84.61,-0.00384609038069106,-0,0,0.146373599871816,-0,0,0.0264516412954815,0,0,0.0139078864007942,-0,-0
84.615,-0.00516386805647038,-0,0,0.135602055444581,-0,0,0.0204067026680589,0,0,0.0176714878151441,-0,-0
84.62,-0.0059866034971893,-0,0,0.123119013642422,-0,0,0.0142053430835524,0,0,0.0218152217304256,-0,-0
84.625,-0.00636008960783126,-0,0,0.109170676381995,-0,0,0.00780858024901443,0,0,0.0263704595790263,-0,-0
84.63,-0.00669637077966412,-0,0,0.0974150281665482,-0,0,0.00333326631638108,-0,0,0.0312560065582799,-0,-0
84.635,-0.0068733010987064,-0,0,0.0849477280096764,-0,0,-0.000698731330476805,-0,0,0.0365926867481548,-0,-0
84.64,-0.00684341858395679,-0,0,0.0712813084447106,-0,0,-0.0048005867202294,-0,0,0.0424766137629584,-0,-0
84.645,-0.00664891296651835,-0,0,0.0574660230197,-0,0,-0.00874944328966125,-0,0,0.0489765588826205,-0,-0
84.65,-0.00637829315281661,0,0,0.0468608473554331,-0,0,-0.0110827279979351,-0,0,0.0561112048140779,-0,-0
84.655,-0.00600906037875062,0,0,0.0345852179321655,-0,-0,-0.0132704708168175,-0,0,0.064019419921179,-0,-0
84.66,-0.00557054333799878,0,0,0.0212297194771556,-0,-0,-0.0152496621629784,-0,0,0.0727807079497324,-0,-0
84.665,-0.00472175023067931,0,0,0.00667242680267835,-0,-0,-0.0164203039912805,-0,0,0.0815930913764553,-0,0
84.67,-0.00351064145872668,0,0,-0.00458911755950293,-0,-0,-0.0167388894528163,-0,0,0.0902639272990775,-0,0
84.675,-0.00235254265114249,0,0,-0.0102583166283997,0,-0,-0.0167187072051538,-0,0,0.099596862325298,-0,0
84.68,-0.00128120299791026,0,0,-0.0102826862018774,0,-0,-0.016345694828812,-0,0,0.109574883598511,0,0
84.685,0.000144296231261776,0,0,-0.0034930039509836,0,-0,-0.0149638860051592,-0,0,0.121868095187162,0,0
84.69,0.00147481685473452,0,0,0.00946952560729263,0,-0,-0.0131936423385198,-0,-0,0.135413058794747,0,0
84.695,0.0026014898519231,0,0,0.0278139436321249,0,-0,-0.0112393139164733,-0,-0,0.149864101182065,0,0
84.7,0.00356170067570553,0,0,0.0518329728099504,0,-0,-0.00919105739261343,-0,-0,0.165200253590714,0,0
84.705,0.00484451703598147,0,0,0.10097203793794,0,-0,-0.00727428321033229,-0,-0,0.18174043691895,0,0
84.71,0.0059175495968654,0,0,0.156609094546284,0,-0,-0.00540728518088981,-0,-0,0.199113674406816,0,-0
84.715,0.00685657832641985,0,0,0.216736407475497,0,-0,-0.00368559232496661,-0,-0,0.21727459513261,0,-0
84.72,0.00777234025035451,0,0,0.268404469417454,0,-0,-0.00218832464431388,-0,-0,0.235857035452314,0,-0
84.725,0.00881532547174002,0,0,0.277554259701014,0,-0,-0.000986953247155186,-0,-0,0.253799550155771,0,-0
84.73,0.0100851252983297,0,0,0.283020667539641,0,-0,-0.000197530527765381,-0,-0,0.272224851260321,0,-0
84.735,0.0117453149411852,0,0,0.284798413661388,0,-0,0.000146419171726135,-0,-0,0.291128242782314,0,-0
84.74,0.0132407006644363,0,0,0.286050119894075,0,-0,5.8533084871371e-05,-0,-0,0.307434771875683,0,-0
84.745,0.0145109305574642,0,0,0.286907840288113,0,-0,-0.000396225691356146,-0,-0,0.32057284629978,0,-0
84.75,0.0162882817401609,0,0,0.284221083927452,-0,-0,-0.00114831996956585,-0,-0,0.333601611854922,0,-0
84.755,0.0185911945496273,0,0,0.278104112422508,-0,-0,-0.00208872487992902,-0,-0,0.346575695813955,0,-0
84.76,0.0214828415370339,0,0,0.268625539091194,-0,-0,-0.00303636554490695,-0,-0,0.359538751927255,0,-0
84.765,0.027576405649058,0,0,0.25140009848501,-0,-0,-0.00156642189276669,-0,-0,0.372508767347283,0,-0
84.77,0.0350991354574928,0,0,0.232086792446313,-0,-0,0.000932450549000022,-0,-0,0.38546370715465,0,-0
84.775,0.0442288938243167,0,0,0.211102828352833,-0,-0,0.00461285452059963,-0,-0,0.398329001157846,0,-0
84.78,0.0548832016040674,0,0,0.196114022677366,-0,-0,0.0105696532592879,-0,-0,0.406475397486573,0,-0
84.785,0.0666916438313955,0,-0,0.194454592679016,-0,-0,0.0207160350680756,-0,0,0.402957648064201,0,-0
84.79,0.0802827230899951,0,-0,0.186640823557647,-0,-0,0.0329180379279347,-0,0,0.398481771876028,0,-0
84.795,0.095736143257415,0,-0,0.172796805363081,-0,0,0.0470876559211006,-0,0,0.392959633411598,0,-0
84.8,0.112172260698129,0,-0,0.143694004153264,-0,0,0.0888309604846463,-0,0,0.381990637693932,0,-0
84.805,0.129841058726031,0,-0,0.109799963126191,-0,0,0.14812309079342,-0,0,0.367707980104879,0,-0
84.81,0.149128521310242,0,-0,0.0770813491030455,-0,0,0.212358059919116,-0,0,0.352107977772262,0,-0
84.815,0.169992636700239,0,-0,0.0458928651263442,-0,0,0.280449931143469,-0,0,0.33514047080651,0,-0
84.82,0.192457663365116,0,-0,0.0161523454118443,-0,0,0.323394844598283,-0,0,0.318422198321997,0,-0
84.825,0.21637481787999,0,-0,-0.0101575652786329,-0,0,0.359861178935453,-0,0,0.300595728673869,0,-0
84.83,0.241603300435833,0,-0,-0.0326895148118898,-0,0,0.395371369446742,-0,0,0.281314033270768,0,-0
84.835,0.267993246930054,0,-0,-0.05140945202937,-0,0,0.429320776782249,-0,0,0.260682630384911,0,-0
84.84,0.299832997854921,0,-0,-0.060389126605062,-0,0,0.451596648877627,-0,0,0.238820948916729,-0,-0
84.845,0.333895884680023,0,-0,-0.0612075306426107,-0,0,0.469444263051236,-0,0,0.216023707194921,-0,0
84.85,0.369154317595019,0,-0,-0.0552012766897024,-0,0,0.484400680947923,-0,0,0.192611416260678,-0,0
84.855,0.405330333298851,0,-0,-0.0429700844558572,-0,0,0.496330988546563,-0,0,0.168943221495386,-0,0
84.86,0.430004005532336,0,-0,-0.0219047666135528,-0,0,0.490888066784662,-0,0,0.146785249162444,-0,0
84.865,0.453363838360729,0,-0,0.00484029032136432,-0,0,0.482175636090735,-0,0,0.125003782035198,-0,0
84.87,0.475721101053712,0,-0,0.036325391478931,-0,0,0.471135995271497,-0,0,0.103943201457735,-0,0
84.875,0.496862062132721,0,-0,0.0717495963256743,-0,0,0.458086095748961,-0,0,0.08400434937224,-0,0
84.88,0.510789090231142,0,-0,0.114259011195963,-0,0,0.435690199085635,-0,0,0.0613860814562405,-0,0
84.885,0.522688777344377,0,-0,0.159582523500368,-0,0,0.412238735705531,-0,-0,0.0418042744198923,-0,0
84.89,0.532593720786254,0,-0,0.206806685852441,-0,0,0.388321553603258,0,-0,0.0256673077555534,-0,0
84.895,0.54073332639392,0,-0,0.243315587138093,-0,0,0.367045878958716,0,-0,0.0149124463110071,-0,0
84.9,0.547526735243278,0,-0,0.249786138348898,-0,0,0.352372696745334,0,-0,0.010011437306809,-0,0
84.905,0.552196560440787,0,-0,0.254821017224815,0,0,0.33757560936381,0,-0,0.00559179056381479,-0,0
84.91,0.554734372945526,0,-0,0.258447598344607,0,0,0.322898122274283,0,-0,0.0017181749674552,-0,0
84.915,0.555156105586511,0,-0,0.260700465993786,0,0,0.308544704328302,0,-0,-0.00158971040742843,-0,0
84.92,0.552093664598106,0,-0,0.277489443233787,0,0,0.285397689548325,0,-0,-0.00230787594175555,-0,0
84.925,0.546864782352222,0,-0,0.294679806984649,0,0,0.262530120547886,0,-0,0.000547990915833387,-0,0
84.93,0.539731677720366,0,0,0.31019741688778,0,0,0.241127894672446,0,-0,0.00675913004720711,-0,0
84.935,0.530804987641807,0,0,0.323870096520899,0,0,0.221187181711328,0,-0,0.0161716397559122,-0,0
84.94,0.517235761032545,0,0,0.33341660414067,0,0,0.203794740860402,0,-0,0.0273534612494313,-0,0
84.945,0.492182187306298,0,0,0.333754481364555,0,0,0.191403169599487,0,-0,0.0358075583907101,-0,0
84.95,0.46636226532208,0,0,0.332328510475103,0,0,0.179905291392087,0,-0,0.0450110318146886,-0,0
84.955,0.440033852665608,-0,0,0.329125747302798,0,0,0.169223255420329,0,-0,0.0548407786737415,-0,0
84.96,0.405713889413218,-0,0,0.312982476948569,0,0,0.159593749669452,0,-0,0.0633793054026746,-0,0
84.965,0.358299065593955,-0,0,0.276564236048444,0,0,0.151139251284231,0,-0,0.0683590120655773,-0,0
84.97,0.312645397342174,-0,0,0.241277606787059,0,0,0.143152562355429,0,-0,0.0726703238507469,-0,0
84.975,0.269065083713304,-0,0,0.207438838354756,0,0,0.135542747531023,0,-0,0.0762782472179424,-0,0
84.98,0.250017481628334,-0,0,0.190265707111085,0,0,0.129684084452178,0,-0,0.0799872523671434,-0,0
84.985,0.239004867547407,-0,0,0.178085668268834,0,0,0.124400062861768,0,-0,0.0834344113663673,-0,0
84.99,0.227905573518342,-0,0,0.165358876003976,0,0,0.119078483994611,0,-0,0.0864105975925856,-0,0
84.995,0.216743458749612,-0,0,0.152007795400801,0,0,0.113631870770893,0,-0,0.0889700725981221,-0,0
85,0.199705920745833,-0,0,0.125710744063125,0,0,0.106007318970575,0,-0,0.088203129128834,-0,0
