time,hip_flexion_l_moment,hip_adduction_l_moment,hip_rotation_l_moment,knee_angle_l_moment,ankle_angle_l_moment,subtalar_angle_l_moment,hip_flexion_r_moment,hip_adduction_r_moment,hip_rotation_r_moment,knee_angle_r_moment,ankle_angle_r_moment,subtalar_angle_r_moment
56.175,0.286493679050118,-0.0104601707484643,-0.00463455866689991,0.0460718774239294,0.0138641380402952,-0.00104427406806948,NaN,NaN,NaN,NaN,NaN,NaN
56.18,0.268762442733191,-0.0154199623661001,-0.00262735323607946,0.0380579767331228,0.0141278963685087,-0.0011362470088787,NaN,NaN,NaN,NaN,NaN,NaN
56.185,0.250878546330874,-0.0202173759800927,-0.000631657779883005,0.0300073489207658,0.0143898626403511,-0.0012368596629951,NaN,NaN,NaN,NaN,NaN,NaN
56.19,0.233122825353121,-0.0249428059266209,0.00132840374563699,0.0220943082170447,0.0146665250254353,-0.00134629798623904,NaN,NaN,NaN,NaN,NaN,NaN
56.195,0.215799367215241,-0.0296541967951183,0.00322531600375203,0.0144906798849636,0.0149729279620962,-0.00146479276190263,NaN,NaN,NaN,NaN,NaN,NaN
56.2,0.199226386241141,-0.034375324086232,0.005028834394453,0.0073612293819742,0.015321871517895,-0.00159246439866001,NaN,NaN,NaN,NaN,NaN,NaN
56.205,0.183726010688199,-0.0390993088680456,0.00670702142910977,0.000860062609743352,0.0157234263667999,-0.00172903246418785,NaN,NaN,NaN,NaN,NaN,NaN
56.21,0.169631475992736,-0.0437997781224859,0.00822732884478948,-0.004865179850364,0.0161852225615042,-0.00187376134488707,NaN,NaN,NaN,NaN,NaN,NaN
56.215,0.157231366822949,-0.0484187149367272,0.00955758810894503,-0.00969592216836034,0.016710833920069,-0.00202519453886273,NaN,NaN,NaN,NaN,NaN,NaN
56.22,0.14678926832185,-0.0528810885480371,0.0106669323797718,-0.0135309716695572,0.0173007389496927,-0.00218128522896678,NaN,NaN,NaN,NaN,NaN,NaN
56.225,0.138540242589791,-0.0570994874714828,0.0115265549244799,-0.0162876528132256,0.0179526087068427,-0.00233930740972904,NaN,NaN,NaN,NaN,NaN,NaN
56.23,0.132674569734402,-0.0609748383032283,0.0121105895099894,-0.017907477867774,0.0186611835217072,-0.00249582135456644,NaN,NaN,NaN,NaN,NaN,NaN
56.235,0.129328017572651,-0.0644012250646855,0.0123972473787767,-0.0183586000420152,0.0194183406303411,-0.00264691273906994,NaN,NaN,NaN,NaN,NaN,NaN
56.24,0.128572713115662,-0.0672718692393724,0.012370085579638,-0.0176378500076332,0.0202131980336622,-0.00278855686421248,NaN,NaN,NaN,NaN,NaN,NaN
56.245,0.130409814710519,-0.0694857446918706,0.012019281944386,-0.0157720589611625,0.0210323206516968,-0.00291699030736494,NaN,NaN,NaN,NaN,NaN,NaN
56.25,0.134764559256195,-0.0709543587351159,0.0113428912995586,-0.0128184830515332,0.021860079985853,-0.00302904530396044,NaN,NaN,NaN,NaN,NaN,NaN
56.255,0.141484524878401,-0.0716081736657279,0.0103479437394771,-0.00886415286048037,0.0226791311926825,-0.00312241232701642,NaN,NaN,NaN,NaN,NaN,NaN
56.26,0.150342509009642,-0.071402064248072,0.0090510482333657,-0.0040239226256487,0.0234709142654404,-0.00319577613329895,NaN,NaN,NaN,NaN,NaN,NaN
56.265,0.161044719176252,-0.0703191211428006,0.0074783480585047,0.00156313302807558,0.0242162810974394,-0.00324882162738154,NaN,NaN,NaN,NaN,NaN,NaN
56.27,0.173243466991642,-0.0683716794627679,0.00566491771436052,0.00773890096186252,0.0248963212718426,-0.00328219906822954,NaN,NaN,NaN,NaN,NaN,NaN
56.275,0.186552894389204,-0.065599852367391,0.00365370491606462,0.0143322165966668,0.0254930882927685,-0.00329751416545639,NaN,NaN,NaN,NaN,NaN,NaN
56.28,0.2005667396355,-0.0620701341135302,0.00149414198528831,0.0211652299354671,0.0259901145799661,-0.00329726631123753,NaN,NaN,NaN,NaN,NaN,NaN
56.285,0.214877439045722,-0.0578745514610233,-0.00075953583151035,0.0280602947898639,0.0263730304528007,-0.00328458717360009,NaN,NaN,NaN,NaN,NaN,NaN
56.29,0.229094453340276,-0.053127797190429,-0.0030502123409382,0.034846855270116,0.0266303684184963,-0.00326284611042145,NaN,NaN,NaN,NaN,NaN,NaN
56.295,0.242859000375811,-0.0479618452029818,-0.00531971464620531,0.0413672910789578,0.0267542776751239,-0.00323541391301558,NaN,NaN,NaN,NaN,NaN,NaN
56.3,0.255854875767153,-0.0425199058487752,-0.00751042849985728,0.0474814462590593,0.0267409577913276,-0.00320563882864818,NaN,NaN,NaN,NaN,NaN,NaN
56.305,0.267816708439606,-0.0369501151569869,-0.00956706703422353,0.0530699698821713,0.0265906654825707,-0.00317678218620219,NaN,NaN,NaN,NaN,NaN,NaN
56.31,0.278535285194343,-0.0313986839211326,-0.0114386490342335,0.0580362175679275,0.0263072075655175,-0.00315181093880849,NaN,NaN,NaN,NaN,NaN,NaN
56.315,0.287858930977541,-0.02600330336947,-0.0130802442116298,0.0623067037982469,0.025897266070021,-0.00313318186648186,NaN,NaN,NaN,NaN,NaN,NaN
56.32,0.295691923238879,-0.0208869213136075,-0.0144543685903389,0.0658307053766466,0.0253699798059489,-0.00312261587501319,NaN,NaN,NaN,NaN,NaN,NaN
56.325,0.191382849098946,0.0247527713275882,-0.021890829416169,-0.00705233122313525,-0.0567293710146475,0.0255729240652863,NaN,NaN,NaN,NaN,NaN,NaN
56.33,0.168638194476917,0.0132665381927065,-0.0232979240094202,-0.016409782132537,-0.0956794788101237,0.0360788748692852,NaN,NaN,NaN,NaN,NaN,NaN
56.335,0.148962985787459,-0.0164278560739633,-0.0225715147673533,-0.0186438249954552,-0.136375774569293,0.0449207474338017,NaN,NaN,NaN,NaN,NaN,NaN
56.34,0.131361632509021,-0.0623394902722797,-0.0196180604392099,-0.0150174778684058,-0.176726883549359,0.0513769031240759,NaN,NaN,NaN,NaN,NaN,NaN
56.345,0.112490816703753,-0.119395228737573,-0.0148139885122243,-0.00891952912246964,-0.215686767382426,0.055385731792671,NaN,NaN,NaN,NaN,NaN,NaN
56.35,0.0884061799474428,-0.181200049244182,-0.00883952446505818,-0.00438201658912046,-0.253267255047918,0.0574426263909384,NaN,NaN,NaN,NaN,NaN,NaN
56.355,0.056584173400181,-0.242046580898241,-0.00243428235770956,-0.00443584304552356,-0.290230071625966,0.0583461871554664,NaN,NaN,NaN,NaN,NaN,NaN
56.36,0.0172249977236579,-0.298301510592088,0.00381509137251996,-0.0100409811109813,-0.327646311825868,0.0589194734424346,NaN,NaN,NaN,NaN,NaN,NaN
56.365,-0.026683704248646,-0.348693863002032,0.00957861010820167,-0.0199622767817367,-0.36649129933038,0.0598115970769803,NaN,NaN,NaN,NaN,NaN,NaN
56.37,-0.0704482675251914,-0.393624519131467,0.0147670868577088,-0.0315020081160408,-0.407378145074194,0.0614160650737033,NaN,NaN,NaN,NaN,NaN,NaN
56.375,-0.109343142662963,-0.434039798637357,0.0194405833963287,-0.0416673510586771,-0.450460909479944,0.0638891578575882,NaN,NaN,NaN,NaN,NaN,NaN
56.38,-0.140187300333434,-0.470475823617271,0.023700996476744,-0.0482676416656498,-0.495504404304856,0.067234806563346,NaN,NaN,NaN,NaN,NaN,NaN
56.385,-0.162247546969437,-0.502705798860335,0.0276282932263897,-0.0505227342843696,-0.542035211441233,0.0713707518681105,NaN,NaN,NaN,NaN,NaN,NaN
56.39,-0.177251557179764,-0.530027559489208,0.0312747689307586,-0.0490492387379496,-0.58950119574097,0.076159732183666,NaN,NaN,NaN,NaN,NaN,NaN
56.395,-0.188697440507878,-0.551909813696716,0.0346930941751069,-0.0453889123873063,-0.63740701885362,0.0814399856234809,NaN,NaN,NaN,NaN,NaN,NaN
56.4,-0.200796361453031,-0.568706325164685,0.0379823744201254,-0.0413261532729986,-0.685349355375454,0.0869929588461763,NaN,NaN,NaN,NaN,NaN,NaN
56.405,-0.217401354063527,-0.582035630809412,0.0413102823933094,-0.0382787078556299,-0.732982264800345,0.0925384832807518,NaN,NaN,NaN,NaN,NaN,NaN
56.41,-0.241142261976065,-0.594690905376263,0.0449086914501466,-0.0369026379125214,-0.779907201584055,0.0977221180117467,NaN,NaN,NaN,NaN,NaN,NaN
56.415,-0.272960074418157,-0.609983481750426,0.049026536360064,-0.0370251287184801,-0.825599516203975,0.102199803462473,NaN,NaN,NaN,NaN,NaN,NaN
56.42,-0.31206930032183,-0.630881224337529,0.053882578573372,-0.0378000199137545,-0.869311939788054,0.105653168803809,NaN,NaN,NaN,NaN,NaN,NaN
56.425,-0.356368851977908,-0.659027881597361,0.0595916334946146,-0.0380881073097662,-0.910114312982897,0.107920642926604,NaN,NaN,NaN,NaN,NaN,NaN
56.43,-0.403054141879464,-0.694199384845769,0.066126780011689,-0.0367933549216796,-0.946911638393638,0.108999196979328,NaN,NaN,NaN,NaN,NaN,NaN
56.435,-0.44929103887006,-0.734210701720209,0.0733007259503974,-0.0331333148674185,-0.978538910233578,0.109078437745346,NaN,NaN,NaN,NaN,NaN,NaN
56.44,-0.492754366879189,-0.775482920898747,0.0808086433299616,-0.0267247384562329,-1.00382187248903,0.108446815280128,0.186116071787517,-0.0838755714963068,0.0491438701823965,-0.021412683834577,0.0255979431373374,-0.00952181018304678
56.445,-0.531975583014186,-0.813964061928411,0.0882979609574932,-0.0175697586417792,-1.02168591110324,0.107431028809737,0.181126341282804,-0.0891084886896924,0.0548500034992297,-0.00566981511565027,0.025088621482573,-0.00946948883507049
56.45,-0.566432866835036,-0.846236332151705,0.0954627878938214,-0.00594393588733566,-1.03125657410863,0.10628999711981,0.17752268519646,-0.0937715545011335,0.0598265191519547,0.0103123920359364,0.0244521923135084,-0.0093176296498007
56.455,-0.596398240953182,-0.870409891495746,0.102121632952344,0.00773888441218544,-1.0319731022813,0.10514316509385,0.175222018806763,-0.0977837561763536,0.0639609577845434,0.0262584205509397,0.0236922233235209,-0.00906295396680287
56.46,-0.622613375888891,-0.886513541350514,0.108249503905367,0.0230259429676368,-1.02372172102197,0.103965203125313,0.17411037556426,-0.101100715691122,0.0671776026696956,0.0419016606048176,0.0228144648086755,-0.0087054049698628
56.465,-0.645866821012269,-0.896325544517621,0.11396603133159,0.0394971655808427,-1.00693060057873,0.102599361012949,0.174048856505203,-0.103711727749996,0.0694383412042336,0.0569930477672873,0.02182692863705,-0.00824823994817847
56.47,-0.666584574524011,-0.90268020859652,0.119475127320677,0.0568030103013814,-0.982621052668487,0.100832434479508,0.17487923629177,-0.105635203282315,0.0707412568834275,0.0713078423755545,0.020739960963064,-0.0076980435882267
56.475,-0.684562588418599,-0.908537887176008,0.124975790271951,0.0746677836169958,-0.952397594024803,0.0984858527699868,0.176430421104561,-0.106913279329657,0.0711173770939807,0.0846504131728623,0.0195664225798655,-0.00706458137229295
56.48,-0.698907574459408,-0.916135225457989,0.130570853363131,0.0928923944762335,-0.918338400957853,0.0955012760573872,0.178525384781658,-0.107605660350661,0.0706258750108029,0.0968570100961193,0.0183218107614416,-0.00636044108900971
56.485,-0.708218843560091,-0.926499220690167,0.136207739442963,0.111349171633274,-0.882791561458398,0.0919538779268518,0.180987223003258,-0.107782628262925,0.0693480941210872,0.107796505232308,0.0170241685651755,-0.0056005002465045
56.49,-0.710926985804025,-0.939398213229419,0.141670881800375,0.129982045303441,-0.84809573906251,0.0880120699772853,0.183643667183511,-0.107517621802373,0.0673809471184684,0.117369423294096,0.0156938084392085,-0.00480130865216385
56.495,-0.70567058292481,-0.953605631838768,0.146617586923755,0.14879567611036,-0.816299857809415,0.0839216590891477,0.186329583862697,-0.106880435387848,0.0648303193581162,0.125505645775655,0.0143528769789637,-0.0039805211626781
56.5,-0.691601702704748,-0.967430768414883,0.150669990761774,0.167844453329768,-0.788897288756137,0.0799323531754412,0.188887575708097,-0.105932359249801,0.0618049741449498,0.13216082293055,0.0130247660453297,-0.00315642308621544
56.505,-0.668570337567714,-0.979267808964077,0.15352517519245,0.18720598843152,-0.766631928940913,0.0762266382277667,0.191168250869763,-0.104723331452397,0.0584109950393265,0.137311870695824,0.0117334376160237,-0.00234739785619474
56.51,-0.637241556355045,-0.98792396926215,0.155025917892643,0.206875992833944,-0.749470698426146,0.072923538611454,0.19303081446858,-0.10328978174425,0.0547465917343766,0.140952421355176,0.0105026867385552,-0.00157128198481693
56.515,-0.599140919636609,-0.992835969712706,0.155209867813946,0.226662993940475,-0.736668542347765,0.0700051642558985,0.194342870782015,-0.101652797541449,0.0508976341191291,0.143088627348791,0.00935533580854671,-0.000844775659998769
56.52,-0.55665141880243,-0.993915034068858,0.154264852714596,0.246038870836005,-0.727029423883619,0.0673853529813178,0.194979352727609,-0.0998172453612409,0.0469344188364862,0.143735330088259,0.00831241425306268,-0.000182987564097153
56.525,-0.512840182699974,-0.99129878110516,0.152456150235286,0.264098681705,-0.719197945201016,0.0649344844590571,0.194821780385313,-0.0977717507539167,0.0429095734686063,0.142912938713534,0.00739241744388896,0.00040096427302697
56.53,-0.471064189526927,-0.985058264188726,0.150039900900903,0.279666245689052,-0.711924951139081,0.0625129467861312,0.193758306997776,-0.0954893471283397,0.0388569461447909,0.140645405428901,0.00661069292604446,0.000896295325980095
56.535,-0.434429450489385,-0.974920912744394,0.14717752009726,0.291493154838691,-0.704291058399503,0.0600622620043798,0.191684281007801,-0.0929291080452924,0.0347916733039418,0.136959279174199,0.0059789598255839,0.00129477975369431
56.54,-0.405204156558756,-0.960284802116048,0.143916941031973,0.29855744874179,-0.695762283963055,0.0575912394938782,0.188503154596523,-0.0900385260706658,0.0307113770050572,0.131883642553605,0.00550492390671534,0.00159084318186884
56.545,-0.384387097556762,-0.940373731338303,0.140207089837842,0.300316584547326,-0.686159786285527,0.0551824828629005,0.184127864213166,-0.0867562327865581,0.0265983300680547,0.125450725085879,0.00519192703139599,0.00178155240828902
56.55,-0.371569808036664,-0.91451423462855,0.135946275655804,0.296846436269688,-0.675562100491194,0.0529680577526236,0.178483421707156,-0.0830154554584721,0.0224226929039201,0.117697039789267,0.00503876263694844,0.00186658386722121
56.555,-0.36511112793423,-0.882448481961405,0.13105126181986,0.28885196294508,-0.66415871530037,0.051057858579754,0.171511256728831,-0.0787482314692225,0.0181464058163176,0.108665012868606,0.00503992736933969,0.00184830676873535
56.56,-0.362594703013581,-0.844495593723017,0.125504957204839,0.277507064443348,-0.652150279519151,0.0495022552638098,0.163173908628038,-0.0738893101333533,0.0137270647535231,0.0984049467415807,0.00518618611782513,0.00173191367174776
56.565,-0.361434101265358,-0.801504096746645,0.119366959543507,0.26416956240816,-0.639722680293245,0.0483149655323994,0.153458278270218,-0.0683793413116911,0.00912202393427768,0.0869769661243763,0.00546509508899406,0.00152525433568826
56.57,-0.359434473762263,-0.754799520216302,0.112785836068835,0.250112812840768,-0.627001983680109,0.0474166955823507,0.142377682151045,-0.0621679200306774,0.00429292081618619,0.0744527081837383,0.00586148396271592,0.00123826364898562
56.575,-0.355237632031175,-0.705951915316015,0.105966676634119,0.236255562854258,-0.614102538956767,0.0467072820767645,0.129973472440404,-0.0552168955055963,-0.000789971339211698,0.0609165989471052,0.00635796332869564,0.000882291041364964
56.58,-0.348510010293793,-0.656658992617206,0.099155703816434,0.223041901401053,-0.601133742876803,0.0460615208445163,0.116316108280784,-0.047504084132298,-0.00614378288112427,0.0464665517771689,0.00693534572589585,0.000469603341973476
56.585,-0.339857875346309,-0.608609314498931,0.0926114644897753,0.210446978815244,-0.588231354135315,0.0453776324140999,0.101505566662326,-0.0390271044513452,-0.0117693290440379,0.0312141451180127,0.00757314200253675,1.30171680494913e-05
56.59,-0.330484770788018,-0.563449653841889,0.0865926878352126,0.198135358814087,-0.575547282478794,0.0445565656651026,0.0856710251120883,-0.0298070234197786,-0.0176476844251878,0.0152844341936671,0.00825035140028581,-0.000474555735103585
56.595,-0.321714493950898,-0.522619899271484,0.0813172070877035,0.18566355344603,-0.563280440300365,0.0435774581006672,0.0689696368876313,-0.0198920864737674,-0.0237372222864226,-0.00118466432712693,0.0089463463755754,-0.000980743636842152
56.6,-0.31448502241217,-0.487321498442081,0.0769540493117024,0.172751273210149,-0.551625843260923,0.0424328352611276,0.0513864293527621,-0.00935076392767688,-0.0299741329370036,-0.018077393793231,0.00963252074642674,-0.00149136216078953
56.605,-0.308992640815053,-0.458366447706829,0.0735941394755538,0.159462109263259,-0.540773454939235,0.04114924765007,0.0331551715177118,0.00169609534899995,-0.0362648721289863,-0.0352390994270739,0.0102928261476374,-0.00199756192095813
56.61,-0.304542527647582,-0.436089312209962,0.0712386481757077,0.146304741471465,-0.530891811382562,0.0397706368754373,0.0145992650528075,0.0130896936863019,-0.0424915746259982,-0.0524903440263844,0.0109162404942761,-0.00249326253992844
56.615,-0.299638451625471,-0.420304045694307,0.0698004983088957,0.13421864626542,-0.522108756109742,0.0383392857984047,-0.00403623063351995,0.0246380819351523,-0.0485159315189205,-0.0696597795322327,0.0114896599605354,-0.00297302529862672
56.62,-0.292323322606955,-0.410323530457421,0.0691206306681338,0.124420763230668,-0.514504000184309,0.0368820257458191,-0.0224908554203543,0.0361097510935839,-0.0541820460225271,-0.0865714011714352,0.0120026198076953,-0.00343386304549731
56.625,-0.280711889861884,-0.40500856257135,0.0689881111488055,0.118127028156197,-0.508127995622604,0.0354458604068194,-0.0404926259202887,0.0472363523178377,-0.0593229209488972,-0.103046922009433,0.0124473840390668,-0.00387532333582525
56.63,-0.263565854035669,-0.402962446634418,0.0691845314472528,0.116251929024028,-0.502995814880131,0.034087810977046,-0.0577562674005395,0.0577185565505464,-0.0637686104007178,-0.118901718409723,0.0128186342139379,-0.00429903403233501
56.635,-0.24075239901792,-0.402806195529727,0.0695355396730009,0.11916133566992,-0.499072153846945,0.0328455180680987,-0.074011177003455,0.0672354056095311,-0.067355646701907,-0.133968063825781,0.0131133993394929,-0.0047085873271386
56.64,-0.213491450633549,-0.403376120407876,0.0699350384525761,0.126500694067235,-0.496309540751701,0.0317671510136945,-0.0889895168402669,0.0754572933896233,-0.0699376508256179,-0.14807960585553,0.0133301830382368,-0.00510849672114262
56.645,-0.184296282848941,-0.403927546917052,0.0703682960974465,0.137197820485798,-0.494656506750261,0.0308784449526209,-0.102440712029456,0.0820632482864651,-0.0713965661065357,-0.161080816888824,0.0134689647208076,-0.0055036485390813
56.65,-0.156633347369375,-0.404190027792633,0.0709053022344578,0.149601775565974,-0.494097290295054,0.0301779792188977,-0.114141914914225,0.0867610886181866,-0.0716529724687557,-0.172831604169855,0.0135312766006151,-0.00589849164690195
56.655,-0.134333087152075,-0.404269048591289,0.0716683317418922,0.161751671080264,-0.494695532061614,0.0296522183919896,-0.12175603730532,0.0892764547504403,-0.0706495594230697,-0.182560267854464,0.0135988580539778,-0.00632056105850819
56.66,-0.120857413296432,-0.404453527711322,0.0727868756784859,0.171732485644774,-0.496616372807154,0.0292773908806221,-0.126749743902527,0.0894529433736316,-0.0684204388511131,-0.190593190509538,0.0136119319079291,-0.00675120307252638
56.665,-0.118566293855095,-0.404955269613986,0.0743414367557117,0.178043650135452,-0.500120001342138,0.0290363527830954,-0.129584429407992,0.0871920630591828,-0.0650374981194734,-0.197025723946568,0.013553719656789,-0.007183370654021
56.67,-0.128167920003172,-0.405681584118925,0.0763113896453128,0.179885611340997,-0.50553192049432,0.0289473537019753,-0.130337845116796,0.0824876114572513,-0.0606184894836571,-0.201861429082688,0.0134234673129074,-0.00761264047827864
56.675,-0.148483253521867,-0.406188499424581,0.078557952795031,0.177325372518575,-0.513156357504229,0.0290615247116127,-0.129164000629728,0.0754444720811379,-0.0553272404123317,-0.205145893111053,0.013219113333833,-0.00803162761026414
56.68,-0.176625664030312,-0.405848616360886,0.0808548226627447,0.171277331604323,-0.523173729262896,0.0294234428233004,-0.126290800507276,0.0662838927420867,-0.04936486896661,-0.206965867614512,0.0129380128987322,-0.00843008128424772
56.685,-0.208557103036759,-0.404061285118113,0.0829347978055345,0.163281666572653,-0.535599630648309,0.0300962896219228,-0.122013643193347,0.0553406876113602,-0.0429575043305985,-0.207446868471493,0.0125776501960647,-0.00879536041381799
56.69,-0.239841171973846,-0.400591032851165,0.084578549001885,0.15520917116376,-0.550246178128517,0.031106235750368,-0.116684290380088,0.043052323685552,-0.0363417864274071,-0.206749445011479,0.0121359373602708,-0.00911323045231737
56.695,-0.266401108876088,-0.395772507843597,0.0856836930428578,0.148937187186524,-0.566764760053451,0.032431101253234,-0.110694557235979,0.0299405407412909,-0.0297498283873727,-0.205063510642952,0.011611381792916,-0.0093687983844406
56.7,-0.285098027320596,-0.390491991433323,0.0862853156347873,0.146070986665288,-0.584759438039416,0.0340369317965987,-0.104455429449919,0.0165858804700367,-0.0233949565904794,-0.202600337631256,0.0110034036037404,-0.00954747990500046
56.705,-0.293999033575359,-0.386057132376867,0.0865532573825528,0.147810048885345,-0.603865183547622,0.0358579451506532,-0.10053307948997,0.00371049141904047,-0.0174821886969462,-0.200399434519335,0.0102474560549695,-0.00961672166887978
56.71,-0.292384687767046,-0.383904420100212,0.0867465980076278,0.154902536922557,-0.623818828825734,0.0378018016754445,-0.099001676493155,-0.00799574178568386,-0.0121630115894647,-0.198616637627455,0.00936015450113604,-0.00956961399043151
56.715,-0.280611444659224,-0.38521662314543,0.0871367330581019,0.167648564315048,-0.644517473976076,0.0398032035124211,-0.0976168694933633,-0.0180811479636785,-0.00750804326135992,-0.196488795215133,0.00842509305520269,-0.00942186342538588
56.72,-0.259886727121557,-0.390721002867488,0.0879675458728345,0.185983738875571,-0.665990657565977,0.0417957942752609,-0.0965871875492261,-0.02609172738189,-0.00355921069059376,-0.194166024972486,0.00745084510145591,-0.00917062838115803
56.725,-0.232136849281763,-0.40055223376217,0.0894204834625181,0.209501660869835,-0.688363200908677,0.0437319321349147,-0.0960663791154481,-0.0316939338088821,-0.00031119100583201,-0.191780731874227,0.00644870755371642,-0.0088177496509633
56.73,-0.199900341086252,-0.414242375925516,0.0915986905818615,0.237480881658586,-0.711816240219754,0.0456160858951298,-0.0961461020374121,-0.0346914504142674,0.00228154395455615,-0.189440416628258,0.00543295626767826,-0.00836978611941975
56.735,-0.166195143917856,-0.430893972166028,0.0945488334108411,0.268920092481063,-0.736501345130283,0.0474666767799262,-0.0968732076690402,-0.0350285746337621,0.00429485764965353,-0.187240481476978,0.00442282965653419,-0.00783889919292849
56.74,-0.134317165059606,-0.44932791311433,0.0982633527867191,0.302557493832169,-0.762520107331576,0.0493464175101089,-0.0982138671672688,-0.0327854480831289,0.00582376894272549,-0.185223351452409,0.00343933030299057,-0.00724040318684185
56.745,-0.107488783012728,-0.468342885077222,0.102704926972382,0.336982386807486,-0.789886900022705,0.0513181438214054,-0.100039043872763,-0.0281686022619453,0.00697199661468166,-0.183361770409224,0.00250067171307333,-0.00658980527889068
56.75,-0.0884160152771843,-0.486900588810994,0.107811595279989,0.370804059039381,-0.818561281787271,0.0534458451053788,-0.102218095546887,-0.0214856441936137,0.00784225656206343,-0.181640445403306,0.0016299040685114,-0.00590723912857875
56.755,-0.0788051142730751,-0.504289855110854,0.113510562847274,0.402919529542704,-0.848467705825368,0.0557613946066372,-0.104582462034579,-0.0131301271536422,0.00852917488650859,-0.180015755655884,0.000849785520905175,-0.00521407062963355
56.76,-0.0790047336110697,-0.52013252985003,0.119711439508056,0.43276096834174,-0.879558821947136,0.0583007731475137,-0.106936610204334,-0.003566472480394,0.00911489753907964,-0.178419600548925,0.000181936073197067,-0.0045321673785915
56.765,-0.0883716019382887,-0.534265002530031,0.126308819326549,0.460296782754514,-0.911851157415914,0.0611141163457989,-0.109071665930237,0.00669040190457968,0.00966611124807801,-0.176764382381048,-0.000353578638191302,-0.00388322548084708
56.77,-0.104308039198709,-0.54688390129761,0.133197567547113,0.486461432574527,-0.94542248385552,0.0642738663080435,-0.110779548558686,0.0171040736638997,0.0102318461910533,-0.174949509478437,-0.000738654309040216,-0.00328795666178989
56.775,-0.122864138525992,-0.558406361545294,0.140276082314066,0.512983452733155,-0.980415251503715,0.0678969242193525,-0.111864473715834,0.0271493602971687,0.0108424848385529,-0.172868770574566,-0.000957781155370474,-0.00276515848770291
56.78,-0.140264037537279,-0.569244101839024,0.147458738465099,0.541729090240019,-1.0170099997452,0.0721183080790428,-0.110683248724353,0.0359994073596604,0.0115246669581693,-0.16980418190706,-0.000956001608991546,-0.00234373790162543
56.785,-0.153294801732892,-0.579809837243797,0.154696130001651,0.574397097384008,-1.05535358767777,0.0770509643509607,-0.108916676771001,0.0435977584297535,0.0122607448603951,-0.166419690197022,-0.000778885922445249,-0.00202041129125106
56.79,-0.160023975360859,-0.590499642841035,0.162001443888851,0.612083580388351,-1.09547298189256,0.082706167795816,-0.106730817315541,0.0497079541973494,0.0130299879245401,-0.16276096134631,-0.00043079096111186,-0.00180144316544582
56.795,-0.160139281131032,-0.601641720880226,0.169447838169673,0.655017125477793,-1.13723900694751,0.0889866123067842,-0.103847586915971,0.054066474415022,0.0138079271272693,-0.15869148306311,9.31817187977161e-05,-0.00169335917916118
56.8,-0.154721531149711,-0.61353249288807,0.177165503550226,0.702626644214607,-1.18035801319137,0.0956686176610285,-0.100031860270414,0.0564933249252259,0.0145654522381713,-0.15409828047547,0.000793008270111003,-0.00169868517799342
56.805,-0.145531921201136,-0.626445703163677,0.185310960230343,0.753894943796788,-1.22443823614718,0.102477331122012,-0.0950889613121358,0.0568968319844635,0.0152715691002093,-0.148893959430007,0.00166385318993675,-0.00181596244473651
56.81,-0.13412470990741,-0.640716140467389,0.194055321836914,0.807864813316107,-1.26905138033664,0.109116770837134,-0.088860473665311,0.0552723205044299,0.0158958882059655,-0.143017224614086,0.00269631652232172,-0.00203996271487163
56.815,-0.121234678562201,-0.656681021149578,0.203541049553942,0.863986700677204,-1.3138352898279,0.1153815447586,-0.0812200071854996,0.0516961725876312,0.0164107392772465,-0.136432252101526,0.00387691145326227,-0.00236215195846251
56.82,-0.106698499054026,-0.674623196262369,0.213860846853651,0.922183429393076,-1.35851812900782,0.121168764325913,-0.0720697261762107,0.0463171893778262,0.0167926903169389,-0.129127394959351,0.00518857865381789,-0.00277118139734611
56.825,-0.0899379896493139,-0.694649272179538,0.225036408929248,0.982577720140786,-1.40289483864654,0.126457812941749,-0.0613380952446974,0.0393444684867258,0.0170235396774467,-0.1211133857183,0.00661117456074104,-0.0032533486807796
56.83,-0.0707634980856661,-0.716494646018093,0.236981780276446,1.04500002643058,-1.44681752913566,0.131326011479274,-0.0489789973475125,0.0310319829527705,0.0170909190162493,-0.112420960647135,0.0081220777201577,-0.00379317569070133
56.835,-0.0500522823479308,-0.739482712378342,0.249511812360321,1.1085782531253,-1.49012311357198,0.135866148765345,-0.0349719230041388,0.0216621418083618,0.0169885066173292,-0.103098071457835,0.00969689221399923,-0.00437411457441104
56.84,-0.0299838057671599,-0.762528023289714,0.262346588373465,1.17156863998159,-1.53261479492385,0.140175895781556,-0.0193231931487193,0.0115304663820158,0.0167158671068982,-0.093207166597622,0.0113101155111441,-0.00497926329005663
56.845,-0.013648027144565,-0.784302786302128,0.275147049347914,1.23158722517286,-1.57404783617576,0.144338158460991,-0.00206842959287567,0.000932266114256848,0.0162780102155502,-0.0828229338469436,0.0129357238307992,-0.0055919812024963
56.85,-0.00414527215545136,-0.803539754460479,0.287579610479757,1.28618820450835,-1.61411661522306,0.148381169119302,0.0167244127346396,-0.00984884730920861,0.0156847760945862,-0.0720304218659715,0.01454771163591,-0.00619632093865153
56.855,-0.00354832321839011,-0.819264750440353,0.299351963032515,1.33353287928419,-1.65249550179245,0.152313568121359,0.0369534695289362,-0.0205507167088459,0.0149500494018217,-0.060923057360849,0.0161206287809468,-0.00677729696140035
56.86,-0.0121329756196367,-0.830964368335182,0.310238991001132,1.37290012963938,-1.68883784387201,0.156108739807365,0.058483886723719,-0.0309403110336467,0.0140907760943936,-0.0496003289107758,0.0176301124471952,-0.00732114006972952
56.865,-0.0282049132959452,-0.838554714443756,0.320064065415942,1.40479404036353,-1.72276324192169,0.159709379812797,0.0811494953967954,-0.0408192438314021,0.0131259971621815,-0.0381656030621957,0.0190533364599727,-0.00781562748008912
56.87,-0.0484680379262798,-0.842188077461073,0.328639680781319,1.43064143482872,-1.75387075447313,0.163077924149756,0.104753394136271,-0.0500275327619599,0.012076207881649,-0.0267246160928725,0.0203692300831782,-0.008250450307411
56.875,-0.069232336948699,-0.842048221352616,0.335759393819193,1.45216445536035,-1.78169288911521,0.166147785648628,0.129068174350721,-0.0584457520977429,0.0109630548394717,-0.0153844166569305,0.0215584954811566,-0.00861755772020449
56.88,-0.0868912844064788,-0.838285576688618,0.341193401708083,1.47095986249687,-1.80572261065487,0.168867975275598,0.153837617588431,-0.0659954008563298,0.00980918555200708,-0.00425202708538578,0.0226038500997953,-0.00891135644886823
56.885,-0.0985891623699042,-0.831031804359886,0.344738461121655,1.48822803246396,-1.82545068670133,0.171203096138277,0.178780495447507,-0.0726375035057119,0.00863810955225732,0.00656741095956107,0.0234907330901425,-0.00912870648538033
56.89,-0.102432756586656,-0.820550846956392,0.34630061863097,1.50476794848639,-1.84040888102021,0.173102444196108,0.203596140822673,-0.0783694459787859,0.00747389358912341,0.0169725136349044,0.0242079863211024,-0.00926884615365815
56.895,-0.0974605171359241,-0.807302271939557,0.34592801633445,1.52107269894041,-1.85026223792095,0.174553142366889,0.130978377302651,-0.116937758979159,0.00312429325645648,-0.0234407107138429,-0.0105076242760697,0.0016876763849287
56.9,-0.0835253839781666,-0.792002603051425,0.343839663406313,1.53743012180405,-1.85482583079068,0.175545087789487,0.104611441561635,-0.131571339200974,3.71351297307446e-06,-0.0416268331488899,-0.0305071846133811,0.00830834563875081
56.905,-0.061249654552288,-0.775471942729101,0.340365988744334,1.55387509923567,-1.85408267744542,0.176114351592739,0.0756117352367036,-0.142939319941289,-0.00299324744026225,-0.0615797224846655,-0.0536889057819438,0.0163853821747834
56.91,-0.032064358193961,-0.758454854167902,0.335886600370931,1.57004573671011,-1.84808058482003,0.176295583066693,0.0482223620097999,-0.149321861755751,-0.00562404118479927,-0.0806962746713762,-0.0790607742057654,0.0259474045546849
56.915,0.00166796220109817,-0.741339478377685,0.330723549398531,1.58492840690344,-1.83684358122126,0.1761251095344,0.0246467507081287,-0.14924269357375,-0.00784312874307647,-0.0974825206483124,-0.105980875344862,0.0371647513070837
56.92,0.0366426775397278,-0.723976926644746,0.325067315312762,1.59670129647367,-1.82024469348692,0.175599384673719,0.00387316210437427,-0.141742615007372,-0.0098338854889467,-0.112233204430417,-0.134394976689336,0.0502955627312324
56.925,0.0687999642554586,-0.705571381293555,0.3189051792307,1.6027267667559,-1.79800021832167,0.174712609060804,-0.0183122051724929,-0.126845149142112,-0.0119225644587532,-0.126978846685698,-0.164853369075643,0.0655335823782021
56.93,0.0938344161690321,-0.68487496240056,0.312053667262303,1.59986898089842,-1.76969516175693,0.173402845854987,-0.0477417404922676,-0.106089974595195,-0.0144025271829977,-0.144509807932544,-0.198272576487018,0.0828397162619961
56.935,0.107958019134308,-0.660432357432262,0.30418527550233,1.58505338889189,-1.73496248570614,0.171653228459392,-0.089190439172128,-0.0828078048358496,-0.0173476919473009,-0.166838457101022,-0.235562848494089,0.101874089267978
56.94,0.108741530235402,-0.631077338792731,0.29496847704057,1.5560173530286,-1.69361218163273,0.16944881564312,-0.14377597648609,-0.0618506177633829,-0.0204920732539149,-0.193805407378729,-0.277256744061981,0.122038847830281
56.945,0.0957321045679082,-0.596308182432104,0.284179489749878,1.51194317135648,-1.64575960521654,0.166816702745976,-0.207672657409876,-0.0486507455793033,-0.0232568130478191,-0.222533160939672,-0.323273047930921,0.142611598674933
56.95,0.0706150964797806,-0.556515466463076,0.271796403030617,1.45376946324142,-1.59185087228933,0.163827652277758,-0.272758270131851,-0.0478216874212779,-0.0249249284963207,-0.247991755144484,-0.372833727855112,0.162883737536464
56.955,0.0368615173078015,-0.513034430169166,0.258069409818612,1.38407226137089,-1.53255564885392,0.160506195551134,-0.329009059018307,-0.0617645957997622,-0.0248857127985257,-0.264510710023557,-0.424572824310702,0.182243686605778
56.96,-0.000996890648544916,-0.467825924117583,0.24344986880514,1.30650988411148,-1.46864895016301,0.156875291007894,-0.367670403096322,-0.0897654093561604,-0.0228518716397976,-0.267617784448674,-0.476778908998663,0.200248300783296
56.965,-0.0382147857052743,-0.42307911652639,0.228491456994837,1.22505619392194,-1.40082695558395,0.152930797840644,-0.384089962178638,-0.127977577736521,-0.0189668602272631,-0.255573566701872,-0.52776972157878,0.216672440477413
56.97,-0.0705839058116175,-0.380802020242151,0.213732742319041,1.14322742628182,-1.32954121667041,0.148598092903896,-0.379164390601944,-0.170362705491141,-0.0137648316378559,-0.22997412132298,-0.576221846273834,0.231513507128204
56.975,-0.0949648388643925,-0.342378011825244,0.199524771054728,1.0634609484347,-1.25497642521228,0.14380930662353,-0.359018260069468,-0.210279440179227,-0.00801095041766528,-0.195283841635476,-0.621406357118034,0.244943983424821
56.98,-0.109545328373716,-0.308382053380334,0.18595713963514,0.986851966144986,-1.17710504710785,0.138489144875419,-0.332903541537375,-0.242246167918756,-0.00248519020688882,-0.15740301460044,-0.66323963654218,0.257231295468792
56.985,-0.113831306535213,-0.27858788736558,0.17284737835773,0.913263622965781,-1.09587268317763,0.132578397866863,-0.310981280114445,-0.263156939141401,0.00221593881932334,-0.122171190124721,-0.702159786424967,0.26864438359194
56.99,-0.108391827349144,-0.252158137781324,0.159796293764918,0.841787154106145,-1.01146086422321,0.126083611451238,-0.301271308052123,-0.272939640127905,0.0058120543776054,-0.0937635441968048,-0.738872214207628,0.279371730372402
56.995,-0.0944268841832912,-0.228007228950826,0.146329001213057,0.771436455006675,-0.924497764252287,0.11906705059588,-0.307861006474831,-0.274201677322851,0.00836690113279973,-0.0738439885169048,-0.774049121902944,0.289510539491442
57,-0.0732884307131431,-0.205117587820448,0.132011269232578,0.701827644570458,-0.836202398336284,0.111701013728185,-0.330475792262424,-0.271199506348836,0.0102264572513233,-0.0615783255355455,-0.808085251626611,0.299058669916033
57.005,-0.0460885798271573,-0.182841965120439,0.11659062468097,0.633652866649897,-0.748324352986754,0.104232533186589,-0.365209759969907,-0.268523980260604,0.0118903130475084,-0.0543013661970457,-0.840964227147382,0.307927932065794
57.01,-0.0135573943366615,-0.161004395431968,0.100059490542695,0.568718111010698,-0.662940039692794,0.0969797423709883,-0.40603153420784,-0.269908555043667,0.0138595910490972,-0.0485283174536177,-0.872252126617994,0.31597578422365
57.015,0.0239561384175731,-0.139904020162519,0.0826879164991889,0.509567564200709,-0.582069792470391,0.0902551076548495,-0.446569380882766,-0.277478732699321,0.0165055947287398,-0.0410186787773253,-0.901268614185166,0.323027563052446
57.02,0.0660687836882254,-0.120159472235493,0.0650120057527205,0.458734888997533,-0.507227917587756,0.0842531108090909,-0.481481732868183,-0.291496027054694,0.0199893226028235,-0.0294465883937192,-0.927243840050137,0.328954993438617
57.025,0.111885744611809,-0.102495322184741,0.0477634790795103,0.417823909393922,-0.439077935905012,0.0789679224380098,-0.507308740216215,-0.310651130867118,0.024253575859882,-0.0127214649351523,-0.949541371395093,0.333686715259619
57.03,0.159560144858999,-0.0875720225341923,0.0317862407404184,0.386772178636717,-0.377248937493009,0.0741136125979855,-0.522666815390678,-0.332631168124901,0.029062954499462,0.00907164671726414,-0.967836805098777,0.337251728371245
57.035,0.206067051003871,-0.0758366793596816,0.0178952244608059,0.36348543582369,-0.320511290597325,0.0691685757341795,-0.527919112907479,-0.35483390956551,0.0340878285692224,0.0350250379547401,-0.982134545720913,0.339772187894665
57.04,0.247426460266544,-0.0674653133325071,0.00674329245719738,0.344104612529402,-0.267224277043136,0.0634924528459405,-0.524724151357105,-0.374984118616042,0.0389863016786124,0.0637238957795119,-0.992771738721919,0.341446761105348
57.045,0.279349231151576,-0.0623217217831609,-0.00129284865397336,0.323827407512,-0.216026005660277,0.0565389843114616,-0.515510823636284,-0.391566706873152,0.0434780934485771,0.093559211588967,-1.00029498032058,0.342507013560851
57.05,0.298239390141222,-0.0599356232238467,-0.00617030849503875,0.298158683360503,-0.166472387887262,0.0480812124202833,-0.503016847043756,-0.404029413567566,0.0473932745314804,0.122936103689093,-1.00532788593559,0.343151350087435
57.055,0.302179647763953,-0.0594944944483099,-0.00818105842362625,0.264141855772802,-0.11944841835719,0.0383714233165963,-0.489826055680519,-0.412743646943117,0.0506896270920436,0.150447785284571,-1.0084276880156,0.343496960903145
57.06,0.291618230782396,-0.0598942586742804,-0.00788420360813778,0.221249121926399,-0.0770711007470253,0.0281526943735294,-0.4778751422765,-0.418798253648546,0.053447233714504,0.175075128043051,-1.00992430293965,0.34354549446007
57.065,0.269413508593035,-0.0597862395835799,-0.00583241347759214,0.171572433978415,-0.0420957879259595,0.0184769561652661,-0.468104951412427,-0.423695351701302,0.0558379904215087,0.196294504091282,-1.00986608899444,0.343168777548956
57.07,0.218522658799007,-0.0740092645384098,0.00484943250684696,0.0993494424156332,0.0188468572156747,-0.001768847208168,-0.46024948560181,-0.428998796711819,0.0580814371497527,0.214161700826932,-1.00799922221896,0.342146364952739
57.075,0.21197461786818,-0.0733044393330581,0.00371339243408789,0.10874159643411,0.0187021007087429,-0.00179781526773131,-0.45288158266029,-0.436074362769379,0.0604078446726084,0.229308705329364,-1.00379387147792,0.340176338045685
57.08,0.205716770442664,-0.0723112223218863,0.0024306999390289,0.1167839186542,0.0184810224339545,-0.00183881885190002,-0.443788004363092,-0.445852277771711,0.0630119181164785,0.24276629547015,-0.99658309846804,0.336944824513649
57.085,0.199744002281305,-0.0710504444661466,0.00103296268957038,0.123347141372649,0.0181809655817332,-0.00188921079421678,-0.430578648041238,-0.458701708849685,0.0660200099655142,0.255692213552127,-0.985720547211191,0.33218029497769
57.09,0.194049237159185,-0.0695422787796929,-0.000446838805064597,0.128335221861526,0.0178020555126251,-0.00194605997746564,-0.411457402131546,-0.474374913071249,0.069461813728509,0.269003619743755,-0.970792433819925,0.32572601448311
57.095,0.188625066554722,-0.0678044616947892,-0.00197598596361297,0.131687415769098,0.0173472219104096,-0.00200618339052681,-0.385902920661517,-0.492032322190935,0.0732574663976499,0.283073642021848,-0.951794089069997,0.317614921839157
57.1,0.183464297613384,-0.0658508250927216,-0.00352385328286809,0.133378798890754,0.0168219833756724,-0.0020660646831155,-0.355082803025901,-0.510399572892501,0.077231567458435,0.297562274568414,-0.929249468961325,0.308069983156618
57.105,0.178559719106591,-0.0636902558894542,-0.00506365100564436,0.133419269236509,0.0162342728071662,-0.0021217948736318,-0.321771323717597,-0.527981624556223,0.0811499457565116,0.3115093270121,-0.904178232979675,0.297468823754473
57.11,0.173903449218056,-0.0613259827054531,-0.00657370426747144,0.131851218739031,0.015594387231529,-0.00216914467255254,-0.289908080717875,-0.543206355724689,0.0847430302479532,0.323516804345485,-0.878053103136953,0.286333362328301
57.115,0.169485875452273,-0.0587551965262377,-0.00803824305047156,0.128746022506794,0.0149148273886982,-0.00220370131047018,-0.263689631937379,-0.554587661040048,0.0877550396792083,0.332219714223482,-0.852476121664223,0.275250859999079
57.12,0.165294288830061,-0.0559690865382962,-0.00944796773925328,0.124199567805016,0.0142098802109233,-0.00222098073708455,-0.246758468257051,-0.560833664109276,0.0899703887045282,0.336597735824807,-0.828943892930221,0.264767522569584
57.125,0.161311539976599,-0.0529531793323091,-0.0108005031293754,0.118327211225712,0.0134950144337719,-0.00221651375771114,-0.241483301041219,-0.560911936784341,0.0912338511263892,0.336250112073177,-0.808550299767704,0.255294369479634
57.13,0.157514840377493,-0.049687868362503,-0.0121004482066907,0.111258508723202,0.01278619723781,-0.00218595653821147,-0.248546771760774,-0.55413239558248,0.0914644423379972,0.331500608471189,-0.791754973882113,0.247019185484367
57.135,0.15387443358305,-0.0461492695779867,-0.0133586766302865,0.103131952686491,0.0120992101084081,-0.00212529298017807,-0.266926271308373,-0.540241146825514,0.0906564493126387,0.323272211716135,-0.778322362937778,0.239869997601937
57.14,0.15035208384486,-0.0423106336184243,-0.0145909599817895,0.0940899516533633,0.0114490105655185,-0.00203115346510875,-0.294199407161628,-0.519504742739896,0.0888717892138075,0.312807852074997,-0.767438216567659,0.233561587524836
57.145,0.146899919984017,-0.0381444083989853,-0.0158162562420693,0.0842742744579458,0.0108491481034177,-0.00190119145729425,-0.326995172209195,-0.492818466515058,0.0862467856409353,0.301412290841744,-0.757907915357773,0.227664364990572
57.15,0.143459989722654,-0.0336248169505963,-0.0170549002730028,0.0738220467726026,0.0103112206576118,-0.00173442922266302,-0.361508295682992,-0.461711032411695,0.082987630629751,0.290230425033244,-0.748473506886228,0.221742406031892
57.155,0.139893607288141,-0.0287168388534442,-0.0183273238889059,0.0628499465572668,0.00984096601417364,-0.00153082818873937,-0.393937699616983,-0.428303368074298,0.0793736105361859,0.280158243220043,-0.738118292365394,0.215433256953069
57.16,0.136125723022444,-0.0234080877818946,-0.0196509490781783,0.0514733719736153,0.00944485991839863,-0.00129307683101711,-0.420713576966312,-0.395047872544475,0.0757283666751035,0.271935040327029,-0.726240141766786,0.20857743594395
57.165,0.13209869088188,-0.0177005070850357,-0.0210395337046528,0.0397997339442943,0.00912739332714509,-0.00102616767885108,-0.438779731574123,-0.36445698865601,0.0723890580594142,0.266167940606103,-0.712790831155784,0.201186842482974
57.17,0.127723183007096,-0.0116006084743904,-0.0225033423471754,0.0279180547460343,0.00888885879179122,-0.000736643979369176,-0.445692616912294,-0.338659941826916,0.0696404788297042,0.263476531910065,-0.698166690765523,0.193482804914461
57.175,0.122911422386829,-0.00512397835763955,-0.024049640444294,0.0159040872026754,0.00872735700884603,-0.000432272092053783,-0.43982353821155,-0.319156204602248,0.067684930544466,0.264510251063221,-0.683037461007205,0.185772293294714
57.18,0.117581663129139,0.00170543236405536,-0.025682673183647,0.0038213517113886,0.00863919388188672,-0.000121400091020807,-0.420608308379816,-0.306635121723672,0.0666130551334722,0.269818282158662,-0.668215264637027,0.178379333360229
57.185,0.111661133306746,0.00885423647641496,-0.0274020199167491,-0.00827796199539179,0.0086189280855912,0.000187374661958385,-0.388595241153543,-0.300940822598758,0.0664010540307779,0.279793165032221,-0.654411325981932,0.171601646764699
57.19,0.105088899354286,0.0162774730677636,-0.0292004271937949,-0.0203508548594417,0.00865951857939514,0.000485415320449803,-0.345553466518845,-0.301189917391834,0.0669323345007712,0.294445092069665,-0.642163758443548,0.165641318748003
57.195,0.0978172231418327,0.0239160114450397,-0.0310618581170749,-0.0323620135186327,0.00875273613410778,0.000764251316664705,-0.294393756795755,-0.305906657715399,0.0680168693722274,0.313271300109911,-0.631753670666658,0.160607982189824
57.2,0.089806791758528,0.0316937508502474,-0.0329596832136774,-0.0442876730276236,0.00888972667249448,0.00101560689987912,-0.239114745269916,-0.313221286725168,0.0694141553497827,0.335057455294522,-0.623311133860882,0.156529263713695
57.205,0.0810359893714265,0.0395124976186839,-0.0348555489327642,-0.0561058350865229,0.00906118536666705,0.00123168287188136,-0.184406972692646,-0.321143307778857,0.070869549067919,0.357990948638525,-0.616812590668561,0.153385616326619
57.21,0.0715000835547596,0.0472492549412719,-0.0366990811848199,-0.0677962658255774,0.00925790668679976,0.00140526552815338,-0.135127543323461,-0.327963301734297,0.0721744228215043,0.37988900296608,-0.612168841066826,0.151088977242197
57.215,0.0612122382083594,0.0547536915458414,-0.0384281956155186,-0.0793380310761001,0.00947117077744841,0.00152975832378836,-0.0955431266722723,-0.332566321538253,0.0732040410428691,0.398630132113674,-0.609323908965629,0.149551409686141
57.22,0.0505426802939916,0.0617892916970168,-0.0399676893194239,-0.0906059344857119,0.00970557571227883,0.00159651229329743,-0.0684629553624537,-0.334734459808002,0.0739679882103504,0.412743428409192,-0.608268382159648,0.148685224999004
57.225,0.0406058324877212,0.0679748866205505,-0.0412299360567382,-0.101225820173247,0.0099915579111793,0.00159248590020896,-0.0546108540195757,-0.335229411521506,0.0746255560082857,0.421862552110297,-0.609090751381262,0.148404480447117
57.23,0.0301770872303972,0.0733078360565432,-0.0421428829641032,-0.111532117106461,0.0102730378160411,0.00152419424416859,-0.0523756195799081,-0.335506132938116,0.075436810623152,0.426948594568398,-0.61197287464653,0.148701411625682
57.235,0.0193052505622102,0.0775502943010821,-0.0426243750988995,-0.121496597660948,0.0105424550913146,0.00138883769319003,-0.0581974264085572,-0.337313796045581,0.0767052689624906,0.43011762342636,-0.617137943376409,0.149595590808308
57.24,0.00805049723931421,0.0804590349202067,-0.0425991778897732,-0.131088512145768,0.0107922040527286,0.00118487582418119,-0.0675139529637403,-0.342086042291991,0.0786741966843001,0.4340734614624,-0.624813100846241,0.151166720718533
57.245,-0.0035187562429541,0.081797901971127,-0.0420047811214166,-0.14027588202388,0.0110141532054059,0.000912045145433081,-0.0759827593195297,-0.350503654241594,0.0814573720365903,0.441366827134314,-0.635130940592808,0.153510807596814
57.25,-0.0153284896946632,0.0813526946775346,-0.0407971505337579,-0.149026997592758,0.0111996915047711,0.0005711644098674,-0.0806599925667331,-0.36231605909787,0.0850109188282522,0.453647782799165,-0.648071372741578,0.156673616773381
57.255,-0.0272998723126622,0.0789493623009523,-0.0389564425427355,-0.157311432466572,0.0113402494759104,0.000164112201300686,-0.0806886753724136,-0.376422479198033,0.0891446828334534,0.471219470325354,-0.663394548556464,0.160613471861053
57.26,-0.0393489333811005,0.0744745407262343,-0.0364919284859462,-0.165100813201321,0.0114277841060782,-0.000305753589882454,-0.0773935628648192,-0.391198837263027,0.0935714322875183,0.492935416958257,-0.680650941669094,0.165154631969292
57.265,-0.0513869800530402,0.0678946703357724,-0.0334446430922266,-0.172369991845973,0.0114549986817461,-0.000833006754600402,-0.0737164387222582,-0.404882767303099,0.0979610501302876,0.516507151204871,-0.699241264164817,0.170015413645239
57.27,-0.0633227355166084,0.0592702729076892,-0.0298867729254758,-0.179098727363591,0.0114154306191731,-0.00140980652498016,-0.0731662185151339,-0.415978724259157,0.102005605381688,0.539137332362141,-0.718504454048524,0.174861643854728
57.275,-0.0750653344865482,0.0487646936243938,-0.0259180476428666,-0.185273312060623,0.0113035454196581,-0.00202582772690134,-0.0785509750863018,-0.423591908531156,0.105483904310129,0.558336804946614,-0.737821238823468,0.179401132575895
57.28,-0.0889422026166362,0.0370558196385206,-0.0216736235051911,-0.191815425470496,0.0110408126501736,-0.00265391794371932,-0.0908579987078549,-0.427669495374248,0.108322740787355,0.57270401537936,-0.756732995532633,0.183466203432496
57.285,-0.103224683263698,0.0242625975188861,-0.0172806992454423,-0.198131085478967,0.010677583334937,-0.00328983511529401,-0.10856291217699,-0.429044726366009,0.110627152486255,0.582503365471313,-0.775035456203139,0.187103434122377
57.29,-0.116587879389262,0.0106452517815551,-0.0128742344829736,-0.203741789057481,0.0102505568389536,-0.00392412690008015,-0.127645892496725,-0.429322754555546,0.11268447007863,0.589841744310183,-0.792819492505554,0.190553012715161
57.295,-0.128881853655599,-0.00327916982576289,-0.00859068169619825,-0.208616994233092,0.00976209220792477,-0.00453911498515217,-0.142389321786525,-0.430502414755513,0.114908866043564,0.598332210544514,-0.810453666008941,0.194184500145847
57.3,-0.139973252022654,-0.0169574744090663,-0.00455236228493169,-0.212736909937642,0.00921676197428245,-0.00511681130496712,-0.147029724313806,-0.434393512148901,0.117737874618855,0.612171562902299,-0.82849716423915,0.19837506498839
57.305,-0.149745436927346,-0.029833223773898,-0.000859932297325445,-0.216091023868379,0.00862165695793457,-0.00563981107236461,-0.137131547108486,-0.442105463460241,0.121507032036875,0.635079671256981,-0.847561965325025,0.203390107507469
57.31,-0.158104341568933,-0.0413812017992569,0.0024130637170143,-0.21868209148138,0.00798734445347398,-0.00609250390217881,-0.111160953328723,-0.45365753590177,0.126336961987258,0.66916338208411,-0.868139131936271,0.209308809567889
57.315,-0.164986663302295,-0.0511413058306217,0.00522317073671319,-0.220529818620481,0.00732956020661253,-0.00646250464158708,-0.0715479583824121,-0.467971138151414,0.132092416078332,0.714055089916831,-0.890462882270022,0.21600139212047
57.32,-0.170271713802838,-0.0587664140797959,0.00755719410820855,-0.221588052666943,0.00666002881652651,-0.0067386721001081,-0.0241617488689809,-0.48341440115971,0.138458923601333,0.766955780189082,-0.914487243799304,0.223155903916734
57.325,-0.173901580016733,-0.0640264832988889,0.00942968699201972,-0.22185750838438,0.00599804433981111,-0.00691572041513434,0.023159377019514,-0.498501050683914,0.145100354359888,0.823455362977241,-0.93992910393497,0.230428677750683
57.33,-0.175830414386613,-0.0668326699998075,0.0108780929673706,-0.221333439273281,0.00536548688299488,-0.00699300023988737,0.0626006834005467,-0.512652885964842,0.151884920929834,0.878844994629642,-0.966360631371544,0.237469522325117
57.335,-0.176025356811929,-0.0672435470081522,0.0119565391214125,-0.220004491994549,0.00478575886227235,-0.00697438315630319,0.0881648882619509,-0.526420073129964,0.158985274103342,0.929361197004064,-0.993406871673363,0.244039818662236
57.34,-0.174468607789207,-0.0654626608872559,0.0127293987460917,-0.217852609807997,0.00428266509858455,-0.00686799531645002,0.0968060597650918,-0.541204736135663,0.16683696411165,0.973041322003804,-1.02083279909724,0.250042934631039
57.345,-0.171159519014167,-0.061825445965178,0.013265034126779,-0.214853497266429,0.00387959836500708,-0.00668593257958275,0.0885980894815444,-0.558573226987361,0.175946932974459,1.00987583414799,-1.04856058194533,0.255494591512562
57.35,-0.166116159867302,-0.0567744759215449,0.013629881922246,-0.210978175754978,0.00359869730790562,-0.00644366798157873,0.0660644622678228,-0.579406196093082,0.186619931788222,1.04129193210847,-1.07664337256789,0.260511505448274
57.355,-0.159376383499764,-0.0508265106439352,0.0138834627203086,-0.206196161420034,0.00345964353300621,-0.00615897027218157,0.0330711445068969,-0.603327369734244,0.198746987966275,1.06927839461891,-1.10516545716715,0.265256983178423
57.36,-0.150465800976346,-0.0446771400966435,0.014075570850535,-0.200256695900195,0.00349529192836107,-0.00585368020356961,-0.00624347474769574,-0.628615280734082,0.211739540521274,1.0955340296116,-1.134089399722,0.269900684303938
57.365,-0.140087423423229,-0.0387328710004553,0.0142437504933358,-0.193400751354903,0.00369759413841545,-0.00554322233540074,-0.0482594377170681,-0.652716577672396,0.224661333563661,1.12085253757623,-1.1631634329923,0.274519687707825
57.37,-0.128656606556249,-0.0334214555612092,0.0144126744806677,-0.185753733678906,0.00406360392971292,-0.00524361558227092,-0.0901658136767276,-0.673021723496571,0.236474271528039,1.14495321344556,-1.19191414825284,0.279103141232545
57.375,-0.116112062620891,-0.0292336893081531,0.0145957342378444,-0.177249263159959,0.00460033132846232,-0.00497139919626082,-0.129781070455676,-0.687747413487234,0.246360712797002,1.16680352000007,-1.21964565021733,0.283507971746981
57.38,-0.10242798389435,-0.0265683617303716,0.0147962746240086,-0.16784917950054,0.00530798144640945,-0.00473976313968607,-0.165265797583635,-0.696393099012531,0.253920685296273,1.18510210778551,-1.24563469362923,0.287554588280208
57.385,-0.0876144637249554,-0.0257140309123298,0.015009871011323,-0.157548035380956,0.0061799849739428,-0.00455804325479031,-0.19480437273128,-0.699857638774015,0.25926980285458,1.198895406562,-1.26922929014706,0.291011224854171
57.39,-0.0717169150781609,-0.026837598132009,0.0152267882802952,-0.14637541549913,0.00720333086769654,-0.00443161023756513,-0.216537253593203,-0.699927879252266,0.262896179953485,1.20795663701676,-1.29002359894651,0.293746248204295
57.395,-0.054813916732901,-0.0299797559178362,0.0154340934446978,-0.134396139727666,0.00835900367902494,-0.00436194613113937,-0.228722869044365,-0.698686032402725,0.265467619519164,1.2129098563276,-1.30792362672304,0.295719655154846
57.4,-0.0370125692076423,-0.0350591901029126,0.0156171778309215,-0.121708187237027,0.00962271538854138,-0.00434682949972499,-0.230006612639387,-0.697856818651672,0.26759453840738,1.21510299386191,-1.32314553336985,0.29703791525156
57.405,-0.0184424095614047,-0.0418860495680897,0.0157608397135429,-0.108438658244017,0.0109659622398276,-0.00438066094903698,-0.21974942550461,-0.698466200826838,0.269691053453813,1.21626317378884,-1.33617886133197,0.297908566787758
57.41,0.00074950724845312,-0.0501821969220251,0.0158502508425285,-0.09473847329356,0.012357242248354,-0.00445501473875834,-0.198194135448309,-0.700789263099614,0.271942202688455,1.21815239565961,-1.34765650909383,0.298588279096118
57.415,0.0204021365749479,-0.0596053052219393,0.0158718188508162,-0.0807760166189532,0.0137635050574416,-0.00455943746734949,-0.166478852686314,-0.704514389254747,0.274350025240021,1.22226141164259,-1.35821079590112,0.299339317645794
57.42,0.0403436672288167,-0.0697748486550544,0.0158138337342204,-0.0667300285116567,0.015151825540645,-0.00468240938675508,-0.126567910254891,-0.709096785815446,0.276849729383391,1.22956063459707,-1.36837199165106,0.300305133343603
57.425,0.0603932068090174,-0.0802972392827591,0.015667016206087,-0.0527830577738567,0.016490734291539,-0.00481231783616582,-0.0810341815472529,-0.713906308450247,0.279344999255805,1.24038860484757,-1.37851648134902,0.301566989273976
57.43,0.0803606477415633,-0.0907878370686176,0.015425058754452,-0.0391160821612288,0.0177510113566567,-0.00493829019899371,-0.0327369091833947,-0.718413847563729,0.28176940028349,1.25452148305982,-1.38876631352062,0.303087104348526
57.435,0.100047646577344,-0.1008896325091,0.0150850116274237,-0.0259033843683541,0.0189065096796576,-0.0050508109321708,0.0153527012206605,-0.722132929177358,0.284041947599026,1.27114399317772,-1.39910618440581,0.304781354082752
57.44,0.119250953735026,-0.110288069410494,0.0146474109302893,-0.0133075772218529,0.0199350611635694,-0.00514207588561354,0.0604740882083765,-0.724544371286644,0.286039000259055,1.2890461632904,-1.40932403152474,0.306564117223715
57.445,-0.0799618440484252,-0.0906881510661049,0.00713338463488601,-0.133553611696251,-0.0468102907853089,0.00843160606984964,0.100172654237342,-0.725059181439826,0.287573990887047,1.30667156481337,-1.41908017953172,0.308342788294132
57.45,-0.131315040867748,-0.0985627214590614,0.00614540996197424,-0.161403603875476,-0.0732437460637934,0.0123688324954274,0.132373654253659,-0.722938853493082,0.288366487159668,1.3222020713339,-1.42794576608943,0.310080364301063
57.455,-0.173633595005245,-0.108849614612624,0.00608281426172056,-0.182581218572828,-0.1027575793139,0.0167811120586079,0.155405128331874,-0.717404741168505,0.288090923829516,1.33367654585806,-1.43536598373299,0.311703625563759
57.46,-0.201706774044492,-0.120789443512063,0.00672232975009089,-0.193998885613718,-0.135454942327208,0.0219554319276585,0.168022268012124,-0.707655414234726,0.286389663026583,1.3391258354842,-1.44063687683183,0.31311417213296
57.465,-0.214314494352238,-0.13322352578076,0.00769123502501593,-0.195075237125954,-0.171973223241865,0.0281835459687811,0.169514031665473,-0.692948139604024,0.282902368631934,1.33673479091706,-1.44291275675714,0.314168074464339
57.47,-0.214385454285348,-0.145070557773972,0.00865642183509602,-0.187724080893884,-0.213200288646349,0.0356205573645769,0.159599753057797,-0.672677103576486,0.277313585296173,1.32498768743777,-1.44120314253728,0.314637694616615
57.475,-0.207892174672211,-0.155785383355447,0.00944057628859722,-0.175599051204242,-0.259869797974722,0.0441838939120645,0.138869769074073,-0.646482077931859,0.269389172879303,1.302994051167,-1.43436240532085,0.314238791104165
57.48,-0.201834601013652,-0.165611292290981,0.0100360033069297,-0.162845620111727,-0.312201683534369,0.0535439126276611,0.108911711607254,-0.614305045496693,0.258994521259876,1.27064096378836,-1.421198578985,0.312659466236914
57.485,-0.202072475255984,-0.175545517820466,0.0105507483039025,-0.1528249904123,-0.369734041362216,0.0632210917003291,0.0724478189258337,-0.576422984793997,0.246110455356533,1.22872238811045,-1.40047111459187,0.309578663316498
57.49,-0.21184771298969,-0.187109221166544,0.0111448132968431,-0.147271972492445,-0.431380809846519,0.0727148604754163,0.0330744266857667,-0.533378048519416,0.230797032904878,1.1786928206504,-1.37103824444701,0.304704180462619
57.495,-0.231500935367999,-0.201977591917633,0.0119760672191103,-0.146173930087311,-0.495688028705739,0.0816397060839117,-0.00519400538414918,-0.485857100787429,0.213145597957991,1.12231833843499,-1.33192539194875,0.297813069938544
57.5,-0.259320581303528,-0.221572128489475,0.0131684863079144,-0.148327296011054,-0.561195678912778,0.0898031404045782,-0.0386230271449668,-0.434595114841896,0.19324409589078,1.06120841541249,-1.28247109817035,0.288773504314194
57.505,-0.29286269274154,-0.246712920678869,0.014800739388071,-0.15214181752737,-0.626718664285156,0.0972184322387444,-0.0643451195744056,-0.38039218143284,0.171204414509009,0.996543197066302,-1.22244977342112,0.277545686568079
57.51,-0.330270959385214,-0.277376122095214,0.0169045787742643,-0.15642592244786,-0.691556146395635,0.104074046702682,-0.0805996500984974,-0.324256947604212,0.147253769541725,0.92912617907962,-1.15217767564463,0.264189792498853
57.515,-0.370688016743422,-0.312781022702837,0.0194758372056822,-0.160647679392003,-0.75554874481712,0.11064552601593,-0.0865220401306565,-0.267683621279385,0.121896436164997,0.859768017151438,-1.0725356702644,0.248823180036643
57.52,-0.413994235019339,-0.351630647244428,0.02249115592079,-0.164733392126538,-0.818942730733218,0.117194934054332,-0.0817204305871197,-0.212811325234825,0.0960141184930586,0.789698906246449,-0.985043733572255,0.231641322499558
57.525,-0.46009238785734,-0.39236963374264,0.0259091598147157,-0.168671394953501,-0.882234200130773,0.123927767376243,-0.0657118019412404,-0.162404682243883,0.0708816079184472,0.720980174973253,-0.891743810465255,0.212924501569776
57.53,-0.508142905708836,-0.433439402936842,0.0296774820604491,-0.172078826861587,-0.945861561513599,0.130916334387674,-0.0376724348044426,-0.119574600523011,0.048055842156266,0.656552822529403,-0.795013614550184,0.193005313892144
57.535,-0.556256351296625,-0.4732919743966,0.0337163344495049,-0.174086829413468,-1.00994153141411,0.138142911687601,0.00329550318422326,-0.0871750855664407,0.0290914604711914,0.5997796283608,-0.697356013955917,0.172286716737809
57.54,-0.601830488842557,-0.510383469796083,0.037912916858882,-0.173582667739516,-1.07408151226806,0.145473730972795,0.0574705744952068,-0.0671360878699114,0.015220328824052,0.553632250658497,-0.601072285585832,0.151179328314653
57.545,-0.642241559648286,-0.543081173185427,0.0421107398424776,-0.169610086251836,-1.137304205508,0.152741007577395,0.123500475303552,-0.0598061845507025,0.00701154903976456,0.519598035093937,-0.508078743653319,0.130093673005618
57.55,-0.675625204931127,-0.569751446524096,0.0461228242365216,-0.161761170464592,-1.19814368660869,0.159763185810151,0.197592215483442,-0.0635909214698451,0.00415699336650478,0.496802586515782,-0.419811818292211,0.109426526712308
57.555,-0.701410710249992,-0.58901780951518,0.0497618434643379,-0.150397229930482,-1.25491002608348,0.166333060065347,0.273286022523442,-0.0750467906385428,0.00546138340039484,0.481690318612716,-0.33731859962193,0.089551871870059
57.56,-0.720364789174682,-0.599996814855228,0.0528641732143184,-0.136585700967982,-1.30601847793824,0.172299353263286,0.342162260852412,-0.0894750227278471,0.00905468277701352,0.468570781167403,-0.26146237652706,0.0708465473624095
57.565,-0.73423012869547,-0.60264053715537,0.055337831554097,-0.121769901113148,-1.35021298736049,0.177515515407227,0.395479516009425,-0.101939317800323,0.0128126761998788,0.451043788063995,-0.193132633815686,0.0537209369652024
57.57,-0.745284073970496,-0.597804893657024,0.0571687972584443,-0.107515729535753,-1.38685594442036,0.181891217577825,0.426297616148187,-0.108466080407366,0.0149050998273263,0.42390766399005,-0.133362442206371,0.0386017398296273
57.575,-0.755672262224307,-0.587222480087132,0.0584357426706111,-0.0950839818140227,-1.41587663847238,0.185360550099728,0.431447630535987,-0.107011921008453,0.0142812339481596,0.384978277172145,-0.0832329148271028,0.0258965268076742
57.58,-0.766883944426212,-0.573190369861406,0.0592815132659206,-0.0852178971691108,-1.43771926141579,0.187901534089593,0.41254916738751,-0.0978781733871855,0.010929506949981,0.336055909692082,-0.0436064042677443,0.0159018152056692
57.585,-0.779230319270475,-0.558197046963408,0.0598807441037318,-0.0779356348970766,-1.453088357763,0.189510650590887,0.375666922195579,-0.0833990050405949,0.00578396319030218,0.282594493295263,-0.0147515301612591,0.00870657309037691
57.59,-0.791471269804902,-0.544485071606004,0.060392704975896,-0.0724265862113973,-1.46262691178862,0.190234985389573,0.267180027116013,-0.0439932339437383,-0.00859036099733779,0.148495775372416,0.015832718479511,0.00192582988677262
57.595,-0.800819562878823,-0.533785947367762,0.0609342282625616,-0.0671313300332212,-1.46661024092328,0.190117151167556,0.253736812519921,-0.0425210119405784,-0.0068584653087037,0.158356418040444,0.0153100218187975,0.00220228325073852
57.6,-0.803340354698909,-0.527139705344425,0.0615649007502528,-0.0599802922357063,-1.46469773313562,0.18918225287277,0.240600389582432,-0.0413725803296882,-0.00478294776279328,0.166253901005216,0.0147989921591717,0.00239629303007944
57.605,-0.794908568406985,-0.524813495505507,0.0622824190366707,-0.0489316286532911,-1.45596103025047,0.187442630048691,0.227962357042532,-0.0405093341875754,-0.00246080393193909,0.172021922034936,0.0143089645610025,0.00250660965902007
57.61,-0.772402385900662,-0.526403979025103,0.0630501027824231,-0.0325345019415315,-1.43904255808746,0.184863946285389,0.215995009548554,-0.0398701539930563,-6.97536310568585e-06,0.175544879028994,0.01384834013556,0.00253457118546746
57.615,-0.735001223108137,-0.530904725994738,0.0638098030682049,-0.0105708749265357,-1.41264835812175,0.181448146365387,0.204846504500911,-0.0393712637170329,0.00244936914758024,0.176760730636161,0.0134248213892418,0.00248388747364701
57.62,-0.685081253213102,-0.536966019681891,0.0645220370557642,0.0156053508061847,-1.37606038990505,0.177210121218993,0.194636948118628,-0.0389069479317284,0.00476947749846673,0.175661799109399,0.0130456157715699,0.00236035117115946
57.625,-0.628527422016931,-0.542997620511813,0.0651616768621813,0.0429476077540206,-1.32979672087976,0.172293078199114,0.185455592679853,-0.0383516189565726,0.00681043580021116,0.172293225321834,0.0127175274151328,0.00217151049449963
57.63,-0.57398779715592,-0.547402297778845,0.0657262468121405,0.0672071454070218,-1.2759021091274,0.16694739658833,0.177356204436651,-0.0375625737477149,0.00843091358966089,0.166748622717303,0.0124467260916688,0.00192637289861803
57.635,-0.531193361615092,-0.548659199491714,0.0662040891567361,0.0838109906166787,-1.2179349396791,0.161579005693102,0.170353090389386,-0.0363833932277583,0.00949680596661135,0.159163877697076,0.0122383669604301,0.00163512477490998
57.64,-0.50870809086372,-0.545440975480682,0.066536388298333,0.0889285594277311,-1.16057884294897,0.156691629989221,0.164417814022845,-0.0346477887173982,0.00988658760980811,0.149709597754611,0.0120962551440197,0.0013088187014126
57.645,-0.511451822862421,-0.536749360561819,0.066599504205759,0.0806734888935432,-1.10872951248251,0.152797558345206,0.159477353209906,-0.0321845225323228,0.00949642011154193,0.138582634913398,0.0120225579985722,0.000959075287992701
57.65,-0.539075719738768,-0.522011212704004,0.066202861483447,0.059758047143528,-1.06657681086865,0.150330586987153,0.155413950091629,-0.0288240910555653,0.00824523781069475,0.125997140821962,0.0120174795933339,0.00059782750338278
57.655,-0.585640692184871,-0.501167942922897,0.0651328507128411,0.0295377348931741,-1.03674023532905,0.149569732654598,0.152066290925888,-0.0244073544167552,0.00608013047747378,0.112175879737155,0.0120791472085473,0.000236884389205925
57.66,-0.640943196694036,-0.474776321058059,0.0632351696114604,-0.00470852060718063,-1.0197646989673,0.150536897476869,0.149232044442959,-0.0187958461590605,0.00298176457062118,0.0973424542156134,0.012203892810273,-0.000112797516752726
57.665,-0.693191104240337,-0.443872735060964,0.0604550687200458,-0.037167236625518,-1.0142365626399,0.153075572200377,0.146672631410328,-0.0118834429768364,-0.00103089293743678,0.0817148111247223,0.012386725041968,-0.000441930066594487
57.67,-0.732098250637878,-0.409984100750629,0.0568854051491621,-0.0629532295734509,-1.01727021774564,0.156784393274845,0.144121473799685,-0.00360933953213877,-0.0058970874002866,0.0655010337243319,0.0126217255045483,-0.00074359210717952
57.675,-0.751363823935709,-0.374922827734028,0.0527419522853772,-0.0792501275314773,-1.02532399533945,0.161137015031233,0.141293823991975,0.00602849561531502,-0.0115125834785941,0.0488958634980098,0.0129022452675149,-0.00101370108076724
57.68,-0.749754706522228,-0.340610791828239,0.0483238140062,-0.0857070963712393,-1.03497468280975,0.165575673997795,0.13789295487788,0.016961336869133,-0.0177303409403036,0.0320728299345615,0.0132211062016401,-0.00125130557639452
57.685,-0.730684652021537,-0.308918608375754,0.0439668054125751,-0.0841252829277444,-1.04352826429994,0.169578498521735,0.133631341620096,0.0290376096463662,-0.0243636899833252,0.015189826075143,0.0135703440028785,-0.00145846557276361
57.69,-0.700594966111704,-0.281442534909094,0.039982510271962,-0.0776172122036129,-1.04935167175602,0.172766096899248,0.128246367296877,0.0420154121387818,-0.031192015202579,-0.00161156950224924,0.0139413937572509,-0.00164019927077566
57.695,-0.666769563165597,-0.25939344979231,0.0366239760136969,-0.0695140433365431,-1.05184935944504,0.174911672355711,0.121519989000587,0.0555599684869685,-0.0379692480502697,-0.0182029674000601,0.0143253852287829,-0.00180429844083456
57.7,-0.635292106560652,-0.243458909880694,0.0340470328333603,-0.0624168822960246,-1.0512512039453,0.175990465140785,0.113836463779464,0.0691694034786581,-0.0444319338261177,-0.0343051853819802,0.0147328209467955,-0.00196422565883419
57.705,-0.609720955265499,-0.23383802029944,0.03231051587545,-0.0576376240687195,-1.0482982664362,0.176104472087088,0.10628834684335,0.082197720928313,-0.0503161214698433,-0.0494190208131206,0.0151943640747842,-0.00213818244205802
57.71,-0.590612024009612,-0.230273399688817,0.0313811493428039,-0.0550476966893751,-1.04388175093757,0.175453605735556,0.0974634384797087,0.0943121816293011,-0.0553842743785891,-0.0638269669077045,0.0156491335632901,-0.00233068216110024
57.715,-0.575983019838665,-0.232135134500656,0.0311533318310111,-0.0533988971899549,-1.03879426657256,0.174277139102015,0.0874093591463539,0.104930726792993,-0.0594155328114914,-0.0774303801625627,0.0160873080260006,-0.00255552868007724
57.72,-0.562309833666512,-0.238540775233691,0.0314809210908876,-0.0508353308399412,-1.03350722424671,0.172784243555004,0.0762623568615148,0.113465501595037,-0.0622301073318134,-0.0901351975560151,0.0164995699947228,-0.00282615160584118
57.725,-0.545754943183514,-0.248422989689066,0.0321994499501064,-0.0455100389525619,-1.02809059351875,0.171131377135333,0.064241962700642,0.119358180917163,-0.0637012387503478,-0.101851408131016,0.0168772479599196,-0.00315461109204445
57.73,-0.523250928945512,-0.260646939274516,0.0331570485377794,-0.0360843038149276,-1.02219294799038,0.169359468106594,0.0516368077231547,0.122117211463413,-0.0637642235634814,-0.112494743798779,0.0172122926538493,-0.00355059690945773
57.735,-0.493214507584937,-0.274040597491515,0.0342240782815133,-0.0220413158904286,-1.01511547324683,0.16741497709064,0.0387832256734205,0.121355269022169,-0.062421918349727,-0.121990397933928,0.0174970053491745,-0.00402037812788165
57.74,-0.455861607820757,-0.287439988412403,0.0352995887574046,-0.00380006387479943,-1.00597290256269,0.165168529918974,0.0260386272869043,0.116824368931842,-0.0597458647568276,-0.130278049048528,0.0177239182321623,-0.00456575136462188
57.745,-0.413069007600023,-0.299720839566694,0.0363091675351438,0.0174153358203119,-0.993882965616248,0.162481205214112,0.013750945285979,0.108443863312925,-0.0558719447554308,-0.137317701785588,0.0178858484823375,-0.00518322972000009
57.75,-0.367958053554797,-0.309883779548344,0.0372056717519298,0.0398246181429928,-0.978222691514038,0.15924584538075,0.00222697054737361,0.0963180109609885,-0.0509908244385464,-0.143095920674197,0.0179758112237881,-0.00586367073540081
57.755,-0.324190466899844,-0.317167387426405,0.0379731664143637,0.0615124364495541,-0.958792957669,0.15542262342554,-0.013252582123686,0.0812417219255698,-0.0453583314509465,-0.149516183763645,0.0178458778847056,-0.00656986591520201
57.76,-0.285235927960909,-0.321109961222052,0.0386219809968759,0.0808187508823441,-0.93594166096759,0.151082930876319,-0.0276501558710543,0.0632330711905948,-0.039217042749501,-0.154849616658708,0.017634462927267,-0.0073038165975179
57.765,-0.253777672369493,-0.321596024195219,0.039184421772239,0.0966231330568938,-0.910571160302907,0.146402917022742,-0.0402455818537331,0.0429154500374042,-0.0328344150591558,-0.158910394112077,0.0173516129176433,-0.0080426818823627
57.77,-0.231325972442596,-0.318871701709915,0.0397116913563216,0.108511566217461,-0.883962531514152,0.141621296361613,-0.0509819926447352,0.021099704551434,-0.0264675334092035,-0.161759209002078,0.0169901841290849,-0.0087577817006167
57.775,-0.218182408775544,-0.313505165551331,0.0402673874215587,0.116718791504916,-0.857537745920831,0.136979290470342,-0.0599239551802598,-0.00131103349126734,-0.0203448858991395,-0.163503019285394,0.0165413002009337,-0.00941866542833804
57.78,-0.213682516785682,-0.306268310120067,0.040915391330519,0.121907818824388,-0.832610900528843,0.132686036445303,-0.0672718082531608,-0.0233654606353112,-0.0146538595706018,-0.164320557695364,0.0159988300642396,-0.00999597380808489
57.785,-0.21657006508722,-0.298076146211562,0.0417252561634483,0.124931649155697,-0.810146669890153,0.128834629477849,-0.0732607055734218,-0.0441206638509604,-0.00953199279538198,-0.164381207831218,0.0153539004858425,-0.0104606252781779
57.79,-0.225345917862389,-0.28981370155827,0.0427591019802748,0.126616562656741,-0.790678041828055,0.125452867682654,-0.078110378246055,-0.0626960909857547,-0.0050624112133004,-0.163822636031543,0.0145914654636586,-0.0107837615021097
57.795,-0.23848411943407,-0.282348336656273,0.0440876215736513,0.127697178121604,-0.774300777465345,0.122461028268067,-0.0821103959708257,-0.0783134761437331,-0.0012737972391003,-0.162846983961493,0.0137056739701238,-0.0109432824059903
57.8,-0.254478386869621,-0.276438255804797,0.0457773338294849,0.128830378165527,-0.760839265311717,0.11978160583854,-0.0855245413140572,-0.0903461113318944,0.00185519716814456,-0.161645666749857,0.0126940284374366,-0.010923152004297
57.805,-0.271799250226636,-0.27283484587861,0.0479084657181721,0.130705189307253,-0.750013027304179,0.117311773862288,-0.0885654987367633,-0.098353626844536,0.00438771111147054,-0.160386131032085,0.0115585200393426,-0.0107144960213703
57.81,-0.288820279695977,-0.272245094747952,0.0505632426813503,0.134129686278025,-0.741627928824093,0.114997763480998,-0.0913789558281017,-0.102105101258383,0.00641771678480237,-0.159201359979088,0.0103067845622814,-0.01031613252358
57.815,-0.303815740108566,-0.27531445154683,0.0538216924417288,0.140068124154137,-0.735671823581299,0.11283077756396,-0.0895270335413315,-0.102333506739806,0.0080826111709582,-0.156336512621999,0.0090790592785319,-0.00976022691597487
57.82,-0.315098022972244,-0.282536794996299,0.0577477701187051,0.149548702575971,-0.732340530873372,0.11082936204418,-0.0875967305505019,-0.0987053775904414,0.00948899464934479,-0.153684880227777,0.00776437964581155,-0.00903740752039653
57.825,-0.321240693897506,-0.294114565698202,0.0623664667671602,0.16348676606907,-0.731979962798334,0.109031035430521,-0.0873559137234608,-0.0912748716511723,0.0107355247968727,-0.152014154100295,0.00633893706411924,-0.00815879741390016
57.83,-0.321300764403726,-0.309866115569784,0.06765040309653,0.182517206637217,-0.734924003357408,0.107480110591004,-0.0884525074454451,-0.0805625887255952,0.0119157048130747,-0.151203575025003,0.00484187334410905,-0.00715285187668461
57.835,-0.315065983839928,-0.329228945455721,0.0735186445399888,0.206800713044181,-0.74142018867684,0.106214002045185,-0.0905031587757707,-0.067228377730521,0.0131028235745928,-0.151089578634006,0.00331560048656244,-0.00605281178218391
57.84,-0.303081121314483,-0.351436029948594,0.0798707873342263,0.236027489017939,-0.751524787788993,0.105233234952108,-0.0931281839805042,-0.0520323461780373,0.0143458752927496,-0.151480683730119,0.00180401618413738,-0.00489521412613062
57.845,-0.286552360165338,-0.375712510822172,0.0866169342849379,0.269476356708442,-0.76515975958397,0.104524538946695,-0.0959802487318957,-0.0357934953653176,0.0156681956637815,-0.15217218071168,0.000350588880387279,-0.00371839265187538
57.85,-0.267004544374375,-0.401517158513978,0.0937240167917061,0.306284967565511,-0.782102066670092,0.104065085899577,-0.0987653504926598,-0.0193492719213528,0.0170687832367569,-0.152959103782812,-0.00100321653455976,-0.00256106174534154
57.855,-0.246086370103269,-0.428641755933309,0.101231606305227,0.345555475284767,-0.802132311933072,0.103826513964559,-0.101256613127911,-0.00351504286029345,0.0185257223298571,-0.153647147745923,-0.00221893170462539,-0.00146091388247123
57.86,-0.225404494076113,-0.457113274101924,0.10923306307231,0.386439468098817,-0.825081650354905,0.103805805236355,-0.103300014005616,0.0109569282011438,0.0200008097727743,-0.154061745043486,-0.00326186668228846,-0.00045315960889514
57.865,-0.206516232695897,-0.486976030709405,0.11783585821994,0.428096616867984,-0.850818615601225,0.104020254257819,-0.104810696676422,0.0234147876645488,0.0214447774374838,-0.154054831187842,-0.00410199709552613,0.000430862763254127
57.87,-0.191041939043087,-0.518013030820577,0.127100020424049,0.469530022994666,-0.879252725765906,0.104500250666683,-0.105774611506991,0.0333391652239877,0.0228027076313948,-0.153514579098813,-0.00471517774736179,0.00116488824489789
57.875,-0.180564054667032,-0.549571247764645,0.136990894921469,0.509605225662296,-0.910215057513181,0.105295840425793,-0.106324009703383,0.0403885288424299,0.024018821166522,-0.152406035467482,-0.00508624144516291,0.00172903480981137
57.88,-0.176467189274523,-0.58060314471122,0.147360819368661,0.547105688081015,-0.943487021926378,0.106455837654709,-0.106190019738731,0.0442527406990051,0.0250441160127979,-0.150539591034548,-0.00519545497948596,0.00210730973619459
57.885,-0.179476062085879,-0.609953359383465,0.157992789838896,0.581128603995193,-0.978700735061007,0.107996320299554,-0.105474723279038,0.0448729239492418,0.0258362130081705,-0.14791481081716,-0.00503923554071303,0.00229223178813557
57.89,-0.189716409598451,-0.636544559277261,0.168638982736733,0.611191579508103,-1.01548194668971,0.109924637198823,-0.1042379124832,0.0423305725911757,0.0263639952413051,-0.144541111190636,-0.00461931328681664,0.00228287288059396
57.895,-0.204874572362292,-0.660145486111734,0.179110528195531,0.638168250049687,-1.05340215661337,0.112195149425328,-0.102488558839939,0.0368344511579775,0.0266090480038027,-0.140433971967099,-0.00394232098955581,0.00208472646385902
57.9,-0.221983550985601,-0.680927948860836,0.189281990739625,0.663619062127213,-1.09212088624055,0.114750792128771,-0.100180938588685,0.0287030246946468,0.0265657342410893,-0.135611915493006,-0.00301932764633233,0.00170922836478896
57.905,-0.2374400048684,-0.699437282970705,0.199088114210436,0.689652002449888,-1.13138091944766,0.117528781828703,-0.0972162268313837,0.0183438058035227,0.0262401108743494,-0.130094639011572,-0.0018654084492117,0.00117303198914253
57.91,-0.24778012269562,-0.716288094320091,0.208488745442635,0.718405231046032,-1.17099392507959,0.120471902382107,-0.0934500354543079,0.00623070999479974,0.0256479872758108,-0.123902566257745,-0.000499378426340876,0.000497108774958203
57.915,-0.250422186900557,-0.731893995956866,0.217432096978222,0.751538264829565,-1.21082432322987,0.123550697188164,-0.0887050792344558,-0.00712012326136537,0.0248125168346374,-0.117057551145255,0.00105642583135166,-0.00029432427864515
57.92,-0.244115133636351,-0.746450324110473,0.225871248006756,0.789949083935718,-1.25074642731083,0.126717889422907,-0.0827872153435079,-0.0211749650549592,0.0237616410091644,-0.109584244874199,0.00277654271084361,-0.0011749632191759
57.925,-0.229002605499388,-0.759995701035955,0.233777940801664,0.833716431597697,-1.29069355489446,0.129960926351746,-0.0755029655464759,-0.0354058799054437,0.0225255967109681,-0.10151186557367,0.00463300651569022,-0.00211753339694143
57.93,-0.206264588079739,-0.772753577736606,0.241234217324698,0.88237988928368,-1.33057920850712,0.133214886849327,-0.0666772072852454,-0.0493117503672609,0.0211347239287477,-0.0928763539297762,0.00659602092059997,-0.00309480915971826
57.935,-0.177644510105963,-0.785262857046681,0.248455823727132,0.935213407935122,-1.37031697655108,0.136407724567915,-0.0561699038383486,-0.0624369896324199,0.0196178381262249,-0.0837227808378738,0.00863448321829183,-0.00408056070278055
57.94,-0.145098617555982,-0.798400910583455,0.25579118062103,0.991389089435143,-1.40982682622143,0.139425687321982,-0.0438901686796044,-0.0743879723626453,0.0180012647574405,-0.0741075427758718,0.0107163722595634,-0.00505043185334711
57.945,-0.110586081921503,-0.813105758666622,0.263643989491758,1.05003591059653,-1.44896742145159,0.142159493684436,-0.0298483370171895,-0.0848341896483374,0.0163082506455619,-0.0641184510272014,0.0128079823465859,-0.00598242887246098
57.95,-0.076196844639036,-0.82995817833187,0.272350980363747,1.11004139157106,-1.4875542554953,0.144534401273925,-0.0141767145277544,-0.093515521874928,0.0145591161877879,-0.0538809748184449,0.0148739696241251,-0.00685739961375006
57.955,-0.0442657811929774,-0.848891025323999,0.282093572621456,1.16992693065052,-1.52528258403234,0.146475817568379,0.0031003134259382,-0.100312529892661,0.0127730578367125,-0.043456405552865,0.0168842132889691,-0.00766075416859315
57.96,-0.0174138631596771,-0.868965693829619,0.292800472210737,1.22773147385002,-1.56182930784752,0.147995025016939,0.0218292941983723,-0.10517684016826,0.0109679682691888,-0.0329465236141551,0.0188078967999063,-0.00838113724320631
57.965,0.00183361625892753,-0.888659590231991,0.304194557525545,1.2813132140876,-1.59679199378622,0.149106248001895,0.0418062608383547,-0.108148757811335,0.00916187360198583,-0.0224593336283373,0.0206161659904269,-0.00901079251216335
57.97,0.0116010005844559,-0.906257273130866,0.315857465630375,1.32875639006546,-1.62978589104647,0.14985397466147,0.0627866444333956,-0.109348999554586,0.00737379006562376,-0.012105998733819,0.0222827388005254,-0.00954532323448411
57.975,0.0112261784158975,-0.920384926466715,0.327351334682009,1.36884966498045,-1.66054849542676,0.150271556374028,0.084497299079008,-0.108966605452672,0.00562430936775532,-0.00199762030092135,0.0237842971261416,-0.00998334588322768
57.98,0.00171273885101494,-0.930390432367545,0.33832753817476,1.401543371297,-1.68892072478511,0.150380929671376,0.106649077939223,-0.107244007164119,0.00393585566925381,0.00775798208796686,0.0251008880510954,-0.0103260850041851
57.985,-0.0143995972385935,-0.936412990558164,0.348565778405223,1.42794569819666,-1.71492936522997,0.150203919407575,0.128949357573073,-0.104460233808143,0.00233248894277451,0.0170596900362354,0.0262165907860415,-0.0105768781590039
57.99,-0.0334760053818441,-0.93918566272957,0.357958163858554,1.45007445867137,-1.73870226640485,0.149776006917463,0.151113848539966,-0.100913193645819,0.000839241161297873,0.0258163500075587,0.0271201307005826,-0.0107405263177844
57.995,-0.0515698567212697,-0.939657223624686,0.366447290611542,1.47031927310387,-1.76036527153298,0.149143483472187,0.172875689121458,-0.0969022223804491,-0.000518789503487355,0.0339491201222305,0.0278049622019675,-0.0108226035942026
58,-0.0656956130992515,-0.938448593671094,0.373938626778427,1.49059764519928,-1.78000413296159,0.148382036218131,0.193990420258426,-0.0927123700862072,-0.00171732206906512,0.0413927175076273,0.0282688480866053,-0.0108289825173716
58.005,-0.0739731100096238,-0.93572863235148,0.380267456159851,1.51203640598212,-1.79750380632721,0.147602873381798,0.214237819828667,-0.0886015762509103,-0.00273376544435478,0.0480958831226036,0.0285133326869608,-0.0107656569372652
58.01,-0.0761432569149825,-0.93120437193947,0.385233965252318,1.53464127004284,-1.81259024969717,0.146872932933831,0.133930514172249,-0.0580147505517637,-0.00926337290179367,-0.00705797114458223,-0.0234337534641633,0.01382006533806
58.015,-0.0732635622822471,-0.924338251558089,0.388673575596694,1.55752709992593,-1.82478871395273,0.146206070211751,0.112491076937651,-0.0608913454430143,-0.0116970520433207,-0.0226432628299663,-0.0498622777207542,0.0256514836882956
58.02,-0.06714271738386,-0.914626272423907,0.390515111983757,1.57931769837306,-1.83354389109905,0.145582704992894,0.0814510013231037,-0.0699446125059197,-0.0137891040197524,-0.0414810792307115,-0.0811451626392124,0.0392594676512118
58.025,-0.0596214820751857,-0.901935063556256,0.3908561278533,1.59868739468092,-1.83825337315125,0.144881082997087,0.040308681211482,-0.0841628247625315,-0.0154123560302669,-0.0635565565214942,-0.116234900579131,0.0540817377782189
58.03,-0.0520312532477883,-0.886496319131051,0.3899110733996,1.61469628538507,-1.83833367218442,0.143983950153197,-0.010488727020787,-0.101685830305951,-0.0165243160622583,-0.0886367125184628,-0.153900296688632,0.0695133741822771
58.035,-0.045094106604277,-0.868849069428089,0.387975323219389,1.62680150289594,-1.83320117660714,0.142717621509704,-0.0688191330818202,-0.120395582438624,-0.017136329245142,-0.1158101518139,-0.192873795172185,0.0849932951162298
58.04,-0.039163876455807,-0.849482694001886,0.385293212053744,1.63455859260447,-1.82227054623381,0.14094500944547,-0.130410629163131,-0.138587280290471,-0.017250485790101,-0.143101158712147,-0.231958637407157,0.100055504676768
58.045,-0.0346012267873561,-0.82854422943575,0.381963023613246,1.63725618918567,-1.80492047347863,0.138592224082982,-0.189108498520171,-0.155401469419804,-0.0168151109593769,-0.167490210098245,-0.270109302105326,0.114372028530821
58.05,-0.0320729241504396,-0.805712668028782,0.377897643264652,1.63364881606792,-1.78054175743102,0.135628106029056,-0.238139492998364,-0.17082512549139,-0.0157277808865567,-0.185526388289003,-0.306503057776556,0.127761860905543
58.055,-0.0323938428479559,-0.780253894644396,0.372827064590247,1.62212564157787,-1.74851298234589,0.132094145324118,-0.272038036655894,-0.185246611176506,-0.0138963125672135,-0.194355375301012,-0.340609589956809,0.140198556198843
58.06,-0.0362783100758333,-0.751271311631802,0.366363422451564,1.6009880756656,-1.70834012863447,0.12807931798399,-0.288370673706718,-0.198882830712885,-0.0113166204464212,-0.192675124638906,-0.372274871583428,0.151792090142378
58.065,-0.0439255421157575,-0.718023373179719,0.358091412736485,1.56892325759912,-1.65972900259114,0.12372053166836,-0.289302348202598,-0.211298804637677,-0.00812861353947779,-0.18148002417093,-0.401793789233144,0.16278478011068
58.07,-0.0547811293466812,-0.68024913140785,0.347693030533158,1.52538177015642,-1.60264659295297,0.119133239921683,-0.280522212709813,-0.221607872012895,-0.00460372648819845,-0.163524793447926,-0.429947304574906,0.173547574214436
58.075,-0.0675449455570282,-0.638248420855431,0.334993993798564,1.47073558622504,-1.53740606000702,0.114459290808035,-0.269855076651732,-0.228967670955458,-0.00106303840468589,-0.142485889543189,-0.458000685378814,0.184521921146169
58.08,-0.0804519048762609,-0.592926343101021,0.32004212210789,1.40622443051679,-1.46468075225475,0.109774567854613,-0.264887831163792,-0.233138659224084,0.0022295998610297,-0.121680235484011,-0.48753048763386,0.196174122391807
58.085,-0.0915934831673295,-0.545587920714985,0.303074648305749,1.33377592015327,-1.38547753093873,0.105140080989855,-0.270761464674479,-0.234768165448783,0.00516119102325895,-0.10300185776001,-0.520113101962582,0.208890900510537
58.09,-0.099187878864602,-0.497720991689083,0.284472594695228,1.25579668897616,-1.30102686676471,0.100607290457281,-0.288866250268267,-0.235199519620165,0.00779806123584294,-0.0864486976956105,-0.556879945865338,0.222865041387471
58.095,-0.101821855359634,-0.450831185569492,0.264728074264123,1.17490398488446,-1.21270409640785,0.0961567111622911,-0.31693822509046,-0.235914798227057,0.0103271961781726,-0.0704493703591841,-0.598113107545357,0.238013913006226
58.1,-0.0984306396591448,-0.406232446896582,0.244343206169546,1.09378596827659,-1.12187008521895,0.0917725379026543,-0.350450213509948,-0.237995896011327,0.012956761467546,-0.0527997885851917,-0.643014140143766,0.253905774819104
58.105,-0.0883447579711372,-0.365002190271296,0.223811520286211,1.01497765704897,-1.02978585395609,0.0873784109896005,-0.384667666708135,-0.241768812551666,0.0158026129228518,-0.0317988019453177,-0.689796360591758,0.269867821466828
58.11,-0.0713160996219152,-0.327900458049512,0.20356328371931,0.940636331189121,-0.937597011663195,0.0828815280437807,-0.416487950916169,-0.24700181158125,0.0188695238879577,-0.00707064715472165,-0.73605315420357,0.285062120124779
58.115,-0.0475219158229395,-0.295372822529905,0.18395178763784,0.872387281184724,-0.846340659230982,0.0781850144227859,-0.445291985717807,-0.253315797075151,0.022083673290307,0.0202370695745612,-0.779335218942515,0.298718651848674
58.12,-0.017547690624744,-0.267555455628252,0.165231687265749,0.811251586014707,-0.757033458698973,0.0732379203168385,-0.472527142277488,-0.260747435950581,0.0253934717467745,0.0479651423677797,-0.817665013566274,0.3102641613659
58.125,0.0175561505069145,-0.244275501310324,0.147557517493184,0.757698935157551,-0.670744575240496,0.0680589019032479,-0.500371899285636,-0.269978104344853,0.0288356822148257,0.0738476482108493,-0.849898315815679,0.31947189959618
58.13,0.0564272303365515,-0.225104438657328,0.130984599329668,0.711841682546538,-0.588584155199309,0.0627480160536681,-0.530164271289332,-0.2822868436597,0.0325727365171321,0.0964399716560311,-0.875783853898401,0.3263995871219
58.135,0.097524964184699,-0.20939755805823,0.115465731793064,0.673572741346005,-0.511628024928605,0.0574863019009239,-0.561342515466524,-0.299010741008727,0.0368234207330514,0.115625093064232,-0.895863948743415,0.331389645232031
58.14,0.139224113428031,-0.196357077247487,0.100872753011296,0.642541046253366,-0.440739656401917,0.0524875445247105,-0.591262344352113,-0.321020148861132,0.0417833950486971,0.132627834097907,-0.911146162152857,0.334894357445083
58.145,0.179788858540699,-0.185097287219327,0.0870395549180719,0.617875380176529,-0.376379874595498,0.0479287274747827,-0.616049427981835,-0.348238113303519,0.0475208228926905,0.149421694229421,-0.922828327957118,0.337369993927365
58.15,0.217280528259332,-0.174705753194186,0.0738163012980971,0.597780823910937,-0.31846665500946,0.0438950163015506,-0.6319757747608,-0.379491505524619,0.0539199925716771,0.167928516958372,-0.931993174767231,0.339177003127117
58.155,0.249487375524153,-0.164337976425953,0.0611457689714835,0.579254246992244,-0.266371442732902,0.0403177419642115,-0.636844606746989,-0.412727716119716,0.0606877974462447,0.189255156676217,-0.939421637147162,0.340519906605182
58.16,0.274011042765447,-0.153304491633975,0.0491073811416337,0.558188780073928,-0.219114455183064,0.0369878240522937,-0.63082203344013,-0.445470537186574,0.0674084869539314,0.213240936477617,-0.945569041801317,0.341467959808243
58.165,0.288634103908263,-0.141202167449717,0.0379424490409025,0.530111615559692,-0.175664446797106,0.0335938960291383,-0.616243651864479,-0.475411073236618,0.0736527510039424,0.238629415434412,-0.950494853413484,0.341966748049643
58.17,0.291857708649343,-0.128022130770329,0.0280261563244954,0.491400076962673,-0.135323539976238,0.0298080661797467,-0.596802799242695,-0.500830672362558,0.0790613424982199,0.263478461967287,-0.9540164489034,0.341908790689593
58.175,0.283492073762308,-0.114188990144881,0.0197791823614569,0.440672493121103,-0.0980054994354106,0.0254016673553615,-0.576219590565881,-0.520795940726472,0.0834100630917536,0.28590083221766,-0.955736209769366,0.341189147137951
58.18,0.265015272929444,-0.100486412397806,0.0135412348149666,0.379765900343319,-0.0643008903669565,0.0203474908443734,-0.557229681720637,-0.535090100102739,0.0866141945966638,0.304542426264521,-0.955242029766,0.339740932330917
58.185,0.239489068863163,-0.0878595445046228,0.00944233693967555,0.313779928502612,-0.0352777804530183,0.014869503035689,-0.540933536186512,-0.543955288556004,0.0887023205205688,0.318946956219069,-0.952143259630028,0.337550206227898
58.19,0.210996910119738,-0.0771526410059693,0.00732035754365999,0.249987665355545,-0.0120491399074512,0.00940186463923464,-0.526985097739949,-0.547748407169867,0.0897485252974219,0.329421700717415,-0.946240442132101,0.334663598260768
58.195,0.161982054834503,-0.0667037848938146,0.00968857437236428,0.131375666113931,0.0195510981001446,-0.00206390280010244,-0.514258255462872,-0.546655018481801,0.0898113671578331,0.336714508000618,-0.937580504207345,0.331192371256934
58.2,0.155155914824185,-0.0644519386180496,0.00939308861913833,0.139597864428515,0.0192656566977784,-0.0022050427465001,-0.501810289839484,-0.540610037303121,0.0889022148177651,0.341522238448737,-0.926524415423358,0.327274344411449
58.205,0.148976916054621,-0.0618156929928846,0.0086459901957302,0.145897960833978,0.0189018164779267,-0.00234238343435371,-0.489576170803253,-0.529374633680223,0.086988427362156,0.344155131656638,-0.913708589051088,0.323073834907045
58.21,0.143472477301037,-0.0587727079089559,0.00743066856916665,0.150199276376125,0.0184628564919611,-0.00246896318336146,-0.478599476423624,-0.512780384546708,0.084032071367403,0.344387798223814,-0.899987583694685,0.318752108530881
58.215,0.138664856185038,-0.0553013657089446,0.0057410159964204,0.15247208496806,0.0179557020630189,-0.00257827249731167,-0.470631573540402,-0.490981153814084,0.0800432463065187,0.341617384496922,-0.886276020645771,0.314459868857703
58.22,0.13456941745288,-0.0513818096472349,0.00358242024440978,0.152731503762444,0.0173903486748032,-0.00266422565597571,-0.467389343375743,-0.464675382421725,0.0751350877266678,0.335170687663814,-0.873369848022606,0.310286062322415
58.225,0.131192292694764,-0.0469977687850147,0.000972725253143545,0.151033778335409,0.0167790391789763,-0.00272110181389507,-0.469783874712245,-0.435116282677322,0.0695379499314825,0.324635517166972,-0.861789714756566,0.30627020681731
58.23,0.128527828176126,-0.042138977631251,-0.00205691531794189,0.147471613462301,0.0161356693099091,-0.00274367453092479,-0.477429742120529,-0.403995789314999,0.0635863914192614,0.310103883346871,-0.851668129811676,0.302388674355396
58.235,0.126556164675415,-0.03680361272428,-0.00546137245415173,0.142168870705404,0.0154755166348522,-0.00272761443760477,-0.488598861159247,-0.373217366701241,0.0576746226310363,0.292238956132291,-0.842747243355061,0.29854209950271
58.24,0.125240925741797,-0.0310004867019874,-0.00918133954066025,0.135274620564244,0.014814926370696,-0.00266994076768782,-0.500556814170394,-0.344582303190343,0.0521857658545115,0.27218324665004,-0.834489922064791,0.294592718446977
58.245,0.124526799226993,-0.0247507495304244,-0.0131440135055192,0.126956638582814,0.0141706044391036,-0.00256924171643835,-0.510105115043628,-0.319509096624309,0.0474257496891468,0.251380407599713,-0.826252063455385,0.290414470473549
58.25,0.12433701417624,-0.0180888739263113,-0.0172646409764961,0.117394719801284,0.0135586255283859,-0.00242568642937479,-0.514118333155707,-0.298877146411951,0.0435879348281296,0.231401088038713,-0.817429968927784,0.285918207814839
58.255,0.124571150015928,-0.0110634971752579,-0.0214484673639092,0.106774133814815,0.0129934448041239,-0.00224101509852587,-0.510093056584036,-0.282974942875276,0.0407383822395305,0.213669938640168,-0.807667331232078,0.281062493728199
58.26,0.125104274927884,-0.00373845802767216,-0.0255931886887701,0.0952794933136676,0.0124870524422016,-0.00201853778961883,-0.496380283063073,-0.271501081731663,0.0388249249955884,0.199385387068161,-0.796816717113959,0.275886162747603
58.265,0.12565604037966,0.00384358261894615,-0.0295937598503796,0.0830657168277461,0.012041861307349,-0.00176162555459247,-0.472512232842819,-0.263690603025518,0.0377032893968799,0.18925639099544,-0.784994784986497,0.270464770664514
58.27,0.126085366889819,0.0115821284794699,-0.0333450618608979,0.0703001672016161,0.0116649740779041,-0.00147662786600929,-0.439286868671514,-0.258441175118471,0.0371657110580416,0.18339679369591,-0.772467210464511,0.264914425712976
58.275,0.126246731323476,0.0193649810833314,-0.0367482441507234,0.0571402360342497,0.0113602773217309,-0.00117091193641561,-0.398740217568385,-0.254564779963008,0.0369925717246153,0.181277101152517,-0.759519373312593,0.25931316926351
58.28,0.12594865052876,0.0270838311340755,-0.0397153148234139,0.0437205754076942,0.0111261765360838,-0.00085224673154217,-0.353947409302735,-0.250933621962115,0.0369736751208947,0.181746480487444,-0.746416851150623,0.253718332915938
58.285,0.125000439126423,0.0346288974564868,-0.0421739985723136,0.0301576794110611,0.0109577150275231,-0.00052897771925652,-0.308508850751079,-0.246644804293031,0.0369398353315879,0.183295269115493,-0.73330989172051,0.248140386491162
58.29,0.123221299843489,0.0418981656257694,-0.0440737464286423,0.0165494636223535,0.0108471040228304,-0.0002094299083766,-0.265903269178778,-0.241057292676157,0.0367686588941126,0.184393667403841,-0.720231285145036,0.242578820858567
58.295,0.12045142469782,0.0488065342052227,-0.0453900958846857,0.00297809184543491,0.0107844636254174,9.8861515844578e-05,-0.22887738986077,-0.233831787195867,0.0363925442869934,0.183819740370714,-0.70716862268483,0.237013589928594
58.3,0.116555896551911,0.0552929505239335,-0.0461256036700832,-0.0104915631402503,0.0107586112054538,0.000389594775189485,-0.198903065885762,-0.224883203747013,0.0357896078852666,0.180987250238553,-0.694112874992456,0.231467918371299
58.305,0.111422796325018,0.0613244474948577,-0.0463077194441045,-0.0238163477259505,0.0107578372800039,0.000657705277536196,-0.175965690143893,-0.214430175291862,0.0349906167114247,0.176097464015566,-0.681118391468049,0.225982998723856
58.31,0.104973832837712,0.066894105658917,-0.0459846741782404,-0.036964500475112,0.0107701610556777,0.000899396500901428,-0.158705359511244,-0.202990405570835,0.0340728823864506,0.1700941689975,-0.668343528674036,0.220624413447138
58.315,0.0971609688930699,0.0720198798519877,-0.0452203384191289,-0.0499172932779707,0.0107838310889409,0.00111193279669608,-0.144931067191848,-0.191339179192395,0.0331481007659162,0.16439269343742,-0.656074455547013,0.215473798710029
58.32,0.0880638810218331,0.0767171389903253,-0.0440878746403669,-0.06263703665577,0.0107915170456614,0.00129282558867539,-0.132279973047363,-0.180426018632116,0.0323502139898161,0.160550991096352,-0.644621255828196,0.210602999657893
58.325,0.0800001031227604,0.0804961141459101,-0.0426453740328582,-0.0743899683579504,0.0108680811946153,0.00142333217208432,-0.119039922547658,-0.171189797495405,0.0318039260902146,0.159761974556226,-0.63431715179235,0.206070970019527
58.33,0.0707761729229937,0.0839441867180808,-0.0409852568999428,-0.0858131061747681,0.0109174378047718,0.00152274008789718,-0.104684530539029,-0.164380509226346,0.0316026452688917,0.162534814570027,-0.625397867005664,0.201910110804832
58.335,0.060376100437294,0.0871185509573687,-0.0391716131040581,-0.0969366472725122,0.0109301057355413,0.00159195696210468,-0.0901198552234928,-0.16038782952414,0.0317859947105734,0.16849479152507,-0.617962680374657,0.198139388986236
58.34,0.0487899227600625,0.0900548729816176,-0.0372534575762008,-0.107798967485444,0.0108979970163941,0.00163134558447828,-0.0775267335552998,-0.159212060843909,0.0323425667358837,0.176417820284686,-0.611970909535268,0.194735296594483
58.345,0.0360110911710498,0.0927589377499956,-0.0352626883203385,-0.118443983662148,0.0108140322949148,0.00164037988378688,-0.0697249155427611,-0.160506406917876,0.0332213700956958,0.184580615292631,-0.607224025082568,0.191656814668542
58.35,0.0220368495626173,0.0952026574633224,-0.0332148836647821,-0.128917814279507,0.0106718834697777,0.00161764583998379,-0.0693905824849455,-0.163727436034016,0.0343514636218885,0.191174716711315,-0.603494321052194,0.188852223643181
58.355,0.0068719191536656,0.0973237635055131,-0.0311120536785779,-0.139264650363432,0.0104661291534606,0.00156097557568472,-0.0780682494141576,-0.168358456067208,0.0356736661904946,0.194936059293633,-0.600530822373191,0.186265741984791
58.36,-0.00946612416844016,0.0990288139238716,-0.0289465421162365,-0.149522513559032,0.010192578628916,0.00146756294328248,-0.0955118034763802,-0.174058701347751,0.0371503053936843,0.195547326828861,-0.598207833335994,0.183886554935497
58.365,-0.0269405986308711,0.100200207755609,-0.02670592095215,-0.15971934832183,0.00984846106320193,0.00133416238169668,-0.119355348316135,-0.180828202108125,0.0387897938102203,0.19392954207584,-0.596530732846278,0.181739387843162
58.37,-0.0454886095966869,0.10070690674265,-0.0243783601643959,-0.169869440671886,0.00943252767241766,0.001157426686161,-0.145383439322801,-0.188986219862829,0.0406430579239576,0.192157956743147,-0.595675950756333,0.179928927058397
58.375,-0.0699610906414763,0.101521203240288,-0.0219891546964139,-0.181897405723614,0.0087967664848072,0.000962986875840993,-0.168349133907768,-0.199090270099078,0.042802992245125,0.193052547713013,-0.595982001458528,0.17860866627513
58.38,-0.0950876334285973,0.101400135706557,-0.0195080913534878,-0.193846520164704,0.00810394917782825,0.000716311332803264,-0.183087250229978,-0.211713993944555,0.0453843539286155,0.19958027254695,-0.597853347853686,0.177958713804585
58.385,-0.120180703516493,0.100146723499615,-0.0169466307218351,-0.205444799695562,0.00737224560284674,0.000413383046453436,-0.185801794071442,-0.227154987040844,0.048482441357831,0.214074064683391,-0.601722583384284,0.178143722383971
58.39,-0.144888234281956,0.0976878214774152,-0.0143312088907391,-0.216546049160162,0.00661045002369748,5.38678957519969e-05,-0.174997206299327,-0.245162867890054,0.0521214905575034,0.237636137958278,-0.607939431916879,0.179295064392403
58.395,-0.168827015867339,0.0940023009148312,-0.0116998327800064,-0.226992545575053,0.00582959872936537,-0.000360750251798354,-0.151919956726512,-0.264883658429858,0.0562328812236743,0.269798199842251,-0.616675911185916,0.18144014101293
58.4,-0.191617411451178,0.0891321272319882,-0.00909924636612701,-0.236646882183986,0.00504633652498957,-0.000827986599012981,-0.120281743986277,-0.284967203947699,0.060646757374599,0.308596886562806,-0.627914598551433,0.184519624389803
58.405,-0.212832646952642,0.0831693176759175,-0.00658066425371181,-0.24533651062035,0.00427793606093873,-0.00134225569503559,-0.0852844267406362,-0.303971140924729,0.065152282509662,0.351124570108244,-0.641414980162761,0.188369939078571
58.41,-0.231984476926191,0.0762450925511409,-0.00419511000936719,-0.25283982406219,0.00353683370281573,-0.00189345194216996,-0.0523960628617168,-0.320779133177341,0.069564719099306,0.394210976876387,-0.656869656844804,0.192778238118634
58.415,-0.248656705401518,0.0685448959411456,-0.00198870497685029,-0.25900487301773,0.0028435500076931,-0.00247163993073767,-0.0260032030289082,-0.334970604804549,0.073812248842525,0.435284263333061,-0.673937365785988,0.197514712694142
58.42,-0.262457264013117,0.0602815002678274,1.32228010449474e-06,-0.263693447875913,0.00222018583133532,-0.00306514001934662,-0.00858206139944134,-0.346863957780142,0.0779586467669547,0.472872194965114,-0.692420561049199,0.202409827913147
58.425,-0.273033339968876,0.0516772207314454,0.0017496703024365,-0.266785614690733,0.00168970235208989,-0.00366101296677322,-0.000372565027167825,-0.35730238381668,0.0821798110502208,0.506838656803294,-0.712302885168179,0.207398422223888
58.43,-0.280086266850074,0.04294496580006,0.00324469997591558,-0.268183612955965,0.00127504445925208,-0.00424575254246359,0.000275346620600627,-0.367246291558815,0.0866853743668222,0.538175456399662,-0.733770767779232,0.212540692535629
58.435,-0.282272690558304,0.0339909268218307,0.0044896334053869,-0.267352306908731,0.00103242984209356,-0.00481206646351168,-0.00426958459869996,-0.37726853635035,0.0916146602383635,0.568367410061631,-0.757164738165332,0.218033673960806
58.44,-0.278556903894161,0.0247131829362779,0.00549939422957391,-0.263890761335673,0.00100746993188022,-0.00535197804619263,-0.0112791850768796,-0.387488189599397,0.0969865814273049,0.598970371304988,-0.782881144151791,0.224122659948951
58.445,-0.272612111723928,0.016164116510738,0.00629520252260846,-0.259354853469438,0.00110165323192196,-0.00583455034062097,-0.0180777934614167,-0.3976457876841,0.10269308509203,0.631289271742031,-0.811215975800891,0.231032597880853
58.45,-0.264093965959221,0.00832890307423761,0.0069094178550423,-0.253611721590288,0.00133984960655137,-0.00625324322716683,-0.0236270817095586,-0.407106047663422,0.108529553761755,0.665651174040156,-0.842281457385058,0.238917481328875
58.455,-0.252724395407407,0.00113077988169786,0.00737779169935283,-0.246544550649626,0.00174216391622784,-0.00660381633975154,-0.0279580269074153,-0.415372379275516,0.114306692099794,0.701598039041979,-0.875949101120862,0.247752012743328
58.46,-0.238309838694175,-0.00556147558671412,0.00773658921956886,-0.238063565034634,0.00232268632144993,-0.00688444999577146,-0.0315711077090722,-0.422372081352743,0.119943501946862,0.73827252219417,-0.91181345620904,0.257380867149877
58.465,-0.220756499156427,-0.0119228661320007,0.00802036627173351,-0.228116014799794,0.0030885245827399,-0.00709568238551254,-0.0347454092680871,-0.428700988791306,0.125554560105465,0.774872651686952,-0.94928212891341,0.267514520197478
58.47,-0.20008070077013,-0.018158754742288,0.00826049387639629,-0.21669415235061,0.00403921648195143,-0.00724026049474424,-0.036922706024879,-0.435583357437139,0.131464178608482,0.811107566945748,-0.987686403338998,0.277819954983734
58.475,-0.176412057999879,-0.0244891899636382,0.00848420381046431,-0.203840161119884,0.00516660824078373,-0.00732290463018039,-0.036536963024138,-0.444634724414679,0.138152468539705,0.847394633103878,-1.02643731817871,0.287989200262037
58.48,-0.149989154639122,-0.0311325625075328,0.00871406188440915,-0.189647680613937,0.00645514498716099,-0.0073499056237954,-0.0313237318671006,-0.457471702056123,0.146142872859064,0.884784107133142,-1.06514751924907,0.297800392885905
58.485,-0.121149615567664,-0.0382902186121283,0.00896796246914527,-0.174260050322468,0.00788251267420303,-0.0073286524503094,-0.018990863644329,-0.475314411655012,0.155872861039088,0.924659200488086,-1.1036809773264,0.307136487675011
58.49,-0.0903160220642874,-0.046131889941123,0.00925961690697236,-0.157865426391007,0.00942062011460664,-0.0072672276071306,0.00195987100876501,-0.498605756320765,0.167550961747473,0.968266543396177,-1.14222280967065,0.316050853819483
58.495,-0.0579781769382417,-0.0547812712569043,0.00959931518765796,-0.140689311852491,0.0110367972033282,-0.00717403806958781,0.0316560865217875,-0.526967313222403,0.181120685723867,1.01637514175296,-1.18118176828555,0.324661731073583
58.5,-0.0246723178742095,-0.0643024569828445,0.00999463380549155,-0.122985324253085,0.0126950532142911,-0.00705738187182846,0.0686664342936418,-0.559162889505575,0.196228883839809,1.06907463877383,-1.22109037656094,0.333191974782544
58.505,0.00904147157377377,-0.0746895687257717,0.0104508020674913,-0.105024887418674,0.0143573130742941,-0.00692490131591308,0.110134257233017,-0.593308093720214,0.212275422843993,1.12569320553047,-1.26250054928663,0.341884909896512
58.51,0.0426016276329174,-0.0858620115130214,0.0109706923199727,-0.0870864224307339,0.0159846815237778,-0.00678299825999616,0.152317595947884,-0.627107621702309,0.228488893619264,1.18495088283078,-1.30577693018885,0.35096136370856
58.515,0.0754654342669947,-0.0976660457511334,0.0115545887743192,-0.0694445816053023,0.0175389221627679,-0.00663639861422548,0.191146107792775,-0.658094793081435,0.243998992302955,1.24505832284732,-1.35100623123546,0.360586588393021
58.52,0.123743423781126,-0.132510742396047,0.0136750156281879,-0.0387458048988697,0.0222762790836574,-0.00925528506157632,0.222802913378485,-0.683882812387466,0.257921336209082,1.30386769584912,-1.39787241366837,0.370830270860993
58.525,0.0659183012536508,-0.140121391570267,0.0113568617029451,-0.0736149577965012,-0.0316853725436505,0.00934055720754438,0.244174150566672,-0.702395719663834,0.269438517761342,1.35899909715639,-1.44558565626827,0.3816362395538
58.53,0.0433210260669009,-0.164101337154405,0.0112311369337113,-0.0856686714091961,-0.0620287420680438,0.0152090809077004,0.253147348337207,-0.712098661631835,0.277887459422458,1.40798748781392,-1.4928654080944,0.392777444108854
58.535,-0.00128238639118934,-0.184756671148282,0.0111379683764678,-0.10950837893918,-0.0991447742533193,0.0213491676074032,0.248735104088692,-0.712105753494242,0.282806154282546,1.44842472874129,-1.53806048141163,0.403898893431666
58.54,-0.0673119130725832,-0.198499215713928,0.0113143034916308,-0.144595846967091,-0.141817100542948,0.0277291702844021,0.231236552712991,-0.702315568665577,0.28400542819547,1.47829652890026,-1.5791842110234,0.414489380898346
58.545,-0.150212633268648,-0.203143050800609,0.011915391542022,-0.188029401325289,-0.188691856490458,0.0344540347413337,0.202314154620919,-0.683336430011362,0.281541333744666,1.49622402497073,-1.61415446251015,0.423968745720632
58.55,-0.241566015154423,-0.198913973817015,0.0129607594525274,-0.234555891993136,-0.238556985968166,0.0416704428511043,0.164256029592265,-0.656228034074324,0.275676900030058,1.50150186789144,-1.6408616007106,0.431688551612962
58.555,-0.330398619163542,-0.188695791925479,0.0143616605571803,-0.277313424360337,-0.290525045381702,0.0494712059846202,0.120329924005612,-0.622225877319255,0.266736395560178,1.49424865538486,-1.6573127851833,0.437083361656859
58.56,-0.405465733978343,-0.17734194812782,0.0160152345732801,-0.309199784261745,-0.344092703016905,0.0578325271396851,0.0740866248962371,-0.582498597861192,0.255020971550931,1.4751490849912,-1.66172782789099,0.439614923277035
58.565,-0.457890866282684,-0.170238616533689,0.017887984302867,-0.324503356137106,-0.399101136835389,0.0666368199485009,0.0290235372083565,-0.537871749496615,0.240688996683799,1.4452438320708,-1.65253707119314,0.438897553546773
58.57,-0.482288372599081,-0.172018726383512,0.0200468963231159,-0.31982712629552,-0.455634005976016,0.0757163858817136,-0.0118697023142426,-0.488913616340022,0.22378032649055,1.40554186475742,-1.62848807266782,0.434625863229712
58.575,-0.480622498915105,-0.184617913703821,0.0226201113954886,-0.295889092442792,-0.513986151797103,0.0849188882893543,-0.0462606664968718,-0.436111322628908,0.204286344714111,1.35685185317973,-1.5886852616564,0.426622079082845
58.58,-0.459512223290018,-0.207637979842035,0.0257390970271638,-0.256326774953306,-0.574493436051442,0.0941319155097396,-0.0725418500209713,-0.380219823322359,0.182304886008474,1.29972131330156,-1.532784592265,0.414841581352406
58.585,-0.428388207713351,-0.238980842353959,0.0294985276656862,-0.206516923351712,-0.637472727847849,0.103288409554489,-0.0895743669208876,-0.322677295392168,0.1582601348861,1.23478291894871,-1.46109738112063,0.399329072410233
58.59,-0.39720035794721,-0.27598496132255,0.033969689937397,-0.152070278485876,-0.703107761440577,0.112325940220121,-0.0964201941403655,-0.265732634189399,0.133003884200379,1.16318172260078,-1.3747745975382,0.380298252502638
58.595,-0.37408120172517,-0.316590751979985,0.039240507976281,-0.0974514191138431,-0.771385263076425,0.121144706307944,-0.092207260910664,-0.212365994144435,0.107843747523484,1.08692201251478,-1.27590622569669,0.35811053751725
58.6,-0.363816385189263,-0.359934838132358,0.0454450845975441,-0.045171325312506,-0.841975880238189,0.129601085941249,-0.0760992102752308,-0.165842196513017,0.0843861661730817,1.00902994783526,-1.1674174950364,0.333300483587311
58.605,-0.367425172327062,-0.406264844257735,0.0527650768754967,0.00428164058235497,-0.914078057594582,0.13745607389623,-0.047535827325113,-0.129087681337807,0.0642688905889905,0.933307178078502,-1.05284888748661,0.306538365014001
58.61,-0.382717266024029,-0.456151139208672,0.0613490642924747,0.0518449394592241,-0.98638330092211,0.144465007044517,-0.00649863753851171,-0.104052473221272,0.0488395622784783,0.863841812294106,-0.935903779929579,0.278565282070446
58.615,-0.40532680074243,-0.509655099482439,0.0712230536886569,0.0991172495340968,-1.05704368148836,0.150405147061432,0.0461006999245219,-0.0912368126063986,0.0388683505663564,0.804169168260526,-0.820012594250791,0.250083735970335
58.62,-0.429971744017323,-0.565785923929782,0.0822137630385194,0.147598250679085,-1.12386645764815,0.1551167821354,0.108171401157695,-0.0894820801877761,0.0343446581861758,0.756390115543951,-0.707861000969274,0.221657732150234
58.625,-0.451558106287799,-0.622469564146989,0.0939299926391337,0.198236313017051,-1.18463503041945,0.158580794001279,0.176236393733043,-0.0960403662808981,0.0343796485038202,0.720298039635795,-0.60121797265374,0.193684811185015
58.63,-0.466078228308902,-0.677162993627356,0.105852814464912,0.251281179384724,-1.23747298542685,0.160847367013704,0.245530454200983,-0.107017304214436,0.0373082577269905,0.693020093560257,-0.500944737297887,0.166389303817103
58.635,-0.471249898405247,-0.727580132501686,0.117460298613409,0.306292441243302,-1.28120673085906,0.162030933849648,0.310339038229667,-0.118056734771105,0.0409635761714137,0.669317496716709,-0.407341254149935,0.13992262577861
58.64,-0.466882664587126,-0.772266937479428,0.128350730603006,0.362204981835346,-1.31557276471239,0.162277088143014,0.364875490113614,-0.12524959216915,0.043155401459678,0.642767402702329,-0.320577390007559,0.1144621836134
58.645,-0.4548893200264,-0.810790283052505,0.138313447900167,0.417434276306882,-1.34118598658979,0.161724413240874,0.40413133195211,-0.125912126564269,0.0422042638919972,0.607443135379222,-0.241153548595205,0.0903329132902088
58.65,-0.43896939556464,-0.843494795656621,0.14731264443151,0.469936856929932,-1.35938038816368,0.160508106713055,0.424851975402344,-0.119135450411228,0.037406122613463,0.559726531761431,-0.170123561614921,0.0680416213038217
58.655,-0.423800094737816,-0.871070118970131,0.155421907098179,0.517484647586571,-1.37183820514524,0.158763552215521,0.426259713999564,-0.105895434444313,0.0292362921683883,0.499643007070759,-0.108992054555703,0.0482229495884922
58.66,-0.414063225019627,-0.894094344941349,0.162720034255531,0.557920982842634,-1.38032792534098,0.156636018383005,0.410300756798643,-0.0886720331780866,0.0191922845515011,0.431224630804596,-0.059297025916773,0.0315156870105484
58.665,-0.413261420009745,-0.912715786433405,0.16920586898992,0.589623241920959,-1.38635184907543,0.154301246627293,0.381327149053832,-0.0707081597445904,0.00932459914884758,0.36165575695447,-0.021998607298584,0.018392519061272
58.67,-0.422887912634032,-0.926589307358727,0.174752130210907,0.61180175828308,-1.39097605833009,0.151906842866649,0.345198470733109,-0.0551199838544609,0.0016023595418013,0.299318172240677,0.00305489081736587,0.00901387518272134
58.675,-0.441999217009361,-0.934878690455674,0.179087953654128,0.624673862418645,-1.39472527586318,0.14961439423865,0.286713076164403,-0.0381319760730674,-0.00434075772292507,0.21503641928338,0.0207330167446262,0.00195547778622014
58.68,-0.467478381680901,-0.936486704774538,0.181843228726807,0.629330601822822,-1.39760369004609,0.147538906013033,0.269591899256278,-0.0408694078573,0.000407641611632904,0.224141563980479,0.0207556802894112,0.0017414860310299
58.685,-0.49473402296174,-0.930255652318704,0.182616801681662,0.627467356299122,-1.39911031530946,0.145803295117365,0.253471013238618,-0.0436534818440241,0.00506398603887079,0.23050354705633,0.0207766540730732,0.00143978242078355
58.69,-0.518933283433027,-0.915331188066076,0.181078763697777,0.620815514620876,-1.39844981365774,0.144466924331122,0.238464602803865,-0.0463041411954212,0.00940187141548037,0.233954214669991,0.020791118490836,0.00106502775405765
58.695,-0.536033206776729,-0.891453245699867,0.177071950962287,0.610784774762818,-1.39463314837184,0.143544302378289,0.224655721268447,-0.0486085360840193,0.0131859545572223,0.234396879307685,0.0207946571245442,0.00063466982111049
58.7,-0.543605580066313,-0.859198340648758,0.170681053515589,0.59816374669033,-1.38670830462087,0.142996359120043,0.21209786865616,-0.0503196393838771,0.0161787593262009,0.231807255295649,0.0207838099188777,0.000168313734278819
58.705,-0.541031441600147,-0.820096366500829,0.162263067439034,0.583174360269852,-1.37386991504437,0.142709611335688,0.200815755589563,-0.0511567492855802,0.0181482683717067,0.226231508023239,0.0207564714161003,-0.000312933543484252
58.71,-0.52931142577223,-0.77649517629355,0.152396705619609,0.565598495448795,-1.35564666777428,0.142500535355838,0.190804891502733,-0.0508091780498543,0.0188768577405251,0.21778155357401,0.0207122046786748,-0.000787182523156086
58.715,-0.510394365868906,-0.731232729762198,0.141791341166051,0.545153018788025,-1.33186820525634,0.142126141002948,0.182029522056322,-0.0489440218854837,0.0181721331363599,0.206628032280153,0.020652425941959,-0.0012326023563021
58.72,-0.486573509333296,-0.687111868096988,0.131145022125793,0.521678952265196,-1.30272264532423,0.141357242224211,0.174337746104459,-0.0452022286417876,0.0158786869668019,0.19297761716053,0.0205766728574942,-0.00162757330060473
58.725,-0.459966666345917,-0.646485717427379,0.121040036376696,0.495288381370008,-1.26870047336364,0.139976656955822,0.167564019703309,-0.0392392636230024,0.0118933318649816,0.177077058557507,0.020487892049674,-0.00195341963189173
58.73,-0.432228660618956,-0.610892713711381,0.111860344897185,0.46636386491927,-1.23056557881366,0.137852396180306,0.161561084347517,-0.0307549215510627,0.00617892410054863,0.159210397145269,0.0203936473724834,-0.002196122731182
58.735,-0.404366503514895,-0.581002347681606,0.103790776305198,0.435595452253894,-1.18918179265853,0.134907576352973,0.156090555882258,-0.0195021239569346,-0.00122305410481728,0.139669971632151,0.0203004102709081,-0.00234640461494546
58.74,-0.376918024093664,-0.556612510772253,0.0968223278370308,0.403742876759015,-1.14556717519003,0.131178078085906,0.150859204262261,-0.00532861550559798,-0.0101801055152113,0.118752231171084,0.020214618308705,-0.00240126340632322
58.745,-0.350049695035703,-0.536865075382671,0.0908142848860186,0.371590282984391,-1.10073268297907,0.126802012995224,0.145522285770644,0.0117866119890876,-0.0204608416676526,0.0967491334368915,0.0201419753907183,-0.00236468327718034
58.75,-0.323850965521221,-0.520517894944759,0.0855568986692978,0.339774736414622,-1.05567245200002,0.122007549133123,0.1396963643274,0.0316964416713647,-0.0317333495362386,0.0739441140632031,0.0200867036392882,-0.00224785793390255
58.755,-0.298580405880453,-0.506303951722958,0.0808441814810109,0.308690796988645,-1.01134850898681,0.117034681837162,0.132976585573202,0.0540538494873504,-0.0435716287049646,0.0506072121761506,0.0200509442177533,-0.00206901065594711
58.76,-0.27468934535407,-0.493186730711185,0.0765191000813351,0.278543676271557,-0.968654571164541,0.112108759850377,0.124951373243271,0.0782913874070234,-0.0554711599226033,0.0269830421672577,0.0200347437779592,-0.0018530149563943
58.765,-0.252720307376545,-0.480505713317115,0.0724892104500705,0.249432117455527,-0.928438899138215,0.107404616176689,0.115249243903508,0.103611674136153,-0.0668739262597546,0.00330664437470457,0.0200353862181795,-0.001630099146201
58.77,-0.233043522037143,-0.467961168339257,0.0687132002929303,0.221490187780471,-0.891493701711255,0.103044570782477,0.103570340861567,0.129000949171509,-0.0772025176929857,-0.0201974628092001,0.020047525601782,-0.00143437393419077
58.775,-0.215581226312665,-0.455511586581262,0.0651774692937949,0.195026819807706,-0.858503893263744,0.0991025987695764,0.0927011146117354,0.152854723145131,-0.0858832616893218,-0.0424037100447883,0.0201682548444754,-0.00132021282829707
58.78,-0.199656938991152,-0.443251563781975,0.0618773191687491,0.17059938203204,-0.829959265398061,0.0956046475557031,0.08152318449888,0.174074909345665,-0.0924419778134229,-0.0632937713664176,0.0203385846421716,-0.00131219079585076
58.785,-0.18408773333126,-0.431263138515025,0.0587981323829391,0.148932418664216,-0.806105629164664,0.092558696300518,0.0687514639282001,0.191504996010434,-0.0964995132241464,-0.0830388414553019,0.0204942025588235,-0.00143323539459552
58.79,-0.167444125241965,-0.419546511852473,0.0559159202446022,0.130778087246641,-0.786866768609379,0.0899420723373669,0.0544632247753911,0.203849077356142,-0.0978074746001616,-0.101481128132097,0.0206152139279017,-0.00170942253029164
58.795,-0.148428560487884,-0.407925737792036,0.0531927429448272,0.116714864149265,-0.771836722108266,0.087734542578371,0.0388623780876189,0.209958909291467,-0.0962844711508678,-0.118489230218644,0.0206819288036854,-0.00215907647452027
58.8,-0.126268856026413,-0.396050687195538,0.0505836486938075,0.106955871291888,-0.760352982240876,0.0859044347206708,0.0222597311006447,0.208938192581057,-0.0920278620202436,-0.133960767894127,0.0206754110977914,-0.00279044535177278
58.805,-0.100905532057521,-0.383390457498997,0.0480358329451213,0.101295228085459,-0.751614886967545,0.0844662206098367,0.00503865343514224,0.200237173666556,-0.0853091204225798,-0.14782660129898,0.0205778063149051,-0.00359996107773447
58.81,-0.0730015210807644,-0.369440065278352,0.0455134583504078,0.0991731934369784,-0.744825209935507,0.0834247805762319,-0.0123900093058365,0.183728261704906,-0.0765528726294342,-0.160056058669085,0.0203728710121345,-0.00457140483856033
58.815,-0.0437108491494465,-0.353890617587262,0.0430090465406281,0.0998768579496239,-0.739306201862664,0.0828083836836099,-0.035083258545875,0.160319750668278,-0.066331768742551,-0.172714048295163,0.0198997758186108,-0.00565438482224599
58.82,-0.014496270027067,-0.336885639740934,0.0405627469020517,0.102675143938957,-0.734649085464662,0.0826212906267866,-0.0625493642853765,0.130834282782802,-0.0552653400591399,-0.185948621373007,0.0191688275344035,-0.00681268355910762
58.825,0.0130554583988068,-0.319157739291593,0.0382691297626013,0.106944110335547,-0.73078629062532,0.0828446281279643,-0.0880276176821781,0.0959584565862493,-0.0439589642537649,-0.197391759409412,0.0183457878553991,-0.00802015112593155
58.83,0.0373320790976086,-0.302040238496777,0.0362774765976083,0.112218693491121,-0.727999549925275,0.0834286245319353,-0.111038112503609,0.0574109931818041,-0.0330083474739575,-0.206976131411484,0.0174231019191694,-0.00921670176994538
58.835,0.056688076573162,-0.287293713896115,0.0347770158934882,0.118119630580858,-0.726917885966698,0.0842994818314407,-0.131355654296538,0.017189906544202,-0.0229162588751727,-0.214753448604458,0.0163964032172154,-0.0103393845592442
58.84,0.0694893237224284,-0.276794687633379,0.0339741136530476,0.124290412240286,-0.728404358805568,0.0853846680043616,-0.149003379118575,-0.0225638530487425,-0.0140555338828453,-0.220890475438276,0.0152704994958832,-0.0113278729237074
58.845,0.0742764202416705,-0.272220346204481,0.0340717766855847,0.130405328314595,-0.733312771624946,0.0866109550299547,-0.163926397033676,-0.0597383803934176,-0.00664787705324433,-0.225389232928227,0.0140153596069042,-0.0121136326958848
58.85,0.0699681341579766,-0.27476046596239,0.0352423986768705,0.136163041892684,-0.742279340402782,0.0879032550686486,-0.176402105779899,-0.0923650447500139,-0.000759692597349091,-0.228499263490544,0.0126269146753417,-0.0126441362432425
58.855,0.0562229842561592,-0.284957670551829,0.0376068013914151,0.141416767503274,-0.755470166559435,0.0891617602758201,-0.186783269021573,-0.118769445702114,0.0036852540736894,-0.230503858633321,0.0111063526291974,-0.0128790112149644
58.86,0.0337439469992972,-0.302608119424651,0.041206026725238,0.146271694242284,-0.772493598859449,0.0902744796382706,-0.192213403895091,-0.13811420190725,0.00689516610714557,-0.230386654602157,0.00954378268107962,-0.0128063358491856
58.865,0.00445761212587205,-0.326811619740767,0.0459873793337237,0.151184461711732,-0.792415713223675,0.0911051917215041,-0.185075506541173,-0.151024867572272,0.0091999746073581,-0.225144408342773,0.00814837450546635,-0.012452560048306
58.87,-0.0285615417659652,-0.356045517418476,0.0517895214972611,0.156969197394047,-0.81394477829681,0.091561716127342,-0.182428079849927,-0.155103347576676,0.0108293820552449,-0.221823245470652,0.00651420661464105,-0.0117589759830601
58.875,-0.0614752542770405,-0.388466845500992,0.0583685642735569,0.164723211990139,-0.835682965871327,0.0915732198469699,-0.183803808113876,-0.15048116389823,0.0120830822526308,-0.220395379990174,0.00469663168404537,-0.0107540042705436
58.88,-0.0902667239644065,-0.42223445124101,0.06543790348254,0.175691244633662,-0.856420083547745,0.0911249360075032,-0.188505734130836,-0.137780951745627,0.0132320628697376,-0.220683780005676,0.00275858865684174,-0.00948080216825586
58.885,-0.111400633570855,-0.455910721789191,0.0727356174192149,0.191097518983385,-0.875414620308197,0.0902327929564073,-0.195691398413724,-0.118074598127664,0.0144939399107224,-0.222388904571801,0.000768437863714779,-0.00799521362945409
58.89,-0.12238704925686,-0.488672177922747,0.0800780066227455,0.2119767294506,-0.892559348840235,0.0889736786689945,-0.204461861336977,-0.0928092324792486,0.016016691987362,-0.225121842662614,-0.00120267532765542,-0.00636298687240592
58.895,-0.122058910860454,-0.520405161281091,0.0874118445951007,0.239135286807287,-0.908333955409168,0.0874355760501504,-0.213944972250341,-0.0637075187663916,0.0178717592340259,-0.228440422481987,-0.00308378381697647,-0.00465636006472804
58.9,-0.110707260090476,-0.55143257170143,0.0947961017450679,0.27299528079379,-0.923733026870304,0.0857464208799033,-0.225397820907504,-0.0321873018355719,0.0200472583310128,-0.232753986739856,-0.0048554767877267,-0.00294189366198892
58.905,-0.0898922962515371,-0.582128278898859,0.102361930223775,0.313569583019187,-0.939921996174448,0.0840695364481759,-0.234837150236575,-0.000857077803811209,0.0224894913099637,-0.236166321261728,-0.0063760869191532,-0.00130622300836033
58.91,-0.0622678450261645,-0.612557327143964,0.110249268366813,0.360301385723004,-0.957928561259174,0.0825415303051587,-0.242047338274014,0.0284383947066699,0.0250822717493857,-0.238376018507171,-0.00759782734448557,0.000182239831443207
58.915,-0.0312751442305222,-0.642169513039923,0.118526345540887,0.411958909341546,-0.9783626578668,0.0813057180933787,-0.247176692540142,0.0541331888998684,0.0276776626071632,-0.239240430684799,-0.00848711016832087,0.00146448248803559
58.92,-0.000768489076495017,-0.669913086234627,0.127168629781764,0.466650096796764,-1.00124660121702,0.0804223596629987,-0.250407642210345,0.0749598950604725,0.0301173815989478,-0.238652035585162,-0.00901861138755015,0.00249254243350709
58.925,0.0248225269133313,-0.694395001637848,0.136069263343013,0.52178196045249,-1.02606540797144,0.0798640861484479,-0.251920606130338,0.0900043126756569,0.0322510419394796,-0.236540274376771,-0.00917624184918418,0.0032316188244689
58.93,0.0425980128967571,-0.714766909771526,0.145123447023465,0.575053964622385,-1.05193216842568,0.0795062723566746,-0.251857585481289,0.0987318581162593,0.033950754239951,-0.23287060006483,-0.00895371697624459,0.00366132532563894
58.935,0.052045012935995,-0.731274543238044,0.154336474243851,0.62518765952309,-1.0778384046813,0.0791495598351451,-0.250291793428327,0.100987666541091,0.0351210907167291,-0.227641339568203,-0.00835454816714431,0.00377602110338331
58.94,0.0540480581428738,-0.745200362576357,0.163900183778627,0.671884834699034,-1.10297569798228,0.0785508862132328,-0.247207937418271,0.0969745353473936,0.0357040321113648,-0.220879247199099,-0.00739150252040284,0.00358429622197796
58.945,0.0515456113140437,-0.758891934006302,0.174214808066282,0.716271691896049,-1.12689714110952,0.0774693827995545,-0.242495964704827,0.0872128248245409,0.035679156252661,-0.212634830356637,-0.00608571566770524,0.0031077240325197
58.95,0.0488780948785787,-0.775179824770003,0.185809417869139,0.760608720882267,-1.14955417665893,0.0757295999518266,-0.235959240104372,0.0724862549644324,0.0350598248547002,-0.202978358187799,-0.00446568823797179,0.0023789767250508
58.955,0.0505937539005665,-0.7965351144548,0.199180585335619,0.807538300045865,-1.17123279829691,0.0732568659180282,-0.227336538953033,0.053778473937393,0.0338865253341637,-0.191997268891564,-0.00256626329581468,0.00143943422600291
58.96,0.0600822020196305,-0.824236402573017,0.2145977414238,0.859121796567917,-1.19244729336322,0.0700900127561959,-0.216335371249759,0.0322054538341366,0.0322187617291904,-0.179795157452044,-0.000427473597889221,0.000336479694275733
58.965,0.0786287009704614,-0.857820416099318,0.231947743158708,0.916123033037233,-1.21375692613772,0.0664094746889106,-0.202671839533711,0.00894731277246659,0.0301267964105167,-0.166491827502828,0.00190678029627341,-0.000879320178861538
58.97,0.105154352805864,-0.895090298382984,0.250686312840101,0.977738753024221,-1.23564659994336,0.0625126646597464,-0.186111453776051,-0.0148177382520496,0.0276842407780191,-0.152223828344455,0.00439005386811966,-0.00215698287521419
58.975,0.136795534193292,-0.932694574189428,0.269927169651315,1.04192205897807,-1.25846416475415,0.0587581659553045,-0.166506349388367,-0.037974493906965,0.024962214397519,-0.137145122143997,0.00697453405808313,-0.00344768593522672
58.98,0.170134948835247,-0.96707338309034,0.288647863335845,1.10620969396587,-1.28238113972921,0.0555017476352087,-0.143825258687856,-0.0595240790159224,0.0220255104275732,-0.121427488815735,0.00961203732839331,-0.00470700481313554
58.985,0.202457390381934,-0.995419272269348,0.305928851483918,1.16859480570347,-1.30745219874659,0.0530256816431969,-0.118172975923814,-0.0786270979974087,0.0189309070311628,-0.105260167922641,0.0122548831472128,-0.00589667795866954
58.99,0.232601331085088,-1.01629558914932,0.321150070602409,1.22818188543064,-1.33361015532989,0.0514972351745196,-0.0897969840550191,-0.0946349494600275,0.0157274320402139,-0.0888480418606428,0.0148567695577733,-0.006985804518483
58.995,0.260882386839003,-1.02972487986356,0.334070409097588,1.28518812654837,-1.36070436493586,0.0509378003157003,-0.059080157384645,-0.107108280525873,0.0124580147958072,-0.0724076668030036,0.0173736878412366,-0.0079514360848454
59,0.288238085382433,-1.03673390657617,0.344776941075538,1.34038035834388,-1.38849791489752,0.0512701759506865,-0.0265198595787393,-0.115822098595749,0.00916178433797957,-0.0561611573991711,0.0197647165102575,-0.00877856718283483
59.005,0.314999553566465,-1.03872589920501,0.35357958074102,1.39422238929623,-1.41662103304343,0.0523105265724777,0.00730334108750496,-0.120758141426783,0.00587650025356851,-0.0403288078341152,0.0219926458964021,-0.00945959538599063
59.01,0.339939111977319,-1.03682402543189,0.360865192433132,1.44613513200056,-1.44456471972082,0.0538530747994587,0.041720082630145,-0.122077256112334,0.00264069683673581,-0.0251392333922512,0.0240235537226031,-0.0099932222613808
59.015,0.360151265035702,-1.03163852162989,0.367019577793202,1.49429842287007,-1.47167365476033,0.0556390182149815,0.0753774669995995,-0.119972948774248,-0.000506226604526685,-0.0110863009362045,0.0258115070768596,-0.0103806525473089
59.02,0.371909045141703,-1.02327087120069,0.372362870125804,1.53611300741412,-1.49719666838768,0.0574410578203641,0.108267619807392,-0.115046479996557,-0.0035169455519073,0.00193417326964148,0.0273500255226293,-0.0106332937928383
59.025,0.371731727992158,-1.01155134521715,0.377147559514062,1.56900729985649,-1.5202824579848,0.0590454087965358,0.139836992015682,-0.107842096334837,-0.00634326721545384,0.0137963978664074,0.0286231035674952,-0.0107623799708921
59.03,0.358090307687181,-0.996378661089018,0.381513909683677,1.59135043181678,-1.54011021860034,0.0603281347818862,0.169598855145786,-0.0989461621000028,-0.00893505493487624,0.024406241157769,0.029620511816964,-0.0107806900384197
59.035,0.331873752737055,-0.977884080299543,0.385488779327103,1.60290749626642,-1.55582023673153,0.0611827507234983,NaN,NaN,NaN,NaN,NaN,NaN
59.04,0.296037964085568,-0.956182786255534,0.388891289986727,1.60460123087565,-1.56653795225149,0.0616450808081788,NaN,NaN,NaN,NaN,NaN,NaN
59.045,0.254517769758249,-0.931205090742767,0.391328980926352,1.59781811168573,-1.57129427692668,0.0617836012143517,NaN,NaN,NaN,NaN,NaN,NaN
59.05,0.21095060438391,-0.902425738807143,0.392187881019015,1.58354746653371,-1.56902017928431,0.0617127502224237,NaN,NaN,NaN,NaN,NaN,NaN
59.055,0.167789330264806,-0.868798217352625,0.390680119170744,1.56180727266921,-1.55859156238472,0.0616017713457752,NaN,NaN,NaN,NaN,NaN,NaN
59.06,0.126180088119522,-0.829054899433102,0.385988698810603,1.53167358742303,-1.5388467668641,0.0615968442332542,NaN,NaN,NaN,NaN,NaN,NaN
59.065,0.0864158687397294,-0.782161680431286,0.377420489230248,1.49170556671913,-1.5087850517329,0.0617907197908047,NaN,NaN,NaN,NaN,NaN,NaN
59.07,0.0488763460859304,-0.727813462098444,0.36454787674594,1.44076460202699,-1.46768956564365,0.0622351601958177,NaN,NaN,NaN,NaN,NaN,NaN
59.075,0.0148786892792769,-0.666833890848197,0.347319657699312,1.37877352142053,-1.41525064810986,0.0629208838160155,NaN,NaN,NaN,NaN,NaN,NaN
59.08,-0.0128898374403316,-0.60129645578336,0.326102873695385,1.30716905827059,-1.35162423266488,0.0637539106387283,NaN,NaN,NaN,NaN,NaN,NaN
59.085,-0.0305274294293773,-0.534251834329889,0.301616519590585,1.22890382821459,-1.27742106494269,0.0645919409370389,NaN,NaN,NaN,NaN,NaN,NaN
59.09,-0.0336851755775718,-0.469200532867549,0.274813974847431,1.14795912386472,-1.19366130274373,0.0652470808843162,NaN,NaN,NaN,NaN,NaN,NaN
59.095,-0.0186892014734316,-0.409410116249726,0.246722537474686,1.06854348796469,-1.10173611661412,0.0655281380556944,NaN,NaN,NaN,NaN,NaN,NaN
59.1,0.0163727190655734,-0.357341623882897,0.218316673047835,0.994265755607287,-1.00336463266802,0.0652521346605075,NaN,NaN,NaN,NaN,NaN,NaN
59.105,0.0709547408111252,-0.314307803648501,0.190433828717119,0.927531492723922,-0.900576549823338,0.0642590990442215,NaN,NaN,NaN,NaN,NaN,NaN
59.11,0.141977426516947,-0.280403830263454,0.163721969037148,0.869322242548439,-0.79568108504938,0.0624481322563378,NaN,NaN,NaN,NaN,NaN,NaN
59.115,0.224344746841854,-0.254671066028863,0.138603140614855,0.819311764424173,-0.691230025496083,0.0598248915498551,NaN,NaN,NaN,NaN,NaN,NaN
59.12,0.311961293480497,-0.235464732365275,0.115281482413824,0.776308046097688,-0.589803556256115,0.056486342004,NaN,NaN,NaN,NaN,NaN,NaN
59.125,0.398748478593806,-0.220788324837003,0.093727298058389,0.738641682288171,-0.493803545124794,0.0526447435219289,NaN,NaN,NaN,NaN,NaN,NaN
59.13,0.479610502581389,-0.208669060168729,0.0737201617480377,0.704513066062456,-0.405113328282226,0.0485637924031443,NaN,NaN,NaN,NaN,NaN,NaN
59.135,0.550797961954344,-0.19740901746479,0.0549277829417929,0.672060411395925,-0.324878326731508,0.044468747344801,NaN,NaN,NaN,NaN,NaN,NaN
59.14,0.609859688080913,-0.185751709014869,0.0370178898636654,0.639298419548019,-0.25344735892852,0.0404699582055063,NaN,NaN,NaN,NaN,NaN,NaN
59.145,0.655368774580012,-0.173001030641871,0.0197957497610198,0.604142802947103,-0.190541358093753,0.0365225794000743,NaN,NaN,NaN,NaN,NaN,NaN
59.15,0.686609060759994,-0.159075944050284,0.00332778065795171,0.564719011597536,-0.135595913519024,0.0324446258578388,NaN,NaN,NaN,NaN,NaN,NaN
59.155,0.703425059928812,-0.144472367741443,-0.0120093285515939,0.51996019441391,-0.0881409450492221,0.0280061322577351,NaN,NaN,NaN,NaN,NaN,NaN
59.16,0.706266064934983,-0.130116889987242,-0.0255859756358141,0.470255334745549,-0.0480320351200138,0.0230553211203793,NaN,NaN,NaN,NaN,NaN,NaN
59.165,0.696265851933631,-0.117086694214396,-0.0366970106508118,0.417721648939281,-0.0154634424074587,0.0176564313856149,NaN,NaN,NaN,NaN,NaN,NaN
59.17,0.675237725778042,-0.106295276206172,-0.0447831424723645,0.365876866897458,0.00929521474110906,0.0121300643099082,NaN,NaN,NaN,NaN,NaN,NaN
59.175,0.615256928060467,-0.0901868115681869,-0.0515493601416821,0.250146025566719,0.0378488818579726,0.000486840807989279,NaN,NaN,NaN,NaN,NaN,NaN
59.18,0.593565425039977,-0.0908163301394176,-0.0506644730163276,0.253019404608121,0.0384014573317381,0.000210096847331444,NaN,NaN,NaN,NaN,NaN,NaN
59.185,0.564177490265557,-0.0905707481781909,-0.0490100351592094,0.24995519241319,0.0386063839035767,-0.000124670672085419,NaN,NaN,NaN,NaN,NaN,NaN
59.19,0.526664093818112,-0.0893578388951077,-0.0466039057568891,0.240570622577435,0.0384258265357611,-0.000506797503229532,NaN,NaN,NaN,NaN,NaN,NaN
59.195,0.480710424743151,-0.0871060683308575,-0.0434808671483923,0.224637106400174,0.0378298840015033,-0.000924458445737994,NaN,NaN,NaN,NaN,NaN,NaN
59.2,0.426151092995805,-0.0837693417254165,-0.0396928376253865,0.202100029947063,0.0367983576154031,-0.00136520853338834,NaN,NaN,NaN,NaN,NaN,NaN
59.205,0.363012071925961,-0.0793318404543751,-0.0353086111982832,0.173094863140883,0.0353228805383563,-0.0018166239105698,NaN,NaN,NaN,NaN,NaN,NaN
59.21,0.291557648408999,-0.0738127607097026,-0.0304131195067024,0.137958740626124,0.0334091822164411,-0.00226696851061333,NaN,NaN,NaN,NaN,NaN,NaN
59.215,0.212338556213283,-0.0672706456057682,-0.0251063874957558,0.0972364934095537,0.0310788419951254,-0.00270569914672339,NaN,NaN,NaN,NaN,NaN,NaN
59.22,0.126236956067759,-0.0598069907936321,-0.0195020834297727,0.051680355657283,0.0283702565586578,-0.00312376093022933,NaN,NaN,NaN,NaN,NaN,NaN
59.225,0.0345035851260556,-0.0515684417890361,-0.0137253709527152,0.00224272049713901,0.0253388175458929,-0.00351371224019421,NaN,NaN,NaN,NaN,NaN,NaN
59.23,-0.0612181334118331,-0.04274705355474,-0.00790973363517946,-0.0499385687348801,0.0220562926966186,-0.00386973332403432,NaN,NaN,NaN,NaN,NaN,NaN
59.235,-0.158886159911719,-0.0335783905454688,-0.00219266202429967,-0.103562680315768,0.0186094275993123,-0.00418761691502516,NaN,NaN,NaN,NaN,NaN,NaN
59.24,-0.256121870925515,-0.0243266172732427,0.00328900867393965,-0.157203773429082,0.0150955270576742,-0.00446435188412616,NaN,NaN,NaN,NaN,NaN,NaN
59.245,-0.350169652828882,-0.0152949008870734,0.00840425232051936,-0.20933544386236,0.0116236101798999,-0.00469892205510249,NaN,NaN,NaN,NaN,NaN,NaN
59.25,-0.437967913618675,-0.00681228063311146,0.0130314760923526,-0.25837394459645,0.00831063640074518,-0.00489200726783836,NaN,NaN,NaN,NaN,NaN,NaN
59.255,-0.516319426784383,0.000797342200505729,0.017061160481559,-0.302741585663695,0.0052737107139367,-0.00504490282776777,NaN,NaN,NaN,NaN,NaN,NaN
59.26,-0.581987527022842,0.00722522556921589,0.0203989568216386,-0.340917934157559,0.00262666127714038,-0.0051595023046353,NaN,NaN,NaN,NaN,NaN,NaN
59.265,-0.631842314516127,0.0121948969531277,0.0229684810553989,-0.371498806794518,0.000474904451133903,-0.00523808759919092,NaN,NaN,NaN,NaN,NaN,NaN
59.27,-0.663017781735693,0.0154778707286817,0.0247137503165455,-0.393255611713245,-0.00108948635239931,-0.00528314259643234,NaN,NaN,NaN,NaN,NaN,NaN
59.275,-0.673069867940616,0.0169064266043502,0.0256012843477325,-0.405192412933967,-0.00199222797306839,-0.00529721724975314,NaN,NaN,NaN,NaN,NaN,NaN
59.28,-0.660126882320017,0.016382589058418,0.0256220790821323,-0.40659853539658,-0.00218064982561707,-0.00528291885001079,NaN,NaN,NaN,NaN,NaN,NaN
59.285,-0.623022534076443,0.0138825461027611,0.0247934157707331,-0.397093400251153,-0.00162671402052105,-0.0052429786151722,NaN,NaN,NaN,NaN,NaN,NaN
59.29,-0.561407116544577,0.0094575013957473,0.0231601343952869,-0.37666582773473,-0.000328884825935321,-0.00518037887523356,NaN,NaN,NaN,NaN,NaN,NaN
59.295,-0.475818396885951,0.00322967508444341,0.0207949521518584,-0.345695072071512,0.00168705440375804,-0.00509843412654431,NaN,NaN,NaN,NaN,NaN,NaN
59.3,-0.367715063507562,-0.00461416451287274,0.0177976794913194,-0.304959625249508,0.0043684182276871,-0.0050009405001505,NaN,NaN,NaN,NaN,NaN,NaN
59.305,-0.239467319981239,-0.0138315916017362,0.0142933797170706,-0.255628951043231,0.00763721023311278,-0.00489234112825304,NaN,NaN,NaN,NaN,NaN,NaN
59.31,-0.0943015339319465,-0.0241355169792564,0.0104293238444596,-0.1992353990389,0.011392848128712,-0.00477784681350675,NaN,NaN,NaN,NaN,NaN,NaN
59.315,0.0638033223710375,-0.0352068077492919,0.00637045611957547,-0.137624257318091,0.0155159880231062,-0.0046634626127536,NaN,NaN,NaN,NaN,NaN,NaN
59.32,0.230269477415351,-0.0467081022631228,0.00229316847379548,-0.0728800246888668,0.0198733117121576,-0.00455584136586495,NaN,NaN,NaN,NaN,NaN,NaN
